# .PCD v0.7
VERSION 0.7
FIELDS x y z
SIZE 4 4 4
TYPE F F F
COUNT 1 1 1
WIDTH 21600
HEIGHT 1
VIEWPOINT 0 0 0 1 0 0 0
POINTS 21600
DATA ascii
0.121941 -0.258357 0.563855
0.119073 -0.258189 0.564338
0.121031 -0.258838 0.564430
0.123117 -0.259943 0.565056
0.121476 -0.260326 0.563264
0.124563 -0.259921 0.563914
0.122216 -0.260514 0.564791
0.123639 -0.257412 0.567069
0.119175 -0.263778 0.564992
0.124157 -0.259573 0.566066
0.129637 -0.262224 0.565171
0.129884 -0.258707 0.567552
0.125164 -0.263296 0.566865
0.126800 -0.262455 0.565472
0.126824 -0.261890 0.566955
0.127541 -0.259929 0.566457
0.128916 -0.258218 0.568434
0.126467 -0.258537 0.567116
0.130233 -0.262144 0.570279
0.128802 -0.262497 0.568157
0.129314 -0.259454 0.567160
0.127350 -0.259601 0.568535
0.130391 -0.258481 0.566519
0.130780 -0.257551 0.569573
0.128996 -0.258496 0.571032
0.132753 -0.260690 0.567921
0.131079 -0.260892 0.572800
0.132021 -0.263262 0.569227
0.133731 -0.258640 0.570709
0.132287 -0.259109 0.573302
0.134363 -0.259487 0.572555
0.132409 -0.257889 0.568627
0.132962 -0.259934 0.570665
0.134212 -0.261303 0.575631
0.133598 -0.258662 0.576738
0.134914 -0.261751 0.571670
0.137948 -0.260223 0.573723
0.135019 -0.260383 0.577209
0.135083 -0.259973 0.574483
0.136233 -0.262068 0.577655
0.138617 -0.263049 0.571806
0.137072 -0.254904 0.575154
0.133602 -0.258822 0.575895
0.135351 -0.260696 0.579065
0.135808 -0.259444 0.578075
0.135179 -0.260640 0.576957
0.137126 -0.262248 0.577105
0.140267 -0.260106 0.579618
0.138610 -0.260842 0.579708
0.138667 -0.259435 0.578287
0.139708 -0.261181 0.578937
0.136459 -0.260781 0.584751
0.136123 -0.259680 0.577669
0.138680 -0.258201 0.581923
0.137627 -0.259537 0.584250
0.140411 -0.256055 0.583725
0.138092 -0.260252 0.583620
0.139682 -0.260060 0.584573
0.136304 -0.258341 0.583539
0.137476 -0.258724 0.587788
0.140979 -0.259678 0.583756
0.145902 -0.258239 0.583810
0.138760 -0.259826 0.583450
0.140811 -0.260918 0.589485
0.142547 -0.265423 0.587590
0.137531 -0.257781 0.588319
0.142000 -0.262130 0.592118
0.145076 -0.262130 0.589686
0.139816 -0.260047 0.586890
0.145018 -0.261938 0.589311
0.142402 -0.261295 0.589908
0.140381 -0.260267 0.588531
0.140736 -0.260414 0.590691
0.141824 -0.260586 0.593352
0.141157 -0.260273 0.591005
0.140837 -0.262529 0.593862
0.139686 -0.261492 0.594033
0.142851 -0.260800 0.589768
0.142957 -0.259481 0.591474
0.143720 -0.261402 0.592539
0.142429 -0.260357 0.595691
0.139078 -0.256376 0.594575
0.139257 -0.258762 0.595566
0.143027 -0.260679 0.596651
0.142904 -0.261493 0.598624
0.141501 -0.261739 0.597917
0.143354 -0.260458 0.596535
0.143721 -0.263521 0.596695
0.142573 -0.262722 0.599310
0.142390 -0.258203 0.597922
0.141247 -0.259334 0.595334
0.148694 -0.261397 0.599286
0.144204 -0.260080 0.597684
0.143718 -0.258289 0.600840
0.141878 -0.259028 0.600419
0.143289 -0.259601 0.601383
0.139593 -0.260451 0.601478
0.144339 -0.259712 0.605289
0.142559 -0.259474 0.602654
0.143574 -0.256431 0.604095
0.140994 -0.260316 0.604246
0.140713 -0.259724 0.605120
0.144924 -0.260000 0.606842
0.143875 -0.260602 0.609559
0.140624 -0.261617 0.606443
0.141574 -0.262803 0.607595
0.138375 -0.257216 0.607992
0.140328 -0.261817 0.607873
0.141062 -0.262089 0.607288
0.141024 -0.261042 0.611491
0.143559 -0.259968 0.611044
0.138492 -0.258725 0.610518
0.142005 -0.256799 0.606498
0.141425 -0.262198 0.612724
0.138139 -0.260991 0.612422
0.141849 -0.259850 0.610907
0.139366 -0.258231 0.612957
0.136951 -0.258313 0.614273
0.141906 -0.260673 0.615567
0.137871 -0.258860 0.613399
0.141171 -0.257989 0.613375
0.139543 -0.259922 0.617691
0.140885 -0.262439 0.616690
0.140767 -0.255752 0.612877
0.138011 -0.257333 0.613984
0.136487 -0.258966 0.619187
0.137345 -0.258920 0.617838
0.141512 -0.260003 0.620036
0.136454 -0.260370 0.618311
0.140319 -0.258841 0.617447
0.139181 -0.258459 0.619171
0.137072 -0.260388 0.616445
0.137730 -0.259531 0.618543
0.138598 -0.262746 0.619606
0.135918 -0.256025 0.617944
0.137743 -0.258116 0.622328
0.138727 -0.262005 0.617439
0.137637 -0.262392 0.621770
0.133481 -0.257895 0.624574
0.134129 -0.258193 0.623504
0.135015 -0.259885 0.623271
0.136245 -0.259379 0.623389
0.136743 -0.261223 0.625070
0.135286 -0.257042 0.623889
0.137634 -0.259648 0.624914
0.132505 -0.258827 0.625797
0.131339 -0.262256 0.624983
0.131887 -0.257819 0.629236
0.134664 -0.259284 0.626015
0.132719 -0.258231 0.631517
0.134115 -0.260561 0.627711
0.130998 -0.261565 0.627642
0.132025 -0.256328 0.628487
0.134014 -0.256465 0.628908
0.134176 -0.258570 0.628280
0.131148 -0.259954 0.629011
0.129873 -0.259712 0.630700
0.128150 -0.260019 0.627139
0.130086 -0.258753 0.630860
0.129777 -0.258820 0.629545
0.128364 -0.258978 0.633219
0.129265 -0.254894 0.631368
0.130103 -0.257467 0.631614
0.126088 -0.262365 0.632533
0.129571 -0.259457 0.632876
0.126209 -0.258878 0.628576
0.127046 -0.259944 0.630421
0.130543 -0.262775 0.631315
0.123397 -0.257779 0.631998
0.126739 -0.258825 0.634593
0.122386 -0.261224 0.637715
0.122016 -0.261663 0.634334
0.125808 -0.259497 0.636428
0.121645 -0.258110 0.636363
0.120177 -0.256920 0.640085
0.121412 -0.259889 0.638566
0.119566 -0.263980 0.633444
0.120971 -0.261157 0.637513
0.122216 -0.262492 0.637690
0.124998 -0.257606 0.638788
0.121290 -0.254671 0.561262
0.123181 -0.256813 0.565707
0.123037 -0.258818 0.563957
0.124965 -0.258897 0.562844
0.121411 -0.259630 0.566151
0.125988 -0.255039 0.564985
0.123675 -0.256160 0.563312
0.125978 -0.254548 0.566921
0.123535 -0.256482 0.565010
0.128578 -0.256279 0.561867
0.126198 -0.252874 0.567297
0.127557 -0.256567 0.562283
0.122571 -0.259131 0.566276
0.127202 -0.255260 0.566158
0.128882 -0.257198 0.565743
0.129053 -0.258468 0.562012
0.125609 -0.256450 0.561632
0.127390 -0.257303 0.565266
0.125510 -0.257564 0.567355
0.131362 -0.255889 0.565623
0.127496 -0.255228 0.572917
0.130338 -0.256017 0.573190
0.129875 -0.257257 0.566990
0.129245 -0.252281 0.567325
0.130640 -0.259455 0.570782
0.132736 -0.257126 0.572346
0.132741 -0.255745 0.574682
0.133191 -0.257249 0.570256
0.130273 -0.255687 0.571342
0.137747 -0.252954 0.571936
0.131952 -0.253258 0.568978
0.132024 -0.254737 0.571304
0.132285 -0.257341 0.574837
0.133822 -0.255834 0.575097
0.133909 -0.254418 0.572843
0.131276 -0.260192 0.571456
0.133341 -0.254579 0.575448
0.133533 -0.258778 0.574447
0.134207 -0.257769 0.573047
0.134343 -0.254604 0.571974
0.135088 -0.260881 0.577104
0.134344 -0.260810 0.577357
0.139738 -0.256421 0.579900
0.136220 -0.260954 0.578982
0.135782 -0.259563 0.579998
0.137442 -0.257689 0.580594
0.135369 -0.255352 0.577410
0.138421 -0.258840 0.582705
0.138096 -0.253773 0.578520
0.136865 -0.254959 0.575118
0.135908 -0.254572 0.581980
0.140218 -0.257258 0.582624
0.137012 -0.259383 0.578555
0.137579 -0.257737 0.581138
0.131789 -0.260636 0.581785
0.139658 -0.257796 0.581552
0.134660 -0.252596 0.581562
0.142831 -0.253517 0.584773
0.138501 -0.256374 0.582382
0.140344 -0.256633 0.586217
0.141894 -0.253173 0.584843
0.142246 -0.258222 0.584300
0.139083 -0.258603 0.588520
0.142320 -0.254094 0.586982
0.141171 -0.257796 0.585205
0.141660 -0.256102 0.585769
0.142074 -0.260122 0.588103
0.139775 -0.257697 0.586773
0.143067 -0.255507 0.591788
0.141544 -0.259235 0.589145
0.139016 -0.255745 0.592785
0.142140 -0.257864 0.590105
0.141993 -0.259559 0.591628
0.142077 -0.257759 0.590978
0.142111 -0.258315 0.590654
0.143410 -0.256232 0.596141
0.139955 -0.260241 0.595152
0.143915 -0.258163 0.590821
0.141971 -0.260194 0.593561
0.137758 -0.257175 0.590489
0.141700 -0.253670 0.594684
0.143760 -0.257993 0.593923
0.139266 -0.254634 0.596081
0.145542 -0.259078 0.596241
0.142484 -0.253902 0.600821
0.141052 -0.258999 0.594196
0.145042 -0.256911 0.596865
0.142279 -0.261856 0.595204
0.144261 -0.255951 0.599450
0.140392 -0.255568 0.603203
0.139945 -0.256715 0.599272
0.143109 -0.256718 0.600345
0.140610 -0.256778 0.599906
0.142064 -0.256874 0.602941
0.141168 -0.257393 0.604273
0.141867 -0.257271 0.604354
0.142814 -0.256564 0.603562
0.139750 -0.255822 0.606272
0.143350 -0.259851 0.604690
0.140332 -0.257185 0.604882
0.139706 -0.254054 0.604985
0.143617 -0.255452 0.608308
0.144350 -0.259665 0.606203
0.137626 -0.257606 0.608042
0.143646 -0.254131 0.606352
0.142375 -0.256511 0.610133
0.144821 -0.257422 0.615657
0.141540 -0.257436 0.609777
0.142963 -0.255607 0.607769
0.144286 -0.256587 0.612634
0.144016 -0.259236 0.608088
0.139114 -0.256185 0.610643
0.141531 -0.258304 0.611874
0.143674 -0.259346 0.611112
0.141228 -0.256933 0.611589
0.144127 -0.254105 0.614160
0.138919 -0.252187 0.613659
0.139133 -0.257343 0.612432
0.144372 -0.256256 0.614010
0.135660 -0.255191 0.612237
0.137536 -0.255440 0.613094
0.141292 -0.254421 0.611707
0.139166 -0.259812 0.615625
0.141075 -0.259392 0.619814
0.138435 -0.259034 0.616415
0.140440 -0.259425 0.617121
0.135903 -0.254264 0.617879
0.137589 -0.254604 0.615442
0.137437 -0.252984 0.618218
0.140716 -0.256287 0.617511
0.137284 -0.256525 0.618534
0.135898 -0.258243 0.616826
0.137531 -0.255894 0.621728
0.133458 -0.255071 0.620631
0.133967 -0.256487 0.622727
0.137619 -0.255232 0.623419
0.138111 -0.256754 0.617791
0.134541 -0.255969 0.621441
0.137167 -0.255085 0.622899
0.139287 -0.258630 0.625084
0.134309 -0.258240 0.624814
0.133744 -0.254960 0.621715
0.134762 -0.258365 0.623987
0.133659 -0.258935 0.626173
0.131619 -0.258637 0.627047
0.135759 -0.255340 0.626344
0.138067 -0.259093 0.624572
0.131216 -0.254876 0.627026
0.135115 -0.254727 0.626388
0.130939 -0.258656 0.631646
0.134193 -0.255484 0.626926
0.131537 -0.257357 0.627333
0.126797 -0.256791 0.627588
0.131849 -0.256249 0.630428
0.130905 -0.255074 0.623964
0.128387 -0.253216 0.627008
0.129684 -0.255253 0.628038
0.131337 -0.259523 0.626329
0.126878 -0.259974 0.630468
0.128542 -0.256010 0.628776
0.133900 -0.256858 0.631095
0.129358 -0.257154 0.630259
0.128247 -0.254829 0.633185
0.129585 -0.257794 0.630631
0.131333 -0.257142 0.633462
0.128420 -0.253822 0.630122
0.125597 -0.257529 0.632535
0.121343 -0.256854 0.627660
0.126373 -0.255585 0.634949
0.122971 -0.254749 0.632326
0.122527 -0.258618 0.632655
0.124924 -0.255007 0.630439
0.123091 -0.254851 0.635337
0.124783 -0.259648 0.637122
0.120228 -0.256259 0.638223
0.126707 -0.255616 0.637534
0.121316 -0.257602 0.638376
0.122109 -0.256893 0.633478
0.121980 -0.255347 0.634967
0.120236 -0.253478 0.637163
0.120673 -0.255551 0.561955
0.121179 -0.250539 0.562224
0.125694 -0.255135 0.562986
0.124216 -0.253758 0.562302
0.122685 -0.252380 0.560797
0.122869 -0.253496 0.563692
0.125250 -0.254414 0.564046
0.124265 -0.251820 0.564613
0.127630 -0.255093 0.567914
0.123285 -0.253603 0.566359
0.129511 -0.251486 0.565115
0.128397 -0.253705 0.564643
0.127089 -0.253088 0.568437
0.125482 -0.252514 0.568108
0.127524 -0.253335 0.565757
0.129158 -0.253003 0.568462
0.127027 -0.253251 0.565718
0.128275 -0.251747 0.568305
0.130194 -0.252651 0.571177
0.128462 -0.256555 0.569650
0.128875 -0.255226 0.570427
0.130093 -0.252387 0.568804
0.130314 -0.252769 0.573366
0.128903 -0.253298 0.570896
0.127168 -0.256483 0.574856
0.127426 -0.252127 0.569189
0.129773 -0.257242 0.569448
0.133202 -0.256055 0.572808
0.132590 -0.249241 0.571040
0.134816 -0.251500 0.571792
0.129284 -0.250258 0.570016
0.131980 -0.251511 0.575360
0.131548 -0.253341 0.572998
0.135910 -0.248268 0.570247
0.135682 -0.258994 0.574329
0.131930 -0.249294 0.575031
0.132968 -0.254276 0.573949
0.135107 -0.253594 0.576816
0.138095 -0.251874 0.573460
0.132047 -0.254788 0.578430
0.134899 -0.254612 0.577015
0.133008 -0.255556 0.578177
0.135497 -0.254184 0.578212
0.135194 -0.254650 0.577081
0.137823 -0.253158 0.576039
0.136262 -0.251981 0.582599
0.134828 -0.252600 0.578773
0.139004 -0.252378 0.582671
0.138626 -0.254368 0.579087
0.138628 -0.252487 0.585402
0.141394 -0.255624 0.581750
0.135598 -0.256589 0.582983
0.139578 -0.255354 0.585232
0.136728 -0.255613 0.583702
0.139328 -0.253598 0.582716
0.139532 -0.253556 0.582961
0.135485 -0.255961 0.584987
0.138055 -0.252187 0.586696
0.138936 -0.252711 0.588841
0.141212 -0.249594 0.588220
0.141500 -0.253501 0.583936
0.137935 -0.252305 0.587025
0.139970 -0.251580 0.585351
0.142694 -0.253197 0.586960
0.140622 -0.253474 0.592483
0.137543 -0.252923 0.590471
0.142339 -0.253881 0.591941
0.138899 -0.255890 0.590076
0.138253 -0.258033 0.591187
0.142806 -0.251813 0.588928
0.141764 -0.255208 0.593856
0.143090 -0.251793 0.586972
0.143227 -0.250289 0.593791
0.143289 -0.253279 0.591162
0.143006 -0.252512 0.592807
0.141271 -0.249915 0.590488
0.141926 -0.254438 0.595379
0.144907 -0.250789 0.595317
0.139311 -0.249115 0.595332
0.141963 -0.253234 0.594113
0.143085 -0.252657 0.594565
0.137150 -0.253348 0.596734
0.143389 -0.253584 0.597182
0.144434 -0.254218 0.599703
0.138502 -0.255799 0.595457
0.137552 -0.255277 0.600260
0.144947 -0.253083 0.601702
0.142961 -0.254273 0.599240
0.142219 -0.251805 0.596248
0.144498 -0.254196 0.601462
0.139417 -0.254116 0.600405
0.144296 -0.255712 0.604081
0.143447 -0.254329 0.603678
0.142670 -0.250961 0.606386
0.143978 -0.254331 0.601385
0.143577 -0.252702 0.601067
0.141041 -0.251946 0.607923
0.137076 -0.251829 0.603303
0.143849 -0.251542 0.604326
0.140206 -0.256071 0.600966
0.144624 -0.253697 0.604128
0.141560 -0.255956 0.606311
0.144684 -0.251000 0.603062
0.144698 -0.254806 0.602859
0.139431 -0.255210 0.607162
0.139739 -0.256298 0.607137
0.145558 -0.254682 0.609083
0.141772 -0.247961 0.604845
0.143699 -0.255840 0.607943
0.141205 -0.246905 0.608087
0.137506 -0.250683 0.608418
0.140676 -0.253325 0.610773
0.140695 -0.252742 0.611835
0.142611 -0.254132 0.610042
0.138639 -0.252092 0.611924
0.141729 -0.252201 0.615865
0.140888 -0.251773 0.610562
0.138158 -0.253901 0.611007
0.141538 -0.255943 0.614048
0.135077 -0.255487 0.613702
0.139304 -0.256861 0.615064
0.141596 -0.251981 0.613995
0.138289 -0.255650 0.617034
0.142160 -0.254329 0.612840
0.139484 -0.251862 0.611250
0.139163 -0.248949 0.618791
0.139784 -0.252473 0.619728
0.136592 -0.254968 0.618870
0.136890 -0.252760 0.614679
0.139557 -0.251583 0.619038
0.138146 -0.250036 0.617228
0.135761 -0.255465 0.618986
0.135330 -0.253203 0.618972
0.134215 -0.256378 0.623133
0.136730 -0.253732 0.621195
0.136453 -0.251765 0.622697
0.135184 -0.254924 0.619826
0.133601 -0.250473 0.620590
0.131800 -0.254964 0.621267
0.136229 -0.255049 0.624331
0.136071 -0.250744 0.628010
0.140713 -0.250576 0.621768
0.133922 -0.252782 0.628632
0.135795 -0.250871 0.624552
0.135328 -0.251841 0.624389
0.135404 -0.251136 0.625383
0.135583 -0.249981 0.626226
0.133240 -0.253897 0.625246
0.133239 -0.254101 0.626248
0.131063 -0.256349 0.625380
0.132947 -0.255644 0.626339
0.135248 -0.251024 0.626624
0.132840 -0.254578 0.631638
0.130128 -0.253114 0.631520
0.129305 -0.250668 0.627480
0.131094 -0.253869 0.629298
0.130591 -0.253426 0.627797
0.131653 -0.251836 0.632763
0.132335 -0.255965 0.633103
0.131801 -0.254342 0.632950
0.131779 -0.254355 0.628458
0.127756 -0.247692 0.632023
0.125675 -0.253783 0.629893
0.126930 -0.253087 0.627085
0.128071 -0.250448 0.632135
0.126202 -0.251090 0.630315
0.124090 -0.256058 0.632847
0.126980 -0.253458 0.634570
0.127460 -0.252284 0.632157
0.124865 -0.250781 0.631980
0.124494 -0.254112 0.634008
0.122446 -0.255976 0.639771
0.126082 -0.254703 0.634826
0.125133 -0.253965 0.636458
0.122135 -0.253994 0.635331
0.122034 -0.258183 0.635814
0.123052 -0.252325 0.634050
0.122794 -0.252846 0.632761
0.117275 -0.252324 0.634647
0.123254 -0.248997 0.635641
0.119871 -0.249939 0.564543
0.119408 -0.247425 0.565428
0.123428 -0.250996 0.565534
0.124243 -0.252318 0.568143
0.122348 -0.249178 0.563180
0.124135 -0.247596 0.562885
0.120469 -0.250816 0.562163
0.122673 -0.250169 0.564927
0.127179 -0.251946 0.566047
0.123986 -0.247186 0.570687
0.126008 -0.246568 0.564866
0.122600 -0.252457 0.563068
0.124282 -0.250396 0.568830
0.127981 -0.248988 0.565991
0.125524 -0.249849 0.567427
0.127863 -0.249173 0.567235
0.123880 -0.252146 0.566141
0.131497 -0.250771 0.569469
0.131403 -0.249249 0.567664
0.128256 -0.251961 0.569398
0.131462 -0.248776 0.570667
0.131000 -0.245908 0.568201
0.130235 -0.248505 0.572311
0.125416 -0.250961 0.569752
0.128559 -0.248222 0.570963
0.130168 -0.253184 0.568237
0.129329 -0.249006 0.568811
0.127495 -0.252821 0.570434
0.135310 -0.244912 0.571027
0.134177 -0.247114 0.574934
0.132377 -0.252520 0.571768
0.129203 -0.249439 0.574683
0.129453 -0.250020 0.574100
0.136045 -0.247159 0.575509
0.132476 -0.250653 0.576709
0.132936 -0.250000 0.577820
0.134697 -0.252665 0.574508
0.136009 -0.250297 0.577827
0.137579 -0.251218 0.574905
0.135086 -0.252319 0.577079
0.135208 -0.248346 0.575538
0.134079 -0.246240 0.575397
0.134932 -0.251381 0.576968
0.134531 -0.250006 0.576591
0.135784 -0.249190 0.579831
0.137802 -0.251388 0.579652
0.136872 -0.250129 0.575846
0.138695 -0.250195 0.583139
0.138868 -0.252149 0.577420
0.140119 -0.251666 0.581975
0.137440 -0.245708 0.581210
0.141292 -0.247248 0.580574
0.137822 -0.246937 0.581959
0.136961 -0.247489 0.587566
0.138839 -0.247079 0.582570
0.141846 -0.250339 0.586033
0.140432 -0.250210 0.584316
0.138463 -0.252081 0.582204
0.139629 -0.251931 0.585675
0.140997 -0.248858 0.584279
0.140230 -0.249841 0.588395
0.138675 -0.250553 0.585755
0.140168 -0.251279 0.585439
0.142644 -0.251054 0.589007
0.144834 -0.247217 0.584031
0.142455 -0.248817 0.589214
0.137791 -0.248256 0.586423
0.143765 -0.247633 0.594177
0.140524 -0.252834 0.591650
0.143162 -0.250553 0.592753
0.142904 -0.252366 0.589809
0.140741 -0.250011 0.591380
0.140344 -0.250188 0.592661
0.141686 -0.250334 0.591358
0.141724 -0.253626 0.592777
0.139953 -0.249583 0.590000
0.143936 -0.249321 0.590733
0.142642 -0.251314 0.597530
0.143220 -0.251388 0.594872
0.142238 -0.247395 0.595632
0.143393 -0.252024 0.597001
0.146610 -0.248509 0.595834
0.142798 -0.251688 0.596782
0.140315 -0.249692 0.596130
0.140886 -0.248619 0.594424
0.142498 -0.252429 0.601562
0.146553 -0.248084 0.602194
0.143807 -0.248693 0.598044
0.140840 -0.249524 0.598319
0.141759 -0.248322 0.599631
0.139512 -0.250216 0.598854
0.142036 -0.251981 0.603277
0.146418 -0.252009 0.602670
0.143789 -0.251936 0.602071
0.145391 -0.248095 0.605601
0.140196 -0.251286 0.603438
0.143206 -0.249749 0.602572
0.141630 -0.251019 0.604737
0.136879 -0.246609 0.603270
0.139481 -0.248725 0.602004
0.143050 -0.250623 0.606484
0.143787 -0.247236 0.604799
0.141550 -0.249856 0.603447
0.143238 -0.249579 0.604083
0.144388 -0.247108 0.604617
0.143022 -0.247341 0.609419
0.139820 -0.252640 0.607993
0.140688 -0.249865 0.608502
0.142628 -0.250973 0.608867
0.147397 -0.250115 0.611145
0.141918 -0.249423 0.608328
0.142271 -0.249966 0.612266
0.145190 -0.249496 0.612632
0.138906 -0.249634 0.614690
0.140693 -0.251143 0.612476
0.140299 -0.250351 0.611793
0.144492 -0.251613 0.612186
0.139222 -0.247392 0.612926
0.142811 -0.249540 0.613908
0.137115 -0.247450 0.615505
0.140675 -0.250108 0.614056
0.137152 -0.247982 0.615892
0.138788 -0.251134 0.616049
0.139137 -0.246588 0.617826
0.137935 -0.252084 0.616265
0.137106 -0.249720 0.618002
0.140000 -0.249038 0.617270
0.139724 -0.251644 0.617949
0.139938 -0.249287 0.616016
0.135787 -0.253089 0.622617
0.134776 -0.250132 0.623129
0.139804 -0.247218 0.618901
0.138896 -0.243760 0.620267
0.138007 -0.250479 0.620751
0.137684 -0.247073 0.619411
0.133831 -0.249794 0.622054
0.139258 -0.248408 0.620823
0.137310 -0.247611 0.623069
0.135232 -0.248490 0.622207
0.131907 -0.247182 0.620753
0.134694 -0.250480 0.623073
0.134511 -0.252732 0.625202
0.134847 -0.249777 0.626699
0.136699 -0.247181 0.628658
0.135110 -0.252936 0.625783
0.133931 -0.249722 0.624554
0.131825 -0.248267 0.628089
0.131059 -0.248781 0.626202
0.132207 -0.248492 0.626824
0.131556 -0.249751 0.623314
0.131155 -0.250746 0.624886
0.132363 -0.249335 0.626846
0.131330 -0.248535 0.630535
0.129810 -0.249209 0.630852
0.130926 -0.251436 0.627602
0.129992 -0.251965 0.633515
0.129144 -0.249149 0.630207
0.131202 -0.250680 0.627591
0.132844 -0.250071 0.630766
0.129606 -0.247393 0.632414
0.131190 -0.248270 0.631523
0.128986 -0.251399 0.627676
0.127628 -0.252059 0.637059
0.130850 -0.247572 0.631110
0.131471 -0.253321 0.630116
0.125409 -0.251829 0.633116
0.126972 -0.246093 0.635159
0.128637 -0.249076 0.633179
0.124429 -0.252931 0.632038
0.124643 -0.248387 0.630704
0.122272 -0.249474 0.632274
0.125271 -0.250736 0.633158
0.121527 -0.250101 0.633490
0.122556 -0.251188 0.635600
0.123664 -0.253342 0.635180
0.123746 -0.247837 0.637338
0.122948 -0.252201 0.634498
0.123935 -0.251320 0.638351
0.124227 -0.252040 0.637436
0.121026 -0.245861 0.638482
0.120229 -0.245740 0.561359
0.121376 -0.246145 0.563744
0.122721 -0.248369 0.559995
0.121803 -0.248339 0.562562
0.127223 -0.244229 0.563880
0.120499 -0.249151 0.565222
0.125918 -0.247132 0.565045
0.124700 -0.244422 0.561295
0.124909 -0.245744 0.567241
0.125793 -0.248756 0.564470
0.122353 -0.246168 0.566311
0.126822 -0.248494 0.563945
0.129243 -0.246190 0.570022
0.127460 -0.249478 0.568450
0.129438 -0.247456 0.563303
0.128681 -0.246835 0.568025
0.122356 -0.245640 0.562291
0.126369 -0.244783 0.564470
0.124747 -0.247454 0.571743
0.132073 -0.247771 0.570784
0.130363 -0.246033 0.569833
0.128112 -0.244955 0.571588
0.135320 -0.244724 0.564907
0.127857 -0.245894 0.570299
0.126889 -0.246843 0.569799
0.130852 -0.246809 0.572716
0.134218 -0.245197 0.569019
0.129897 -0.247889 0.571496
0.131101 -0.247263 0.570136
0.134179 -0.244860 0.574266
0.132441 -0.245653 0.570915
0.130895 -0.247650 0.574291
0.132934 -0.248846 0.573696
0.134386 -0.246234 0.572568
0.133974 -0.247402 0.573645
0.133965 -0.245052 0.578345
0.137555 -0.245301 0.574296
0.134111 -0.247089 0.577806
0.129484 -0.246039 0.571927
0.135286 -0.243906 0.574502
0.131003 -0.243960 0.579750
0.136836 -0.244044 0.575551
0.138449 -0.243153 0.578857
0.136925 -0.243988 0.580265
0.135121 -0.243835 0.579917
0.137185 -0.243947 0.580709
0.138605 -0.247570 0.580958
0.135136 -0.246808 0.576340
0.134179 -0.245669 0.580001
0.137986 -0.245371 0.581306
0.136268 -0.246408 0.580915
0.137220 -0.246804 0.580765
0.137176 -0.247223 0.582415
0.142809 -0.248189 0.583440
0.135963 -0.243375 0.582183
0.139362 -0.244000 0.585282
0.136293 -0.245444 0.583310
0.140702 -0.246250 0.585697
0.140230 -0.246834 0.587042
0.136734 -0.247421 0.583242
0.139706 -0.247415 0.585324
0.139178 -0.247494 0.582801
0.140244 -0.245938 0.585367
0.139159 -0.247844 0.590390
0.140998 -0.245779 0.586906
0.139766 -0.248312 0.591067
0.137503 -0.245955 0.588413
0.140524 -0.249687 0.586470
0.143126 -0.247942 0.591179
0.142623 -0.245396 0.591426
0.138978 -0.247503 0.591744
0.138983 -0.243225 0.589753
0.141484 -0.248605 0.592090
0.140243 -0.247040 0.589568
0.144186 -0.249820 0.593237
0.142364 -0.245679 0.590783
0.144038 -0.244626 0.593634
0.142672 -0.246869 0.595092
0.140473 -0.245445 0.595111
0.139360 -0.251803 0.594557
0.141915 -0.244119 0.595401
0.141294 -0.249274 0.595604
0.141169 -0.248760 0.596034
0.144491 -0.246369 0.594673
0.143067 -0.248751 0.594112
0.143430 -0.247655 0.599990
0.143086 -0.248167 0.598699
0.145073 -0.246932 0.596635
0.141171 -0.248181 0.596892
0.139914 -0.245710 0.601970
0.141776 -0.244981 0.602065
0.145861 -0.246927 0.600047
0.143324 -0.246359 0.601847
0.145057 -0.247413 0.602173
0.140479 -0.246873 0.600890
0.140897 -0.246994 0.601840
0.143120 -0.244947 0.600244
0.144343 -0.251007 0.604220
0.143711 -0.247856 0.603762
0.140674 -0.244765 0.598370
0.140237 -0.250429 0.605585
0.144714 -0.244171 0.607038
0.142543 -0.248087 0.608631
0.143218 -0.248243 0.604126
0.140632 -0.244391 0.609678
0.145035 -0.248105 0.606946
0.144476 -0.246115 0.609683
0.138970 -0.247293 0.608610
0.140800 -0.247382 0.605863
0.144661 -0.246257 0.606706
0.143445 -0.246410 0.611544
0.140794 -0.248101 0.609084
0.141748 -0.244978 0.612068
0.142225 -0.244115 0.612150
0.142814 -0.244296 0.612650
0.140522 -0.247368 0.610146
0.137421 -0.243863 0.613010
0.139292 -0.243326 0.615459
0.140357 -0.244462 0.613615
0.140801 -0.242820 0.616593
0.139374 -0.245066 0.617315
0.139519 -0.247277 0.619181
0.138995 -0.249064 0.616199
0.144002 -0.245135 0.618323
0.134933 -0.247462 0.619317
0.138301 -0.243691 0.618341
0.139721 -0.242943 0.616851
0.137796 -0.246080 0.618758
0.135132 -0.243828 0.619230
0.137979 -0.245042 0.618429
0.140504 -0.246152 0.621110
0.136088 -0.246838 0.620850
0.135731 -0.247607 0.620434
0.139601 -0.244771 0.622778
0.137734 -0.244493 0.624480
0.137209 -0.245430 0.622992
0.132611 -0.246504 0.623082
0.137857 -0.246953 0.624616
0.134799 -0.246669 0.626445
0.133101 -0.246484 0.623191
0.135334 -0.247405 0.625187
0.133083 -0.248992 0.625247
0.132542 -0.245615 0.624725
0.133254 -0.247065 0.624878
0.135216 -0.247652 0.625044
0.131144 -0.246951 0.622013
0.133597 -0.247328 0.630408
0.135933 -0.246732 0.628497
0.133607 -0.248740 0.622130
0.134925 -0.245681 0.623438
0.133649 -0.244645 0.626350
0.133621 -0.249917 0.627647
0.131775 -0.244921 0.629247
0.131810 -0.245379 0.627507
0.133978 -0.247174 0.630762
0.130669 -0.246990 0.630702
0.131219 -0.243814 0.632033
0.128839 -0.245499 0.630442
0.128028 -0.248701 0.631094
0.128189 -0.249275 0.630738
0.129335 -0.246306 0.628856
0.127364 -0.243771 0.630058
0.127496 -0.241902 0.632621
0.126766 -0.250403 0.632863
0.124608 -0.246571 0.630829
0.123651 -0.243222 0.632661
0.128443 -0.245055 0.631721
0.126388 -0.247251 0.635414
0.126674 -0.247250 0.637104
0.126451 -0.245620 0.632519
0.125825 -0.249475 0.635301
0.122735 -0.246180 0.634111
0.124654 -0.245834 0.634834
0.123671 -0.249528 0.631429
0.125889 -0.245407 0.632542
0.126767 -0.247983 0.636794
0.123379 -0.246338 0.637255
0.119358 -0.246627 0.635791
0.121854 -0.247103 0.635271
0.119788 -0.244785 0.635110
0.121975 -0.242494 0.562998
0.122526 -0.242109 0.562381
0.122778 -0.239382 0.561559
0.121924 -0.244727 0.567932
0.120143 -0.243179 0.566087
0.121629 -0.243465 0.563075
0.121099 -0.243335 0.565762
0.123393 -0.242867 0.566420
0.126982 -0.245662 0.566564
0.123758 -0.246961 0.564075
0.126681 -0.242581 0.563733
0.129007 -0.242389 0.566088
0.125108 -0.242360 0.565754
0.128846 -0.242568 0.568066
0.126356 -0.246143 0.568204
0.125336 -0.243406 0.567441
0.126171 -0.241420 0.564943
0.131077 -0.244371 0.570039
0.131052 -0.244912 0.566983
0.130715 -0.242822 0.568949
0.125562 -0.246464 0.570194
0.132421 -0.244605 0.567746
0.130336 -0.242270 0.570936
0.129395 -0.247063 0.573069
0.129630 -0.240694 0.566567
0.131699 -0.244187 0.568728
0.133229 -0.240627 0.570084
0.132919 -0.245328 0.570389
0.131476 -0.243883 0.573258
0.129892 -0.241270 0.574285
0.132178 -0.245545 0.568024
0.132802 -0.244615 0.573332
0.131144 -0.243188 0.573393
0.133569 -0.242627 0.574485
0.135773 -0.244746 0.575729
0.134467 -0.244020 0.572727
0.137333 -0.242717 0.574080
0.134878 -0.243180 0.574473
0.132289 -0.242885 0.575595
0.134742 -0.241239 0.573733
0.133687 -0.242869 0.578394
0.137055 -0.241748 0.572813
0.137092 -0.242361 0.578936
0.135012 -0.242176 0.579993
0.139803 -0.242681 0.575812
0.136989 -0.241906 0.579886
0.140911 -0.243575 0.577294
0.136111 -0.241879 0.578159
0.135545 -0.244829 0.582571
0.138305 -0.243839 0.582303
0.139418 -0.245100 0.582712
0.138762 -0.247247 0.579173
0.139012 -0.242210 0.581401
0.136734 -0.242678 0.578806
0.140013 -0.243464 0.582824
0.137826 -0.241524 0.578733
0.137594 -0.242016 0.582409
0.142389 -0.242316 0.582756
0.141880 -0.243327 0.585890
0.138659 -0.244322 0.586617
0.140257 -0.244621 0.583952
0.141515 -0.239640 0.584510
0.141742 -0.248855 0.583905
0.141895 -0.239967 0.587246
0.141791 -0.242588 0.589593
0.138720 -0.241841 0.587222
0.140331 -0.243105 0.588153
0.139617 -0.243599 0.587171
0.144188 -0.241711 0.588705
0.144526 -0.240551 0.590969
0.140445 -0.242581 0.591621
0.144358 -0.243445 0.589857
0.146247 -0.240347 0.592081
0.139997 -0.242125 0.594161
0.143400 -0.241459 0.592525
0.144243 -0.244281 0.592059
0.141086 -0.244366 0.597272
0.138798 -0.242625 0.591956
0.139753 -0.242898 0.591294
0.142093 -0.238561 0.594661
0.143232 -0.244789 0.596326
0.139420 -0.242734 0.595606
0.146710 -0.243299 0.595617
0.141323 -0.245520 0.598346
0.145335 -0.243888 0.598719
0.141777 -0.242356 0.598712
0.139654 -0.244694 0.600153
0.138723 -0.243150 0.598101
0.140673 -0.243068 0.599892
0.143597 -0.248408 0.603119
0.141571 -0.241095 0.600027
0.141354 -0.243303 0.607088
0.145622 -0.243869 0.601712
0.144720 -0.242019 0.601922
0.142079 -0.245330 0.603749
0.144625 -0.238726 0.601653
0.143687 -0.243248 0.605749
0.142148 -0.244479 0.600356
0.143727 -0.242864 0.606474
0.141145 -0.238001 0.603307
0.143213 -0.242356 0.607423
0.141793 -0.245019 0.603733
0.143681 -0.242978 0.606886
0.140345 -0.242911 0.607123
0.143123 -0.246117 0.605642
0.145261 -0.243979 0.607498
0.140914 -0.246187 0.606003
0.142354 -0.244537 0.612696
0.138512 -0.247078 0.608344
0.138979 -0.240432 0.608760
0.142316 -0.246030 0.611418
0.142429 -0.240727 0.611005
0.142055 -0.242874 0.612893
0.140062 -0.242121 0.610383
0.142161 -0.243766 0.610699
0.139246 -0.240271 0.609357
0.137488 -0.241939 0.610955
0.139366 -0.244201 0.617979
0.138792 -0.244658 0.613112
0.140437 -0.242211 0.611420
0.140699 -0.239301 0.611259
0.140785 -0.241666 0.615609
0.139061 -0.247915 0.618163
0.138617 -0.243617 0.618679
0.134392 -0.243341 0.617875
0.140315 -0.241986 0.621219
0.139240 -0.241165 0.619140
0.135505 -0.244736 0.622216
0.137712 -0.243330 0.615867
0.137353 -0.245822 0.617730
0.138922 -0.244857 0.618163
0.140262 -0.242254 0.620866
0.139340 -0.244297 0.619491
0.132994 -0.241728 0.620294
0.136858 -0.245375 0.622380
0.137870 -0.242832 0.618393
0.134677 -0.243264 0.620324
0.136874 -0.241182 0.620911
0.135475 -0.244565 0.624906
0.137362 -0.237870 0.623276
0.133426 -0.242374 0.623212
0.135397 -0.240705 0.623518
0.136177 -0.247425 0.626614
0.134713 -0.243668 0.623904
0.136987 -0.244200 0.627845
0.132844 -0.243091 0.626421
0.137609 -0.242680 0.626583
0.133123 -0.243777 0.625292
0.136565 -0.240231 0.625520
0.132956 -0.245522 0.629164
0.133690 -0.242940 0.626049
0.133524 -0.241930 0.627682
0.133138 -0.245851 0.627215
0.129427 -0.242936 0.632116
0.131087 -0.240891 0.629080
0.129833 -0.241141 0.630586
0.133134 -0.241221 0.628229
0.124846 -0.242898 0.627851
0.126765 -0.246137 0.629267
0.128822 -0.243167 0.634980
0.126433 -0.243200 0.628741
0.126498 -0.243047 0.632400
0.125545 -0.240894 0.630032
0.129656 -0.243287 0.634030
0.128493 -0.243757 0.633495
0.124291 -0.245786 0.632144
0.129334 -0.244680 0.631971
0.129528 -0.243100 0.633478
0.123704 -0.243066 0.634966
0.125295 -0.241659 0.634736
0.127106 -0.241535 0.634107
0.126341 -0.239578 0.635271
0.121753 -0.242807 0.634550
0.128966 -0.241681 0.633012
0.122988 -0.240272 0.633173
0.121959 -0.243198 0.635466
0.121331 -0.242944 0.633201
0.120931 -0.244409 0.635676
0.121058 -0.243224 0.635831
0.120385 -0.242503 0.638572
0.123139 -0.242172 0.563651
0.123135 -0.240404 0.564340
0.121625 -0.239119 0.560614
0.123409 -0.240839 0.562448
0.122306 -0.237905 0.566069
0.123817 -0.238151 0.563638
0.121242 -0.243611 0.564663
0.123847 -0.239810 0.565140
0.126982 -0.241724 0.563741
0.128781 -0.238348 0.564974
0.121271 -0.241588 0.565150
0.125572 -0.239512 0.565711
0.128423 -0.242267 0.565899
0.125158 -0.238350 0.567125
0.128477 -0.239746 0.574587
0.128723 -0.241406 0.567390
0.126858 -0.238384 0.569667
0.128806 -0.240253 0.566724
0.131627 -0.237651 0.562541
0.128930 -0.241556 0.567990
0.132550 -0.242138 0.567006
0.134438 -0.240814 0.568969
0.132182 -0.240873 0.569870
0.130747 -0.237027 0.566926
0.128942 -0.240096 0.572341
0.129673 -0.238909 0.569857
0.130509 -0.237284 0.570777
0.137557 -0.239113 0.573869
0.133448 -0.242944 0.568909
0.133263 -0.242044 0.571270
0.131937 -0.241666 0.575112
0.134485 -0.239482 0.574251
0.131425 -0.238083 0.571814
0.136668 -0.241168 0.572797
0.136179 -0.238533 0.572391
0.135355 -0.239833 0.574735
0.135682 -0.238596 0.577141
0.135700 -0.239174 0.575307
0.138014 -0.241385 0.579743
0.139667 -0.235486 0.576057
0.139789 -0.237523 0.578896
0.142440 -0.239421 0.578318
0.133606 -0.244258 0.578174
0.137243 -0.238399 0.578631
0.132655 -0.239060 0.580695
0.140035 -0.241710 0.577093
0.135741 -0.241095 0.576062
0.135995 -0.236652 0.577614
0.133852 -0.240381 0.579154
0.139178 -0.241319 0.580242
0.136358 -0.241783 0.581786
0.138501 -0.239945 0.582527
0.136814 -0.239800 0.582347
0.141043 -0.243631 0.581682
0.139776 -0.240999 0.583022
0.140448 -0.238882 0.579839
0.136848 -0.245500 0.585061
0.139875 -0.237146 0.584317
0.137341 -0.237695 0.582030
0.139804 -0.240260 0.586698
0.141806 -0.240694 0.584138
0.140046 -0.241004 0.587984
0.141065 -0.237045 0.591786
0.138725 -0.241051 0.587983
0.141419 -0.240537 0.584051
0.145863 -0.239673 0.585625
0.136069 -0.237026 0.589113
0.141033 -0.241931 0.588721
0.140368 -0.244868 0.594792
0.142155 -0.240535 0.587944
0.140167 -0.234965 0.591168
0.138805 -0.238054 0.591859
0.142657 -0.240114 0.591000
0.142125 -0.240273 0.588983
0.139765 -0.239834 0.589088
0.141598 -0.240494 0.594282
0.142276 -0.240454 0.592696
0.142896 -0.237961 0.591620
0.139001 -0.241358 0.589616
0.140572 -0.238174 0.596749
0.145316 -0.239720 0.595578
0.141075 -0.240909 0.596339
0.144153 -0.238989 0.592158
0.143352 -0.239851 0.595550
0.142670 -0.238047 0.597522
0.140949 -0.233098 0.596455
0.143368 -0.237323 0.596486
0.143556 -0.241581 0.598184
0.140925 -0.236316 0.596439
0.143503 -0.239797 0.595713
0.145959 -0.241019 0.599681
0.142892 -0.241702 0.599142
0.142367 -0.241647 0.601400
0.144979 -0.241920 0.598504
0.142132 -0.239064 0.603546
0.140159 -0.244624 0.604462
0.143770 -0.236827 0.601241
0.143428 -0.237846 0.599978
0.144373 -0.236995 0.605345
0.143279 -0.238383 0.604146
0.139241 -0.241737 0.604805
0.140363 -0.237815 0.604834
0.141774 -0.243437 0.606944
0.140509 -0.236844 0.603178
0.142495 -0.240693 0.606401
0.145176 -0.237953 0.605909
0.144465 -0.241187 0.609706
0.138080 -0.240526 0.608014
0.140802 -0.243069 0.605277
0.141319 -0.238660 0.609636
0.140555 -0.242898 0.609512
0.140002 -0.241318 0.610892
0.141339 -0.239070 0.610503
0.139191 -0.240270 0.610873
0.137433 -0.240575 0.608644
0.136624 -0.241528 0.611157
0.141819 -0.240500 0.613979
0.143159 -0.239641 0.614151
0.138725 -0.238238 0.613978
0.140074 -0.242139 0.612456
0.138424 -0.239675 0.616978
0.136564 -0.240616 0.614640
0.143968 -0.240286 0.614646
0.140713 -0.242107 0.617262
0.135676 -0.235841 0.616545
0.137972 -0.242520 0.616789
0.138790 -0.241352 0.619931
0.137759 -0.239702 0.618568
0.140926 -0.240651 0.618591
0.138576 -0.238656 0.615229
0.140069 -0.240123 0.617904
0.137482 -0.243721 0.618257
0.137687 -0.237153 0.620070
0.137867 -0.240457 0.622398
0.136034 -0.238944 0.620439
0.134649 -0.241851 0.620250
0.138653 -0.233475 0.621568
0.134600 -0.238794 0.623376
0.134754 -0.236011 0.624577
0.137440 -0.239717 0.623510
0.137232 -0.242628 0.622056
0.135186 -0.242768 0.627373
0.133480 -0.240694 0.625143
0.137459 -0.239918 0.623363
0.132280 -0.239367 0.624141
0.138599 -0.237314 0.619361
0.131687 -0.239125 0.630723
0.129200 -0.240718 0.628895
0.131540 -0.239689 0.625871
0.133953 -0.242030 0.627301
0.129379 -0.237878 0.628845
0.131891 -0.239758 0.628065
0.130895 -0.239518 0.629116
0.131162 -0.241021 0.627938
0.130044 -0.238924 0.629424
0.134564 -0.240178 0.629626
0.129013 -0.239630 0.628942
0.128202 -0.239509 0.633366
0.127834 -0.241135 0.630452
0.129712 -0.237232 0.629579
0.128561 -0.241429 0.629455
0.127516 -0.242080 0.632424
0.130184 -0.240893 0.630445
0.130341 -0.240299 0.635139
0.121519 -0.240208 0.630449
0.125853 -0.238268 0.634961
0.126184 -0.238010 0.630869
0.126682 -0.240194 0.630015
0.127550 -0.241229 0.634587
0.123819 -0.239533 0.635250
0.124946 -0.240835 0.635531
0.124974 -0.240717 0.634702
0.123984 -0.240554 0.636708
0.127217 -0.240891 0.634952
0.121451 -0.242528 0.637735
0.121574 -0.239185 0.633030
0.121219 -0.238918 0.636955
0.122542 -0.239048 0.636701
0.123652 -0.236468 0.637650
0.120994 -0.241919 0.635801
0.120570 -0.233625 0.560066
0.120053 -0.238566 0.565141
0.120678 -0.240180 0.559552
0.123100 -0.239783 0.566111
0.125020 -0.238795 0.563490
0.123345 -0.239524 0.561961
0.122438 -0.236622 0.565243
0.120352 -0.236076 0.564739
0.123979 -0.237482 0.567306
0.128034 -0.237478 0.565198
0.122134 -0.237370 0.567207
0.125503 -0.235849 0.565918
0.126304 -0.235218 0.567986
0.122619 -0.236965 0.560966
0.126946 -0.237606 0.565926
0.130432 -0.235788 0.569703
0.128957 -0.233122 0.567284
0.127582 -0.236667 0.573003
0.127594 -0.236425 0.571192
0.130683 -0.237466 0.572270
0.130164 -0.233578 0.570335
0.131120 -0.237956 0.572305
0.128518 -0.236317 0.571991
0.129592 -0.236232 0.570185
0.130931 -0.235290 0.567529
0.129912 -0.232340 0.566978
0.130025 -0.234874 0.567567
0.129910 -0.238078 0.574752
0.130226 -0.235206 0.570730
0.132310 -0.238736 0.569423
0.131673 -0.239223 0.572392
0.133163 -0.235653 0.576183
0.136076 -0.238679 0.572016
0.136925 -0.236581 0.573133
0.135990 -0.237722 0.576166
0.133542 -0.233883 0.574406
0.136079 -0.234355 0.578329
0.133136 -0.237240 0.572669
0.131567 -0.237467 0.576230
0.137799 -0.237304 0.580144
0.135931 -0.234711 0.576224
0.133320 -0.233306 0.576571
0.138323 -0.237215 0.578745
0.136038 -0.237171 0.577695
0.137974 -0.238896 0.576470
0.138825 -0.237952 0.579212
0.134401 -0.236919 0.581471
0.137503 -0.236074 0.578918
0.137762 -0.240061 0.576868
0.138607 -0.240036 0.583187
0.139704 -0.238914 0.576645
0.133375 -0.235893 0.581264
0.141127 -0.235571 0.585019
0.140391 -0.238409 0.581978
0.137147 -0.237152 0.581766
0.138566 -0.233807 0.582146
0.136830 -0.237791 0.582752
0.138242 -0.236865 0.583310
0.141821 -0.234695 0.583114
0.141747 -0.233712 0.585122
0.138267 -0.235634 0.585427
0.140801 -0.238624 0.590256
0.139899 -0.235433 0.585348
0.140767 -0.241073 0.584416
0.135667 -0.234500 0.584725
0.137647 -0.234212 0.587006
0.140578 -0.234310 0.589457
0.141679 -0.235141 0.585064
0.143774 -0.233786 0.593148
0.137119 -0.238141 0.588811
0.144847 -0.235301 0.593977
0.142454 -0.237709 0.588319
0.140518 -0.233623 0.589703
0.138198 -0.235857 0.594642
0.146730 -0.233914 0.594329
0.138368 -0.237173 0.592120
0.142296 -0.238282 0.594952
0.144605 -0.236203 0.593270
0.142541 -0.235666 0.595930
0.140495 -0.233535 0.594899
0.141925 -0.235052 0.593918
0.144078 -0.232140 0.596683
0.142777 -0.237400 0.599294
0.144671 -0.239482 0.598742
0.141088 -0.238818 0.597127
0.141116 -0.234141 0.595235
0.139879 -0.238373 0.597974
0.143659 -0.238659 0.597298
0.139341 -0.236878 0.597193
0.146833 -0.232627 0.597871
0.142759 -0.235646 0.599138
0.141692 -0.235209 0.600183
0.141859 -0.236552 0.603694
0.141921 -0.235716 0.602196
0.143850 -0.236880 0.601232
0.141014 -0.236015 0.602992
0.141843 -0.236046 0.607942
0.143895 -0.240160 0.606312
0.142560 -0.238521 0.606891
0.142062 -0.234452 0.603471
0.144278 -0.237051 0.607107
0.143738 -0.238791 0.606421
0.142971 -0.236606 0.602614
0.142516 -0.237127 0.609059
0.139743 -0.234523 0.607432
0.146871 -0.238504 0.609559
0.140623 -0.238387 0.610288
0.142800 -0.234392 0.605404
0.139093 -0.235310 0.607417
0.144025 -0.233147 0.609347
0.141342 -0.236420 0.609511
0.141087 -0.236937 0.611435
0.140369 -0.237513 0.610460
0.139679 -0.236632 0.612618
0.144878 -0.239728 0.609261
0.140486 -0.236407 0.612403
0.144218 -0.240122 0.612657
0.137774 -0.237076 0.614470
0.137272 -0.234423 0.612219
0.137897 -0.239762 0.612981
0.138338 -0.234814 0.611723
0.140072 -0.234788 0.614808
0.141001 -0.237857 0.616603
0.138609 -0.232153 0.615668
0.138486 -0.235663 0.615636
0.138494 -0.235794 0.618900
0.137491 -0.236349 0.617262
0.139870 -0.234828 0.618863
0.138793 -0.232886 0.616760
0.141316 -0.235393 0.615885
0.138077 -0.239298 0.619149
0.133531 -0.235010 0.618259
0.140658 -0.237916 0.620386
0.134401 -0.236724 0.620801
0.137886 -0.231523 0.624444
0.138194 -0.237111 0.621018
0.135766 -0.238157 0.623366
0.136020 -0.235382 0.621965
0.136625 -0.232907 0.623598
0.137479 -0.238104 0.623034
0.134609 -0.235387 0.624355
0.133760 -0.235669 0.624444
0.131714 -0.236408 0.627000
0.132800 -0.234144 0.626444
0.134646 -0.235420 0.623858
0.135432 -0.239140 0.623631
0.134804 -0.238493 0.630297
0.134104 -0.234465 0.628621
0.132341 -0.236216 0.628027
0.132831 -0.233107 0.629538
0.132946 -0.233716 0.628001
0.133743 -0.235922 0.627698
0.129977 -0.237690 0.628697
0.132362 -0.240535 0.628122
0.132309 -0.236610 0.627081
0.128760 -0.232940 0.626447
0.129760 -0.234667 0.625985
0.131411 -0.239439 0.632340
0.135032 -0.238838 0.630531
0.130074 -0.237477 0.632102
0.127550 -0.237469 0.629714
0.128502 -0.235392 0.633625
0.128015 -0.238487 0.631040
0.126822 -0.237131 0.633495
0.127189 -0.236168 0.632745
0.126898 -0.237308 0.634412
0.126505 -0.236596 0.631015
0.124875 -0.237581 0.634690
0.122371 -0.234936 0.634089
0.124044 -0.238113 0.635149
0.125487 -0.240378 0.633043
0.122818 -0.236561 0.633439
0.125160 -0.237462 0.634444
0.126312 -0.236900 0.634280
0.123490 -0.239018 0.632354
0.122931 -0.237611 0.632949
0.124407 -0.235078 0.636505
0.121056 -0.236855 0.635160
0.123406 -0.239338 0.637102
0.121289 -0.238730 0.638045
0.120572 -0.229370 0.565543
0.121569 -0.233860 0.562083
0.120665 -0.232477 0.560836
0.124472 -0.231712 0.563695
0.124449 -0.228513 0.564823
0.126805 -0.233696 0.563287
0.125783 -0.236940 0.566694
0.124188 -0.234070 0.565228
0.124820 -0.230614 0.567025
0.125403 -0.233550 0.563742
0.125800 -0.238260 0.567858
0.125796 -0.236433 0.567356
0.124414 -0.234041 0.562958
0.125084 -0.232790 0.566670
0.127546 -0.234572 0.568274
0.124383 -0.234256 0.562160
0.127101 -0.234219 0.567385
0.129225 -0.230508 0.565740
0.127969 -0.237053 0.572078
0.131415 -0.232205 0.571184
0.130900 -0.234399 0.570547
0.131898 -0.231509 0.569289
0.129142 -0.228364 0.570358
0.131363 -0.235914 0.571534
0.131112 -0.234833 0.573104
0.130955 -0.231813 0.571806
0.129901 -0.232530 0.574018
0.129422 -0.235183 0.569794
0.133444 -0.234034 0.572577
0.134573 -0.235361 0.575311
0.132667 -0.233461 0.575802
0.133839 -0.235742 0.573008
0.131694 -0.232580 0.572573
0.132865 -0.231194 0.570517
0.134409 -0.233580 0.574944
0.129402 -0.235021 0.573880
0.137744 -0.235624 0.572848
0.134344 -0.232477 0.574275
0.135183 -0.236384 0.579288
0.134614 -0.232857 0.581725
0.134441 -0.235594 0.574757
0.139178 -0.233490 0.575588
0.136029 -0.233207 0.579589
0.137804 -0.232355 0.578967
0.135007 -0.235627 0.579241
0.137922 -0.232765 0.579435
0.138380 -0.235387 0.578615
0.135624 -0.236826 0.580795
0.137136 -0.232290 0.581431
0.136013 -0.230091 0.581216
0.140063 -0.229718 0.580100
0.137031 -0.232748 0.583719
0.140760 -0.237047 0.584819
0.137793 -0.232127 0.579749
0.137122 -0.232377 0.579281
0.140700 -0.234187 0.583860
0.139573 -0.234217 0.586392
0.144147 -0.231848 0.580794
0.139890 -0.233561 0.586509
0.139945 -0.228823 0.586539
0.141190 -0.233795 0.583841
0.139989 -0.232703 0.587047
0.140721 -0.233669 0.586659
0.139548 -0.235088 0.585297
0.141608 -0.231658 0.587074
0.140492 -0.232017 0.587710
0.147187 -0.232852 0.587422
0.137414 -0.232689 0.590990
0.141050 -0.230627 0.588235
0.141081 -0.233480 0.588401
0.138433 -0.235015 0.586584
0.143026 -0.233452 0.590665
0.140464 -0.231206 0.589666
0.145080 -0.230939 0.590448
0.141402 -0.231851 0.594837
0.140305 -0.234107 0.597834
0.143810 -0.231316 0.597182
0.142938 -0.234022 0.590348
0.143839 -0.235376 0.595640
0.138230 -0.234058 0.594756
0.139735 -0.234203 0.593622
0.142550 -0.235627 0.595256
0.145085 -0.230308 0.600056
0.143208 -0.233923 0.597428
0.143833 -0.232549 0.600167
0.141126 -0.233524 0.594724
0.141622 -0.230629 0.598365
0.143978 -0.232254 0.600686
0.140823 -0.232039 0.600614
0.144814 -0.230320 0.598757
0.139636 -0.234393 0.602896
0.140507 -0.235862 0.598124
0.139881 -0.231668 0.599708
0.141215 -0.230823 0.603612
0.144204 -0.234640 0.598830
0.143116 -0.229598 0.602021
0.141833 -0.239606 0.606694
0.141938 -0.236592 0.603606
0.141099 -0.231853 0.608526
0.140627 -0.232798 0.603945
0.140851 -0.232189 0.608303
0.142996 -0.233963 0.606738
0.142520 -0.231479 0.605091
0.142247 -0.229814 0.606723
0.143844 -0.233130 0.607317
0.140318 -0.227410 0.610062
0.144072 -0.230794 0.606114
0.140095 -0.233472 0.605279
0.139701 -0.231449 0.604858
0.139598 -0.233317 0.609418
0.141211 -0.234644 0.611909
0.136427 -0.232284 0.607544
0.139575 -0.233264 0.614272
0.139072 -0.236014 0.613484
0.140592 -0.233090 0.613134
0.142625 -0.232795 0.608261
0.140056 -0.233072 0.610643
0.138263 -0.231837 0.613926
0.138340 -0.231986 0.614177
0.137400 -0.233663 0.611743
0.138087 -0.232510 0.612389
0.137143 -0.232358 0.613287
0.138912 -0.233619 0.615446
0.140036 -0.233981 0.614678
0.138154 -0.230779 0.618558
0.138776 -0.230645 0.618571
0.136532 -0.230079 0.623218
0.139202 -0.236357 0.621063
0.139483 -0.233324 0.614428
0.137833 -0.233711 0.618317
0.136972 -0.231181 0.618550
0.138453 -0.236931 0.617854
0.137339 -0.234896 0.620352
0.137016 -0.232727 0.620051
0.138152 -0.235835 0.620346
0.139682 -0.233939 0.624654
0.137070 -0.233580 0.622187
0.139316 -0.233732 0.620202
0.136851 -0.231659 0.624569
0.132523 -0.232301 0.623407
0.134806 -0.234049 0.624621
0.134885 -0.233197 0.628098
0.134849 -0.235428 0.622651
0.132916 -0.236342 0.627074
0.137870 -0.234376 0.627115
0.132340 -0.234489 0.622185
0.133420 -0.230648 0.628615
0.134289 -0.233654 0.628890
0.136405 -0.234650 0.627401
0.132503 -0.234401 0.624897
0.130619 -0.232889 0.628144
0.132243 -0.230546 0.626630
0.129112 -0.235471 0.629173
0.130220 -0.236409 0.630601
0.133761 -0.232747 0.630402
0.127825 -0.235937 0.629800
0.130690 -0.233495 0.629253
0.128663 -0.230224 0.628470
0.129298 -0.231031 0.628491
0.129494 -0.233338 0.632111
0.123952 -0.233702 0.629644
0.130658 -0.233221 0.630425
0.129876 -0.231829 0.633915
0.129896 -0.231570 0.631064
0.127947 -0.232516 0.633253
0.127644 -0.232924 0.632011
0.126438 -0.235072 0.631366
0.127639 -0.233748 0.633655
0.124722 -0.236374 0.632972
0.128632 -0.233317 0.632710
0.126387 -0.234078 0.633142
0.121469 -0.236543 0.635489
0.124464 -0.233035 0.636327
0.122859 -0.233073 0.633487
0.121640 -0.234610 0.637432
0.124359 -0.235127 0.635130
0.122765 -0.234725 0.637384
0.120529 -0.233786 0.635623
0.117980 -0.236619 0.634822
0.123612 -0.231955 0.637700
0.119990 -0.230693 0.563274
0.122208 -0.232801 0.562012
0.120558 -0.227137 0.562599
0.120880 -0.228132 0.563065
0.124795 -0.231696 0.567979
0.123184 -0.229487 0.564005
0.123668 -0.229726 0.564098
0.126654 -0.234274 0.562612
0.123831 -0.230031 0.568205
0.126088 -0.229766 0.564008
0.129313 -0.228023 0.571014
0.122803 -0.226314 0.566015
0.124474 -0.229501 0.566759
0.125946 -0.232656 0.566133
0.124393 -0.229577 0.564421
0.127780 -0.230581 0.569371
0.126144 -0.232472 0.564964
0.128615 -0.221884 0.565334
0.127197 -0.226694 0.569725
0.131348 -0.229175 0.569710
0.129260 -0.232027 0.569492
0.127555 -0.228557 0.563943
0.125681 -0.230139 0.569889
0.133841 -0.231524 0.571284
0.126851 -0.225158 0.565136
0.133803 -0.230678 0.567036
0.129939 -0.228218 0.570712
0.129687 -0.229660 0.571331
0.133517 -0.228661 0.570757
0.130450 -0.229957 0.571756
0.132838 -0.232105 0.572693
0.130981 -0.228923 0.573362
0.132440 -0.233211 0.575468
0.131539 -0.231005 0.573434
0.134370 -0.231138 0.572957
0.130995 -0.227950 0.573421
0.133213 -0.234205 0.573632
0.136206 -0.227915 0.573145
0.134853 -0.228764 0.572783
0.134263 -0.228602 0.578254
0.132406 -0.232225 0.578799
0.134765 -0.229293 0.574562
0.138173 -0.229234 0.580142
0.134208 -0.231112 0.575287
0.133866 -0.232706 0.578452
0.134678 -0.230173 0.577074
0.137417 -0.228500 0.580490
0.138684 -0.230440 0.580735
0.136660 -0.231780 0.577279
0.137328 -0.229594 0.583506
0.136713 -0.227162 0.577570
0.137731 -0.225389 0.580494
0.136349 -0.232109 0.586107
0.140883 -0.231155 0.581190
0.133615 -0.230397 0.585684
0.134932 -0.227853 0.584295
0.142189 -0.231067 0.584065
0.141963 -0.228977 0.585443
0.138813 -0.230310 0.583325
0.139869 -0.229865 0.584458
0.135520 -0.232774 0.585298
0.142323 -0.231710 0.584845
0.140049 -0.227984 0.589725
0.140856 -0.229912 0.585254
0.141230 -0.230511 0.587639
0.138804 -0.227742 0.586990
0.137637 -0.229999 0.586054
0.141934 -0.227259 0.589862
0.140681 -0.231585 0.588280
0.145395 -0.227775 0.587718
0.139361 -0.229132 0.590456
0.141609 -0.228619 0.588605
0.139903 -0.227816 0.591915
0.141137 -0.230011 0.593071
0.142347 -0.231154 0.589944
0.143426 -0.232236 0.596860
0.139614 -0.231035 0.595438
0.144894 -0.229656 0.588428
0.141823 -0.233983 0.593244
0.143831 -0.228206 0.595000
0.142691 -0.228541 0.594456
0.141502 -0.227374 0.596712
0.144722 -0.228974 0.597015
0.144003 -0.228348 0.600167
0.143574 -0.230718 0.596453
0.140519 -0.229318 0.596330
0.139820 -0.228487 0.601184
0.139256 -0.227844 0.599156
0.140413 -0.231158 0.598840
0.147055 -0.229303 0.602886
0.141270 -0.227654 0.601839
0.141118 -0.230932 0.601698
0.139296 -0.229828 0.598625
0.142445 -0.228923 0.603098
0.143213 -0.230146 0.601140
0.140685 -0.230985 0.601855
0.141318 -0.229419 0.601846
0.139136 -0.228432 0.602188
0.138926 -0.231625 0.603499
0.141759 -0.229367 0.608511
0.139514 -0.226573 0.605507
0.141443 -0.234271 0.605086
0.143311 -0.231896 0.603096
0.139312 -0.229453 0.606710
0.145033 -0.230765 0.608731
0.139304 -0.230251 0.609804
0.141076 -0.228758 0.605546
0.139671 -0.230899 0.606313
0.140517 -0.226874 0.608606
0.141848 -0.226663 0.609613
0.140941 -0.230765 0.612296
0.142951 -0.225668 0.614697
0.138021 -0.228230 0.615286
0.141543 -0.229410 0.609248
0.143072 -0.231754 0.612388
0.139976 -0.228795 0.611652
0.139655 -0.227647 0.612921
0.142176 -0.231054 0.616443
0.141242 -0.227260 0.615500
0.136872 -0.234877 0.616535
0.138883 -0.230537 0.613191
0.138548 -0.229129 0.617102
0.138890 -0.234118 0.616975
0.139878 -0.230977 0.613641
0.136403 -0.227239 0.615460
0.141299 -0.230247 0.618908
0.136827 -0.232282 0.617198
0.134991 -0.232439 0.618989
0.141392 -0.229390 0.615189
0.135980 -0.229396 0.618663
0.142623 -0.225959 0.618797
0.141798 -0.231655 0.617933
0.140232 -0.231845 0.619153
0.140336 -0.230572 0.623459
0.138308 -0.230582 0.622455
0.138907 -0.228061 0.619899
0.138286 -0.234443 0.621382
0.136201 -0.227851 0.625189
0.133115 -0.230885 0.622571
0.134588 -0.229021 0.624536
0.136647 -0.230463 0.630094
0.132654 -0.230174 0.627218
0.136388 -0.228140 0.627068
0.134097 -0.229492 0.627228
0.137476 -0.232265 0.624327
0.133949 -0.227832 0.623308
0.135546 -0.231020 0.627716
0.133864 -0.226648 0.624526
0.134191 -0.230215 0.625570
0.134626 -0.231589 0.628844
0.130307 -0.232035 0.629122
0.136385 -0.228724 0.626186
0.132380 -0.230292 0.627103
0.131785 -0.228616 0.630435
0.128942 -0.226423 0.628556
0.127424 -0.231421 0.629745
0.128571 -0.229330 0.628021
0.131985 -0.229402 0.629650
0.131523 -0.231660 0.630190
0.130359 -0.229027 0.630957
0.130565 -0.230834 0.631137
0.126673 -0.229926 0.629164
0.125702 -0.229828 0.629771
0.129200 -0.227858 0.633315
0.128804 -0.228773 0.629442
0.124692 -0.229148 0.630617
0.125156 -0.229884 0.633725
0.122970 -0.229755 0.635126
0.126496 -0.226797 0.632782
0.127906 -0.225466 0.635461
0.126952 -0.227763 0.629965
0.123150 -0.227611 0.632062
0.124744 -0.228697 0.637434
0.123469 -0.228052 0.635143
0.126488 -0.231076 0.634380
0.123696 -0.226450 0.636232
0.122413 -0.231050 0.638083
0.120667 -0.230301 0.635676
0.123852 -0.231518 0.634811
0.121596 -0.229727 0.633782
0.119414 -0.227735 0.563210
0.119931 -0.222505 0.563923
0.124462 -0.225790 0.564125
0.123935 -0.227137 0.560271
0.123768 -0.227943 0.566797
0.121495 -0.226140 0.564500
0.122585 -0.227209 0.564366
0.124492 -0.225926 0.565100
0.124521 -0.230893 0.568055
0.126321 -0.228965 0.563903
0.121079 -0.232347 0.564946
0.129091 -0.226125 0.566627
0.126307 -0.225244 0.566417
0.124899 -0.227595 0.568187
0.126151 -0.230231 0.568235
0.127791 -0.223720 0.567669
0.127744 -0.226614 0.566196
0.128642 -0.227432 0.566039
0.128257 -0.226207 0.569164
0.130177 -0.222014 0.568234
0.131890 -0.226387 0.569365
0.131178 -0.228106 0.569302
0.131285 -0.229291 0.567922
0.129358 -0.226460 0.571694
0.128032 -0.223620 0.571913
0.132156 -0.230341 0.571520
0.129719 -0.224940 0.571042
0.130749 -0.228252 0.571124
0.133282 -0.229687 0.570458
0.131753 -0.226814 0.571395
0.132968 -0.226262 0.568514
0.134939 -0.229262 0.575435
0.134758 -0.229940 0.573702
0.136246 -0.223634 0.574248
0.132280 -0.223989 0.571273
0.131140 -0.224855 0.572249
0.135528 -0.228549 0.573818
0.137038 -0.226554 0.576774
0.134623 -0.227312 0.574516
0.133433 -0.225599 0.577216
0.138892 -0.225821 0.576210
0.136833 -0.223505 0.574269
0.139436 -0.228017 0.575962
0.141507 -0.224203 0.576909
0.138334 -0.223668 0.579801
0.139065 -0.225665 0.579897
0.134829 -0.228444 0.579673
0.134665 -0.225043 0.579560
0.139953 -0.224599 0.579344
0.132430 -0.229280 0.580607
0.142138 -0.226352 0.582220
0.138217 -0.231715 0.582706
0.137972 -0.229393 0.583337
0.138584 -0.220486 0.577954
0.137280 -0.226287 0.582084
0.140387 -0.224606 0.584267
0.139410 -0.227774 0.584131
0.141255 -0.226142 0.580030
0.143022 -0.227374 0.586455
0.138832 -0.224217 0.584503
0.142986 -0.223763 0.584339
0.134330 -0.225684 0.584121
0.142292 -0.225622 0.585822
0.138585 -0.228078 0.589979
0.142561 -0.226810 0.588163
0.142616 -0.226746 0.584379
0.144238 -0.227021 0.587246
0.141103 -0.228287 0.586784
0.141624 -0.227791 0.590294
0.142110 -0.222407 0.589391
0.141604 -0.227447 0.592801
0.142514 -0.225589 0.594689
0.142224 -0.225809 0.588770
0.138251 -0.227378 0.592085
0.139652 -0.228262 0.593889
0.140794 -0.227517 0.592181
0.139821 -0.224619 0.596221
0.144172 -0.223263 0.589903
0.143976 -0.226603 0.597108
0.140938 -0.224700 0.598421
0.143538 -0.226041 0.595052
0.143441 -0.226662 0.593555
0.143696 -0.222938 0.597193
0.144665 -0.223809 0.596993
0.142420 -0.227860 0.597875
0.143593 -0.228117 0.597327
0.144723 -0.227565 0.599891
0.143375 -0.226854 0.600692
0.143878 -0.226351 0.599603
0.143439 -0.225239 0.600779
0.144074 -0.227228 0.603347
0.142447 -0.226585 0.603518
0.144641 -0.229945 0.601394
0.144157 -0.225141 0.598558
0.141192 -0.227776 0.603650
0.144307 -0.225504 0.602824
0.140917 -0.224084 0.598984
0.143581 -0.225024 0.604497
0.142437 -0.225946 0.605712
0.141067 -0.224769 0.604872
0.142522 -0.231560 0.602689
0.141809 -0.227571 0.607653
0.139198 -0.223844 0.607935
0.142535 -0.227239 0.604478
0.139585 -0.227704 0.607269
0.143257 -0.224851 0.609940
0.143877 -0.227659 0.607204
0.143873 -0.227881 0.610799
0.141733 -0.229020 0.610138
0.141970 -0.227875 0.604951
0.141966 -0.225376 0.611868
0.142132 -0.227687 0.607369
0.140904 -0.224328 0.610990
0.138590 -0.229611 0.606404
0.141271 -0.225362 0.607811
0.139523 -0.223433 0.608354
0.143576 -0.223941 0.614815
0.141444 -0.225242 0.614851
0.143596 -0.228461 0.610518
0.136167 -0.225793 0.616567
0.138523 -0.225395 0.615417
0.142121 -0.224773 0.616298
0.138275 -0.227005 0.617696
0.139751 -0.223616 0.615121
0.141131 -0.226620 0.617666
0.135587 -0.224885 0.615478
0.141180 -0.224540 0.616474
0.141552 -0.223229 0.621678
0.140876 -0.226945 0.621555
0.135731 -0.226854 0.619801
0.134792 -0.223810 0.620821
0.137511 -0.230463 0.618686
0.139135 -0.224912 0.618658
0.134705 -0.226161 0.618565
0.133805 -0.223339 0.621315
0.137507 -0.226723 0.623634
0.138444 -0.226550 0.621288
0.135449 -0.224445 0.622840
0.133609 -0.223588 0.623043
0.136706 -0.223400 0.624421
0.137074 -0.226405 0.625018
0.136961 -0.225452 0.624058
0.134538 -0.226778 0.625138
0.133630 -0.225137 0.624130
0.136265 -0.226015 0.624157
0.134839 -0.228402 0.631767
0.132307 -0.226532 0.629004
0.132264 -0.228077 0.624676
0.135281 -0.228497 0.630327
0.133950 -0.226518 0.629611
0.132398 -0.226830 0.625248
0.129233 -0.225807 0.624103
0.128625 -0.229351 0.628315
0.128605 -0.226723 0.633761
0.131014 -0.222919 0.629401
0.128416 -0.227533 0.628131
0.131083 -0.225094 0.630115
0.129064 -0.228012 0.629290
0.127724 -0.228040 0.635351
0.130881 -0.228555 0.630809
0.129405 -0.226573 0.629764
0.129070 -0.226237 0.632396
0.130206 -0.227592 0.632148
0.126660 -0.228215 0.631019
0.127642 -0.227628 0.630514
0.125403 -0.226213 0.635550
0.129028 -0.229607 0.632453
0.127248 -0.227297 0.633081
0.123858 -0.226159 0.633426
0.123612 -0.225434 0.636040
0.125882 -0.228717 0.634828
0.126069 -0.224257 0.636965
0.125982 -0.226810 0.635897
0.125097 -0.226218 0.635815
0.121290 -0.225845 0.634574
0.122601 -0.223076 0.636161
0.123088 -0.227677 0.633060
0.119671 -0.227101 0.635793
0.118074 -0.227766 0.636499
0.119581 -0.227192 0.636974
0.123589 -0.222424 0.566125
0.118901 -0.220544 0.563037
0.124000 -0.219168 0.565523
0.123313 -0.219931 0.562968
0.124955 -0.222301 0.564945
0.122140 -0.222404 0.565183
0.123708 -0.222404 0.562010
0.126004 -0.223551 0.565506
0.123322 -0.223745 0.564041
0.127439 -0.224682 0.564127
0.125024 -0.225453 0.563882
0.126175 -0.222490 0.567674
0.127034 -0.224772 0.564442
0.128575 -0.227372 0.567100
0.128264 -0.220759 0.569796
0.129428 -0.219302 0.563872
0.127111 -0.222389 0.563296
0.126565 -0.220753 0.566777
0.130418 -0.221796 0.570761
0.130451 -0.221978 0.570114
0.127467 -0.219730 0.568662
0.127967 -0.222124 0.566725
0.134023 -0.218330 0.572184
0.128466 -0.222091 0.570766
0.129629 -0.223544 0.571479
0.130051 -0.223011 0.571059
0.128898 -0.223573 0.570537
0.134966 -0.222616 0.572583
0.132581 -0.222887 0.572312
0.132222 -0.227027 0.572595
0.131535 -0.223457 0.571009
0.131274 -0.222858 0.572368
0.133495 -0.222416 0.573648
0.133918 -0.224050 0.573622
0.135247 -0.223224 0.575614
0.134424 -0.220864 0.572929
0.135145 -0.221207 0.573737
0.135180 -0.222194 0.575414
0.136993 -0.222193 0.575591
0.137093 -0.222142 0.582032
0.132613 -0.222572 0.576777
0.135952 -0.226867 0.577443
0.135083 -0.221531 0.575499
0.139797 -0.223052 0.577090
0.137283 -0.225848 0.576405
0.138042 -0.223624 0.579025
0.132663 -0.225743 0.575893
0.140562 -0.223410 0.582177
0.136959 -0.221065 0.578984
0.136783 -0.223433 0.580643
0.133933 -0.223201 0.579017
0.136745 -0.223760 0.580526
0.138164 -0.221078 0.583969
0.141962 -0.224494 0.582021
0.138142 -0.224045 0.583927
0.140437 -0.223326 0.583518
0.141662 -0.223353 0.585895
0.139466 -0.222098 0.587889
0.138612 -0.222270 0.587217
0.140167 -0.220330 0.590281
0.142904 -0.223017 0.584174
0.140712 -0.223960 0.584731
0.141910 -0.221574 0.583477
0.139611 -0.224890 0.588486
0.141535 -0.220999 0.587625
0.141967 -0.221474 0.588062
0.142815 -0.226402 0.590630
0.138559 -0.223582 0.589569
0.141566 -0.225610 0.589613
0.137061 -0.223402 0.589053
0.144422 -0.223564 0.588971
0.140147 -0.224671 0.590871
0.142045 -0.219824 0.588833
0.142863 -0.225783 0.591271
0.144015 -0.220628 0.594020
0.140783 -0.221131 0.595822
0.139275 -0.224084 0.593518
0.142570 -0.222364 0.593445
0.140861 -0.221947 0.592907
0.141895 -0.222051 0.595733
0.144018 -0.221149 0.596732
0.145358 -0.225567 0.596288
0.142843 -0.223366 0.596373
0.143222 -0.223581 0.600898
0.146469 -0.223825 0.599451
0.144248 -0.222410 0.597551
0.143634 -0.222555 0.597368
0.144373 -0.222527 0.601115
0.140101 -0.224406 0.593277
0.141823 -0.225155 0.601006
0.144595 -0.222718 0.602134
0.141221 -0.225356 0.603552
0.144535 -0.221488 0.600677
0.144573 -0.221723 0.607006
0.137296 -0.225333 0.604008
0.143974 -0.222291 0.602467
0.141172 -0.219697 0.605562
0.143103 -0.222112 0.607169
0.140417 -0.225202 0.604086
0.140292 -0.221207 0.606206
0.143705 -0.223388 0.604135
0.143028 -0.227057 0.602743
0.140110 -0.225705 0.606274
0.139758 -0.221663 0.606524
0.138664 -0.227860 0.610878
0.142432 -0.222161 0.606695
0.139783 -0.220377 0.605819
0.140780 -0.223036 0.606886
0.140412 -0.224109 0.608125
0.144436 -0.222949 0.611553
0.139518 -0.224149 0.608816
0.138000 -0.223043 0.607717
0.138668 -0.223065 0.611605
0.139286 -0.222766 0.613871
0.143606 -0.221248 0.611373
0.143125 -0.223615 0.611864
0.142367 -0.222302 0.613949
0.138654 -0.223571 0.614067
0.141200 -0.221917 0.610378
0.144455 -0.221426 0.612754
0.142181 -0.223261 0.614108
0.142939 -0.225210 0.613335
0.137772 -0.224141 0.622271
0.138424 -0.224985 0.616620
0.140623 -0.220468 0.615033
0.142848 -0.222601 0.615491
0.137201 -0.222000 0.617700
0.137686 -0.222654 0.622787
0.141217 -0.223939 0.617156
0.140107 -0.225075 0.615338
0.135945 -0.225629 0.616462
0.137126 -0.224613 0.619152
0.138064 -0.224093 0.617353
0.135240 -0.221337 0.618531
0.134585 -0.222198 0.619255
0.134725 -0.222537 0.621289
0.135234 -0.223865 0.624141
0.136763 -0.224425 0.621572
0.139020 -0.223475 0.623553
0.136194 -0.224024 0.623619
0.133420 -0.223530 0.626025
0.134720 -0.219919 0.624536
0.135806 -0.222732 0.622776
0.136630 -0.220147 0.625563
0.134217 -0.223459 0.626353
0.136046 -0.221160 0.626285
0.133653 -0.222687 0.625841
0.131151 -0.218927 0.624906
0.131077 -0.220127 0.627912
0.133742 -0.224038 0.627272
0.133887 -0.217448 0.628753
0.132283 -0.221645 0.628150
0.130113 -0.226555 0.629416
0.128426 -0.220608 0.627707
0.130033 -0.225429 0.626946
0.129267 -0.222475 0.628430
0.129878 -0.224194 0.630758
0.130609 -0.222183 0.628042
0.127875 -0.225750 0.631829
0.123820 -0.220099 0.630152
0.127421 -0.222783 0.630558
0.127633 -0.222379 0.632609
0.126941 -0.219937 0.629138
0.129326 -0.222623 0.630047
0.128961 -0.220500 0.629279
0.128052 -0.223320 0.633201
0.123140 -0.221896 0.635410
0.126661 -0.224483 0.632689
0.126346 -0.223519 0.630955
0.122945 -0.226103 0.634049
0.128580 -0.220469 0.633807
0.124093 -0.221250 0.635927
0.126623 -0.222235 0.634072
0.124878 -0.219597 0.635696
0.127419 -0.224835 0.634830
0.123353 -0.223291 0.637558
0.123115 -0.221756 0.638993
0.119681 -0.223640 0.640233
0.120961 -0.225207 0.634824
0.118889 -0.223390 0.637263
0.121860 -0.218212 0.562826
0.123245 -0.217502 0.560592
0.120062 -0.218792 0.561291
0.124617 -0.220926 0.562637
0.123160 -0.215074 0.561908
0.123206 -0.221228 0.565566
0.123416 -0.219864 0.565621
0.123642 -0.219678 0.566015
0.124447 -0.220252 0.563512
0.125763 -0.219482 0.565273
0.124062 -0.220711 0.563913
0.129248 -0.218494 0.570157
0.122680 -0.222918 0.567036
0.126134 -0.220673 0.565546
0.126377 -0.224888 0.571956
0.126612 -0.220151 0.569291
0.127319 -0.219056 0.569162
0.129611 -0.218620 0.570302
0.130705 -0.219368 0.569601
0.127874 -0.217974 0.566285
0.126521 -0.221089 0.570240
0.128518 -0.220189 0.572093
0.133326 -0.215167 0.572200
0.131788 -0.218421 0.568222
0.131132 -0.219669 0.572844
0.132254 -0.221305 0.570508
0.132590 -0.219108 0.570227
0.133535 -0.223225 0.572913
0.130411 -0.222471 0.571439
0.134654 -0.222713 0.572094
0.132670 -0.220506 0.571969
0.132724 -0.219228 0.576062
0.127809 -0.219134 0.575306
0.130081 -0.218392 0.575848
0.133061 -0.219146 0.573136
0.131689 -0.220737 0.573345
0.136310 -0.220923 0.576431
0.136512 -0.217283 0.575603
0.136043 -0.221217 0.573903
0.138482 -0.217517 0.574314
0.133865 -0.216236 0.577354
0.138204 -0.216661 0.576889
0.137958 -0.221957 0.577534
0.137981 -0.216876 0.578057
0.137719 -0.221296 0.580295
0.134289 -0.220337 0.578594
0.135284 -0.220846 0.578687
0.139268 -0.218390 0.580425
0.138326 -0.218871 0.578288
0.137170 -0.220095 0.582118
0.138678 -0.218560 0.578732
0.141415 -0.220924 0.579542
0.138544 -0.219129 0.581546
0.141596 -0.220773 0.581431
0.136230 -0.217094 0.582111
0.138271 -0.223312 0.581585
0.138182 -0.218947 0.585539
0.141632 -0.221191 0.584608
0.142630 -0.218429 0.586320
0.142380 -0.218551 0.585383
0.145067 -0.222520 0.586162
0.141580 -0.219321 0.586229
0.139674 -0.217350 0.583129
0.138336 -0.222327 0.585750
0.139626 -0.218862 0.589561
0.139202 -0.219503 0.592211
0.142551 -0.222727 0.590041
0.141317 -0.219453 0.589754
0.142941 -0.218967 0.591524
0.142111 -0.217767 0.591143
0.139791 -0.222514 0.594250
0.139904 -0.221718 0.593043
0.143938 -0.219918 0.594027
0.140755 -0.220321 0.589227
0.145979 -0.219320 0.593887
0.138822 -0.218562 0.589371
0.140766 -0.218178 0.596328
0.145400 -0.219576 0.591370
0.143036 -0.220387 0.595920
0.143322 -0.215994 0.596257
0.142149 -0.218544 0.594882
0.141554 -0.220640 0.595485
0.141282 -0.219411 0.593475
0.141603 -0.218337 0.595375
0.140520 -0.215947 0.596367
0.146071 -0.219674 0.598895
0.144357 -0.220807 0.596821
0.142781 -0.219654 0.600395
0.141676 -0.220854 0.599846
0.141142 -0.221376 0.600451
0.141819 -0.222210 0.602079
0.142139 -0.224039 0.599309
0.144553 -0.219579 0.599969
0.142968 -0.220934 0.601096
0.143258 -0.221514 0.605904
0.137285 -0.222709 0.604565
0.143097 -0.215860 0.604591
0.144656 -0.218238 0.603423
0.138788 -0.220153 0.605165
0.142823 -0.221418 0.606695
0.141425 -0.221556 0.605434
0.142076 -0.221929 0.603853
0.142461 -0.216066 0.601322
0.137244 -0.221007 0.605882
0.143559 -0.222831 0.607792
0.142549 -0.217790 0.606506
0.140191 -0.220050 0.607199
0.140697 -0.220559 0.610181
0.141117 -0.219939 0.610447
0.140985 -0.219077 0.606807
0.141590 -0.219439 0.608981
0.140217 -0.221174 0.613044
0.140907 -0.220910 0.609920
0.139142 -0.219110 0.611944
0.139277 -0.221000 0.612647
0.138454 -0.216682 0.612840
0.139488 -0.219090 0.609454
0.141487 -0.220768 0.615399
0.141975 -0.221137 0.616880
0.139483 -0.220140 0.616547
0.141801 -0.220819 0.615286
0.138560 -0.221408 0.614057
0.140305 -0.223148 0.616306
0.137763 -0.220155 0.618715
0.140002 -0.220343 0.620252
0.135818 -0.219531 0.619061
0.136114 -0.218690 0.617150
0.141734 -0.217906 0.619186
0.135334 -0.220166 0.621810
0.139656 -0.221031 0.618568
0.134318 -0.219396 0.617447
0.134784 -0.221611 0.621381
0.134313 -0.225235 0.624497
0.136218 -0.220565 0.618421
0.139155 -0.218311 0.622635
0.137556 -0.217876 0.622416
0.136016 -0.217650 0.622475
0.135032 -0.218963 0.618615
0.136129 -0.220996 0.619878
0.136717 -0.215724 0.625756
0.136507 -0.221187 0.620886
0.134343 -0.221015 0.624554
0.138165 -0.218012 0.625225
0.135231 -0.222679 0.626352
0.134540 -0.221097 0.625183
0.133472 -0.218444 0.624751
0.135815 -0.219550 0.625164
0.136063 -0.219951 0.626520
0.130865 -0.217292 0.626848
0.133745 -0.220187 0.627845
0.129786 -0.220535 0.625135
0.131365 -0.218165 0.627024
0.131503 -0.219253 0.631716
0.132938 -0.222880 0.631434
0.127630 -0.222594 0.629542
0.133725 -0.221246 0.627075
0.129611 -0.219357 0.632508
0.130053 -0.220456 0.629339
0.129808 -0.218739 0.628533
0.128798 -0.218220 0.635246
0.129752 -0.224118 0.630022
0.129243 -0.220385 0.633846
0.127543 -0.218641 0.632806
0.126779 -0.220744 0.631454
0.125136 -0.219622 0.631121
0.126924 -0.221834 0.635992
0.127578 -0.216966 0.631857
0.125417 -0.218738 0.634119
0.126379 -0.218094 0.634731
0.127644 -0.220742 0.636033
0.117989 -0.219053 0.633836
0.123595 -0.219733 0.634429
0.124915 -0.221708 0.633719
0.124490 -0.220725 0.634351
0.124367 -0.219297 0.634362
0.121362 -0.218634 0.637244
0.123725 -0.218673 0.635443
0.120458 -0.219838 0.635948
0.120396 -0.219227 0.642223
0.120204 -0.220399 0.638157
0.119765 -0.217185 0.562279
0.121499 -0.214743 0.564434
0.119229 -0.216994 0.561676
0.123090 -0.217335 0.566012
0.126693 -0.216961 0.564539
0.124815 -0.217717 0.561544
0.124652 -0.215760 0.561000
0.123940 -0.217400 0.563695
0.124552 -0.219259 0.562486
0.127341 -0.215176 0.565352
0.125501 -0.215813 0.565885
0.130310 -0.217545 0.567308
0.123836 -0.215175 0.569889
0.126378 -0.217906 0.563567
0.129081 -0.217744 0.567499
0.128650 -0.218234 0.567526
0.130312 -0.218018 0.567161
0.128095 -0.219541 0.567212
0.130184 -0.212380 0.566559
0.128918 -0.215639 0.568174
0.127970 -0.216759 0.568218
0.127891 -0.216807 0.569166
0.125423 -0.216075 0.569396
0.130367 -0.220264 0.574020
0.130602 -0.219519 0.572609
0.132172 -0.217403 0.573279
0.132363 -0.218301 0.569914
0.132432 -0.213087 0.570725
0.134710 -0.215983 0.570548
0.134893 -0.218092 0.571973
0.128416 -0.216973 0.574338
0.130429 -0.219347 0.576191
0.134504 -0.217780 0.573362
0.137341 -0.218651 0.575835
0.134922 -0.215590 0.574134
0.135692 -0.218133 0.574878
0.137147 -0.216626 0.575405
0.136507 -0.219566 0.571345
0.137776 -0.215664 0.576902
0.134434 -0.216166 0.577911
0.135408 -0.217408 0.574965
0.132839 -0.221151 0.576333
0.135185 -0.211416 0.576314
0.134077 -0.212583 0.576521
0.135922 -0.214356 0.580428
0.138893 -0.214955 0.577015
0.135855 -0.217192 0.580584
0.136894 -0.214088 0.580312
0.138343 -0.220626 0.580586
0.135859 -0.214420 0.580383
0.139615 -0.214858 0.580066
0.136966 -0.214045 0.584300
0.137022 -0.219374 0.583810
0.135946 -0.216251 0.578389
0.141191 -0.215396 0.582200
0.136768 -0.221738 0.583275
0.140765 -0.215704 0.581289
0.141078 -0.215473 0.581201
0.136380 -0.218107 0.587286
0.138704 -0.212636 0.587820
0.136791 -0.216650 0.592438
0.140317 -0.214702 0.586989
0.139943 -0.217604 0.587299
0.141520 -0.214921 0.588912
0.138583 -0.218005 0.589210
0.141252 -0.219988 0.586203
0.145824 -0.216870 0.588056
0.141900 -0.215196 0.586291
0.139895 -0.213053 0.587599
0.141537 -0.213278 0.589825
0.141377 -0.217989 0.588981
0.143913 -0.215004 0.591532
0.140751 -0.212873 0.595044
0.142162 -0.217859 0.589784
0.146495 -0.210974 0.591151
0.142414 -0.220241 0.591311
0.145949 -0.214602 0.595119
0.141495 -0.218275 0.593278
0.144493 -0.215407 0.595722
0.143607 -0.217686 0.595144
0.140505 -0.218343 0.596368
0.139725 -0.213181 0.596319
0.139708 -0.217377 0.594168
0.144382 -0.215060 0.596973
0.145862 -0.216109 0.596866
0.140675 -0.218634 0.598639
0.144208 -0.216384 0.598941
0.142700 -0.212759 0.599295
0.144936 -0.216571 0.597626
0.139444 -0.218424 0.600658
0.140537 -0.214047 0.599503
0.138778 -0.215923 0.599772
0.146285 -0.214894 0.599225
0.142656 -0.219164 0.598625
0.142291 -0.215234 0.601236
0.144729 -0.219971 0.603858
0.142874 -0.219304 0.604101
0.141713 -0.213915 0.600576
0.143642 -0.216880 0.607293
0.147411 -0.217064 0.604154
0.141980 -0.216470 0.607226
0.140987 -0.217839 0.605576
0.142020 -0.213414 0.605087
0.140742 -0.215148 0.607718
0.139825 -0.217054 0.604390
0.143298 -0.218014 0.606258
0.140831 -0.218205 0.608192
0.143313 -0.215799 0.612845
0.141723 -0.219744 0.608980
0.140114 -0.214484 0.609105
0.141920 -0.219179 0.608594
0.141368 -0.217058 0.610537
0.144229 -0.218879 0.608550
0.143469 -0.215932 0.610077
0.141473 -0.214503 0.610489
0.142424 -0.216655 0.615265
0.136022 -0.212594 0.612727
0.142646 -0.217528 0.614418
0.142360 -0.216125 0.613091
0.138528 -0.217751 0.615966
0.137892 -0.214891 0.614921
0.139181 -0.217700 0.614368
0.135399 -0.215067 0.614842
0.141729 -0.217879 0.614590
0.138953 -0.217117 0.614366
0.134779 -0.218027 0.615863
0.140052 -0.214840 0.615530
0.140003 -0.218386 0.616650
0.137367 -0.218115 0.619991
0.141128 -0.218374 0.619708
0.137776 -0.215343 0.618236
0.140089 -0.214983 0.620920
0.141495 -0.217692 0.620173
0.138538 -0.214228 0.620888
0.138223 -0.213346 0.620796
0.136134 -0.216137 0.616659
0.137551 -0.215184 0.625998
0.133357 -0.215653 0.623296
0.137264 -0.218678 0.616681
0.135678 -0.215763 0.623805
0.133946 -0.217963 0.623480
0.133138 -0.218190 0.624637
0.135846 -0.218509 0.620834
0.132397 -0.214922 0.624269
0.135530 -0.215062 0.627629
0.133154 -0.216057 0.627432
0.132684 -0.218254 0.628299
0.136270 -0.218027 0.627550
0.133834 -0.215849 0.626108
0.130943 -0.218671 0.629209
0.132288 -0.215143 0.624008
0.133942 -0.214384 0.628604
0.135774 -0.215870 0.628711
0.129415 -0.217586 0.629701
0.131608 -0.213965 0.627933
0.131611 -0.218146 0.629114
0.129002 -0.220769 0.631389
0.128073 -0.218094 0.630458
0.127209 -0.218230 0.625353
0.129123 -0.215067 0.629938
0.130998 -0.213415 0.632532
0.127798 -0.214907 0.632964
0.128337 -0.214110 0.632717
0.125280 -0.216860 0.632355
0.124843 -0.219233 0.632628
0.127885 -0.218406 0.633802
0.124584 -0.218825 0.634891
0.126419 -0.220025 0.630124
0.125863 -0.218163 0.631961
0.122509 -0.216941 0.638583
0.121627 -0.213093 0.632489
0.122071 -0.214707 0.634052
0.123513 -0.214171 0.638805
0.124426 -0.218574 0.632919
0.123012 -0.214428 0.636198
0.123371 -0.214203 0.631203
0.124168 -0.216296 0.635925
0.122813 -0.217022 0.634007
0.117541 -0.215750 0.633993
0.120945 -0.219841 0.636609
0.122096 -0.213814 0.563903
0.120096 -0.214022 0.563734
0.122028 -0.212069 0.563880
0.124430 -0.209699 0.565210
0.124841 -0.212233 0.562107
0.125066 -0.211210 0.562284
0.123439 -0.216039 0.565418
0.127177 -0.212627 0.563648
0.126775 -0.211884 0.565746
0.126660 -0.213379 0.567811
0.121193 -0.211880 0.564286
0.126544 -0.214521 0.562958
0.127206 -0.215650 0.561645
0.126084 -0.210331 0.570365
0.130015 -0.216784 0.567003
0.125338 -0.212586 0.563600
0.128946 -0.212597 0.570319
0.130499 -0.212787 0.564842
0.129583 -0.214319 0.568493
0.131166 -0.216856 0.568157
0.127159 -0.212550 0.569971
0.130165 -0.212165 0.567789
0.128665 -0.213177 0.570146
0.129982 -0.214884 0.569441
0.130891 -0.215301 0.568587
0.131884 -0.208426 0.571145
0.129003 -0.209803 0.572287
0.129518 -0.212413 0.572384
0.133997 -0.214856 0.574061
0.131459 -0.212418 0.569870
0.135043 -0.212542 0.570927
0.133749 -0.211550 0.574994
0.134885 -0.216769 0.571273
0.133325 -0.212651 0.571337
0.135925 -0.212091 0.570611
0.131592 -0.210657 0.570930
0.138537 -0.209738 0.572474
0.135433 -0.210967 0.572576
0.131046 -0.210039 0.575253
0.131692 -0.210922 0.578312
0.136240 -0.213307 0.574556
0.132221 -0.211626 0.577912
0.132912 -0.215062 0.575648
0.135145 -0.213426 0.580660
0.136466 -0.210996 0.578337
0.138588 -0.213502 0.580465
0.135345 -0.216700 0.581161
0.134486 -0.215532 0.582488
0.136641 -0.213045 0.580465
0.138589 -0.211170 0.579819
0.135871 -0.211214 0.580552
0.136971 -0.211901 0.582682
0.138654 -0.217434 0.585919
0.138326 -0.216066 0.583277
0.141312 -0.210800 0.583422
0.139827 -0.216805 0.577545
0.141593 -0.212704 0.583973
0.136066 -0.209780 0.582714
0.141059 -0.216070 0.580053
0.140013 -0.212143 0.582584
0.144705 -0.214271 0.588204
0.142223 -0.216085 0.586839
0.138378 -0.212712 0.586127
0.142305 -0.214603 0.587997
0.142007 -0.210803 0.585722
0.142069 -0.211552 0.590038
0.135994 -0.216989 0.584306
0.139757 -0.215733 0.587845
0.140423 -0.211017 0.591065
0.140034 -0.213492 0.586100
0.139932 -0.213592 0.589114
0.145247 -0.218291 0.589418
0.141333 -0.211461 0.591853
0.138015 -0.215171 0.592594
0.141801 -0.210922 0.593262
0.141230 -0.213883 0.594039
0.140330 -0.213719 0.595406
0.140953 -0.212237 0.588361
0.140277 -0.213155 0.595159
0.141635 -0.213051 0.592853
0.141855 -0.211605 0.593146
0.139275 -0.211141 0.599237
0.144961 -0.214482 0.595527
0.141322 -0.212020 0.598189
0.140747 -0.211875 0.597860
0.145237 -0.213420 0.598274
0.138748 -0.213972 0.599383
0.139761 -0.214775 0.598499
0.141637 -0.214978 0.597963
0.143415 -0.210257 0.601453
0.142959 -0.210348 0.597027
0.144649 -0.212895 0.600427
0.141061 -0.213094 0.602015
0.141007 -0.214968 0.602471
0.145399 -0.210759 0.604358
0.140960 -0.214035 0.601828
0.146080 -0.213970 0.605484
0.143869 -0.214751 0.604535
0.144952 -0.211638 0.604672
0.144377 -0.215831 0.603632
0.142211 -0.211535 0.607656
0.140827 -0.212879 0.608104
0.144326 -0.214228 0.604288
0.141195 -0.212268 0.601791
0.144672 -0.213417 0.609193
0.144716 -0.213831 0.604655
0.138252 -0.209681 0.606765
0.141465 -0.215764 0.607521
0.141985 -0.211974 0.609011
0.139266 -0.213464 0.608965
0.143635 -0.214221 0.607512
0.141898 -0.214855 0.613124
0.143591 -0.213780 0.610182
0.142141 -0.216292 0.613553
0.143348 -0.212538 0.612141
0.139276 -0.214724 0.613209
0.141039 -0.214164 0.614947
0.139536 -0.211028 0.611412
0.140777 -0.211725 0.615869
0.139361 -0.212891 0.614596
0.142018 -0.214746 0.614384
0.136042 -0.209675 0.615670
0.138754 -0.213202 0.617295
0.138604 -0.212431 0.613316
0.136510 -0.210630 0.616756
0.135611 -0.212774 0.618669
0.141768 -0.214550 0.617915
0.136801 -0.216386 0.616012
0.138099 -0.214069 0.617933
0.136968 -0.212586 0.623387
0.138894 -0.210970 0.623300
0.134745 -0.215450 0.618150
0.134699 -0.210820 0.617830
0.135715 -0.211067 0.618966
0.137342 -0.211328 0.619776
0.138969 -0.211648 0.622400
0.136047 -0.214906 0.625863
0.134945 -0.213484 0.622172
0.135495 -0.211814 0.621275
0.135494 -0.211018 0.621098
0.135214 -0.215484 0.623368
0.135467 -0.214639 0.627862
0.131865 -0.210616 0.624159
0.135057 -0.214936 0.626093
0.134980 -0.216250 0.624942
0.133363 -0.211266 0.623219
0.135006 -0.212303 0.629136
0.130550 -0.211015 0.621065
0.130286 -0.213618 0.624515
0.134076 -0.213993 0.627387
0.132162 -0.211581 0.626175
0.133979 -0.213363 0.628846
0.132831 -0.211936 0.626788
0.130162 -0.214146 0.629211
0.131343 -0.217311 0.624944
0.132127 -0.215263 0.630346
0.128647 -0.212195 0.630339
0.127769 -0.210629 0.632522
0.130636 -0.216608 0.629019
0.130150 -0.211082 0.629198
0.123671 -0.215023 0.632516
0.126825 -0.210080 0.630876
0.131325 -0.215265 0.631766
0.129221 -0.214750 0.639088
0.129784 -0.213810 0.633487
0.126268 -0.213372 0.635464
0.126947 -0.209574 0.633025
0.127946 -0.211719 0.635822
0.125134 -0.212048 0.634587
0.122474 -0.211304 0.634684
0.123402 -0.211553 0.636234
0.123744 -0.211973 0.637447
0.124896 -0.212816 0.634585
0.121885 -0.210868 0.634932
0.121505 -0.218773 0.635448
0.121591 -0.213413 0.635750
0.122037 -0.212140 0.637973
0.121204 -0.212353 0.635184
0.123238 -0.213432 0.636008
0.121826 -0.212935 0.635584
0.121709 -0.208216 0.563032
0.120517 -0.207255 0.563567
0.120387 -0.211437 0.563255
0.124779 -0.207174 0.565334
0.120524 -0.210349 0.566811
0.124991 -0.209109 0.566100
0.123242 -0.208858 0.565756
0.122602 -0.207554 0.564342
0.125945 -0.211503 0.568241
0.129416 -0.210636 0.567055
0.123592 -0.205804 0.563336
0.125173 -0.210562 0.569663
0.124155 -0.208840 0.568713
0.127205 -0.210459 0.567458
0.125983 -0.208263 0.568304
0.127813 -0.207723 0.566624
0.127144 -0.209086 0.568882
0.127216 -0.208447 0.569339
0.128603 -0.209879 0.567498
0.131429 -0.211066 0.571992
0.128545 -0.212533 0.570420
0.129845 -0.210508 0.569167
0.129441 -0.208273 0.567474
0.128223 -0.207210 0.571193
0.130195 -0.206633 0.569485
0.135064 -0.211036 0.571444
0.131740 -0.206653 0.572479
0.132625 -0.208294 0.573541
0.134051 -0.210764 0.570988
0.132785 -0.212711 0.569024
0.133206 -0.208788 0.571999
0.131348 -0.211383 0.573475
0.136622 -0.210335 0.574291
0.133319 -0.210150 0.575417
0.130713 -0.210733 0.574893
0.134307 -0.212778 0.578079
0.139176 -0.210835 0.576918
0.135629 -0.209418 0.572826
0.136386 -0.208910 0.574041
0.137213 -0.210837 0.578501
0.135821 -0.210453 0.580828
0.138649 -0.208185 0.575358
0.135337 -0.208465 0.576521
0.135067 -0.208708 0.578584
0.134048 -0.207933 0.578494
0.140956 -0.209663 0.578599
0.135683 -0.208337 0.578618
0.137572 -0.207465 0.582495
0.138101 -0.210110 0.579898
0.135772 -0.206883 0.581860
0.135465 -0.211948 0.579763
0.141410 -0.212355 0.581303
0.138766 -0.211718 0.581329
0.141683 -0.207288 0.579528
0.139677 -0.209607 0.585034
0.136653 -0.209434 0.584660
0.137063 -0.209693 0.583625
0.140268 -0.210799 0.589379
0.140927 -0.211706 0.583093
0.137627 -0.209400 0.585251
0.141426 -0.208975 0.584261
0.139252 -0.208427 0.587558
0.137755 -0.210589 0.588187
0.139220 -0.209354 0.585323
0.142869 -0.210203 0.586593
0.141686 -0.209847 0.588572
0.143399 -0.209534 0.588706
0.144119 -0.209781 0.588643
0.143073 -0.211913 0.591889
0.141086 -0.210785 0.589109
0.140048 -0.208095 0.589281
0.137453 -0.210842 0.592243
0.141154 -0.210847 0.589228
0.143973 -0.210729 0.593010
0.137799 -0.210181 0.590545
0.141308 -0.209318 0.591938
0.142699 -0.207380 0.593483
0.139711 -0.207670 0.592395
0.142056 -0.207482 0.594504
0.141851 -0.210027 0.592335
0.141374 -0.212055 0.596120
0.141342 -0.209621 0.597839
0.143928 -0.208998 0.597914
0.143779 -0.209602 0.598020
0.145153 -0.210113 0.597765
0.139280 -0.211260 0.597977
0.141621 -0.209127 0.597686
0.142112 -0.209694 0.597518
0.143822 -0.211020 0.599339
0.145002 -0.209334 0.598529
0.141471 -0.208459 0.601577
0.141105 -0.210827 0.604700
0.140808 -0.206577 0.601621
0.141195 -0.210068 0.601031
0.141730 -0.208838 0.598855
0.144511 -0.208681 0.601131
0.139261 -0.206237 0.600050
0.142934 -0.208484 0.601317
0.144660 -0.212673 0.600673
0.139710 -0.211265 0.607460
0.139719 -0.205836 0.605546
0.144095 -0.208572 0.604172
0.141424 -0.208692 0.607009
0.145924 -0.211431 0.603966
0.139403 -0.212260 0.606779
0.142421 -0.205720 0.607849
0.140436 -0.209338 0.612125
0.140556 -0.211366 0.609579
0.142929 -0.208141 0.610350
0.143386 -0.205930 0.613304
0.143340 -0.208818 0.608461
0.139902 -0.212336 0.609422
0.141336 -0.207916 0.608648
0.143621 -0.209977 0.607785
0.141410 -0.211467 0.610239
0.140457 -0.211838 0.612569
0.140785 -0.207374 0.611051
0.137851 -0.204468 0.612164
0.142799 -0.209884 0.613144
0.144269 -0.207877 0.613492
0.139321 -0.208120 0.614537
0.140729 -0.210232 0.615023
0.140006 -0.209923 0.613061
0.139499 -0.211542 0.615455
0.138177 -0.211699 0.620505
0.135860 -0.207199 0.614646
0.137690 -0.207824 0.617635
0.138876 -0.205776 0.619370
0.140758 -0.209172 0.618654
0.138124 -0.206301 0.612660
0.138625 -0.208552 0.616017
0.138050 -0.210062 0.617903
0.137745 -0.211860 0.623205
0.134521 -0.211995 0.619798
0.136808 -0.208309 0.621721
0.136733 -0.214795 0.620649
0.136156 -0.207721 0.619890
0.136852 -0.210408 0.620786
0.135760 -0.210054 0.623067
0.135391 -0.207820 0.624852
0.133133 -0.206574 0.626406
0.136723 -0.209212 0.627948
0.133996 -0.209079 0.622608
0.134845 -0.207198 0.624081
0.135784 -0.211451 0.626368
0.137192 -0.210027 0.625558
0.135797 -0.207495 0.626030
0.133759 -0.209458 0.628436
0.134284 -0.208955 0.625469
0.129673 -0.213305 0.628141
0.138438 -0.208295 0.629513
0.131898 -0.208716 0.625985
0.131891 -0.211893 0.629636
0.128872 -0.207486 0.628811
0.132404 -0.208668 0.626384
0.128160 -0.207370 0.630408
0.132024 -0.205299 0.631356
0.133292 -0.209768 0.629024
0.130088 -0.209204 0.631299
0.130942 -0.207733 0.633594
0.128182 -0.210749 0.632286
0.130261 -0.208802 0.632264
0.132026 -0.208424 0.629939
0.126860 -0.206129 0.634053
0.124674 -0.211235 0.633403
0.126394 -0.208506 0.630800
0.126626 -0.208881 0.634522
0.126495 -0.209563 0.633412
0.126987 -0.208115 0.632503
0.123985 -0.209260 0.631998
0.124578 -0.204759 0.635438
0.123733 -0.210541 0.633364
0.122134 -0.210083 0.636458
0.125717 -0.207931 0.631328
0.123908 -0.211082 0.635818
0.122797 -0.210260 0.633294
0.122326 -0.209635 0.636993
0.122203 -0.211403 0.639282
0.124934 -0.210194 0.633923
0.125886 -0.206312 0.638334
0.118120 -0.202767 0.565411
0.120435 -0.211002 0.566368
0.120898 -0.205914 0.565109
0.124838 -0.206598 0.565350
0.123647 -0.206454 0.565425
0.123025 -0.206559 0.564268
0.120741 -0.207461 0.562573
0.125617 -0.209264 0.568937
0.124944 -0.206266 0.562794
0.124001 -0.202925 0.565755
0.122201 -0.204500 0.569230
0.124857 -0.206327 0.569327
0.121334 -0.203750 0.565214
0.127414 -0.203730 0.568500
0.128060 -0.203601 0.565864
0.127750 -0.207704 0.568182
0.126779 -0.208084 0.565934
0.130025 -0.209756 0.565409
0.124697 -0.208762 0.564624
0.126063 -0.208751 0.571730
0.129190 -0.208018 0.565106
0.127867 -0.203662 0.568457
0.131436 -0.205745 0.569720
0.129517 -0.206736 0.569216
0.128992 -0.206341 0.572367
0.131875 -0.209506 0.571876
0.131885 -0.207533 0.572796
0.132697 -0.202648 0.567153
0.133284 -0.208578 0.572094
0.133172 -0.203415 0.572623
0.130842 -0.204748 0.573624
0.135107 -0.211760 0.573091
0.127096 -0.205840 0.573291
0.131726 -0.205530 0.574165
0.135857 -0.203492 0.574384
0.133610 -0.207881 0.577072
0.134171 -0.206777 0.576251
0.133432 -0.206783 0.575411
0.136864 -0.208431 0.573447
0.133948 -0.207734 0.574620
0.136945 -0.207343 0.580261
0.137671 -0.206267 0.576816
0.137380 -0.201496 0.578368
0.134363 -0.206220 0.584702
0.134682 -0.206882 0.578456
0.135693 -0.203580 0.577481
0.136842 -0.205252 0.580374
0.136813 -0.205983 0.579500
0.130649 -0.204795 0.580530
0.137451 -0.204454 0.576941
0.140522 -0.207451 0.579059
0.136126 -0.205523 0.580152
0.139887 -0.209133 0.584317
0.138202 -0.202596 0.583182
0.137980 -0.206790 0.578985
0.138535 -0.208807 0.581913
0.143525 -0.208412 0.584858
0.140477 -0.206874 0.583946
0.138241 -0.202611 0.585773
0.141871 -0.209853 0.584774
0.137706 -0.204048 0.584979
0.138530 -0.206092 0.586361
0.140074 -0.203053 0.588493
0.140837 -0.205039 0.586264
0.137724 -0.206319 0.582652
0.142584 -0.207155 0.584064
0.141092 -0.200869 0.587022
0.140707 -0.205294 0.586484
0.144223 -0.207030 0.590062
0.142988 -0.206492 0.591339
0.138194 -0.209080 0.590767
0.140100 -0.207503 0.590866
0.142852 -0.203558 0.595258
0.144634 -0.204253 0.590192
0.140061 -0.208660 0.591553
0.142469 -0.202036 0.591465
0.143389 -0.207195 0.593311
0.138562 -0.201164 0.594425
0.142216 -0.205951 0.591540
0.144094 -0.205290 0.596821
0.145721 -0.204392 0.594517
0.141907 -0.208924 0.600829
0.139737 -0.203471 0.594701
0.143171 -0.206000 0.595025
0.144557 -0.204436 0.597804
0.144494 -0.202352 0.595709
0.141712 -0.208727 0.596949
0.142118 -0.206552 0.599132
0.146061 -0.204202 0.598680
0.143835 -0.207171 0.601955
0.141823 -0.206314 0.597578
0.141619 -0.202001 0.595706
0.142395 -0.207429 0.600223
0.145105 -0.207721 0.598627
0.142037 -0.206480 0.603564
0.145271 -0.204742 0.604468
0.141037 -0.207996 0.603789
0.143423 -0.204555 0.604761
0.141134 -0.207675 0.606655
0.144010 -0.210050 0.605739
0.143031 -0.207898 0.602634
0.143813 -0.205341 0.602902
0.141888 -0.203806 0.605292
0.145375 -0.209032 0.609329
0.141412 -0.208187 0.606519
0.143546 -0.208875 0.609935
0.143097 -0.211053 0.608718
0.144057 -0.207733 0.603200
0.143156 -0.204096 0.612243
0.139392 -0.208440 0.608408
0.143846 -0.208236 0.610192
0.137699 -0.203212 0.610507
0.141248 -0.199259 0.613170
0.142077 -0.206217 0.611130
0.137626 -0.204398 0.611540
0.140201 -0.209500 0.615073
0.140785 -0.205857 0.611960
0.141491 -0.204371 0.614678
0.137954 -0.209847 0.613666
0.141009 -0.211404 0.612433
0.138701 -0.206169 0.617126
0.138740 -0.204379 0.614616
0.141435 -0.207596 0.615717
0.141060 -0.206273 0.611219
0.138366 -0.205329 0.616701
0.136558 -0.207366 0.618560
0.140449 -0.205323 0.616077
0.136465 -0.201872 0.615659
0.140649 -0.206019 0.619621
0.138750 -0.206829 0.620218
0.135792 -0.207032 0.619723
0.132132 -0.203498 0.619399
0.136672 -0.208511 0.619743
0.134044 -0.208546 0.619090
0.136707 -0.206507 0.619542
0.135377 -0.205182 0.619853
0.139295 -0.205069 0.620480
0.133140 -0.206167 0.624391
0.135927 -0.206197 0.619609
0.137057 -0.208661 0.626285
0.135224 -0.203024 0.624904
0.130819 -0.206560 0.625159
0.137506 -0.206648 0.625394
0.130840 -0.205959 0.624338
0.135275 -0.206534 0.624696
0.133457 -0.205039 0.628517
0.135298 -0.204039 0.623947
0.130231 -0.208557 0.624192
0.133928 -0.206573 0.626193
0.137197 -0.206859 0.629021
0.132336 -0.208528 0.624107
0.130665 -0.205422 0.629041
0.134192 -0.205168 0.632179
0.129820 -0.207676 0.630363
0.130646 -0.204012 0.632424
0.131407 -0.206901 0.624387
0.129765 -0.205589 0.627095
0.130838 -0.205665 0.630604
0.131529 -0.203004 0.628459
0.128934 -0.205505 0.634162
0.129076 -0.204828 0.631535
0.129008 -0.205621 0.633994
0.129305 -0.204217 0.632232
0.127235 -0.206263 0.634322
0.127643 -0.209293 0.633549
0.124635 -0.210770 0.632663
0.130090 -0.204465 0.634412
0.124494 -0.208478 0.631304
0.124944 -0.207789 0.633914
0.125821 -0.208126 0.635091
0.120458 -0.207491 0.633175
0.122984 -0.206735 0.634104
0.124636 -0.205485 0.631316
0.125565 -0.205381 0.637719
0.126280 -0.202658 0.638145
0.122929 -0.203194 0.635870
0.121839 -0.205977 0.639829
0.124357 -0.205799 0.636429
0.119967 -0.204259 0.629226
0.121542 -0.206850 0.635604
0.123076 -0.203402 0.566331
0.119157 -0.198459 0.562294
0.123625 -0.203962 0.562547
0.122648 -0.201302 0.562937
0.121512 -0.203924 0.561545
0.120770 -0.202492 0.566199
0.125402 -0.203001 0.565147
0.119005 -0.204600 0.564098
0.125411 -0.202013 0.565076
0.125032 -0.198429 0.563844
0.125518 -0.203815 0.564550
0.125102 -0.202594 0.564667
0.129966 -0.203248 0.566142
0.129729 -0.199749 0.569478
0.129285 -0.206680 0.566039
0.126745 -0.204432 0.570468
0.129644 -0.204678 0.564912
0.124803 -0.205500 0.568349
0.129656 -0.204092 0.571449
0.128321 -0.202106 0.566373
0.128527 -0.205562 0.569105
0.131144 -0.203329 0.569119
0.132258 -0.203800 0.572020
0.130869 -0.204241 0.568337
0.130984 -0.201002 0.570060
0.128267 -0.203991 0.572751
0.131912 -0.203364 0.571068
0.135658 -0.208289 0.568969
0.134138 -0.201554 0.572802
0.130586 -0.201024 0.570715
0.131385 -0.204746 0.573836
0.130363 -0.201778 0.571930
0.134537 -0.203840 0.576799
0.132872 -0.203159 0.572736
0.132605 -0.203061 0.574542
0.130812 -0.204416 0.574822
0.132782 -0.203036 0.576704
0.136475 -0.200429 0.576580
0.137774 -0.206219 0.574557
0.133244 -0.204139 0.577743
0.135314 -0.206902 0.580486
0.137574 -0.202790 0.576095
0.134095 -0.205210 0.575093
0.137678 -0.206098 0.579175
0.139081 -0.203078 0.580808
0.138230 -0.202907 0.578751
0.140562 -0.199224 0.576699
0.137590 -0.206120 0.578906
0.140129 -0.202459 0.578695
0.139375 -0.201431 0.581868
0.140014 -0.202307 0.581574
0.139302 -0.201529 0.586492
0.136270 -0.204814 0.580003
0.134885 -0.204973 0.579867
0.140278 -0.201070 0.579827
0.138651 -0.205794 0.581603
0.139476 -0.203641 0.583040
0.142075 -0.202169 0.582440
0.137713 -0.206156 0.584149
0.142280 -0.200921 0.584357
0.137505 -0.204219 0.582364
0.134728 -0.208314 0.586070
0.138421 -0.206360 0.587789
0.141656 -0.200365 0.586822
0.138918 -0.201682 0.584968
0.139698 -0.200821 0.585375
0.140773 -0.203943 0.585585
0.144240 -0.205654 0.587187
0.140622 -0.200984 0.589942
0.139433 -0.204871 0.591093
0.140957 -0.203477 0.590182
0.141850 -0.203618 0.593186
0.145540 -0.204836 0.590384
0.143108 -0.202259 0.590694
0.139808 -0.204367 0.593543
0.143505 -0.204915 0.593217
0.139503 -0.200567 0.592419
0.140769 -0.205045 0.594789
0.143912 -0.205793 0.596429
0.140401 -0.203817 0.593109
0.144090 -0.199108 0.593726
0.144214 -0.203495 0.599163
0.142782 -0.204032 0.599409
0.142706 -0.202100 0.598632
0.141559 -0.202144 0.598134
0.143196 -0.206448 0.597663
0.144161 -0.201222 0.597317
0.142643 -0.204085 0.597511
0.139941 -0.202637 0.600720
0.142824 -0.201370 0.600072
0.143149 -0.202697 0.600655
0.140273 -0.203374 0.598612
0.140111 -0.199027 0.599578
0.140290 -0.210533 0.601428
0.142373 -0.207187 0.601706
0.143375 -0.205184 0.604504
0.142058 -0.201978 0.601463
0.142444 -0.201848 0.605218
0.141007 -0.203994 0.606498
0.140987 -0.204057 0.604540
0.140025 -0.200751 0.602051
0.140564 -0.201930 0.605524
0.139837 -0.201599 0.606977
0.142152 -0.204715 0.607289
0.137824 -0.201202 0.608425
0.138102 -0.205945 0.605656
0.141423 -0.199796 0.607492
0.144017 -0.201998 0.608367
0.139390 -0.201017 0.610090
0.138512 -0.204345 0.611979
0.139581 -0.201028 0.610733
0.141906 -0.203590 0.610629
0.143531 -0.201520 0.605250
0.139096 -0.200675 0.608796
0.139741 -0.204558 0.614437
0.138478 -0.201738 0.613530
0.143944 -0.201760 0.613257
0.140991 -0.202948 0.613210
0.141945 -0.206828 0.611572
0.140783 -0.199770 0.614527
0.139025 -0.203518 0.611983
0.140218 -0.200735 0.616772
0.140477 -0.200466 0.615420
0.140413 -0.202624 0.614296
0.138516 -0.202979 0.619699
0.139459 -0.202543 0.619963
0.135664 -0.206020 0.617549
0.139455 -0.202270 0.619104
0.138981 -0.207609 0.618302
0.135984 -0.201169 0.620510
0.135677 -0.203689 0.617256
0.141022 -0.202016 0.622855
0.139512 -0.202971 0.620784
0.134704 -0.202922 0.620216
0.135123 -0.206192 0.622075
0.134717 -0.209585 0.620764
0.138461 -0.200797 0.622664
0.134838 -0.202954 0.623190
0.133932 -0.204778 0.621250
0.135055 -0.203387 0.621484
0.135847 -0.202692 0.625202
0.132098 -0.200215 0.619428
0.134788 -0.201883 0.626342
0.135584 -0.198893 0.624278
0.130937 -0.207962 0.624327
0.133153 -0.205901 0.627253
0.135450 -0.202681 0.626230
0.130510 -0.202025 0.628678
0.132025 -0.203565 0.624620
0.133644 -0.204797 0.627788
0.129965 -0.203826 0.628296
0.131283 -0.202872 0.627013
0.128749 -0.201245 0.624469
0.130392 -0.201694 0.627979
0.131483 -0.205242 0.630047
0.133064 -0.202565 0.626708
0.128639 -0.199744 0.631149
0.129056 -0.203964 0.630468
0.129536 -0.201334 0.631168
0.130225 -0.199642 0.630045
0.126010 -0.204000 0.633429
0.128502 -0.203598 0.630897
0.124099 -0.202992 0.629538
0.130893 -0.204849 0.630127
0.126097 -0.201559 0.630172
0.127110 -0.204968 0.637610
0.128270 -0.203180 0.632487
0.126833 -0.205873 0.633812
0.128837 -0.205915 0.631084
0.122701 -0.202431 0.632839
0.125236 -0.200285 0.635102
0.123812 -0.200592 0.631905
0.123060 -0.201232 0.634822
0.127784 -0.206053 0.633083
0.123323 -0.202760 0.637395
0.123773 -0.201402 0.637037
0.120261 -0.203465 0.635008
0.126287 -0.202635 0.638400
0.121292 -0.202363 0.637682
0.119746 -0.204134 0.637651
0.122174 -0.197288 0.562128
0.123354 -0.197446 0.562671
0.120567 -0.200940 0.564460
0.118392 -0.196675 0.559689
0.121194 -0.200449 0.564093
0.121840 -0.202427 0.563605
0.127028 -0.199913 0.566692
0.122122 -0.198529 0.568306
0.124993 -0.201627 0.567580
0.127556 -0.197335 0.564960
0.125112 -0.200267 0.564870
0.120980 -0.198306 0.565975
0.122854 -0.198265 0.563148
0.127434 -0.198130 0.569627
0.123826 -0.199921 0.567951
0.125467 -0.198010 0.566291
0.129927 -0.199265 0.569751
0.129150 -0.200810 0.568590
0.129416 -0.198770 0.570416
0.129811 -0.197519 0.567383
0.131892 -0.198500 0.568310
0.129735 -0.201409 0.568073
0.131668 -0.197476 0.569305
0.126293 -0.201515 0.571558
0.131420 -0.198628 0.568209
0.130271 -0.198897 0.571856
0.130408 -0.199946 0.571913
0.130111 -0.201495 0.572912
0.132113 -0.202060 0.574352
0.135371 -0.198395 0.571884
0.132886 -0.198601 0.571762
0.133670 -0.201191 0.572916
0.130513 -0.200648 0.572745
0.129336 -0.199448 0.574484
0.135191 -0.198441 0.574302
0.131701 -0.197125 0.574100
0.130742 -0.201437 0.574621
0.135336 -0.199348 0.578212
0.131897 -0.200044 0.573049
0.132954 -0.197573 0.576293
0.139127 -0.197072 0.578471
0.137224 -0.201090 0.575961
0.135515 -0.200860 0.577298
0.139927 -0.198774 0.577358
0.135633 -0.199212 0.581107
0.137122 -0.200226 0.581742
0.136452 -0.201343 0.578088
0.136340 -0.201254 0.580078
0.140885 -0.199828 0.576757
0.138644 -0.198221 0.579105
0.136282 -0.197956 0.585269
0.137318 -0.195471 0.584717
0.139321 -0.200218 0.578233
0.139207 -0.201472 0.584841
0.138158 -0.197379 0.581585
0.140364 -0.200320 0.585019
0.136776 -0.200743 0.582168
0.139264 -0.194974 0.584791
0.138959 -0.201181 0.589411
0.144103 -0.199466 0.582844
0.136099 -0.197493 0.588434
0.138353 -0.199528 0.586891
0.141636 -0.201601 0.585469
0.139125 -0.202323 0.587807
0.139409 -0.196541 0.588336
0.139928 -0.199819 0.587073
0.146149 -0.199963 0.586675
0.140335 -0.200587 0.587243
0.142424 -0.198895 0.589828
0.143196 -0.197406 0.589086
0.143728 -0.198673 0.590189
0.142380 -0.199404 0.588484
0.141230 -0.202917 0.592426
0.139464 -0.199268 0.592171
0.139869 -0.197413 0.591239
0.142323 -0.201089 0.594590
0.145103 -0.198522 0.594475
0.140662 -0.198826 0.593145
0.145101 -0.200733 0.595489
0.142662 -0.196546 0.596170
0.138391 -0.196775 0.593398
0.143943 -0.202856 0.595849
0.143497 -0.204516 0.593224
0.147009 -0.200031 0.600492
0.142813 -0.200709 0.596384
0.141754 -0.199762 0.598927
0.142474 -0.196878 0.598267
0.140807 -0.198538 0.598099
0.144619 -0.199019 0.598136
0.143344 -0.200885 0.599702
0.140214 -0.195089 0.599661
0.140341 -0.204025 0.603596
0.145684 -0.198893 0.599700
0.142835 -0.200659 0.599961
0.143416 -0.198139 0.600568
0.144392 -0.200501 0.596554
0.139668 -0.198157 0.603575
0.144145 -0.198439 0.606498
0.140253 -0.197771 0.608261
0.141432 -0.202029 0.604527
0.143118 -0.198121 0.606338
0.148292 -0.201199 0.604214
0.143492 -0.200579 0.605293
0.142195 -0.196254 0.605463
0.139098 -0.198735 0.608124
0.144921 -0.199514 0.607471
0.141111 -0.199624 0.606367
0.141541 -0.201993 0.609870
0.141347 -0.198893 0.607799
0.141357 -0.200646 0.613238
0.142404 -0.199983 0.611165
0.142500 -0.199213 0.608093
0.144722 -0.199602 0.610266
0.140022 -0.197910 0.610871
0.141860 -0.198967 0.613033
0.142676 -0.200628 0.609136
0.139538 -0.199135 0.613891
0.141210 -0.201516 0.612568
0.139533 -0.202715 0.610473
0.142627 -0.201976 0.614117
0.138395 -0.199732 0.614473
0.138131 -0.202250 0.614762
0.144742 -0.198271 0.614514
0.140778 -0.196961 0.614445
0.138945 -0.198414 0.616179
0.138001 -0.198183 0.616831
0.138029 -0.200226 0.618308
0.140201 -0.200450 0.620552
0.132923 -0.199381 0.619838
0.141738 -0.196631 0.615365
0.137518 -0.199325 0.616696
0.134935 -0.201181 0.618538
0.138159 -0.199240 0.616997
0.135399 -0.203014 0.623303
0.135827 -0.200216 0.621164
0.135530 -0.196965 0.622393
0.137924 -0.200042 0.623116
0.134662 -0.198182 0.622711
0.137697 -0.200743 0.623087
0.130675 -0.202436 0.623311
0.133302 -0.199809 0.627378
0.133345 -0.197650 0.622479
0.134588 -0.198657 0.623840
0.133290 -0.197685 0.627479
0.131507 -0.200628 0.626073
0.136766 -0.195319 0.625297
0.135740 -0.196923 0.624890
0.133203 -0.200526 0.627893
0.132509 -0.198386 0.625335
0.130403 -0.199120 0.627003
0.135497 -0.198285 0.630421
0.133643 -0.197660 0.623691
0.130031 -0.201112 0.628173
0.131737 -0.197927 0.629105
0.126355 -0.196203 0.629060
0.131237 -0.200199 0.631386
0.131669 -0.201907 0.629235
0.131287 -0.198087 0.632748
0.129089 -0.198832 0.630430
0.129647 -0.200275 0.633021
0.126925 -0.199055 0.629284
0.129722 -0.199122 0.636770
0.127115 -0.195224 0.631266
0.129384 -0.198109 0.629985
0.127743 -0.197305 0.630275
0.129702 -0.202354 0.633852
0.124994 -0.201025 0.634747
0.128058 -0.198168 0.632850
0.126791 -0.199787 0.635691
0.121760 -0.199042 0.636504
0.124258 -0.200430 0.632384
0.124753 -0.200164 0.636232
0.121917 -0.198884 0.633681
0.120842 -0.201673 0.631572
0.118623 -0.201017 0.639680
0.121310 -0.198996 0.634832
0.120018 -0.198907 0.632760
0.124191 -0.201496 0.639646
0.123403 -0.199014 0.636305
0.120647 -0.199911 0.637433
0.122409 -0.195716 0.562463
0.122279 -0.197421 0.565669
0.120809 -0.194451 0.562566
0.123599 -0.195911 0.564647
0.125086 -0.196672 0.562767
0.123293 -0.193797 0.568811
0.122906 -0.200030 0.563075
0.126242 -0.194763 0.568141
0.126476 -0.192280 0.567646
0.126393 -0.191973 0.566626
0.126026 -0.193742 0.563529
0.124795 -0.197136 0.567054
0.126780 -0.199104 0.569166
0.127895 -0.201012 0.567962
0.125056 -0.198582 0.565189
0.131374 -0.197541 0.569018
0.128339 -0.191191 0.568535
0.127015 -0.194139 0.571391
0.128884 -0.194023 0.566664
0.126327 -0.193929 0.568805
0.130407 -0.197184 0.567325
0.128731 -0.197035 0.568885
0.129098 -0.197572 0.570762
0.128435 -0.201249 0.570347
0.133191 -0.194259 0.572035
0.129993 -0.198242 0.567804
0.131215 -0.196440 0.573152
0.134564 -0.198692 0.570914
0.130454 -0.195393 0.572891
0.131948 -0.194722 0.570910
0.135501 -0.194253 0.575216
0.135322 -0.196082 0.568621
0.137745 -0.198723 0.572435
0.136661 -0.195793 0.574236
0.136278 -0.199947 0.575902
0.130752 -0.196873 0.577590
0.135264 -0.195433 0.572680
0.135180 -0.197544 0.574183
0.137338 -0.196327 0.576766
0.134445 -0.194202 0.573060
0.133074 -0.196623 0.573496
0.136240 -0.195254 0.576738
0.136717 -0.196019 0.582334
0.137548 -0.199319 0.579473
0.133577 -0.193490 0.581637
0.133740 -0.196346 0.577586
0.136132 -0.197718 0.580441
0.137868 -0.197659 0.574836
0.137281 -0.197661 0.584227
0.137548 -0.195202 0.579046
0.133265 -0.196580 0.577432
0.140585 -0.195301 0.585020
0.137539 -0.196543 0.585471
0.139661 -0.195845 0.582789
0.137869 -0.198064 0.582691
0.137910 -0.198516 0.581952
0.138060 -0.199054 0.583517
0.140985 -0.198086 0.584711
0.138601 -0.197788 0.584803
0.136555 -0.195474 0.584053
0.138924 -0.196119 0.588886
0.139684 -0.195098 0.584858
0.138081 -0.196698 0.587986
0.141186 -0.196641 0.589780
0.140617 -0.193013 0.585956
0.140652 -0.196807 0.587922
0.141638 -0.195461 0.586863
0.138214 -0.197511 0.587778
0.140839 -0.195763 0.588711
0.142976 -0.197039 0.586702
0.143964 -0.194335 0.589686
0.143306 -0.201778 0.589928
0.137946 -0.196093 0.590812
0.141432 -0.196374 0.590708
0.141251 -0.198145 0.592436
0.141849 -0.198581 0.596283
0.139303 -0.197341 0.590591
0.137406 -0.196784 0.596064
0.144336 -0.196958 0.596704
0.142788 -0.196803 0.591785
0.144708 -0.192967 0.596471
0.141239 -0.195044 0.596305
0.141648 -0.196476 0.595182
0.144033 -0.197924 0.592714
0.143366 -0.195929 0.598986
0.141471 -0.195658 0.600058
0.141455 -0.198300 0.596898
0.144775 -0.197823 0.598724
0.142315 -0.194970 0.599372
0.143817 -0.197962 0.603167
0.150366 -0.195662 0.599865
0.139558 -0.193948 0.598809
0.144420 -0.192904 0.603490
0.145769 -0.198626 0.598383
0.145314 -0.195822 0.602962
0.140763 -0.197883 0.600690
0.138916 -0.194608 0.605209
0.143291 -0.194421 0.602915
0.138381 -0.197867 0.606568
0.144194 -0.197175 0.604732
0.144138 -0.196042 0.603464
0.140755 -0.195531 0.604471
0.143285 -0.196736 0.606939
0.140833 -0.195796 0.607607
0.143110 -0.194586 0.611627
0.142817 -0.196476 0.608203
0.138264 -0.196880 0.606762
0.143658 -0.195733 0.611444
0.142214 -0.197346 0.609559
0.139859 -0.195352 0.610702
0.140899 -0.197251 0.608062
0.142264 -0.198302 0.612916
0.143334 -0.195889 0.612232
0.143513 -0.195037 0.611434
0.139820 -0.195981 0.612505
0.140761 -0.194987 0.608839
0.138145 -0.198428 0.613198
0.138911 -0.197220 0.616175
0.144280 -0.195949 0.612450
0.138201 -0.195900 0.610860
0.140522 -0.198219 0.618019
0.138391 -0.196550 0.613289
0.141284 -0.198938 0.615848
0.138515 -0.196241 0.616054
0.138946 -0.195345 0.616916
0.138985 -0.197405 0.615063
0.136810 -0.197784 0.613828
0.137922 -0.197112 0.617392
0.139013 -0.194702 0.617225
0.136871 -0.197440 0.621212
0.137263 -0.198606 0.618003
0.139765 -0.195175 0.619935
0.137803 -0.198781 0.618904
0.140255 -0.197774 0.620555
0.138426 -0.197900 0.621952
0.132179 -0.197097 0.619511
0.134127 -0.197965 0.620906
0.130948 -0.194719 0.620438
0.138898 -0.195667 0.623250
0.137889 -0.196857 0.624961
0.132619 -0.194704 0.621721
0.135769 -0.194433 0.625025
0.133355 -0.194538 0.622571
0.135164 -0.196271 0.626534
0.136242 -0.196271 0.623518
0.132142 -0.197146 0.624829
0.132905 -0.196572 0.624538
0.131195 -0.200364 0.625287
0.135586 -0.198814 0.626344
0.131012 -0.199272 0.627135
0.131751 -0.195343 0.630829
0.129262 -0.189450 0.629242
0.132377 -0.194647 0.628773
0.133678 -0.198021 0.625689
0.128615 -0.196315 0.629326
0.129563 -0.193507 0.630994
0.131555 -0.194839 0.630519
0.133602 -0.198326 0.633023
0.131687 -0.199792 0.629924
0.129268 -0.193562 0.631005
0.128978 -0.196993 0.630895
0.131028 -0.196814 0.629708
0.127473 -0.196592 0.628627
0.126284 -0.196077 0.632879
0.127097 -0.194417 0.630596
0.127415 -0.195895 0.628032
0.128222 -0.195580 0.633504
0.127481 -0.198723 0.630192
0.122703 -0.197875 0.636057
0.126788 -0.196264 0.632851
0.126345 -0.199499 0.636512
0.123443 -0.195258 0.634354
0.121819 -0.195003 0.639204
0.124015 -0.196501 0.633555
0.123064 -0.194242 0.632016
0.123674 -0.198679 0.636903
0.124793 -0.196835 0.633152
0.121255 -0.194465 0.635212
0.120669 -0.197219 0.638519
0.121565 -0.195819 0.634025
0.124305 -0.190776 0.560660
0.117960 -0.192850 0.562816
0.123434 -0.193026 0.566693
0.124886 -0.192836 0.563703
0.125604 -0.192525 0.564301
0.124315 -0.191743 0.567357
0.120405 -0.194139 0.563073
0.128004 -0.191569 0.565132
0.126625 -0.197409 0.564767
0.124193 -0.196501 0.565308
0.123395 -0.194380 0.567471
0.127877 -0.192501 0.567114
0.124679 -0.191163 0.567502
0.125144 -0.195398 0.568398
0.125972 -0.193091 0.568992
0.127156 -0.189212 0.567149
0.122241 -0.190833 0.567255
0.124759 -0.192721 0.567571
0.127779 -0.188957 0.565339
0.127734 -0.195030 0.566170
0.129592 -0.191489 0.570708
0.129688 -0.196309 0.569550
0.130191 -0.195514 0.569714
0.133247 -0.190619 0.569739
0.129955 -0.192956 0.569734
0.132561 -0.195603 0.570556
0.131531 -0.194717 0.573384
0.132443 -0.190595 0.572488
0.130325 -0.194311 0.574218
0.131135 -0.190364 0.573560
0.132032 -0.192624 0.574403
0.132988 -0.193754 0.575411
0.133891 -0.191129 0.573124
0.134127 -0.194031 0.572211
0.132628 -0.195251 0.575111
0.134460 -0.190168 0.576119
0.132190 -0.192413 0.576195
0.129560 -0.193504 0.575255
0.134324 -0.189801 0.575188
0.137308 -0.194647 0.576653
0.135279 -0.190219 0.575730
0.133183 -0.189084 0.573806
0.136720 -0.194006 0.577542
0.137429 -0.197139 0.579585
0.136338 -0.190863 0.577990
0.139774 -0.192068 0.577442
0.138061 -0.191829 0.578993
0.135310 -0.194881 0.578104
0.136184 -0.194078 0.578135
0.136690 -0.194439 0.583377
0.136115 -0.193032 0.578551
0.140846 -0.193074 0.583457
0.136128 -0.193406 0.579455
0.141536 -0.188365 0.582015
0.140164 -0.192915 0.585925
0.138389 -0.192099 0.581566
0.138726 -0.193080 0.585607
0.140165 -0.193805 0.585238
0.140314 -0.194376 0.583929
0.141142 -0.193569 0.583903
0.142574 -0.192824 0.585493
0.143594 -0.193974 0.586617
0.137771 -0.191292 0.584237
0.137450 -0.192594 0.587309
0.144275 -0.192211 0.586743
0.140091 -0.193706 0.589063
0.139778 -0.193982 0.587735
0.142750 -0.193640 0.589394
0.137262 -0.192392 0.590821
0.139138 -0.196010 0.592624
0.142658 -0.195791 0.589923
0.141774 -0.190566 0.593057
0.143324 -0.189883 0.590827
0.141930 -0.193735 0.593363
0.146427 -0.192215 0.591335
0.138638 -0.190393 0.594907
0.144857 -0.196036 0.594305
0.138871 -0.197170 0.592832
0.140987 -0.193992 0.593823
0.142162 -0.189848 0.593019
0.139824 -0.195348 0.594867
0.138456 -0.191433 0.593515
0.140725 -0.194934 0.596168
0.140231 -0.193458 0.597935
0.144563 -0.190397 0.595993
0.143011 -0.195333 0.598425
0.142335 -0.193502 0.600075
0.144803 -0.195748 0.599332
0.141601 -0.191935 0.598359
0.142814 -0.189569 0.601345
0.139713 -0.189510 0.596417
0.140399 -0.194138 0.600661
0.143439 -0.192340 0.601347
0.142328 -0.193627 0.602591
0.140810 -0.189425 0.599599
0.141181 -0.189408 0.603373
0.140387 -0.191271 0.604798
0.142486 -0.192777 0.606725
0.140353 -0.192108 0.604311
0.138496 -0.192864 0.602800
0.143123 -0.191332 0.608590
0.140484 -0.190105 0.601990
0.139541 -0.189544 0.605351
0.142643 -0.193991 0.603087
0.143750 -0.193964 0.609160
0.141595 -0.191099 0.612603
0.142262 -0.192003 0.605376
0.142930 -0.195618 0.606948
0.140230 -0.192665 0.606547
0.142644 -0.195593 0.612874
0.141638 -0.193049 0.610192
0.140615 -0.192499 0.607999
0.141562 -0.190455 0.605736
0.137135 -0.189202 0.612545
0.138695 -0.194590 0.610355
0.138560 -0.191312 0.611399
0.138198 -0.195886 0.612657
0.140980 -0.189296 0.609489
0.140415 -0.195940 0.616430
0.136102 -0.192393 0.615922
0.139047 -0.194423 0.615505
0.142084 -0.191259 0.616186
0.143541 -0.192303 0.616325
0.137570 -0.193120 0.617675
0.137504 -0.193306 0.617481
0.137941 -0.196674 0.617453
0.140410 -0.193305 0.618404
0.135402 -0.190979 0.617055
0.138224 -0.194610 0.621737
0.138499 -0.188379 0.617969
0.138684 -0.191918 0.615939
0.136559 -0.193627 0.623093
0.137993 -0.194506 0.621060
0.133387 -0.192342 0.620893
0.139656 -0.192882 0.617736
0.137842 -0.188348 0.620267
0.136543 -0.194294 0.622237
0.132988 -0.190366 0.627080
0.133869 -0.192093 0.621764
0.135779 -0.190549 0.624809
0.138499 -0.191879 0.624276
0.140797 -0.190367 0.624934
0.133938 -0.191642 0.626949
0.135957 -0.192692 0.625066
0.134381 -0.194415 0.623400
0.130875 -0.193811 0.628571
0.133825 -0.195007 0.624475
0.129483 -0.192394 0.628457
0.130985 -0.194556 0.626443
0.133514 -0.192036 0.627219
0.133528 -0.193266 0.628124
0.134937 -0.193638 0.627295
0.133611 -0.193427 0.628408
0.128250 -0.194011 0.628776
0.131610 -0.191328 0.630804
0.131543 -0.192443 0.630694
0.131515 -0.189841 0.629702
0.130270 -0.189556 0.631969
0.127416 -0.193217 0.630479
0.129466 -0.195034 0.627622
0.130509 -0.192779 0.631665
0.127194 -0.190726 0.630200
0.132112 -0.193019 0.635639
0.128382 -0.192269 0.634794
0.127194 -0.192073 0.634223
0.123931 -0.192292 0.632335
0.128266 -0.193741 0.634744
0.125101 -0.194563 0.632696
0.129025 -0.195211 0.632151
0.126471 -0.195433 0.635593
0.123882 -0.193842 0.631236
0.123763 -0.190713 0.633914
0.124747 -0.191818 0.636598
0.122414 -0.191482 0.638033
0.123617 -0.194406 0.635456
0.120431 -0.191784 0.633116
0.121730 -0.191193 0.633764
0.121563 -0.191012 0.633834
0.120817 -0.193069 0.633833
0.122051 -0.190937 0.638401
0.119672 -0.187211 0.564608
0.121371 -0.188314 0.562746
0.122411 -0.187316 0.564380
0.124898 -0.190148 0.563772
0.121221 -0.189160 0.565001
0.118623 -0.192090 0.564908
0.123281 -0.192826 0.563977
0.127097 -0.188802 0.562253
0.124206 -0.193139 0.564888
0.124119 -0.187919 0.564567
0.123582 -0.189420 0.569889
0.124380 -0.188175 0.564532
0.124323 -0.188944 0.565712
0.127982 -0.188276 0.568099
0.126912 -0.187692 0.567134
0.128453 -0.192725 0.567453
0.128021 -0.188458 0.567751
0.129453 -0.190525 0.566224
0.128777 -0.189918 0.568556
0.125431 -0.192132 0.571522
0.130599 -0.188656 0.572050
0.129638 -0.187140 0.568631
0.134215 -0.193971 0.569742
0.125598 -0.188953 0.571846
0.131493 -0.189016 0.570673
0.130265 -0.190446 0.571294
0.131709 -0.186446 0.571963
0.132816 -0.188703 0.570521
0.130331 -0.187040 0.569802
0.133108 -0.187775 0.571020
0.136233 -0.188341 0.572650
0.132254 -0.186455 0.570430
0.134180 -0.190005 0.576551
0.133932 -0.190240 0.576238
0.133101 -0.186782 0.575818
0.134812 -0.187471 0.573983
0.135764 -0.190348 0.575708
0.132261 -0.186909 0.571647
0.132702 -0.188611 0.576213
0.137004 -0.192402 0.575294
0.136202 -0.189971 0.576760
0.136735 -0.189349 0.575243
0.132689 -0.190554 0.575364
0.132911 -0.188398 0.579858
0.136303 -0.186690 0.581040
0.137844 -0.193059 0.578395
0.139975 -0.190399 0.581030
0.138639 -0.190618 0.578672
0.138117 -0.192122 0.580495
0.137948 -0.190681 0.579564
0.135437 -0.192910 0.578890
0.142814 -0.189454 0.581540
0.137578 -0.188687 0.584745
0.137634 -0.190157 0.583469
0.139466 -0.188183 0.578623
0.137614 -0.185498 0.581888
0.140438 -0.186887 0.585260
0.140879 -0.190649 0.579758
0.139243 -0.188104 0.584874
0.140463 -0.190516 0.583911
0.139463 -0.188371 0.590901
0.140325 -0.190071 0.586407
0.141654 -0.188575 0.586636
0.139153 -0.189979 0.588871
0.142618 -0.191485 0.589268
0.138757 -0.185056 0.588979
0.142847 -0.189437 0.588819
0.144080 -0.193497 0.588232
0.143898 -0.190257 0.589682
0.139504 -0.186615 0.586258
0.136564 -0.189071 0.591170
0.140303 -0.193153 0.591327
0.141495 -0.189545 0.589848
0.140281 -0.187287 0.593646
0.141861 -0.189133 0.593750
0.145295 -0.193513 0.594990
0.141606 -0.191347 0.592687
0.142634 -0.190109 0.593818
0.142019 -0.191228 0.594580
0.142050 -0.189324 0.595837
0.143188 -0.189543 0.595915
0.143651 -0.188858 0.598339
0.140949 -0.191235 0.592477
0.143731 -0.190025 0.596072
0.145353 -0.187626 0.596615
0.141941 -0.188989 0.600084
0.142345 -0.189116 0.594748
0.143433 -0.189824 0.596590
0.139399 -0.188118 0.596232
0.146979 -0.193760 0.598683
0.139342 -0.190413 0.603179
0.140619 -0.192934 0.601531
0.143830 -0.189144 0.597545
0.143307 -0.191662 0.601447
0.145824 -0.191764 0.604482
0.143228 -0.192634 0.606594
0.140172 -0.189733 0.602272
0.144083 -0.190860 0.601375
0.144617 -0.190361 0.604763
0.142995 -0.187503 0.604148
0.141362 -0.189673 0.604699
0.143172 -0.189833 0.603600
0.140370 -0.189348 0.606398
0.140886 -0.190099 0.606916
0.142351 -0.190587 0.605816
0.144056 -0.191564 0.607469
0.142283 -0.190679 0.609483
0.139441 -0.187214 0.610059
0.141275 -0.188552 0.608266
0.142797 -0.187407 0.608191
0.142021 -0.189756 0.612545
0.139670 -0.187547 0.610895
0.141432 -0.190448 0.612573
0.143843 -0.190808 0.613570
0.144773 -0.193658 0.614555
0.141104 -0.190420 0.609888
0.139689 -0.189554 0.614648
0.137484 -0.187633 0.611905
0.142679 -0.189577 0.611904
0.139911 -0.190674 0.616534
0.139279 -0.190638 0.615196
0.143222 -0.189995 0.614452
0.136867 -0.187548 0.613644
0.138018 -0.190317 0.616769
0.140786 -0.191895 0.615111
0.139923 -0.188295 0.618063
0.141364 -0.185746 0.617016
0.135884 -0.191651 0.616987
0.139227 -0.191864 0.617930
0.138391 -0.188361 0.622226
0.141653 -0.194256 0.617775
0.139678 -0.186582 0.619852
0.137909 -0.188835 0.619564
0.139060 -0.191822 0.618729
0.139425 -0.189128 0.618907
0.132967 -0.185752 0.622710
0.134022 -0.191094 0.621510
0.137889 -0.188200 0.619103
0.138973 -0.187698 0.622232
0.132415 -0.189931 0.624695
0.133328 -0.187799 0.624669
0.134051 -0.188427 0.626606
0.135288 -0.191037 0.623995
0.133179 -0.189714 0.627745
0.132245 -0.184944 0.622850
0.139869 -0.186749 0.625728
0.132122 -0.188525 0.621480
0.131156 -0.185876 0.626172
0.133119 -0.194279 0.625920
0.129299 -0.191003 0.625665
0.130214 -0.186271 0.625915
0.132269 -0.187550 0.630703
0.132546 -0.192515 0.630748
0.131546 -0.187304 0.629956
0.131981 -0.189356 0.628808
0.127431 -0.192029 0.629781
0.130565 -0.188911 0.630662
0.129678 -0.190863 0.628078
0.129769 -0.190569 0.628702
0.128457 -0.189055 0.628712
0.130059 -0.185622 0.630805
0.130576 -0.188196 0.630099
0.132365 -0.189475 0.631965
0.127818 -0.188935 0.633167
0.128422 -0.189447 0.631866
0.129739 -0.189180 0.630391
0.126373 -0.188385 0.633967
0.125354 -0.189769 0.631198
0.126350 -0.188136 0.637599
0.123867 -0.188869 0.634240
0.120760 -0.186753 0.636643
0.125584 -0.188653 0.634294
0.124911 -0.188955 0.635492
0.121956 -0.193312 0.631765
0.125257 -0.185658 0.637753
0.122918 -0.191891 0.636079
0.121095 -0.188773 0.636231
0.119590 -0.187869 0.637542
0.123569 -0.189205 0.635620
0.123562 -0.189297 0.638371
0.121142 -0.188182 0.562385
0.119080 -0.187882 0.562585
0.120872 -0.181534 0.561850
0.121726 -0.185241 0.568048
0.123080 -0.184895 0.563771
0.121544 -0.187315 0.566311
0.123565 -0.185992 0.564717
0.126701 -0.182883 0.565150
0.123608 -0.186817 0.562427
0.124424 -0.184871 0.566751
0.124251 -0.186082 0.565122
0.125880 -0.184054 0.566752
0.124726 -0.186846 0.565162
0.126818 -0.186711 0.564187
0.125784 -0.184668 0.564913
0.125320 -0.185488 0.571511
0.128339 -0.187723 0.567150
0.129055 -0.183096 0.571124
0.126436 -0.187044 0.567974
0.128848 -0.184815 0.569465
0.128982 -0.183070 0.569290
0.126678 -0.186031 0.568540
0.129547 -0.182372 0.570812
0.127690 -0.185759 0.571095
0.129761 -0.184327 0.569571
0.132330 -0.187192 0.569288
0.132995 -0.188997 0.575297
0.131344 -0.190110 0.569186
0.130182 -0.190454 0.575013
0.137566 -0.187441 0.573343
0.136630 -0.186945 0.574074
0.134878 -0.189282 0.573743
0.135467 -0.185799 0.573914
0.136007 -0.183367 0.573789
0.130029 -0.186688 0.574211
0.134218 -0.185674 0.573324
0.134523 -0.188919 0.579636
0.134066 -0.186938 0.578251
0.134722 -0.185640 0.580319
0.133510 -0.185962 0.577015
0.137374 -0.187529 0.575776
0.132448 -0.184315 0.576430
0.135031 -0.185459 0.579796
0.134862 -0.189871 0.576043
0.137672 -0.185618 0.576797
0.137506 -0.186831 0.578894
0.135426 -0.188816 0.579677
0.138258 -0.186074 0.576482
0.138848 -0.184067 0.578957
0.137530 -0.186275 0.579890
0.137982 -0.184184 0.582130
0.134656 -0.186702 0.581061
0.136218 -0.191105 0.583600
0.139421 -0.185257 0.581775
0.141331 -0.182719 0.585216
0.140457 -0.182834 0.583702
0.140458 -0.188509 0.583036
0.141499 -0.184249 0.585532
0.139533 -0.189416 0.583654
0.141508 -0.189270 0.585813
0.138469 -0.187135 0.583310
0.142778 -0.185728 0.586033
0.145232 -0.187452 0.587035
0.141895 -0.185625 0.587311
0.137775 -0.187432 0.585984
0.138535 -0.185456 0.585004
0.142840 -0.184207 0.588026
0.141151 -0.185295 0.586704
0.140745 -0.183809 0.589090
0.144132 -0.184724 0.589300
0.140736 -0.184238 0.590118
0.143265 -0.190467 0.589970
0.138466 -0.185235 0.591177
0.144115 -0.187838 0.594605
0.143917 -0.187432 0.595208
0.143984 -0.187984 0.593521
0.142199 -0.185292 0.593194
0.144229 -0.186413 0.594563
0.141634 -0.187172 0.590590
0.142967 -0.186268 0.595252
0.142256 -0.187416 0.593228
0.142202 -0.189174 0.594124
0.142432 -0.186484 0.596267
0.139771 -0.187137 0.594550
0.144401 -0.186174 0.597060
0.143707 -0.183634 0.595434
0.143096 -0.187980 0.596535
0.141550 -0.187534 0.600234
0.142871 -0.188368 0.597951
0.141354 -0.183869 0.602239
0.147054 -0.189361 0.599733
0.146443 -0.185803 0.601564
0.142757 -0.186509 0.605300
0.140207 -0.181946 0.601523
0.146445 -0.187347 0.602064
0.139807 -0.186226 0.603826
0.142890 -0.185540 0.602448
0.143634 -0.184586 0.608950
0.141001 -0.183893 0.607455
0.145537 -0.185398 0.605031
0.143073 -0.184385 0.604684
0.142631 -0.184009 0.607862
0.142474 -0.187746 0.607595
0.141561 -0.187611 0.607589
0.140876 -0.187647 0.606930
0.138139 -0.186185 0.608554
0.141143 -0.186611 0.607655
0.143783 -0.181455 0.606745
0.138716 -0.184015 0.606530
0.139623 -0.184925 0.609353
0.139522 -0.184504 0.607075
0.144046 -0.187798 0.610960
0.140369 -0.183423 0.609150
0.139286 -0.184709 0.614558
0.140610 -0.185555 0.613873
0.140526 -0.184676 0.609384
0.138799 -0.184736 0.613247
0.138456 -0.187228 0.615686
0.137336 -0.187561 0.616529
0.141312 -0.186945 0.613913
0.140684 -0.189180 0.617832
0.137525 -0.186506 0.616487
0.138616 -0.183160 0.615498
0.139275 -0.182677 0.614858
0.138059 -0.183969 0.614702
0.138786 -0.184828 0.617613
0.140255 -0.186095 0.618643
0.136197 -0.188884 0.622274
0.137981 -0.182670 0.616009
0.137744 -0.184965 0.623333
0.140834 -0.187456 0.622266
0.139132 -0.185123 0.623741
0.137697 -0.186172 0.616139
0.138367 -0.188973 0.622628
0.133536 -0.187214 0.624558
0.136239 -0.187086 0.623173
0.133035 -0.184255 0.622561
0.137635 -0.187526 0.621611
0.132439 -0.182292 0.622743
0.132783 -0.186923 0.620235
0.132171 -0.186819 0.622903
0.133631 -0.183061 0.622494
0.135817 -0.187644 0.624676
0.130519 -0.187401 0.622217
0.136609 -0.186590 0.623463
0.135978 -0.182702 0.625544
0.132618 -0.185117 0.626829
0.131159 -0.187980 0.632696
0.131737 -0.184902 0.626354
0.129829 -0.185392 0.626243
0.131158 -0.183139 0.627848
0.132192 -0.190676 0.628654
0.131594 -0.187516 0.627512
0.132325 -0.187933 0.628609
0.127153 -0.187571 0.627782
0.130405 -0.180979 0.635951
0.127558 -0.183127 0.631894
0.132722 -0.183833 0.630145
0.130695 -0.183960 0.628545
0.129155 -0.185255 0.634567
0.130712 -0.187957 0.632214
0.128420 -0.186471 0.631600
0.127402 -0.184632 0.633096
0.127973 -0.184931 0.630338
0.128487 -0.184927 0.632143
0.127604 -0.187506 0.633394
0.125029 -0.182202 0.632128
0.127519 -0.186251 0.635470
0.124745 -0.185792 0.633101
0.125408 -0.185281 0.638889
0.128198 -0.187796 0.634916
0.126973 -0.183248 0.636367
0.124707 -0.185521 0.636581
0.123164 -0.184434 0.636802
0.123370 -0.188755 0.636249
0.122101 -0.185370 0.635302
0.122917 -0.186512 0.638233
0.120410 -0.183260 0.636884
0.121085 -0.183690 0.641497
0.119383 -0.187148 0.637250
0.122574 -0.181958 0.564746
0.121021 -0.180008 0.563896
0.126993 -0.183709 0.563837
0.123151 -0.183238 0.566030
0.120684 -0.183798 0.568469
0.123201 -0.182734 0.567399
0.122555 -0.186025 0.564006
0.121944 -0.179229 0.565915
0.123718 -0.180694 0.567274
0.122393 -0.181822 0.564010
0.127397 -0.180071 0.567862
0.126424 -0.182888 0.569237
0.125306 -0.178089 0.565929
0.126418 -0.185749 0.568950
0.126228 -0.182950 0.566526
0.128622 -0.184621 0.565220
0.127561 -0.182440 0.567371
0.127025 -0.177877 0.566740
0.128264 -0.182005 0.571127
0.129530 -0.188219 0.571770
0.128785 -0.183006 0.568321
0.128827 -0.180739 0.570457
0.130666 -0.183091 0.571096
0.131650 -0.183048 0.568207
0.134043 -0.180701 0.568445
0.131562 -0.181328 0.573071
0.133101 -0.183039 0.572201
0.135777 -0.182259 0.573527
0.134350 -0.181601 0.571011
0.130559 -0.181811 0.572869
0.132532 -0.185731 0.570544
0.133041 -0.179438 0.571933
0.132760 -0.184398 0.577176
0.135567 -0.184985 0.573407
0.132151 -0.182550 0.574007
0.137511 -0.184801 0.573527
0.133986 -0.183245 0.575534
0.134788 -0.181232 0.572066
0.134718 -0.182821 0.580050
0.135933 -0.185192 0.576500
0.133766 -0.182000 0.574686
0.137145 -0.183127 0.574865
0.135328 -0.179322 0.574657
0.135799 -0.181492 0.579794
0.135235 -0.181505 0.580549
0.136060 -0.180834 0.576272
0.139078 -0.181776 0.577192
0.134103 -0.179944 0.578419
0.140635 -0.181314 0.580938
0.138464 -0.181559 0.580621
0.135827 -0.182321 0.581620
0.138007 -0.184712 0.579563
0.137400 -0.182899 0.580383
0.141246 -0.183508 0.583093
0.137023 -0.182079 0.583510
0.139416 -0.184776 0.584644
0.138258 -0.181302 0.582914
0.139012 -0.180951 0.584294
0.139763 -0.184673 0.585779
0.140655 -0.180960 0.586496
0.141160 -0.181102 0.585838
0.138752 -0.183672 0.585471
0.139301 -0.184475 0.587747
0.136388 -0.181018 0.586145
0.141560 -0.183271 0.586768
0.136496 -0.184875 0.587452
0.140390 -0.181998 0.587911
0.142883 -0.179808 0.587579
0.138155 -0.183971 0.590671
0.143534 -0.183113 0.590967
0.140828 -0.187636 0.588007
0.140718 -0.179776 0.588666
0.140807 -0.182954 0.590652
0.141654 -0.179215 0.589017
0.143264 -0.182106 0.592127
0.140589 -0.183906 0.595888
0.144702 -0.183719 0.592015
0.142200 -0.181851 0.594803
0.141090 -0.185369 0.591191
0.141008 -0.180254 0.593423
0.142750 -0.183731 0.595268
0.144351 -0.181405 0.595610
0.142891 -0.184753 0.593214
0.142629 -0.184558 0.596410
0.141474 -0.183016 0.600498
0.143458 -0.178758 0.598057
0.142343 -0.183008 0.602757
0.143923 -0.179556 0.601560
0.143373 -0.183013 0.597571
0.142257 -0.180460 0.601560
0.141445 -0.184006 0.600741
0.143757 -0.180159 0.605389
0.140021 -0.184984 0.599215
0.143436 -0.180786 0.602272
0.142729 -0.184015 0.601623
0.141499 -0.181670 0.600833
0.143123 -0.182421 0.601227
0.141745 -0.180064 0.606199
0.143542 -0.181454 0.600206
0.140863 -0.179833 0.604716
0.144153 -0.179803 0.600446
0.142506 -0.180860 0.605281
0.144457 -0.182911 0.606150
0.142557 -0.180880 0.606083
0.142904 -0.182381 0.606949
0.140179 -0.183386 0.607660
0.138543 -0.185271 0.607993
0.142069 -0.181112 0.607053
0.140609 -0.181533 0.609985
0.140542 -0.179154 0.606790
0.140947 -0.182281 0.608620
0.142552 -0.179810 0.611760
0.141212 -0.181296 0.610413
0.141826 -0.181172 0.613607
0.137177 -0.184126 0.612938
0.142006 -0.182565 0.611453
0.140206 -0.184584 0.610827
0.141321 -0.183970 0.611470
0.144134 -0.183270 0.612223
0.140053 -0.176556 0.614206
0.141916 -0.179121 0.616586
0.138328 -0.183034 0.617702
0.142593 -0.187670 0.618063
0.138872 -0.181864 0.618209
0.138261 -0.181620 0.621599
0.142606 -0.185205 0.618381
0.135575 -0.185174 0.619179
0.136579 -0.183619 0.618511
0.139631 -0.185109 0.616791
0.137930 -0.185325 0.620490
0.139563 -0.180146 0.617809
0.138696 -0.185467 0.619769
0.135604 -0.182054 0.619675
0.133917 -0.180530 0.617183
0.139808 -0.180525 0.623059
0.137080 -0.181332 0.620237
0.134671 -0.187405 0.622961
0.133423 -0.183843 0.620719
0.137460 -0.182221 0.618787
0.136254 -0.181360 0.621878
0.132872 -0.182118 0.621467
0.134954 -0.181884 0.626627
0.130480 -0.183566 0.621351
0.134097 -0.185060 0.621745
0.132801 -0.181769 0.623396
0.132833 -0.183457 0.630037
0.135655 -0.186295 0.625234
0.134303 -0.180715 0.629485
0.135215 -0.184106 0.626129
0.135799 -0.184487 0.624642
0.132303 -0.184077 0.626651
0.131213 -0.181608 0.630886
0.130324 -0.183441 0.627381
0.130037 -0.181571 0.627096
0.134299 -0.185250 0.630891
0.134781 -0.181061 0.628660
0.128574 -0.185351 0.629031
0.129695 -0.184139 0.632255
0.128580 -0.182830 0.629582
0.129807 -0.182512 0.628003
0.126040 -0.181415 0.632220
0.127973 -0.186375 0.632581
0.129530 -0.178601 0.631483
0.127446 -0.180178 0.631035
0.128945 -0.183431 0.633412
0.128830 -0.184290 0.633442
0.127781 -0.184041 0.634379
0.127422 -0.183569 0.631494
0.127117 -0.183295 0.634129
0.129254 -0.183440 0.636870
0.126994 -0.181864 0.632173
0.124264 -0.182374 0.634827
0.123859 -0.185595 0.629905
0.122522 -0.186500 0.633024
0.122383 -0.181759 0.634785
0.121404 -0.182913 0.631662
0.122664 -0.184252 0.635927
0.122074 -0.183511 0.639776
0.120608 -0.182391 0.637882
0.121602 -0.177930 0.635783
0.120777 -0.179819 0.564884
0.119963 -0.180234 0.562519
0.123381 -0.178357 0.564236
0.123888 -0.177800 0.563317
0.122941 -0.178264 0.567853
0.121821 -0.178987 0.563269
0.123862 -0.178574 0.564514
0.128841 -0.178349 0.560525
0.123955 -0.181007 0.570306
0.123957 -0.178586 0.564425
0.125179 -0.180008 0.565164
0.123978 -0.176832 0.567142
0.126502 -0.177295 0.567857
0.126257 -0.178647 0.567634
0.124697 -0.181900 0.566898
0.125316 -0.177491 0.568583
0.126112 -0.178277 0.566835
0.130424 -0.180730 0.565878
0.132348 -0.182915 0.568658
0.126615 -0.178446 0.568467
0.131029 -0.177639 0.566157
0.128245 -0.181910 0.564995
0.128530 -0.181198 0.566949
0.132922 -0.176789 0.569339
0.131780 -0.175777 0.570390
0.129887 -0.178830 0.570831
0.133334 -0.179216 0.569196
0.130394 -0.179817 0.569447
0.131110 -0.183617 0.572815
0.133814 -0.178283 0.569090
0.130874 -0.178875 0.567103
0.132965 -0.178110 0.574434
0.130943 -0.177199 0.576441
0.134009 -0.177555 0.576076
0.135839 -0.181795 0.576778
0.133433 -0.180195 0.572519
0.133352 -0.181106 0.574696
0.136323 -0.180560 0.572969
0.136301 -0.174898 0.574800
0.132442 -0.180273 0.577593
0.135735 -0.180887 0.576064
0.135412 -0.177249 0.575021
0.138253 -0.180562 0.579100
0.137486 -0.180350 0.577954
0.136124 -0.179122 0.578428
0.138179 -0.182494 0.577544
0.140330 -0.181160 0.578952
0.133593 -0.175013 0.581780
0.139727 -0.177792 0.583096
0.139557 -0.182134 0.578565
0.134970 -0.181254 0.582470
0.137457 -0.179409 0.581357
0.141022 -0.178357 0.585815
0.140887 -0.180736 0.580397
0.137788 -0.178853 0.581638
0.136585 -0.177759 0.582946
0.142894 -0.179965 0.586969
0.138235 -0.183089 0.582964
0.144064 -0.177280 0.586227
0.140102 -0.180845 0.588580
0.140017 -0.178992 0.584612
0.139954 -0.179023 0.587328
0.141746 -0.179094 0.587572
0.137569 -0.179274 0.585546
0.139990 -0.176019 0.586787
0.139254 -0.178210 0.585755
0.138039 -0.178521 0.588626
0.139474 -0.181361 0.586579
0.139846 -0.174219 0.587956
0.139388 -0.179133 0.592341
0.136986 -0.181291 0.591408
0.140298 -0.178554 0.589830
0.141469 -0.181313 0.590596
0.141924 -0.179617 0.595308
0.141986 -0.181035 0.590243
0.139065 -0.179248 0.593600
0.143179 -0.183641 0.589767
0.143705 -0.173980 0.595729
0.143727 -0.180387 0.593260
0.142910 -0.181014 0.591850
0.142661 -0.181732 0.593029
0.137406 -0.178347 0.596680
0.142340 -0.181267 0.594674
0.141673 -0.179182 0.595814
0.141151 -0.180248 0.595112
0.140132 -0.179112 0.596382
0.142472 -0.178136 0.596494
0.142964 -0.178788 0.598495
0.146078 -0.180089 0.602618
0.144491 -0.179323 0.601429
0.142273 -0.175974 0.601377
0.146183 -0.180773 0.599419
0.147740 -0.179018 0.600352
0.140302 -0.178599 0.603574
0.144706 -0.178973 0.600563
0.143066 -0.180009 0.599462
0.143605 -0.180960 0.601912
0.143536 -0.179677 0.602312
0.139321 -0.175678 0.601020
0.143090 -0.179400 0.602518
0.141728 -0.179614 0.606094
0.142583 -0.176678 0.607052
0.140083 -0.176739 0.606658
0.138634 -0.176361 0.605118
0.141282 -0.178715 0.608738
0.142254 -0.175956 0.605728
0.140887 -0.179831 0.611780
0.144798 -0.181834 0.610726
0.141189 -0.184552 0.610827
0.137798 -0.183396 0.611056
0.142589 -0.180007 0.607843
0.141147 -0.181059 0.610023
0.139946 -0.179700 0.608660
0.139350 -0.178317 0.608369
0.141740 -0.179152 0.609934
0.138338 -0.181323 0.611559
0.138790 -0.177677 0.611056
0.140839 -0.180561 0.614410
0.141415 -0.181498 0.612811
0.140158 -0.177606 0.614501
0.141075 -0.179979 0.614255
0.137120 -0.183300 0.613345
0.140579 -0.178558 0.614817
0.141250 -0.178407 0.612913
0.140617 -0.179429 0.615868
0.137479 -0.178843 0.618457
0.137352 -0.178719 0.614643
0.137494 -0.177812 0.619915
0.137184 -0.177636 0.617739
0.137999 -0.180684 0.626110
0.137469 -0.179834 0.618312
0.139948 -0.175337 0.618041
0.137704 -0.180246 0.620824
0.136258 -0.175692 0.619887
0.138842 -0.177188 0.620356
0.139390 -0.179318 0.620579
0.134543 -0.178604 0.622900
0.133809 -0.179493 0.619549
0.131942 -0.176548 0.620174
0.132845 -0.178871 0.621643
0.134550 -0.180245 0.622737
0.136499 -0.177937 0.625041
0.137674 -0.181165 0.624569
0.137555 -0.179601 0.628406
0.135041 -0.182171 0.624283
0.134555 -0.178860 0.626240
0.134095 -0.181722 0.626127
0.134020 -0.178904 0.629022
0.131767 -0.175555 0.629273
0.134306 -0.180247 0.628115
0.135088 -0.177467 0.631607
0.128568 -0.180702 0.623291
0.131419 -0.178438 0.628155
0.133447 -0.177029 0.625602
0.130945 -0.179249 0.625283
0.132379 -0.180375 0.625667
0.129760 -0.178569 0.629456
0.130477 -0.178726 0.628247
0.130813 -0.182249 0.628774
0.126207 -0.177445 0.636127
0.127670 -0.176969 0.630890
0.127047 -0.180284 0.630161
0.127355 -0.181171 0.630755
0.126766 -0.176998 0.633653
0.130234 -0.174199 0.627960
0.121566 -0.178220 0.633708
0.125127 -0.179576 0.629988
0.125913 -0.181109 0.638749
0.125744 -0.178061 0.637870
0.125921 -0.180009 0.634251
0.123180 -0.176714 0.631079
0.122308 -0.176914 0.632388
0.121389 -0.180174 0.634279
0.124642 -0.179086 0.636064
0.125824 -0.181560 0.636828
0.126659 -0.178298 0.636908
0.122533 -0.179731 0.634240
0.119604 -0.177406 0.636582
0.122865 -0.180683 0.637186
0.122614 -0.179218 0.638005
0.118040 -0.175625 0.559564
0.120734 -0.175295 0.565646
0.124672 -0.176316 0.562808
0.123222 -0.173720 0.565440
0.123471 -0.176563 0.562418
0.122164 -0.175522 0.565565
0.119169 -0.175354 0.564368
0.125595 -0.176291 0.567076
0.123629 -0.177351 0.566728
0.124428 -0.177078 0.561003
0.123309 -0.171404 0.566227
0.125926 -0.177759 0.566252
0.125785 -0.174649 0.567748
0.124782 -0.178044 0.565579
0.128710 -0.177261 0.567774
0.129448 -0.178575 0.564348
0.125623 -0.177343 0.570679
0.126460 -0.175387 0.569232
0.129795 -0.178528 0.568534
0.126867 -0.178606 0.565934
0.127990 -0.176650 0.572838
0.132433 -0.180045 0.568666
0.131058 -0.173981 0.573774
0.130442 -0.174475 0.571039
0.132501 -0.177712 0.567684
0.134183 -0.178475 0.571094
0.129527 -0.175679 0.570201
0.133846 -0.177472 0.570472
0.131468 -0.177839 0.570384
0.132809 -0.174807 0.575705
0.130827 -0.173539 0.573786
0.134535 -0.174321 0.574115
0.134328 -0.172600 0.573442
0.133782 -0.176195 0.575484
0.137247 -0.179467 0.577019
0.135524 -0.171780 0.574792
0.131994 -0.173746 0.574765
0.135638 -0.174466 0.579016
0.133656 -0.180616 0.578105
0.134343 -0.176586 0.576277
0.133741 -0.175400 0.576679
0.136449 -0.180331 0.574668
0.141332 -0.178941 0.580217
0.138434 -0.177098 0.578007
0.136189 -0.179935 0.574049
0.138532 -0.176979 0.577134
0.135214 -0.174752 0.579507
0.137406 -0.176105 0.579449
0.135311 -0.175534 0.582496
0.136424 -0.175844 0.580218
0.137854 -0.174793 0.580375
0.135469 -0.174330 0.578762
0.136970 -0.176557 0.582647
0.137906 -0.175152 0.583612
0.137937 -0.177728 0.582140
0.137436 -0.176440 0.587607
0.138998 -0.178029 0.585920
0.140687 -0.173900 0.581449
0.139077 -0.176812 0.586119
0.136817 -0.173894 0.583439
0.143468 -0.176661 0.587474
0.141193 -0.177373 0.583666
0.140273 -0.175984 0.586807
0.138354 -0.177903 0.583690
0.140514 -0.173761 0.587915
0.138748 -0.176752 0.588805
0.143760 -0.178523 0.589686
0.140699 -0.177025 0.590734
0.141697 -0.177300 0.587917
0.145585 -0.177621 0.588953
0.146369 -0.176385 0.591232
0.142748 -0.175124 0.590642
0.145767 -0.177864 0.587292
0.146398 -0.177260 0.589646
0.144127 -0.173801 0.593485
0.142347 -0.177484 0.594563
0.142757 -0.178102 0.592588
0.141352 -0.177060 0.590018
0.138363 -0.176210 0.594911
0.141308 -0.173914 0.591164
0.141757 -0.174651 0.594729
0.139737 -0.174346 0.596098
0.141820 -0.172900 0.593055
0.140923 -0.176684 0.598338
0.140755 -0.176000 0.593702
0.142351 -0.177662 0.594870
0.142231 -0.177618 0.597252
0.141812 -0.175605 0.598375
0.140482 -0.176570 0.596168
0.140429 -0.177233 0.600508
0.145296 -0.171460 0.599831
0.138654 -0.177129 0.603608
0.144070 -0.175301 0.601246
0.143528 -0.178973 0.599060
0.142676 -0.177448 0.601189
0.142679 -0.177933 0.603531
0.141868 -0.175618 0.604316
0.141926 -0.175631 0.602442
0.139743 -0.177441 0.604798
0.141291 -0.175365 0.609412
0.141546 -0.175278 0.604685
0.143562 -0.176039 0.604077
0.142014 -0.175857 0.605906
0.141809 -0.176301 0.607366
0.140589 -0.174732 0.607604
0.139919 -0.178190 0.608278
0.141760 -0.174694 0.607869
0.141329 -0.179100 0.606249
0.142154 -0.176713 0.608642
0.142305 -0.178131 0.607747
0.138558 -0.175809 0.609685
0.137462 -0.171531 0.611738
0.142955 -0.175720 0.613124
0.138899 -0.178701 0.610678
0.139208 -0.175615 0.613549
0.139596 -0.176140 0.611567
0.140255 -0.174011 0.614040
0.142058 -0.171442 0.613751
0.140813 -0.175130 0.613086
0.140635 -0.178713 0.611836
0.139806 -0.176066 0.614517
0.140813 -0.174937 0.616672
0.139416 -0.177062 0.615746
0.135914 -0.177272 0.615420
0.136358 -0.177766 0.615088
0.135678 -0.175478 0.616153
0.140732 -0.177625 0.619830
0.137024 -0.176418 0.615119
0.134316 -0.174529 0.617455
0.136398 -0.175441 0.615681
0.138554 -0.175818 0.619582
0.135336 -0.178924 0.620392
0.139012 -0.174957 0.621848
0.137261 -0.177233 0.622848
0.137840 -0.173500 0.619736
0.136795 -0.174131 0.619625
0.137528 -0.176338 0.619249
0.132262 -0.174959 0.619668
0.137513 -0.175838 0.621911
0.136934 -0.175018 0.622859
0.133496 -0.179417 0.623934
0.133209 -0.178787 0.624108
0.132476 -0.172739 0.619570
0.135981 -0.177421 0.620120
0.135886 -0.178259 0.630243
0.130614 -0.177179 0.627634
0.131875 -0.170873 0.626774
0.130365 -0.175980 0.624137
0.135161 -0.173649 0.628027
0.130286 -0.176158 0.630009
0.130822 -0.178542 0.625445
0.133960 -0.173654 0.625027
0.129294 -0.178904 0.629662
0.129632 -0.174790 0.629956
0.130423 -0.172697 0.627741
0.132454 -0.177264 0.628254
0.128663 -0.173589 0.631365
0.131204 -0.175030 0.629659
0.131900 -0.174314 0.630833
0.134921 -0.175534 0.628694
0.127492 -0.174144 0.634000
0.131934 -0.173675 0.630296
0.128163 -0.173003 0.631489
0.130046 -0.172796 0.634411
0.130398 -0.175417 0.634304
0.122015 -0.173890 0.635304
0.126185 -0.173757 0.635953
0.126838 -0.175180 0.632263
0.125582 -0.176700 0.633371
0.123507 -0.173978 0.635101
0.123450 -0.175943 0.635061
0.125331 -0.176984 0.634437
0.124893 -0.176652 0.633316
0.122762 -0.174503 0.635144
0.123799 -0.174731 0.635329
0.123532 -0.177775 0.632572
0.124585 -0.178617 0.633917
0.122056 -0.174526 0.635552
0.121149 -0.176229 0.634573
0.123426 -0.172653 0.637037
0.120946 -0.171833 0.563485
0.120412 -0.172825 0.563899
0.123302 -0.176084 0.562417
0.122313 -0.173960 0.565626
0.123460 -0.175264 0.566117
0.121101 -0.172422 0.564783
0.124862 -0.173791 0.563525
0.124682 -0.174307 0.563542
0.125606 -0.176805 0.567486
0.122842 -0.170922 0.564973
0.124299 -0.175878 0.567427
0.122239 -0.174640 0.564724
0.121376 -0.171406 0.568544
0.126971 -0.173969 0.570026
0.127101 -0.172341 0.567563
0.126231 -0.172535 0.563564
0.127787 -0.175042 0.569921
0.128155 -0.171744 0.566843
0.130016 -0.172676 0.568006
0.129577 -0.174299 0.572295
0.126633 -0.172589 0.570363
0.132322 -0.175092 0.566134
0.128658 -0.170665 0.568957
0.130354 -0.173234 0.570135
0.129791 -0.171195 0.568924
0.135183 -0.174854 0.570716
0.131561 -0.173187 0.569756
0.134749 -0.174926 0.565574
0.134494 -0.173409 0.573551
0.134578 -0.170247 0.571456
0.129852 -0.172736 0.574680
0.135834 -0.176805 0.574580
0.136994 -0.168367 0.577642
0.132446 -0.174678 0.573928
0.134524 -0.173294 0.573387
0.135300 -0.172796 0.575092
0.137519 -0.171405 0.573128
0.139210 -0.172043 0.577931
0.133989 -0.175094 0.578137
0.133769 -0.173190 0.575386
0.136962 -0.171761 0.575522
0.134001 -0.174318 0.582385
0.137709 -0.173917 0.577690
0.135956 -0.172805 0.578745
0.136085 -0.175363 0.578638
0.140812 -0.170606 0.580618
0.137744 -0.172302 0.579363
0.138992 -0.171678 0.579253
0.136882 -0.173074 0.579988
0.138843 -0.174322 0.582781
0.140777 -0.172219 0.584948
0.136394 -0.177181 0.580148
0.138219 -0.175866 0.584461
0.136376 -0.177554 0.585719
0.136732 -0.172746 0.583708
0.135779 -0.173226 0.578871
0.138787 -0.172461 0.582472
0.139518 -0.175082 0.580936
0.140333 -0.171624 0.584774
0.137895 -0.174575 0.585222
0.139907 -0.174656 0.582385
0.140845 -0.170010 0.588805
0.139873 -0.174710 0.586056
0.135994 -0.173122 0.585010
0.138943 -0.175185 0.589363
0.136782 -0.172942 0.585618
0.138982 -0.171788 0.588474
0.139433 -0.171223 0.588238
0.141368 -0.172669 0.588230
0.141142 -0.173059 0.589917
0.139866 -0.170638 0.591640
0.140622 -0.170827 0.589994
0.139923 -0.172537 0.590861
0.140162 -0.172580 0.591521
0.139585 -0.173849 0.595971
0.141426 -0.172375 0.590289
0.144058 -0.173597 0.591523
0.140611 -0.171123 0.592446
0.138973 -0.170712 0.593482
0.137822 -0.171732 0.594246
0.140950 -0.175362 0.596429
0.143507 -0.173836 0.596509
0.144643 -0.170640 0.596982
0.139940 -0.172409 0.595479
0.143924 -0.170293 0.596951
0.144826 -0.168551 0.597930
0.142946 -0.173181 0.600289
0.141379 -0.175482 0.601774
0.141200 -0.169997 0.600059
0.143180 -0.169394 0.599220
0.145221 -0.168889 0.598368
0.147583 -0.171555 0.603332
0.139867 -0.174480 0.602156
0.138867 -0.174175 0.600884
0.148936 -0.172925 0.600583
0.138786 -0.173923 0.601704
0.138842 -0.170858 0.604860
0.141197 -0.172758 0.609359
0.139667 -0.169070 0.603322
0.140461 -0.176535 0.606413
0.140145 -0.172686 0.605130
0.139932 -0.174360 0.602246
0.146184 -0.174153 0.607263
0.142211 -0.172000 0.610268
0.139327 -0.174280 0.604752
0.145092 -0.174827 0.607031
0.144656 -0.174223 0.608321
0.141083 -0.176250 0.609906
0.141725 -0.174990 0.608905
0.139398 -0.170815 0.610859
0.139528 -0.177747 0.610449
0.143221 -0.172057 0.612268
0.141179 -0.174086 0.609844
0.141057 -0.170276 0.612434
0.141170 -0.170247 0.612126
0.141712 -0.169735 0.611164
0.139036 -0.170883 0.611986
0.137723 -0.172845 0.616565
0.137953 -0.174517 0.614438
0.140490 -0.173407 0.614475
0.137856 -0.168772 0.615364
0.137239 -0.168830 0.617671
0.139527 -0.171288 0.617689
0.138380 -0.172658 0.618003
0.137388 -0.174339 0.614668
0.139002 -0.174362 0.617056
0.138563 -0.170976 0.613040
0.141115 -0.169263 0.619426
0.134171 -0.171889 0.618679
0.133283 -0.174650 0.619312
0.132386 -0.170970 0.618687
0.140786 -0.171934 0.618140
0.138472 -0.174903 0.618063
0.139840 -0.171621 0.620283
0.135951 -0.169973 0.619305
0.137190 -0.171906 0.626541
0.135483 -0.168438 0.625150
0.134481 -0.173382 0.622438
0.135151 -0.173206 0.623758
0.131642 -0.175817 0.625151
0.139035 -0.174888 0.622853
0.134327 -0.174898 0.626359
0.139105 -0.173578 0.625020
0.133819 -0.172208 0.621057
0.137346 -0.172226 0.626021
0.133962 -0.168832 0.623673
0.131263 -0.174691 0.627552
0.136270 -0.169479 0.629089
0.128639 -0.169874 0.629232
0.133180 -0.174318 0.624769
0.133291 -0.172677 0.624696
0.132724 -0.170578 0.625366
0.130857 -0.174983 0.629163
0.130248 -0.172846 0.627908
0.132240 -0.170930 0.631424
0.130104 -0.172659 0.629021
0.129909 -0.172620 0.627038
0.127334 -0.172250 0.625622
0.127528 -0.171578 0.630672
0.130395 -0.173705 0.631281
0.127070 -0.171557 0.632026
0.127227 -0.175537 0.629183
0.128457 -0.172170 0.631441
0.126599 -0.173735 0.630303
0.123625 -0.170744 0.633662
0.128566 -0.174666 0.636128
0.126707 -0.171557 0.631365
0.124503 -0.172030 0.633557
0.125036 -0.171296 0.630953
0.124440 -0.170659 0.634835
0.127169 -0.173419 0.635604
0.126218 -0.174108 0.634803
0.125933 -0.170771 0.636625
0.119013 -0.172143 0.636820
0.120367 -0.172343 0.636572
0.125045 -0.172946 0.635668
0.123933 -0.173207 0.637881
0.122928 -0.171878 0.635295
0.121872 -0.172964 0.638815
0.119664 -0.175031 0.635180
0.123950 -0.168144 0.564454
0.120733 -0.167653 0.564146
0.119283 -0.170076 0.564338
0.123458 -0.171218 0.560915
0.123559 -0.166564 0.563505
0.124384 -0.166570 0.562906
0.123267 -0.167902 0.565702
0.123619 -0.169039 0.565188
0.121115 -0.170520 0.568622
0.125511 -0.170564 0.564743
0.126946 -0.168357 0.565758
0.126969 -0.169719 0.568213
0.127873 -0.169632 0.569513
0.124782 -0.167430 0.569923
0.126086 -0.171041 0.564320
0.125129 -0.170225 0.565504
0.126443 -0.166252 0.566143
0.128519 -0.167397 0.567675
0.127378 -0.167576 0.570970
0.127444 -0.170941 0.572793
0.129557 -0.165761 0.568155
0.129818 -0.171143 0.567613
0.129426 -0.171302 0.572018
0.134069 -0.169288 0.569964
0.131685 -0.171171 0.569138
0.132846 -0.171430 0.573911
0.132000 -0.172517 0.574539
0.132324 -0.171898 0.570269
0.130698 -0.175537 0.575293
0.131720 -0.166664 0.571427
0.132207 -0.169929 0.572930
0.134776 -0.170557 0.572514
0.129435 -0.173244 0.575893
0.132988 -0.172876 0.574872
0.134587 -0.169196 0.572961
0.132780 -0.169928 0.580619
0.133131 -0.170907 0.576722
0.137471 -0.168522 0.574561
0.134625 -0.170431 0.574251
0.136384 -0.167122 0.575810
0.137107 -0.168146 0.576481
0.138399 -0.167216 0.575232
0.137995 -0.168548 0.578839
0.133208 -0.171828 0.576490
0.138312 -0.167367 0.575484
0.138628 -0.167907 0.578623
0.142724 -0.171763 0.577577
0.136531 -0.168506 0.576206
0.135098 -0.168709 0.576997
0.137066 -0.167056 0.577733
0.135650 -0.168316 0.583756
0.140686 -0.171106 0.584270
0.140059 -0.170453 0.581795
0.139213 -0.171031 0.583563
0.138474 -0.167918 0.583908
0.138890 -0.169023 0.586083
0.140090 -0.169709 0.585113
0.137977 -0.168089 0.586842
0.142876 -0.169331 0.585444
0.141456 -0.173921 0.581346
0.138993 -0.169752 0.588750
0.143947 -0.168879 0.586256
0.139405 -0.168861 0.584674
0.140199 -0.168469 0.585106
0.140097 -0.170329 0.587485
0.141424 -0.167610 0.589316
0.139483 -0.168862 0.589168
0.141818 -0.168249 0.588094
0.141309 -0.172761 0.590626
0.142234 -0.169033 0.591994
0.140571 -0.169422 0.592883
0.143879 -0.167892 0.590435
0.144288 -0.167599 0.588671
0.137270 -0.169046 0.595878
0.143453 -0.174263 0.590717
0.141269 -0.171936 0.596091
0.142336 -0.169067 0.595058
0.142585 -0.171336 0.593054
0.142387 -0.168585 0.592965
0.144818 -0.164606 0.594941
0.142440 -0.168980 0.596585
0.142978 -0.174391 0.600303
0.143133 -0.175183 0.592922
0.138701 -0.165094 0.595191
0.142019 -0.168174 0.594961
0.142648 -0.170777 0.597877
0.142364 -0.167045 0.595705
0.144452 -0.168185 0.600527
0.141759 -0.170367 0.599255
0.141651 -0.167991 0.597395
0.144110 -0.168685 0.597264
0.144075 -0.167033 0.600789
0.140235 -0.172146 0.600449
0.142830 -0.169285 0.601480
0.139693 -0.170381 0.600578
0.140234 -0.170554 0.607686
0.138597 -0.169099 0.603287
0.139682 -0.166031 0.602905
0.140902 -0.170175 0.604411
0.141888 -0.172403 0.606458
0.142148 -0.166519 0.607716
0.140653 -0.171334 0.607751
0.140965 -0.170925 0.604490
0.140778 -0.172049 0.604863
0.142809 -0.166620 0.605271
0.143256 -0.168391 0.607109
0.144808 -0.166081 0.609437
0.138845 -0.171421 0.611378
0.141354 -0.168337 0.613135
0.143488 -0.168731 0.612190
0.143301 -0.169138 0.607476
0.144652 -0.171322 0.610383
0.142654 -0.167095 0.613555
0.139623 -0.169519 0.611515
0.137345 -0.171163 0.609592
0.139171 -0.169025 0.611566
0.139768 -0.171334 0.611661
0.138512 -0.169128 0.615301
0.137974 -0.170717 0.613555
0.138313 -0.168558 0.617367
0.139886 -0.167208 0.618766
0.142518 -0.171725 0.615746
0.140013 -0.169630 0.616180
0.138597 -0.172319 0.612930
0.134965 -0.168275 0.614347
0.140688 -0.170364 0.617753
0.143020 -0.171806 0.618585
0.138100 -0.169295 0.617960
0.139720 -0.169048 0.620012
0.135501 -0.166828 0.618786
0.135416 -0.168851 0.621594
0.138451 -0.168658 0.621001
0.139245 -0.170476 0.621588
0.135858 -0.166860 0.619375
0.139720 -0.169515 0.620606
0.135237 -0.172469 0.619189
0.139127 -0.170758 0.622431
0.135274 -0.171485 0.618660
0.136104 -0.168211 0.620532
0.131682 -0.164567 0.621980
0.133093 -0.170311 0.624009
0.136624 -0.165311 0.624627
0.132735 -0.168834 0.627052
0.133412 -0.167467 0.622273
0.135182 -0.168306 0.628273
0.132900 -0.168738 0.629274
0.135784 -0.170032 0.624830
0.132816 -0.169600 0.625436
0.134920 -0.168858 0.630532
0.131383 -0.167155 0.628722
0.132988 -0.169306 0.630334
0.129018 -0.171841 0.628727
0.137924 -0.166904 0.626412
0.135071 -0.167747 0.627125
0.127930 -0.169134 0.628435
0.132342 -0.171427 0.630569
0.132459 -0.170347 0.627669
0.132488 -0.170641 0.631839
0.133619 -0.168851 0.632267
0.130280 -0.168936 0.632866
0.132661 -0.168324 0.633247
0.128098 -0.168905 0.632853
0.128699 -0.168622 0.630317
0.129076 -0.168047 0.634980
0.126228 -0.170203 0.633609
0.127193 -0.168897 0.633136
0.124643 -0.169393 0.631514
0.126927 -0.170691 0.635233
0.123940 -0.167384 0.633463
0.125720 -0.170946 0.633149
0.120685 -0.168705 0.635900
0.124088 -0.172995 0.633223
0.126821 -0.167642 0.634327
0.120729 -0.166699 0.636692
0.120806 -0.168792 0.636561
0.124935 -0.169509 0.635697
0.125797 -0.167373 0.633049
0.121627 -0.168037 0.635355
0.119883 -0.170264 0.635636
0.120725 -0.170476 0.632781
0.124071 -0.165871 0.563584
0.120841 -0.170117 0.562970
0.121859 -0.165213 0.566182
0.122114 -0.162376 0.562518
0.123965 -0.170523 0.567647
0.123455 -0.167550 0.563972
0.123647 -0.161075 0.565089
0.123387 -0.163348 0.564394
0.124069 -0.164141 0.564774
0.125075 -0.164641 0.564094
0.126729 -0.165136 0.565186
0.125343 -0.165811 0.564055
0.124971 -0.165156 0.567979
0.124863 -0.164928 0.566489
0.125340 -0.165179 0.565501
0.131798 -0.166346 0.567681
0.125102 -0.166585 0.568220
0.131388 -0.166504 0.570691
0.125278 -0.166420 0.569241
0.128914 -0.166151 0.570156
0.125365 -0.167698 0.573257
0.132758 -0.164479 0.566249
0.131471 -0.169012 0.571245
0.130435 -0.167729 0.573609
0.131407 -0.164768 0.570719
0.128914 -0.167697 0.571387
0.132654 -0.163347 0.573238
0.131404 -0.169173 0.572166
0.131101 -0.166791 0.573175
0.133090 -0.163399 0.572552
0.134126 -0.162217 0.576095
0.131926 -0.166248 0.570638
0.132765 -0.169888 0.569758
0.133925 -0.164307 0.576103
0.133273 -0.165910 0.575940
0.137856 -0.168311 0.571750
0.133581 -0.170165 0.574694
0.135074 -0.166648 0.574319
0.133881 -0.165883 0.576670
0.134334 -0.166215 0.576610
0.137508 -0.166598 0.576575
0.140657 -0.167138 0.575377
0.136687 -0.162822 0.576754
0.138138 -0.165962 0.578943
0.132677 -0.164569 0.582115
0.138401 -0.166798 0.581213
0.135892 -0.166698 0.580155
0.138451 -0.166065 0.582933
0.138357 -0.168851 0.583603
0.139387 -0.167059 0.577619
0.139017 -0.163910 0.584131
0.140094 -0.167503 0.579533
0.139473 -0.163399 0.581707
0.139780 -0.161915 0.580865
0.138695 -0.161059 0.583766
0.139706 -0.166327 0.581169
0.136264 -0.167945 0.584497
0.141165 -0.167315 0.584680
0.139922 -0.167689 0.583889
0.141606 -0.166116 0.583561
0.141244 -0.166556 0.584585
0.139975 -0.165289 0.583954
0.143103 -0.166058 0.585127
0.141054 -0.161654 0.585988
0.141763 -0.164948 0.585914
0.139859 -0.166077 0.586810
0.139736 -0.164707 0.590541
0.137832 -0.166470 0.592656
0.140145 -0.166096 0.588604
0.143340 -0.163675 0.591002
0.143324 -0.163435 0.591322
0.141368 -0.167780 0.588653
0.138823 -0.165097 0.590525
0.142443 -0.165181 0.596708
0.141409 -0.167294 0.593147
0.141313 -0.165544 0.591456
0.144895 -0.165044 0.593904
0.142531 -0.166741 0.591515
0.140302 -0.166645 0.596477
0.144237 -0.168752 0.597211
0.146428 -0.166630 0.596086
0.143509 -0.164575 0.594195
0.141874 -0.165393 0.595370
0.141051 -0.165286 0.598927
0.137261 -0.167130 0.596966
0.143262 -0.167003 0.595102
0.143828 -0.165522 0.598314
0.142945 -0.166412 0.601901
0.143131 -0.168553 0.600806
0.140232 -0.166016 0.599735
0.139447 -0.168074 0.602099
0.142198 -0.162884 0.597086
0.144104 -0.166431 0.602663
0.142467 -0.167930 0.599475
0.144610 -0.169258 0.599239
0.144578 -0.163267 0.602339
0.139347 -0.162862 0.600432
0.143710 -0.163192 0.600756
0.139769 -0.167504 0.603040
0.145298 -0.166799 0.605816
0.146051 -0.169123 0.602350
0.140525 -0.167168 0.606467
0.140047 -0.165203 0.607277
0.140887 -0.166066 0.606186
0.139121 -0.163997 0.610037
0.143819 -0.166969 0.606325
0.141808 -0.167873 0.607651
0.140210 -0.165877 0.606265
0.142973 -0.166448 0.607140
0.143465 -0.166358 0.608604
0.139864 -0.164856 0.607742
0.142807 -0.163514 0.612205
0.140838 -0.167959 0.612176
0.140378 -0.168143 0.614087
0.139601 -0.165899 0.612227
0.144436 -0.166180 0.609455
0.139225 -0.167194 0.609069
0.142322 -0.160986 0.615256
0.138641 -0.164457 0.611432
0.142487 -0.167437 0.612873
0.141054 -0.165123 0.616133
0.141157 -0.163438 0.615231
0.137298 -0.168941 0.616331
0.143451 -0.163865 0.616585
0.140832 -0.163500 0.615019
0.141120 -0.164687 0.615978
0.137552 -0.167140 0.618733
0.143691 -0.168455 0.617188
0.135258 -0.166781 0.615469
0.139603 -0.165878 0.617738
0.137408 -0.163820 0.620321
0.135655 -0.166299 0.615728
0.136490 -0.169230 0.618633
0.138351 -0.167036 0.618974
0.136647 -0.166371 0.620672
0.133714 -0.163570 0.622706
0.136727 -0.166719 0.619114
0.139429 -0.165323 0.618075
0.136495 -0.168425 0.623317
0.130490 -0.167023 0.620941
0.136396 -0.164432 0.622649
0.137433 -0.164822 0.626645
0.132123 -0.166978 0.620872
0.133451 -0.164947 0.625643
0.136140 -0.163884 0.624049
0.134586 -0.165138 0.628711
0.132839 -0.167929 0.625382
0.131526 -0.165821 0.626996
0.137891 -0.166252 0.627482
0.128693 -0.164429 0.626652
0.131022 -0.169145 0.628346
0.128336 -0.166042 0.628605
0.130131 -0.162403 0.628861
0.128584 -0.162702 0.633575
0.127946 -0.165994 0.629910
0.130694 -0.163807 0.629947
0.130900 -0.164233 0.627167
0.129630 -0.170439 0.628219
0.127399 -0.166878 0.631811
0.128078 -0.165025 0.629730
0.124563 -0.168016 0.629607
0.127648 -0.164468 0.631497
0.128642 -0.168769 0.633459
0.130994 -0.166304 0.633772
0.127284 -0.166270 0.632291
0.128097 -0.168214 0.633465
0.125396 -0.163669 0.631901
0.125848 -0.167875 0.634338
0.128311 -0.170764 0.634430
0.124873 -0.165809 0.633136
0.123326 -0.163514 0.634387
0.122451 -0.167464 0.631844
0.126069 -0.164925 0.631186
0.121940 -0.166195 0.635431
0.122938 -0.167600 0.635597
0.122774 -0.167400 0.636727
0.120596 -0.169001 0.634085
0.125510 -0.167235 0.635720
0.119656 -0.165509 0.633940
0.118537 -0.167672 0.632846
0.118348 -0.160549 0.563915
0.122518 -0.163593 0.563903
0.119005 -0.162250 0.563850
0.120280 -0.163936 0.562372
0.125524 -0.164391 0.561900
0.125664 -0.161248 0.562371
0.125199 -0.161490 0.566619
0.122800 -0.161908 0.564202
0.128027 -0.165439 0.563232
0.124604 -0.163970 0.564837
0.127366 -0.162529 0.566409
0.129398 -0.164874 0.570447
0.123850 -0.163645 0.567661
0.128767 -0.162473 0.570789
0.121025 -0.161370 0.569135
0.131281 -0.160341 0.569018
0.130550 -0.163958 0.566051
0.128182 -0.163051 0.564254
0.128305 -0.161424 0.570467
0.130725 -0.162836 0.568539
0.127566 -0.162316 0.564636
0.131305 -0.163400 0.569959
0.130650 -0.160921 0.570405
0.134331 -0.164512 0.568409
0.130058 -0.162644 0.569943
0.131032 -0.164417 0.576303
0.133097 -0.164125 0.570824
0.131716 -0.164522 0.572889
0.128603 -0.160565 0.571872
0.131690 -0.160024 0.570084
0.134708 -0.162931 0.574540
0.133433 -0.161738 0.573611
0.135678 -0.164307 0.573004
0.135324 -0.161543 0.574059
0.132628 -0.163128 0.571247
0.134406 -0.160615 0.574541
0.135277 -0.162232 0.576007
0.136328 -0.165123 0.573789
0.136296 -0.164884 0.577761
0.133393 -0.161262 0.577821
0.134243 -0.162789 0.572805
0.137930 -0.163813 0.574492
0.138705 -0.163646 0.579224
0.135871 -0.162645 0.578026
0.132002 -0.163103 0.579989
0.133362 -0.162398 0.578839
0.134277 -0.165958 0.580209
0.137034 -0.160234 0.579188
0.137453 -0.161855 0.582006
0.138959 -0.158972 0.582153
0.140491 -0.161607 0.580262
0.138303 -0.160543 0.577217
0.141528 -0.164655 0.582029
0.134857 -0.161715 0.583937
0.138841 -0.163943 0.582738
0.138086 -0.163073 0.584472
0.139767 -0.159775 0.584004
0.139681 -0.164034 0.583759
0.140419 -0.165780 0.586886
0.139132 -0.160274 0.586196
0.142369 -0.164352 0.587185
0.140280 -0.166680 0.583350
0.140934 -0.163928 0.586338
0.136533 -0.160163 0.587941
0.142453 -0.163656 0.587377
0.140794 -0.160976 0.588644
0.139139 -0.156393 0.590643
0.144710 -0.162134 0.589671
0.139335 -0.164905 0.589290
0.139072 -0.159610 0.591398
0.141654 -0.160084 0.590171
0.138034 -0.160492 0.593838
0.141484 -0.163427 0.589253
0.145449 -0.164563 0.594484
0.138933 -0.164462 0.591491
0.143247 -0.160398 0.593816
0.139524 -0.165536 0.594376
0.144123 -0.163289 0.591764
0.142510 -0.166098 0.591532
0.140125 -0.166023 0.592594
0.142832 -0.161006 0.595632
0.141084 -0.162070 0.593896
0.142337 -0.161449 0.598695
0.142723 -0.164181 0.598119
0.142686 -0.160755 0.596466
0.140070 -0.163419 0.597751
0.142373 -0.166201 0.600789
0.141674 -0.163603 0.596562
0.140886 -0.160770 0.603994
0.141309 -0.160028 0.598221
0.143536 -0.162894 0.603771
0.140138 -0.166470 0.601299
0.144466 -0.162608 0.599405
0.142340 -0.161279 0.599636
0.143309 -0.161820 0.605664
0.143074 -0.159656 0.600688
0.142914 -0.160438 0.603895
0.145342 -0.158380 0.602392
0.144542 -0.164119 0.604367
0.143841 -0.160570 0.605559
0.143102 -0.164633 0.603999
0.143597 -0.162095 0.605764
0.139182 -0.160910 0.603397
0.145400 -0.158317 0.604911
0.141561 -0.161804 0.604148
0.143761 -0.166652 0.607738
0.140793 -0.161041 0.606274
0.140923 -0.158040 0.608287
0.142607 -0.165002 0.608138
0.140232 -0.163482 0.610493
0.141324 -0.162366 0.612349
0.142269 -0.162100 0.611044
0.143564 -0.163418 0.609521
0.142372 -0.160404 0.612958
0.141692 -0.161397 0.614917
0.138588 -0.163984 0.612726
0.141539 -0.160112 0.613107
0.140572 -0.162731 0.615034
0.141900 -0.160948 0.616151
0.142828 -0.162815 0.616673
0.135931 -0.163424 0.615629
0.142357 -0.161978 0.616497
0.138809 -0.159596 0.614525
0.137462 -0.163974 0.613854
0.141275 -0.159084 0.618644
0.138912 -0.164196 0.618151
0.140016 -0.166404 0.619611
0.137303 -0.163516 0.615881
0.140876 -0.160335 0.618065
0.137201 -0.158895 0.616287
0.137365 -0.165412 0.621393
0.134175 -0.161649 0.621964
0.133291 -0.162047 0.621142
0.138361 -0.162405 0.621900
0.135140 -0.158928 0.621596
0.136135 -0.163240 0.622298
0.136334 -0.159699 0.620826
0.135423 -0.160692 0.623371
0.137689 -0.161452 0.621528
0.132627 -0.160940 0.624129
0.137219 -0.163723 0.625269
0.135870 -0.163134 0.624917
0.131619 -0.158246 0.622420
0.132506 -0.159357 0.625389
0.136262 -0.163315 0.624245
0.136464 -0.162484 0.626830
0.133878 -0.157175 0.627737
0.137578 -0.160287 0.624809
0.134234 -0.161070 0.630740
0.135129 -0.161123 0.626124
0.132724 -0.160249 0.627083
0.131453 -0.164114 0.626531
0.131747 -0.162958 0.628548
0.132064 -0.163492 0.626204
0.130501 -0.161434 0.627710
0.131561 -0.165781 0.630016
0.128126 -0.162942 0.629472
0.132772 -0.163979 0.631792
0.130007 -0.161005 0.630144
0.131504 -0.165312 0.632052
0.129633 -0.162313 0.633676
0.127519 -0.160195 0.632049
0.126263 -0.161877 0.634105
0.130841 -0.159732 0.633232
0.126257 -0.162630 0.629278
0.130148 -0.159355 0.634763
0.126189 -0.160747 0.630552
0.128742 -0.162208 0.634521
0.123380 -0.161128 0.630610
0.122932 -0.160691 0.635065
0.121861 -0.162667 0.632211
0.124073 -0.161852 0.637602
0.123119 -0.164073 0.636102
0.123751 -0.161110 0.632853
0.123309 -0.159977 0.634200
0.120016 -0.160575 0.634633
0.124454 -0.164470 0.634663
0.123936 -0.163329 0.632818
0.118170 -0.163526 0.634385
0.119924 -0.161882 0.638371
0.122791 -0.161106 0.562334
0.120700 -0.160433 0.559952
0.121312 -0.156144 0.561307
0.120470 -0.159167 0.563785
0.119726 -0.157087 0.566398
0.123241 -0.157006 0.562410
0.124985 -0.163632 0.563735
0.122711 -0.161359 0.565609
0.124559 -0.155905 0.566395
0.120825 -0.159873 0.563658
0.124869 -0.157084 0.566590
0.126144 -0.158387 0.566532
0.126859 -0.158443 0.565220
0.125540 -0.161090 0.566901
0.126588 -0.158070 0.568257
0.130715 -0.159023 0.566434
0.122385 -0.157298 0.566142
0.129284 -0.157053 0.566653
0.130236 -0.163401 0.570000
0.128816 -0.161306 0.570517
0.130899 -0.156103 0.567584
0.132247 -0.162765 0.569981
0.130005 -0.160247 0.571397
0.132203 -0.161743 0.570696
0.129449 -0.157550 0.569719
0.133801 -0.161550 0.573775
0.134291 -0.158940 0.571682
0.128768 -0.158095 0.571352
0.130909 -0.158290 0.573844
0.131834 -0.157847 0.572180
0.135136 -0.161410 0.572891
0.128976 -0.158022 0.574061
0.136268 -0.160672 0.572551
0.131806 -0.156589 0.578115
0.132514 -0.159348 0.573855
0.132938 -0.157475 0.575502
0.134739 -0.157266 0.576764
0.132110 -0.156596 0.572530
0.137034 -0.160069 0.577431
0.133508 -0.157726 0.578398
0.138184 -0.160387 0.576861
0.134859 -0.158654 0.577431
0.133505 -0.157208 0.579071
0.135181 -0.159467 0.577059
0.134429 -0.158345 0.578433
0.136727 -0.157035 0.579194
0.138950 -0.159664 0.582017
0.133837 -0.160537 0.581174
0.138136 -0.159791 0.579510
0.136597 -0.157724 0.580355
0.135947 -0.158262 0.582643
0.139749 -0.157236 0.583336
0.138595 -0.159623 0.584547
0.142488 -0.159411 0.584536
0.140311 -0.162489 0.580691
0.137849 -0.160703 0.587143
0.138591 -0.157831 0.584493
0.142410 -0.161225 0.586999
0.138167 -0.160346 0.585369
0.142518 -0.159707 0.587515
0.140651 -0.160228 0.584642
0.139787 -0.156069 0.582050
0.141331 -0.160231 0.585121
0.140273 -0.158007 0.583223
0.142098 -0.158042 0.590581
0.137396 -0.156646 0.586645
0.138291 -0.157841 0.588966
0.137480 -0.163842 0.585980
0.140529 -0.156692 0.590732
0.140635 -0.160271 0.590454
0.139890 -0.159961 0.592030
0.140145 -0.156825 0.590567
0.144614 -0.157828 0.592813
0.141257 -0.160810 0.590309
0.143081 -0.158768 0.594122
0.142860 -0.158668 0.591390
0.140082 -0.159278 0.592612
0.143282 -0.159059 0.593093
0.138799 -0.160948 0.598650
0.143157 -0.159009 0.595411
0.141386 -0.158784 0.592623
0.142965 -0.156671 0.596569
0.139523 -0.157496 0.597115
0.142724 -0.158506 0.594576
0.144969 -0.160867 0.598269
0.143414 -0.161320 0.598138
0.139603 -0.162118 0.597505
0.145882 -0.157924 0.596550
0.143110 -0.155686 0.596877
0.142679 -0.159877 0.600094
0.143009 -0.159693 0.600032
0.143125 -0.157684 0.602487
0.143087 -0.158092 0.604236
0.143919 -0.160229 0.599908
0.141958 -0.157153 0.603455
0.142337 -0.159481 0.602594
0.140911 -0.161417 0.602151
0.138551 -0.160154 0.602874
0.142433 -0.159081 0.605331
0.143766 -0.160863 0.603338
0.142203 -0.160318 0.606612
0.144056 -0.161627 0.607271
0.139241 -0.160086 0.607059
0.144141 -0.156796 0.603952
0.140564 -0.157546 0.607836
0.143006 -0.160190 0.610417
0.144610 -0.159153 0.610715
0.141684 -0.160865 0.608777
0.141786 -0.157845 0.608977
0.140757 -0.157912 0.608853
0.140914 -0.159949 0.608818
0.141156 -0.161991 0.609865
0.143502 -0.159957 0.611754
0.138451 -0.158292 0.613352
0.142000 -0.162235 0.610066
0.141537 -0.159542 0.613856
0.138792 -0.157053 0.612558
0.137270 -0.157594 0.610256
0.140237 -0.162037 0.614259
0.139051 -0.159223 0.619001
0.140316 -0.160435 0.614911
0.137103 -0.160502 0.616039
0.141223 -0.160596 0.620138
0.138176 -0.157930 0.615938
0.140080 -0.159290 0.617195
0.139792 -0.159015 0.617736
0.138439 -0.159475 0.617474
0.138909 -0.158779 0.619264
0.137860 -0.155091 0.618603
0.137724 -0.161015 0.617238
0.137274 -0.155557 0.618825
0.137069 -0.156858 0.620021
0.140455 -0.161930 0.621767
0.138562 -0.161009 0.621391
0.135257 -0.158226 0.623108
0.135832 -0.161985 0.616493
0.133501 -0.159705 0.622266
0.132789 -0.158452 0.627791
0.138866 -0.154486 0.625195
0.139495 -0.159566 0.625726
0.134517 -0.162649 0.623690
0.134491 -0.158952 0.624845
0.134362 -0.159032 0.621267
0.133665 -0.160751 0.624196
0.135803 -0.161420 0.627319
0.135751 -0.162561 0.625230
0.135670 -0.159053 0.625625
0.131664 -0.160893 0.627669
0.133119 -0.158639 0.626864
0.130736 -0.155795 0.626205
0.134250 -0.159399 0.630600
0.132213 -0.161712 0.628208
0.131476 -0.156356 0.625299
0.128642 -0.161962 0.630685
0.128758 -0.157969 0.629445
0.126646 -0.158268 0.630900
0.126287 -0.161708 0.629979
0.129243 -0.160090 0.629939
0.130330 -0.161631 0.628129
0.131438 -0.158561 0.627883
0.134145 -0.157891 0.628123
0.125606 -0.158072 0.634291
0.126917 -0.159781 0.631210
0.123476 -0.157651 0.633979
0.129666 -0.160158 0.630675
0.127614 -0.155805 0.632792
0.127114 -0.158881 0.629420
0.127395 -0.157144 0.631766
0.121479 -0.159890 0.634971
0.126417 -0.157152 0.631882
0.126243 -0.160176 0.632898
0.121621 -0.156395 0.633573
0.123781 -0.162524 0.636560
0.124183 -0.159518 0.637062
0.122358 -0.159404 0.634036
0.122000 -0.158320 0.634181
0.127496 -0.159631 0.632567
0.122966 -0.160381 0.635910
0.122608 -0.161404 0.637452
0.117366 -0.155295 0.638094
0.121538 -0.156960 0.561568
0.123497 -0.156571 0.561641
0.120143 -0.157328 0.562868
0.124079 -0.155890 0.562491
0.122199 -0.158447 0.561560
0.119587 -0.157332 0.564481
0.123973 -0.155126 0.566708
0.122199 -0.154321 0.568434
0.127175 -0.155002 0.567765
0.128266 -0.156627 0.565603
0.124922 -0.159329 0.563932
0.127512 -0.155515 0.565992
0.124642 -0.157645 0.570630
0.126885 -0.156520 0.568456
0.128824 -0.157875 0.563890
0.127140 -0.155244 0.568448
0.127703 -0.157852 0.568754
0.128538 -0.155006 0.566464
0.130085 -0.157337 0.570008
0.128350 -0.155381 0.567587
0.130143 -0.153805 0.566272
0.130405 -0.158054 0.570355
0.128868 -0.158022 0.568960
0.130266 -0.154572 0.567597
0.129089 -0.152534 0.570143
0.132229 -0.158897 0.574526
0.129238 -0.157205 0.573029
0.134242 -0.156436 0.573324
0.130674 -0.155116 0.572392
0.131156 -0.156507 0.572469
0.130366 -0.158337 0.574717
0.135283 -0.155435 0.573527
0.133626 -0.154768 0.571054
0.132019 -0.154526 0.573778
0.134979 -0.152712 0.570121
0.132882 -0.159179 0.574638
0.136649 -0.156591 0.574817
0.135673 -0.158406 0.577009
0.133044 -0.159230 0.576387
0.138825 -0.157977 0.577044
0.133376 -0.153081 0.575424
0.137317 -0.155627 0.577041
0.137432 -0.156197 0.577996
0.134123 -0.157101 0.576592
0.137713 -0.160880 0.578010
0.133073 -0.153712 0.577932
0.136819 -0.155380 0.581436
0.136197 -0.156787 0.579092
0.137073 -0.155179 0.581058
0.137850 -0.157602 0.581002
0.139338 -0.157482 0.580935
0.137354 -0.157601 0.581050
0.140915 -0.155707 0.584102
0.135575 -0.154818 0.582074
0.135984 -0.159162 0.582781
0.137375 -0.157105 0.585641
0.138965 -0.159139 0.586923
0.142723 -0.157202 0.583331
0.139716 -0.155676 0.582098
0.143643 -0.154141 0.586182
0.139417 -0.156621 0.589894
0.141507 -0.153607 0.583633
0.140633 -0.158064 0.586595
0.142220 -0.158279 0.586639
0.143179 -0.154812 0.588692
0.138945 -0.156529 0.589750
0.136794 -0.155113 0.587164
0.140244 -0.151274 0.590082
0.140657 -0.153743 0.587930
0.141974 -0.154125 0.587647
0.142735 -0.158284 0.588696
0.144079 -0.158786 0.592069
0.143839 -0.152077 0.592491
0.144614 -0.157696 0.593602
0.141035 -0.154492 0.592173
0.142415 -0.155864 0.590373
0.139870 -0.157273 0.588980
0.137544 -0.151547 0.589973
0.141388 -0.155559 0.595751
0.144431 -0.155537 0.593174
0.143137 -0.152267 0.595216
0.143907 -0.153183 0.594068
0.142047 -0.154881 0.599236
0.141896 -0.156009 0.594381
0.141066 -0.154579 0.598122
0.139926 -0.154154 0.598186
0.142716 -0.155518 0.597858
0.141924 -0.153847 0.600833
0.143385 -0.155166 0.600492
0.140448 -0.157962 0.599745
0.142380 -0.159494 0.599549
0.142583 -0.150602 0.598260
0.139908 -0.154964 0.600088
0.144851 -0.159075 0.602376
0.141293 -0.158225 0.603588
0.143979 -0.153777 0.604226
0.140787 -0.155949 0.603297
0.143868 -0.153608 0.605116
0.143173 -0.159820 0.603855
0.143695 -0.155236 0.604502
0.145146 -0.154504 0.604987
0.146130 -0.158091 0.606477
0.143037 -0.160444 0.606255
0.141011 -0.157026 0.608418
0.140820 -0.155761 0.606610
0.138340 -0.152199 0.607813
0.143667 -0.154064 0.609134
0.146308 -0.155595 0.608880
0.141955 -0.158134 0.608637
0.142116 -0.158284 0.611207
0.141110 -0.157873 0.607884
0.142514 -0.156349 0.613750
0.138360 -0.157095 0.611370
0.139917 -0.155233 0.611823
0.145411 -0.152964 0.612470
0.140330 -0.155309 0.611413
0.141169 -0.156428 0.614312
0.139563 -0.157803 0.614836
0.139159 -0.154708 0.615536
0.140317 -0.156069 0.613114
0.138353 -0.154818 0.610350
0.139186 -0.153373 0.617381
0.141145 -0.152256 0.616738
0.140016 -0.156928 0.618549
0.137708 -0.155168 0.618907
0.140260 -0.152970 0.617002
0.134331 -0.156524 0.618068
0.138545 -0.157141 0.617392
0.137144 -0.154007 0.616077
0.136350 -0.158795 0.617830
0.136887 -0.152440 0.618821
0.139348 -0.153092 0.616064
0.135016 -0.158684 0.620832
0.137385 -0.159417 0.616543
0.137565 -0.156918 0.619017
0.135413 -0.156110 0.622255
0.141328 -0.158234 0.621738
0.139683 -0.154103 0.624126
0.134211 -0.155323 0.620608
0.136781 -0.156595 0.623611
0.134936 -0.155550 0.626242
0.135927 -0.154024 0.629139
0.135220 -0.154878 0.623911
0.133446 -0.160604 0.626106
0.135586 -0.155460 0.625596
0.134080 -0.158102 0.630207
0.132660 -0.156521 0.624482
0.132236 -0.153144 0.628193
0.130402 -0.155439 0.627323
0.139515 -0.158913 0.626537
0.132863 -0.157683 0.627169
0.131116 -0.154067 0.628089
0.133651 -0.155403 0.628591
0.134195 -0.157390 0.630108
0.131300 -0.158889 0.629791
0.132029 -0.155829 0.631952
0.127175 -0.155015 0.630515
0.132220 -0.157207 0.628216
0.129488 -0.158686 0.630664
0.131303 -0.153604 0.631245
0.126654 -0.157843 0.633423
0.129862 -0.156326 0.631046
0.125703 -0.157009 0.629648
0.132230 -0.156803 0.632617
0.123101 -0.153721 0.631719
0.124488 -0.157110 0.633658
0.127638 -0.157615 0.631564
0.125660 -0.157017 0.633200
0.125858 -0.156086 0.627797
0.125013 -0.155365 0.630971
0.124041 -0.159177 0.633087
0.123265 -0.152270 0.637226
0.123386 -0.156562 0.634411
0.123413 -0.151453 0.638920
0.118902 -0.156147 0.631461
0.125377 -0.157924 0.635731
0.120347 -0.155929 0.636151
0.122405 -0.155206 0.634910
0.120592 -0.153809 0.635988
0.118085 -0.155240 0.634496
0.119970 -0.148688 0.566172
0.121514 -0.154099 0.566979
0.116707 -0.155269 0.562571
0.123546 -0.157168 0.562959
0.121923 -0.149466 0.561725
0.130396 -0.148976 0.563974
0.124514 -0.152561 0.565444
0.121632 -0.150422 0.566797
0.125152 -0.149398 0.563050
0.123325 -0.149763 0.565928
0.123229 -0.149823 0.563941
0.128999 -0.150665 0.566375
0.128341 -0.154148 0.565372
0.128338 -0.153344 0.568583
0.128260 -0.153252 0.562653
0.127113 -0.150302 0.565047
0.129429 -0.153086 0.565670
0.127795 -0.155926 0.569430
0.132674 -0.151162 0.568461
0.127145 -0.153278 0.570499
0.130348 -0.152531 0.570816
0.131809 -0.154932 0.570297
0.126983 -0.152959 0.570992
0.132980 -0.152846 0.569020
0.129698 -0.151271 0.570190
0.129967 -0.150705 0.569488
0.134581 -0.152399 0.567802
0.133632 -0.151269 0.571673
0.132347 -0.152216 0.569063
0.128899 -0.152735 0.573232
0.130072 -0.151879 0.572546
0.130409 -0.154478 0.571483
0.130363 -0.152726 0.570808
0.135118 -0.153003 0.573690
0.137635 -0.154512 0.575384
0.131547 -0.153162 0.572412
0.132909 -0.150620 0.573667
0.131897 -0.153503 0.575287
0.135136 -0.152381 0.570928
0.135227 -0.147384 0.575941
0.134893 -0.151479 0.572374
0.134127 -0.150388 0.577800
0.134458 -0.153364 0.575683
0.137762 -0.150307 0.574992
0.138505 -0.153392 0.579683
0.139098 -0.152404 0.581043
0.136825 -0.150990 0.578275
0.138097 -0.151639 0.578543
0.135519 -0.154276 0.582178
0.136861 -0.152311 0.584850
0.134948 -0.154578 0.580237
0.138255 -0.153159 0.585027
0.137112 -0.154332 0.582541
0.138195 -0.152903 0.582096
0.138223 -0.151015 0.579708
0.143666 -0.150277 0.584307
0.141938 -0.153627 0.583803
0.141830 -0.151939 0.584439
0.141211 -0.153067 0.582337
0.137037 -0.152654 0.585947
0.137278 -0.151438 0.587561
0.143276 -0.152907 0.583100
0.139117 -0.155683 0.584443
0.138318 -0.149373 0.584979
0.140760 -0.151360 0.585502
0.146174 -0.153591 0.584154
0.140304 -0.154657 0.587913
0.140336 -0.150781 0.589491
0.146182 -0.154687 0.592703
0.145528 -0.152805 0.594646
0.143202 -0.151490 0.594350
0.142623 -0.153306 0.593133
0.141520 -0.150838 0.593023
0.140044 -0.151909 0.593149
0.139934 -0.156096 0.590964
0.142760 -0.151114 0.592812
0.143168 -0.151021 0.591961
0.142156 -0.153227 0.595090
0.144420 -0.150900 0.593257
0.143592 -0.150845 0.592267
0.142382 -0.153796 0.596060
0.145054 -0.153907 0.593798
0.139109 -0.153110 0.596366
0.146128 -0.155044 0.597035
0.143797 -0.150181 0.595588
0.143511 -0.155525 0.596733
0.143597 -0.153837 0.597782
0.144534 -0.154206 0.596824
0.140712 -0.150963 0.600387
0.140360 -0.153596 0.599742
0.143583 -0.151137 0.600167
0.141819 -0.154486 0.601260
0.144553 -0.152156 0.600574
0.144835 -0.151647 0.598385
0.135279 -0.154088 0.601493
0.144133 -0.151572 0.601563
0.141029 -0.151726 0.601008
0.142039 -0.150433 0.603443
0.139767 -0.154590 0.602315
0.141509 -0.156155 0.604358
0.141676 -0.149271 0.605995
0.138372 -0.151034 0.606713
0.138329 -0.151267 0.606018
0.142067 -0.155266 0.605040
0.144222 -0.150536 0.608506
0.140516 -0.150022 0.605122
0.140048 -0.151205 0.605765
0.141695 -0.155455 0.605226
0.142745 -0.154799 0.606808
0.142031 -0.152721 0.611110
0.142582 -0.152835 0.608557
0.140075 -0.153038 0.611517
0.140194 -0.153060 0.612164
0.140641 -0.153347 0.610241
0.145020 -0.151588 0.608987
0.141075 -0.152081 0.614173
0.140224 -0.154677 0.610349
0.140000 -0.153594 0.612255
0.141429 -0.153220 0.614560
0.140705 -0.151381 0.615493
0.142532 -0.155274 0.612344
0.140213 -0.151197 0.617629
0.138268 -0.155599 0.615067
0.138382 -0.153543 0.616188
0.138197 -0.152422 0.615804
0.140609 -0.148397 0.616895
0.138265 -0.150632 0.615135
0.135711 -0.149175 0.614475
0.135318 -0.150477 0.621032
0.135021 -0.153018 0.619146
0.134425 -0.152175 0.618526
0.141151 -0.154753 0.619200
0.137079 -0.153630 0.620170
0.137113 -0.153406 0.622044
0.136056 -0.154694 0.618939
0.140350 -0.149896 0.620934
0.136348 -0.152965 0.622571
0.138168 -0.154171 0.625892
0.135042 -0.152585 0.621703
0.138000 -0.153844 0.624693
0.137929 -0.154438 0.621834
0.137666 -0.152351 0.621387
0.137209 -0.149291 0.625547
0.135885 -0.149000 0.625943
0.132185 -0.153274 0.627667
0.132711 -0.154161 0.625584
0.134788 -0.152532 0.626309
0.135619 -0.154308 0.626020
0.131815 -0.154752 0.626033
0.133223 -0.151111 0.627171
0.132075 -0.153153 0.629157
0.132527 -0.150965 0.628261
0.132316 -0.151608 0.626870
0.130644 -0.150184 0.626574
0.128622 -0.156864 0.625282
0.132613 -0.154194 0.627492
0.127582 -0.151307 0.630961
0.130881 -0.155397 0.631957
0.129260 -0.155550 0.634075
0.130536 -0.152784 0.625703
0.127593 -0.154623 0.635165
0.129067 -0.151782 0.633775
0.129513 -0.151955 0.632401
0.129253 -0.151907 0.633644
0.128048 -0.155299 0.634954
0.127158 -0.153723 0.634283
0.127138 -0.151524 0.632656
0.126804 -0.152286 0.635963
0.126081 -0.151355 0.633260
0.125828 -0.155291 0.636237
0.126550 -0.152616 0.633118
0.122854 -0.151441 0.637041
0.120729 -0.153991 0.634905
0.126443 -0.153602 0.632518
0.123233 -0.150950 0.636476
0.121999 -0.153678 0.639545
0.121200 -0.151080 0.638562
0.120896 -0.150595 0.639163
0.122400 -0.153062 0.639043
0.121519 -0.155571 0.637141
0.120827 -0.145412 0.566746
0.122897 -0.146146 0.560166
0.123875 -0.149382 0.564950
0.127040 -0.148336 0.565348
0.120219 -0.150702 0.565145
0.121940 -0.147824 0.561446
0.125756 -0.148832 0.565372
0.126441 -0.146754 0.562703
0.126027 -0.149398 0.567024
0.125330 -0.147618 0.566888
0.128639 -0.149383 0.562336
0.125293 -0.152419 0.565657
0.122060 -0.149543 0.567339
0.127945 -0.150167 0.564870
0.126467 -0.150395 0.563221
0.125970 -0.148819 0.567711
0.129178 -0.149160 0.567686
0.130594 -0.150385 0.566803
0.128887 -0.149718 0.570259
0.129881 -0.150078 0.566195
0.126063 -0.151944 0.570201
0.129152 -0.151885 0.571483
0.131152 -0.149890 0.574242
0.125216 -0.147439 0.567192
0.132247 -0.147187 0.570333
0.128543 -0.147893 0.569382
0.134036 -0.148959 0.572211
0.132115 -0.145081 0.571303
0.130608 -0.147496 0.566795
0.129768 -0.144980 0.573668
0.132112 -0.145495 0.575453
0.132700 -0.148826 0.577132
0.134771 -0.149079 0.571924
0.134094 -0.150357 0.575705
0.131951 -0.150499 0.571893
0.135110 -0.148825 0.575566
0.135590 -0.148198 0.575412
0.131940 -0.147770 0.576108
0.137808 -0.149962 0.577757
0.132799 -0.149804 0.577127
0.137061 -0.145257 0.578362
0.134291 -0.145697 0.577717
0.137253 -0.148411 0.578143
0.134134 -0.148452 0.579143
0.137178 -0.149483 0.581409
0.134414 -0.147171 0.583100
0.137297 -0.147327 0.579892
0.139366 -0.149240 0.578310
0.134126 -0.150459 0.580817
0.138269 -0.150999 0.580195
0.140255 -0.145043 0.581146
0.133805 -0.148982 0.583573
0.140371 -0.149033 0.583590
0.138728 -0.144617 0.579181
0.138667 -0.150579 0.580927
0.137437 -0.151097 0.576431
0.144184 -0.152707 0.582423
0.137375 -0.151765 0.584011
0.138852 -0.147247 0.582947
0.139906 -0.153131 0.585626
0.142456 -0.148656 0.588736
0.139599 -0.149401 0.585123
0.139308 -0.150054 0.588510
0.143909 -0.149394 0.585944
0.143191 -0.146804 0.589464
0.140339 -0.150631 0.589837
0.144699 -0.149163 0.591180
0.143751 -0.145864 0.589125
0.143051 -0.146591 0.591117
0.143595 -0.149591 0.588788
0.135469 -0.147576 0.591051
0.143590 -0.150348 0.592315
0.142704 -0.149646 0.590457
0.139093 -0.149819 0.590986
0.137775 -0.152356 0.591279
0.145524 -0.148076 0.589503
0.140166 -0.147706 0.595009
0.141791 -0.148792 0.592301
0.144013 -0.146035 0.593682
0.142229 -0.148247 0.596523
0.144921 -0.146907 0.595971
0.139848 -0.150526 0.594524
0.141590 -0.147796 0.593511
0.140985 -0.149515 0.601078
0.145464 -0.148715 0.597746
0.143186 -0.149038 0.596989
0.142233 -0.148732 0.597859
0.144238 -0.150616 0.599425
0.139914 -0.148526 0.597431
0.142843 -0.148904 0.601232
0.143722 -0.148634 0.602057
0.141210 -0.145517 0.598764
0.142638 -0.148849 0.600354
0.144181 -0.150449 0.601162
0.142366 -0.150262 0.602129
0.142134 -0.147205 0.603660
0.141375 -0.148871 0.605012
0.139534 -0.148374 0.605523
0.139788 -0.152254 0.601825
0.140665 -0.152740 0.605388
0.140627 -0.150933 0.605480
0.142519 -0.149401 0.605712
0.144257 -0.146469 0.607798
0.145066 -0.147107 0.607934
0.141301 -0.147467 0.604425
0.142324 -0.148640 0.606496
0.142533 -0.148443 0.606365
0.140431 -0.152479 0.608508
0.143136 -0.150752 0.609421
0.140031 -0.151913 0.611137
0.141590 -0.151997 0.611436
0.140971 -0.152068 0.614644
0.139058 -0.147133 0.612729
0.142833 -0.151674 0.613173
0.144589 -0.150704 0.614897
0.142541 -0.148866 0.611441
0.140852 -0.145627 0.613074
0.141650 -0.149563 0.610087
0.136187 -0.145023 0.617907
0.142075 -0.148868 0.613625
0.143233 -0.148456 0.617311
0.141573 -0.153010 0.612507
0.141439 -0.148376 0.613269
0.141427 -0.147651 0.615856
0.140850 -0.148719 0.617982
0.140800 -0.145642 0.617683
0.140365 -0.148340 0.616641
0.135718 -0.150072 0.618557
0.138529 -0.151239 0.618661
0.139205 -0.149309 0.621967
0.137013 -0.144700 0.618777
0.142851 -0.147169 0.621522
0.138918 -0.146659 0.619526
0.136278 -0.150349 0.621732
0.137705 -0.146407 0.617780
0.137040 -0.150476 0.626034
0.137445 -0.152433 0.620453
0.131585 -0.145745 0.622564
0.134354 -0.147887 0.622932
0.135658 -0.151072 0.622812
0.132168 -0.147737 0.624247
0.133797 -0.152066 0.624571
0.136547 -0.147203 0.623172
0.131938 -0.150403 0.623603
0.135431 -0.148773 0.627195
0.134270 -0.149189 0.626724
0.134430 -0.149913 0.626554
0.129798 -0.149360 0.623162
0.134044 -0.151793 0.627606
0.132150 -0.149105 0.623659
0.130715 -0.147683 0.626304
0.130361 -0.150904 0.626932
0.133538 -0.146112 0.627748
0.130735 -0.148753 0.628864
0.128700 -0.149930 0.629351
0.129749 -0.148203 0.631228
0.128124 -0.150868 0.629516
0.127085 -0.146236 0.630484
0.130305 -0.147379 0.626293
0.129636 -0.151417 0.631098
0.128647 -0.150492 0.631320
0.130649 -0.146614 0.632284
0.125432 -0.148134 0.630485
0.126686 -0.147977 0.632686
0.128220 -0.147838 0.632435
0.128812 -0.149368 0.629685
0.128135 -0.151352 0.632658
0.127541 -0.145857 0.632532
0.124077 -0.149968 0.636965
0.125351 -0.149180 0.634459
0.125614 -0.151981 0.634304
0.126043 -0.149834 0.634744
0.124173 -0.149544 0.632906
0.122959 -0.150176 0.636587
0.126725 -0.152535 0.634889
0.122549 -0.150835 0.639600
0.122031 -0.152344 0.634565
0.125139 -0.150999 0.635463
0.119743 -0.151661 0.637449
0.123351 -0.151788 0.641126
0.121659 -0.148419 0.564256
0.121972 -0.146019 0.564219
0.121804 -0.145068 0.564875
0.120512 -0.142013 0.564657
0.121460 -0.147266 0.565429
0.123380 -0.146447 0.562818
0.123532 -0.145708 0.565357
0.126788 -0.146891 0.565105
0.123582 -0.149872 0.563798
0.124037 -0.143396 0.566764
0.121593 -0.140630 0.568554
0.123777 -0.146471 0.568041
0.126580 -0.145553 0.566269
0.128439 -0.145503 0.569984
0.126306 -0.145990 0.569648
0.126636 -0.146497 0.567698
0.126378 -0.146235 0.567816
0.128724 -0.148694 0.566011
0.129296 -0.143592 0.568711
0.129027 -0.146070 0.568274
0.130798 -0.145336 0.568819
0.127601 -0.145199 0.568034
0.132362 -0.146795 0.565957
0.131583 -0.145695 0.570978
0.130819 -0.145695 0.572495
0.130091 -0.147298 0.568528
0.132324 -0.141218 0.570609
0.132834 -0.140337 0.570784
0.129524 -0.146258 0.571742
0.131730 -0.145574 0.573379
0.132544 -0.142990 0.574433
0.132456 -0.144752 0.569355
0.134710 -0.144132 0.576403
0.131002 -0.145258 0.573581
0.131492 -0.144380 0.573313
0.137521 -0.145141 0.576634
0.135177 -0.144550 0.573543
0.133456 -0.145290 0.576717
0.133466 -0.146498 0.574607
0.133782 -0.146059 0.574487
0.134265 -0.143362 0.578324
0.130669 -0.143969 0.581444
0.136722 -0.146005 0.576919
0.133123 -0.145151 0.576528
0.135296 -0.144091 0.577725
0.139135 -0.143856 0.575867
0.138828 -0.145022 0.577438
0.135087 -0.144428 0.579462
0.135527 -0.147987 0.578522
0.140730 -0.144738 0.579101
0.139138 -0.145073 0.581396
0.138100 -0.145503 0.582434
0.134253 -0.147414 0.580007
0.139289 -0.145674 0.581572
0.140446 -0.146677 0.581684
0.138377 -0.145915 0.578463
0.142985 -0.145904 0.583588
0.138238 -0.144646 0.585670
0.139176 -0.145900 0.586860
0.141856 -0.144500 0.582807
0.139285 -0.146040 0.580563
0.135311 -0.150184 0.588339
0.141100 -0.146700 0.585885
0.141523 -0.143019 0.587238
0.137936 -0.145260 0.588572
0.141389 -0.148868 0.588180
0.139383 -0.148199 0.586215
0.141413 -0.145149 0.589398
0.141366 -0.146961 0.586106
0.143113 -0.144264 0.587708
0.143359 -0.145641 0.590815
0.137333 -0.147005 0.590355
0.140409 -0.145437 0.593413
0.145163 -0.143033 0.588149
0.143660 -0.147572 0.590422
0.143828 -0.146531 0.592792
0.139179 -0.146907 0.592925
0.143161 -0.144154 0.595406
0.137371 -0.146589 0.593199
0.140381 -0.145603 0.594109
0.140211 -0.147885 0.594926
0.148394 -0.143191 0.592678
0.141885 -0.145918 0.595618
0.144823 -0.147204 0.595984
0.143685 -0.145418 0.597911
0.140459 -0.146895 0.599197
0.142710 -0.142302 0.594409
0.140356 -0.144238 0.601100
0.143765 -0.144825 0.598033
0.141660 -0.148023 0.598882
0.139653 -0.145852 0.598891
0.141820 -0.147299 0.602016
0.142974 -0.147567 0.602336
0.142209 -0.147290 0.598654
0.144653 -0.147122 0.603982
0.143818 -0.146739 0.603160
0.140755 -0.145580 0.601983
0.141097 -0.143220 0.604796
0.141773 -0.145836 0.606035
0.140653 -0.145536 0.604569
0.139740 -0.144188 0.604170
0.137904 -0.145247 0.605005
0.137988 -0.146613 0.608560
0.142395 -0.147793 0.607678
0.141968 -0.145192 0.607921
0.139851 -0.147184 0.611039
0.143604 -0.143588 0.607277
0.140987 -0.144973 0.610336
0.140152 -0.142436 0.605856
0.141535 -0.146643 0.604985
0.141483 -0.146385 0.607529
0.140177 -0.145044 0.612377
0.139579 -0.145076 0.608264
0.141392 -0.147039 0.611925
0.143694 -0.143691 0.609085
0.140687 -0.147802 0.611690
0.142314 -0.148265 0.615280
0.141543 -0.147602 0.614496
0.139363 -0.146333 0.613241
0.143405 -0.144869 0.614944
0.141517 -0.146736 0.616826
0.140103 -0.147229 0.615045
0.140218 -0.145402 0.618594
0.141359 -0.144700 0.615852
0.140232 -0.145202 0.617003
0.137089 -0.147546 0.616232
0.135814 -0.147358 0.616608
0.140088 -0.146097 0.621819
0.142313 -0.145449 0.619599
0.138063 -0.145430 0.619840
0.139108 -0.146162 0.617863
0.139777 -0.147984 0.621905
0.141891 -0.145686 0.620718
0.136413 -0.148338 0.620022
0.133939 -0.144517 0.620382
0.138033 -0.146571 0.620337
0.137798 -0.143788 0.620390
0.137050 -0.142104 0.619819
0.136566 -0.146540 0.623257
0.137099 -0.145889 0.620895
0.136701 -0.145708 0.627005
0.136187 -0.145732 0.625294
0.136667 -0.148016 0.623230
0.135490 -0.144724 0.623820
0.134550 -0.144328 0.625603
0.132004 -0.150677 0.624589
0.133268 -0.146916 0.626897
0.134023 -0.148348 0.627027
0.134227 -0.144074 0.627189
0.132991 -0.146838 0.630279
0.133538 -0.144853 0.628644
0.133867 -0.146614 0.624657
0.129662 -0.142700 0.627401
0.132082 -0.144986 0.631317
0.130918 -0.143805 0.631415
0.129631 -0.146241 0.629464
0.129158 -0.145581 0.629564
0.132606 -0.144833 0.631980
0.132243 -0.142230 0.629495
0.131839 -0.142629 0.629749
0.125741 -0.145042 0.626362
0.128667 -0.146406 0.632494
0.126380 -0.146017 0.631356
0.125694 -0.144732 0.633200
0.129113 -0.147514 0.632645
0.122138 -0.147022 0.632391
0.128065 -0.144984 0.637514
0.125307 -0.146581 0.633732
0.128843 -0.146786 0.634190
0.126358 -0.145710 0.631879
0.125089 -0.146788 0.631961
0.125250 -0.145134 0.636463
0.122762 -0.147305 0.636672
0.124306 -0.147042 0.633740
0.124355 -0.148760 0.636831
0.121865 -0.147215 0.640208
0.125922 -0.149398 0.633373
0.122420 -0.144092 0.635989
0.120096 -0.146131 0.636603
0.118603 -0.148571 0.633178
0.123486 -0.141265 0.564236
0.121183 -0.140230 0.563201
0.123780 -0.144331 0.564651
0.123653 -0.141440 0.563362
0.121319 -0.141769 0.565013
0.124307 -0.142704 0.564373
0.121417 -0.143574 0.568557
0.124116 -0.142599 0.566046
0.125986 -0.144222 0.566150
0.125044 -0.142110 0.566129
0.121519 -0.143820 0.566217
0.126371 -0.138743 0.567612
0.130393 -0.144636 0.568319
0.130793 -0.140177 0.568332
0.127574 -0.140045 0.566865
0.124767 -0.144582 0.562176
0.127130 -0.142209 0.563240
0.130615 -0.142367 0.566025
0.126399 -0.143586 0.570224
0.130111 -0.142324 0.569309
0.128153 -0.143485 0.570035
0.129840 -0.141740 0.569163
0.132070 -0.141130 0.569562
0.132975 -0.144709 0.566353
0.126078 -0.141523 0.571042
0.131198 -0.138386 0.570881
0.129072 -0.139899 0.568797
0.129643 -0.137199 0.572558
0.131690 -0.141353 0.570184
0.134979 -0.144304 0.572775
0.128877 -0.141836 0.574099
0.136461 -0.140191 0.572575
0.133219 -0.141975 0.572737
0.132129 -0.142420 0.576445
0.131055 -0.142249 0.576962
0.132321 -0.146503 0.575029
0.130758 -0.141546 0.574328
0.135287 -0.145006 0.572315
0.138234 -0.139358 0.577078
0.134936 -0.143152 0.573681
0.135147 -0.139668 0.575915
0.136720 -0.141165 0.576468
0.134419 -0.144531 0.579040
0.131577 -0.140928 0.577096
0.134945 -0.140862 0.576138
0.136852 -0.139574 0.577550
0.134055 -0.143433 0.580218
0.135675 -0.140711 0.575822
0.138792 -0.140033 0.577764
0.138219 -0.144818 0.576895
0.140221 -0.144500 0.577649
0.138378 -0.142499 0.580262
0.139151 -0.140897 0.581258
0.137408 -0.141660 0.581763
0.133368 -0.143569 0.582277
0.142231 -0.145839 0.585040
0.136306 -0.140313 0.582070
0.141608 -0.137943 0.582193
0.137953 -0.144503 0.585250
0.141676 -0.142292 0.583427
0.138025 -0.144128 0.584471
0.135995 -0.140754 0.583516
0.139922 -0.138415 0.586646
0.137632 -0.140725 0.586755
0.137979 -0.140926 0.588108
0.142514 -0.139936 0.584283
0.141687 -0.144331 0.590689
0.136802 -0.141942 0.590195
0.144068 -0.141672 0.592766
0.140720 -0.144042 0.588793
0.140085 -0.142417 0.587588
0.140984 -0.141895 0.595283
0.138852 -0.141994 0.592770
0.140522 -0.140554 0.590921
0.140951 -0.140452 0.593154
0.136505 -0.144131 0.592938
0.137609 -0.140583 0.596791
0.144736 -0.143833 0.591539
0.140249 -0.144672 0.592320
0.142283 -0.145237 0.594688
0.141476 -0.142709 0.594872
0.141879 -0.144502 0.594722
0.141405 -0.141760 0.596482
0.143413 -0.144522 0.596217
0.142894 -0.143195 0.597160
0.144793 -0.140407 0.596385
0.142892 -0.144276 0.597788
0.138835 -0.142077 0.597641
0.142868 -0.140176 0.598884
0.143195 -0.143598 0.601398
0.142319 -0.137925 0.603421
0.140992 -0.140308 0.599256
0.143711 -0.139023 0.601014
0.138723 -0.143083 0.599663
0.141136 -0.140892 0.605272
0.144649 -0.143223 0.604457
0.138454 -0.138483 0.604008
0.142506 -0.142404 0.608456
0.143220 -0.143678 0.603836
0.139901 -0.140914 0.606538
0.140261 -0.141511 0.605210
0.144031 -0.140542 0.608394
0.142354 -0.145303 0.604766
0.141191 -0.144031 0.607530
0.140951 -0.141415 0.606024
0.141876 -0.140592 0.611323
0.143258 -0.141879 0.606948
0.140357 -0.140409 0.609297
0.143423 -0.142561 0.608997
0.139132 -0.143471 0.610559
0.145473 -0.138936 0.609510
0.141809 -0.144277 0.608487
0.137002 -0.141016 0.611001
0.135584 -0.143109 0.615222
0.141521 -0.145106 0.613000
0.141727 -0.143977 0.610106
0.139895 -0.142673 0.614354
0.138450 -0.143117 0.614281
0.142586 -0.142654 0.614647
0.143322 -0.140853 0.615965
0.137624 -0.141587 0.612999
0.137899 -0.140292 0.613835
0.139950 -0.142099 0.614004
0.136121 -0.147191 0.614970
0.139320 -0.144011 0.618045
0.136763 -0.137622 0.615270
0.139677 -0.142295 0.617095
0.137113 -0.146530 0.615201
0.136508 -0.146637 0.619579
0.135018 -0.142173 0.617913
0.135478 -0.140634 0.622305
0.135764 -0.141538 0.619220
0.137119 -0.141761 0.615859
0.135116 -0.144407 0.620000
0.137790 -0.145916 0.622539
0.137059 -0.142096 0.619716
0.136864 -0.141404 0.622421
0.138286 -0.140518 0.620840
0.135841 -0.142002 0.623110
0.132510 -0.145082 0.624371
0.136648 -0.142820 0.619802
0.134380 -0.144947 0.627121
0.134982 -0.143147 0.629507
0.132859 -0.141996 0.626930
0.136128 -0.143641 0.624111
0.135135 -0.143025 0.628005
0.134288 -0.141696 0.625629
0.132572 -0.141629 0.628440
0.133981 -0.143898 0.626653
0.130268 -0.144513 0.624724
0.133580 -0.138700 0.629713
0.132314 -0.144895 0.625984
0.133809 -0.137444 0.630054
0.129330 -0.141781 0.633994
0.131493 -0.143418 0.629009
0.132492 -0.142860 0.626450
0.129294 -0.141653 0.628669
0.125695 -0.141772 0.630497
0.125978 -0.146518 0.632725
0.130626 -0.141537 0.634125
0.129500 -0.146247 0.632580
0.127163 -0.140621 0.634459
0.127534 -0.141416 0.634511
0.127320 -0.144256 0.631338
0.125506 -0.138924 0.634064
0.126036 -0.140918 0.637287
0.126875 -0.139102 0.629678
0.124144 -0.143223 0.634751
0.125293 -0.145833 0.633080
0.126826 -0.141040 0.631858
0.123698 -0.142723 0.634382
0.125459 -0.141196 0.630364
0.125231 -0.143672 0.635528
0.122542 -0.139012 0.633492
0.121880 -0.145227 0.633474
0.122862 -0.139591 0.633813
0.123360 -0.141721 0.640752
0.118638 -0.140017 0.640396
0.122737 -0.144197 0.640216
0.120613 -0.144440 0.639787
0.120072 -0.136911 0.564178
0.122056 -0.138591 0.564829
0.118274 -0.142267 0.563100
0.125625 -0.138312 0.563912
0.123444 -0.140468 0.564516
0.124712 -0.137521 0.567291
0.122315 -0.139962 0.566084
0.127600 -0.140163 0.568580
0.123721 -0.139387 0.567886
0.125174 -0.138708 0.563474
0.125233 -0.135159 0.565513
0.126241 -0.142045 0.566149
0.125982 -0.140156 0.566323
0.126348 -0.138638 0.566050
0.126139 -0.139271 0.565318
0.125910 -0.138760 0.566624
0.128767 -0.140038 0.570208
0.129149 -0.135445 0.565079
0.124417 -0.135151 0.566978
0.126375 -0.137061 0.572167
0.134518 -0.135573 0.567570
0.128203 -0.138400 0.567576
0.130857 -0.139902 0.571122
0.129073 -0.143373 0.568941
0.128671 -0.139453 0.570904
0.130011 -0.138673 0.570047
0.132866 -0.141963 0.572494
0.132283 -0.141098 0.574290
0.134036 -0.137642 0.571849
0.132624 -0.140239 0.572420
0.134611 -0.141081 0.570249
0.133735 -0.137437 0.572729
0.136614 -0.134975 0.569675
0.131968 -0.142416 0.576402
0.129746 -0.138875 0.571843
0.130564 -0.136697 0.574753
0.133278 -0.140015 0.575704
0.137592 -0.138752 0.576784
0.133374 -0.139241 0.575835
0.132047 -0.136320 0.575143
0.136230 -0.138953 0.579449
0.133452 -0.138974 0.577547
0.135303 -0.137000 0.574867
0.137371 -0.139974 0.578400
0.134405 -0.137659 0.582006
0.136546 -0.140175 0.576361
0.136280 -0.137878 0.576278
0.135688 -0.137880 0.582622
0.143802 -0.137837 0.581245
0.140397 -0.142302 0.582027
0.137391 -0.140193 0.580547
0.137259 -0.144859 0.580504
0.140482 -0.140120 0.583496
0.138531 -0.138804 0.582329
0.138770 -0.140551 0.582200
0.142266 -0.143623 0.583815
0.141710 -0.141982 0.586287
0.138490 -0.139259 0.581602
0.142988 -0.137855 0.587112
0.141227 -0.138393 0.587148
0.138300 -0.139462 0.586894
0.141944 -0.139061 0.586313
0.138466 -0.135169 0.586873
0.140478 -0.136545 0.586275
0.142093 -0.143352 0.588164
0.140992 -0.138536 0.590716
0.142865 -0.138676 0.588851
0.140646 -0.139480 0.588491
0.141201 -0.141388 0.590347
0.138069 -0.137864 0.588648
0.139111 -0.137817 0.591564
0.140618 -0.138259 0.589704
0.144131 -0.137022 0.591316
0.143041 -0.137958 0.591136
0.141311 -0.138503 0.594967
0.135558 -0.140739 0.594199
0.142104 -0.138342 0.592252
0.140903 -0.137962 0.591290
0.142018 -0.136139 0.590736
0.142929 -0.141215 0.594776
0.140287 -0.137740 0.595465
0.143793 -0.138082 0.597002
0.142661 -0.142706 0.594267
0.140081 -0.137986 0.600622
0.138547 -0.137523 0.596369
0.141281 -0.140067 0.596798
0.144381 -0.138433 0.598120
0.141683 -0.142104 0.597524
0.140566 -0.141548 0.599307
0.141542 -0.138192 0.599847
0.143432 -0.139541 0.601104
0.141825 -0.142646 0.599522
0.143648 -0.140903 0.604320
0.147584 -0.140013 0.605223
0.140458 -0.135373 0.603710
0.145419 -0.135338 0.603416
0.144759 -0.141327 0.602402
0.141004 -0.139920 0.603698
0.142263 -0.139652 0.605394
0.143465 -0.138636 0.605297
0.142946 -0.143232 0.603185
0.146751 -0.142838 0.605728
0.138870 -0.143343 0.606809
0.141067 -0.141159 0.604450
0.140677 -0.137969 0.607997
0.141688 -0.133808 0.608210
0.142288 -0.137709 0.603650
0.140612 -0.140636 0.607571
0.139138 -0.138907 0.608997
0.143242 -0.141487 0.610424
0.138389 -0.137789 0.610475
0.143155 -0.137558 0.613053
0.143512 -0.140017 0.609171
0.142043 -0.139199 0.612925
0.141418 -0.139928 0.611486
0.138647 -0.139244 0.611003
0.140542 -0.139848 0.615847
0.138491 -0.143194 0.614269
0.138362 -0.138519 0.616126
0.140245 -0.141287 0.616189
0.139613 -0.140125 0.615881
0.140018 -0.137296 0.615883
0.140965 -0.135693 0.612893
0.135910 -0.138060 0.617578
0.138865 -0.138673 0.617911
0.140978 -0.141078 0.617403
0.138236 -0.140400 0.615400
0.138852 -0.141516 0.616254
0.138352 -0.141009 0.618390
0.137712 -0.138036 0.619291
0.138552 -0.137932 0.622677
0.137304 -0.143761 0.620055
0.136089 -0.135248 0.621696
0.139397 -0.138896 0.619959
0.136620 -0.139286 0.617570
0.139071 -0.140939 0.621931
0.133217 -0.137913 0.622412
0.134853 -0.139351 0.618789
0.135798 -0.140081 0.628802
0.131001 -0.138900 0.622651
0.136164 -0.137707 0.626927
0.133252 -0.136735 0.625710
0.135822 -0.133232 0.625564
0.135414 -0.139336 0.623988
0.132061 -0.138163 0.625596
0.132609 -0.139807 0.625007
0.134159 -0.138154 0.625378
0.131419 -0.138899 0.630665
0.132058 -0.137692 0.627664
0.130503 -0.139337 0.627516
0.135567 -0.138462 0.628117
0.132547 -0.137882 0.629081
0.130313 -0.141256 0.628485
0.132574 -0.139613 0.628566
0.130902 -0.138878 0.632615
0.130805 -0.134359 0.632124
0.127688 -0.140254 0.629036
0.129942 -0.140514 0.630477
0.130059 -0.141566 0.631602
0.128735 -0.140701 0.632031
0.126538 -0.135356 0.630521
0.129933 -0.135490 0.629279
0.127494 -0.138247 0.632172
0.131415 -0.138924 0.632717
0.126476 -0.137539 0.630193
0.128529 -0.138592 0.630276
0.125793 -0.138529 0.633661
0.123800 -0.143686 0.630511
0.128627 -0.140110 0.629631
0.126629 -0.139399 0.636177
0.124618 -0.140093 0.635538
0.124552 -0.143075 0.637819
0.124000 -0.135653 0.633156
0.125710 -0.137325 0.632139
0.124914 -0.138490 0.631259
0.123537 -0.136702 0.635615
0.121196 -0.136470 0.637191
0.124946 -0.137723 0.636910
0.120936 -0.139942 0.636691
0.126025 -0.139028 0.638232
0.119465 -0.135904 0.563957
0.119094 -0.136676 0.565307
0.126803 -0.134266 0.563275
0.123337 -0.138686 0.562689
0.120760 -0.135730 0.564810
0.122509 -0.137007 0.568213
0.127208 -0.135173 0.563902
0.127298 -0.132464 0.564200
0.124386 -0.138051 0.561351
0.123647 -0.133714 0.562492
0.126225 -0.135250 0.562921
0.125784 -0.135457 0.566494
0.125523 -0.135829 0.565002
0.125438 -0.136498 0.565844
0.126472 -0.135550 0.569042
0.125494 -0.135695 0.570122
0.131013 -0.135417 0.568205
0.131177 -0.137745 0.568172
0.128484 -0.136244 0.572749
0.130170 -0.136990 0.567642
0.133197 -0.134398 0.568687
0.129977 -0.135413 0.569034
0.129633 -0.134757 0.570417
0.129558 -0.134502 0.572193
0.131687 -0.130748 0.571277
0.133421 -0.136810 0.569203
0.133062 -0.136342 0.570857
0.131579 -0.137711 0.572198
0.132932 -0.136711 0.571205
0.127239 -0.134589 0.574019
0.131686 -0.137388 0.573144
0.136946 -0.133272 0.574081
0.132529 -0.135197 0.575328
0.138283 -0.135441 0.577078
0.134803 -0.134224 0.572668
0.131527 -0.134779 0.573198
0.134060 -0.137147 0.578166
0.134827 -0.138452 0.574050
0.137797 -0.136161 0.576680
0.132850 -0.135210 0.575244
0.136040 -0.137842 0.576946
0.136905 -0.137907 0.578906
0.135335 -0.135193 0.574833
0.133453 -0.136134 0.579971
0.134540 -0.134894 0.575810
0.132869 -0.134248 0.580091
0.137591 -0.135823 0.580856
0.137189 -0.136604 0.578310
0.132783 -0.136053 0.581159
0.135151 -0.134821 0.583147
0.137404 -0.135929 0.583370
0.141459 -0.135591 0.579537
0.137961 -0.135275 0.583602
0.141544 -0.136347 0.582761
0.139587 -0.133490 0.578404
0.138971 -0.136311 0.585149
0.137864 -0.134757 0.586546
0.137847 -0.138013 0.581843
0.139381 -0.138211 0.585979
0.139259 -0.135070 0.584930
0.142951 -0.133506 0.581695
0.142378 -0.135246 0.584897
0.141902 -0.134327 0.587356
0.140247 -0.135851 0.586325
0.142556 -0.138116 0.591111
0.143787 -0.136175 0.587918
0.141567 -0.134291 0.588812
0.139901 -0.137725 0.588048
0.138809 -0.135235 0.590623
0.145493 -0.137082 0.588219
0.141113 -0.136332 0.588889
0.142992 -0.135147 0.590588
0.139283 -0.138016 0.591375
0.141263 -0.138079 0.593761
0.141136 -0.135859 0.592436
0.139229 -0.136722 0.588418
0.143346 -0.137200 0.591090
0.140846 -0.133430 0.594652
0.145047 -0.132898 0.594847
0.144014 -0.135829 0.590247
0.143394 -0.135149 0.594694
0.140048 -0.135225 0.593676
0.143763 -0.134285 0.595972
0.139405 -0.135530 0.596447
0.141647 -0.133862 0.598384
0.137631 -0.134189 0.599690
0.140979 -0.135869 0.596506
0.144731 -0.137207 0.597590
0.140809 -0.136646 0.600399
0.139307 -0.134949 0.599341
0.142503 -0.133551 0.598821
0.140598 -0.135589 0.598875
0.143091 -0.136054 0.599267
0.142292 -0.135017 0.598574
0.144395 -0.137624 0.603967
0.140520 -0.135670 0.602801
0.145667 -0.133982 0.602296
0.143192 -0.135780 0.603584
0.140788 -0.135699 0.604110
0.140037 -0.135304 0.603626
0.144475 -0.139456 0.606325
0.139349 -0.135263 0.605619
0.139995 -0.137201 0.607856
0.142707 -0.135533 0.608231
0.143083 -0.135369 0.607908
0.140844 -0.134938 0.606111
0.141638 -0.135823 0.608113
0.141558 -0.134488 0.608745
0.138960 -0.137748 0.609928
0.141107 -0.136456 0.610929
0.141023 -0.136328 0.610168
0.143266 -0.134035 0.612788
0.139613 -0.136361 0.612534
0.136062 -0.133292 0.608170
0.137809 -0.138200 0.610246
0.139889 -0.131810 0.611860
0.140420 -0.136450 0.608214
0.138016 -0.130533 0.614137
0.142033 -0.140563 0.613329
0.139594 -0.135380 0.615083
0.139985 -0.135440 0.614574
0.136552 -0.134652 0.615146
0.141042 -0.134997 0.613433
0.141683 -0.139750 0.614129
0.139456 -0.135990 0.615515
0.136875 -0.134352 0.615654
0.138780 -0.133695 0.619567
0.141341 -0.136970 0.617809
0.141762 -0.134285 0.618584
0.135245 -0.136077 0.617102
0.139680 -0.135139 0.615078
0.135174 -0.136767 0.621092
0.137885 -0.135838 0.617418
0.137360 -0.133009 0.621550
0.137885 -0.136305 0.620508
0.137152 -0.131159 0.621714
0.136948 -0.137449 0.620830
0.131942 -0.134192 0.628168
0.134769 -0.136513 0.619319
0.135813 -0.133098 0.622456
0.134957 -0.132158 0.622030
0.137331 -0.136277 0.621012
0.133047 -0.134730 0.625325
0.135659 -0.133996 0.625450
0.135098 -0.135884 0.628963
0.131272 -0.137385 0.629725
0.135156 -0.132706 0.627291
0.139047 -0.137070 0.623974
0.131621 -0.137715 0.628901
0.130502 -0.137294 0.625318
0.136041 -0.134871 0.633251
0.132461 -0.137161 0.626322
0.126481 -0.131335 0.628153
0.132615 -0.136658 0.630282
0.133709 -0.136927 0.625612
0.131714 -0.136418 0.633011
0.132427 -0.135662 0.629305
0.133470 -0.135452 0.629458
0.132131 -0.133932 0.630231
0.134058 -0.131656 0.631333
0.131466 -0.137401 0.630351
0.128012 -0.135481 0.630344
0.124363 -0.132386 0.629859
0.127051 -0.134423 0.630757
0.128943 -0.135598 0.632490
0.125982 -0.133807 0.634195
0.126288 -0.135327 0.633975
0.125520 -0.136079 0.630268
0.125457 -0.136064 0.633610
0.127999 -0.134977 0.633817
0.126781 -0.134453 0.636171
0.127742 -0.138797 0.632008
0.125459 -0.137471 0.634241
0.119460 -0.134679 0.637316
0.124788 -0.134962 0.635679
0.121743 -0.134444 0.635798
0.121989 -0.136382 0.640022
0.120254 -0.133441 0.636457
0.122751 -0.135782 0.636445
0.123378 -0.134267 0.632914
0.122163 -0.132407 0.568083
0.119036 -0.133826 0.562352
0.121345 -0.132150 0.562601
0.126407 -0.130460 0.564821
0.124627 -0.131843 0.564046
0.124031 -0.134747 0.564686
0.121854 -0.133432 0.569409
0.120824 -0.132730 0.567260
0.124887 -0.131164 0.569190
0.125033 -0.132072 0.565903
0.128659 -0.131934 0.568248
0.127479 -0.134427 0.565562
0.123478 -0.130076 0.569129
0.128899 -0.135113 0.565706
0.128962 -0.134528 0.570496
0.125721 -0.134168 0.566550
0.128217 -0.133649 0.567660
0.127755 -0.131512 0.564811
0.125551 -0.133552 0.568126
0.130556 -0.129381 0.565842
0.131694 -0.131951 0.571400
0.128917 -0.130139 0.566240
0.127639 -0.128562 0.573368
0.130474 -0.134710 0.568325
0.131902 -0.129872 0.571020
0.132461 -0.133407 0.567907
0.131382 -0.133873 0.571162
0.132940 -0.132628 0.571865
0.131963 -0.131851 0.572920
0.132981 -0.131768 0.571597
0.133133 -0.132491 0.570364
0.133561 -0.134208 0.571289
0.134325 -0.134089 0.572387
0.131291 -0.131867 0.573475
0.134670 -0.132000 0.574572
0.136330 -0.130674 0.573650
0.138319 -0.134969 0.578066
0.133979 -0.130960 0.574936
0.133362 -0.129828 0.576457
0.137284 -0.130122 0.576342
0.134712 -0.131385 0.578740
0.131557 -0.127769 0.577108
0.136840 -0.132183 0.577076
0.137168 -0.133129 0.576650
0.135481 -0.133011 0.578473
0.133669 -0.130432 0.578055
0.139314 -0.132988 0.575812
0.139169 -0.134913 0.576256
0.133360 -0.132713 0.579354
0.135169 -0.131139 0.580786
0.137623 -0.134176 0.578712
0.139985 -0.129133 0.577889
0.141372 -0.130258 0.585580
0.136941 -0.133456 0.582434
0.137376 -0.131739 0.585221
0.140180 -0.130276 0.586746
0.137304 -0.130911 0.583765
0.137918 -0.132873 0.585096
0.140695 -0.131596 0.588219
0.141844 -0.129791 0.586616
0.138409 -0.128363 0.584903
0.138043 -0.132353 0.583900
0.140156 -0.132638 0.586884
0.137796 -0.127775 0.590525
0.140379 -0.134286 0.587619
0.140690 -0.133243 0.585547
0.138705 -0.136998 0.588215
0.137910 -0.130977 0.589471
0.141614 -0.136152 0.591006
0.142748 -0.132829 0.592370
0.139039 -0.130288 0.590839
0.140254 -0.133184 0.591335
0.139702 -0.132995 0.592482
0.138843 -0.133980 0.591013
0.142232 -0.134558 0.590263
0.140381 -0.135561 0.592634
0.142733 -0.133414 0.596386
0.141846 -0.125020 0.596052
0.140383 -0.131551 0.596989
0.141177 -0.134697 0.594932
0.143230 -0.130737 0.595122
0.144228 -0.130937 0.596990
0.142200 -0.130964 0.596973
0.142800 -0.131107 0.600003
0.142840 -0.133160 0.599214
0.140824 -0.132812 0.598194
0.143311 -0.132220 0.599113
0.140172 -0.134603 0.599574
0.140816 -0.131678 0.598741
0.146614 -0.136411 0.603841
0.143512 -0.131520 0.599346
0.145050 -0.130703 0.598517
0.143074 -0.135496 0.597064
0.141608 -0.129438 0.603885
0.140203 -0.131009 0.601463
0.142003 -0.132252 0.600910
0.145863 -0.133323 0.601935
0.142642 -0.134267 0.603858
0.144470 -0.129395 0.606204
0.142835 -0.131297 0.599435
0.138603 -0.131695 0.604833
0.140250 -0.134122 0.604404
0.140285 -0.130870 0.606954
0.143682 -0.132068 0.608477
0.144003 -0.135816 0.604177
0.140534 -0.130163 0.609344
0.140296 -0.135275 0.602556
0.141147 -0.135112 0.606068
0.144460 -0.129475 0.611308
0.140102 -0.135236 0.610001
0.142851 -0.132569 0.609665
0.140832 -0.133800 0.608303
0.141873 -0.130788 0.611829
0.135402 -0.131097 0.614261
0.140552 -0.130950 0.613585
0.139025 -0.129832 0.609989
0.138164 -0.127598 0.609410
0.138858 -0.132144 0.613002
0.141603 -0.132214 0.612814
0.140763 -0.131822 0.612907
0.138976 -0.128162 0.614365
0.142094 -0.135557 0.614921
0.136781 -0.135121 0.613818
0.139204 -0.134259 0.616583
0.138306 -0.134069 0.616226
0.136033 -0.132196 0.615722
0.136525 -0.132685 0.616755
0.138541 -0.131993 0.618305
0.135901 -0.127120 0.617824
0.134153 -0.130882 0.621117
0.139017 -0.130706 0.618539
0.138263 -0.131740 0.624182
0.136957 -0.131938 0.618972
0.140454 -0.132378 0.621892
0.135464 -0.133357 0.619633
0.138460 -0.133818 0.624846
0.134237 -0.130668 0.622352
0.134451 -0.131033 0.624191
0.134831 -0.131989 0.620389
0.136446 -0.132496 0.626458
0.135345 -0.134724 0.623689
0.134936 -0.133555 0.619129
0.133487 -0.132684 0.625516
0.139282 -0.134385 0.624328
0.135880 -0.130698 0.627779
0.140038 -0.129497 0.626097
0.132173 -0.131533 0.628700
0.133612 -0.131895 0.626117
0.134045 -0.133696 0.627248
0.134050 -0.130433 0.627065
0.133613 -0.132238 0.628794
0.131833 -0.132591 0.629894
0.130096 -0.131055 0.629876
0.129402 -0.133639 0.625981
0.130520 -0.132618 0.625958
0.130400 -0.134603 0.627568
0.133170 -0.132647 0.630479
0.130093 -0.136262 0.628502
0.130052 -0.131612 0.630052
0.131251 -0.133186 0.635823
0.132048 -0.132962 0.635498
0.130580 -0.134141 0.630916
0.129082 -0.130609 0.634305
0.130249 -0.131254 0.633066
0.129401 -0.131808 0.635403
0.128793 -0.133633 0.632510
0.128333 -0.132925 0.632624
0.124968 -0.132043 0.633467
0.127997 -0.130154 0.633484
0.124577 -0.132315 0.633226
0.123330 -0.137036 0.637188
0.122548 -0.134335 0.632154
0.128190 -0.131073 0.636198
0.125831 -0.131036 0.637120
0.125605 -0.130632 0.633341
0.123379 -0.132241 0.637345
0.124933 -0.129485 0.637902
0.121630 -0.131693 0.635268
0.121474 -0.132825 0.634246
0.120860 -0.133156 0.639569
0.120481 -0.128055 0.564777
0.123152 -0.130197 0.563392
0.125476 -0.130334 0.565690
0.120558 -0.126022 0.564762
0.125048 -0.128128 0.563008
0.121203 -0.128041 0.563006
0.124993 -0.128979 0.564426
0.126948 -0.129346 0.565761
0.123641 -0.128264 0.564833
0.124986 -0.124575 0.564721
0.123256 -0.129635 0.562669
0.125019 -0.130338 0.566716
0.127283 -0.126945 0.569057
0.126413 -0.129135 0.565934
0.128612 -0.125133 0.567428
0.126336 -0.128214 0.568272
0.126411 -0.127387 0.570843
0.125328 -0.129663 0.567588
0.131499 -0.130129 0.571447
0.128369 -0.128854 0.567888
0.127979 -0.132016 0.570089
0.129297 -0.133178 0.569249
0.131528 -0.125248 0.567395
0.130410 -0.126155 0.568790
0.131805 -0.130341 0.569066
0.129704 -0.131184 0.573016
0.131823 -0.128013 0.569348
0.127842 -0.133278 0.572259
0.132470 -0.129940 0.572547
0.134617 -0.126912 0.569528
0.130561 -0.129007 0.574254
0.131904 -0.128432 0.575135
0.131598 -0.134422 0.573287
0.133205 -0.127063 0.573366
0.132017 -0.128649 0.575542
0.135317 -0.130909 0.577602
0.132328 -0.128945 0.578205
0.137161 -0.131060 0.575262
0.139458 -0.127478 0.573071
0.137765 -0.130791 0.577861
0.133595 -0.128208 0.577364
0.136972 -0.127550 0.576605
0.133822 -0.127509 0.579072
0.136866 -0.129033 0.581625
0.139866 -0.127587 0.578764
0.135762 -0.124800 0.581903
0.137943 -0.134746 0.578840
0.136766 -0.132486 0.580943
0.137270 -0.129098 0.584489
0.137092 -0.128726 0.581477
0.140452 -0.128885 0.581827
0.142298 -0.129721 0.581468
0.138796 -0.131485 0.584393
0.139078 -0.131143 0.581656
0.137746 -0.127507 0.583378
0.140293 -0.125200 0.583465
0.138871 -0.129912 0.583240
0.137491 -0.127281 0.587397
0.140216 -0.128807 0.589271
0.139160 -0.128251 0.586517
0.136830 -0.130139 0.586427
0.137884 -0.129567 0.589432
0.139942 -0.129559 0.583012
0.142206 -0.129730 0.586078
0.140323 -0.127299 0.591090
0.136993 -0.128132 0.592338
0.143135 -0.127906 0.590861
0.139008 -0.128509 0.590019
0.140547 -0.129387 0.591869
0.141861 -0.130816 0.589233
0.140930 -0.127061 0.591861
0.138578 -0.131834 0.590261
0.141992 -0.130382 0.590163
0.142802 -0.131810 0.592227
0.140608 -0.127817 0.589730
0.136756 -0.128858 0.595146
0.143233 -0.131182 0.591639
0.142698 -0.124238 0.596795
0.141516 -0.130920 0.597073
0.138796 -0.132436 0.592162
0.138889 -0.128505 0.595176
0.141047 -0.131329 0.594490
0.144559 -0.129246 0.596426
0.142125 -0.129943 0.599241
0.142901 -0.129509 0.594595
0.140827 -0.131013 0.596059
0.141555 -0.127626 0.597605
0.142995 -0.129340 0.599734
0.140840 -0.127661 0.603540
0.144108 -0.126733 0.599790
0.144786 -0.126845 0.599257
0.142167 -0.129959 0.603071
0.144738 -0.130693 0.605314
0.142815 -0.131406 0.600109
0.142232 -0.128051 0.601989
0.144551 -0.129668 0.602505
0.143179 -0.129978 0.602849
0.143710 -0.130930 0.602658
0.140457 -0.129321 0.604189
0.142393 -0.127713 0.606464
0.143000 -0.128357 0.605191
0.142347 -0.126887 0.607227
0.145424 -0.132779 0.606815
0.140463 -0.131925 0.602975
0.143662 -0.129628 0.608978
0.137121 -0.129183 0.605511
0.141141 -0.126082 0.606883
0.139883 -0.130245 0.606128
0.137670 -0.132148 0.608601
0.141875 -0.128784 0.608358
0.143423 -0.127066 0.614137
0.141361 -0.127024 0.611188
0.143208 -0.129348 0.615116
0.144049 -0.131625 0.609648
0.139703 -0.129881 0.610126
0.140423 -0.126641 0.612735
0.138789 -0.131472 0.615126
0.139036 -0.126042 0.611504
0.141344 -0.128633 0.615077
0.141767 -0.129157 0.617753
0.143078 -0.128344 0.616267
0.138384 -0.129623 0.618565
0.138788 -0.126448 0.618824
0.136831 -0.134737 0.613309
0.142073 -0.129714 0.615214
0.141040 -0.129892 0.617833
0.135694 -0.132708 0.618139
0.135343 -0.129753 0.615841
0.142308 -0.129193 0.618851
0.140518 -0.129456 0.619703
0.138948 -0.129807 0.618198
0.140104 -0.130695 0.621033
0.133982 -0.132418 0.622866
0.137137 -0.128067 0.623783
0.136393 -0.128778 0.620762
0.134692 -0.128864 0.624764
0.139397 -0.129542 0.623892
0.138151 -0.124419 0.628022
0.137906 -0.127182 0.622979
0.133167 -0.126235 0.622722
0.134615 -0.130044 0.625008
0.137344 -0.128546 0.622598
0.135789 -0.130671 0.626403
0.131872 -0.131313 0.624839
0.132442 -0.130467 0.625045
0.135132 -0.129881 0.628072
0.134318 -0.129911 0.625248
0.129282 -0.127477 0.625912
0.133281 -0.128689 0.627816
0.129468 -0.133172 0.628725
0.130466 -0.129719 0.627499
0.134130 -0.130579 0.627878
0.126716 -0.128944 0.628960
0.131514 -0.128811 0.625014
0.131096 -0.129586 0.627982
0.132013 -0.131919 0.628395
0.130711 -0.129167 0.629480
0.126781 -0.126036 0.626786
0.129632 -0.127094 0.630279
0.130443 -0.126993 0.632427
0.125787 -0.128164 0.631690
0.131983 -0.129731 0.635456
0.124795 -0.129707 0.636808
0.128469 -0.127048 0.634231
0.129161 -0.126724 0.629011
0.124566 -0.129598 0.633057
0.126605 -0.128818 0.630377
0.126107 -0.131204 0.631034
0.125770 -0.130084 0.633351
0.124409 -0.131005 0.633955
0.124775 -0.131469 0.631160
0.123986 -0.126065 0.633981
0.125436 -0.130996 0.635510
0.118416 -0.129034 0.632123
0.122886 -0.130617 0.636472
0.125650 -0.130814 0.632532
0.124910 -0.131850 0.633939
0.121908 -0.130474 0.635635
0.120026 -0.130027 0.640244
0.120481 -0.130014 0.639266
0.123995 -0.124434 0.564290
0.124033 -0.124007 0.565235
0.121555 -0.126559 0.566139
0.123320 -0.122412 0.567792
0.123140 -0.126366 0.564451
0.124038 -0.127538 0.569074
0.126919 -0.124930 0.562856
0.121066 -0.123951 0.564226
0.125343 -0.124142 0.564853
0.127384 -0.128027 0.564713
0.123110 -0.124559 0.565285
0.121445 -0.122834 0.567303
0.124822 -0.130623 0.567150
0.123318 -0.125221 0.566021
0.128724 -0.127343 0.569914
0.130196 -0.126506 0.564699
0.126976 -0.128360 0.567930
0.124827 -0.124972 0.571533
0.124856 -0.127300 0.567640
0.128983 -0.125125 0.567189
0.129544 -0.126305 0.570866
0.130153 -0.124499 0.569652
0.130771 -0.124783 0.568522
0.130714 -0.123410 0.569166
0.130432 -0.125569 0.569600
0.130465 -0.124374 0.568496
0.131781 -0.124944 0.570440
0.130550 -0.127825 0.574435
0.130842 -0.124448 0.567040
0.131307 -0.123800 0.573534
0.134320 -0.126117 0.575495
0.133557 -0.126077 0.573907
0.132692 -0.125923 0.572320
0.135397 -0.125367 0.572154
0.134169 -0.129625 0.573410
0.134192 -0.127650 0.574153
0.135178 -0.126422 0.573918
0.135225 -0.129368 0.575601
0.136031 -0.126743 0.575751
0.133853 -0.124928 0.574843
0.137862 -0.129050 0.576293
0.136153 -0.125502 0.579637
0.138747 -0.121748 0.577820
0.134636 -0.126836 0.578664
0.138456 -0.126665 0.577141
0.135051 -0.129394 0.580338
0.141834 -0.126830 0.582235
0.135054 -0.123655 0.579198
0.141558 -0.124552 0.579609
0.136314 -0.124025 0.578907
0.136447 -0.129241 0.576626
0.138968 -0.125275 0.584815
0.140172 -0.127200 0.579840
0.139629 -0.124403 0.582623
0.140395 -0.128278 0.581549
0.137408 -0.120613 0.582072
0.138169 -0.126644 0.581225
0.138221 -0.125684 0.582154
0.143451 -0.124485 0.588194
0.137580 -0.126299 0.586600
0.143971 -0.128000 0.587364
0.137416 -0.123023 0.588669
0.143732 -0.125633 0.589003
0.140237 -0.129654 0.590927
0.143959 -0.124832 0.588250
0.143601 -0.121532 0.593901
0.136003 -0.125525 0.589133
0.141093 -0.123661 0.587737
0.142925 -0.127924 0.593180
0.141111 -0.127114 0.589396
0.141752 -0.126977 0.587314
0.139324 -0.123250 0.591931
0.138167 -0.127561 0.596225
0.145300 -0.124276 0.591225
0.141993 -0.124738 0.593124
0.142706 -0.127307 0.597130
0.139470 -0.125867 0.592160
0.141488 -0.123021 0.592242
0.144667 -0.125449 0.595382
0.141360 -0.127534 0.591899
0.144107 -0.125158 0.595777
0.143410 -0.125714 0.595398
0.141688 -0.126887 0.597315
0.144295 -0.128470 0.596448
0.139567 -0.123175 0.598773
0.142500 -0.127834 0.600374
0.140510 -0.122322 0.597863
0.144948 -0.123041 0.596512
0.142488 -0.126467 0.601575
0.140914 -0.124469 0.599870
0.142440 -0.123445 0.601492
0.141528 -0.126735 0.598025
0.142356 -0.128511 0.603521
0.143696 -0.127929 0.602834
0.142159 -0.123573 0.601557
0.144078 -0.126159 0.602032
0.139391 -0.125403 0.602860
0.140780 -0.127549 0.602641
0.140625 -0.126240 0.606141
0.143459 -0.127748 0.601955
0.142489 -0.124580 0.605191
0.141794 -0.124799 0.606212
0.143338 -0.127122 0.604338
0.144811 -0.124716 0.611639
0.142696 -0.124286 0.609118
0.138707 -0.127098 0.609705
0.140210 -0.125636 0.609303
0.139791 -0.125662 0.609616
0.142199 -0.126169 0.611287
0.141826 -0.125872 0.610102
0.141400 -0.123304 0.609236
0.139062 -0.127185 0.614263
0.140084 -0.123779 0.610657
0.138593 -0.126800 0.611125
0.141018 -0.128576 0.616823
0.138422 -0.121560 0.612786
0.139115 -0.125221 0.614429
0.140665 -0.124469 0.614828
0.141348 -0.126407 0.615637
0.137767 -0.123486 0.617897
0.136089 -0.121975 0.615827
0.139032 -0.125698 0.612946
0.141098 -0.124394 0.619914
0.139702 -0.127415 0.619563
0.142279 -0.127537 0.617415
0.139447 -0.124703 0.617875
0.137609 -0.126641 0.620124
0.139077 -0.124981 0.616117
0.139226 -0.122438 0.620832
0.136955 -0.124473 0.618469
0.136450 -0.124457 0.621638
0.139625 -0.124316 0.617984
0.135374 -0.124420 0.620787
0.134991 -0.125006 0.619105
0.137365 -0.126394 0.621812
0.138657 -0.125210 0.620813
0.133061 -0.127316 0.622036
0.136726 -0.127077 0.620722
0.138482 -0.126148 0.620612
0.135136 -0.126374 0.625794
0.136356 -0.127582 0.625869
0.134981 -0.126033 0.623738
0.134689 -0.126823 0.623055
0.132615 -0.126828 0.623378
0.133876 -0.123944 0.621638
0.131946 -0.124125 0.626038
0.132616 -0.126660 0.627149
0.131360 -0.125581 0.626561
0.131183 -0.128663 0.627139
0.130335 -0.125244 0.624465
0.133083 -0.127888 0.632793
0.130043 -0.122755 0.625613
0.126896 -0.124297 0.626384
0.132483 -0.124684 0.627275
0.130220 -0.128463 0.626611
0.128413 -0.124931 0.629320
0.128507 -0.128146 0.630259
0.129041 -0.125752 0.629411
0.131353 -0.129235 0.628851
0.127175 -0.125187 0.629591
0.127647 -0.127307 0.630628
0.126135 -0.127580 0.631127
0.128126 -0.123006 0.631663
0.128024 -0.124518 0.633370
0.127009 -0.126057 0.632555
0.131105 -0.126594 0.633090
0.128063 -0.124746 0.635161
0.124895 -0.126160 0.635680
0.124520 -0.123523 0.637189
0.124820 -0.124551 0.632278
0.122803 -0.126533 0.630375
0.126760 -0.124795 0.637336
0.123905 -0.127792 0.634496
0.121563 -0.126705 0.632977
0.122428 -0.126071 0.637505
0.120670 -0.126132 0.633196
0.120291 -0.124847 0.634153
0.122254 -0.123201 0.635346
0.120906 -0.124707 0.639997
0.126160 -0.126315 0.636590
0.121067 -0.120875 0.564604
0.121842 -0.120604 0.561189
0.124462 -0.123373 0.565457
0.123797 -0.122923 0.566832
0.122808 -0.123207 0.565707
0.121433 -0.118729 0.565866
0.124118 -0.122579 0.567249
0.122793 -0.119327 0.567323
0.124390 -0.126588 0.563900
0.125685 -0.121691 0.566838
0.124394 -0.121654 0.566506
0.124554 -0.120064 0.565754
0.121338 -0.122798 0.566253
0.125844 -0.123040 0.567681
0.127397 -0.122743 0.565529
0.124023 -0.121128 0.565577
0.126835 -0.121120 0.565931
0.128682 -0.124287 0.571209
0.128440 -0.123123 0.563728
0.126669 -0.120881 0.571153
0.131303 -0.123388 0.567726
0.130645 -0.121410 0.568423
0.128799 -0.124044 0.572412
0.129985 -0.122257 0.573097
0.128578 -0.121082 0.569490
0.134190 -0.117687 0.572897
0.132483 -0.121280 0.570743
0.130338 -0.122912 0.572175
0.133349 -0.125574 0.572478
0.128721 -0.120205 0.572158
0.139118 -0.118466 0.572286
0.133913 -0.120676 0.574214
0.130615 -0.122694 0.573354
0.133339 -0.122065 0.572867
0.139108 -0.122854 0.573858
0.130833 -0.122938 0.572797
0.134901 -0.124245 0.577258
0.133246 -0.124355 0.573960
0.131904 -0.123296 0.577479
0.131722 -0.122867 0.576094
0.130405 -0.124202 0.576234
0.137035 -0.120271 0.576446
0.134897 -0.121271 0.581061
0.135115 -0.120673 0.577554
0.135145 -0.118409 0.576685
0.136292 -0.125719 0.577455
0.139560 -0.125553 0.581171
0.136905 -0.122779 0.577904
0.137795 -0.124458 0.578077
0.140481 -0.123880 0.578639
0.135429 -0.120460 0.580699
0.135573 -0.121908 0.581682
0.139783 -0.118048 0.581672
0.137136 -0.116868 0.581664
0.142217 -0.121228 0.582695
0.142701 -0.120793 0.582929
0.140448 -0.122718 0.584765
0.140293 -0.121656 0.586213
0.134281 -0.120974 0.584187
0.140184 -0.121051 0.583701
0.138306 -0.122443 0.585830
0.140366 -0.123779 0.586120
0.139103 -0.124789 0.585936
0.139288 -0.120565 0.585610
0.139058 -0.121143 0.585230
0.139388 -0.122869 0.591066
0.142523 -0.121816 0.589703
0.139179 -0.121938 0.586748
0.144194 -0.121644 0.589614
0.139579 -0.120567 0.588690
0.140258 -0.122056 0.588388
0.140597 -0.121421 0.590822
0.143641 -0.121465 0.593992
0.136495 -0.122565 0.595070
0.144330 -0.121754 0.589850
0.139353 -0.124519 0.594825
0.141050 -0.124588 0.590568
0.139631 -0.121832 0.592123
0.142453 -0.120126 0.595268
0.142950 -0.119736 0.592663
0.143260 -0.120812 0.594826
0.139030 -0.123011 0.597185
0.144545 -0.120793 0.595180
0.143288 -0.121643 0.598196
0.143940 -0.119918 0.598965
0.142842 -0.122257 0.599697
0.141215 -0.120580 0.597271
0.143138 -0.121467 0.597963
0.142201 -0.119555 0.602301
0.143757 -0.118488 0.599122
0.141614 -0.121749 0.602254
0.143432 -0.123341 0.601111
0.142153 -0.122592 0.602321
0.139733 -0.122227 0.604177
0.142625 -0.125925 0.600380
0.142830 -0.121409 0.602475
0.139090 -0.119996 0.599583
0.139796 -0.122256 0.603852
0.143183 -0.126298 0.600980
0.143467 -0.122152 0.603944
0.142557 -0.124365 0.604734
0.145386 -0.123258 0.606584
0.140262 -0.123463 0.607872
0.143723 -0.121225 0.606759
0.142750 -0.122454 0.607189
0.140258 -0.119501 0.605330
0.142021 -0.123827 0.606934
0.142724 -0.120649 0.606301
0.141413 -0.119462 0.609954
0.138430 -0.125065 0.605423
0.143629 -0.125171 0.612460
0.138437 -0.120335 0.609110
0.139174 -0.126637 0.608195
0.137679 -0.125863 0.612482
0.145005 -0.126905 0.610972
0.141217 -0.122922 0.612032
0.140049 -0.123112 0.614207
0.139702 -0.122596 0.613101
0.142521 -0.124616 0.612830
0.140460 -0.123281 0.611638
0.141947 -0.121831 0.615516
0.139698 -0.122792 0.617917
0.139824 -0.120920 0.616960
0.137664 -0.122656 0.615074
0.144618 -0.123023 0.616888
0.137534 -0.122542 0.619087
0.139346 -0.123003 0.619774
0.140917 -0.119692 0.615472
0.136208 -0.123944 0.618433
0.140590 -0.124399 0.620088
0.139242 -0.121149 0.618061
0.138214 -0.122394 0.620054
0.135191 -0.118012 0.620812
0.135836 -0.122105 0.620158
0.134762 -0.123150 0.622660
0.136059 -0.123690 0.617542
0.137724 -0.119426 0.621283
0.137072 -0.120908 0.622103
0.136597 -0.123064 0.622390
0.136707 -0.121889 0.620893
0.134389 -0.119202 0.623137
0.132889 -0.119735 0.621698
0.135875 -0.115541 0.627406
0.135020 -0.120278 0.628986
0.134762 -0.118805 0.624883
0.129789 -0.122512 0.624571
0.133390 -0.120789 0.626125
0.133858 -0.117961 0.625625
0.135215 -0.122837 0.630677
0.135262 -0.121272 0.626842
0.133764 -0.125630 0.624369
0.131336 -0.124694 0.624107
0.131139 -0.119164 0.626120
0.133196 -0.118793 0.628624
0.128902 -0.122170 0.630096
0.126875 -0.119883 0.631065
0.129044 -0.121091 0.629115
0.131570 -0.122500 0.630652
0.130609 -0.121246 0.628170
0.127885 -0.123921 0.629312
0.130696 -0.125375 0.630857
0.129446 -0.125399 0.628798
0.128680 -0.125183 0.633138
0.128730 -0.120332 0.632949
0.125571 -0.119224 0.633820
0.126095 -0.121894 0.636665
0.125425 -0.121986 0.631713
0.124428 -0.121362 0.632179
0.128757 -0.121919 0.631446
0.123442 -0.127098 0.634565
0.126752 -0.122128 0.635762
0.125161 -0.124652 0.633595
0.124988 -0.123844 0.634429
0.122758 -0.122307 0.634305
0.126495 -0.119925 0.640104
0.122170 -0.122586 0.636585
0.126413 -0.122599 0.634847
0.124010 -0.124383 0.636317
0.125223 -0.124097 0.637604
0.122418 -0.123841 0.636296
0.123273 -0.120259 0.563236
0.122615 -0.119312 0.562770
0.122991 -0.121672 0.562023
0.119747 -0.118122 0.564226
0.123267 -0.119786 0.566114
0.124531 -0.121690 0.564142
0.125795 -0.121877 0.562059
0.124724 -0.115736 0.569127
0.128145 -0.124100 0.565938
0.126142 -0.121049 0.562330
0.123880 -0.119300 0.566440
0.122553 -0.118809 0.565268
0.126623 -0.119126 0.566074
0.126284 -0.116470 0.571048
0.125810 -0.118312 0.565490
0.125925 -0.119954 0.563463
0.127589 -0.114426 0.567545
0.130893 -0.118352 0.568149
0.131823 -0.119251 0.568777
0.127062 -0.117606 0.566531
0.131601 -0.117495 0.569450
0.131254 -0.122222 0.569265
0.132384 -0.121140 0.573016
0.131322 -0.119317 0.567649
0.132176 -0.118351 0.567057
0.129519 -0.117771 0.575924
0.129945 -0.119943 0.571924
0.131997 -0.118321 0.573604
0.127930 -0.118943 0.571304
0.133576 -0.118960 0.569050
0.133219 -0.120985 0.571642
0.133807 -0.117356 0.571003
0.133505 -0.114053 0.576827
0.131499 -0.122570 0.573377
0.134380 -0.118523 0.576649
0.134247 -0.118844 0.575519
0.131616 -0.118082 0.572897
0.132716 -0.118040 0.575414
0.136185 -0.118217 0.575472
0.137647 -0.117175 0.578149
0.136100 -0.119075 0.578723
0.136825 -0.119408 0.576001
0.138305 -0.116623 0.579017
0.132503 -0.118747 0.579813
0.131733 -0.116595 0.579427
0.137877 -0.119392 0.577699
0.138145 -0.117715 0.577415
0.136651 -0.116903 0.581015
0.139710 -0.119791 0.577394
0.135956 -0.117409 0.581958
0.137648 -0.119523 0.578873
0.140002 -0.120671 0.581926
0.140151 -0.122450 0.581041
0.143210 -0.121192 0.583948
0.137727 -0.116588 0.585871
0.140448 -0.119211 0.581352
0.141541 -0.117944 0.582064
0.139636 -0.119502 0.582076
0.139853 -0.117509 0.584812
0.139640 -0.122214 0.585673
0.142204 -0.119226 0.584600
0.142153 -0.117991 0.586321
0.142337 -0.121085 0.587558
0.138377 -0.121876 0.584155
0.143194 -0.119475 0.588807
0.137360 -0.118807 0.588867
0.141715 -0.115270 0.587211
0.141560 -0.119233 0.585484
0.142395 -0.121036 0.587496
0.139333 -0.119431 0.589602
0.144488 -0.120579 0.591821
0.143143 -0.118739 0.590486
0.143542 -0.118164 0.589960
0.141076 -0.120137 0.594119
0.140593 -0.122342 0.591968
0.142741 -0.116563 0.592184
0.141216 -0.121423 0.592248
0.143515 -0.119331 0.593555
0.141762 -0.117903 0.596068
0.141839 -0.116697 0.594907
0.140995 -0.119426 0.599532
0.143287 -0.120419 0.593225
0.143709 -0.118828 0.593822
0.144553 -0.119519 0.597580
0.139868 -0.117142 0.598957
0.145052 -0.114964 0.599890
0.143737 -0.114545 0.597328
0.143680 -0.118061 0.600163
0.142872 -0.118696 0.599259
0.142666 -0.118347 0.599314
0.140950 -0.118252 0.598681
0.144033 -0.117563 0.600326
0.142516 -0.118908 0.599960
0.142941 -0.123605 0.603233
0.139898 -0.117867 0.602492
0.140739 -0.114497 0.598803
0.142304 -0.121826 0.599206
0.139265 -0.118719 0.599579
0.140735 -0.119682 0.603532
0.141778 -0.117636 0.607290
0.143904 -0.115293 0.604304
0.142935 -0.119451 0.606451
0.140515 -0.116118 0.603081
0.139209 -0.120111 0.605436
0.146524 -0.118017 0.608239
0.140977 -0.117028 0.602943
0.143026 -0.118227 0.608416
0.143321 -0.120991 0.608214
0.143522 -0.119831 0.608398
0.144083 -0.117067 0.611240
0.137400 -0.116352 0.610101
0.140680 -0.117909 0.613742
0.140941 -0.121325 0.611169
0.139470 -0.117425 0.609155
0.138912 -0.120032 0.610701
0.141872 -0.120052 0.611200
0.140526 -0.122076 0.612628
0.140263 -0.118447 0.612355
0.139300 -0.118617 0.612557
0.142581 -0.120597 0.615081
0.144217 -0.119752 0.617111
0.140538 -0.116364 0.618774
0.138702 -0.117370 0.617425
0.138512 -0.116004 0.614344
0.140011 -0.120236 0.616828
0.139121 -0.118328 0.620077
0.135099 -0.122309 0.618259
0.142680 -0.116771 0.617979
0.138202 -0.119800 0.617056
0.138295 -0.120894 0.617838
0.138523 -0.116204 0.617756
0.138884 -0.116961 0.619179
0.137756 -0.118321 0.619205
0.139010 -0.117837 0.622478
0.137324 -0.117067 0.619224
0.137001 -0.120378 0.619768
0.135668 -0.121443 0.623160
0.138366 -0.116966 0.621055
0.136978 -0.120824 0.622891
0.135782 -0.117114 0.623032
0.133614 -0.114123 0.625633
0.134901 -0.117825 0.620957
0.134782 -0.118152 0.624400
0.129507 -0.117350 0.622058
0.136044 -0.118234 0.625478
0.135529 -0.116206 0.627933
0.129912 -0.121349 0.625220
0.130506 -0.118840 0.627147
0.135893 -0.117856 0.628315
0.133601 -0.121180 0.628083
0.129438 -0.119263 0.630018
0.130668 -0.121165 0.629663
0.129021 -0.118968 0.627269
0.127149 -0.119614 0.631627
0.127916 -0.117792 0.627197
0.128784 -0.115777 0.633450
0.129792 -0.120543 0.629554
0.129924 -0.116003 0.629257
0.133236 -0.119151 0.629847
0.126133 -0.118299 0.631591
0.127269 -0.118907 0.630353
0.127424 -0.118416 0.632345
0.124514 -0.116348 0.634104
0.127260 -0.117474 0.631555
0.129467 -0.119783 0.632017
0.129396 -0.117350 0.629440
0.125350 -0.115450 0.629286
0.125070 -0.117193 0.635496
0.126582 -0.120106 0.630328
0.124670 -0.119828 0.633263
0.123929 -0.118280 0.631176
0.123147 -0.119312 0.635694
0.126516 -0.119062 0.636039
0.120924 -0.114230 0.634004
0.125186 -0.117528 0.635412
0.121703 -0.117657 0.634922
0.121984 -0.119721 0.636028
0.122864 -0.118886 0.636388
0.123185 -0.118971 0.639707
0.119742 -0.118208 0.634823
0.122856 -0.117103 0.561764
0.123232 -0.116649 0.562731
0.121733 -0.116708 0.561782
0.125628 -0.119489 0.560828
0.122526 -0.112668 0.567788
0.119537 -0.111257 0.564879
0.120137 -0.116066 0.562684
0.121797 -0.115736 0.566882
0.126171 -0.114172 0.563696
0.124380 -0.113072 0.563558
0.123803 -0.118199 0.565374
0.124546 -0.115992 0.568704
0.123956 -0.117434 0.565988
0.127139 -0.115356 0.570632
0.126095 -0.115642 0.568157
0.125895 -0.117086 0.567491
0.129256 -0.116613 0.566783
0.128900 -0.116167 0.566641
0.127878 -0.116667 0.570114
0.129384 -0.112011 0.569412
0.128590 -0.112589 0.567253
0.129333 -0.112117 0.571602
0.129435 -0.112519 0.570343
0.127652 -0.116402 0.571701
0.131759 -0.114627 0.571382
0.131696 -0.115117 0.573239
0.131521 -0.111892 0.571818
0.129296 -0.115982 0.572304
0.130456 -0.118297 0.568038
0.133104 -0.117642 0.573536
0.129859 -0.113298 0.573246
0.133899 -0.116243 0.570514
0.131202 -0.113733 0.572731
0.130355 -0.118016 0.571437
0.134380 -0.115467 0.576146
0.137278 -0.117269 0.573994
0.132556 -0.114767 0.577171
0.131878 -0.114695 0.576428
0.135500 -0.115612 0.574820
0.136750 -0.114020 0.577515
0.134900 -0.113985 0.577643
0.136855 -0.113192 0.575188
0.136581 -0.114185 0.574671
0.139567 -0.116150 0.578344
0.135317 -0.112908 0.576671
0.136053 -0.118059 0.581671
0.135307 -0.114939 0.577959
0.134964 -0.120533 0.578551
0.134722 -0.117812 0.579752
0.138350 -0.113798 0.579506
0.137664 -0.110698 0.579867
0.143581 -0.115621 0.581213
0.142082 -0.116642 0.580894
0.139063 -0.115034 0.580915
0.134896 -0.115245 0.580248
0.137688 -0.115651 0.585526
0.138029 -0.117302 0.583745
0.141510 -0.114580 0.583455
0.139022 -0.117665 0.584372
0.140545 -0.115534 0.582611
0.138767 -0.113775 0.585713
0.139011 -0.111979 0.587046
0.139107 -0.111769 0.587748
0.140939 -0.113281 0.590713
0.141451 -0.115969 0.587285
0.142045 -0.116886 0.589633
0.136545 -0.118296 0.587428
0.137671 -0.115497 0.588967
0.138270 -0.117772 0.589450
0.142441 -0.116631 0.589685
0.141091 -0.119589 0.590041
0.138912 -0.112928 0.591548
0.139875 -0.116417 0.592429
0.138831 -0.113968 0.590131
0.138271 -0.115872 0.597181
0.142455 -0.114220 0.593199
0.142544 -0.115501 0.592946
0.142260 -0.117574 0.594312
0.142990 -0.116601 0.597265
0.143588 -0.113770 0.591489
0.140145 -0.116258 0.597478
0.142187 -0.115170 0.592250
0.141967 -0.115784 0.596835
0.142836 -0.117585 0.595693
0.143308 -0.112962 0.597042
0.140613 -0.114375 0.599368
0.143071 -0.114573 0.597398
0.143492 -0.114980 0.596908
0.146858 -0.113656 0.598263
0.142960 -0.116128 0.599025
0.148376 -0.111063 0.599427
0.142647 -0.113845 0.601560
0.144260 -0.113935 0.602366
0.141325 -0.116812 0.602166
0.144747 -0.114549 0.602848
0.140512 -0.112158 0.603188
0.141561 -0.114958 0.604956
0.142871 -0.114441 0.603418
0.143340 -0.113522 0.603777
0.143292 -0.120228 0.603760
0.139482 -0.117409 0.605979
0.140633 -0.114456 0.607000
0.143879 -0.116786 0.606099
0.139873 -0.115501 0.607885
0.145779 -0.115879 0.606290
0.141203 -0.116133 0.607474
0.139505 -0.119983 0.609508
0.141239 -0.117811 0.611710
0.142435 -0.113910 0.610866
0.140512 -0.117874 0.609252
0.142125 -0.114912 0.612003
0.143348 -0.117877 0.609842
0.138908 -0.114570 0.611436
0.142731 -0.117051 0.612274
0.141924 -0.116508 0.611217
0.137072 -0.118214 0.614973
0.141158 -0.118431 0.611874
0.138304 -0.117176 0.610267
0.139071 -0.117781 0.615986
0.140913 -0.114300 0.615898
0.137557 -0.112037 0.616138
0.138282 -0.116286 0.615662
0.138195 -0.117659 0.615454
0.142038 -0.114429 0.619975
0.136631 -0.112923 0.614339
0.137412 -0.116250 0.619463
0.137859 -0.113984 0.614479
0.140603 -0.114197 0.619208
0.135749 -0.115107 0.620527
0.138661 -0.117989 0.621675
0.141035 -0.118838 0.620092
0.138113 -0.117947 0.623525
0.134508 -0.116570 0.621723
0.135656 -0.117814 0.620485
0.134975 -0.115324 0.620883
0.137390 -0.117700 0.619730
0.139140 -0.118562 0.620403
0.138478 -0.114810 0.619869
0.132705 -0.113780 0.622530
0.138435 -0.108824 0.621726
0.136345 -0.110199 0.623864
0.137036 -0.116344 0.625305
0.135867 -0.115915 0.624847
0.134715 -0.115446 0.623689
0.135246 -0.117540 0.628579
0.131483 -0.113601 0.625908
0.134068 -0.116284 0.624682
0.132557 -0.115542 0.623674
0.130052 -0.115019 0.625546
0.132654 -0.117832 0.630798
0.130893 -0.115328 0.628500
0.134961 -0.115638 0.623200
0.128886 -0.111742 0.630996
0.131560 -0.112787 0.628256
0.133417 -0.114320 0.625657
0.132709 -0.116210 0.628785
0.131411 -0.121144 0.632070
0.128377 -0.115353 0.630880
0.128619 -0.114946 0.631868
0.130198 -0.112794 0.632488
0.123612 -0.114649 0.633970
0.127790 -0.116744 0.631191
0.129591 -0.117148 0.632634
0.128600 -0.113436 0.630531
0.128636 -0.116625 0.632638
0.130444 -0.114737 0.631938
0.123862 -0.118201 0.633422
0.128725 -0.118456 0.632223
0.125163 -0.113806 0.633618
0.123130 -0.114128 0.632707
0.127504 -0.115039 0.632655
0.128500 -0.116258 0.636183
0.124610 -0.113384 0.632289
0.124975 -0.114563 0.636539
0.120676 -0.114976 0.636755
0.122088 -0.115959 0.636079
0.126552 -0.115763 0.633785
0.123091 -0.115463 0.637297
0.123576 -0.114719 0.634310
0.120856 -0.116277 0.635601
0.117068 -0.109235 0.562439
0.120563 -0.111846 0.560950
0.126313 -0.111188 0.565006
0.120345 -0.113222 0.563573
0.121136 -0.111939 0.563702
0.122970 -0.114755 0.565896
0.127357 -0.111334 0.563154
0.123684 -0.110398 0.566446
0.122030 -0.111681 0.568080
0.122941 -0.115194 0.568136
0.123759 -0.111065 0.565798
0.129706 -0.112117 0.569306
0.124855 -0.114140 0.566628
0.126880 -0.111527 0.565595
0.127633 -0.109812 0.568123
0.126977 -0.114646 0.567460
0.130166 -0.109180 0.567716
0.126897 -0.109080 0.570395
0.127307 -0.113106 0.567106
0.130359 -0.110430 0.570620
0.126282 -0.111238 0.569884
0.128902 -0.111283 0.570489
0.132777 -0.109372 0.573034
0.136494 -0.113030 0.569938
0.129852 -0.112703 0.570055
0.128644 -0.112079 0.570389
0.131623 -0.113660 0.571167
0.131633 -0.111732 0.568101
0.135415 -0.112423 0.571777
0.130820 -0.113791 0.574488
0.135171 -0.112181 0.568323
0.130656 -0.112055 0.570891
0.133444 -0.112975 0.575176
0.136499 -0.113932 0.574216
0.136086 -0.111653 0.572043
0.137844 -0.111136 0.575279
0.133597 -0.112859 0.571746
0.135590 -0.115328 0.579001
0.135689 -0.110591 0.575125
0.136577 -0.113361 0.576631
0.137764 -0.114522 0.577579
0.135407 -0.113047 0.579139
0.134644 -0.116872 0.578873
0.136707 -0.112763 0.580171
0.133292 -0.113538 0.576406
0.134976 -0.113069 0.577675
0.139299 -0.112161 0.577695
0.139703 -0.114041 0.581027
0.137108 -0.113166 0.579629
0.136274 -0.109848 0.581515
0.138885 -0.110360 0.581339
0.138000 -0.114872 0.579869
0.140188 -0.111236 0.580302
0.140378 -0.111635 0.584206
0.141658 -0.111721 0.582442
0.140457 -0.116481 0.580449
0.137810 -0.115242 0.584310
0.143901 -0.112797 0.586730
0.140166 -0.116200 0.584561
0.139363 -0.112991 0.582631
0.136875 -0.109465 0.583547
0.142067 -0.111650 0.587036
0.140793 -0.111621 0.584921
0.141386 -0.113384 0.586551
0.141752 -0.112453 0.589157
0.144079 -0.109733 0.588788
0.139893 -0.110171 0.590926
0.141577 -0.109530 0.588667
0.138605 -0.114128 0.588211
0.140974 -0.112730 0.588440
0.142751 -0.112403 0.589750
0.143928 -0.111313 0.590807
0.143459 -0.109052 0.591339
0.140308 -0.113519 0.593921
0.142228 -0.112163 0.589468
0.140861 -0.108293 0.592262
0.143177 -0.111621 0.590870
0.143266 -0.112040 0.589685
0.144306 -0.110545 0.594477
0.141664 -0.113514 0.597687
0.139149 -0.109878 0.596494
0.142307 -0.110834 0.599314
0.145951 -0.113100 0.591708
0.139463 -0.112772 0.594939
0.142944 -0.111612 0.596338
0.143961 -0.111290 0.597075
0.140776 -0.110034 0.599149
0.142985 -0.113337 0.598444
0.144025 -0.112463 0.601215
0.140149 -0.110202 0.598472
0.144980 -0.111425 0.599637
0.144253 -0.109643 0.600303
0.137738 -0.109593 0.602147
0.143500 -0.109567 0.602277
0.140510 -0.113090 0.601843
0.141276 -0.108852 0.604043
0.141843 -0.112202 0.604369
0.144197 -0.114730 0.603988
0.143371 -0.113041 0.601016
0.142331 -0.113584 0.604440
0.140519 -0.112272 0.604713
0.144012 -0.109051 0.603249
0.142823 -0.113324 0.603682
0.139808 -0.111974 0.608044
0.137896 -0.112205 0.608663
0.143450 -0.111176 0.607041
0.146265 -0.113236 0.610966
0.139542 -0.116136 0.611736
0.141177 -0.116010 0.607597
0.142953 -0.112474 0.606540
0.141154 -0.111355 0.609748
0.142974 -0.109750 0.610727
0.138899 -0.113078 0.610003
0.140722 -0.109427 0.611134
0.140811 -0.106873 0.611668
0.139656 -0.111933 0.612293
0.140889 -0.110732 0.612964
0.139208 -0.110496 0.614441
0.142977 -0.111720 0.616143
0.143373 -0.105918 0.613409
0.139620 -0.111584 0.612790
0.139732 -0.109621 0.612493
0.138094 -0.113827 0.614517
0.137364 -0.113484 0.618983
0.136108 -0.115437 0.616366
0.138933 -0.110689 0.615254
0.137977 -0.109003 0.617031
0.139053 -0.113752 0.615373
0.137444 -0.110169 0.617322
0.136383 -0.112965 0.622644
0.138529 -0.111156 0.621037
0.138222 -0.111382 0.619791
0.136022 -0.112182 0.621295
0.138317 -0.114829 0.624172
0.136615 -0.114223 0.622526
0.134272 -0.110144 0.624631
0.133999 -0.113985 0.623388
0.132251 -0.111996 0.621477
0.133096 -0.110212 0.622344
0.135525 -0.110809 0.623670
0.132526 -0.113717 0.628352
0.131737 -0.113119 0.622563
0.134937 -0.110274 0.625592
0.134224 -0.111155 0.625281
0.135339 -0.110833 0.624442
0.132390 -0.112946 0.628487
0.132409 -0.108776 0.624061
0.133146 -0.113328 0.626533
0.131581 -0.113304 0.626121
0.129810 -0.110415 0.628464
0.133277 -0.109569 0.630798
0.132681 -0.114457 0.630302
0.133835 -0.113406 0.629837
0.129068 -0.111860 0.627252
0.131355 -0.113432 0.629859
0.132333 -0.112053 0.630403
0.128661 -0.115387 0.626141
0.127824 -0.109613 0.628004
0.130531 -0.111972 0.627599
0.130664 -0.111348 0.631150
0.126247 -0.113089 0.630329
0.130701 -0.113016 0.633516
0.129166 -0.114241 0.634181
0.129425 -0.110922 0.629141
0.126514 -0.112157 0.632779
0.131227 -0.110212 0.631860
0.127694 -0.112258 0.630936
0.125307 -0.112213 0.631154
0.128109 -0.114254 0.634853
0.126199 -0.111378 0.638445
0.123204 -0.112797 0.638807
0.124238 -0.111607 0.638169
0.127168 -0.108931 0.635281
0.122369 -0.111775 0.633808
0.123758 -0.112476 0.634160
0.123632 -0.112730 0.633922
0.120194 -0.113227 0.639647
0.123158 -0.109229 0.633031
0.122098 -0.110564 0.637007
0.120068 -0.113524 0.637635
0.120613 -0.107038 0.564102
0.121115 -0.109631 0.562755
0.119584 -0.103874 0.568123
0.122334 -0.105644 0.564285
0.122676 -0.108956 0.563085
0.124026 -0.108358 0.562210
0.124590 -0.107172 0.565003
0.125543 -0.112688 0.562184
0.126541 -0.108481 0.566601
0.120353 -0.106954 0.566709
0.123971 -0.110720 0.566161
0.125222 -0.111011 0.566025
0.126505 -0.110174 0.566111
0.125789 -0.109026 0.563394
0.125639 -0.107747 0.562647
0.126364 -0.110632 0.572823
0.128590 -0.112622 0.567626
0.127872 -0.108590 0.565955
0.128678 -0.109133 0.571645
0.126959 -0.109916 0.568980
0.128537 -0.108517 0.572211
0.129043 -0.107745 0.568219
0.129143 -0.111413 0.571196
0.131145 -0.107525 0.566291
0.129819 -0.107476 0.570406
0.130311 -0.109413 0.570849
0.128322 -0.108295 0.572595
0.132850 -0.110281 0.573920
0.134068 -0.104935 0.572262
0.131463 -0.108878 0.570998
0.132370 -0.108068 0.570627
0.132446 -0.110343 0.572487
0.134425 -0.106339 0.572739
0.133841 -0.108835 0.572172
0.131944 -0.108757 0.576138
0.134434 -0.104801 0.574116
0.133995 -0.107416 0.577054
0.136615 -0.110088 0.572658
0.136497 -0.108489 0.577812
0.137484 -0.107347 0.575924
0.136046 -0.109676 0.579142
0.137148 -0.110108 0.577382
0.134175 -0.107374 0.576185
0.135866 -0.110246 0.578721
0.139723 -0.110359 0.579098
0.133570 -0.105735 0.580469
0.133660 -0.110259 0.576320
0.135453 -0.109816 0.581381
0.137666 -0.111858 0.583197
0.138925 -0.107718 0.582115
0.139202 -0.107704 0.579087
0.135286 -0.110086 0.581117
0.140323 -0.109955 0.583259
0.140035 -0.109396 0.581815
0.139276 -0.110812 0.583837
0.139091 -0.107505 0.580790
0.137395 -0.107402 0.583393
0.138924 -0.111064 0.582855
0.140732 -0.109915 0.582952
0.143246 -0.111945 0.588374
0.138679 -0.106073 0.585880
0.141627 -0.110867 0.588862
0.139221 -0.111371 0.585923
0.140980 -0.107827 0.583832
0.139569 -0.110532 0.589116
0.140030 -0.110192 0.585138
0.140287 -0.109932 0.590806
0.140164 -0.109335 0.590293
0.143756 -0.108250 0.588171
0.141949 -0.111420 0.591060
0.137119 -0.108892 0.589429
0.139896 -0.108444 0.589853
0.145033 -0.112113 0.590182
0.144033 -0.107376 0.597249
0.139173 -0.106699 0.594756
0.146255 -0.109839 0.591738
0.142185 -0.105144 0.591326
0.142358 -0.111205 0.588756
0.140881 -0.108832 0.592478
0.143985 -0.106903 0.595242
0.141017 -0.107326 0.595396
0.140656 -0.109276 0.593474
0.142852 -0.107406 0.595102
0.143453 -0.108987 0.596545
0.142922 -0.106837 0.596639
0.146105 -0.106581 0.594646
0.140600 -0.107703 0.596397
0.147284 -0.107231 0.599523
0.140360 -0.115548 0.598534
0.139629 -0.109455 0.600360
0.142502 -0.101536 0.597705
0.142749 -0.107366 0.599560
0.146096 -0.107571 0.601291
0.143896 -0.107215 0.597498
0.144525 -0.112842 0.603151
0.144976 -0.105590 0.598190
0.141484 -0.108319 0.599704
0.142618 -0.108711 0.601538
0.142562 -0.111710 0.602855
0.142007 -0.112340 0.603436
0.139668 -0.110884 0.603417
0.143684 -0.109133 0.609673
0.140821 -0.107276 0.606338
0.140723 -0.111057 0.608285
0.142663 -0.105903 0.606990
0.142246 -0.109585 0.604546
0.143765 -0.111730 0.612538
0.141036 -0.110067 0.607911
0.139972 -0.107874 0.606811
0.141282 -0.109632 0.612938
0.145277 -0.110969 0.609258
0.143793 -0.106333 0.610473
0.138716 -0.106051 0.610387
0.139633 -0.110341 0.612383
0.142301 -0.107614 0.614289
0.140809 -0.106981 0.612887
0.136764 -0.113232 0.609422
0.141951 -0.106104 0.611165
0.140691 -0.105568 0.616272
0.139966 -0.108510 0.614729
0.139974 -0.110399 0.615790
0.138130 -0.108012 0.618853
0.143689 -0.110769 0.618867
0.140997 -0.113911 0.617833
0.140515 -0.108761 0.611252
0.138152 -0.103353 0.616455
0.137023 -0.109427 0.616899
0.137243 -0.112740 0.617101
0.137076 -0.108504 0.619065
0.139085 -0.103848 0.620867
0.137622 -0.105828 0.616770
0.136699 -0.107237 0.619551
0.136607 -0.107770 0.623388
0.135309 -0.107641 0.617535
0.138300 -0.109854 0.620084
0.137529 -0.108868 0.620894
0.138346 -0.111621 0.623638
0.136917 -0.107399 0.619624
0.137651 -0.106725 0.621946
0.135646 -0.110150 0.621579
0.134899 -0.108544 0.623036
0.135858 -0.108363 0.626471
0.134077 -0.109996 0.625824
0.137187 -0.113791 0.624780
0.134563 -0.109900 0.625604
0.134824 -0.107752 0.623334
0.133751 -0.104087 0.623183
0.131389 -0.106836 0.621075
0.133125 -0.108039 0.627403
0.131988 -0.111456 0.629136
0.131425 -0.105999 0.629139
0.130359 -0.110026 0.627743
0.132867 -0.108518 0.627609
0.131090 -0.109664 0.631495
0.130407 -0.109177 0.631114
0.127169 -0.107582 0.628351
0.135067 -0.107690 0.628019
0.130974 -0.110467 0.629781
0.129600 -0.110952 0.627770
0.129613 -0.107422 0.630493
0.127728 -0.110106 0.632564
0.125902 -0.107083 0.633493
0.129610 -0.107609 0.632067
0.128340 -0.107005 0.631537
0.126274 -0.109800 0.629289
0.127492 -0.110938 0.634494
0.125766 -0.107744 0.636766
0.126652 -0.110306 0.628295
0.126602 -0.107005 0.629937
0.125390 -0.109458 0.634159
0.123125 -0.111626 0.633153
0.121419 -0.106802 0.632054
0.121884 -0.104414 0.633364
0.119620 -0.111276 0.630069
0.122239 -0.107326 0.633473
0.123251 -0.107994 0.637210
0.122890 -0.106564 0.632917
0.122013 -0.108007 0.631574
0.123425 -0.106965 0.636022
0.123210 -0.104473 0.639695
0.121329 -0.105776 0.563758
0.118528 -0.106432 0.563007
0.120475 -0.104439 0.560829
0.123318 -0.108026 0.565939
0.122106 -0.106817 0.564086
0.125388 -0.106550 0.565563
0.124065 -0.108396 0.565281
0.123284 -0.104529 0.567045
0.122810 -0.105859 0.565167
0.123944 -0.104167 0.562829
0.126037 -0.106565 0.565979
0.124448 -0.107899 0.565868
0.126528 -0.103872 0.568160
0.125597 -0.104564 0.571395
0.126034 -0.101909 0.562863
0.129338 -0.105695 0.568104
0.124411 -0.104350 0.567270
0.127960 -0.106834 0.564518
0.125721 -0.105638 0.568058
0.129609 -0.106988 0.567138
0.131893 -0.103735 0.571426
0.131154 -0.105941 0.570910
0.127288 -0.103054 0.571666
0.129146 -0.101822 0.573218
0.131077 -0.105109 0.572951
0.128340 -0.104187 0.571430
0.128671 -0.108588 0.570735
0.133334 -0.103408 0.573640
0.131083 -0.104133 0.570451
0.128671 -0.105374 0.576932
0.140226 -0.106189 0.571341
0.132495 -0.105691 0.571207
0.135069 -0.107215 0.573939
0.132192 -0.106230 0.575272
0.135451 -0.106011 0.570564
0.133007 -0.105867 0.575441
0.135255 -0.103935 0.575040
0.134124 -0.104885 0.573109
0.135650 -0.106044 0.577772
0.139151 -0.105967 0.579332
0.134500 -0.104137 0.574817
0.135519 -0.104219 0.581361
0.137615 -0.106732 0.579972
0.137026 -0.104509 0.577428
0.142288 -0.102791 0.577295
0.137004 -0.104267 0.580809
0.136180 -0.106473 0.578444
0.136561 -0.107320 0.579559
0.138056 -0.105304 0.578555
0.138217 -0.102326 0.578509
0.135025 -0.108959 0.579252
0.138256 -0.105541 0.582654
0.142101 -0.103796 0.581688
0.138898 -0.105660 0.583202
0.138231 -0.105526 0.579429
0.140109 -0.106346 0.579837
0.138825 -0.103635 0.585356
0.139265 -0.103569 0.582530
0.138299 -0.106297 0.582752
0.140641 -0.107293 0.585122
0.138616 -0.107020 0.583586
0.138817 -0.106135 0.587755
0.142445 -0.105943 0.584798
0.140095 -0.106575 0.587601
0.139401 -0.113146 0.584234
0.142909 -0.107101 0.591067
0.138036 -0.104198 0.589359
0.141232 -0.105534 0.590849
0.140925 -0.105893 0.587944
0.142237 -0.109859 0.591098
0.139545 -0.106020 0.590212
0.145356 -0.105288 0.590714
0.141251 -0.105409 0.591157
0.142500 -0.103758 0.588204
0.143002 -0.105480 0.594006
0.142731 -0.110031 0.590535
0.147775 -0.105835 0.592889
0.140858 -0.107905 0.592131
0.142972 -0.103502 0.594223
0.142318 -0.104557 0.593114
0.140549 -0.104659 0.596383
0.143092 -0.103475 0.596910
0.141954 -0.107300 0.594830
0.139409 -0.105973 0.595696
0.141071 -0.103433 0.596955
0.144995 -0.104130 0.595442
0.147063 -0.104720 0.597414
0.143028 -0.104880 0.594987
0.141245 -0.106453 0.597224
0.144614 -0.105581 0.597971
0.141088 -0.106771 0.599853
0.142058 -0.105921 0.599854
0.145244 -0.105823 0.599906
0.145804 -0.105108 0.603223
0.142810 -0.107142 0.601986
0.142379 -0.106723 0.599804
0.140031 -0.105941 0.603490
0.142748 -0.108005 0.605323
0.143409 -0.105325 0.602673
0.140299 -0.104661 0.609929
0.140022 -0.102969 0.607119
0.139126 -0.105891 0.606500
0.142561 -0.103030 0.609046
0.138668 -0.102123 0.605094
0.140158 -0.104836 0.605933
0.139683 -0.103718 0.607472
0.138883 -0.103279 0.608309
0.141737 -0.106206 0.605258
0.141795 -0.105156 0.607272
0.139536 -0.104880 0.608614
0.140739 -0.104156 0.610635
0.143525 -0.101904 0.609781
0.142460 -0.105989 0.610677
0.138284 -0.101911 0.611669
0.140803 -0.108441 0.612381
0.140157 -0.104894 0.611192
0.140304 -0.107018 0.612352
0.139977 -0.103477 0.611979
0.138640 -0.102140 0.611790
0.139837 -0.106891 0.614256
0.140959 -0.104763 0.618526
0.143678 -0.107143 0.612559
0.143139 -0.105745 0.616652
0.138950 -0.106120 0.613720
0.135484 -0.104486 0.616847
0.136544 -0.104761 0.616326
0.137510 -0.105093 0.615707
0.136922 -0.106364 0.617956
0.138699 -0.104255 0.618865
0.133800 -0.109027 0.620066
0.138153 -0.105873 0.617413
0.136769 -0.104701 0.618461
0.138156 -0.102851 0.621612
0.138326 -0.102684 0.621379
0.138149 -0.103704 0.619726
0.137569 -0.100236 0.622313
0.133657 -0.106887 0.621916
0.135378 -0.105956 0.619219
0.133521 -0.106310 0.620825
0.137910 -0.106978 0.622958
0.135555 -0.105521 0.622087
0.135524 -0.105576 0.624551
0.134084 -0.105291 0.627393
0.136683 -0.103780 0.624408
0.136471 -0.103554 0.624087
0.134104 -0.102046 0.627671
0.134414 -0.104040 0.622357
0.134831 -0.104878 0.625565
0.135843 -0.105749 0.624712
0.130861 -0.105331 0.626733
0.133788 -0.103862 0.630358
0.132275 -0.104161 0.628236
0.132491 -0.104206 0.630001
0.130351 -0.104540 0.629010
0.132456 -0.104032 0.629043
0.130573 -0.106571 0.629873
0.127058 -0.101880 0.630565
0.128519 -0.105544 0.632008
0.130704 -0.104042 0.628950
0.132381 -0.104601 0.628644
0.128686 -0.105885 0.631965
0.128165 -0.106340 0.630096
0.127442 -0.106114 0.631392
0.126086 -0.100315 0.632807
0.129577 -0.103146 0.634339
0.128230 -0.103181 0.637859
0.124241 -0.108047 0.634312
0.119488 -0.106199 0.636234
0.122991 -0.103706 0.631128
0.128291 -0.107244 0.633961
0.124911 -0.106653 0.634506
0.124289 -0.105253 0.636784
0.122698 -0.105819 0.635195
0.123018 -0.101206 0.633756
0.125259 -0.105322 0.636430
0.122017 -0.105659 0.639689
0.124011 -0.106912 0.633430
0.122132 -0.106525 0.637412
0.118396 -0.104679 0.635036
0.124113 -0.105050 0.639067
0.123925 -0.103502 0.559545
0.121455 -0.105212 0.563316
0.123677 -0.099281 0.564446
0.121335 -0.102162 0.562720
0.124972 -0.101994 0.567240
0.125587 -0.100332 0.563559
0.126712 -0.102199 0.565459
0.126219 -0.100045 0.564256
0.128153 -0.104209 0.568596
0.126327 -0.102572 0.564546
0.128628 -0.099003 0.567714
0.122498 -0.100705 0.562349
0.127452 -0.104353 0.567162
0.130025 -0.104112 0.566511
0.125732 -0.103189 0.564508
0.130775 -0.100035 0.569572
0.126477 -0.102468 0.571208
0.129845 -0.102882 0.571713
0.130084 -0.100255 0.570984
0.129451 -0.102329 0.569560
0.126861 -0.104047 0.566906
0.129712 -0.103454 0.568448
0.129970 -0.101443 0.570119
0.131502 -0.101795 0.571805
0.130273 -0.099769 0.572428
0.131110 -0.101605 0.570574
0.130299 -0.102762 0.569644
0.129152 -0.102724 0.573067
0.130945 -0.105114 0.568898
0.131319 -0.102343 0.573879
0.134123 -0.101401 0.572371
0.129509 -0.101190 0.571029
0.134441 -0.102076 0.575039
0.136913 -0.101923 0.575212
0.136153 -0.101701 0.578721
0.131756 -0.101952 0.571666
0.139004 -0.099458 0.578107
0.135855 -0.101578 0.575023
0.131479 -0.100708 0.578025
0.134310 -0.103520 0.580462
0.134283 -0.099310 0.575613
0.136820 -0.104757 0.581675
0.137087 -0.101991 0.579582
0.134752 -0.100571 0.578832
0.133478 -0.100065 0.579320
0.137183 -0.103267 0.580315
0.137781 -0.104662 0.576492
0.137284 -0.102379 0.577783
0.137582 -0.105994 0.581116
0.135281 -0.104870 0.581173
0.142155 -0.098766 0.581415
0.137601 -0.103542 0.583933
0.139445 -0.101087 0.583528
0.141476 -0.102002 0.582119
0.138507 -0.100138 0.583007
0.143541 -0.103205 0.580020
0.137775 -0.098271 0.585813
0.139700 -0.105474 0.582895
0.138410 -0.100387 0.582836
0.137685 -0.104712 0.583122
0.141429 -0.100947 0.586705
0.140484 -0.102693 0.586696
0.139163 -0.104262 0.586648
0.141234 -0.103235 0.589342
0.142990 -0.102662 0.586375
0.140080 -0.102663 0.586582
0.141931 -0.102412 0.590674
0.141235 -0.104232 0.586082
0.140170 -0.102699 0.589257
0.143276 -0.100411 0.592312
0.142840 -0.105195 0.593971
0.140479 -0.099514 0.590966
0.138584 -0.101871 0.587102
0.139135 -0.102457 0.589235
0.140792 -0.099972 0.591932
0.140732 -0.102388 0.594467
0.139283 -0.098293 0.595315
0.141394 -0.101482 0.592686
0.142916 -0.102826 0.593910
0.142350 -0.103668 0.592911
0.144957 -0.103856 0.593049
0.143930 -0.103786 0.593234
0.138051 -0.103028 0.594018
0.142498 -0.098941 0.596793
0.144717 -0.099709 0.597859
0.142629 -0.099607 0.595171
0.141768 -0.100439 0.601218
0.143847 -0.099700 0.596922
0.141248 -0.099430 0.595429
0.143149 -0.097685 0.598447
0.141344 -0.102394 0.599850
0.143164 -0.101117 0.601181
0.142827 -0.105030 0.598472
0.144543 -0.101003 0.600138
0.141948 -0.101653 0.605023
0.143173 -0.100565 0.602934
0.141147 -0.097777 0.602540
0.145877 -0.102426 0.601913
0.142543 -0.101977 0.603129
0.141293 -0.101692 0.604394
0.142613 -0.102845 0.605291
0.142166 -0.100595 0.605087
0.141031 -0.100875 0.606364
0.143748 -0.105918 0.608344
0.142096 -0.101903 0.610382
0.143865 -0.100835 0.608921
0.143577 -0.098981 0.607481
0.141586 -0.101512 0.605320
0.139073 -0.102072 0.608275
0.141922 -0.104186 0.609136
0.141060 -0.101035 0.609947
0.140492 -0.100613 0.608259
0.136822 -0.104183 0.609232
0.141937 -0.106323 0.605187
0.139382 -0.102056 0.614735
0.140443 -0.102652 0.612448
0.140295 -0.104841 0.617820
0.142507 -0.100210 0.611630
0.140641 -0.101625 0.619844
0.138576 -0.103705 0.613152
0.143869 -0.098839 0.616400
0.139977 -0.102564 0.612608
0.138136 -0.100336 0.615411
0.138804 -0.101192 0.613809
0.140228 -0.098602 0.618039
0.139822 -0.104096 0.617228
0.140306 -0.101643 0.616905
0.140900 -0.098710 0.616734
0.137266 -0.103130 0.616325
0.137008 -0.099692 0.620507
0.137227 -0.103545 0.620676
0.134893 -0.102795 0.621870
0.134942 -0.100396 0.619585
0.133554 -0.100165 0.621496
0.135501 -0.102706 0.619353
0.139372 -0.102403 0.621307
0.135009 -0.100055 0.622184
0.135264 -0.102502 0.624106
0.137475 -0.100373 0.624966
0.135242 -0.098994 0.624519
0.134270 -0.101130 0.618289
0.136030 -0.103331 0.627234
0.135075 -0.102244 0.626781
0.136256 -0.100983 0.625504
0.136542 -0.101218 0.624104
0.134112 -0.101194 0.624131
0.135860 -0.099996 0.625023
0.130115 -0.102216 0.626382
0.131687 -0.100635 0.626658
0.134745 -0.104765 0.626985
0.135672 -0.104887 0.630197
0.131497 -0.098066 0.625499
0.133509 -0.100765 0.623520
0.129304 -0.102491 0.630261
0.129166 -0.099767 0.631166
0.126831 -0.101992 0.634929
0.131270 -0.101283 0.632132
0.130621 -0.103129 0.631695
0.131590 -0.099909 0.628124
0.128253 -0.102120 0.631228
0.129290 -0.105892 0.632734
0.124837 -0.098684 0.632906
0.126335 -0.103299 0.629839
0.129100 -0.104277 0.631960
0.126811 -0.100288 0.628993
0.126318 -0.101665 0.633566
0.128134 -0.102243 0.628947
0.129349 -0.101658 0.634673
0.124266 -0.101580 0.628408
0.124694 -0.102073 0.631866
0.121835 -0.098426 0.635032
0.123812 -0.103207 0.633573
0.123945 -0.101583 0.633726
0.124282 -0.105335 0.636822
0.119686 -0.102169 0.636398
0.121886 -0.103242 0.636647
0.123148 -0.100602 0.635599
0.123605 -0.098340 0.636397
0.122730 -0.100268 0.635960
0.120744 -0.102679 0.638247
0.119964 -0.097999 0.562562
0.118007 -0.095652 0.562406
0.123977 -0.098149 0.564553
0.120163 -0.099263 0.562926
0.122081 -0.101140 0.563118
0.126048 -0.099718 0.563807
0.122727 -0.096132 0.564423
0.121747 -0.100016 0.563295
0.127228 -0.097623 0.565368
0.130328 -0.097990 0.566061
0.128403 -0.102284 0.564713
0.119146 -0.095609 0.564735
0.124202 -0.094826 0.567789
0.126745 -0.096277 0.568486
0.131444 -0.099545 0.570336
0.128124 -0.098634 0.565352
0.130883 -0.098795 0.568941
0.128851 -0.096150 0.566078
0.132023 -0.101301 0.568682
0.129766 -0.096832 0.568408
0.129551 -0.099370 0.565983
0.128090 -0.096004 0.568869
0.133707 -0.097279 0.567881
0.132615 -0.101835 0.572321
0.133651 -0.097441 0.572906
0.128852 -0.098187 0.573579
0.132200 -0.098210 0.574042
0.135958 -0.096288 0.570775
0.131565 -0.098909 0.572687
0.131272 -0.099042 0.572751
0.132042 -0.099608 0.568502
0.130030 -0.095121 0.572218
0.133073 -0.098619 0.575054
0.132290 -0.098408 0.573362
0.133627 -0.101248 0.573576
0.129572 -0.099497 0.571281
0.136763 -0.097934 0.575811
0.134456 -0.097163 0.576210
0.135290 -0.098005 0.575621
0.135440 -0.097986 0.572672
0.137724 -0.097385 0.577633
0.135985 -0.097213 0.575924
0.135767 -0.100372 0.581163
0.133002 -0.095339 0.578060
0.134520 -0.099315 0.579928
0.135492 -0.095650 0.580363
0.138355 -0.095118 0.582998
0.135553 -0.099855 0.582149
0.138035 -0.098807 0.580672
0.140289 -0.095976 0.578627
0.138387 -0.097879 0.581448
0.142065 -0.098897 0.579837
0.137705 -0.096540 0.586108
0.135793 -0.098200 0.585566
0.140425 -0.096772 0.582938
0.143163 -0.097689 0.585043
0.139044 -0.095559 0.582197
0.139462 -0.098545 0.585595
0.141775 -0.100899 0.583604
0.137519 -0.101150 0.582736
0.137414 -0.097605 0.585296
0.140054 -0.097921 0.583925
0.141705 -0.098608 0.587165
0.144205 -0.100864 0.585606
0.141933 -0.101910 0.586677
0.139198 -0.100315 0.585480
0.141638 -0.096331 0.589638
0.141477 -0.098434 0.589411
0.140515 -0.098821 0.586823
0.138665 -0.095618 0.592635
0.141419 -0.096180 0.588511
0.140716 -0.098238 0.591452
0.144355 -0.097751 0.590534
0.143469 -0.096647 0.587153
0.141165 -0.098818 0.592160
0.139511 -0.095033 0.593069
0.138939 -0.101259 0.593887
0.143512 -0.100694 0.593480
0.139429 -0.100319 0.592228
0.141325 -0.096146 0.596391
0.142761 -0.099220 0.595222
0.144275 -0.098598 0.596036
0.140975 -0.102256 0.599803
0.140872 -0.101034 0.598737
0.140064 -0.097539 0.593901
0.142130 -0.099603 0.597171
0.145313 -0.097975 0.598483
0.142615 -0.102196 0.597861
0.143426 -0.100348 0.598942
0.140676 -0.098084 0.600830
0.140228 -0.097488 0.602359
0.138227 -0.098217 0.598792
0.142672 -0.099434 0.598175
0.141070 -0.097342 0.601069
0.145231 -0.101312 0.595703
0.143420 -0.101410 0.602341
0.140586 -0.094272 0.602595
0.143083 -0.098292 0.605125
0.142056 -0.098462 0.603448
0.144491 -0.097420 0.605030
0.141958 -0.099588 0.603578
0.141054 -0.100944 0.604176
0.138913 -0.098498 0.605054
0.140443 -0.099087 0.609737
0.140735 -0.097253 0.607562
0.143909 -0.098665 0.604217
0.141996 -0.098213 0.610366
0.139643 -0.101484 0.609624
0.141338 -0.102771 0.607365
0.136714 -0.094997 0.606779
0.141361 -0.101023 0.609107
0.141020 -0.098487 0.610401
0.140014 -0.100968 0.608737
0.142390 -0.101425 0.611043
0.144532 -0.099942 0.611984
0.141220 -0.099837 0.609766
0.141623 -0.094841 0.613064
0.142002 -0.098708 0.612028
0.141933 -0.100203 0.615337
0.141135 -0.099187 0.617047
0.139766 -0.100589 0.614810
0.138913 -0.096786 0.617315
0.140586 -0.099006 0.617350
0.139897 -0.099082 0.616393
0.138098 -0.100754 0.616743
0.135239 -0.097065 0.616536
0.137281 -0.100629 0.618425
0.136920 -0.099462 0.617854
0.137516 -0.097706 0.617590
0.138362 -0.099423 0.618129
0.140226 -0.096413 0.620464
0.138091 -0.101649 0.618110
0.136570 -0.099999 0.623111
0.134950 -0.101363 0.620028
0.136373 -0.100321 0.623847
0.138074 -0.098260 0.620112
0.139451 -0.103454 0.622074
0.134060 -0.102489 0.623347
0.137078 -0.097563 0.625094
0.132030 -0.097426 0.624965
0.136146 -0.102480 0.624003
0.134824 -0.098775 0.623341
0.132882 -0.101175 0.624100
0.131488 -0.103936 0.620038
0.134965 -0.100328 0.629627
0.132543 -0.097238 0.629260
0.135299 -0.097806 0.630264
0.134576 -0.100429 0.630494
0.131614 -0.097983 0.624897
0.132680 -0.102022 0.626133
0.131569 -0.099568 0.628028
0.129924 -0.097601 0.626933
0.133464 -0.099560 0.631052
0.134160 -0.099779 0.629842
0.128955 -0.103077 0.626039
0.128040 -0.096950 0.630096
0.130420 -0.097450 0.630654
0.130006 -0.098138 0.629445
0.130426 -0.099727 0.632514
0.129262 -0.100540 0.630327
0.130249 -0.097767 0.632727
0.128823 -0.098784 0.632598
0.126938 -0.096029 0.631919
0.126124 -0.099838 0.632894
0.126424 -0.096265 0.631157
0.127604 -0.100718 0.635530
0.128947 -0.099226 0.631649
0.127220 -0.100324 0.636803
0.127198 -0.098256 0.634221
0.124724 -0.101385 0.633758
0.124385 -0.100693 0.630842
0.125080 -0.099479 0.630999
0.122268 -0.100651 0.638101
0.124748 -0.099870 0.631527
0.125235 -0.098459 0.635379
0.123831 -0.100354 0.634147
0.118863 -0.097682 0.638969
0.122918 -0.098694 0.637530
0.122043 -0.095469 0.637144
0.122661 -0.100496 0.637452
0.121015 -0.095945 0.562617
0.122062 -0.096311 0.561656
0.119309 -0.095115 0.566915
0.117521 -0.096780 0.567122
0.123775 -0.097100 0.563499
0.123558 -0.095784 0.564395
0.124269 -0.096180 0.564892
0.123511 -0.098814 0.564782
0.125747 -0.097125 0.566992
0.127917 -0.093585 0.567615
0.122367 -0.093541 0.566756
0.125607 -0.094696 0.564972
0.126781 -0.097825 0.568661
0.132538 -0.094470 0.569170
0.125913 -0.091809 0.565474
0.127390 -0.093841 0.566026
0.127888 -0.093551 0.574537
0.129893 -0.093231 0.566876
0.132085 -0.097608 0.571569
0.129032 -0.097807 0.568549
0.129734 -0.094552 0.569667
0.129865 -0.094542 0.567381
0.130398 -0.096476 0.567867
0.128659 -0.098380 0.567484
0.130213 -0.093846 0.574049
0.129928 -0.093648 0.573972
0.132426 -0.094298 0.572005
0.135184 -0.093955 0.570991
0.131924 -0.097674 0.574604
0.132847 -0.094319 0.572629
0.133808 -0.094399 0.575123
0.125711 -0.097439 0.574568
0.136157 -0.093905 0.569729
0.133251 -0.091281 0.571931
0.134878 -0.094790 0.570675
0.134109 -0.095252 0.572933
0.133196 -0.092974 0.574827
0.135494 -0.090331 0.573449
0.134534 -0.095139 0.575133
0.134127 -0.094575 0.576146
0.136305 -0.095055 0.580704
0.134598 -0.094601 0.577520
0.135303 -0.100386 0.579451
0.138666 -0.093850 0.575997
0.139350 -0.093744 0.579584
0.136938 -0.095389 0.576508
0.140755 -0.092276 0.579232
0.140806 -0.095697 0.577279
0.137748 -0.096999 0.578481
0.141214 -0.099099 0.580025
0.135357 -0.092086 0.578390
0.137234 -0.094662 0.584432
0.137586 -0.096747 0.582402
0.136415 -0.094781 0.582666
0.141023 -0.095268 0.582912
0.138080 -0.095075 0.584116
0.138083 -0.099029 0.583855
0.140949 -0.095909 0.582950
0.138456 -0.096479 0.581481
0.135696 -0.096668 0.585186
0.136698 -0.094571 0.585673
0.140412 -0.096483 0.582394
0.141503 -0.097868 0.588573
0.139732 -0.094441 0.584801
0.142529 -0.093925 0.589018
0.142638 -0.093787 0.589225
0.142071 -0.094436 0.587401
0.140710 -0.090615 0.587195
0.141686 -0.093230 0.590504
0.142975 -0.094265 0.589840
0.143935 -0.096012 0.587292
0.140400 -0.099327 0.590575
0.138906 -0.094326 0.595340
0.146138 -0.093308 0.589520
0.143723 -0.096265 0.594874
0.140419 -0.094892 0.593259
0.140866 -0.095076 0.597427
0.143223 -0.092115 0.600548
0.142169 -0.097200 0.592322
0.142222 -0.098018 0.594859
0.139841 -0.093636 0.597782
0.142140 -0.095372 0.595219
0.142702 -0.094467 0.599350
0.142870 -0.095756 0.594891
0.140749 -0.097274 0.596053
0.143135 -0.098334 0.594918
0.139700 -0.094663 0.597448
0.142264 -0.092631 0.595027
0.141936 -0.095802 0.601057
0.143118 -0.096458 0.598297
0.140429 -0.094216 0.597521
0.141059 -0.095381 0.601608
0.142043 -0.096854 0.600574
0.141775 -0.095561 0.601327
0.144956 -0.095034 0.602989
0.141955 -0.090479 0.604006
0.139784 -0.092620 0.600031
0.138668 -0.093946 0.600626
0.141840 -0.095644 0.605542
0.140861 -0.092944 0.604595
0.141779 -0.095077 0.607186
0.141889 -0.096349 0.608733
0.138902 -0.093463 0.607654
0.142290 -0.097983 0.604707
0.137902 -0.093695 0.606675
0.143357 -0.094049 0.605670
0.142386 -0.092824 0.607628
0.140894 -0.093995 0.606394
0.140088 -0.095293 0.609123
0.139723 -0.096277 0.607156
0.143493 -0.092083 0.611001
0.137018 -0.094207 0.610779
0.140058 -0.100351 0.611963
0.142001 -0.095235 0.614488
0.137046 -0.091256 0.613244
0.136522 -0.097225 0.617560
0.141703 -0.095622 0.612439
0.140583 -0.094054 0.614717
0.141454 -0.096967 0.613285
0.141047 -0.092466 0.616323
0.140109 -0.097843 0.612661
0.139463 -0.097626 0.611919
0.141756 -0.096540 0.617939
0.141077 -0.092443 0.613756
0.134679 -0.097018 0.616930
0.136763 -0.093557 0.615353
0.137671 -0.095635 0.617212
0.138818 -0.094657 0.619783
0.141329 -0.096475 0.621991
0.136635 -0.093194 0.619492
0.140420 -0.097240 0.620702
0.138222 -0.093187 0.619684
0.138037 -0.093975 0.619542
0.142160 -0.096945 0.623277
0.138023 -0.093190 0.620419
0.133461 -0.094220 0.623903
0.133529 -0.094998 0.616075
0.140277 -0.094050 0.622242
0.135037 -0.092846 0.619706
0.135404 -0.091872 0.623207
0.132830 -0.094015 0.623747
0.135410 -0.097838 0.623671
0.133416 -0.096166 0.622523
0.136652 -0.092479 0.627757
0.130339 -0.096749 0.623519
0.131690 -0.093138 0.624132
0.134503 -0.096261 0.628528
0.135145 -0.096944 0.627376
0.131595 -0.096377 0.625403
0.134582 -0.096165 0.625106
0.131485 -0.094345 0.627303
0.134800 -0.097627 0.629847
0.131235 -0.092873 0.631656
0.129483 -0.095653 0.627935
0.133593 -0.096458 0.627823
0.132158 -0.096592 0.630057
0.130418 -0.094188 0.627150
0.131336 -0.096397 0.632138
0.127691 -0.096335 0.629704
0.126769 -0.093773 0.634706
0.130751 -0.095737 0.632922
0.127662 -0.097520 0.630960
0.127636 -0.095239 0.631497
0.127206 -0.097807 0.630066
0.127810 -0.097112 0.631778
0.127913 -0.097375 0.633835
0.128342 -0.093221 0.632818
0.126662 -0.094420 0.633012
0.125690 -0.095411 0.634134
0.124740 -0.094380 0.633177
0.124945 -0.097672 0.632969
0.125687 -0.091354 0.637507
0.126952 -0.093933 0.633323
0.124061 -0.092873 0.639077
0.120296 -0.096138 0.632661
0.121986 -0.095352 0.634775
0.121888 -0.095469 0.635975
0.123931 -0.094417 0.637834
0.117866 -0.095227 0.630272
0.117064 -0.094527 0.636570
0.121217 -0.094344 0.563098
0.120495 -0.088980 0.562479
0.125561 -0.095436 0.563307
0.123443 -0.091434 0.564796
0.122821 -0.090145 0.565149
0.123917 -0.093635 0.565511
0.126237 -0.090538 0.564213
0.123148 -0.092255 0.565784
0.124629 -0.093374 0.565035
0.125816 -0.092389 0.570677
0.126855 -0.095780 0.567234
0.126603 -0.093131 0.565233
0.128621 -0.093068 0.568876
0.127785 -0.091347 0.565879
0.122223 -0.090171 0.564526
0.129314 -0.092548 0.565028
0.128705 -0.091935 0.566702
0.129815 -0.094641 0.567576
0.131965 -0.090894 0.567084
0.132562 -0.089687 0.572289
0.128781 -0.091061 0.569068
0.132717 -0.091147 0.569956
0.130410 -0.093612 0.567235
0.130746 -0.092269 0.568540
0.129855 -0.089898 0.569531
0.129693 -0.093749 0.568364
0.134049 -0.091780 0.568828
0.130195 -0.092843 0.568801
0.131580 -0.093047 0.570900
0.130693 -0.093890 0.574546
0.135639 -0.094436 0.571898
0.133872 -0.090611 0.572032
0.134105 -0.095971 0.571977
0.134965 -0.092855 0.571974
0.133342 -0.094631 0.572675
0.136169 -0.089808 0.576114
0.135406 -0.091911 0.571831
0.137120 -0.092941 0.575012
0.132015 -0.090446 0.575144
0.132280 -0.090779 0.581181
0.133360 -0.091293 0.575402
0.136871 -0.096015 0.577794
0.141677 -0.093993 0.579249
0.135616 -0.090316 0.577791
0.137597 -0.091600 0.575953
0.136579 -0.093111 0.575280
0.137376 -0.090300 0.579916
0.136604 -0.090959 0.578165
0.137080 -0.088411 0.579844
0.136886 -0.089207 0.581110
0.136691 -0.090887 0.580174
0.135836 -0.089436 0.582413
0.140283 -0.093545 0.582716
0.137489 -0.094313 0.583176
0.139369 -0.095236 0.584465
0.136039 -0.094785 0.581770
0.145491 -0.091543 0.582765
0.140428 -0.091778 0.584554
0.141842 -0.087636 0.585659
0.134977 -0.091737 0.582683
0.141475 -0.094269 0.583647
0.140110 -0.089408 0.587090
0.139902 -0.093711 0.583663
0.143888 -0.090387 0.585401
0.140688 -0.092076 0.589643
0.140598 -0.092128 0.589124
0.140630 -0.095542 0.591020
0.142529 -0.087913 0.588176
0.139985 -0.094563 0.588979
0.141261 -0.091821 0.592877
0.139859 -0.092324 0.590487
0.142265 -0.093937 0.589785
0.140753 -0.092080 0.592561
0.139599 -0.089113 0.592843
0.141795 -0.091311 0.590533
0.145283 -0.089259 0.591667
0.144658 -0.091051 0.589963
0.139506 -0.092791 0.596231
0.140545 -0.090887 0.593039
0.140775 -0.093686 0.595572
0.142748 -0.090273 0.594224
0.146008 -0.092449 0.591894
0.144824 -0.090488 0.596731
0.144027 -0.090841 0.597224
0.143436 -0.092621 0.596148
0.143656 -0.094779 0.600295
0.138928 -0.094106 0.593355
0.143806 -0.092632 0.599517
0.144526 -0.093812 0.601245
0.140904 -0.088516 0.599955
0.143073 -0.089656 0.600303
0.141690 -0.090911 0.603564
0.137134 -0.091962 0.600641
0.141002 -0.093592 0.602402
0.142813 -0.090721 0.601210
0.142760 -0.091881 0.602609
0.142674 -0.089775 0.603800
0.142052 -0.091396 0.606664
0.138040 -0.093888 0.605115
0.142314 -0.095594 0.606650
0.140219 -0.092828 0.604381
0.140813 -0.092813 0.608453
0.140037 -0.091341 0.606559
0.141024 -0.091142 0.608417
0.139229 -0.091028 0.607736
0.140524 -0.092885 0.611154
0.139276 -0.089146 0.608094
0.141561 -0.095483 0.607931
0.141324 -0.093988 0.607247
0.142847 -0.092290 0.608255
0.140781 -0.087734 0.606968
0.140567 -0.092297 0.608109
0.142389 -0.094292 0.610165
0.140041 -0.094813 0.611390
0.141767 -0.091305 0.611838
0.139637 -0.092071 0.613039
0.141694 -0.090336 0.611266
0.139342 -0.093145 0.612439
0.140652 -0.090538 0.612438
0.141019 -0.089743 0.611387
0.137527 -0.090620 0.614352
0.142018 -0.094530 0.616241
0.138850 -0.090801 0.615863
0.141197 -0.092383 0.616344
0.141205 -0.090680 0.615697
0.136979 -0.094063 0.618843
0.139661 -0.094066 0.613853
0.139481 -0.091640 0.617770
0.138833 -0.093091 0.617459
0.136904 -0.090868 0.620639
0.139785 -0.091058 0.618072
0.135744 -0.089810 0.618588
0.138591 -0.092340 0.623343
0.139349 -0.087530 0.619124
0.136419 -0.092360 0.619322
0.138927 -0.092639 0.625040
0.135770 -0.091539 0.624331
0.137610 -0.092394 0.617862
0.134692 -0.090373 0.619579
0.133821 -0.091952 0.624151
0.136892 -0.089033 0.622271
0.133335 -0.091749 0.624209
0.133312 -0.092046 0.623735
0.132152 -0.094276 0.624770
0.133887 -0.091123 0.623959
0.131610 -0.089171 0.625917
0.132614 -0.094156 0.625271
0.136179 -0.092689 0.622430
0.133862 -0.092164 0.627433
0.133984 -0.089090 0.628262
0.129981 -0.091119 0.625840
0.130780 -0.091435 0.630677
0.131263 -0.092947 0.624961
0.133981 -0.089843 0.630503
0.132163 -0.091923 0.631309
0.130990 -0.093527 0.630559
0.130720 -0.093211 0.630140
0.130238 -0.090417 0.629494
0.129980 -0.088346 0.629142
0.129629 -0.091983 0.634016
0.125872 -0.093194 0.631952
0.129936 -0.089604 0.630328
0.131375 -0.093594 0.630416
0.126160 -0.092973 0.631893
0.126886 -0.089801 0.631950
0.131503 -0.094968 0.636474
0.126327 -0.090324 0.626879
0.129047 -0.093190 0.633999
0.127031 -0.090836 0.632701
0.127344 -0.094009 0.634442
0.125615 -0.088645 0.636140
0.123776 -0.089960 0.631979
0.123949 -0.093219 0.637385
0.124527 -0.093508 0.635200
0.124837 -0.091623 0.637587
0.122995 -0.092672 0.639299
0.121771 -0.093058 0.638096
0.122309 -0.091857 0.637462
0.122585 -0.093015 0.636106
0.118597 -0.092360 0.637770
0.123320 -0.088827 0.562707
0.128158 -0.088584 0.561287
0.117951 -0.088885 0.564150
0.122419 -0.087281 0.563745
0.122260 -0.085613 0.563319
0.123492 -0.089508 0.561864
0.124892 -0.087588 0.565908
0.124272 -0.090187 0.565831
0.125152 -0.086993 0.566799
0.123212 -0.088638 0.567892
0.125248 -0.086567 0.562966
0.126286 -0.088686 0.567238
0.127458 -0.090366 0.564723
0.125721 -0.091560 0.567053
0.125130 -0.087138 0.566647
0.124377 -0.091473 0.568058
0.126440 -0.086472 0.567452
0.125300 -0.089902 0.569786
0.125614 -0.088512 0.566184
0.128879 -0.089597 0.565496
0.128650 -0.086015 0.567572
0.126325 -0.089300 0.570324
0.133114 -0.088365 0.570258
0.126290 -0.088892 0.572275
0.131938 -0.088070 0.572249
0.133513 -0.086851 0.568675
0.128444 -0.087881 0.570201
0.133865 -0.088430 0.572806
0.129865 -0.089397 0.573668
0.130419 -0.089818 0.574348
0.129795 -0.086815 0.569881
0.131993 -0.089432 0.575949
0.134031 -0.088703 0.574030
0.129180 -0.091586 0.574077
0.131114 -0.086910 0.575817
0.132056 -0.091659 0.573762
0.135854 -0.090085 0.574610
0.135043 -0.086744 0.576619
0.134477 -0.088397 0.572668
0.136111 -0.085725 0.574158
0.134575 -0.087223 0.579120
0.137072 -0.088294 0.578127
0.135117 -0.085629 0.575841
0.134622 -0.089650 0.577422
0.138206 -0.089713 0.578809
0.138132 -0.086472 0.579083
0.134648 -0.087886 0.581038
0.141680 -0.088077 0.580032
0.138248 -0.091654 0.581310
0.138649 -0.087820 0.580853
0.140761 -0.091462 0.579722
0.136021 -0.093042 0.582444
0.137943 -0.089412 0.582617
0.137989 -0.082438 0.580458
0.137627 -0.088811 0.583321
0.140109 -0.086973 0.583766
0.137597 -0.087769 0.584139
0.138635 -0.089818 0.582709
0.140398 -0.089120 0.583180
0.142708 -0.090507 0.587525
0.139760 -0.086256 0.587666
0.139619 -0.085466 0.584915
0.142310 -0.091318 0.588071
0.141944 -0.090546 0.584793
0.139070 -0.087912 0.588404
0.138589 -0.091423 0.592788
0.140098 -0.089753 0.591820
0.141256 -0.089091 0.590536
0.143670 -0.091727 0.588202
0.142290 -0.089213 0.590006
0.139342 -0.087089 0.590582
0.143706 -0.092004 0.588605
0.143364 -0.089369 0.592437
0.141860 -0.084892 0.593313
0.140411 -0.087948 0.589429
0.143599 -0.089136 0.593473
0.141832 -0.088149 0.595295
0.142803 -0.087247 0.593229
0.139092 -0.087414 0.593470
0.142121 -0.088691 0.596444
0.141279 -0.086456 0.595608
0.146057 -0.087439 0.596395
0.139741 -0.085364 0.594921
0.141816 -0.087872 0.596526
0.143187 -0.089850 0.594593
0.145240 -0.085823 0.600106
0.142095 -0.087432 0.597000
0.146999 -0.089271 0.598713
0.141879 -0.089272 0.600833
0.140909 -0.088863 0.602021
0.144604 -0.088244 0.602936
0.140852 -0.089014 0.601625
0.142461 -0.087544 0.603679
0.142215 -0.090465 0.602651
0.144095 -0.089459 0.600399
0.144039 -0.085413 0.602236
0.138555 -0.086906 0.605985
0.145263 -0.085428 0.604228
0.144719 -0.088254 0.603126
0.139930 -0.088726 0.604999
0.144150 -0.089063 0.605787
0.140132 -0.090087 0.604119
0.140114 -0.088258 0.603715
0.143371 -0.084668 0.612228
0.139554 -0.090739 0.605184
0.138460 -0.085402 0.605549
0.145038 -0.089914 0.606720
0.138180 -0.087015 0.609142
0.144595 -0.091007 0.607688
0.140857 -0.088166 0.609306
0.143898 -0.086644 0.611193
0.137978 -0.086652 0.609873
0.141648 -0.089306 0.613059
0.140659 -0.085200 0.613541
0.143210 -0.087594 0.611589
0.137606 -0.091661 0.610868
0.139637 -0.086863 0.614788
0.141566 -0.091258 0.613235
0.140887 -0.089734 0.616837
0.141836 -0.086955 0.616581
0.139108 -0.091710 0.613909
0.138759 -0.087875 0.609531
0.137884 -0.091238 0.617420
0.136241 -0.090814 0.616500
0.137258 -0.090802 0.617247
0.139235 -0.088874 0.617003
0.139926 -0.089704 0.616784
0.139212 -0.085123 0.618676
0.134848 -0.089559 0.618291
0.137490 -0.084551 0.616722
0.139852 -0.090171 0.621039
0.135987 -0.089556 0.620906
0.138976 -0.084099 0.623584
0.135514 -0.090932 0.624867
0.138283 -0.091134 0.620794
0.137199 -0.088466 0.624518
0.135848 -0.088626 0.616400
0.136278 -0.087374 0.621065
0.141400 -0.087166 0.625259
0.136827 -0.093382 0.622773
0.138917 -0.089134 0.621698
0.134821 -0.088503 0.621948
0.138270 -0.091983 0.624709
0.134994 -0.088979 0.626956
0.133647 -0.086531 0.625044
0.134407 -0.087527 0.628197
0.133057 -0.089656 0.625803
0.133005 -0.088095 0.625260
0.132267 -0.086670 0.625167
0.134049 -0.085130 0.628405
0.131038 -0.088526 0.627794
0.128475 -0.088516 0.630202
0.132548 -0.087068 0.627341
0.134365 -0.088437 0.631145
0.128954 -0.089722 0.628001
0.132083 -0.088536 0.630463
0.132328 -0.091183 0.632402
0.128796 -0.091953 0.632439
0.128555 -0.086004 0.631807
0.134353 -0.089479 0.627148
0.128591 -0.089436 0.630563
0.129086 -0.089955 0.629778
0.126985 -0.086488 0.632712
0.133668 -0.088184 0.628895
0.128775 -0.086597 0.632529
0.124425 -0.087014 0.630644
0.128582 -0.089360 0.631396
0.125821 -0.083668 0.633241
0.123715 -0.084553 0.634645
0.125454 -0.088562 0.634006
0.126938 -0.087197 0.633208
0.126402 -0.088940 0.635654
0.120469 -0.090472 0.635927
0.126109 -0.089558 0.635209
0.124197 -0.087792 0.637698
0.123282 -0.088411 0.636343
0.124279 -0.086059 0.636631
0.122997 -0.088898 0.635017
0.124437 -0.089585 0.634042
0.121106 -0.086460 0.638100
0.121584 -0.084478 0.563890
0.121448 -0.084640 0.563116
0.123131 -0.085373 0.560628
0.121043 -0.084859 0.564455
0.124490 -0.087047 0.564375
0.121912 -0.088440 0.563648
0.124139 -0.085659 0.565984
0.125409 -0.088608 0.568458
0.125703 -0.086407 0.562902
0.125583 -0.085146 0.563976
0.125274 -0.087635 0.563702
0.125096 -0.085509 0.565625
0.127435 -0.083248 0.570432
0.126994 -0.085792 0.565242
0.126782 -0.086707 0.567249
0.130267 -0.082852 0.569458
0.126915 -0.085706 0.569506
0.129077 -0.086475 0.565042
0.128803 -0.083981 0.566966
0.128987 -0.085655 0.566902
0.130129 -0.086708 0.566958
0.126334 -0.086783 0.566466
0.130393 -0.087512 0.568154
0.130467 -0.085900 0.569247
0.131695 -0.082899 0.572150
0.130740 -0.084390 0.569657
0.132869 -0.086304 0.573193
0.132914 -0.086022 0.570065
0.127928 -0.085476 0.571039
0.130862 -0.085027 0.572840
0.134009 -0.085245 0.571852
0.130175 -0.089101 0.573701
0.132393 -0.084796 0.573898
0.133469 -0.084777 0.575031
0.136356 -0.084920 0.576269
0.135277 -0.084323 0.574862
0.135128 -0.086076 0.573387
0.135239 -0.085122 0.581453
0.137635 -0.087460 0.577511
0.135020 -0.086062 0.573236
0.135539 -0.086311 0.575020
0.135454 -0.083283 0.581388
0.137566 -0.089334 0.579418
0.132305 -0.087119 0.580129
0.136638 -0.085240 0.576395
0.135957 -0.085214 0.577016
0.133534 -0.085488 0.578772
0.138152 -0.085536 0.580094
0.134656 -0.086997 0.576274
0.138429 -0.085880 0.581821
0.138956 -0.086155 0.578739
0.136495 -0.085680 0.581047
0.138778 -0.087359 0.583770
0.137378 -0.088833 0.584599
0.139837 -0.085362 0.585012
0.138558 -0.087507 0.583836
0.137773 -0.087609 0.582181
0.136147 -0.085574 0.585792
0.138177 -0.087178 0.585779
0.139128 -0.083082 0.587275
0.139489 -0.084786 0.583199
0.141318 -0.083103 0.587608
0.137179 -0.087720 0.584448
0.140487 -0.085272 0.584655
0.142002 -0.082793 0.591728
0.138171 -0.086181 0.585452
0.141224 -0.083237 0.587443
0.140766 -0.084415 0.590689
0.143101 -0.081736 0.588973
0.140193 -0.088452 0.588400
0.142186 -0.085087 0.592607
0.138164 -0.082626 0.589847
0.142830 -0.083236 0.590863
0.141128 -0.088671 0.591839
0.137923 -0.087994 0.593145
0.146929 -0.088557 0.594159
0.143389 -0.081336 0.593924
0.140843 -0.084797 0.592875
0.138846 -0.086392 0.591843
0.142143 -0.085209 0.591553
0.144311 -0.083334 0.593302
0.142312 -0.082963 0.593245
0.141189 -0.088465 0.595655
0.144608 -0.085332 0.600868
0.142596 -0.084759 0.595729
0.141097 -0.082920 0.597340
0.142765 -0.080800 0.601619
0.141190 -0.086872 0.598721
0.143445 -0.084187 0.601071
0.146602 -0.087028 0.601001
0.142049 -0.085508 0.599749
0.139855 -0.084905 0.597365
0.141401 -0.083311 0.602223
0.138394 -0.087302 0.603689
0.143055 -0.084017 0.601426
0.140736 -0.085279 0.605955
0.147344 -0.084675 0.603216
0.143717 -0.084970 0.601221
0.141052 -0.086188 0.604717
0.144377 -0.086952 0.605343
0.139219 -0.083607 0.605109
0.141548 -0.088817 0.608256
0.144227 -0.088686 0.607045
0.141483 -0.082206 0.605749
0.141644 -0.086311 0.609402
0.145406 -0.084594 0.609469
0.140577 -0.084217 0.611100
0.139684 -0.085155 0.610424
0.138988 -0.082428 0.608758
0.143784 -0.084061 0.611430
0.142696 -0.088251 0.609333
0.141547 -0.082976 0.612530
0.144218 -0.083513 0.610637
0.140948 -0.084142 0.612222
0.139618 -0.087878 0.614447
0.136497 -0.086611 0.609818
0.142690 -0.085872 0.612341
0.141340 -0.081683 0.613141
0.136257 -0.084346 0.614952
0.137693 -0.085496 0.615416
0.141364 -0.086358 0.614078
0.140964 -0.086652 0.616805
0.138003 -0.086616 0.615996
0.137920 -0.084087 0.616661
0.143431 -0.088658 0.616509
0.140015 -0.084365 0.613853
0.136385 -0.085726 0.618254
0.139398 -0.085726 0.615544
0.136798 -0.086003 0.619904
0.139652 -0.083415 0.618517
0.137197 -0.083697 0.619049
0.137113 -0.082984 0.618148
0.139510 -0.086254 0.620130
0.139124 -0.088306 0.621978
0.138288 -0.084330 0.622186
0.134675 -0.084810 0.622829
0.135494 -0.088513 0.620781
0.137464 -0.087213 0.619511
0.135227 -0.086168 0.622054
0.135563 -0.085662 0.622169
0.137649 -0.082665 0.621565
0.137066 -0.084893 0.621267
0.134196 -0.084994 0.622985
0.134346 -0.083332 0.624197
0.134889 -0.084526 0.622813
0.134615 -0.086538 0.625262
0.133765 -0.084515 0.627393
0.132284 -0.087423 0.625301
0.130718 -0.085452 0.625746
0.135582 -0.083468 0.628373
0.132044 -0.085844 0.629092
0.129071 -0.082982 0.626454
0.131278 -0.085074 0.625782
0.132519 -0.086550 0.630625
0.132615 -0.083251 0.629721
0.131180 -0.089973 0.628936
0.130261 -0.085496 0.628195
0.131890 -0.085827 0.631799
0.129517 -0.085817 0.631798
0.126568 -0.083360 0.631113
0.126945 -0.085693 0.633496
0.125721 -0.085253 0.633822
0.128687 -0.083034 0.631722
0.127063 -0.086663 0.632596
0.128735 -0.083735 0.632628
0.125137 -0.084461 0.629796
0.126752 -0.086601 0.633997
0.125990 -0.086693 0.632907
0.123084 -0.078978 0.638644
0.126303 -0.085553 0.632666
0.127408 -0.084391 0.635823
0.124422 -0.085354 0.636703
0.122468 -0.089299 0.639292
0.124562 -0.082754 0.635547
0.123143 -0.086276 0.634065
0.119920 -0.083611 0.633366
0.124627 -0.085265 0.633317
0.121313 -0.085748 0.635465
0.123160 -0.086347 0.634730
0.120376 -0.084184 0.638372
0.121981 -0.082793 0.565773
0.121401 -0.084253 0.563984
0.124195 -0.078788 0.564312
0.126918 -0.082384 0.569155
0.123746 -0.082633 0.559717
0.125070 -0.083482 0.562642
0.130105 -0.084123 0.562605
0.123939 -0.078731 0.564642
0.122104 -0.080798 0.564237
0.125672 -0.081646 0.565827
0.124663 -0.080790 0.564859
0.123825 -0.079520 0.563172
0.123469 -0.082231 0.566449
0.127939 -0.084984 0.565356
0.127347 -0.083878 0.568621
0.124208 -0.082072 0.568752
0.129092 -0.084228 0.564885
0.126584 -0.082298 0.573190
0.127447 -0.082045 0.568266
0.130822 -0.080902 0.568710
0.129733 -0.086003 0.565356
0.131827 -0.079679 0.569738
0.129243 -0.082935 0.564992
0.128684 -0.081832 0.573501
0.129713 -0.080970 0.570993
0.132369 -0.082529 0.574785
0.127922 -0.078775 0.574326
0.131100 -0.081136 0.569651
0.133125 -0.083228 0.573532
0.130024 -0.084887 0.573367
0.134151 -0.080018 0.573294
0.133524 -0.081790 0.573364
0.133256 -0.082122 0.574306
0.133335 -0.079486 0.573547
0.131163 -0.083629 0.570468
0.136083 -0.083932 0.570463
0.132051 -0.079976 0.571985
0.135291 -0.082681 0.575193
0.134394 -0.078817 0.573889
0.133790 -0.079595 0.576857
0.134390 -0.082679 0.575735
0.133460 -0.083232 0.576554
0.136195 -0.083232 0.580274
0.137330 -0.081532 0.575303
0.137705 -0.082744 0.577846
0.136136 -0.083096 0.581880
0.136140 -0.078599 0.579259
0.136264 -0.081146 0.577687
0.138902 -0.083973 0.580089
0.138536 -0.080264 0.582790
0.138374 -0.081109 0.580523
0.139268 -0.080576 0.579135
0.137624 -0.081507 0.580231
0.139765 -0.085395 0.583271
0.136774 -0.082679 0.583676
0.139993 -0.079541 0.584032
0.138318 -0.086310 0.582783
0.139788 -0.084289 0.584369
0.138885 -0.078650 0.582990
0.137412 -0.080446 0.586174
0.137758 -0.076542 0.584219
0.138989 -0.080589 0.587197
0.139985 -0.079500 0.586301
0.139937 -0.081973 0.585020
0.141374 -0.080588 0.584611
0.145131 -0.080749 0.583918
0.145346 -0.081130 0.590076
0.144435 -0.077040 0.589111
0.141061 -0.085893 0.589915
0.138112 -0.088088 0.591796
0.140626 -0.080633 0.591498
0.143505 -0.081013 0.585397
0.140174 -0.080888 0.592776
0.141867 -0.083169 0.592660
0.141047 -0.078213 0.588984
0.139442 -0.081820 0.591873
0.140571 -0.077770 0.596017
0.143131 -0.080522 0.593373
0.142640 -0.078442 0.595147
0.143334 -0.079960 0.592520
0.141054 -0.083912 0.594465
0.140168 -0.083744 0.596042
0.140178 -0.080761 0.595298
0.138426 -0.080674 0.597819
0.142072 -0.082333 0.595221
0.139579 -0.083156 0.600731
0.140106 -0.085215 0.596341
0.138663 -0.079844 0.599463
0.144075 -0.079528 0.603513
0.142256 -0.084444 0.600415
0.145735 -0.079688 0.600869
0.140222 -0.078002 0.602020
0.141194 -0.081364 0.600663
0.141468 -0.080073 0.604596
0.142859 -0.084217 0.602507
0.141473 -0.082480 0.604904
0.141995 -0.081987 0.605451
0.141034 -0.084914 0.607532
0.141411 -0.082021 0.605693
0.140105 -0.082046 0.603816
0.139244 -0.084114 0.605058
0.142050 -0.085207 0.609727
0.142930 -0.085563 0.606979
0.141445 -0.081405 0.607946
0.142697 -0.079074 0.606816
0.142333 -0.084538 0.606348
0.141332 -0.082639 0.607562
0.143148 -0.084943 0.611716
0.143800 -0.082958 0.605581
0.140048 -0.082956 0.608046
0.142686 -0.083689 0.613171
0.140169 -0.082460 0.610678
0.139376 -0.080910 0.612516
0.141059 -0.080443 0.608841
0.141298 -0.082544 0.608774
0.139245 -0.082023 0.611569
0.140238 -0.082465 0.617432
0.143428 -0.079481 0.611060
0.141466 -0.078310 0.609637
0.138522 -0.080824 0.614086
0.138600 -0.083136 0.613375
0.137038 -0.078408 0.613321
0.138081 -0.081366 0.615551
0.138258 -0.082019 0.616351
0.140946 -0.081786 0.616742
0.141854 -0.080834 0.618098
0.137270 -0.079893 0.617875
0.139738 -0.083108 0.620711
0.138258 -0.081278 0.615540
0.137144 -0.079790 0.619640
0.139220 -0.081029 0.619967
0.140307 -0.081360 0.616540
0.137642 -0.081679 0.619217
0.138016 -0.078051 0.620418
0.135804 -0.084607 0.618936
0.135007 -0.082912 0.620541
0.135792 -0.080839 0.618798
0.137453 -0.082789 0.622184
0.131972 -0.078133 0.621363
0.137207 -0.082240 0.623979
0.134975 -0.080010 0.626753
0.135128 -0.080216 0.619947
0.135526 -0.083861 0.620783
0.133060 -0.083180 0.624669
0.130022 -0.079808 0.625659
0.133761 -0.083120 0.628514
0.129445 -0.085474 0.626010
0.133165 -0.081027 0.626269
0.133770 -0.081649 0.629447
0.129594 -0.081257 0.624355
0.135999 -0.077832 0.627838
0.133213 -0.079670 0.630722
0.134483 -0.083431 0.627680
0.129633 -0.082902 0.625774
0.129759 -0.079776 0.627018
0.133950 -0.081294 0.629770
0.128066 -0.080041 0.627608
0.127923 -0.079061 0.632417
0.130665 -0.078915 0.630881
0.128603 -0.082203 0.628443
0.131972 -0.080504 0.627566
0.126426 -0.080093 0.632915
0.129922 -0.079986 0.629739
0.126121 -0.078682 0.631811
0.123626 -0.081004 0.631660
0.126843 -0.083253 0.631762
0.124981 -0.081447 0.633688
0.131008 -0.078234 0.633941
0.125196 -0.079157 0.634336
0.127914 -0.078776 0.635338
0.124823 -0.081814 0.637149
0.125147 -0.082028 0.634173
0.121317 -0.081612 0.635711
0.121845 -0.079542 0.637752
0.122658 -0.084765 0.638657
0.119903 -0.083962 0.637748
0.118751 -0.082313 0.637421
0.120405 -0.080046 0.636587
0.121703 -0.086436 0.639559
0.122029 -0.080289 0.638964
0.121823 -0.076847 0.562545
0.122461 -0.080344 0.561058
0.119664 -0.081405 0.564068
0.121117 -0.079685 0.561781
0.121522 -0.078455 0.561688
0.127074 -0.076920 0.566414
0.120744 -0.079032 0.562451
0.127407 -0.079936 0.564042
0.125617 -0.076450 0.563957
0.123683 -0.080243 0.566757
0.125712 -0.081332 0.567824
0.127932 -0.076158 0.567751
0.125301 -0.077646 0.562978
0.128408 -0.080434 0.566636
0.128606 -0.075243 0.566230
0.123898 -0.076316 0.567640
0.127448 -0.081783 0.563534
0.127100 -0.077882 0.565869
0.122837 -0.079123 0.566026
0.130497 -0.076832 0.568838
0.128271 -0.078142 0.569932
0.129569 -0.077933 0.569209
0.130364 -0.077949 0.569563
0.131415 -0.079076 0.572050
0.130114 -0.079490 0.569088
0.128735 -0.078521 0.571372
0.130908 -0.077514 0.572985
0.132264 -0.075740 0.570432
0.131263 -0.079744 0.573818
0.129349 -0.076512 0.573200
0.131037 -0.079666 0.570383
0.133091 -0.079739 0.572596
0.127419 -0.074926 0.577942
0.130389 -0.078698 0.572910
0.131625 -0.079722 0.572569
0.138438 -0.077351 0.572514
0.138671 -0.081997 0.576768
0.134137 -0.076640 0.575934
0.135345 -0.077598 0.574451
0.137288 -0.077285 0.579553
0.138307 -0.077362 0.577482
0.135004 -0.075647 0.580068
0.136570 -0.079629 0.576286
0.135021 -0.075646 0.576282
0.135180 -0.078004 0.581494
0.137346 -0.078911 0.581778
0.137626 -0.077366 0.577971
0.140488 -0.078125 0.579360
0.139988 -0.080135 0.580567
0.135148 -0.075922 0.579885
0.138386 -0.082515 0.583421
0.140451 -0.079220 0.580807
0.141623 -0.079650 0.581711
0.138962 -0.079657 0.581946
0.140193 -0.075587 0.581548
0.136160 -0.078644 0.583813
0.136670 -0.073052 0.585082
0.139904 -0.077308 0.582413
0.137303 -0.075322 0.581027
0.143635 -0.079934 0.579882
0.137162 -0.074932 0.584868
0.139590 -0.079843 0.586766
0.141043 -0.078535 0.584589
0.140120 -0.077989 0.588078
0.140056 -0.076435 0.585418
0.141080 -0.079888 0.585328
0.141373 -0.079567 0.590589
0.140024 -0.079148 0.586280
0.138780 -0.081239 0.594435
0.140872 -0.077322 0.588346
0.141709 -0.079400 0.591796
0.142255 -0.079758 0.588250
0.144529 -0.074138 0.588747
0.139717 -0.082469 0.592567
0.143906 -0.076573 0.594230
0.142356 -0.078801 0.592380
0.141997 -0.076909 0.594498
0.143532 -0.079941 0.596400
0.142395 -0.079010 0.595492
0.143770 -0.079164 0.594461
0.140436 -0.079503 0.598421
0.140687 -0.076974 0.595249
0.141067 -0.078563 0.595124
0.143008 -0.079295 0.600902
0.141294 -0.077855 0.597245
0.145382 -0.078712 0.596458
0.140762 -0.075961 0.598216
0.144637 -0.076137 0.598145
0.142213 -0.075743 0.597553
0.140462 -0.078823 0.600232
0.141466 -0.078281 0.602061
0.144433 -0.079481 0.601283
0.143185 -0.077786 0.604035
0.140932 -0.082317 0.599329
0.144707 -0.080981 0.602925
0.144104 -0.077744 0.602167
0.141372 -0.080141 0.602366
0.144231 -0.075118 0.605709
0.142239 -0.080831 0.607835
0.143680 -0.073221 0.605043
0.140590 -0.078195 0.602858
0.136808 -0.077872 0.604353
0.144102 -0.080394 0.603245
0.144645 -0.074968 0.604713
0.141757 -0.077401 0.605606
0.143505 -0.078117 0.607087
0.141482 -0.074166 0.606317
0.138480 -0.082105 0.609125
0.144514 -0.079526 0.607565
0.141585 -0.076951 0.610723
0.144192 -0.077732 0.611064
0.144311 -0.078355 0.607109
0.141969 -0.077492 0.613351
0.139285 -0.079770 0.610513
0.140346 -0.079206 0.611057
0.140652 -0.076051 0.610104
0.136787 -0.077883 0.609195
0.140625 -0.077861 0.613271
0.141369 -0.079124 0.612245
0.140030 -0.075814 0.618436
0.140850 -0.078075 0.615345
0.136562 -0.077781 0.613931
0.139477 -0.077428 0.613400
0.141558 -0.077924 0.613986
0.139566 -0.076116 0.615937
0.144121 -0.079177 0.617772
0.136371 -0.076870 0.618479
0.133988 -0.079300 0.620223
0.140194 -0.082493 0.615939
0.137407 -0.076265 0.617930
0.137296 -0.082367 0.617134
0.138835 -0.076103 0.619728
0.134996 -0.077279 0.622436
0.138378 -0.081165 0.621313
0.139958 -0.078522 0.623808
0.136788 -0.079104 0.617925
0.138001 -0.083744 0.621813
0.136121 -0.080455 0.622427
0.135303 -0.078694 0.619772
0.135800 -0.077747 0.623399
0.136479 -0.082471 0.625215
0.133749 -0.078456 0.621942
0.133208 -0.080281 0.623086
0.138544 -0.073319 0.626743
0.134064 -0.077292 0.626912
0.135696 -0.076811 0.624967
0.133725 -0.081629 0.625398
0.132705 -0.080492 0.631604
0.131734 -0.080027 0.624931
0.131613 -0.079817 0.628713
0.132733 -0.079158 0.627071
0.132385 -0.079630 0.626417
0.129887 -0.078266 0.626913
0.134167 -0.075288 0.627094
0.129770 -0.077313 0.626776
0.134949 -0.075319 0.628628
0.129510 -0.078236 0.631476
0.134493 -0.076547 0.630108
0.128357 -0.077402 0.631188
0.126747 -0.076884 0.629248
0.128785 -0.078194 0.631171
0.126507 -0.078213 0.629937
0.127831 -0.081171 0.633559
0.124495 -0.083801 0.633023
0.125555 -0.075036 0.632858
0.127003 -0.081217 0.633890
0.131900 -0.078937 0.632454
0.125405 -0.076955 0.632797
0.127738 -0.078818 0.631282
0.125914 -0.077283 0.634101
0.125948 -0.078877 0.635921
0.121856 -0.079421 0.631471
0.124576 -0.077667 0.633094
0.124168 -0.078933 0.634978
0.123619 -0.077776 0.633405
0.123175 -0.079784 0.635485
0.121899 -0.077747 0.633980
0.122729 -0.080817 0.634348
0.120325 -0.081157 0.639010
0.121632 -0.076661 0.635756
0.122305 -0.075273 0.560940
0.125365 -0.076223 0.563782
0.123239 -0.073661 0.565322
0.122520 -0.077307 0.564422
0.124565 -0.070359 0.564915
0.122403 -0.075286 0.567718
0.121716 -0.073459 0.563644
0.124553 -0.069741 0.567692
0.123947 -0.078199 0.568282
0.125679 -0.077918 0.566121
0.125324 -0.076484 0.564466
0.126063 -0.077982 0.565844
0.124045 -0.075693 0.570107
0.122982 -0.073910 0.566308
0.130679 -0.077034 0.567523
0.132181 -0.074716 0.567716
0.125846 -0.077580 0.566428
0.127011 -0.072740 0.570156
0.130360 -0.075671 0.567060
0.129642 -0.075476 0.568091
0.126202 -0.073712 0.570555
0.131224 -0.076884 0.567136
0.129864 -0.076892 0.566623
0.128237 -0.074843 0.571393
0.131662 -0.073705 0.571368
0.128456 -0.074249 0.571632
0.131563 -0.075643 0.572108
0.133408 -0.071532 0.577646
0.132493 -0.073584 0.571006
0.131915 -0.072730 0.570552
0.133273 -0.077352 0.574540
0.133482 -0.073095 0.573528
0.137709 -0.075913 0.575657
0.136147 -0.074475 0.572718
0.129849 -0.074187 0.572286
0.130822 -0.075239 0.576420
0.138034 -0.077824 0.574699
0.137662 -0.075447 0.575626
0.133842 -0.074226 0.573810
0.133247 -0.075834 0.577754
0.135030 -0.075428 0.577406
0.134072 -0.077605 0.577715
0.138899 -0.074522 0.578511
0.135285 -0.073622 0.579336
0.137192 -0.076858 0.579642
0.137381 -0.077577 0.578577
0.136976 -0.071953 0.583374
0.134553 -0.074841 0.577376
0.135204 -0.077588 0.578355
0.140218 -0.075689 0.577298
0.135658 -0.074615 0.580635
0.140452 -0.074223 0.582585
0.136332 -0.075418 0.585112
0.138482 -0.074970 0.584363
0.136015 -0.078134 0.586455
0.141398 -0.074851 0.586136
0.139312 -0.073705 0.580516
0.136022 -0.074205 0.582048
0.138870 -0.077712 0.585661
0.138089 -0.072860 0.582130
0.142007 -0.076536 0.587522
0.139130 -0.075936 0.587791
0.137860 -0.073391 0.586082
0.137950 -0.076924 0.583972
0.138598 -0.076490 0.587207
0.138923 -0.079685 0.588001
0.143056 -0.077295 0.588947
0.141436 -0.071602 0.592784
0.140189 -0.073886 0.588705
0.141781 -0.072800 0.586896
0.143599 -0.073024 0.590059
0.142107 -0.070757 0.589625
0.141985 -0.079955 0.590608
0.143216 -0.076405 0.589857
0.138076 -0.077285 0.592009
0.141348 -0.076695 0.589852
0.139184 -0.079007 0.593785
0.140898 -0.075064 0.594228
0.138905 -0.075662 0.596399
0.142361 -0.073175 0.595189
0.140837 -0.074833 0.594239
0.142848 -0.073285 0.593420
0.143758 -0.079461 0.599003
0.140556 -0.077029 0.598062
0.143386 -0.074312 0.597814
0.138898 -0.076584 0.599357
0.140530 -0.073590 0.596818
0.141177 -0.076016 0.599157
0.143846 -0.075485 0.598748
0.144163 -0.071009 0.599534
0.143799 -0.074844 0.601007
0.140751 -0.073183 0.602199
0.143929 -0.074290 0.600783
0.142210 -0.072176 0.600742
0.142351 -0.077471 0.600806
0.141519 -0.075204 0.602082
0.135976 -0.074294 0.599445
0.141687 -0.075921 0.606346
0.144860 -0.074829 0.605908
0.142146 -0.073636 0.606790
0.141863 -0.077606 0.597147
0.144831 -0.074479 0.603256
0.141475 -0.073200 0.605131
0.140665 -0.074802 0.605230
0.140199 -0.070010 0.607562
0.140834 -0.076666 0.605363
0.141700 -0.071987 0.607958
0.141933 -0.077240 0.607848
0.140643 -0.077094 0.608412
0.145209 -0.071853 0.612548
0.140535 -0.073953 0.607275
0.144805 -0.076173 0.609404
0.143079 -0.074116 0.612707
0.143065 -0.075371 0.610434
0.138026 -0.071366 0.615375
0.139155 -0.069324 0.608082
0.142367 -0.073103 0.611502
0.142226 -0.073390 0.612723
0.142286 -0.075379 0.616199
0.138169 -0.076450 0.615703
0.141552 -0.073354 0.613776
0.140289 -0.076564 0.616968
0.139774 -0.076514 0.615132
0.140013 -0.078912 0.614816
0.141570 -0.079335 0.617329
0.140283 -0.078675 0.614718
0.135734 -0.078031 0.616924
0.134236 -0.074111 0.618150
0.138966 -0.076685 0.615898
0.138283 -0.075817 0.618781
0.135112 -0.076617 0.617669
0.135782 -0.075492 0.619033
0.137252 -0.075530 0.619689
0.138716 -0.075145 0.622661
0.137113 -0.075870 0.621322
0.137112 -0.075269 0.620767
0.134987 -0.074841 0.621449
0.141329 -0.075712 0.623346
0.136737 -0.072400 0.621798
0.135716 -0.072598 0.623175
0.133947 -0.074895 0.623773
0.135718 -0.081547 0.624215
0.134800 -0.073625 0.624043
0.132704 -0.075437 0.622435
0.130103 -0.075848 0.626448
0.134452 -0.076952 0.630092
0.134223 -0.072149 0.627461
0.133040 -0.075922 0.625217
0.131311 -0.075148 0.622865
0.132726 -0.076929 0.625486
0.129153 -0.075801 0.626620
0.132268 -0.073705 0.625456
0.130077 -0.077633 0.631492
0.125873 -0.073731 0.629101
0.131413 -0.074977 0.628685
0.128438 -0.072389 0.626824
0.127393 -0.074397 0.631025
0.124200 -0.076108 0.631294
0.126456 -0.074262 0.632066
0.132296 -0.077909 0.631594
0.128267 -0.072493 0.632751
0.130119 -0.076547 0.633982
0.128508 -0.079531 0.630380
0.129237 -0.073656 0.632536
0.126132 -0.075622 0.633116
0.128413 -0.075785 0.630953
0.125225 -0.073391 0.633028
0.123435 -0.078085 0.634368
0.124006 -0.077239 0.633790
0.122762 -0.074101 0.635146
0.123506 -0.075829 0.633724
0.124219 -0.075016 0.634971
0.123815 -0.075058 0.634729
0.126901 -0.075434 0.637136
0.124089 -0.075926 0.636540
0.122458 -0.073631 0.634921
0.122585 -0.076405 0.633873
0.123564 -0.076364 0.638003
0.122564 -0.073964 0.638025
0.126592 -0.073237 0.635692
0.119397 -0.068955 0.561001
0.119025 -0.074756 0.567636
0.125222 -0.070058 0.566992
0.120591 -0.069836 0.566664
0.125042 -0.069142 0.564646
0.125168 -0.072565 0.566020
0.121774 -0.072372 0.566930
0.122489 -0.070853 0.566630
0.126446 -0.073854 0.574154
0.125742 -0.073264 0.565377
0.122583 -0.071688 0.564738
0.123990 -0.069578 0.569224
0.128286 -0.071772 0.565960
0.126861 -0.068036 0.568858
0.125823 -0.071821 0.567576
0.124269 -0.069763 0.563988
0.126722 -0.072709 0.568278
0.126531 -0.072434 0.563731
0.126140 -0.069258 0.572680
0.127708 -0.072389 0.570081
0.129547 -0.072361 0.567298
0.134466 -0.071676 0.570649
0.128477 -0.072915 0.568600
0.129027 -0.072335 0.571399
0.132262 -0.072936 0.571234
0.128163 -0.074717 0.569333
0.128205 -0.069010 0.573206
0.132430 -0.069468 0.573161
0.127187 -0.071658 0.573165
0.130199 -0.070924 0.572347
0.130686 -0.067469 0.573106
0.133531 -0.073135 0.574374
0.134313 -0.071437 0.572853
0.132015 -0.074189 0.573370
0.130813 -0.073267 0.572794
0.136268 -0.072266 0.574559
0.134275 -0.071129 0.574979
0.135260 -0.073443 0.576552
0.136987 -0.074226 0.572768
0.134483 -0.071840 0.575606
0.135624 -0.068125 0.575691
0.131254 -0.071179 0.577629
0.136294 -0.068568 0.579354
0.135570 -0.072448 0.577207
0.137635 -0.069591 0.573958
0.139748 -0.073902 0.577788
0.137468 -0.073647 0.578762
0.138388 -0.069972 0.580806
0.137081 -0.072075 0.580627
0.139262 -0.071704 0.580794
0.133996 -0.069628 0.579768
0.139032 -0.072058 0.578107
0.136300 -0.070448 0.579712
0.137934 -0.071819 0.582376
0.140109 -0.072894 0.580343
0.138844 -0.073054 0.581393
0.137939 -0.071902 0.580722
0.141721 -0.071098 0.585915
0.143433 -0.069798 0.584695
0.138226 -0.071424 0.586549
0.139469 -0.073255 0.588791
0.142178 -0.073410 0.587033
0.141277 -0.070308 0.591169
0.138745 -0.074508 0.584842
0.139783 -0.070994 0.586426
0.142317 -0.075234 0.594869
0.141616 -0.071818 0.590559
0.139796 -0.073509 0.590514
0.141706 -0.069749 0.591018
0.136485 -0.073073 0.592911
0.143101 -0.074480 0.590411
0.140740 -0.071002 0.593679
0.140157 -0.070577 0.593571
0.138933 -0.072168 0.591691
0.143451 -0.071723 0.592911
0.142644 -0.068713 0.594272
0.143333 -0.071529 0.592994
0.140089 -0.074606 0.591051
0.144168 -0.072946 0.593026
0.140780 -0.074130 0.596073
0.144036 -0.071950 0.596051
0.144755 -0.071439 0.597220
0.141474 -0.071253 0.597633
0.143259 -0.073891 0.594505
0.143208 -0.071353 0.598182
0.140376 -0.074122 0.594990
0.142883 -0.069694 0.602305
0.145710 -0.069216 0.600659
0.143952 -0.072471 0.600548
0.142383 -0.073205 0.598411
0.140831 -0.070672 0.600280
0.142328 -0.067028 0.603240
0.139977 -0.072067 0.598922
0.144989 -0.072625 0.600139
0.145648 -0.073718 0.602651
0.145935 -0.073756 0.600200
0.147365 -0.071778 0.605742
0.144144 -0.071259 0.602479
0.145623 -0.073138 0.606438
0.140509 -0.069272 0.605476
0.142993 -0.071807 0.602920
0.144277 -0.070776 0.605531
0.140980 -0.069002 0.604810
0.140508 -0.072725 0.607486
0.144379 -0.070299 0.609841
0.138433 -0.072101 0.604602
0.144295 -0.072368 0.609362
0.142537 -0.071698 0.609230
0.139322 -0.072103 0.608673
0.138609 -0.072666 0.612431
0.142101 -0.071095 0.609388
0.140523 -0.071098 0.608314
0.141424 -0.070633 0.611304
0.141980 -0.069570 0.609452
0.138487 -0.071753 0.612023
0.143743 -0.071404 0.611863
0.143190 -0.073597 0.611165
0.140359 -0.068278 0.613785
0.142116 -0.074370 0.616177
0.140672 -0.069963 0.616807
0.141841 -0.070481 0.613924
0.138786 -0.070084 0.614655
0.140985 -0.068558 0.614127
0.140336 -0.071127 0.619397
0.138562 -0.072609 0.614348
0.136947 -0.072348 0.618328
0.140769 -0.073475 0.618952
0.138881 -0.069452 0.621486
0.140691 -0.072066 0.620492
0.139855 -0.070665 0.619078
0.137499 -0.074217 0.619970
0.137711 -0.071317 0.617787
0.138487 -0.073889 0.620469
0.136627 -0.071687 0.621274
0.136647 -0.073151 0.620573
0.137017 -0.070917 0.622203
0.139522 -0.072684 0.621241
0.133564 -0.070093 0.623457
0.136205 -0.069450 0.622964
0.136216 -0.070884 0.623388
0.132922 -0.073521 0.623669
0.134299 -0.074993 0.619935
0.134520 -0.075138 0.625552
0.135075 -0.073242 0.624761
0.134839 -0.073035 0.625002
0.132842 -0.070645 0.626217
0.133191 -0.068158 0.625508
0.135262 -0.072436 0.627834
0.129505 -0.068069 0.627261
0.131912 -0.068725 0.630205
0.129359 -0.070049 0.627029
0.131908 -0.073026 0.626885
0.129502 -0.071922 0.629221
0.132288 -0.071288 0.628880
0.131633 -0.072725 0.629859
0.133123 -0.072525 0.627352
0.130371 -0.072910 0.630973
0.128447 -0.073729 0.629818
0.128936 -0.068117 0.627196
0.130806 -0.068982 0.634829
0.128299 -0.071989 0.631590
0.127991 -0.066938 0.633538
0.130139 -0.071130 0.632765
0.129056 -0.069114 0.633915
0.125962 -0.069842 0.631927
0.127592 -0.067860 0.628535
0.127661 -0.074981 0.632338
0.125843 -0.071190 0.633691
0.127381 -0.072094 0.631996
0.124000 -0.071812 0.637272
0.122545 -0.071474 0.633065
0.122518 -0.069944 0.634925
0.124903 -0.073268 0.636248
0.126123 -0.071130 0.636648
0.123499 -0.072741 0.634450
0.121967 -0.070088 0.633640
0.123148 -0.071218 0.631905
0.124384 -0.068757 0.638463
0.125576 -0.067130 0.636874
0.121534 -0.068345 0.637344
0.121930 -0.066725 0.560545
0.119454 -0.068480 0.563686
0.122319 -0.068612 0.566166
0.120303 -0.070553 0.567077
0.120207 -0.069597 0.566315
0.121219 -0.069392 0.565051
0.123327 -0.069654 0.565730
0.122200 -0.065755 0.563098
0.119781 -0.069373 0.566803
0.126761 -0.070224 0.566375
0.124663 -0.068879 0.565649
0.126588 -0.067259 0.567020
0.127097 -0.067293 0.567848
0.130572 -0.071677 0.569280
0.123793 -0.066773 0.567927
0.127235 -0.067976 0.567999
0.128774 -0.066750 0.569789
0.131465 -0.067408 0.571205
0.128082 -0.068483 0.567819
0.126977 -0.066071 0.573170
0.127551 -0.069232 0.565895
0.131473 -0.071825 0.568744
0.132224 -0.067120 0.568157
0.132545 -0.068659 0.567055
0.127567 -0.067127 0.571009
0.130386 -0.067047 0.571102
0.134963 -0.069165 0.568604
0.130598 -0.069793 0.572660
0.134196 -0.068323 0.573775
0.134303 -0.065680 0.570571
0.131214 -0.067569 0.574986
0.133927 -0.070407 0.577683
0.135889 -0.068835 0.572108
0.131830 -0.066163 0.573371
0.132684 -0.065997 0.573075
0.135829 -0.067622 0.575455
0.139000 -0.069539 0.576176
0.136161 -0.071324 0.577940
0.136141 -0.069434 0.575067
0.134416 -0.066704 0.577328
0.134409 -0.065131 0.576959
0.137955 -0.066837 0.577382
0.134087 -0.069509 0.578485
0.134949 -0.067793 0.576697
0.134814 -0.065153 0.577234
0.136909 -0.070847 0.579501
0.137451 -0.070187 0.577660
0.135938 -0.070309 0.578856
0.138787 -0.071908 0.577036
0.134458 -0.067564 0.580130
0.138365 -0.066078 0.580347
0.138609 -0.069563 0.578724
0.138656 -0.069281 0.582586
0.136543 -0.071134 0.583874
0.139178 -0.072372 0.579861
0.141696 -0.070189 0.582134
0.140927 -0.070108 0.583105
0.138318 -0.064501 0.581942
0.137978 -0.068446 0.584335
0.142235 -0.067531 0.581754
0.141362 -0.070704 0.586518
0.140245 -0.071355 0.585487
0.138217 -0.070447 0.589702
0.142303 -0.069811 0.586861
0.138462 -0.067759 0.583374
0.144148 -0.065408 0.589990
0.139484 -0.067414 0.588342
0.138189 -0.066438 0.588496
0.140277 -0.067235 0.589271
0.140138 -0.067568 0.594680
0.140666 -0.070255 0.589538
0.141070 -0.067644 0.587653
0.142413 -0.068404 0.592796
0.141301 -0.071307 0.590203
0.142908 -0.068341 0.592931
0.145519 -0.067166 0.594154
0.144725 -0.070941 0.599008
0.141240 -0.067820 0.594485
0.139886 -0.064604 0.592478
0.143521 -0.071286 0.593844
0.142909 -0.069089 0.596777
0.142058 -0.069630 0.595099
0.142189 -0.067285 0.596763
0.138966 -0.069287 0.593746
0.146608 -0.067696 0.596299
0.143353 -0.064682 0.596656
0.139888 -0.065442 0.601144
0.143249 -0.068478 0.599394
0.140493 -0.065716 0.598734
0.142179 -0.061704 0.602496
0.141432 -0.063059 0.602456
0.141954 -0.065831 0.599042
0.144098 -0.069243 0.603053
0.144143 -0.069717 0.600825
0.141225 -0.069834 0.602138
0.142163 -0.068911 0.604512
0.140411 -0.071122 0.601767
0.143484 -0.067793 0.599883
0.142606 -0.068026 0.604814
0.140360 -0.068281 0.604247
0.144834 -0.070982 0.604710
0.142677 -0.070285 0.607315
0.140145 -0.069723 0.604970
0.140632 -0.068745 0.605674
0.141781 -0.068596 0.604969
0.140823 -0.066932 0.608172
0.142194 -0.071962 0.608944
0.143090 -0.066633 0.611622
0.145127 -0.071839 0.607790
0.143260 -0.067048 0.608512
0.141118 -0.066231 0.605070
0.142578 -0.068360 0.609222
0.141803 -0.069453 0.612088
0.143468 -0.069084 0.609267
0.138222 -0.071006 0.612295
0.136196 -0.067607 0.610683
0.142165 -0.068351 0.613399
0.141804 -0.071398 0.612592
0.137778 -0.066366 0.613141
0.140355 -0.067276 0.615589
0.139441 -0.067246 0.615565
0.140441 -0.066980 0.615420
0.137922 -0.067443 0.616471
0.139842 -0.068762 0.615707
0.139684 -0.069946 0.617486
0.137529 -0.064044 0.620317
0.138031 -0.068499 0.619638
0.137092 -0.066059 0.619057
0.140750 -0.072081 0.618349
0.139662 -0.065631 0.614824
0.133533 -0.070139 0.617903
0.140337 -0.065436 0.621791
0.137601 -0.067942 0.621692
0.136084 -0.069231 0.616941
0.136014 -0.066044 0.622645
0.135755 -0.065286 0.619937
0.132665 -0.071934 0.621195
0.134398 -0.068834 0.621888
0.133770 -0.067047 0.622008
0.132043 -0.070821 0.622142
0.133270 -0.065134 0.623271
0.132827 -0.071966 0.623413
0.135690 -0.069989 0.622611
0.136955 -0.068593 0.624417
0.133067 -0.069680 0.624495
0.134350 -0.066461 0.627390
0.134346 -0.071127 0.628359
0.131709 -0.067141 0.624966
0.136016 -0.069898 0.624188
0.132371 -0.067677 0.624675
0.131127 -0.070809 0.626802
0.130070 -0.070497 0.629291
0.132654 -0.066676 0.627361
0.131050 -0.066504 0.628935
0.129922 -0.066941 0.628384
0.127500 -0.069643 0.629353
0.130820 -0.070302 0.629274
0.128854 -0.067237 0.630908
0.128436 -0.070800 0.630943
0.127876 -0.067955 0.631464
0.126804 -0.070666 0.630780
0.127573 -0.068159 0.632575
0.129198 -0.067531 0.633751
0.128876 -0.067590 0.634461
0.123139 -0.070573 0.633441
0.129857 -0.069673 0.630281
0.123634 -0.067314 0.631356
0.127835 -0.070788 0.638237
0.122216 -0.067979 0.635154
0.125149 -0.069371 0.632901
0.123257 -0.066636 0.636508
0.122749 -0.069916 0.633614
0.122891 -0.068082 0.634703
0.122159 -0.068133 0.632966
0.121889 -0.072223 0.635946
0.124376 -0.070974 0.635912
0.121075 -0.065381 0.633827
0.123594 -0.068462 0.637641
0.120535 -0.067297 0.638123
0.120954 -0.070171 0.640051
0.119313 -0.063203 0.563525
0.120929 -0.066798 0.562143
0.122994 -0.064955 0.563610
0.121293 -0.062116 0.566530
0.122940 -0.066546 0.565400
0.122002 -0.068725 0.565686
0.126537 -0.063666 0.566702
0.120667 -0.066459 0.565197
0.125527 -0.065991 0.566043
0.126237 -0.063871 0.564449
0.125379 -0.067981 0.564780
0.125219 -0.069117 0.561709
0.129180 -0.063975 0.567054
0.125391 -0.065069 0.567551
0.126089 -0.064333 0.570819
0.122214 -0.068003 0.567405
0.125193 -0.067579 0.569434
0.131171 -0.064936 0.563402
0.131835 -0.065070 0.565652
0.128401 -0.064447 0.564928
0.131239 -0.062920 0.570986
0.129502 -0.067171 0.567835
0.130160 -0.062989 0.571264
0.130801 -0.066799 0.573222
0.133888 -0.059553 0.570201
0.132927 -0.066930 0.572203
0.131382 -0.064320 0.573870
0.129734 -0.062769 0.570547
0.136603 -0.060647 0.571288
0.130025 -0.064426 0.573805
0.132845 -0.065804 0.569004
0.133309 -0.061232 0.576819
0.132392 -0.065423 0.569597
0.132006 -0.066283 0.574838
0.130252 -0.066520 0.573554
0.138288 -0.067396 0.574033
0.135150 -0.064643 0.575816
0.133863 -0.065658 0.576780
0.130623 -0.063989 0.575165
0.135109 -0.066388 0.577780
0.138193 -0.065873 0.577759
0.136853 -0.066430 0.579453
0.137030 -0.070269 0.578889
0.139193 -0.065307 0.574793
0.137903 -0.066408 0.578833
0.135073 -0.063535 0.581223
0.135473 -0.067230 0.577356
0.135393 -0.063746 0.575583
0.139371 -0.064563 0.577187
0.138218 -0.063725 0.579517
0.136603 -0.062177 0.579377
0.137902 -0.068951 0.582868
0.134109 -0.065669 0.584098
0.134586 -0.062370 0.582783
0.138025 -0.064569 0.585296
0.139683 -0.064942 0.583005
0.141128 -0.063198 0.584270
0.140093 -0.063923 0.585748
0.140761 -0.062562 0.582510
0.137886 -0.068422 0.584680
0.141381 -0.063853 0.584516
0.137439 -0.064789 0.584581
0.140500 -0.065718 0.588789
0.143015 -0.065754 0.588956
0.141441 -0.062790 0.583938
0.146724 -0.068825 0.589648
0.138875 -0.063891 0.587714
0.140281 -0.065643 0.585541
0.137721 -0.064047 0.589996
0.138537 -0.064896 0.591831
0.140712 -0.069774 0.589534
0.142186 -0.064117 0.595924
0.144331 -0.064828 0.594030
0.141846 -0.063183 0.590116
0.144905 -0.067022 0.593519
0.142454 -0.066655 0.594931
0.143909 -0.068481 0.593956
0.140116 -0.066656 0.597711
0.139222 -0.067725 0.595237
0.141725 -0.067617 0.594513
0.141543 -0.063427 0.592837
0.142173 -0.063878 0.594156
0.139614 -0.063951 0.596463
0.141590 -0.064491 0.596222
0.139061 -0.063027 0.596878
0.142270 -0.067526 0.596550
0.143114 -0.067239 0.597020
0.143527 -0.064790 0.594149
0.146389 -0.063122 0.599787
0.142439 -0.064055 0.601648
0.141238 -0.066287 0.599577
0.141933 -0.065689 0.601279
0.137787 -0.067281 0.603381
0.145318 -0.064259 0.603953
0.141738 -0.064228 0.603961
0.142995 -0.065143 0.603956
0.141184 -0.067598 0.602399
0.137825 -0.065054 0.601113
0.141356 -0.063991 0.602561
0.138759 -0.061868 0.607421
0.140648 -0.063019 0.605262
0.143447 -0.064619 0.604852
0.140412 -0.062488 0.612181
0.140346 -0.065463 0.608813
0.138874 -0.066934 0.607589
0.141463 -0.062245 0.608515
0.140867 -0.063185 0.607297
0.142606 -0.065861 0.611052
0.140577 -0.064195 0.611533
0.142829 -0.066444 0.609956
0.142765 -0.062077 0.609901
0.139159 -0.065178 0.609706
0.141284 -0.063378 0.609842
0.141969 -0.068229 0.610772
0.137978 -0.067983 0.609674
0.141128 -0.067447 0.609989
0.140547 -0.066684 0.613284
0.139729 -0.064553 0.610895
0.136712 -0.066129 0.610992
0.139476 -0.064980 0.613934
0.139259 -0.064220 0.614566
0.143442 -0.068518 0.614234
0.139905 -0.066896 0.614719
0.140241 -0.065988 0.615827
0.139396 -0.065702 0.615938
0.139820 -0.067971 0.618502
0.140396 -0.062737 0.619840
0.138285 -0.063270 0.616341
0.134777 -0.069158 0.620253
0.139052 -0.064385 0.616580
0.135616 -0.061066 0.616790
0.137039 -0.065686 0.619580
0.138187 -0.062074 0.621375
0.137321 -0.065184 0.619107
0.134893 -0.066251 0.622778
0.135849 -0.063875 0.621662
0.137516 -0.066978 0.620971
0.139563 -0.061573 0.622080
0.137339 -0.063132 0.621985
0.133142 -0.064704 0.623138
0.132564 -0.063912 0.617585
0.135230 -0.062996 0.623764
0.132130 -0.066368 0.621305
0.135899 -0.064938 0.625031
0.134823 -0.063332 0.622614
0.130739 -0.062443 0.623899
0.132405 -0.064030 0.626989
0.134761 -0.066287 0.627998
0.131786 -0.067219 0.629394
0.132427 -0.065538 0.625200
0.135033 -0.065723 0.625720
0.130937 -0.065407 0.627103
0.131865 -0.062085 0.629875
0.134599 -0.064969 0.631317
0.132043 -0.066316 0.626676
0.132134 -0.063804 0.629470
0.130593 -0.066592 0.627098
0.133750 -0.061588 0.632235
0.130833 -0.064892 0.627567
0.126428 -0.065986 0.630619
0.129327 -0.064288 0.633531
0.129328 -0.062855 0.630499
0.129360 -0.065935 0.629910
0.127496 -0.067134 0.631714
0.129698 -0.064634 0.635451
0.127274 -0.065220 0.633378
0.125689 -0.068925 0.632552
0.125411 -0.062976 0.632175
0.125237 -0.065020 0.632245
0.125954 -0.065656 0.633949
0.122869 -0.067581 0.636216
0.127168 -0.066195 0.635527
0.125471 -0.063029 0.634753
0.123567 -0.064878 0.634920
0.118614 -0.066507 0.633002
0.122769 -0.063483 0.637452
0.124315 -0.065607 0.635006
0.124750 -0.068040 0.635360
0.120143 -0.066135 0.634450
0.122704 -0.065226 0.637570
0.121406 -0.061095 0.561987
0.122549 -0.062807 0.562853
0.120943 -0.061379 0.564203
0.125662 -0.063811 0.565663
0.121535 -0.062445 0.562700
0.119375 -0.059202 0.562434
0.123177 -0.059050 0.569348
0.124949 -0.059200 0.564069
0.124490 -0.061682 0.565312
0.122090 -0.065160 0.566393
0.125962 -0.061749 0.567367
0.126047 -0.061067 0.564146
0.126958 -0.059314 0.568746
0.126633 -0.063761 0.568211
0.124955 -0.059758 0.566558
0.124080 -0.057278 0.567557
0.128754 -0.061478 0.566094
0.126807 -0.063644 0.568847
0.124688 -0.059477 0.568627
0.132302 -0.059226 0.573280
0.131214 -0.060243 0.568166
0.128396 -0.063045 0.569175
0.134151 -0.060327 0.570169
0.128588 -0.062251 0.571035
0.133292 -0.064324 0.572007
0.129226 -0.062573 0.570785
0.127885 -0.061997 0.567049
0.132390 -0.062909 0.572894
0.134642 -0.064142 0.574202
0.131970 -0.060454 0.574124
0.135469 -0.060067 0.570326
0.135132 -0.061475 0.575670
0.134070 -0.062190 0.574452
0.135498 -0.065310 0.575076
0.133983 -0.062567 0.573572
0.129995 -0.062127 0.571310
0.131233 -0.059480 0.575130
0.134291 -0.058451 0.574797
0.135129 -0.062155 0.577705
0.133707 -0.061408 0.574807
0.137503 -0.061306 0.574230
0.137430 -0.062650 0.574261
0.134780 -0.065306 0.577431
0.139249 -0.059899 0.577008
0.136869 -0.060133 0.578654
0.140955 -0.060507 0.581704
0.137056 -0.060145 0.578686
0.136929 -0.063355 0.575632
0.137706 -0.061527 0.579353
0.135428 -0.067336 0.582164
0.141274 -0.061759 0.583508
0.137986 -0.062822 0.579346
0.136794 -0.065573 0.578437
0.140278 -0.064555 0.581293
0.142816 -0.059174 0.581062
0.138550 -0.060360 0.581007
0.139359 -0.063599 0.587227
0.138924 -0.060211 0.587260
0.137689 -0.062109 0.580085
0.139719 -0.063677 0.581828
0.139626 -0.062670 0.585146
0.142768 -0.062460 0.588206
0.141302 -0.056668 0.587203
0.138997 -0.063833 0.589966
0.139315 -0.059650 0.587638
0.142337 -0.058734 0.587800
0.141597 -0.059496 0.586648
0.140756 -0.060251 0.590805
0.144742 -0.062853 0.587089
0.137489 -0.062988 0.589003
0.143072 -0.065614 0.589846
0.144099 -0.059580 0.588212
0.140879 -0.064695 0.592788
0.140700 -0.059316 0.595109
0.139986 -0.061712 0.592382
0.141136 -0.062400 0.592309
0.142040 -0.057777 0.591208
0.145179 -0.060259 0.592434
0.142278 -0.059587 0.594855
0.143092 -0.061773 0.592999
0.142124 -0.062193 0.594943
0.142465 -0.060422 0.595771
0.144206 -0.062911 0.597588
0.141204 -0.061547 0.595226
0.139216 -0.064795 0.597464
0.144503 -0.060023 0.598139
0.142770 -0.059957 0.598315
0.139973 -0.059580 0.598925
0.144047 -0.062166 0.598735
0.140129 -0.059789 0.597980
0.143297 -0.064230 0.601529
0.141088 -0.060723 0.601630
0.143654 -0.062186 0.603965
0.142246 -0.061359 0.599471
0.143554 -0.063592 0.602128
0.143960 -0.063867 0.604585
0.144610 -0.060026 0.602205
0.139953 -0.058234 0.601912
0.140232 -0.062446 0.601854
0.143072 -0.064156 0.606514
0.144565 -0.060971 0.607000
0.140331 -0.060597 0.606314
0.140311 -0.060383 0.604285
0.146166 -0.062875 0.606241
0.143013 -0.061730 0.608301
0.138919 -0.057319 0.611197
0.139614 -0.060797 0.607760
0.139498 -0.060321 0.609645
0.147889 -0.058297 0.609839
0.146414 -0.062576 0.609349
0.142200 -0.061962 0.612409
0.142902 -0.065373 0.609161
0.141005 -0.061065 0.610692
0.143828 -0.063653 0.610657
0.142659 -0.060748 0.613028
0.137672 -0.059599 0.610712
0.142128 -0.061525 0.615357
0.139221 -0.063281 0.614575
0.137232 -0.059341 0.612780
0.136693 -0.060701 0.613403
0.139500 -0.057986 0.613903
0.139663 -0.064012 0.614331
0.139481 -0.059637 0.614416
0.140401 -0.064772 0.615007
0.136819 -0.063280 0.613907
0.138660 -0.055497 0.614404
0.135055 -0.062940 0.615646
0.138363 -0.063434 0.621705
0.136539 -0.061157 0.620571
0.137550 -0.060616 0.620884
0.135353 -0.061484 0.619331
0.135888 -0.062926 0.622041
0.140750 -0.061762 0.619743
0.139029 -0.061754 0.622748
0.134182 -0.064377 0.622601
0.133340 -0.062057 0.619236
0.137119 -0.061099 0.622302
0.134547 -0.062237 0.621731
0.136999 -0.061751 0.623902
0.135627 -0.062788 0.622381
0.132263 -0.066551 0.621396
0.135924 -0.059098 0.625851
0.131791 -0.064214 0.628277
0.136631 -0.061615 0.624666
0.132300 -0.065200 0.625339
0.132732 -0.061906 0.624511
0.135491 -0.059096 0.624331
0.135814 -0.061474 0.626320
0.134094 -0.062308 0.624461
0.132778 -0.059234 0.627220
0.136997 -0.064931 0.625552
0.132739 -0.065846 0.627865
0.131300 -0.057507 0.629561
0.130009 -0.065289 0.629713
0.130428 -0.059316 0.631040
0.129770 -0.061569 0.630292
0.131443 -0.066022 0.628789
0.128203 -0.064219 0.627905
0.131575 -0.060266 0.630516
0.131049 -0.064138 0.630535
0.131312 -0.063601 0.634455
0.132518 -0.062595 0.632954
0.127027 -0.062774 0.630580
0.128231 -0.058652 0.632647
0.124243 -0.063935 0.633597
0.126769 -0.060894 0.632218
0.128187 -0.063485 0.635175
0.126369 -0.058258 0.633150
0.121140 -0.062487 0.632912
0.125488 -0.062011 0.636292
0.125083 -0.059136 0.634929
0.126090 -0.063088 0.632073
0.123601 -0.061552 0.633673
0.125913 -0.061413 0.636949
0.127509 -0.059267 0.635883
0.124177 -0.060760 0.636128
0.124528 -0.061408 0.634430
0.122736 -0.061751 0.636639
0.122540 -0.061845 0.637070
0.123967 -0.064529 0.636976
0.118887 -0.060765 0.565030
0.116695 -0.057642 0.564950
0.118946 -0.060281 0.563362
0.122310 -0.057741 0.560643
0.122192 -0.060142 0.564510
0.122327 -0.055447 0.566457
0.123266 -0.056988 0.564253
0.128219 -0.060593 0.569661
0.120917 -0.060204 0.563212
0.126947 -0.059077 0.567672
0.129460 -0.058254 0.568186
0.125303 -0.059608 0.564888
0.126403 -0.055179 0.565724
0.125909 -0.058198 0.566538
0.129541 -0.060932 0.567666
0.132768 -0.059911 0.570136
0.129084 -0.060171 0.570211
0.126561 -0.058382 0.567768
0.127466 -0.059738 0.567392
0.127820 -0.057013 0.569141
0.127956 -0.060063 0.567546
0.127047 -0.057801 0.569171
0.129584 -0.062531 0.569694
0.130264 -0.059531 0.569280
0.128188 -0.059914 0.569160
0.128933 -0.058918 0.572938
0.131702 -0.061499 0.574271
0.135712 -0.059505 0.570466
0.132328 -0.059884 0.569249
0.133369 -0.057441 0.569646
0.128950 -0.058874 0.573068
0.131497 -0.058968 0.573786
0.131098 -0.058095 0.572230
0.132045 -0.060547 0.571316
0.136927 -0.061785 0.576619
0.134029 -0.057312 0.574714
0.134073 -0.058088 0.575092
0.137521 -0.059680 0.575946
0.135138 -0.058609 0.574119
0.135148 -0.055839 0.577058
0.134518 -0.057253 0.576510
0.132004 -0.056423 0.578330
0.137601 -0.057960 0.575297
0.137301 -0.062476 0.581000
0.134786 -0.057202 0.579800
0.136523 -0.061881 0.577818
0.136533 -0.055607 0.582858
0.137040 -0.057678 0.581845
0.133418 -0.058155 0.575011
0.136934 -0.061397 0.578437
0.137590 -0.059562 0.579195
0.136800 -0.061855 0.581668
0.138475 -0.055655 0.581712
0.139998 -0.054919 0.580092
0.138177 -0.059843 0.577864
0.137262 -0.059281 0.584970
0.139685 -0.059097 0.582733
0.142376 -0.057879 0.583604
0.142264 -0.057981 0.585509
0.145036 -0.059597 0.585264
0.139054 -0.055511 0.583162
0.137833 -0.062966 0.581763
0.138138 -0.057893 0.583409
0.137639 -0.060427 0.589089
0.141296 -0.057499 0.584125
0.139358 -0.059451 0.585334
0.139904 -0.059961 0.586624
0.137550 -0.060223 0.589669
0.142664 -0.056429 0.589511
0.141929 -0.058183 0.588887
0.139640 -0.056725 0.590550
0.139554 -0.058562 0.587212
0.142078 -0.059377 0.590924
0.144949 -0.059827 0.590967
0.145135 -0.060069 0.591590
0.140460 -0.059536 0.593280
0.141837 -0.059900 0.596221
0.144799 -0.056594 0.596564
0.143214 -0.059165 0.593843
0.139110 -0.058326 0.595418
0.143010 -0.058664 0.596804
0.142946 -0.056947 0.594496
0.140178 -0.057408 0.599949
0.145468 -0.058365 0.598496
0.144230 -0.062065 0.597426
0.142311 -0.060648 0.597510
0.144316 -0.059375 0.599142
0.143616 -0.057701 0.597923
0.143725 -0.057334 0.598937
0.142065 -0.058489 0.601595
0.142094 -0.055799 0.602607
0.144480 -0.055674 0.603541
0.141451 -0.059412 0.599482
0.145778 -0.056671 0.601074
0.141979 -0.057020 0.599768
0.140430 -0.061880 0.603386
0.142527 -0.056787 0.604829
0.139634 -0.057936 0.602986
0.143138 -0.059549 0.604025
0.138988 -0.059495 0.601525
0.143010 -0.059775 0.602215
0.141647 -0.055374 0.605904
0.139807 -0.059501 0.606242
0.142678 -0.058836 0.605146
0.140767 -0.056892 0.604962
0.140171 -0.058325 0.613858
0.145019 -0.059754 0.608680
0.141364 -0.058119 0.610925
0.139220 -0.058752 0.610368
0.143617 -0.061687 0.611731
0.138846 -0.058729 0.610061
0.141521 -0.059566 0.611558
0.139694 -0.059876 0.613308
0.141791 -0.056288 0.612989
0.141004 -0.053800 0.610281
0.137578 -0.055062 0.609115
0.142081 -0.060291 0.609610
0.142220 -0.058014 0.613620
0.138324 -0.058219 0.615008
0.141379 -0.057347 0.612016
0.139642 -0.062217 0.615404
0.138756 -0.060716 0.615268
0.137950 -0.058622 0.614076
0.140033 -0.058979 0.612267
0.141336 -0.057786 0.615681
0.139362 -0.057111 0.611978
0.136643 -0.057127 0.617566
0.135843 -0.058401 0.615151
0.139924 -0.057165 0.617856
0.137719 -0.058464 0.620095
0.137177 -0.056769 0.622205
0.141268 -0.057981 0.617483
0.138277 -0.058501 0.618351
0.136268 -0.060789 0.619853
0.136411 -0.060146 0.619622
0.135468 -0.057815 0.619535
0.135645 -0.057385 0.618559
0.135646 -0.055611 0.617368
0.136972 -0.055182 0.622731
0.134219 -0.056306 0.624916
0.136098 -0.055007 0.621059
0.137730 -0.058495 0.626655
0.137927 -0.057211 0.624835
0.133436 -0.058854 0.622019
0.136394 -0.057363 0.625668
0.134299 -0.057491 0.629595
0.134409 -0.058863 0.627334
0.132206 -0.058118 0.626981
0.134718 -0.058696 0.628360
0.132959 -0.060497 0.626133
0.132564 -0.054162 0.627583
0.132061 -0.058215 0.624402
0.128399 -0.058348 0.628512
0.130266 -0.057333 0.628004
0.132592 -0.062688 0.630378
0.133546 -0.058294 0.625170
0.129689 -0.063577 0.632061
0.128925 -0.056226 0.627346
0.129217 -0.059146 0.631515
0.132265 -0.058078 0.630254
0.126983 -0.057776 0.632419
0.127426 -0.057794 0.632443
0.128502 -0.058287 0.631950
0.132370 -0.056152 0.633667
0.127705 -0.058688 0.632509
0.127128 -0.062272 0.632282
0.126238 -0.060941 0.633695
0.125225 -0.058347 0.637155
0.124903 -0.055010 0.631851
0.126343 -0.056825 0.633789
0.124942 -0.059440 0.632054
0.123085 -0.061541 0.634568
0.128195 -0.056016 0.634349
0.119400 -0.055635 0.635148
0.125790 -0.061078 0.631185
0.123650 -0.057052 0.636932
0.120169 -0.061735 0.635475
0.124027 -0.061197 0.637446
0.119838 -0.061907 0.636921
0.118546 -0.056670 0.636094
0.125414 -0.055282 0.561302
0.121297 -0.056882 0.561667
0.123352 -0.053313 0.567753
0.121571 -0.056542 0.565543
0.127698 -0.057086 0.561848
0.122037 -0.051779 0.564838
0.124481 -0.057066 0.566203
0.125636 -0.055270 0.564912
0.124376 -0.058106 0.566850
0.126312 -0.054879 0.562469
0.124274 -0.054862 0.563707
0.121647 -0.055244 0.564561
0.124582 -0.056331 0.566917
0.126970 -0.054118 0.566114
0.126345 -0.054386 0.568878
0.130359 -0.056954 0.567954
0.127400 -0.053769 0.563752
0.127857 -0.058301 0.572121
0.132429 -0.054342 0.572014
0.130136 -0.054311 0.567899
0.128808 -0.056689 0.572630
0.131034 -0.056580 0.570069
0.130431 -0.052992 0.569493
0.129652 -0.052806 0.569708
0.133390 -0.053722 0.568493
0.131348 -0.056202 0.573542
0.130787 -0.058112 0.571983
0.134347 -0.055051 0.573559
0.130845 -0.055862 0.569990
0.130583 -0.055513 0.572094
0.131639 -0.053173 0.567641
0.134468 -0.054081 0.572929
0.134754 -0.056070 0.574306
0.133590 -0.057042 0.570312
0.133307 -0.055933 0.576824
0.132073 -0.053476 0.574704
0.133655 -0.054410 0.574187
0.138029 -0.058392 0.577755
0.135587 -0.054849 0.575893
0.134795 -0.055114 0.578808
0.139363 -0.055623 0.577133
0.135326 -0.055562 0.573669
0.135697 -0.053545 0.578794
0.136004 -0.054798 0.583215
0.137432 -0.054987 0.581041
0.134774 -0.050731 0.580995
0.137781 -0.051067 0.579501
0.135324 -0.057324 0.577835
0.138709 -0.054087 0.576128
0.139837 -0.054068 0.583740
0.141699 -0.055291 0.579638
0.136679 -0.052362 0.581263
0.134955 -0.057008 0.585694
0.139515 -0.052490 0.582718
0.138226 -0.057591 0.584597
0.134492 -0.051511 0.580479
0.137638 -0.054066 0.581628
0.137719 -0.051671 0.584686
0.140167 -0.057258 0.584248
0.141315 -0.053358 0.582570
0.138904 -0.058597 0.584717
0.137617 -0.055207 0.589399
0.141451 -0.053365 0.589453
0.141031 -0.054351 0.581736
0.141299 -0.053546 0.589425
0.141375 -0.054707 0.587598
0.143720 -0.054084 0.589880
0.137930 -0.052322 0.592440
0.141111 -0.055939 0.591032
0.141274 -0.052159 0.590888
0.142059 -0.056655 0.590735
0.142145 -0.053405 0.591467
0.143844 -0.052253 0.590837
0.142726 -0.054989 0.593450
0.139966 -0.052287 0.590914
0.143661 -0.057283 0.596008
0.142804 -0.054839 0.589295
0.139183 -0.055133 0.591545
0.140384 -0.058401 0.594927
0.142878 -0.053513 0.592999
0.145218 -0.055809 0.595726
0.141755 -0.056024 0.595399
0.142761 -0.052481 0.596997
0.142728 -0.055378 0.604331
0.142072 -0.055009 0.599203
0.145824 -0.054412 0.596871
0.144268 -0.051723 0.594972
0.143494 -0.051297 0.597886
0.144556 -0.055771 0.598626
0.145966 -0.054059 0.600034
0.142833 -0.051654 0.599074
0.141764 -0.052081 0.604112
0.139750 -0.055196 0.600849
0.139595 -0.051706 0.602339
0.141803 -0.057057 0.602058
0.144573 -0.057667 0.601107
0.141368 -0.052338 0.603401
0.144772 -0.056951 0.605883
0.145385 -0.057430 0.603814
0.143503 -0.053922 0.601071
0.146195 -0.055591 0.607970
0.141975 -0.055755 0.604637
0.140772 -0.055816 0.608196
0.140091 -0.052648 0.607843
0.140633 -0.055018 0.608384
0.142987 -0.056568 0.606323
0.143954 -0.055200 0.605476
0.141703 -0.052021 0.608315
0.138772 -0.052427 0.608451
0.137724 -0.053703 0.606460
0.142651 -0.054012 0.611556
0.141773 -0.055497 0.615391
0.137566 -0.054426 0.609388
0.140317 -0.053920 0.610994
0.142041 -0.056858 0.610396
0.143681 -0.051232 0.613494
0.140472 -0.051035 0.607736
0.141941 -0.050931 0.615759
0.143449 -0.054233 0.612753
0.135457 -0.054359 0.615651
0.138641 -0.057135 0.614576
0.139429 -0.053350 0.613497
0.141283 -0.055066 0.617913
0.137678 -0.053376 0.615465
0.142451 -0.054945 0.613633
0.137706 -0.054761 0.618177
0.137991 -0.056018 0.620395
0.139378 -0.054214 0.617443
0.137028 -0.054199 0.617087
0.138119 -0.055747 0.615744
0.134534 -0.052528 0.619832
0.139081 -0.057767 0.620056
0.136245 -0.057339 0.617093
0.138290 -0.054558 0.621635
0.139190 -0.055089 0.621678
0.134523 -0.055276 0.621654
0.137011 -0.053307 0.625465
0.134548 -0.057468 0.625938
0.137366 -0.052837 0.621020
0.137140 -0.054227 0.625804
0.137226 -0.051444 0.619328
0.134467 -0.051853 0.623957
0.135211 -0.057439 0.624206
0.132427 -0.054679 0.622418
0.133303 -0.053734 0.623079
0.132350 -0.056690 0.624560
0.134449 -0.056273 0.625538
0.134353 -0.060043 0.627055
0.133598 -0.056231 0.625904
0.133619 -0.053757 0.627585
0.134049 -0.059022 0.623856
0.133145 -0.053313 0.629598
0.130820 -0.055537 0.631967
0.128216 -0.054810 0.626697
0.129972 -0.054443 0.629927
0.129132 -0.052921 0.632473
0.128724 -0.054533 0.627200
0.131260 -0.053053 0.628611
0.131351 -0.055217 0.625568
0.131416 -0.054601 0.630454
0.129005 -0.054229 0.629029
0.127935 -0.053914 0.632478
0.127401 -0.055825 0.633812
0.126747 -0.052481 0.627395
0.124559 -0.051263 0.629367
0.124446 -0.058206 0.636488
0.126283 -0.054271 0.631288
0.125732 -0.056163 0.634717
0.128799 -0.051958 0.630372
0.124342 -0.053710 0.636818
0.124306 -0.055032 0.636114
0.124605 -0.051949 0.632509
0.122191 -0.057417 0.633743
0.122924 -0.054082 0.633575
0.123860 -0.055608 0.634068
0.123970 -0.049825 0.633517
0.121916 -0.057316 0.636822
0.120711 -0.050402 0.636552
0.119568 -0.058198 0.639234
0.123038 -0.051846 0.634440
0.121617 -0.053584 0.566737
0.118908 -0.049433 0.564058
0.122539 -0.051329 0.564407
0.123866 -0.052874 0.562610
0.122389 -0.051472 0.564778
0.123313 -0.050729 0.565273
0.125663 -0.050862 0.561737
0.122090 -0.052300 0.566070
0.121494 -0.049902 0.563404
0.127971 -0.049663 0.566373
0.128299 -0.049678 0.564553
0.128343 -0.056155 0.564879
0.123295 -0.050611 0.568417
0.123844 -0.054297 0.565549
0.126160 -0.052454 0.567833
0.130069 -0.047530 0.572162
0.129186 -0.052122 0.567414
0.127034 -0.052008 0.570269
0.127791 -0.052946 0.568906
0.127158 -0.053356 0.569713
0.127033 -0.048868 0.566595
0.128262 -0.050962 0.568744
0.131376 -0.051004 0.569151
0.128607 -0.047880 0.570994
0.130207 -0.052663 0.569907
0.130988 -0.050110 0.571340
0.130656 -0.054040 0.569725
0.127388 -0.050433 0.572464
0.134546 -0.053932 0.574434
0.134089 -0.046976 0.567532
0.129514 -0.054720 0.572840
0.132772 -0.051529 0.572637
0.133118 -0.050563 0.572522
0.132525 -0.052460 0.569929
0.134896 -0.052856 0.573797
0.134113 -0.049838 0.576792
0.137243 -0.051640 0.574828
0.135045 -0.051716 0.576540
0.133923 -0.052950 0.573275
0.135361 -0.055376 0.576042
0.134826 -0.046687 0.579488
0.135338 -0.049530 0.578022
0.135960 -0.053663 0.578008
0.132490 -0.052504 0.577848
0.135598 -0.051088 0.575818
0.136465 -0.052753 0.577640
0.139317 -0.053904 0.581035
0.134756 -0.053057 0.581186
0.137478 -0.052622 0.580802
0.134468 -0.052182 0.582858
0.134723 -0.052596 0.579592
0.139194 -0.054371 0.581937
0.136067 -0.054221 0.580033
0.139679 -0.052789 0.579430
0.137644 -0.051082 0.582998
0.137386 -0.051831 0.587324
0.140994 -0.048284 0.586039
0.138337 -0.050092 0.585017
0.139268 -0.051946 0.583040
0.136105 -0.051062 0.585420
0.136825 -0.050721 0.589754
0.139365 -0.051661 0.585874
0.140116 -0.051522 0.588303
0.141657 -0.054055 0.584104
0.143844 -0.050268 0.585309
0.140849 -0.052868 0.589578
0.141505 -0.051369 0.588366
0.145392 -0.050429 0.589320
0.140057 -0.053297 0.591975
0.140917 -0.050573 0.591761
0.140722 -0.051237 0.589365
0.137327 -0.052305 0.589352
0.141032 -0.048696 0.591883
0.143655 -0.051233 0.591097
0.139720 -0.052680 0.591917
0.140337 -0.051872 0.591899
0.141139 -0.052863 0.595643
0.141732 -0.053829 0.590662
0.144242 -0.051298 0.594179
0.143754 -0.055746 0.593222
0.140268 -0.054877 0.592972
0.143059 -0.054265 0.594951
0.142075 -0.051497 0.599610
0.146174 -0.048693 0.594708
0.138229 -0.048898 0.600135
0.139715 -0.052861 0.598289
0.140597 -0.053738 0.595653
0.142339 -0.053225 0.599070
0.140413 -0.051756 0.595246
0.143724 -0.050128 0.601078
0.145008 -0.055035 0.603454
0.140217 -0.053121 0.598474
0.143077 -0.048962 0.605141
0.142682 -0.053988 0.601488
0.140698 -0.051744 0.603341
0.145032 -0.056420 0.602997
0.145314 -0.052281 0.604728
0.141642 -0.051317 0.603584
0.143661 -0.050346 0.602614
0.143247 -0.052532 0.603110
0.141117 -0.054595 0.604199
0.140957 -0.051089 0.604753
0.142129 -0.051912 0.604809
0.140516 -0.052674 0.602503
0.143569 -0.051502 0.608888
0.142119 -0.049932 0.608973
0.136768 -0.052483 0.610545
0.141135 -0.049015 0.610473
0.138966 -0.053137 0.608661
0.139229 -0.052286 0.609806
0.141458 -0.051257 0.609805
0.140923 -0.045238 0.612017
0.139797 -0.050305 0.608740
0.137409 -0.054457 0.612770
0.143307 -0.055782 0.614127
0.138249 -0.047651 0.614039
0.140952 -0.051390 0.613187
0.139367 -0.052098 0.613872
0.140309 -0.052471 0.611481
0.140932 -0.053746 0.614629
0.139436 -0.050806 0.614788
0.138033 -0.049790 0.613437
0.137611 -0.054785 0.615440
0.137690 -0.050293 0.615842
0.139836 -0.050627 0.617897
0.139822 -0.051010 0.617910
0.138325 -0.052682 0.613149
0.139298 -0.049508 0.618617
0.136134 -0.050664 0.614612
0.136770 -0.046675 0.620639
0.138081 -0.051138 0.614895
0.135872 -0.048335 0.620736
0.138355 -0.049113 0.620530
0.136598 -0.051971 0.622625
0.134684 -0.048272 0.620468
0.137772 -0.046026 0.622159
0.135767 -0.054030 0.622468
0.138490 -0.049804 0.619338
0.137800 -0.050165 0.622466
0.131034 -0.051478 0.620991
0.137562 -0.053009 0.623283
0.136482 -0.049743 0.623038
0.134718 -0.051173 0.623371
0.132856 -0.052433 0.624161
0.134340 -0.049203 0.625021
0.133845 -0.051624 0.624108
0.132071 -0.052250 0.630872
0.133466 -0.049967 0.627597
0.135162 -0.052747 0.624920
0.133087 -0.051051 0.629928
0.131978 -0.054938 0.626381
0.133214 -0.049435 0.628353
0.132215 -0.051954 0.628139
0.132191 -0.052193 0.623562
0.132606 -0.052662 0.625148
0.128131 -0.050782 0.634160
0.132896 -0.051218 0.628536
0.128089 -0.048539 0.629471
0.130912 -0.052678 0.629570
0.128783 -0.050780 0.629443
0.132379 -0.052802 0.633444
0.129732 -0.050784 0.633039
0.129070 -0.054081 0.632874
0.131939 -0.050839 0.627166
0.127308 -0.048960 0.633975
0.124198 -0.050488 0.634446
0.121841 -0.050773 0.635793
0.124394 -0.048550 0.631517
0.128139 -0.051932 0.634522
0.125933 -0.048943 0.634266
0.123464 -0.052059 0.633738
0.128545 -0.054147 0.635422
0.125598 -0.052133 0.633308
0.125764 -0.051140 0.635179
0.125553 -0.050051 0.636328
0.121862 -0.050831 0.633077
0.122448 -0.047984 0.638391
0.123336 -0.052405 0.637871
0.122888 -0.051244 0.639413
0.122389 -0.050206 0.635274
0.123484 -0.049572 0.562940
0.123184 -0.047451 0.562195
0.119610 -0.044830 0.561478
0.119734 -0.050878 0.565382
0.123557 -0.046300 0.564357
0.118581 -0.047351 0.565280
0.127287 -0.049030 0.563776
0.122977 -0.048916 0.564916
0.125676 -0.047152 0.563113
0.123724 -0.045800 0.566290
0.125401 -0.047190 0.564289
0.124160 -0.047176 0.564847
0.126105 -0.051499 0.567062
0.123937 -0.049348 0.565244
0.126937 -0.051227 0.569513
0.126752 -0.046459 0.565701
0.127300 -0.048084 0.567593
0.125977 -0.046496 0.566583
0.130550 -0.049123 0.570881
0.129621 -0.047067 0.568349
0.124439 -0.049212 0.570145
0.126834 -0.049490 0.570685
0.127303 -0.048684 0.566470
0.128883 -0.046144 0.571097
0.132444 -0.050855 0.573022
0.130777 -0.051557 0.570147
0.134104 -0.049132 0.568781
0.129474 -0.047262 0.572723
0.131759 -0.047401 0.572547
0.131719 -0.049544 0.572622
0.136487 -0.051172 0.570653
0.132605 -0.047525 0.579597
0.137228 -0.046662 0.573008
0.132218 -0.049255 0.572323
0.133097 -0.047987 0.578718
0.131952 -0.047450 0.574443
0.136918 -0.050195 0.573797
0.133675 -0.048570 0.574704
0.135927 -0.049795 0.578104
0.134448 -0.050690 0.578623
0.134540 -0.050796 0.575877
0.135853 -0.051859 0.579589
0.137884 -0.047548 0.579478
0.134870 -0.047721 0.577477
0.138103 -0.047766 0.579638
0.136640 -0.050891 0.579380
0.137053 -0.049098 0.578617
0.139261 -0.048878 0.579735
0.138046 -0.049836 0.583369
0.141262 -0.049204 0.579216
0.134494 -0.051883 0.577532
0.136760 -0.050263 0.584307
0.136270 -0.046830 0.582432
0.139908 -0.045842 0.581298
0.136958 -0.050497 0.579816
0.135802 -0.053554 0.585480
0.133822 -0.047523 0.583242
0.139343 -0.046595 0.585059
0.137612 -0.049965 0.584222
0.141162 -0.048102 0.583174
0.139912 -0.041732 0.582215
0.137024 -0.049051 0.589109
0.140618 -0.045439 0.585655
0.139837 -0.048545 0.589778
0.139059 -0.048621 0.587441
0.139014 -0.048248 0.586342
0.142149 -0.047845 0.586150
0.142324 -0.045127 0.591998
0.137293 -0.049377 0.590332
0.142247 -0.043678 0.587957
0.139032 -0.045904 0.585725
0.141225 -0.047705 0.596624
0.141051 -0.044561 0.593783
0.143395 -0.052260 0.596801
0.139893 -0.046493 0.592537
0.144648 -0.049261 0.594038
0.143346 -0.044401 0.592974
0.137126 -0.048476 0.591505
0.140660 -0.045612 0.591030
0.142264 -0.046527 0.592892
0.142258 -0.049121 0.595031
0.140747 -0.047420 0.595349
0.143158 -0.051524 0.595410
0.143563 -0.046470 0.594459
0.143289 -0.048486 0.595722
0.139742 -0.049283 0.598704
0.142942 -0.051045 0.598648
0.142992 -0.049123 0.596420
0.142119 -0.050212 0.598515
0.144532 -0.047540 0.598146
0.141625 -0.044454 0.601609
0.146401 -0.050351 0.603095
0.139998 -0.046633 0.604939
0.142964 -0.048831 0.605500
0.141850 -0.046225 0.603580
0.142326 -0.047565 0.599837
0.141769 -0.046105 0.600699
0.142107 -0.049873 0.602136
0.142839 -0.045652 0.604977
0.144051 -0.046381 0.603026
0.138436 -0.050718 0.608302
0.146732 -0.046909 0.604780
0.142257 -0.051910 0.604405
0.142803 -0.049442 0.605097
0.140165 -0.050493 0.606984
0.142397 -0.048074 0.610216
0.139779 -0.050388 0.609066
0.143273 -0.048887 0.608864
0.140551 -0.050443 0.606139
0.140348 -0.044610 0.608529
0.143712 -0.048209 0.609333
0.141819 -0.048447 0.609981
0.142271 -0.051779 0.609545
0.141229 -0.047866 0.611478
0.142156 -0.048929 0.614027
0.140842 -0.050713 0.612137
0.141246 -0.046879 0.611928
0.135974 -0.049855 0.614148
0.142833 -0.048288 0.613487
0.138736 -0.051829 0.615701
0.145270 -0.047708 0.613645
0.139912 -0.049760 0.617848
0.139282 -0.049721 0.616410
0.137348 -0.047354 0.615958
0.136935 -0.050113 0.617369
0.139069 -0.044762 0.619479
0.137900 -0.050623 0.618230
0.138439 -0.048143 0.616724
0.135602 -0.048260 0.614405
0.137181 -0.051481 0.616931
0.138843 -0.050791 0.618117
0.140566 -0.046803 0.618145
0.138186 -0.048472 0.619706
0.137982 -0.051396 0.620393
0.139155 -0.047126 0.622285
0.133152 -0.046069 0.622008
0.132741 -0.049386 0.622588
0.138083 -0.049360 0.618151
0.136117 -0.049553 0.620866
0.134299 -0.047256 0.625161
0.138147 -0.047854 0.620478
0.134715 -0.047093 0.624835
0.136496 -0.051422 0.624367
0.136306 -0.048074 0.621656
0.134429 -0.049877 0.623120
0.134238 -0.046621 0.620519
0.137128 -0.049442 0.628714
0.134318 -0.048573 0.624850
0.133669 -0.046488 0.625162
0.135724 -0.048102 0.628470
0.131250 -0.049610 0.629942
0.132747 -0.048517 0.628640
0.132967 -0.047557 0.627114
0.131753 -0.045963 0.629866
0.131946 -0.048081 0.627858
0.129179 -0.049774 0.626742
0.126278 -0.050668 0.630977
0.133516 -0.044607 0.628973
0.126099 -0.047053 0.632171
0.131452 -0.047162 0.629558
0.127185 -0.054505 0.625834
0.126689 -0.048969 0.630855
0.125071 -0.045662 0.634992
0.129226 -0.048272 0.630807
0.128769 -0.047711 0.631685
0.126422 -0.044382 0.628878
0.126813 -0.047209 0.633488
0.125830 -0.048842 0.634035
0.125546 -0.049371 0.635935
0.126250 -0.049775 0.629478
0.126654 -0.043427 0.636758
0.124674 -0.049051 0.628840
0.122684 -0.045317 0.630645
0.127189 -0.050938 0.635679
0.124236 -0.047874 0.635877
0.122431 -0.050160 0.638936
0.123059 -0.047059 0.635775
0.122184 -0.052253 0.635058
0.124034 -0.048431 0.636808
0.117708 -0.050737 0.636005
0.118302 -0.046479 0.563188
0.120710 -0.041568 0.564516
0.122332 -0.043960 0.564123
0.124483 -0.041745 0.564939
0.119809 -0.048217 0.566075
0.125788 -0.047137 0.561507
0.124389 -0.048896 0.566188
0.122809 -0.048746 0.565726
0.127623 -0.047227 0.570238
0.124542 -0.043664 0.564995
0.126126 -0.044499 0.564519
0.123754 -0.044446 0.564234
0.128346 -0.045686 0.565307
0.127638 -0.046067 0.561990
0.125940 -0.044467 0.566977
0.128891 -0.043958 0.568356
0.127723 -0.050591 0.570195
0.130103 -0.043680 0.567939
0.129249 -0.045933 0.571817
0.127694 -0.044934 0.569034
0.129881 -0.044026 0.568014
0.130309 -0.044783 0.568988
0.131556 -0.047602 0.571094
0.129895 -0.043871 0.570014
0.130284 -0.044845 0.572199
0.127401 -0.044825 0.568383
0.132718 -0.044179 0.569406
0.130727 -0.045638 0.572758
0.131618 -0.046063 0.573525
0.131806 -0.047384 0.572052
0.130642 -0.048341 0.574468
0.130443 -0.043610 0.571888
0.134049 -0.046213 0.571152
0.133541 -0.042176 0.573352
0.129974 -0.046277 0.577160
0.131814 -0.048255 0.573201
0.131688 -0.043762 0.575493
0.134055 -0.043880 0.574232
0.136563 -0.045148 0.578235
0.132909 -0.046773 0.574471
0.133858 -0.048280 0.577146
0.135699 -0.042189 0.579310
0.133512 -0.047809 0.579009
0.136621 -0.047374 0.577679
0.134832 -0.040302 0.577934
0.137204 -0.044488 0.579401
0.139310 -0.042566 0.577512
0.134715 -0.041699 0.580249
0.132430 -0.045884 0.580415
0.133372 -0.042749 0.578923
0.135560 -0.046212 0.578549
0.139521 -0.047424 0.582996
0.141635 -0.046762 0.581907
0.141579 -0.045374 0.580684
0.139967 -0.042253 0.585293
0.139933 -0.044733 0.584078
0.139692 -0.046548 0.583078
0.141766 -0.044711 0.584246
0.136773 -0.045110 0.584863
0.139483 -0.047249 0.584572
0.139520 -0.045209 0.585462
0.141663 -0.045374 0.588611
0.139631 -0.044288 0.585329
0.142661 -0.045901 0.590354
0.141381 -0.042770 0.588743
0.138918 -0.046243 0.588051
0.137319 -0.043669 0.584983
0.142411 -0.046287 0.591364
0.142472 -0.044039 0.594477
0.139262 -0.047009 0.589099
0.139621 -0.044777 0.592650
0.141807 -0.041900 0.590182
0.142190 -0.045725 0.589024
0.143020 -0.042003 0.592527
0.140797 -0.049786 0.590878
0.143371 -0.041809 0.590047
0.143433 -0.043343 0.589943
0.139981 -0.043624 0.593980
0.142583 -0.043928 0.593133
0.137736 -0.045957 0.592077
0.141542 -0.042446 0.596237
0.143247 -0.040976 0.589488
0.145722 -0.046569 0.592569
0.144660 -0.045548 0.595923
0.143417 -0.045065 0.599469
0.140028 -0.048351 0.595118
0.141294 -0.041506 0.596715
0.142713 -0.045927 0.597695
0.141312 -0.045710 0.599566
0.145647 -0.042416 0.594103
0.142791 -0.047401 0.598865
0.139112 -0.046854 0.603765
0.146679 -0.047167 0.602054
0.140201 -0.042858 0.601779
0.142073 -0.042228 0.600962
0.142717 -0.045366 0.603311
0.142619 -0.045312 0.602754
0.141891 -0.047145 0.603450
0.143108 -0.043648 0.606195
0.143443 -0.043937 0.603457
0.144579 -0.048697 0.604942
0.146025 -0.047826 0.606488
0.142381 -0.047534 0.602422
0.144112 -0.044014 0.607702
0.141811 -0.048203 0.609611
0.143555 -0.044454 0.610919
0.141370 -0.043630 0.606692
0.140729 -0.041414 0.612475
0.141878 -0.043241 0.612260
0.141448 -0.044536 0.609499
0.145340 -0.045043 0.613180
0.139109 -0.046669 0.610004
0.142537 -0.043675 0.610328
0.140619 -0.043056 0.611848
0.140270 -0.043801 0.611798
0.141953 -0.044078 0.610030
0.139979 -0.046818 0.612749
0.139018 -0.045629 0.612081
0.140992 -0.045535 0.615937
0.141062 -0.045234 0.612578
0.142953 -0.044424 0.616686
0.141567 -0.045882 0.616336
0.143615 -0.041391 0.616174
0.137448 -0.045068 0.615930
0.142922 -0.046224 0.617734
0.140467 -0.046176 0.615326
0.135768 -0.045231 0.618225
0.136057 -0.042443 0.618854
0.137933 -0.046820 0.616809
0.137094 -0.045246 0.617365
0.136876 -0.045875 0.621222
0.137364 -0.043527 0.613568
0.136904 -0.044442 0.622391
0.135828 -0.044355 0.622157
0.134365 -0.046253 0.620742
0.138969 -0.043891 0.621787
0.136685 -0.044700 0.623013
0.135396 -0.046791 0.624578
0.136285 -0.041938 0.622727
0.136993 -0.048228 0.622004
0.133160 -0.042658 0.620567
0.137074 -0.046600 0.626400
0.137147 -0.045668 0.624512
0.132520 -0.042525 0.625333
0.135570 -0.044199 0.627014
0.134886 -0.048492 0.625855
0.134266 -0.045894 0.624972
0.133949 -0.044665 0.627122
0.133009 -0.043550 0.626510
0.130371 -0.045054 0.628476
0.128849 -0.046791 0.629979
0.132007 -0.045063 0.627443
0.126890 -0.046206 0.626431
0.133497 -0.044412 0.630725
0.135932 -0.046169 0.630158
0.136294 -0.041984 0.628771
0.132531 -0.048311 0.631353
0.124461 -0.048115 0.633372
0.127338 -0.048288 0.632219
0.129784 -0.041461 0.629741
0.127809 -0.045086 0.628007
0.130644 -0.047808 0.630565
0.130881 -0.043239 0.630707
0.125936 -0.048767 0.630489
0.129462 -0.043010 0.631404
0.126991 -0.047256 0.634469
0.126407 -0.043475 0.630955
0.122590 -0.044122 0.632723
0.129430 -0.045833 0.633189
0.125124 -0.045441 0.634606
0.124750 -0.046286 0.633791
0.124983 -0.042013 0.634562
0.123984 -0.045400 0.637827
0.120332 -0.045544 0.637830
0.121269 -0.046721 0.631588
0.123876 -0.046394 0.632721
0.122489 -0.043284 0.635575
0.124055 -0.044922 0.637997
0.121060 -0.044192 0.635339
0.121101 -0.045406 0.639170
0.122248 -0.038133 0.563967
0.121094 -0.041525 0.563628
0.121224 -0.042676 0.560729
0.125096 -0.042059 0.566128
0.123296 -0.040145 0.565218
0.122411 -0.038803 0.563813
0.120074 -0.042128 0.564116
0.126976 -0.045736 0.566956
0.120916 -0.038944 0.564183
0.124681 -0.041115 0.565436
0.128935 -0.041727 0.566561
0.125646 -0.041974 0.567957
0.127341 -0.042182 0.563181
0.127559 -0.043124 0.571403
0.127248 -0.039858 0.566438
0.128018 -0.041930 0.568969
0.129494 -0.044095 0.569846
0.129578 -0.042582 0.567658
0.130260 -0.042524 0.564359
0.128706 -0.040806 0.568701
0.127678 -0.042607 0.568103
0.133087 -0.040954 0.567840
0.129655 -0.043109 0.572273
0.131802 -0.043270 0.571018
0.131295 -0.044318 0.569710
0.130592 -0.042630 0.570124
0.126084 -0.042877 0.568975
0.134836 -0.042393 0.571997
0.134519 -0.042810 0.572794
0.135445 -0.041335 0.570955
0.131280 -0.041224 0.572295
0.135588 -0.040085 0.574258
0.132672 -0.042528 0.574280
0.131172 -0.042579 0.574917
0.130644 -0.038539 0.574324
0.132006 -0.044091 0.570221
0.132508 -0.043654 0.575325
0.135486 -0.040451 0.573608
0.135290 -0.040020 0.576076
0.131535 -0.043323 0.577731
0.133717 -0.038931 0.575794
0.136599 -0.044589 0.574008
0.136633 -0.041328 0.578781
0.136149 -0.040802 0.580172
0.133371 -0.042576 0.580754
0.136610 -0.039035 0.580058
0.139590 -0.042673 0.580896
0.140840 -0.038908 0.578496
0.137521 -0.043358 0.582529
0.137930 -0.040838 0.578609
0.137009 -0.039552 0.585840
0.142173 -0.041973 0.576436
0.137198 -0.041443 0.586680
0.141217 -0.043978 0.579410
0.142350 -0.041371 0.583216
0.141021 -0.044692 0.583999
0.140610 -0.042507 0.584574
0.141140 -0.042284 0.585423
0.138264 -0.040802 0.584158
0.137953 -0.039587 0.585675
0.141578 -0.041288 0.585810
0.139315 -0.041459 0.587374
0.136424 -0.044525 0.587449
0.137630 -0.043357 0.586928
0.139814 -0.042889 0.585607
0.143787 -0.044944 0.589466
0.142319 -0.044270 0.586381
0.143171 -0.045174 0.587671
0.140094 -0.042872 0.595891
0.143570 -0.044497 0.589106
0.139252 -0.039552 0.585457
0.139107 -0.042127 0.592525
0.138809 -0.045194 0.587318
0.144420 -0.037845 0.590824
0.140460 -0.041110 0.593464
0.139900 -0.044493 0.594693
0.141199 -0.038477 0.593448
0.140532 -0.040812 0.598317
0.148865 -0.042378 0.595290
0.142320 -0.041608 0.593653
0.140025 -0.040834 0.597385
0.145969 -0.042316 0.593848
0.145425 -0.041442 0.598239
0.141467 -0.040426 0.595600
0.140476 -0.044146 0.601142
0.144276 -0.045137 0.596779
0.141620 -0.042971 0.594826
0.142507 -0.042131 0.598301
0.141127 -0.041229 0.599493
0.144230 -0.042344 0.599101
0.142580 -0.039398 0.599546
0.140555 -0.046269 0.597600
0.141370 -0.041196 0.600008
0.143566 -0.038923 0.597899
0.140997 -0.039565 0.601123
0.145455 -0.048039 0.602279
0.143091 -0.040706 0.600236
0.137997 -0.039747 0.604715
0.143230 -0.042100 0.599957
0.140184 -0.042006 0.606800
0.140067 -0.037967 0.607888
0.142681 -0.042807 0.605426
0.144322 -0.043192 0.606217
0.140458 -0.040527 0.604621
0.143572 -0.041836 0.607665
0.143351 -0.040726 0.606112
0.143276 -0.041970 0.606333
0.140351 -0.042057 0.607790
0.139639 -0.041178 0.610218
0.141689 -0.041440 0.610645
0.141858 -0.041443 0.608325
0.140046 -0.039124 0.608119
0.139951 -0.042648 0.612715
0.143104 -0.039644 0.614256
0.143595 -0.039575 0.613458
0.138354 -0.040889 0.610982
0.142123 -0.039879 0.611392
0.140826 -0.044337 0.612311
0.141299 -0.043294 0.613692
0.137524 -0.041533 0.615811
0.137874 -0.041824 0.617801
0.139165 -0.042886 0.615866
0.139928 -0.041340 0.615334
0.142359 -0.041674 0.616378
0.142884 -0.041007 0.616232
0.141467 -0.039619 0.619168
0.138557 -0.039999 0.619544
0.139889 -0.040289 0.619155
0.138160 -0.042556 0.620440
0.139755 -0.041533 0.616242
0.139306 -0.045288 0.619276
0.132489 -0.040497 0.619079
0.136786 -0.040489 0.619398
0.137078 -0.043050 0.623445
0.135937 -0.039229 0.622279
0.135122 -0.039627 0.619796
0.136958 -0.040543 0.623662
0.138961 -0.041211 0.620726
0.133361 -0.041924 0.618254
0.136708 -0.040278 0.620248
0.130537 -0.044209 0.625600
0.135484 -0.040586 0.621386
0.134251 -0.039069 0.623735
0.134519 -0.043319 0.623074
0.133847 -0.043370 0.625237
0.132767 -0.041576 0.627240
0.130964 -0.040591 0.628374
0.136261 -0.042380 0.626039
0.133036 -0.043801 0.626887
0.134500 -0.042440 0.627915
0.134631 -0.043322 0.629557
0.130721 -0.038565 0.630614
0.129400 -0.040023 0.629020
0.131799 -0.042337 0.626411
0.133947 -0.044800 0.631106
0.130307 -0.042984 0.623824
0.132567 -0.041915 0.627133
0.127045 -0.043025 0.635572
0.129575 -0.041933 0.627467
0.129688 -0.041254 0.631471
0.129410 -0.038646 0.633366
0.125939 -0.042765 0.631551
0.127933 -0.041753 0.636653
0.125766 -0.046562 0.633154
0.128549 -0.044508 0.634410
0.125371 -0.041925 0.630368
0.125484 -0.043877 0.631273
0.122848 -0.042692 0.631775
0.127172 -0.043454 0.634197
0.123933 -0.044975 0.633581
0.123677 -0.041255 0.631675
0.125814 -0.041234 0.635851
0.123342 -0.043799 0.631391
0.126088 -0.040231 0.634302
0.122666 -0.042707 0.635126
0.123427 -0.040717 0.634944
0.121044 -0.040827 0.637953
0.123305 -0.041775 0.637884
0.119759 -0.040814 0.638567
0.123554 -0.042628 0.639799
0.119752 -0.038842 0.563982
0.120493 -0.037935 0.563608
0.126660 -0.035510 0.563918
0.119321 -0.036139 0.564536
0.122743 -0.036030 0.562094
0.123041 -0.034867 0.566367
0.120592 -0.036237 0.567469
0.122671 -0.036771 0.566010
0.122434 -0.038517 0.566024
0.127155 -0.037502 0.566249
0.129741 -0.037002 0.569235
0.125665 -0.035374 0.563493
0.121839 -0.037097 0.564141
0.123954 -0.037607 0.568394
0.128032 -0.036206 0.566633
0.128598 -0.039047 0.566771
0.128172 -0.038804 0.569777
0.127803 -0.041252 0.567249
0.130893 -0.039290 0.567419
0.135046 -0.036873 0.569323
0.130228 -0.037518 0.566038
0.129672 -0.036900 0.570150
0.128906 -0.038494 0.570848
0.128689 -0.038065 0.571702
0.128504 -0.040941 0.566691
0.130576 -0.040019 0.569614
0.133729 -0.041059 0.568232
0.130627 -0.039032 0.572770
0.134475 -0.035380 0.573246
0.133416 -0.036894 0.573112
0.132773 -0.041597 0.572701
0.128963 -0.040111 0.570872
0.130812 -0.038054 0.574593
0.135891 -0.040968 0.576202
0.133442 -0.037441 0.575443
0.135288 -0.036379 0.575344
0.133077 -0.039433 0.577313
0.134360 -0.034482 0.573057
0.135237 -0.040060 0.574717
0.135122 -0.040893 0.575230
0.138496 -0.037226 0.578574
0.140125 -0.036413 0.577136
0.137800 -0.037271 0.576295
0.137255 -0.038206 0.577137
0.136578 -0.039048 0.574976
0.135684 -0.037461 0.576846
0.135920 -0.041274 0.577709
0.136448 -0.037013 0.578333
0.136951 -0.038364 0.583477
0.138298 -0.040260 0.577307
0.137052 -0.033992 0.584774
0.137404 -0.040098 0.581518
0.136230 -0.035372 0.582253
0.141021 -0.039473 0.585307
0.141989 -0.038768 0.583403
0.143383 -0.039128 0.582629
0.140034 -0.039780 0.582386
0.136117 -0.035645 0.585929
0.140226 -0.036359 0.584308
0.137161 -0.041509 0.584018
0.140015 -0.041357 0.585883
0.139820 -0.040724 0.587155
0.139355 -0.036503 0.588594
0.139580 -0.041120 0.587895
0.143168 -0.041860 0.588161
0.143694 -0.037202 0.589291
0.140871 -0.037719 0.588199
0.140620 -0.039795 0.590756
0.139843 -0.036909 0.584995
0.144674 -0.033629 0.588551
0.143515 -0.036649 0.591609
0.142330 -0.036720 0.594269
0.141254 -0.038337 0.590680
0.142626 -0.041287 0.593830
0.140337 -0.037889 0.593923
0.144074 -0.037045 0.592484
0.141515 -0.037193 0.594575
0.144812 -0.040345 0.594327
0.141398 -0.040548 0.595855
0.142989 -0.035784 0.591977
0.141322 -0.037976 0.591503
0.143238 -0.032881 0.599163
0.143563 -0.039993 0.598194
0.138286 -0.037261 0.594828
0.139998 -0.039555 0.597614
0.146220 -0.039362 0.594074
0.144297 -0.035911 0.595377
0.139886 -0.040016 0.597893
0.143129 -0.040217 0.597763
0.143408 -0.041500 0.599641
0.139775 -0.038999 0.599796
0.144988 -0.040716 0.600015
0.143991 -0.037892 0.604087
0.143657 -0.036030 0.604966
0.144300 -0.039479 0.605227
0.139853 -0.039892 0.602345
0.141012 -0.037548 0.600331
0.141549 -0.038500 0.604761
0.139362 -0.039483 0.604770
0.140396 -0.043215 0.605828
0.137095 -0.037062 0.603977
0.145987 -0.039414 0.607472
0.145131 -0.038435 0.606936
0.142550 -0.038502 0.605537
0.141892 -0.037067 0.606051
0.143279 -0.043142 0.608501
0.140868 -0.036376 0.607709
0.144274 -0.036815 0.608058
0.140541 -0.039578 0.609751
0.141972 -0.038666 0.610236
0.139890 -0.039218 0.612662
0.138936 -0.037002 0.609659
0.141325 -0.037546 0.611701
0.142665 -0.040788 0.609721
0.143228 -0.037409 0.612457
0.143604 -0.037759 0.612592
0.141200 -0.039369 0.613767
0.140785 -0.037744 0.611131
0.139744 -0.043106 0.613754
0.140572 -0.038025 0.612173
0.142826 -0.037066 0.615216
0.139793 -0.036142 0.616018
0.139806 -0.038967 0.614275
0.139711 -0.036045 0.613049
0.143144 -0.040205 0.616327
0.137497 -0.039319 0.616070
0.139005 -0.037174 0.619263
0.135856 -0.036870 0.614840
0.139805 -0.040199 0.616906
0.137828 -0.039296 0.615445
0.133600 -0.038025 0.620519
0.136525 -0.039738 0.621212
0.136133 -0.036779 0.619430
0.136862 -0.035967 0.620194
0.134833 -0.037006 0.622475
0.135760 -0.038547 0.620934
0.136143 -0.036376 0.618310
0.133560 -0.037193 0.622421
0.136738 -0.040247 0.620642
0.133282 -0.037839 0.626995
0.137868 -0.036216 0.628084
0.133598 -0.041076 0.622443
0.134720 -0.034892 0.625585
0.135435 -0.035215 0.624585
0.132347 -0.040445 0.625386
0.131891 -0.037718 0.625882
0.135864 -0.038083 0.626429
0.135312 -0.037925 0.627940
0.133953 -0.035839 0.629691
0.130429 -0.038501 0.627707
0.131155 -0.038953 0.628988
0.131744 -0.039791 0.627992
0.136151 -0.034566 0.628509
0.132380 -0.036321 0.628222
0.132264 -0.037046 0.629366
0.130632 -0.038861 0.625883
0.131564 -0.038003 0.629474
0.131933 -0.037412 0.630961
0.129972 -0.037077 0.629744
0.129531 -0.034723 0.626728
0.125257 -0.039049 0.632397
0.128391 -0.038442 0.630233
0.129757 -0.040095 0.628765
0.129460 -0.041501 0.632894
0.127316 -0.037438 0.632868
0.126241 -0.037429 0.635285
0.128326 -0.035174 0.633918
0.128429 -0.038543 0.635635
0.124798 -0.039443 0.632633
0.124283 -0.037928 0.637405
0.123015 -0.038837 0.634312
0.127369 -0.036461 0.630294
0.127357 -0.038876 0.636669
0.122288 -0.037329 0.635023
0.126059 -0.038780 0.632659
0.124377 -0.038679 0.637869
0.126623 -0.034457 0.634326
0.121266 -0.038519 0.639786
0.122101 -0.040431 0.638787
0.120680 -0.037423 0.636404
0.118775 -0.033596 0.561118
0.120489 -0.036209 0.564368
0.119408 -0.033875 0.564610
0.120447 -0.036278 0.564627
0.122112 -0.033233 0.566751
0.123050 -0.034789 0.563034
0.122310 -0.034478 0.566173
0.123117 -0.036940 0.563924
0.126648 -0.033118 0.563413
0.124251 -0.035876 0.568457
0.123843 -0.036452 0.563884
0.124723 -0.034943 0.565749
0.126323 -0.034996 0.566720
0.126670 -0.034521 0.568832
0.128365 -0.036724 0.565159
0.123863 -0.037075 0.568418
0.128433 -0.032051 0.568594
0.132653 -0.034541 0.569697
0.129546 -0.038064 0.571139
0.130815 -0.036358 0.566922
0.127363 -0.032942 0.568910
0.131431 -0.033277 0.567866
0.130607 -0.037927 0.571583
0.132172 -0.033700 0.569160
0.131802 -0.036384 0.571170
0.127429 -0.034757 0.571452
0.129596 -0.038185 0.570837
0.131547 -0.032543 0.572087
0.129728 -0.037591 0.569530
0.131677 -0.033652 0.574376
0.132022 -0.032317 0.570305
0.130019 -0.036207 0.575492
0.130570 -0.032857 0.571920
0.133847 -0.034611 0.576664
0.133191 -0.035595 0.577157
0.134248 -0.036945 0.572738
0.132622 -0.033729 0.575410
0.131951 -0.036868 0.576632
0.135246 -0.035706 0.579463
0.136717 -0.034182 0.577952
0.135967 -0.034751 0.575967
0.138095 -0.034124 0.574485
0.138414 -0.031150 0.578015
0.137410 -0.036208 0.578937
0.134293 -0.032337 0.581177
0.135553 -0.035358 0.581085
0.136993 -0.033363 0.582295
0.135058 -0.035384 0.578020
0.136942 -0.034590 0.580874
0.134330 -0.035658 0.585822
0.137793 -0.037540 0.582923
0.137051 -0.036092 0.583572
0.138822 -0.032211 0.581800
0.138846 -0.035864 0.583519
0.141676 -0.035098 0.581514
0.137692 -0.033668 0.581540
0.140221 -0.029660 0.580957
0.136423 -0.034157 0.584353
0.140066 -0.034109 0.580354
0.139897 -0.034346 0.587928
0.141709 -0.037671 0.584560
0.139056 -0.031319 0.586562
0.139557 -0.030395 0.585169
0.140849 -0.034480 0.589240
0.138954 -0.030417 0.588894
0.137601 -0.035803 0.588549
0.139892 -0.034884 0.592225
0.142282 -0.034326 0.590185
0.141467 -0.033525 0.587164
0.138904 -0.033476 0.590496
0.135881 -0.038908 0.590738
0.142427 -0.035205 0.593276
0.144429 -0.031306 0.591283
0.139228 -0.032296 0.587797
0.140699 -0.039617 0.591998
0.142927 -0.035297 0.590049
0.140936 -0.032856 0.593974
0.143355 -0.038654 0.591716
0.141200 -0.030517 0.594720
0.139539 -0.032653 0.597606
0.139167 -0.035912 0.596722
0.141751 -0.036465 0.598047
0.141123 -0.030101 0.598723
0.142860 -0.034588 0.595930
0.144387 -0.034254 0.600440
0.142556 -0.034885 0.594148
0.143820 -0.034335 0.596463
0.143221 -0.036600 0.600578
0.149224 -0.035813 0.603192
0.143210 -0.037137 0.598129
0.141641 -0.033337 0.599576
0.144963 -0.031194 0.598820
0.143045 -0.035712 0.602771
0.141807 -0.035292 0.602480
0.144703 -0.033788 0.603726
0.145195 -0.033823 0.604627
0.143237 -0.032264 0.602237
0.140451 -0.035771 0.604512
0.142625 -0.035073 0.603333
0.144366 -0.031926 0.607189
0.140638 -0.037607 0.606658
0.143662 -0.032277 0.603994
0.139389 -0.035196 0.606632
0.141770 -0.035643 0.607047
0.144230 -0.036746 0.603715
0.141625 -0.029850 0.608597
0.139541 -0.037911 0.607559
0.144058 -0.036506 0.605613
0.140003 -0.035750 0.606943
0.142383 -0.033250 0.604872
0.142503 -0.036324 0.613407
0.139360 -0.031812 0.609661
0.141520 -0.035338 0.612163
0.143201 -0.033654 0.612360
0.141742 -0.035338 0.615404
0.139928 -0.035569 0.611421
0.139755 -0.034285 0.615608
0.140035 -0.033036 0.614110
0.140953 -0.032784 0.615730
0.141009 -0.034082 0.612505
0.140799 -0.035629 0.616437
0.136351 -0.036797 0.615171
0.141692 -0.033949 0.615680
0.139095 -0.033660 0.614296
0.141945 -0.034729 0.617919
0.138848 -0.036248 0.616339
0.139769 -0.037939 0.615677
0.137535 -0.035384 0.618477
0.139030 -0.032819 0.619241
0.138834 -0.033707 0.617916
0.137435 -0.034622 0.620727
0.136905 -0.036769 0.622502
0.137691 -0.032185 0.616189
0.136797 -0.033825 0.620381
0.136887 -0.033318 0.620931
0.134612 -0.035865 0.621546
0.137705 -0.036142 0.620547
0.138820 -0.032076 0.619054
0.135092 -0.036406 0.622427
0.135849 -0.034270 0.624740
0.134509 -0.033496 0.622929
0.136786 -0.035607 0.622610
0.133395 -0.036158 0.625546
0.136487 -0.040451 0.626836
0.136298 -0.035251 0.625515
0.133175 -0.029265 0.623888
0.135215 -0.034940 0.627350
0.132521 -0.034619 0.629370
0.138935 -0.035673 0.622446
0.132974 -0.038334 0.627574
0.129677 -0.038350 0.633160
0.132237 -0.036609 0.627161
0.129993 -0.035962 0.631665
0.130564 -0.035760 0.627953
0.128622 -0.035225 0.630173
0.128903 -0.035522 0.630410
0.130665 -0.035671 0.633291
0.132681 -0.030003 0.634346
0.129406 -0.031501 0.632880
0.130925 -0.035741 0.630482
0.126431 -0.031750 0.630535
0.132388 -0.031456 0.629821
0.126416 -0.034739 0.633756
0.128990 -0.034580 0.631144
0.128174 -0.032498 0.632676
0.128487 -0.036255 0.631596
0.129844 -0.031293 0.630519
0.125348 -0.035580 0.634508
0.126303 -0.035999 0.634275
0.123953 -0.032467 0.634800
0.125753 -0.029772 0.631506
0.126855 -0.033852 0.630348
0.125662 -0.034971 0.636446
0.123545 -0.033321 0.633930
0.124608 -0.033190 0.636213
0.123931 -0.035312 0.637065
0.123451 -0.034695 0.637097
0.118650 -0.035424 0.640474
0.120598 -0.033153 0.634812
0.121123 -0.036933 0.636617
0.119518 -0.030071 0.562208
0.125397 -0.034395 0.566469
0.119685 -0.032143 0.562860
0.122558 -0.031879 0.563186
0.121810 -0.031152 0.564011
0.123335 -0.034300 0.563847
0.126050 -0.029330 0.562201
0.122418 -0.029202 0.562237
0.125644 -0.032236 0.564993
0.124870 -0.028795 0.564054
0.124026 -0.029334 0.564562
0.124078 -0.028551 0.564977
0.130062 -0.034112 0.568248
0.124269 -0.031233 0.569706
0.125467 -0.028203 0.567510
0.127379 -0.030416 0.565395
0.127449 -0.034885 0.568925
0.124467 -0.032571 0.571861
0.127170 -0.031594 0.570584
0.127323 -0.029800 0.568249
0.127686 -0.029692 0.571516
0.131988 -0.031803 0.568622
0.133159 -0.034954 0.572183
0.129721 -0.034606 0.570193
0.133709 -0.032234 0.569452
0.130951 -0.030636 0.570421
0.129647 -0.031854 0.570290
0.132578 -0.030375 0.569566
0.132959 -0.030324 0.571706
0.127998 -0.031234 0.574788
0.133601 -0.030397 0.569754
0.128057 -0.033210 0.569518
0.130444 -0.027645 0.573173
0.135011 -0.033711 0.573015
0.133096 -0.029683 0.573237
0.132847 -0.031370 0.572436
0.131951 -0.028019 0.574313
0.138762 -0.031666 0.576939
0.131999 -0.031556 0.574827
0.135632 -0.035753 0.578959
0.139060 -0.031124 0.575131
0.137385 -0.033276 0.575832
0.136544 -0.032724 0.576468
0.135582 -0.030649 0.577462
0.136347 -0.031791 0.573313
0.138652 -0.033348 0.583375
0.138938 -0.030865 0.578235
0.140971 -0.027445 0.578547
0.136879 -0.033504 0.579167
0.135483 -0.028559 0.581561
0.140305 -0.031667 0.579865
0.136409 -0.030232 0.582977
0.139582 -0.030847 0.581291
0.141065 -0.029142 0.585241
0.137423 -0.034786 0.583675
0.137901 -0.028338 0.587435
0.140870 -0.031316 0.581174
0.140937 -0.028819 0.579713
0.136166 -0.028703 0.585256
0.140315 -0.031381 0.583265
0.134489 -0.031462 0.583750
0.139170 -0.036072 0.586626
0.136393 -0.030081 0.584522
0.137666 -0.033957 0.586458
0.138899 -0.029542 0.585258
0.143438 -0.034137 0.588134
0.141754 -0.033054 0.588130
0.139929 -0.033804 0.591654
0.137941 -0.033588 0.589293
0.143447 -0.031816 0.587957
0.140405 -0.027885 0.589403
0.141380 -0.031582 0.588559
0.142046 -0.030752 0.591220
0.141204 -0.035217 0.590659
0.141217 -0.031848 0.591067
0.141782 -0.031286 0.592744
0.139869 -0.027662 0.591297
0.143063 -0.032504 0.591717
0.141372 -0.035332 0.595613
0.142912 -0.031714 0.592235
0.142793 -0.035585 0.595390
0.143444 -0.030358 0.594868
0.144779 -0.034089 0.597903
0.138671 -0.029699 0.596796
0.141418 -0.032148 0.597285
0.141992 -0.030561 0.599613
0.141872 -0.031749 0.597944
0.142028 -0.032412 0.596055
0.140569 -0.030087 0.597017
0.141173 -0.028285 0.598666
0.138070 -0.033050 0.599538
0.143659 -0.030506 0.600034
0.140901 -0.031739 0.598994
0.140663 -0.031947 0.604147
0.141498 -0.033920 0.605429
0.142846 -0.033290 0.602295
0.144409 -0.028659 0.603414
0.143921 -0.032594 0.603663
0.143761 -0.030063 0.603343
0.142133 -0.030385 0.604703
0.142459 -0.030164 0.608058
0.144455 -0.031080 0.604532
0.140109 -0.030971 0.605986
0.138959 -0.030608 0.604760
0.142600 -0.034251 0.606268
0.140930 -0.033026 0.607154
0.142825 -0.029390 0.609939
0.142203 -0.032068 0.606466
0.141350 -0.033946 0.610131
0.143682 -0.030917 0.608130
0.142694 -0.031664 0.608831
0.141025 -0.034136 0.613556
0.142487 -0.034310 0.611369
0.143206 -0.032122 0.613030
0.133390 -0.034715 0.610397
0.137611 -0.028433 0.611604
0.139823 -0.030972 0.614330
0.137841 -0.024580 0.611679
0.138593 -0.030948 0.616710
0.139535 -0.031601 0.616935
0.140784 -0.033000 0.613530
0.140645 -0.034122 0.614913
0.141516 -0.034267 0.613733
0.141547 -0.032318 0.618564
0.139484 -0.028396 0.615309
0.140114 -0.030366 0.616781
0.138019 -0.030688 0.617630
0.139620 -0.031553 0.618110
0.137427 -0.031260 0.614331
0.137632 -0.028255 0.622288
0.136382 -0.031669 0.616990
0.137646 -0.031251 0.619805
0.135719 -0.030444 0.621540
0.137935 -0.034845 0.623790
0.141292 -0.028960 0.620227
0.138227 -0.033603 0.621365
0.136983 -0.029327 0.621883
0.135508 -0.034657 0.620836
0.135518 -0.032222 0.621598
0.134080 -0.028260 0.621714
0.132524 -0.028410 0.624859
0.138280 -0.033638 0.621330
0.135469 -0.033913 0.622570
0.137581 -0.030184 0.622285
0.136552 -0.027553 0.626832
0.131459 -0.031424 0.625275
0.133177 -0.031661 0.627185
0.129723 -0.030445 0.629470
0.130739 -0.034456 0.626118
0.130592 -0.032539 0.627515
0.136360 -0.035203 0.629557
0.132463 -0.030375 0.623435
0.128755 -0.028481 0.628124
0.133017 -0.030603 0.628168
0.132394 -0.030341 0.626304
0.129759 -0.030833 0.632081
0.131378 -0.034828 0.630031
0.127450 -0.033865 0.628758
0.127115 -0.032383 0.630499
0.129808 -0.032932 0.634412
0.125494 -0.031179 0.633038
0.128876 -0.029916 0.632173
0.130109 -0.032263 0.631012
0.128796 -0.032059 0.636867
0.130063 -0.030704 0.632914
0.124481 -0.032521 0.630945
0.126232 -0.034119 0.631027
0.126597 -0.032915 0.633865
0.130694 -0.032047 0.632264
0.128798 -0.033331 0.635251
0.125513 -0.033394 0.630501
0.124799 -0.029356 0.635258
0.124008 -0.030716 0.639048
0.122725 -0.032165 0.632710
0.126444 -0.030218 0.636769
0.124711 -0.033048 0.632989
0.123429 -0.032094 0.636759
0.117996 -0.029797 0.635556
0.117634 -0.031078 0.635111
0.118509 -0.028069 0.634890
0.122440 -0.030727 0.564263
0.121872 -0.028500 0.562820
0.122173 -0.028646 0.565494
0.124463 -0.027802 0.563119
0.125660 -0.028241 0.561995
0.122765 -0.027000 0.566615
0.125511 -0.028653 0.563151
0.126740 -0.024544 0.566220
0.125423 -0.028144 0.563296
0.125848 -0.029495 0.563184
0.126457 -0.025377 0.563653
0.127954 -0.026544 0.561837
0.125102 -0.030238 0.566186
0.127498 -0.026397 0.570107
0.126982 -0.032090 0.569267
0.128251 -0.030159 0.569938
0.127588 -0.031183 0.565108
0.128832 -0.030530 0.568348
0.127190 -0.026026 0.572731
0.130366 -0.028499 0.570322
0.124085 -0.028086 0.566952
0.130450 -0.026660 0.572586
0.131244 -0.029411 0.567741
0.131232 -0.026798 0.570839
0.133808 -0.031464 0.569314
0.130255 -0.032367 0.569674
0.132741 -0.029926 0.572330
0.129055 -0.024071 0.571404
0.132536 -0.030558 0.569984
0.132961 -0.026205 0.575314
0.129915 -0.030961 0.574617
0.130933 -0.025444 0.579224
0.132276 -0.028739 0.574634
0.130174 -0.026276 0.571109
0.134382 -0.026192 0.574177
0.129123 -0.030748 0.573165
0.131790 -0.028451 0.579750
0.133908 -0.027485 0.578508
0.135909 -0.025177 0.575659
0.132719 -0.028483 0.576039
0.138358 -0.028026 0.581139
0.136303 -0.031553 0.574279
0.135010 -0.030874 0.576200
0.137453 -0.028747 0.577838
0.135782 -0.028330 0.578067
0.136707 -0.029516 0.572765
0.137567 -0.030541 0.577988
0.140290 -0.029794 0.578801
0.137795 -0.024838 0.582294
0.140383 -0.031061 0.580672
0.138446 -0.022905 0.582370
0.133636 -0.027006 0.581326
0.137815 -0.027623 0.584712
0.140294 -0.031228 0.581535
0.138639 -0.027265 0.582753
0.136599 -0.026109 0.582176
0.142228 -0.027945 0.582582
0.141160 -0.026916 0.588940
0.141921 -0.029921 0.584697
0.139969 -0.030008 0.582805
0.141976 -0.027786 0.583716
0.141477 -0.029571 0.590206
0.141467 -0.029672 0.587138
0.142994 -0.029793 0.585530
0.143537 -0.024602 0.586610
0.140046 -0.028885 0.585952
0.140960 -0.027139 0.590336
0.140394 -0.027421 0.588319
0.145517 -0.029690 0.592945
0.141040 -0.027638 0.587430
0.140218 -0.025264 0.592951
0.138593 -0.027038 0.592325
0.141297 -0.029249 0.587861
0.140662 -0.023848 0.594257
0.139151 -0.027432 0.591452
0.141056 -0.028995 0.590391
0.140969 -0.029433 0.597245
0.140475 -0.035224 0.592593
0.141019 -0.028593 0.593816
0.141722 -0.026047 0.592099
0.142376 -0.027337 0.595213
0.143325 -0.023834 0.591874
0.139386 -0.030379 0.595378
0.144943 -0.028016 0.597328
0.140055 -0.028493 0.597603
0.143377 -0.027961 0.595700
0.140061 -0.028957 0.596109
0.140527 -0.031311 0.598849
0.140306 -0.027760 0.599928
0.142042 -0.026771 0.602101
0.142502 -0.031973 0.603529
0.143260 -0.023445 0.600189
0.143019 -0.024409 0.603295
0.142295 -0.027775 0.598872
0.141469 -0.027502 0.603841
0.140284 -0.028935 0.601058
0.146500 -0.025540 0.600563
0.143828 -0.028271 0.604175
0.141674 -0.028221 0.605564
0.139243 -0.028655 0.606776
0.140392 -0.027046 0.608819
0.142373 -0.029282 0.602574
0.144754 -0.028796 0.608492
0.141874 -0.028020 0.610159
0.139628 -0.029731 0.607246
0.141633 -0.026671 0.607042
0.143018 -0.027813 0.608488
0.137208 -0.029735 0.605450
0.142076 -0.029564 0.610155
0.141668 -0.024889 0.608665
0.141611 -0.024171 0.610876
0.144146 -0.027853 0.614235
0.139457 -0.025082 0.612067
0.141728 -0.028593 0.612355
0.141342 -0.028526 0.613464
0.138317 -0.027483 0.613893
0.139422 -0.027030 0.612517
0.139172 -0.029927 0.615696
0.139490 -0.030578 0.614301
0.136161 -0.030341 0.616038
0.137687 -0.025935 0.616434
0.140702 -0.027095 0.617041
0.139243 -0.028867 0.615091
0.139019 -0.027458 0.616810
0.141392 -0.022369 0.613005
0.139814 -0.025784 0.615593
0.140192 -0.026269 0.619633
0.137087 -0.031474 0.617677
0.138698 -0.027993 0.621350
0.140221 -0.031033 0.619158
0.140158 -0.028096 0.616033
0.138533 -0.029422 0.622226
0.133437 -0.026128 0.621451
0.142522 -0.029159 0.621309
0.135085 -0.026966 0.620841
0.135428 -0.028740 0.621773
0.135347 -0.027413 0.622993
0.136731 -0.027437 0.620905
0.135958 -0.030084 0.622106
0.134659 -0.030065 0.624111
0.136383 -0.026324 0.623237
0.135578 -0.027809 0.623403
0.135063 -0.029766 0.627807
0.132845 -0.031666 0.627106
0.135841 -0.025180 0.623223
0.134281 -0.027602 0.623386
0.134028 -0.030117 0.623934
0.132766 -0.030846 0.629918
0.137082 -0.027706 0.627217
0.131420 -0.032184 0.630142
0.133161 -0.027245 0.627404
0.132551 -0.028266 0.627389
0.129589 -0.026626 0.630355
0.134541 -0.027709 0.629087
0.131031 -0.027705 0.629388
0.131461 -0.029831 0.630628
0.131825 -0.028269 0.626437
0.129465 -0.030871 0.628250
0.132966 -0.031047 0.627837
0.128405 -0.029276 0.632196
0.129254 -0.029225 0.629759
0.127086 -0.028593 0.635277
0.126503 -0.026315 0.633243
0.132868 -0.028934 0.630402
0.127285 -0.029368 0.632527
0.126119 -0.029855 0.630551
0.126028 -0.025623 0.635837
0.127515 -0.027083 0.634867
0.126697 -0.026426 0.633811
0.123858 -0.028630 0.635020
0.122928 -0.028194 0.631671
0.124798 -0.027009 0.637494
0.126515 -0.027681 0.635738
0.127811 -0.023898 0.637958
0.122569 -0.028797 0.634861
0.122013 -0.026286 0.637314
0.125365 -0.025322 0.637294
0.124446 -0.031225 0.636467
0.122318 -0.028068 0.635140
0.119225 -0.027100 0.634848
0.122561 -0.023759 0.561885
0.123961 -0.028221 0.565441
0.124447 -0.025390 0.562935
0.122933 -0.026105 0.563610
0.124579 -0.025861 0.563604
0.123064 -0.024799 0.563534
0.122700 -0.024380 0.566876
0.123244 -0.026475 0.566762
0.123288 -0.030419 0.570111
0.124061 -0.027138 0.565950
0.123685 -0.027816 0.561922
0.128143 -0.027302 0.566566
0.124316 -0.024367 0.565931
0.125771 -0.023002 0.565208
0.126814 -0.022279 0.568233
0.128541 -0.026187 0.565122
0.128211 -0.026123 0.568224
0.127806 -0.021615 0.571068
0.129296 -0.026169 0.571823
0.123762 -0.026338 0.569454
0.129009 -0.027685 0.570576
0.134096 -0.024467 0.572576
0.131294 -0.022841 0.567797
0.128032 -0.024973 0.568516
0.131944 -0.026955 0.572265
0.133297 -0.024873 0.571996
0.132561 -0.024477 0.572493
0.131826 -0.026122 0.575201
0.133570 -0.024456 0.569594
0.131607 -0.024056 0.572567
0.131963 -0.025605 0.573403
0.131746 -0.022665 0.572788
0.133449 -0.027432 0.570301
0.130670 -0.021330 0.572965
0.136924 -0.022213 0.572499
0.131560 -0.026686 0.574385
0.134123 -0.024544 0.573601
0.133123 -0.023776 0.578357
0.133783 -0.026817 0.575423
0.135610 -0.020039 0.575456
0.135429 -0.026114 0.578139
0.137249 -0.026011 0.579245
0.136456 -0.022569 0.577980
0.131353 -0.026649 0.578501
0.138041 -0.023564 0.576207
0.139157 -0.022705 0.578383
0.137632 -0.023906 0.576345
0.135937 -0.022331 0.581493
0.133966 -0.027036 0.581119
0.141608 -0.024118 0.581147
0.135564 -0.023283 0.583712
0.140802 -0.024233 0.580873
0.138205 -0.030193 0.581891
0.136490 -0.025175 0.583357
0.139190 -0.023445 0.584777
0.141443 -0.025658 0.581357
0.140562 -0.026189 0.585139
0.137285 -0.023915 0.581626
0.137951 -0.029152 0.587444
0.142060 -0.024177 0.584922
0.140575 -0.023443 0.582292
0.140643 -0.022803 0.586143
0.140733 -0.025261 0.586444
0.142046 -0.025101 0.586112
0.139269 -0.028779 0.586145
0.142208 -0.024857 0.585654
0.142079 -0.024977 0.586095
0.142142 -0.023467 0.589380
0.142289 -0.023953 0.591906
0.142520 -0.021790 0.589758
0.138924 -0.026717 0.590288
0.139661 -0.024794 0.591648
0.142839 -0.025132 0.587640
0.140500 -0.024105 0.592065
0.142455 -0.027174 0.591719
0.142227 -0.025855 0.595012
0.142177 -0.021837 0.593758
0.141561 -0.026495 0.592408
0.139989 -0.027145 0.594402
0.136661 -0.024334 0.593793
0.144799 -0.027516 0.596893
0.140231 -0.023480 0.596401
0.148870 -0.023558 0.592133
0.141372 -0.025161 0.599142
0.140815 -0.023151 0.596954
0.139657 -0.020014 0.595574
0.141436 -0.022721 0.596221
0.143102 -0.021537 0.594840
0.142647 -0.023841 0.597342
0.146973 -0.021360 0.599919
0.143965 -0.026384 0.600237
0.143900 -0.025306 0.597752
0.141746 -0.025620 0.602275
0.142791 -0.023716 0.600948
0.140262 -0.022613 0.604763
0.139325 -0.024883 0.602016
0.143184 -0.026068 0.601358
0.142527 -0.025086 0.604058
0.140027 -0.024577 0.603675
0.142910 -0.022791 0.604861
0.139700 -0.024197 0.607686
0.143970 -0.023356 0.603466
0.141980 -0.026062 0.604694
0.141772 -0.023026 0.606935
0.146094 -0.026223 0.608435
0.145000 -0.019782 0.607427
0.142573 -0.027126 0.610256
0.143901 -0.023640 0.609630
0.141404 -0.023623 0.609706
0.141939 -0.025988 0.610173
0.143312 -0.023663 0.612097
0.138155 -0.026434 0.611744
0.139302 -0.023874 0.610988
0.139040 -0.025600 0.609036
0.142525 -0.024385 0.611295
0.142444 -0.023331 0.611750
0.140987 -0.020226 0.610648
0.138338 -0.023458 0.616594
0.143902 -0.024141 0.614832
0.137760 -0.025475 0.614996
0.142173 -0.023529 0.618342
0.140596 -0.023740 0.614462
0.137348 -0.023976 0.614309
0.138839 -0.026025 0.617076
0.135198 -0.024545 0.611530
0.139508 -0.022700 0.616943
0.140274 -0.026859 0.619388
0.139523 -0.024872 0.619204
0.140605 -0.021546 0.617979
0.137982 -0.029158 0.616273
0.138885 -0.026529 0.615921
0.135788 -0.028089 0.624253
0.136354 -0.021747 0.623363
0.137012 -0.022923 0.618869
0.138590 -0.024978 0.623196
0.138309 -0.022358 0.622429
0.136943 -0.024919 0.624802
0.136331 -0.026519 0.621971
0.132639 -0.023857 0.623856
0.135119 -0.023466 0.624261
0.133916 -0.024444 0.626689
0.131641 -0.026285 0.627796
0.131508 -0.024869 0.624256
0.134700 -0.024837 0.627048
0.136739 -0.025082 0.619380
0.131689 -0.026937 0.624341
0.132320 -0.024164 0.627613
0.133389 -0.024747 0.622488
0.129630 -0.022992 0.624857
0.132883 -0.023162 0.626559
0.131573 -0.024686 0.627370
0.134276 -0.024056 0.628168
0.131878 -0.022308 0.628496
0.130982 -0.027844 0.630528
0.134142 -0.025637 0.626422
0.129627 -0.021968 0.627801
0.132846 -0.026212 0.630050
0.128487 -0.026737 0.629972
0.129607 -0.024981 0.633237
0.125804 -0.024958 0.632995
0.128777 -0.021066 0.626890
0.127454 -0.021948 0.633779
0.126433 -0.029170 0.633339
0.124585 -0.024969 0.634660
0.128546 -0.024631 0.631681
0.128395 -0.023503 0.633771
0.129925 -0.026228 0.631990
0.127769 -0.025473 0.635683
0.126554 -0.025250 0.628968
0.126748 -0.027111 0.635846
0.124944 -0.023127 0.635606
0.122831 -0.021217 0.635022
0.124142 -0.023174 0.630929
0.124626 -0.026175 0.633864
0.124979 -0.026365 0.637243
0.124498 -0.024035 0.633038
0.121103 -0.024270 0.636053
0.121110 -0.026730 0.636718
0.118967 -0.022841 0.638783
0.122897 -0.023929 0.635836
0.121075 -0.022205 0.561898
0.123078 -0.020825 0.564039
0.122958 -0.019354 0.564676
0.120377 -0.017044 0.562569
0.121327 -0.024293 0.564822
0.123364 -0.022255 0.564072
0.128249 -0.016719 0.562877
0.125098 -0.020354 0.565394
0.124021 -0.020471 0.565496
0.121842 -0.022726 0.565808
0.127133 -0.021894 0.566923
0.122964 -0.019247 0.565930
0.122258 -0.016311 0.564589
0.126439 -0.021612 0.566941
0.127551 -0.017355 0.569478
0.128503 -0.020169 0.566848
0.123419 -0.021007 0.567188
0.130589 -0.022078 0.567467
0.128140 -0.019397 0.567852
0.130547 -0.021748 0.567204
0.129218 -0.020555 0.566097
0.129089 -0.023303 0.567268
0.131201 -0.019738 0.570472
0.128070 -0.022347 0.567943
0.132515 -0.020460 0.568908
0.129688 -0.021485 0.571090
0.132454 -0.019079 0.567993
0.130141 -0.023602 0.573240
0.132400 -0.022307 0.573811
0.128282 -0.021561 0.572623
0.133074 -0.022986 0.570638
0.130235 -0.022321 0.575572
0.133087 -0.024161 0.577407
0.136692 -0.019595 0.568564
0.133094 -0.017209 0.574907
0.135936 -0.024575 0.571516
0.130192 -0.022900 0.579884
0.137544 -0.018920 0.574989
0.136730 -0.023095 0.575043
0.135162 -0.020660 0.572873
0.136576 -0.019798 0.577734
0.136747 -0.022778 0.574705
0.136081 -0.019877 0.581300
0.133508 -0.023076 0.578430
0.139251 -0.019514 0.576603
0.137754 -0.022709 0.579580
0.137106 -0.021279 0.578872
0.135975 -0.023585 0.578333
0.137449 -0.022531 0.577373
0.141163 -0.022769 0.582093
0.138136 -0.018718 0.580935
0.137012 -0.022252 0.579379
0.137119 -0.019257 0.583214
0.138615 -0.025980 0.579976
0.137480 -0.024050 0.584580
0.139689 -0.025659 0.582592
0.138551 -0.021469 0.584841
0.138459 -0.023285 0.585625
0.141618 -0.024006 0.583708
0.138586 -0.020898 0.583026
0.135178 -0.020375 0.581005
0.143931 -0.022219 0.589531
0.139903 -0.017481 0.586875
0.139598 -0.023069 0.585937
0.142875 -0.023172 0.586701
0.142370 -0.018697 0.592147
0.140721 -0.019544 0.587203
0.140118 -0.024583 0.589787
0.138711 -0.024349 0.586108
0.140694 -0.022528 0.586990
0.142813 -0.020764 0.593386
0.137341 -0.020495 0.592542
0.140480 -0.020590 0.591401
0.142841 -0.022499 0.590979
0.140455 -0.019725 0.593461
0.144119 -0.022971 0.593076
0.143291 -0.022993 0.594706
0.145343 -0.022282 0.592588
0.139706 -0.021296 0.594481
0.140878 -0.020607 0.596785
0.144774 -0.022406 0.595398
0.139056 -0.023498 0.593828
0.145185 -0.020672 0.597596
0.141347 -0.028442 0.594385
0.140168 -0.021443 0.597336
0.139641 -0.019624 0.596857
0.141732 -0.021346 0.600558
0.145189 -0.023718 0.599217
0.143533 -0.019659 0.599330
0.144118 -0.021585 0.600825
0.139834 -0.020226 0.603012
0.145309 -0.019880 0.602042
0.140016 -0.023240 0.601734
0.141428 -0.021395 0.602034
0.143859 -0.024689 0.601892
0.146567 -0.021705 0.603049
0.142867 -0.020972 0.605395
0.141529 -0.023751 0.601012
0.146040 -0.023687 0.603072
0.145469 -0.020756 0.602663
0.140878 -0.018399 0.605668
0.141620 -0.021719 0.607137
0.140092 -0.016662 0.605189
0.140768 -0.023720 0.608540
0.144180 -0.019519 0.606762
0.141128 -0.018926 0.606428
0.139312 -0.023456 0.609338
0.138683 -0.023949 0.609433
0.141385 -0.023942 0.608240
0.143623 -0.022166 0.609794
0.139960 -0.021740 0.608852
0.139824 -0.021534 0.613079
0.137893 -0.023448 0.613364
0.137213 -0.020649 0.613085
0.144292 -0.017139 0.610989
0.143837 -0.021225 0.608914
0.141093 -0.020783 0.614752
0.139465 -0.022313 0.614352
0.142298 -0.017916 0.614939
0.138305 -0.021133 0.618905
0.141186 -0.020027 0.614675
0.139580 -0.024081 0.616730
0.137115 -0.020481 0.616293
0.143103 -0.017233 0.616469
0.140693 -0.020029 0.617481
0.138823 -0.019171 0.616209
0.139451 -0.022206 0.616260
0.137050 -0.020099 0.616510
0.136011 -0.023839 0.615457
0.137589 -0.021049 0.620083
0.134940 -0.022570 0.622437
0.142200 -0.021624 0.619520
0.137238 -0.022309 0.620065
0.139360 -0.019888 0.618083
0.136285 -0.020513 0.623764
0.139855 -0.023901 0.625394
0.135502 -0.021631 0.618654
0.137396 -0.019876 0.618945
0.136562 -0.020770 0.622643
0.138026 -0.024380 0.623205
0.137902 -0.023736 0.622738
0.133754 -0.017585 0.628829
0.136406 -0.019259 0.622886
0.135562 -0.019250 0.625080
0.134677 -0.024558 0.623504
0.130660 -0.021776 0.630914
0.132786 -0.023309 0.626726
0.132818 -0.020077 0.623931
0.134073 -0.020733 0.625498
0.134472 -0.023741 0.627945
0.129555 -0.018332 0.627232
0.130840 -0.023548 0.630966
0.131191 -0.023942 0.624741
0.129300 -0.024019 0.626329
0.128459 -0.017652 0.628447
0.130948 -0.021484 0.631260
0.129370 -0.020200 0.631369
0.129077 -0.022855 0.628605
0.129595 -0.023023 0.628627
0.131023 -0.022998 0.628596
0.126858 -0.020865 0.630545
0.129972 -0.019524 0.632669
0.126531 -0.019334 0.628553
0.131706 -0.021637 0.632854
0.129183 -0.019224 0.632802
0.127671 -0.019937 0.633711
0.125967 -0.019210 0.630754
0.122894 -0.019886 0.634318
0.125423 -0.018385 0.631461
0.121761 -0.022202 0.633666
0.124922 -0.020616 0.635215
0.121643 -0.019263 0.634100
0.122178 -0.023210 0.632494
0.123952 -0.023400 0.637440
0.121055 -0.023036 0.637880
0.123414 -0.016420 0.637903
0.123273 -0.018061 0.632582
0.122020 -0.020307 0.635081
0.119019 -0.020655 0.635718
0.121315 -0.021194 0.634887
0.123635 -0.021918 0.561762
0.121749 -0.020434 0.563934
0.116919 -0.017859 0.564496
0.119539 -0.016548 0.563201
0.122446 -0.019148 0.565305
0.123980 -0.017512 0.568258
0.121228 -0.019478 0.567595
0.127311 -0.018815 0.561171
0.122990 -0.018536 0.566065
0.124079 -0.018460 0.569777
0.124750 -0.015696 0.565915
0.127242 -0.018463 0.565113
0.126467 -0.018981 0.566852
0.121982 -0.013892 0.570376
0.130210 -0.018910 0.567203
0.127549 -0.019103 0.566725
0.130432 -0.017081 0.568055
0.124739 -0.016353 0.565712
0.125149 -0.015965 0.569046
0.130222 -0.013040 0.568242
0.128491 -0.015932 0.573267
0.127471 -0.017035 0.569339
0.129187 -0.018002 0.571000
0.130835 -0.015539 0.574246
0.130438 -0.017717 0.570549
0.129336 -0.016524 0.573369
0.132662 -0.023077 0.569953
0.134105 -0.018692 0.570853
0.135680 -0.019594 0.571256
0.132966 -0.016689 0.574402
0.135346 -0.015924 0.575122
0.131650 -0.021513 0.570937
0.132936 -0.015736 0.575828
0.137113 -0.015753 0.573982
0.131302 -0.024243 0.576708
0.136186 -0.021363 0.575159
0.132971 -0.015469 0.577805
0.134483 -0.018456 0.576551
0.136924 -0.021103 0.576746
0.138431 -0.017420 0.576806
0.131720 -0.019950 0.574098
0.138693 -0.015678 0.575119
0.141460 -0.020381 0.575934
0.137358 -0.018821 0.574807
0.137596 -0.012660 0.577493
0.136751 -0.021543 0.580601
0.133662 -0.016408 0.579599
0.140159 -0.018876 0.578817
0.140347 -0.023148 0.580460
0.134398 -0.015967 0.585366
0.138581 -0.020187 0.579348
0.138216 -0.018303 0.582736
0.142455 -0.020407 0.583333
0.140620 -0.021851 0.583232
0.139252 -0.014028 0.583188
0.138598 -0.014760 0.582266
0.137267 -0.020780 0.581629
0.137505 -0.015777 0.583379
0.139636 -0.017678 0.583638
0.137380 -0.016508 0.582166
0.138901 -0.016641 0.585026
0.141768 -0.015648 0.591490
0.141081 -0.020312 0.584539
0.140069 -0.023372 0.585928
0.138330 -0.017837 0.587029
0.138489 -0.020412 0.586831
0.143656 -0.016959 0.589365
0.141428 -0.015921 0.589170
0.143222 -0.017111 0.588133
0.138725 -0.016090 0.587065
0.138820 -0.019818 0.590323
0.140599 -0.018496 0.588572
0.140689 -0.018496 0.595071
0.145602 -0.020794 0.590634
0.139705 -0.017680 0.592378
0.142178 -0.019493 0.596649
0.143153 -0.016300 0.595011
0.143116 -0.017219 0.593964
0.142972 -0.014314 0.591384
0.142765 -0.017322 0.594346
0.140161 -0.016645 0.596029
0.139356 -0.019208 0.594855
0.143672 -0.019755 0.598575
0.139142 -0.016541 0.598371
0.135768 -0.014388 0.598585
0.143063 -0.016918 0.594890
0.144600 -0.015639 0.597384
0.143009 -0.020456 0.597990
0.145824 -0.016193 0.595210
0.143931 -0.018179 0.603051
0.144037 -0.014948 0.601672
0.141946 -0.016197 0.601469
0.141112 -0.021205 0.600804
0.141746 -0.019200 0.601331
0.142649 -0.014300 0.602875
0.139245 -0.016874 0.606089
0.143275 -0.024341 0.602115
0.143632 -0.018895 0.601559
0.141073 -0.018469 0.603395
0.145110 -0.018148 0.603398
0.144424 -0.016252 0.604502
0.149081 -0.018808 0.606630
0.140004 -0.018892 0.609242
0.141639 -0.019639 0.608773
0.145079 -0.016227 0.608002
0.144887 -0.020950 0.607972
0.139438 -0.021477 0.608928
0.140440 -0.019433 0.606829
0.142316 -0.016912 0.610775
0.142940 -0.018254 0.609178
0.142418 -0.014146 0.612922
0.144807 -0.016143 0.609850
0.143128 -0.019671 0.611184
0.141178 -0.018266 0.614222
0.141845 -0.018563 0.612951
0.142772 -0.018145 0.613344
0.140848 -0.017701 0.612438
0.141382 -0.020315 0.611758
0.142330 -0.016087 0.616354
0.136874 -0.018965 0.616350
0.140519 -0.018455 0.614190
0.140527 -0.019504 0.613442
0.141935 -0.018531 0.615340
0.139446 -0.018235 0.615214
0.137693 -0.015553 0.616558
0.138554 -0.018677 0.616979
0.137156 -0.017058 0.615845
0.139912 -0.018659 0.617048
0.137768 -0.016194 0.615651
0.139390 -0.018576 0.615471
0.136831 -0.019866 0.620001
0.135421 -0.020442 0.618354
0.134981 -0.018024 0.618917
0.138380 -0.020678 0.623976
0.135425 -0.020146 0.618813
0.130934 -0.021151 0.622940
0.137664 -0.017876 0.625329
0.132662 -0.020261 0.625226
0.136289 -0.017407 0.625950
0.139385 -0.014842 0.624995
0.137398 -0.016881 0.621992
0.133528 -0.018653 0.622918
0.135022 -0.019943 0.624391
0.136287 -0.020372 0.624287
0.134922 -0.015214 0.626229
0.132483 -0.019965 0.624763
0.129087 -0.017175 0.629300
0.132867 -0.018816 0.627991
0.134852 -0.019078 0.629542
0.135410 -0.017940 0.629600
0.131493 -0.019973 0.629137
0.132117 -0.016927 0.624653
0.134651 -0.016906 0.626377
0.133457 -0.018359 0.627564
0.128846 -0.018049 0.626485
0.130615 -0.014427 0.630379
0.133325 -0.019963 0.631243
0.130923 -0.018053 0.629472
0.130698 -0.017860 0.634343
0.129842 -0.015723 0.633267
0.132091 -0.018037 0.634134
0.126946 -0.015658 0.632054
0.129784 -0.019761 0.628999
0.127121 -0.018140 0.632044
0.127270 -0.019277 0.635789
0.125743 -0.017355 0.631123
0.127691 -0.018235 0.632505
0.125167 -0.020680 0.633655
0.128300 -0.016359 0.631182
0.125639 -0.015720 0.634255
0.122477 -0.021593 0.634076
0.123856 -0.015538 0.635781
0.122833 -0.017465 0.632518
0.122348 -0.019778 0.632803
0.123650 -0.018426 0.637675
0.123666 -0.018080 0.636541
0.120544 -0.017640 0.638331
0.124103 -0.019690 0.636435
0.123341 -0.011173 0.636526
0.120702 -0.015639 0.639947
0.118679 -0.013924 0.563723
0.120938 -0.013206 0.563701
0.121329 -0.010160 0.566200
0.122527 -0.015827 0.564606
0.123748 -0.015322 0.564082
0.122457 -0.013744 0.562317
0.123758 -0.013717 0.563951
0.124066 -0.015443 0.567479
0.126089 -0.010452 0.566830
0.121196 -0.013969 0.565544
0.127432 -0.015232 0.563360
0.125999 -0.017349 0.567909
0.124832 -0.011620 0.568114
0.126836 -0.015366 0.566714
0.128865 -0.013323 0.569165
0.129149 -0.017615 0.565061
0.126837 -0.012313 0.566664
0.126481 -0.010993 0.568078
0.128163 -0.012356 0.565594
0.128009 -0.015809 0.570740
0.130817 -0.016437 0.568105
0.128256 -0.014249 0.572062
0.129093 -0.014343 0.572085
0.130949 -0.016269 0.569869
0.129764 -0.013186 0.574773
0.133134 -0.013525 0.572679
0.132676 -0.013559 0.571619
0.132198 -0.015861 0.576954
0.128891 -0.016860 0.570455
0.132490 -0.015745 0.571895
0.128523 -0.014772 0.570670
0.132652 -0.013162 0.570329
0.132175 -0.012629 0.576716
0.134512 -0.010688 0.575714
0.132323 -0.014103 0.575602
0.133679 -0.015082 0.579104
0.135929 -0.015503 0.573597
0.131608 -0.011729 0.573335
0.136475 -0.016783 0.577888
0.134525 -0.015540 0.578220
0.134796 -0.012806 0.578190
0.133350 -0.013556 0.577207
0.134282 -0.010029 0.577220
0.139096 -0.016600 0.576919
0.135335 -0.016457 0.577582
0.135179 -0.012080 0.578066
0.139414 -0.018386 0.577418
0.138493 -0.013833 0.577689
0.139019 -0.016589 0.581706
0.139863 -0.015056 0.581086
0.140475 -0.012538 0.585905
0.135360 -0.012525 0.582689
0.138870 -0.017169 0.583276
0.142307 -0.016092 0.580172
0.140122 -0.013911 0.585062
0.139522 -0.014606 0.580734
0.139100 -0.014415 0.586006
0.140610 -0.015366 0.584305
0.142073 -0.011579 0.590180
0.142779 -0.014012 0.582288
0.138960 -0.017196 0.582134
0.138809 -0.015207 0.587176
0.139845 -0.016697 0.585487
0.138477 -0.015617 0.585898
0.139716 -0.014246 0.589799
0.142871 -0.014306 0.588411
0.141168 -0.014009 0.589435
0.141110 -0.013783 0.584811
0.143123 -0.016185 0.588508
0.143591 -0.014221 0.588118
0.143233 -0.013613 0.585188
0.144864 -0.013739 0.588551
0.142137 -0.016134 0.590923
0.144383 -0.012166 0.594201
0.141150 -0.015671 0.593186
0.142498 -0.013467 0.591615
0.143626 -0.014697 0.593289
0.138912 -0.015784 0.593189
0.140148 -0.015454 0.595810
0.141253 -0.013344 0.598252
0.142135 -0.012915 0.594105
0.142705 -0.016643 0.594430
0.141070 -0.012055 0.593818
0.142120 -0.013534 0.595002
0.140148 -0.015288 0.597268
0.142906 -0.014235 0.597437
0.141585 -0.012778 0.599882
0.143681 -0.015766 0.596183
0.140084 -0.012852 0.602057
0.144400 -0.016039 0.599894
0.144032 -0.018031 0.597800
0.142553 -0.013457 0.597623
0.141135 -0.015375 0.602378
0.144350 -0.014197 0.601536
0.142664 -0.013803 0.604836
0.142889 -0.013009 0.602214
0.143647 -0.014517 0.607402
0.138726 -0.016217 0.600492
0.141234 -0.015079 0.604749
0.144025 -0.016503 0.606176
0.140135 -0.015315 0.607041
0.136779 -0.016627 0.610331
0.141709 -0.015750 0.609408
0.141196 -0.011188 0.608355
0.141431 -0.011982 0.604866
0.143711 -0.014845 0.608099
0.139533 -0.012962 0.604640
0.141306 -0.015199 0.608322
0.142032 -0.015521 0.608247
0.144101 -0.017599 0.612040
0.142285 -0.014700 0.611445
0.138502 -0.011160 0.612220
0.139731 -0.014814 0.612256
0.142772 -0.014344 0.610380
0.140221 -0.015262 0.614077
0.139585 -0.018502 0.614485
0.138748 -0.018153 0.610932
0.137351 -0.016582 0.614491
0.141592 -0.014236 0.616606
0.137983 -0.013872 0.614191
0.142112 -0.015187 0.612339
0.140101 -0.011298 0.615867
0.140147 -0.011235 0.616458
0.139978 -0.010491 0.615396
0.138460 -0.011253 0.620399
0.137999 -0.014971 0.614866
0.137109 -0.013719 0.618839
0.137640 -0.014528 0.615923
0.139300 -0.014886 0.618441
0.141847 -0.013871 0.620191
0.138086 -0.016477 0.619157
0.137379 -0.016978 0.622199
0.137278 -0.014815 0.620324
0.136447 -0.009458 0.625253
0.135548 -0.017061 0.623012
0.134756 -0.014112 0.620240
0.135325 -0.014857 0.621481
0.134609 -0.012774 0.618062
0.135942 -0.015662 0.623415
0.133969 -0.012790 0.626088
0.137230 -0.015232 0.624748
0.137370 -0.011679 0.622283
0.134691 -0.020251 0.627367
0.135764 -0.014417 0.620875
0.133226 -0.014853 0.623672
0.129604 -0.014155 0.623314
0.134227 -0.012809 0.627254
0.131869 -0.014438 0.628564
0.134456 -0.010578 0.626433
0.133712 -0.015196 0.625786
0.132844 -0.016931 0.631443
0.132346 -0.014592 0.628383
0.134415 -0.019007 0.627918
0.130737 -0.018220 0.630375
0.132926 -0.016999 0.630721
0.133914 -0.014302 0.624303
0.127113 -0.014046 0.625488
0.130249 -0.015555 0.632622
0.130190 -0.013911 0.631200
0.129869 -0.019297 0.631923
0.128406 -0.015170 0.627788
0.127306 -0.012098 0.631587
0.126821 -0.015969 0.632965
0.128652 -0.013820 0.635450
0.128124 -0.012150 0.633709
0.126271 -0.015471 0.630080
0.126774 -0.012432 0.631116
0.122438 -0.013919 0.635605
0.125457 -0.014079 0.633561
0.125723 -0.011899 0.630540
0.125491 -0.016574 0.635029
0.128227 -0.013684 0.634157
0.122687 -0.013331 0.636136
0.123713 -0.016672 0.634252
0.119658 -0.013764 0.634025
0.121788 -0.015820 0.633451
0.121910 -0.011567 0.633464
0.122307 -0.019720 0.633772
0.120983 -0.014814 0.636751
0.120041 -0.012522 0.636227
0.121726 -0.009772 0.565887
0.120596 -0.008040 0.566060
0.125432 -0.012765 0.564599
0.124744 -0.009213 0.565418
0.122357 -0.009684 0.565668
0.122470 -0.012099 0.566406
0.122185 -0.008826 0.566329
0.125031 -0.009404 0.564599
0.123224 -0.014354 0.566040
0.127726 -0.009273 0.565235
0.124860 -0.009926 0.566457
0.125109 -0.011312 0.564723
0.124962 -0.010002 0.564998
0.129010 -0.010930 0.570130
0.129659 -0.013194 0.564852
0.127842 -0.009798 0.565664
0.130270 -0.007198 0.568418
0.124995 -0.008906 0.566431
0.128042 -0.013787 0.568683
0.128741 -0.011747 0.567365
0.129899 -0.009213 0.568844
0.128785 -0.011104 0.567474
0.130441 -0.011136 0.571889
0.128022 -0.009404 0.571109
0.127095 -0.010141 0.568061
0.127923 -0.015897 0.570862
0.130059 -0.011903 0.574963
0.129804 -0.012190 0.571403
0.132137 -0.009935 0.566410
0.130202 -0.010321 0.569014
0.131224 -0.009917 0.572146
0.134503 -0.014502 0.574459
0.128169 -0.009860 0.574671
0.132931 -0.013564 0.575011
0.135184 -0.009134 0.571101
0.131509 -0.010068 0.575137
0.132430 -0.012476 0.577687
0.129387 -0.014775 0.577943
0.133126 -0.013066 0.574905
0.133483 -0.013025 0.573739
0.131870 -0.010796 0.577306
0.137232 -0.011205 0.578760
0.134433 -0.009122 0.579630
0.134458 -0.007835 0.581037
0.136027 -0.013539 0.579334
0.136895 -0.013386 0.578091
0.136372 -0.011478 0.579449
0.137167 -0.014657 0.581099
0.137908 -0.013760 0.578375
0.137263 -0.011774 0.582353
0.135915 -0.015815 0.582663
0.135768 -0.010936 0.582085
0.136873 -0.010478 0.583175
0.138183 -0.011757 0.579243
0.138767 -0.010073 0.583549
0.139341 -0.009143 0.582809
0.140034 -0.012548 0.584390
0.135646 -0.011871 0.581864
0.139230 -0.010654 0.585892
0.140485 -0.011024 0.586360
0.139487 -0.012098 0.587814
0.141619 -0.009503 0.587716
0.134965 -0.013121 0.586860
0.137842 -0.011917 0.589577
0.140178 -0.010495 0.587474
0.140940 -0.008422 0.587448
0.138820 -0.009314 0.589598
0.142284 -0.008980 0.589259
0.142459 -0.009048 0.590234
0.140541 -0.009892 0.589631
0.141868 -0.015525 0.588829
0.141827 -0.014109 0.588733
0.145203 -0.009864 0.591375
0.140822 -0.010190 0.593419
0.141120 -0.008414 0.590114
0.139357 -0.007696 0.589533
0.145113 -0.006824 0.590885
0.142847 -0.008333 0.592470
0.141913 -0.010261 0.593823
0.141855 -0.014622 0.595883
0.139632 -0.010813 0.598906
0.144307 -0.010276 0.597308
0.142957 -0.011887 0.598245
0.144313 -0.011581 0.596355
0.144502 -0.010554 0.599286
0.142262 -0.006658 0.597232
0.144787 -0.012049 0.599969
0.141548 -0.009014 0.598386
0.137705 -0.010629 0.599363
0.142716 -0.010827 0.599866
0.140247 -0.011600 0.600653
0.141470 -0.008778 0.602269
0.142250 -0.009955 0.599471
0.142091 -0.012434 0.602134
0.142061 -0.007919 0.599731
0.145791 -0.013245 0.600565
0.141208 -0.009543 0.602634
0.139561 -0.016267 0.606000
0.141258 -0.007302 0.603217
0.143066 -0.012352 0.605797
0.138802 -0.010798 0.607428
0.143163 -0.010704 0.605906
0.142426 -0.012132 0.608304
0.140025 -0.010690 0.603854
0.139023 -0.011920 0.605875
0.140381 -0.010232 0.607542
0.141235 -0.012955 0.606290
0.139539 -0.014437 0.606752
0.141400 -0.009799 0.607230
0.139493 -0.014746 0.612067
0.140278 -0.010235 0.608300
0.141525 -0.012747 0.611006
0.141119 -0.008396 0.610962
0.137891 -0.008443 0.611992
0.142205 -0.012582 0.614623
0.146753 -0.011570 0.610616
0.145303 -0.012333 0.609210
0.137077 -0.010961 0.615834
0.140410 -0.010449 0.615299
0.141533 -0.011168 0.616309
0.138624 -0.011791 0.609603
0.140192 -0.010421 0.614111
0.141282 -0.010968 0.616290
0.137898 -0.008571 0.619295
0.136995 -0.011656 0.611935
0.140220 -0.013827 0.617770
0.139147 -0.006459 0.616636
0.139167 -0.011192 0.621793
0.135820 -0.011139 0.616712
0.137828 -0.010918 0.617608
0.137853 -0.011186 0.621010
0.135478 -0.008716 0.614964
0.136613 -0.009694 0.618192
0.136033 -0.010796 0.622163
0.132597 -0.011912 0.623309
0.141179 -0.011948 0.625239
0.137152 -0.012380 0.620214
0.137341 -0.008543 0.621481
0.135330 -0.009763 0.626804
0.136545 -0.011663 0.623236
0.135086 -0.013759 0.624280
0.136273 -0.012084 0.628086
0.133759 -0.010025 0.626059
0.134506 -0.011872 0.620062
0.133689 -0.009858 0.626808
0.134728 -0.013377 0.624569
0.132094 -0.010171 0.631188
0.131877 -0.010395 0.628196
0.130519 -0.012045 0.629067
0.131552 -0.010552 0.626937
0.132313 -0.012082 0.626174
0.133319 -0.009995 0.627653
0.130039 -0.014353 0.627794
0.131344 -0.014591 0.629765
0.132867 -0.010757 0.632760
0.132359 -0.011472 0.627378
0.128166 -0.011540 0.627920
0.131137 -0.010515 0.631930
0.128736 -0.008564 0.634137
0.129801 -0.014236 0.632684
0.130453 -0.008734 0.628497
0.130717 -0.015536 0.633839
0.130713 -0.007840 0.632752
0.128766 -0.012413 0.628687
0.124201 -0.015160 0.631738
0.128999 -0.011572 0.635336
0.124776 -0.011451 0.634036
0.127824 -0.015023 0.634127
0.126317 -0.012323 0.636457
0.124383 -0.007701 0.636426
0.126680 -0.010011 0.629304
0.126279 -0.008179 0.638046
0.124007 -0.011650 0.634381
0.121488 -0.010807 0.631755
0.123181 -0.013364 0.636736
0.120124 -0.007858 0.640295
0.123115 -0.009773 0.637238
0.122871 -0.012459 0.637207
0.123547 -0.011345 0.636309
0.120755 -0.015582 0.635288
0.124369 -0.006440 0.559083
0.119913 -0.007761 0.564423
0.123695 -0.011788 0.565786
0.123830 -0.009090 0.563614
0.123950 -0.005466 0.565282
0.119150 -0.007521 0.565125
0.123328 -0.011657 0.566569
0.123074 -0.010205 0.565193
0.121594 -0.007569 0.566481
0.121234 -0.006003 0.566403
0.126725 -0.011073 0.567622
0.122692 -0.008185 0.566388
0.122990 -0.015796 0.567269
0.127875 -0.006847 0.570142
0.129158 -0.006617 0.565025
0.127736 -0.010406 0.565074
0.128647 -0.009143 0.566192
0.129292 -0.008426 0.565301
0.127140 -0.008320 0.565518
0.129243 -0.001946 0.567134
0.125513 -0.008532 0.567398
0.129842 -0.006833 0.567069
0.130272 -0.010810 0.569569
0.125810 -0.007005 0.570700
0.125980 -0.006733 0.570324
0.129702 -0.008232 0.570258
0.129622 -0.012787 0.568444
0.132190 -0.009670 0.571708
0.132271 -0.008972 0.571728
0.131139 -0.008149 0.572948
0.133959 -0.004774 0.572904
0.133237 -0.004826 0.572157
0.137930 -0.006805 0.574501
0.131277 -0.008954 0.576279
0.132621 -0.011267 0.573270
0.134879 -0.010261 0.577370
0.133646 -0.008062 0.574522
0.133253 -0.007259 0.572613
0.134402 -0.009277 0.574770
0.132475 -0.009003 0.579294
0.132337 -0.006101 0.575566
0.139451 -0.010536 0.574732
0.138750 -0.010488 0.577718
0.136094 -0.006836 0.578809
0.140753 -0.007878 0.580380
0.137764 -0.012136 0.581278
0.136686 -0.004104 0.577379
0.133769 -0.004787 0.578363
0.136040 -0.005625 0.577371
0.136424 -0.007115 0.579499
0.140267 -0.006173 0.582989
0.136401 -0.009575 0.581958
0.141502 -0.009755 0.582531
0.135813 -0.007035 0.585671
0.138135 -0.008959 0.583471
0.139233 -0.007067 0.587319
0.136573 -0.004655 0.584764
0.139196 -0.008942 0.581178
0.141584 -0.006343 0.585322
0.141689 -0.006911 0.588888
0.142445 -0.001457 0.586067
0.141029 -0.009086 0.587478
0.138261 -0.006217 0.585209
0.137570 -0.009556 0.587030
0.141407 -0.006076 0.585672
0.138910 -0.007693 0.588280
0.143109 -0.010702 0.591667
0.137288 -0.008011 0.587933
0.140718 -0.007815 0.588367
0.140537 -0.006306 0.588326
0.141448 -0.005174 0.592207
0.138768 -0.005966 0.593888
0.138431 -0.009027 0.589496
0.142965 -0.009276 0.591765
0.143099 -0.008280 0.590992
0.142955 -0.008433 0.591454
0.140962 -0.005146 0.593409
0.145514 -0.006612 0.594107
0.140966 -0.007364 0.595395
0.144105 -0.008926 0.594721
0.142308 -0.008440 0.597640
0.142676 -0.006234 0.596488
0.142087 -0.007064 0.595170
0.141202 -0.008980 0.598420
0.143547 -0.006639 0.597368
0.141512 -0.007220 0.594585
0.143788 -0.006812 0.596918
0.143263 -0.004892 0.598018
0.141576 -0.012425 0.598335
0.143510 -0.008386 0.600653
0.143945 -0.007987 0.603072
0.139471 -0.010705 0.599430
0.138381 -0.008358 0.601715
0.143098 -0.007708 0.601972
0.143559 -0.010647 0.601243
0.143501 -0.005998 0.602691
0.143636 -0.007506 0.601959
0.142237 -0.009534 0.605384
0.142126 -0.008573 0.607289
0.142787 -0.007433 0.604088
0.145563 -0.004858 0.601922
0.144195 -0.006641 0.605781
0.140073 -0.009929 0.608585
0.142378 -0.005754 0.603764
0.144557 -0.008360 0.608200
0.142075 -0.009031 0.608563
0.138274 -0.006999 0.610193
0.137887 -0.006266 0.607476
0.138214 -0.008701 0.609818
0.144047 -0.004913 0.605855
0.143300 -0.008880 0.612667
0.141652 -0.007205 0.609437
0.139999 -0.006930 0.611899
0.143316 -0.008459 0.613756
0.142847 -0.008410 0.609026
0.139899 -0.005445 0.610262
0.141555 -0.009224 0.612200
0.143408 -0.003676 0.615381
0.140150 -0.006061 0.616734
0.137057 -0.007516 0.609321
0.136180 -0.006852 0.610389
0.139432 -0.007278 0.614242
0.137615 -0.004560 0.613657
0.138997 -0.008724 0.614886
0.134964 -0.004506 0.615414
0.139049 -0.005895 0.615619
0.140614 -0.007640 0.618458
0.140370 -0.011611 0.619476
0.138475 -0.009600 0.618390
0.137358 -0.010100 0.619662
0.138064 -0.006937 0.623779
0.137548 -0.007382 0.621179
0.136623 -0.008500 0.614296
0.139418 -0.007207 0.619249
0.134258 -0.007879 0.624013
0.137594 -0.006762 0.620227
0.136050 -0.007442 0.622248
0.136154 -0.008236 0.623028
0.136172 -0.004945 0.624968
0.135876 -0.009360 0.624825
0.134224 -0.006985 0.620479
0.133533 -0.003991 0.625362
0.134130 -0.007286 0.622706
0.132078 -0.008651 0.624517
0.135640 -0.007989 0.625708
0.133563 -0.006526 0.626350
0.135984 -0.004908 0.624156
0.133926 -0.009508 0.625538
0.131310 -0.005595 0.627777
0.137811 -0.007049 0.626434
0.131892 -0.007269 0.630524
0.129436 -0.008350 0.626876
0.136251 -0.008361 0.628598
0.132776 -0.008038 0.624954
0.132519 -0.002119 0.631014
0.128723 -0.010746 0.629060
0.130975 -0.008522 0.628545
0.130098 -0.009812 0.629691
0.130504 -0.010336 0.628594
0.130425 -0.007669 0.632277
0.129373 -0.009105 0.632523
0.129252 -0.007123 0.630155
0.130783 -0.008759 0.635840
0.127402 -0.009975 0.634687
0.125945 -0.010400 0.633614
0.127705 -0.013483 0.634405
0.127174 -0.009603 0.633620
0.126323 -0.009451 0.631807
0.127061 -0.008756 0.636726
0.122645 -0.006667 0.635091
0.119996 -0.006413 0.636631
0.124098 -0.008254 0.631634
0.124717 -0.004205 0.634162
0.124345 -0.009848 0.635283
0.124238 -0.008155 0.635618
0.121879 -0.003655 0.636265
0.118718 -0.006438 0.637023
0.121073 -0.003408 0.636898
0.120881 -0.008378 0.635248
0.118350 -0.006335 0.636898
0.121050 -0.006067 0.563583
0.122953 -0.005989 0.565839
0.121301 -0.003369 0.560883
0.123515 -0.003548 0.564337
0.121010 -0.002612 0.563272
0.121446 -0.005092 0.568142
0.123521 -0.005679 0.565568
0.124955 -0.005084 0.564552
0.128536 -0.004032 0.566964
0.125890 -0.005669 0.564755
0.123745 -0.003926 0.564037
0.122639 -0.003884 0.567225
0.124693 -0.006160 0.566811
0.124967 -0.003183 0.565387
0.130109 -0.001703 0.566305
0.124467 -0.006370 0.567722
0.125506 -0.006091 0.564233
0.126710 -0.005180 0.567148
0.127416 -0.005277 0.568741
0.125844 -0.008209 0.566039
0.124950 -0.006220 0.570639
0.130402 -0.004010 0.567873
0.132282 -0.004198 0.571412
0.129227 -0.003446 0.571782
0.129474 -0.001797 0.571580
0.129296 -0.001324 0.573492
0.134402 -0.002373 0.571822
0.132750 -0.003017 0.572752
0.132887 -0.004715 0.570684
0.133229 -0.005345 0.571654
0.130691 -0.003412 0.573038
0.131147 -0.002446 0.571843
0.132564 -0.007386 0.575337
0.134444 -0.005265 0.575755
0.134821 -0.007366 0.571825
0.134076 -0.005608 0.572062
0.131805 -0.004765 0.573857
0.136882 -0.003797 0.572680
0.134354 -0.000196 0.574630
0.136133 -0.006505 0.574757
0.137082 -0.005257 0.576255
0.137552 -0.002121 0.578446
0.132435 -0.001041 0.582596
0.136430 -0.007461 0.578882
0.136149 -0.005318 0.581763
0.135817 -0.005247 0.576752
0.138501 -0.002578 0.577725
0.138365 -0.007807 0.578164
0.136186 -0.003283 0.580277
0.138427 -0.005439 0.580033
0.136324 -0.005174 0.581881
0.135875 -0.002543 0.582082
0.141111 -0.004878 0.580549
0.141277 -0.004646 0.582133
0.139343 -0.004031 0.585127
0.139189 -0.006246 0.584491
0.140335 -0.002275 0.583921
0.136051 -0.005353 0.586324
0.140971 -0.002818 0.583815
0.141109 -0.003926 0.584477
0.141693 -0.006242 0.584185
0.139497 -0.007361 0.586515
0.138277 -0.002765 0.584733
0.136270 -0.005514 0.590810
0.144732 -0.009034 0.589218
0.139956 -0.006992 0.585533
0.140036 -0.002401 0.588111
0.142998 -0.001960 0.588516
0.139718 -0.004075 0.590022
0.141733 -0.004956 0.588133
0.139710 -0.003496 0.592116
0.142604 -0.003582 0.590083
0.139562 -0.005616 0.592826
0.138964 -0.004245 0.591959
0.141040 -0.007847 0.592905
0.141581 -0.004212 0.591148
0.141102 -0.004892 0.589412
0.142099 -0.006500 0.593819
0.137777 -0.004597 0.594576
0.140132 -0.008688 0.596838
0.139730 -0.003774 0.595816
0.145964 0.001001 0.594850
0.140850 -0.004758 0.596684
0.145437 -0.007282 0.598978
0.141329 -0.007857 0.596326
0.140889 -0.005355 0.596343
0.141566 -0.005470 0.598105
0.146354 -0.003182 0.600262
0.143050 -0.002514 0.597154
0.144693 -0.004188 0.602138
0.147140 -0.004685 0.601996
0.139566 -0.004421 0.599040
0.141825 -0.004104 0.600414
0.141094 -0.007293 0.604665
0.142403 -0.003777 0.601054
0.141034 -0.001386 0.605704
0.140074 -0.006019 0.605866
0.144529 -0.001167 0.604451
0.140673 -0.006199 0.605867
0.143376 -0.004267 0.605665
0.144389 -0.003000 0.603774
0.145973 -0.004617 0.603448
0.144534 -0.005737 0.608845
0.141158 -0.006771 0.607031
0.141774 -0.002142 0.608650
0.141800 -0.002791 0.608832
0.143287 -0.004660 0.604897
0.140165 -0.002211 0.604540
0.139333 -0.003415 0.609451
0.144736 0.000018 0.612974
0.140240 -0.005379 0.610818
0.138336 -0.005661 0.612885
0.136639 -0.007010 0.609057
0.136165 -0.004071 0.613231
0.140810 -0.005301 0.611933
0.140469 -0.007263 0.614470
0.139881 -0.004364 0.609035
0.138245 -0.008047 0.614988
0.141205 -0.005206 0.614731
0.137430 -0.004554 0.615132
0.139700 -0.003961 0.615333
0.138013 -0.006179 0.617159
0.139243 -0.002874 0.617715
0.141293 -0.005764 0.615713
0.140035 -0.003911 0.617372
0.138383 -0.004222 0.615134
0.136198 -0.003556 0.617711
0.142006 -0.004222 0.618517
0.136489 0.002948 0.619144
0.138104 -0.005874 0.615871
0.137680 -0.004347 0.622447
0.136468 -0.004575 0.619397
0.136370 -0.006069 0.621874
0.139424 -0.006556 0.618107
0.133934 -0.002828 0.620388
0.139013 -0.005898 0.620659
0.136048 -0.004358 0.622115
0.136839 -0.003429 0.626362
0.135334 -0.003058 0.626985
0.134644 -0.005900 0.623663
0.135692 -0.005306 0.622367
0.134586 -0.005000 0.626905
0.133410 -0.004721 0.625085
0.134301 -0.003736 0.626515
0.131497 -0.006629 0.624577
0.133731 -0.004033 0.629351
0.134835 -0.004439 0.623651
0.134249 -0.003533 0.628213
0.132886 -0.002954 0.627198
0.133600 -0.006971 0.630580
0.132144 -0.002125 0.628910
0.130086 -0.005999 0.626058
0.132009 -0.003824 0.628109
0.132196 -0.003807 0.629515
0.131632 -0.007110 0.630946
0.128493 -0.006721 0.626323
0.131630 -0.006532 0.627103
0.129721 -0.006869 0.631400
0.129770 -0.005823 0.628419
0.128578 -0.005627 0.630756
0.129035 -0.004390 0.630115
0.132154 -0.000340 0.632434
0.127066 -0.009608 0.629328
0.130302 -0.002455 0.633933
0.128249 -0.000847 0.633284
0.126184 -0.005626 0.630582
0.128119 -0.006586 0.633132
0.125282 -0.004598 0.635389
0.127680 -0.007328 0.635010
0.127015 -0.007062 0.636020
0.125193 -0.008837 0.633684
0.123574 -0.007358 0.634459
0.124078 -0.009119 0.636017
0.122124 -0.003039 0.635121
0.127126 -0.006341 0.636426
0.118987 -0.002475 0.636471
0.121746 -0.007743 0.638248
0.124729 -0.002933 0.636851
0.123360 -0.003314 0.638121
0.120891 -0.004155 0.643204
0.121900 -0.001809 0.566085
0.122870 0.001514 0.562953
0.118861 -0.001234 0.565006
0.123622 -0.002387 0.563652
0.123825 -0.002384 0.567096
0.123634 -0.004328 0.568115
0.125524 0.000242 0.569344
0.126211 0.000836 0.566627
0.127877 -0.002593 0.559440
0.123648 -0.001635 0.564140
0.128312 -0.003663 0.564912
0.127165 -0.002682 0.568673
0.123971 -0.000267 0.565065
0.123946 -0.003311 0.568433
0.126331 0.000661 0.568471
0.125087 -0.005700 0.568088
0.126215 -0.000068 0.568864
0.131025 0.004591 0.570478
0.129282 -0.003979 0.567977
0.126648 0.000091 0.566874
0.130686 -0.002066 0.569728
0.127367 -0.002487 0.565865
0.130895 -0.002921 0.569004
0.132208 -0.000657 0.570275
0.127183 0.001182 0.570101
0.130265 0.000304 0.575121
0.130785 0.000505 0.574230
0.129997 -0.003874 0.573735
0.133811 -0.000857 0.573211
0.130284 0.000680 0.575532
0.132397 -0.003816 0.571419
0.131820 -0.001926 0.573096
0.132625 0.002344 0.577649
0.130336 -0.000807 0.569710
0.133367 0.000045 0.575896
0.128909 -0.000411 0.576415
0.137614 -0.002534 0.576964
0.137299 0.000583 0.575058
0.133532 -0.000509 0.575471
0.136946 -0.000814 0.575145
0.133110 -0.002577 0.573645
0.134514 -0.005168 0.573739
0.132688 -0.001124 0.577002
0.137344 -0.002252 0.576211
0.135654 -0.003805 0.581440
0.139415 -0.004455 0.578709
0.139551 -0.004120 0.576128
0.135280 -0.000388 0.576865
0.134582 -0.004435 0.581542
0.136910 -0.003117 0.580658
0.134261 -0.002424 0.581138
0.139087 0.002119 0.581293
0.136991 -0.003204 0.580251
0.139356 0.000045 0.581726
0.139741 -0.003323 0.581310
0.137227 -0.001309 0.583179
0.137133 -0.001803 0.585550
0.144317 -0.001535 0.582873
0.141633 -0.002139 0.584693
0.137973 0.000732 0.586042
0.140762 -0.000007 0.587317
0.140754 -0.004216 0.588592
0.140564 -0.000848 0.589402
0.141804 -0.000064 0.588721
0.135369 0.000028 0.584348
0.140735 -0.000218 0.587443
0.143628 -0.001890 0.589849
0.139285 -0.001078 0.590399
0.139306 -0.001704 0.591712
0.139348 -0.002001 0.591353
0.140794 0.000428 0.589081
0.143540 -0.000213 0.591968
0.146757 -0.002918 0.590843
0.141946 -0.000543 0.591577
0.142144 -0.004162 0.590781
0.142324 -0.000883 0.596058
0.141521 -0.000143 0.591727
0.144219 -0.003380 0.592427
0.142106 -0.003045 0.593095
0.141110 0.000649 0.591098
0.143089 -0.003462 0.594979
0.141937 -0.000988 0.597809
0.142062 0.000634 0.597795
0.142544 -0.003779 0.599704
0.144580 -0.003158 0.598746
0.143550 -0.005933 0.599987
0.140192 -0.000304 0.595679
0.141374 -0.001599 0.598805
0.145315 -0.001592 0.601494
0.141563 -0.001274 0.600668
0.142342 -0.001421 0.598328
0.140638 0.001262 0.596800
0.144915 -0.001680 0.602560
0.140587 -0.002555 0.603321
0.142439 -0.003016 0.605589
0.142792 0.000247 0.606303
0.140797 -0.002508 0.604769
0.142396 -0.000244 0.603261
0.137089 -0.002652 0.606491
0.145623 0.002532 0.604510
0.142450 -0.001174 0.602371
0.145962 -0.001132 0.608499
0.144708 -0.002360 0.604325
0.141956 0.000260 0.603594
0.138635 -0.001027 0.605988
0.139960 -0.000360 0.608048
0.144477 -0.001744 0.609839
0.140381 -0.000644 0.610319
0.141718 -0.001968 0.607943
0.143242 0.002201 0.613024
0.142687 -0.000176 0.612054
0.139808 -0.000422 0.611349
0.143093 0.000506 0.613638
0.141703 -0.001115 0.612229
0.141143 -0.001215 0.609212
0.139279 -0.002043 0.615001
0.142752 -0.003769 0.616250
0.139305 -0.001568 0.611395
0.138564 -0.003031 0.614494
0.139417 -0.004413 0.613961
0.140554 -0.000843 0.616544
0.136482 0.000629 0.617058
0.139804 -0.003792 0.617156
0.143906 -0.000112 0.617714
0.138928 -0.001424 0.613542
0.139524 0.000486 0.612718
0.137703 0.000442 0.618058
0.142421 -0.003407 0.616425
0.137396 -0.001127 0.617304
0.137149 -0.000119 0.615790
0.137432 -0.000351 0.616324
0.138859 -0.000602 0.621143
0.139560 0.000049 0.620371
0.139760 -0.001955 0.619668
0.136196 -0.001493 0.618575
0.139837 -0.000242 0.621714
0.140559 -0.000837 0.624417
0.134801 -0.003184 0.625877
0.136641 0.000650 0.619620
0.134733 0.000829 0.626329
0.133394 -0.002472 0.621941
0.134675 -0.000283 0.626797
0.136734 -0.001367 0.628791
0.134824 -0.002832 0.622482
0.130566 0.000212 0.623834
0.135877 -0.002896 0.626008
0.138626 -0.001187 0.630869
0.131389 -0.002079 0.624950
0.134256 -0.000953 0.625782
0.131472 0.004303 0.627921
0.132705 -0.000640 0.629148
0.130137 0.000126 0.630368
0.133574 -0.002585 0.630955
0.131778 0.001352 0.630091
0.128558 -0.001096 0.629148
0.126858 0.000254 0.631664
0.129474 -0.000479 0.633236
0.129022 -0.000221 0.626857
0.127241 -0.001399 0.630341
0.130279 -0.001933 0.630504
0.131787 -0.002222 0.630103
0.127681 -0.001819 0.628107
0.130429 -0.002356 0.633872
0.129476 -0.003443 0.634103
0.129213 -0.001381 0.633288
0.126070 -0.002453 0.632642
0.126672 -0.001774 0.631276
0.125661 -0.001341 0.631114
0.125866 -0.002903 0.630480
0.123549 0.000875 0.637143
0.123128 -0.002729 0.630993
0.126740 -0.000955 0.632635
0.125368 -0.000330 0.636052
0.124708 -0.002757 0.636542
0.121248 0.001019 0.637288
0.123487 -0.000200 0.633113
0.123820 -0.002114 0.636022
0.121026 -0.000272 0.635306
0.121190 -0.002790 0.635203
0.120921 -0.002097 0.637776
0.123622 0.002277 0.566149
0.119573 0.003896 0.561880
0.118709 0.003584 0.561555
0.120941 0.001906 0.564321
0.126120 0.002710 0.560683
0.123263 0.000710 0.570562
0.125904 -0.000801 0.562471
0.122581 0.001219 0.566482
0.123209 0.000398 0.566137
0.124515 0.001897 0.566280
0.128111 0.001449 0.566790
0.127217 -0.000262 0.564821
0.124362 0.000813 0.569605
0.125798 0.002393 0.565814
0.129230 0.003119 0.566556
0.126135 0.000392 0.571076
0.125896 0.000088 0.567532
0.132981 -0.000957 0.567401
0.127867 0.001657 0.570910
0.131596 0.003163 0.567931
0.126663 0.000430 0.570975
0.127006 -0.003406 0.568661
0.126951 0.001237 0.570179
0.129272 0.003373 0.567580
0.131773 0.005308 0.569704
0.128649 0.001100 0.570187
0.131403 -0.000688 0.571385
0.134716 0.004135 0.569336
0.132955 0.002098 0.572180
0.132883 0.001188 0.576200
0.131534 0.005059 0.572881
0.132064 0.002010 0.570377
0.131102 0.001493 0.572275
0.133774 0.003949 0.571853
0.132118 -0.002380 0.577025
0.138272 -0.000019 0.573283
0.135704 0.003962 0.576706
0.137503 0.000510 0.574701
0.134677 0.003325 0.573399
0.134631 0.004001 0.574211
0.134502 0.002209 0.577272
0.135003 0.004946 0.577981
0.140260 0.005152 0.579162
0.135310 0.000826 0.578330
0.135057 0.004709 0.579568
0.135972 0.000755 0.578021
0.135333 0.002052 0.576823
0.139078 0.000376 0.581824
0.136436 0.001234 0.580687
0.139351 0.002175 0.579911
0.136757 0.002289 0.579250
0.137266 0.003268 0.577926
0.140590 0.002355 0.584819
0.136144 0.004212 0.583696
0.142433 -0.000885 0.585094
0.136323 0.004409 0.585388
0.135417 0.003572 0.582522
0.137794 0.001881 0.585342
0.136824 -0.001702 0.583010
0.139861 -0.000600 0.587400
0.138663 0.001609 0.584790
0.138300 0.003324 0.585148
0.141911 0.002317 0.587761
0.138455 0.000450 0.584865
0.142254 0.000763 0.586692
0.138245 0.005320 0.588897
0.141752 -0.002697 0.588222
0.138369 0.003189 0.589643
0.140622 0.003310 0.587074
0.144392 0.003307 0.592875
0.141736 0.003536 0.587493
0.138563 0.001965 0.588462
0.137375 0.005126 0.587375
0.139104 -0.000908 0.591527
0.140585 0.000093 0.590824
0.141810 0.000989 0.592757
0.144249 0.003837 0.595725
0.143327 0.001724 0.592531
0.141224 0.000475 0.595303
0.140420 0.004770 0.594754
0.140625 0.002272 0.595909
0.142861 0.002269 0.593550
0.145383 0.001720 0.596869
0.142113 0.000221 0.600327
0.141149 0.002141 0.598364
0.142844 0.003351 0.597103
0.145284 -0.001823 0.596602
0.140999 0.003748 0.597459
0.141012 0.003015 0.600823
0.142802 0.004885 0.600239
0.142115 0.001833 0.605218
0.144094 0.000821 0.600428
0.142027 0.003235 0.597913
0.137833 0.003767 0.602186
0.145172 0.001942 0.604408
0.140654 0.007644 0.602229
0.142618 0.001590 0.606301
0.141979 -0.000621 0.602485
0.141929 -0.000142 0.606045
0.141705 0.004355 0.605706
0.142004 0.001287 0.609264
0.140832 0.004102 0.602287
0.142661 0.001802 0.610360
0.145357 0.000014 0.606150
0.143083 0.001698 0.606550
0.140553 0.001884 0.603275
0.142071 0.004458 0.610168
0.143171 0.004287 0.605986
0.140354 0.003057 0.610514
0.141533 0.000662 0.610077
0.140875 0.004711 0.609517
0.144606 0.001994 0.609315
0.145243 0.001535 0.611234
0.143449 0.002533 0.612711
0.142080 0.002105 0.615662
0.143812 0.000252 0.612250
0.141183 0.007936 0.612625
0.137291 0.000428 0.611876
0.139809 0.001805 0.612317
0.142744 0.001198 0.614189
0.138105 0.004051 0.614844
0.137371 0.002443 0.616771
0.137626 0.004161 0.619030
0.139918 -0.000168 0.617529
0.138260 0.004094 0.612432
0.142174 0.004657 0.614386
0.141236 0.003430 0.617424
0.141186 0.003196 0.620961
0.137446 0.001317 0.620559
0.138252 0.003917 0.622853
0.142534 0.002534 0.619732
0.134314 0.004607 0.620877
0.138711 0.002112 0.623285
0.132213 0.003721 0.620770
0.136970 -0.000569 0.619530
0.138716 0.004881 0.621914
0.137705 0.005406 0.621511
0.135537 0.002603 0.624106
0.136648 0.001662 0.625223
0.133843 0.002751 0.623892
0.136274 0.000159 0.621653
0.136554 0.007581 0.623555
0.136732 0.001251 0.627516
0.136577 0.002920 0.622274
0.135665 0.001733 0.624574
0.134534 0.001761 0.625972
0.137512 0.001495 0.627293
0.133122 0.002371 0.627251
0.135280 0.000655 0.629849
0.133023 0.001003 0.629463
0.132312 0.002885 0.626715
0.134238 0.001730 0.625361
0.132604 0.000899 0.627557
0.132834 0.002316 0.629542
0.127192 0.002294 0.626965
0.130649 -0.001409 0.626295
0.134978 0.001038 0.630329
0.126064 -0.000260 0.629597
0.132842 0.004387 0.628978
0.127989 0.002794 0.633843
0.131148 0.004249 0.628627
0.127597 0.002153 0.631441
0.126813 0.000153 0.633938
0.126656 0.006948 0.632160
0.126195 0.003730 0.631532
0.126253 0.005797 0.634826
0.126621 -0.000654 0.632474
0.121807 0.004547 0.627290
0.126414 0.005425 0.635159
0.124652 0.004256 0.633728
0.126906 0.002228 0.633922
0.126811 0.001443 0.633728
0.122341 0.001890 0.634772
0.124393 0.002052 0.637502
0.122403 0.000459 0.633373
0.117828 0.005061 0.633817
0.123928 0.002083 0.634984
0.121407 0.003772 0.635949
0.120934 -0.001921 0.636940
0.122366 0.003743 0.637978
0.118953 0.002995 0.562291
0.117842 0.002824 0.561667
0.127617 0.002227 0.564082
0.122989 0.004534 0.565566
0.121263 0.005761 0.565335
0.125413 0.003200 0.565970
0.121111 0.003530 0.565437
0.123859 0.006690 0.571022
0.124820 0.011343 0.565801
0.124236 0.006698 0.568946
0.124375 0.004206 0.565791
0.124973 0.004334 0.566548
0.126955 0.008916 0.565437
0.128243 0.007672 0.568823
0.131884 0.007897 0.568189
0.128957 0.006571 0.569232
0.127295 0.006421 0.569059
0.127483 0.007403 0.568452
0.128431 0.008723 0.566817
0.127087 0.006956 0.570924
0.128562 0.004884 0.568925
0.129716 0.005438 0.569432
0.133356 0.004684 0.571214
0.131101 0.008393 0.569276
0.132467 0.006873 0.571605
0.132284 0.002036 0.572505
0.131928 0.005660 0.571677
0.133144 0.004504 0.569553
0.135979 0.005727 0.571533
0.130577 0.006139 0.571296
0.131700 0.006439 0.571625
0.135285 0.006371 0.573528
0.137802 0.005044 0.573787
0.134457 0.006351 0.574099
0.136894 0.007982 0.571376
0.131519 0.004742 0.573005
0.137107 0.002958 0.575421
0.132657 0.007359 0.575578
0.138260 0.005953 0.576470
0.136122 0.007084 0.577996
0.137189 0.005503 0.577046
0.137276 0.000969 0.577899
0.136521 0.006568 0.576073
0.135633 0.001714 0.577036
0.136022 0.005559 0.576680
0.135232 0.003071 0.579945
0.137366 0.001088 0.577593
0.137554 0.006023 0.579603
0.136926 0.004300 0.581742
0.138552 0.006974 0.585173
0.136528 0.004431 0.580768
0.142118 0.005430 0.581435
0.140127 0.002823 0.580679
0.138056 0.003841 0.582381
0.142753 0.009799 0.582593
0.139495 0.005738 0.583965
0.142201 0.009114 0.584424
0.140716 0.004545 0.582830
0.140440 0.010186 0.585340
0.135846 0.006980 0.585315
0.138533 0.006058 0.587625
0.138868 0.005124 0.589261
0.138438 0.004319 0.589784
0.140950 0.000714 0.586703
0.141492 0.003699 0.589258
0.141711 0.004337 0.588095
0.139226 0.004871 0.590545
0.137736 0.007909 0.588078
0.141331 0.004832 0.587989
0.141610 0.005421 0.587813
0.143507 0.008267 0.591770
0.141765 0.005137 0.586281
0.143724 0.006322 0.591738
0.139702 0.007289 0.591750
0.141054 0.006419 0.592041
0.139566 0.002559 0.591087
0.142664 0.004512 0.593935
0.141931 0.004743 0.593605
0.139979 0.008217 0.594596
0.143856 0.006856 0.594472
0.143314 0.006778 0.595362
0.144965 0.005778 0.596434
0.143211 0.009124 0.594056
0.146316 0.004415 0.600376
0.139355 0.005643 0.593339
0.145530 0.006166 0.598838
0.145796 0.008348 0.598124
0.140405 0.004425 0.599113
0.139190 0.003410 0.600686
0.142244 0.005877 0.600752
0.142358 0.007158 0.601460
0.144963 0.002336 0.603454
0.144134 0.000832 0.596768
0.144508 0.006581 0.600296
0.145498 0.007203 0.603580
0.142918 0.004774 0.607742
0.145190 0.004552 0.600700
0.141542 0.004046 0.605082
0.145434 0.008456 0.605328
0.142987 0.007523 0.605051
0.143812 0.006708 0.604366
0.143270 0.007513 0.607235
0.140562 0.008249 0.607714
0.138895 0.006917 0.605468
0.145582 0.003143 0.606872
0.142981 0.004743 0.605113
0.139454 0.008119 0.604420
0.139845 0.004501 0.606597
0.141320 0.003402 0.607594
0.143969 0.006651 0.608745
0.144394 0.007906 0.611678
0.139839 0.006582 0.612328
0.144549 0.007992 0.608895
0.140705 0.008010 0.613198
0.139969 0.003340 0.610330
0.138052 0.008069 0.614108
0.139480 0.006786 0.610855
0.138068 0.004821 0.612774
0.137182 0.007676 0.613857
0.137999 0.005183 0.615956
0.140699 0.003607 0.616025
0.136427 0.000747 0.617427
0.141338 0.004663 0.616613
0.136656 0.003719 0.613241
0.141627 0.002565 0.617039
0.143297 0.007423 0.617999
0.139011 0.004819 0.616643
0.138673 0.005012 0.618388
0.138512 0.006414 0.614880
0.138176 0.004912 0.616612
0.135779 0.007421 0.619631
0.139805 0.007624 0.617803
0.137502 0.004510 0.620693
0.136461 0.006992 0.619155
0.137099 0.004653 0.619441
0.137115 0.004810 0.619304
0.137641 0.008515 0.622356
0.135997 0.009620 0.619962
0.135666 0.008050 0.624340
0.134893 0.005567 0.621098
0.137305 0.004009 0.622825
0.134245 0.004383 0.623268
0.132869 0.007860 0.622573
0.135604 0.006197 0.627874
0.133109 0.004183 0.621366
0.132949 0.005766 0.621618
0.135284 0.005577 0.628198
0.129740 0.004633 0.626394
0.132544 0.004857 0.626698
0.135112 0.008094 0.626409
0.137099 0.001428 0.628763
0.132229 0.009113 0.626879
0.129800 0.004687 0.628520
0.128472 0.009223 0.629284
0.129493 0.007822 0.632063
0.131010 0.003807 0.626406
0.129285 0.010056 0.631133
0.130075 0.006961 0.632196
0.131379 0.007342 0.627461
0.126097 0.002394 0.629801
0.130904 0.003487 0.632112
0.123612 0.005059 0.632730
0.125726 0.002007 0.632593
0.124223 0.007963 0.633886
0.128095 0.009242 0.632838
0.130218 0.003860 0.630896
0.125879 0.004588 0.633309
0.127079 0.001854 0.631511
0.121516 0.013517 0.630848
0.125422 0.008873 0.634302
0.126984 0.005973 0.634820
0.124058 0.003102 0.636099
0.125322 0.005174 0.635044
0.124664 0.003916 0.633135
0.124552 0.003846 0.635697
0.125733 0.008171 0.634942
0.120739 0.004108 0.633522
0.120769 0.008111 0.634094
0.118601 0.007591 0.636808
0.120188 0.004807 0.638222
0.118244 0.009770 0.561198
0.123677 0.006958 0.567640
0.122543 0.010510 0.564998
0.123695 0.010401 0.563458
0.124839 0.011269 0.562553
0.121520 0.009543 0.560307
0.125377 0.008476 0.564471
0.125513 0.006207 0.565138
0.125971 0.007884 0.566199
0.124045 0.007950 0.564706
0.127278 0.009580 0.567011
0.126498 0.010818 0.567163
0.125534 0.008297 0.564933
0.128013 0.011900 0.567795
0.126536 0.011387 0.566249
0.126848 0.011708 0.568540
0.127349 0.008915 0.569003
0.127426 0.010019 0.568173
0.126689 0.009585 0.568973
0.124626 0.008339 0.571028
0.130150 0.009761 0.567348
0.127448 0.008518 0.570506
0.131294 0.007515 0.567722
0.133073 0.011309 0.568062
0.133562 0.007999 0.573829
0.131806 0.007536 0.570033
0.129856 0.010265 0.572591
0.132040 0.009246 0.573194
0.132338 0.010101 0.573729
0.129993 0.008134 0.573972
0.133140 0.007152 0.564823
0.135243 0.007506 0.572351
0.133640 0.009062 0.574698
0.132127 0.009090 0.570343
0.133726 0.013321 0.576029
0.136908 0.010907 0.573436
0.134287 0.010506 0.576647
0.133781 0.008983 0.571887
0.133851 0.008051 0.574249
0.136273 0.005710 0.579465
0.136141 0.010854 0.576954
0.132956 0.009294 0.580254
0.137371 0.010668 0.575457
0.135571 0.010479 0.577365
0.133784 0.007676 0.578137
0.135444 0.011603 0.575693
0.134951 0.012344 0.582127
0.134378 0.008960 0.576707
0.140276 0.007907 0.578568
0.140515 0.007992 0.580420
0.140511 0.012251 0.578425
0.137821 0.008704 0.581507
0.139059 0.005147 0.580243
0.141691 0.006048 0.581459
0.136764 0.011745 0.582882
0.139108 0.006179 0.581607
0.139524 0.008620 0.583541
0.139687 0.008657 0.582666
0.142510 0.006412 0.582562
0.142141 0.013111 0.584842
0.139959 0.012331 0.582575
0.140632 0.006945 0.584892
0.138867 0.010363 0.590485
0.139980 0.007923 0.588410
0.142854 0.007863 0.586530
0.139709 0.007187 0.588203
0.143148 0.008843 0.589328
0.137848 0.006114 0.590164
0.143140 0.012121 0.590903
0.140777 0.010016 0.589760
0.139829 0.011049 0.591914
0.143047 0.005738 0.591295
0.142847 0.012510 0.593822
0.142620 0.007011 0.593121
0.143574 0.006424 0.589107
0.139415 0.009438 0.594851
0.142373 0.012985 0.592353
0.145483 0.008708 0.592166
0.142214 0.006176 0.594414
0.143295 0.008418 0.596093
0.139533 0.010904 0.594713
0.143374 0.005876 0.594623
0.145282 0.008129 0.593998
0.138339 0.009313 0.598587
0.144511 0.006305 0.597992
0.141726 0.007131 0.595206
0.145821 0.010801 0.597359
0.143395 0.008980 0.599042
0.139433 0.011305 0.597747
0.141965 0.008663 0.600921
0.143997 0.008659 0.599288
0.143023 0.007301 0.601175
0.140480 0.010148 0.605899
0.139292 0.003266 0.600305
0.142137 0.009383 0.599977
0.141822 0.009261 0.601034
0.144059 0.011425 0.601262
0.143868 0.007550 0.603876
0.144225 0.008607 0.605829
0.148168 0.013528 0.605047
0.141675 0.009720 0.606967
0.140786 0.010781 0.607528
0.143520 0.008224 0.608446
0.141968 0.009068 0.609137
0.143657 0.010469 0.603854
0.137950 0.008753 0.605632
0.138925 0.009599 0.608014
0.142938 0.012610 0.607459
0.140854 0.007430 0.607473
0.144934 0.010637 0.610309
0.140088 0.008251 0.608001
0.141405 0.007423 0.610897
0.142383 0.008774 0.613164
0.140697 0.009192 0.612912
0.138106 0.010358 0.608792
0.139703 0.008790 0.614413
0.138079 0.012135 0.612824
0.142407 0.009881 0.619408
0.139883 0.006136 0.614214
0.139889 0.009955 0.611469
0.140473 0.010569 0.613760
0.139560 0.008809 0.617333
0.145577 0.010503 0.614581
0.136831 0.007520 0.615055
0.140095 0.009905 0.617404
0.139666 0.010228 0.615142
0.139465 0.006706 0.615871
0.136563 0.009980 0.618723
0.136447 0.008869 0.617454
0.139476 0.009259 0.618707
0.141228 0.009122 0.616443
0.134947 0.010084 0.619912
0.138003 0.007273 0.619759
0.134181 0.009776 0.620963
0.136419 0.008540 0.619898
0.140386 0.015309 0.622611
0.138675 0.005627 0.624608
0.136874 0.009280 0.623882
0.137890 0.008672 0.620948
0.134537 0.006498 0.624203
0.135732 0.012255 0.619840
0.136260 0.010160 0.627715
0.136313 0.008506 0.623581
0.137554 0.008019 0.625380
0.133861 0.008167 0.624712
0.135327 0.006831 0.625656
0.133689 0.004187 0.623060
0.132688 0.009891 0.623281
0.132479 0.013506 0.624276
0.131224 0.009582 0.632219
0.130664 0.006799 0.628394
0.133059 0.008766 0.629323
0.132768 0.011175 0.629446
0.132239 0.009838 0.628384
0.128840 0.012471 0.630413
0.132349 0.009310 0.631353
0.130145 0.009602 0.631697
0.132972 0.007353 0.628947
0.132144 0.009865 0.628884
0.126971 0.009399 0.626462
0.130990 0.011849 0.634455
0.130861 0.009991 0.631365
0.129487 0.003978 0.630246
0.129029 0.009888 0.632297
0.126379 0.010189 0.631104
0.126352 0.007750 0.631803
0.124981 0.006781 0.631987
0.125838 0.011342 0.636288
0.125647 0.005958 0.638083
0.126166 0.009256 0.629977
0.128276 0.008788 0.630886
0.128919 0.009202 0.636747
0.121426 0.004565 0.632571
0.121301 0.009099 0.636216
0.123262 0.009583 0.634890
0.122516 0.008838 0.636505
0.121590 0.010767 0.633496
0.119855 0.007598 0.637568
0.123797 0.009210 0.635670
0.122240 0.009870 0.635964
0.121646 0.014700 0.564947
0.120584 0.012200 0.563926
0.123089 0.011826 0.563113
0.118461 0.010010 0.561531
0.122672 0.012120 0.564587
0.123086 0.015532 0.565550
0.126422 0.014101 0.563456
0.120516 0.013977 0.563717
0.127526 0.011438 0.565100
0.125140 0.013291 0.564163
0.125947 0.009033 0.564349
0.128362 0.015795 0.561885
0.128937 0.011088 0.567198
0.123898 0.014310 0.568296
0.127227 0.011208 0.566273
0.124927 0.009935 0.566496
0.131210 0.010227 0.566518
0.125500 0.011204 0.568474
0.127703 0.009066 0.566212
0.128058 0.011626 0.567453
0.127993 0.009723 0.568512
0.130708 0.015593 0.570013
0.133083 0.008735 0.572327
0.128659 0.015747 0.575079
0.128295 0.013964 0.570077
0.132356 0.010854 0.567419
0.133385 0.012020 0.569673
0.134770 0.012445 0.567621
0.132058 0.013719 0.573798
0.136444 0.011200 0.570099
0.133830 0.013959 0.573239
0.133896 0.008307 0.571821
0.134748 0.009773 0.574119
0.131030 0.010165 0.574100
0.133903 0.012502 0.574043
0.130999 0.015402 0.575002
0.134165 0.008300 0.574168
0.131353 0.010911 0.574143
0.135484 0.013954 0.576148
0.137593 0.013219 0.575580
0.136879 0.013242 0.580304
0.133722 0.012307 0.576379
0.139087 0.013883 0.574213
0.138098 0.011906 0.579160
0.133812 0.014896 0.581037
0.135632 0.013668 0.578961
0.137025 0.012902 0.585884
0.136646 0.014975 0.579490
0.133885 0.009261 0.582980
0.139397 0.009402 0.582421
0.137988 0.013119 0.584522
0.139461 0.010609 0.582736
0.137455 0.010585 0.578609
0.139627 0.008545 0.581497
0.139598 0.013550 0.584791
0.138142 0.007217 0.580562
0.139776 0.010201 0.580068
0.136276 0.010167 0.586705
0.140185 0.013223 0.584488
0.137251 0.011068 0.583854
0.136122 0.011808 0.585920
0.137534 0.011677 0.584079
0.137353 0.014151 0.584982
0.140430 0.012661 0.588506
0.140118 0.011609 0.589227
0.139973 0.012391 0.591683
0.142057 0.007876 0.590340
0.140502 0.009779 0.589486
0.143579 0.011763 0.592016
0.142236 0.016029 0.589551
0.145352 0.008910 0.591138
0.143404 0.010049 0.595566
0.140535 0.011769 0.588251
0.143955 0.014162 0.592921
0.144218 0.012198 0.595252
0.140629 0.012249 0.590708
0.141495 0.010155 0.593210
0.141835 0.011200 0.593351
0.138912 0.012268 0.595299
0.140915 0.009618 0.594809
0.140936 0.009857 0.593979
0.143282 0.010339 0.594461
0.140532 0.013686 0.596802
0.141052 0.010085 0.595571
0.141387 0.014601 0.594972
0.143878 0.009260 0.596333
0.142601 0.015761 0.599095
0.142622 0.014374 0.599835
0.141351 0.013883 0.600859
0.141331 0.011569 0.601245
0.141602 0.013607 0.602082
0.145692 0.012700 0.600789
0.140360 0.012784 0.600112
0.140777 0.011663 0.602372
0.143284 0.011577 0.600077
0.143399 0.011271 0.603869
0.141265 0.014323 0.603665
0.141539 0.014121 0.603209
0.144292 0.012144 0.605612
0.141204 0.009193 0.604895
0.142273 0.014642 0.604666
0.140352 0.014335 0.605226
0.142644 0.013940 0.606224
0.141806 0.016179 0.607028
0.142507 0.008630 0.602927
0.142583 0.014260 0.606216
0.140790 0.009782 0.611943
0.143899 0.011901 0.610552
0.144935 0.014061 0.610453
0.141034 0.014886 0.606152
0.139562 0.015011 0.608224
0.140509 0.012438 0.610254
0.137512 0.011351 0.612266
0.142992 0.009996 0.609324
0.138740 0.009999 0.610793
0.142206 0.014649 0.612662
0.141403 0.009895 0.612979
0.136261 0.011699 0.611925
0.140576 0.015933 0.611052
0.139270 0.013360 0.614718
0.140892 0.012412 0.619739
0.140038 0.010189 0.618018
0.141519 0.014140 0.614522
0.139419 0.013855 0.616174
0.141118 0.008753 0.616540
0.140086 0.010059 0.617637
0.134718 0.015697 0.617942
0.137371 0.016811 0.621063
0.136043 0.013214 0.618698
0.136936 0.011898 0.620473
0.136620 0.012670 0.619474
0.136944 0.012075 0.620556
0.136894 0.012495 0.617559
0.136985 0.009143 0.617229
0.137516 0.011979 0.621718
0.134830 0.010240 0.619007
0.140818 0.010067 0.618404
0.136645 0.012976 0.625993
0.134679 0.015704 0.625537
0.137077 0.010179 0.627306
0.136599 0.014850 0.624303
0.132239 0.011065 0.625891
0.137709 0.014378 0.626567
0.135971 0.010788 0.621168
0.134640 0.013394 0.624163
0.134457 0.013601 0.625628
0.135048 0.009408 0.625702
0.136476 0.011467 0.628784
0.128351 0.014766 0.625145
0.133756 0.007298 0.627320
0.133313 0.012934 0.626383
0.133423 0.010945 0.626636
0.131589 0.011206 0.628652
0.132396 0.015127 0.626029
0.129359 0.014149 0.628136
0.132271 0.013252 0.628543
0.129570 0.012312 0.626942
0.128418 0.008814 0.629815
0.130534 0.012590 0.630291
0.128984 0.011520 0.630379
0.129645 0.012791 0.627216
0.132316 0.010723 0.629967
0.129386 0.011639 0.634206
0.125774 0.014855 0.631005
0.126113 0.012056 0.635383
0.125807 0.015053 0.635540
0.122917 0.012027 0.636148
0.126747 0.010863 0.633011
0.126651 0.011387 0.631118
0.128675 0.014720 0.632932
0.123917 0.010850 0.633162
0.124081 0.016452 0.637625
0.127392 0.012546 0.633443
0.120421 0.011369 0.633316
0.123182 0.011460 0.635706
0.126273 0.012132 0.633614
0.123886 0.009632 0.635762
0.117952 0.015250 0.635707
0.121336 0.008615 0.642097
0.121080 0.012754 0.636651
0.122718 0.016105 0.560887
0.123446 0.019663 0.560738
0.122226 0.017092 0.565506
0.121995 0.016350 0.559051
0.119337 0.018019 0.567130
0.120733 0.013826 0.565648
0.126371 0.016442 0.566166
0.122224 0.012194 0.565498
0.121509 0.017283 0.564808
0.131462 0.017670 0.566732
0.125033 0.013524 0.566956
0.123096 0.015034 0.563840
0.132255 0.013312 0.566623
0.126305 0.019142 0.565994
0.125696 0.016516 0.567654
0.127202 0.017831 0.568052
0.128334 0.014293 0.565732
0.122105 0.013472 0.566033
0.129413 0.016830 0.568346
0.126305 0.015037 0.566137
0.129735 0.018271 0.569501
0.128875 0.017944 0.568350
0.130491 0.022065 0.569437
0.129788 0.018217 0.570907
0.134022 0.016610 0.568748
0.131609 0.016047 0.568330
0.133824 0.013076 0.571247
0.132408 0.019666 0.574325
0.130614 0.017620 0.576561
0.132836 0.016777 0.572377
0.133506 0.018059 0.573605
0.132030 0.015563 0.573126
0.135208 0.017417 0.571514
0.138915 0.011820 0.572854
0.129384 0.017828 0.573264
0.135792 0.016253 0.574371
0.133451 0.015676 0.574070
0.133198 0.019422 0.569722
0.131377 0.012646 0.574134
0.133299 0.019576 0.578901
0.135120 0.017526 0.579440
0.136601 0.017563 0.575089
0.132459 0.016551 0.579041
0.133516 0.018583 0.579046
0.137397 0.015361 0.581571
0.132903 0.015150 0.579240
0.136830 0.016329 0.576018
0.135207 0.016013 0.575793
0.137384 0.018774 0.576154
0.136848 0.013312 0.577540
0.137002 0.015560 0.582634
0.140615 0.018576 0.579769
0.140681 0.013683 0.580152
0.143123 0.012217 0.585369
0.138497 0.016522 0.581456
0.139464 0.015964 0.583288
0.139168 0.016511 0.582027
0.140382 0.017174 0.579754
0.138904 0.015786 0.585329
0.141139 0.015455 0.585479
0.141068 0.015544 0.584349
0.139257 0.018995 0.584401
0.136294 0.018228 0.587301
0.133577 0.013305 0.587147
0.138727 0.015482 0.587247
0.141084 0.015601 0.586872
0.143541 0.013646 0.589456
0.138675 0.014414 0.586396
0.140218 0.016804 0.591099
0.138398 0.014701 0.587814
0.140776 0.019705 0.589207
0.141360 0.017238 0.589424
0.140345 0.016203 0.589987
0.143292 0.014827 0.589998
0.142260 0.013318 0.592152
0.139143 0.018319 0.589686
0.138400 0.015395 0.594208
0.144923 0.014187 0.594136
0.141624 0.017701 0.594786
0.142672 0.013922 0.591419
0.140399 0.017683 0.594726
0.146158 0.019237 0.592718
0.140977 0.017852 0.597385
0.141266 0.013973 0.598418
0.144781 0.015491 0.596353
0.143528 0.012563 0.596925
0.141263 0.015608 0.596761
0.144862 0.016217 0.600947
0.140350 0.014805 0.594954
0.144308 0.016992 0.599143
0.140812 0.012081 0.601578
0.147099 0.014891 0.603110
0.139199 0.017887 0.601295
0.141643 0.013402 0.602479
0.141181 0.018375 0.601972
0.141197 0.015507 0.602157
0.143796 0.013455 0.603468
0.143570 0.016465 0.605798
0.143990 0.012257 0.603052
0.141784 0.018682 0.603173
0.142948 0.016459 0.607356
0.144819 0.014165 0.607980
0.140995 0.017905 0.600522
0.146775 0.017477 0.606713
0.143762 0.016506 0.607211
0.142553 0.020194 0.609841
0.139279 0.014050 0.610762
0.142000 0.015511 0.609620
0.142405 0.013773 0.610509
0.140082 0.018063 0.609910
0.140725 0.020705 0.610055
0.139462 0.012585 0.608017
0.142482 0.015701 0.613247
0.143150 0.012619 0.612709
0.136678 0.012778 0.615977
0.137953 0.018376 0.611605
0.142505 0.016944 0.613227
0.142461 0.012853 0.611529
0.143195 0.015683 0.616263
0.139583 0.018882 0.614003
0.139521 0.018234 0.612461
0.140582 0.014323 0.615609
0.144393 0.011395 0.612582
0.138737 0.013647 0.611729
0.139130 0.014744 0.616519
0.138870 0.015042 0.617826
0.137415 0.015710 0.617411
0.135542 0.013971 0.617008
0.139681 0.016998 0.616951
0.134154 0.010104 0.620409
0.138279 0.018775 0.618032
0.138253 0.015411 0.618539
0.139672 0.014343 0.619454
0.134385 0.016433 0.620069
0.137923 0.016319 0.620384
0.134027 0.016179 0.619873
0.140237 0.012673 0.619745
0.136639 0.017438 0.623855
0.134701 0.017482 0.619593
0.137796 0.015842 0.624680
0.137439 0.018673 0.625020
0.135018 0.015519 0.620470
0.133262 0.014894 0.622961
0.135762 0.017875 0.628658
0.132374 0.014777 0.625852
0.130777 0.017450 0.624249
0.134701 0.016491 0.622870
0.131218 0.014759 0.624434
0.133222 0.017619 0.631476
0.134972 0.014357 0.628407
0.131134 0.013416 0.631372
0.136329 0.016144 0.628806
0.129989 0.015333 0.632820
0.130582 0.011886 0.631530
0.131316 0.012872 0.627962
0.132444 0.013233 0.629201
0.130836 0.016644 0.625348
0.131436 0.012419 0.630944
0.127243 0.011339 0.630261
0.128085 0.018466 0.634551
0.131008 0.018379 0.629269
0.127626 0.014918 0.629016
0.127652 0.017931 0.629200
0.128719 0.013198 0.632631
0.123705 0.015860 0.628620
0.129837 0.013774 0.634839
0.127113 0.015402 0.629662
0.127493 0.017139 0.635397
0.119223 0.013899 0.641211
0.123256 0.015128 0.633768
0.119499 0.015829 0.630296
0.123597 0.015599 0.632160
0.122496 0.017191 0.638785
0.119674 0.018716 0.629528
0.122561 0.016561 0.632452
0.123607 0.014730 0.635327
0.119652 0.017083 0.635769
0.121958 0.016162 0.639768
0.121603 0.014056 0.639565
0.122491 0.017685 0.638496
0.122403 0.017733 0.560381
0.118527 0.020655 0.566052
0.122576 0.017061 0.561459
0.121311 0.022402 0.564597
0.121928 0.018466 0.565316
0.121471 0.017500 0.569061
0.124710 0.019959 0.563965
0.123815 0.019006 0.563771
0.125307 0.016616 0.562379
0.127291 0.022389 0.565408
0.125832 0.021195 0.565321
0.123566 0.019452 0.562278
0.126441 0.019561 0.563149
0.125912 0.017978 0.565323
0.130039 0.017790 0.566161
0.127761 0.019117 0.567023
0.130462 0.020773 0.569169
0.129576 0.023319 0.569541
0.127817 0.014175 0.566593
0.128948 0.022098 0.565262
0.126200 0.015454 0.569160
0.132677 0.021675 0.570942
0.126867 0.022951 0.570341
0.128884 0.018665 0.567681
0.130002 0.019740 0.567819
0.130109 0.021712 0.569307
0.132414 0.023361 0.570203
0.131067 0.019333 0.573907
0.132405 0.020865 0.573521
0.131061 0.019675 0.571637
0.132220 0.018682 0.570839
0.130451 0.023548 0.572914
0.133323 0.020134 0.568037
0.133190 0.021874 0.573258
0.134088 0.016487 0.577902
0.132611 0.019570 0.573541
0.133168 0.018985 0.574082
0.137167 0.021139 0.574558
0.131432 0.016369 0.576290
0.132994 0.018358 0.575195
0.139683 0.020059 0.575905
0.135938 0.020003 0.574594
0.136089 0.021455 0.578670
0.138036 0.018886 0.577992
0.135956 0.016503 0.578154
0.137537 0.015921 0.579283
0.137776 0.014102 0.580498
0.135833 0.017968 0.579953
0.138876 0.019104 0.579569
0.139198 0.018657 0.581208
0.139908 0.019738 0.579717
0.139526 0.015492 0.580482
0.136041 0.017137 0.582986
0.139216 0.021024 0.578946
0.138174 0.016515 0.583811
0.137658 0.019212 0.583000
0.134844 0.022095 0.581999
0.138033 0.020088 0.581688
0.139804 0.021543 0.582757
0.138534 0.022277 0.590082
0.140987 0.018877 0.584004
0.141065 0.018208 0.584228
0.140859 0.017950 0.584616
0.140347 0.018881 0.587937
0.140966 0.019586 0.584933
0.142906 0.019819 0.585645
0.141207 0.016519 0.587401
0.135284 0.017733 0.588184
0.142061 0.016436 0.588689
0.141433 0.016802 0.587956
0.142165 0.017040 0.589202
0.140338 0.019881 0.591635
0.142906 0.018503 0.590602
0.140484 0.019006 0.591363
0.140568 0.018083 0.594635
0.142314 0.019772 0.593078
0.139939 0.020330 0.591122
0.142008 0.020455 0.595625
0.142349 0.018314 0.595423
0.139883 0.019060 0.593752
0.140662 0.015587 0.593625
0.142366 0.021276 0.595068
0.143908 0.017464 0.595352
0.142735 0.019323 0.593900
0.143593 0.019164 0.597371
0.140258 0.019248 0.594794
0.142829 0.017194 0.598450
0.140135 0.020139 0.598705
0.144279 0.017557 0.597231
0.140991 0.018123 0.600682
0.143014 0.019854 0.600660
0.142417 0.018761 0.601712
0.143980 0.024029 0.598756
0.139991 0.017988 0.596302
0.143170 0.022621 0.600372
0.142227 0.018752 0.602262
0.139976 0.016025 0.604407
0.140019 0.019202 0.606973
0.140539 0.019683 0.606780
0.142304 0.016780 0.603522
0.140468 0.020362 0.601866
0.143800 0.018290 0.604225
0.141937 0.020456 0.607099
0.145856 0.019706 0.605780
0.139963 0.019274 0.607896
0.141532 0.014084 0.607883
0.139141 0.019308 0.607977
0.138049 0.018226 0.609718
0.139555 0.020307 0.609149
0.141336 0.023034 0.609842
0.141357 0.019553 0.613581
0.143698 0.020918 0.611084
0.138435 0.021472 0.611999
0.141983 0.018153 0.612435
0.142603 0.017549 0.613195
0.141328 0.021498 0.613266
0.138699 0.017731 0.610298
0.144841 0.016676 0.610973
0.141286 0.021747 0.616240
0.141499 0.018445 0.615476
0.139849 0.016474 0.614456
0.139675 0.019492 0.615523
0.140817 0.020227 0.615631
0.140024 0.019535 0.614592
0.134841 0.018479 0.617396
0.137622 0.022184 0.617717
0.138087 0.018854 0.613564
0.139297 0.019541 0.617490
0.138249 0.017460 0.618682
0.138064 0.021164 0.614725
0.134557 0.017983 0.620098
0.137053 0.019283 0.620221
0.135738 0.016816 0.621846
0.137061 0.019232 0.616521
0.138890 0.016312 0.623783
0.134932 0.020064 0.622239
0.137988 0.022721 0.620441
0.135753 0.018541 0.621594
0.133255 0.019894 0.625229
0.134763 0.018672 0.623368
0.134022 0.015436 0.622005
0.138623 0.017446 0.621219
0.136434 0.016983 0.627219
0.134739 0.017743 0.627728
0.133353 0.020922 0.624547
0.137139 0.017787 0.628565
0.131538 0.018624 0.626409
0.134782 0.018143 0.626482
0.128386 0.018083 0.628020
0.133914 0.019971 0.627215
0.132047 0.018961 0.628583
0.134722 0.017942 0.625459
0.132038 0.018915 0.630064
0.129594 0.019585 0.629054
0.133017 0.018435 0.631386
0.130493 0.020647 0.630070
0.131630 0.017623 0.629898
0.129550 0.017274 0.628555
0.128530 0.021063 0.631687
0.128072 0.019162 0.633991
0.129804 0.019386 0.628221
0.128940 0.018998 0.632147
0.127580 0.016967 0.629911
0.126291 0.016620 0.630031
0.127315 0.015605 0.631195
0.128834 0.020120 0.638724
0.123041 0.019144 0.630991
0.129015 0.017099 0.632865
0.124606 0.019991 0.634019
0.125219 0.018925 0.628193
0.124718 0.017304 0.632679
0.122309 0.018729 0.634668
0.124755 0.019097 0.638363
0.123425 0.017879 0.638042
0.121403 0.020916 0.635497
0.123261 0.021018 0.634669
0.125298 0.020358 0.638072
0.118815 0.018414 0.638715
0.120917 0.019659 0.636384
0.122949 0.020034 0.636235
0.118653 0.022132 0.562969
0.120986 0.023433 0.563596
0.124793 0.022951 0.563626
0.123213 0.023738 0.564119
0.124515 0.023724 0.565798
0.121634 0.018485 0.563566
0.126673 0.024486 0.563679
0.126044 0.023165 0.564375
0.126707 0.021563 0.563559
0.123658 0.024896 0.568500
0.124066 0.025642 0.569004
0.123680 0.022042 0.564164
0.123594 0.020548 0.564817
0.127279 0.022530 0.566974
0.127173 0.022664 0.567149
0.127222 0.023870 0.565303
0.125855 0.021832 0.567935
0.129665 0.019558 0.566527
0.127682 0.022077 0.566806
0.127810 0.024851 0.573700
0.133277 0.021022 0.568307
0.130798 0.023322 0.573553
0.132414 0.022232 0.569379
0.130452 0.022811 0.570071
0.130948 0.019213 0.571097
0.129365 0.022088 0.571073
0.129652 0.024948 0.568040
0.136522 0.019287 0.570597
0.130430 0.021059 0.572352
0.131868 0.021258 0.568861
0.134649 0.019663 0.572952
0.133925 0.019758 0.571390
0.132930 0.020119 0.575958
0.133458 0.023261 0.573058
0.134835 0.021566 0.574565
0.131895 0.021964 0.575433
0.130799 0.021709 0.580328
0.133750 0.026545 0.572518
0.135672 0.024441 0.577570
0.137139 0.021564 0.577863
0.133920 0.022355 0.573582
0.133767 0.025714 0.577213
0.137210 0.020881 0.578568
0.136630 0.020484 0.577365
0.132143 0.021821 0.576698
0.135011 0.022214 0.574850
0.136562 0.022324 0.578798
0.137897 0.021218 0.580432
0.136447 0.021497 0.582574
0.135340 0.026580 0.583518
0.141207 0.021630 0.580405
0.139484 0.020152 0.580432
0.137800 0.026228 0.581330
0.139788 0.024379 0.583175
0.135399 0.019693 0.582449
0.140009 0.019405 0.580626
0.139005 0.021689 0.587019
0.139664 0.022250 0.582986
0.139447 0.019297 0.585848
0.137841 0.024212 0.581402
0.139660 0.019601 0.586874
0.141247 0.022334 0.587708
0.138763 0.019194 0.586231
0.140318 0.021157 0.586972
0.141216 0.021123 0.589548
0.137060 0.022211 0.591306
0.138458 0.020247 0.585358
0.139150 0.021053 0.588920
0.137316 0.021303 0.589126
0.139342 0.026267 0.588932
0.142427 0.023438 0.592202
0.144481 0.024191 0.586966
0.144888 0.020642 0.589390
0.142348 0.026538 0.592900
0.141026 0.020389 0.592773
0.141174 0.021640 0.593167
0.143276 0.023166 0.592270
0.139729 0.025028 0.593162
0.142077 0.019178 0.591603
0.146594 0.022895 0.597034
0.142649 0.023156 0.594461
0.139513 0.023744 0.594851
0.145815 0.026187 0.592981
0.142864 0.020631 0.594810
0.143102 0.023370 0.594283
0.141653 0.023316 0.597068
0.141931 0.023617 0.600557
0.143216 0.021511 0.597662
0.140997 0.020938 0.597025
0.141982 0.022167 0.599394
0.136979 0.019352 0.603668
0.143091 0.022269 0.599609
0.141230 0.023297 0.602325
0.141825 0.023516 0.605328
0.143696 0.023686 0.602655
0.142373 0.023137 0.598381
0.143305 0.026149 0.603455
0.142169 0.022711 0.603982
0.141493 0.020672 0.605599
0.142800 0.022933 0.603916
0.140477 0.018719 0.604736
0.140749 0.019587 0.606859
0.145716 0.022286 0.606498
0.145899 0.024739 0.607185
0.140001 0.022119 0.610960
0.142836 0.023115 0.605500
0.143014 0.020924 0.608133
0.142302 0.024357 0.606779
0.142340 0.022057 0.610658
0.142352 0.022369 0.610264
0.142520 0.019485 0.612492
0.144725 0.022241 0.609047
0.142246 0.023595 0.610503
0.140405 0.022691 0.607081
0.139302 0.024578 0.613234
0.140505 0.021577 0.609638
0.143135 0.017796 0.614456
0.141613 0.022158 0.614291
0.141460 0.023436 0.614990
0.141089 0.021171 0.614688
0.137072 0.023578 0.611756
0.138651 0.020425 0.618088
0.137485 0.020483 0.611269
0.140338 0.021628 0.612204
0.139965 0.023133 0.614893
0.137943 0.022535 0.618018
0.138617 0.020559 0.618281
0.134396 0.025207 0.619029
0.142566 0.019927 0.621773
0.139810 0.024166 0.619591
0.135723 0.020047 0.613334
0.137039 0.019958 0.621268
0.135672 0.018357 0.620784
0.135545 0.020612 0.617397
0.136151 0.020947 0.622872
0.135447 0.021382 0.623997
0.135969 0.023679 0.623847
0.135160 0.025757 0.622589
0.137439 0.022585 0.624160
0.135437 0.026027 0.624028
0.133145 0.024078 0.621599
0.137663 0.022969 0.624476
0.137165 0.021669 0.626624
0.129678 0.022177 0.625536
0.134303 0.024344 0.627966
0.133885 0.022986 0.623626
0.134384 0.021337 0.624911
0.135337 0.025193 0.621195
0.132774 0.024095 0.624035
0.134370 0.016946 0.629311
0.135215 0.019564 0.624480
0.132053 0.022718 0.626805
0.132862 0.019183 0.627972
0.132774 0.021793 0.628871
0.131473 0.020373 0.628954
0.128763 0.019336 0.628535
0.129628 0.028113 0.631582
0.130658 0.021912 0.628908
0.126164 0.024009 0.630007
0.129613 0.022303 0.628123
0.130628 0.024571 0.630507
0.130051 0.020423 0.630432
0.126257 0.024152 0.632466
0.126859 0.024857 0.633954
0.128913 0.023968 0.635946
0.126015 0.021253 0.633273
0.124312 0.019541 0.631850
0.125653 0.024145 0.632041
0.125376 0.025012 0.634873
0.124034 0.022804 0.633967
0.121331 0.023222 0.634737
0.124475 0.025571 0.632603
0.125275 0.020404 0.633429
0.125956 0.023740 0.633690
0.124426 0.020911 0.636602
0.124493 0.022883 0.635974
0.119461 0.021498 0.637441
0.120012 0.021484 0.634528
0.120107 0.023901 0.638999
0.120080 0.020016 0.637979
0.119240 0.021213 0.563014
0.123916 0.026705 0.563168
0.122350 0.026026 0.562180
0.123272 0.026278 0.564795
0.121334 0.023872 0.566228
0.122805 0.023209 0.563813
0.123169 0.028689 0.567388
0.122891 0.028825 0.565706
0.124924 0.027437 0.566148
0.126888 0.025983 0.564794
0.122984 0.022606 0.568230
0.128394 0.025250 0.562205
0.124792 0.026698 0.568265
0.125601 0.027549 0.565684
0.124884 0.025495 0.567340
0.124429 0.028635 0.569436
0.124783 0.027617 0.566117
0.130370 0.026007 0.568982
0.134357 0.025871 0.566057
0.130950 0.025337 0.570952
0.133964 0.024358 0.567226
0.126069 0.024029 0.565057
0.125988 0.024148 0.565994
0.130396 0.025593 0.571495
0.133335 0.024021 0.572185
0.128750 0.022944 0.571301
0.129692 0.026475 0.573165
0.130925 0.024882 0.572477
0.131285 0.028284 0.572907
0.133589 0.026425 0.573472
0.131078 0.026568 0.572229
0.135904 0.023769 0.575355
0.131730 0.024778 0.572930
0.132193 0.025711 0.573839
0.138504 0.024732 0.575290
0.133733 0.026916 0.576582
0.134694 0.024783 0.575101
0.136948 0.026840 0.577402
0.130768 0.028502 0.575173
0.134520 0.026856 0.577027
0.135049 0.026179 0.578460
0.137722 0.023259 0.575801
0.133322 0.025656 0.578003
0.137128 0.026654 0.573686
0.139582 0.024394 0.579813
0.137702 0.027762 0.579777
0.138663 0.024750 0.580183
0.141484 0.026842 0.579622
0.136655 0.026568 0.580156
0.138155 0.023850 0.582287
0.136661 0.025379 0.585589
0.139428 0.023678 0.580101
0.137136 0.023894 0.583131
0.138868 0.023530 0.579221
0.136498 0.028434 0.581633
0.139192 0.026166 0.584282
0.138164 0.026903 0.584271
0.139616 0.025655 0.582327
0.140167 0.024063 0.585280
0.139832 0.024347 0.585797
0.138985 0.024676 0.587186
0.138895 0.027872 0.584183
0.140528 0.025006 0.587188
0.140343 0.027882 0.587592
0.143052 0.026330 0.588222
0.145787 0.023890 0.588428
0.141866 0.024083 0.590041
0.138626 0.025210 0.587090
0.140304 0.024805 0.585659
0.140295 0.026959 0.589977
0.142412 0.023016 0.591186
0.142495 0.024618 0.591614
0.140645 0.025086 0.592365
0.142635 0.027448 0.594071
0.141537 0.025766 0.591369
0.139494 0.026249 0.593926
0.142232 0.022601 0.594326
0.139321 0.028059 0.591256
0.143904 0.028372 0.598957
0.143659 0.024266 0.593172
0.138931 0.023546 0.596247
0.144096 0.026027 0.598764
0.140960 0.026011 0.595613
0.146560 0.026779 0.595983
0.142743 0.025760 0.596469
0.143115 0.026254 0.596775
0.142698 0.027635 0.597062
0.142594 0.025613 0.599598
0.141415 0.028971 0.593879
0.141050 0.026390 0.597030
0.145811 0.026657 0.601990
0.142017 0.027748 0.601977
0.141541 0.022658 0.604561
0.140997 0.024567 0.598820
0.142776 0.026420 0.602309
0.140485 0.022723 0.603426
0.140838 0.024397 0.602390
0.142078 0.025202 0.605644
0.139893 0.023772 0.604488
0.145869 0.022741 0.605941
0.143846 0.025856 0.606718
0.145691 0.024300 0.605887
0.139179 0.020736 0.606856
0.144850 0.027552 0.609856
0.142538 0.026270 0.608117
0.142056 0.025893 0.607965
0.143842 0.023440 0.608154
0.141025 0.022042 0.610919
0.139745 0.026917 0.607609
0.144187 0.029832 0.607007
0.143241 0.030170 0.609645
0.142626 0.026309 0.610209
0.140517 0.027280 0.609482
0.138603 0.027727 0.613915
0.140123 0.025803 0.612898
0.142598 0.027614 0.613360
0.140384 0.027682 0.614137
0.139980 0.026848 0.612154
0.137664 0.025194 0.611553
0.141807 0.022741 0.616151
0.138603 0.025287 0.618439
0.138658 0.024337 0.617528
0.135267 0.029524 0.616946
0.141013 0.025032 0.616240
0.142401 0.026330 0.617757
0.137977 0.026065 0.614532
0.139885 0.022910 0.619646
0.138910 0.025169 0.621664
0.138806 0.026005 0.619059
0.138182 0.030166 0.617203
0.141505 0.024394 0.617929
0.136351 0.023605 0.617612
0.137314 0.025413 0.622153
0.138130 0.026589 0.619867
0.133694 0.023967 0.618363
0.137462 0.027505 0.621792
0.135093 0.027055 0.617833
0.134281 0.026175 0.624000
0.136872 0.028344 0.621183
0.134792 0.024863 0.621664
0.132792 0.024877 0.624596
0.136224 0.027867 0.625889
0.134250 0.025474 0.623979
0.135551 0.026154 0.625251
0.131338 0.026335 0.625645
0.134879 0.023262 0.627363
0.133228 0.025414 0.628381
0.133879 0.027371 0.628494
0.130585 0.028618 0.625582
0.133405 0.030224 0.628727
0.131833 0.026611 0.627247
0.132323 0.022525 0.630375
0.129711 0.027002 0.631211
0.131338 0.025767 0.625550
0.127287 0.024294 0.631533
0.130895 0.028767 0.631103
0.132429 0.026253 0.630594
0.127945 0.026582 0.627992
0.128138 0.024446 0.630126
0.131022 0.027317 0.635453
0.128530 0.025717 0.636050
0.131452 0.025665 0.632716
0.129472 0.026440 0.629609
0.127957 0.024043 0.631367
0.124878 0.025902 0.633069
0.126028 0.027338 0.631370
0.124115 0.028500 0.631777
0.124673 0.025718 0.631752
0.123954 0.025962 0.633635
0.127089 0.026601 0.635828
0.124599 0.024855 0.636792
0.122835 0.020519 0.632657
0.124313 0.027261 0.638253
0.122481 0.023890 0.633300
0.120698 0.028102 0.634648
0.119387 0.024115 0.635914
0.121887 0.024907 0.635088
0.125012 0.026594 0.637178
0.123488 0.025958 0.636053
0.124589 0.023432 0.638562
0.123118 0.029334 0.562551
0.122034 0.026613 0.563516
0.123002 0.031173 0.560484
0.116836 0.028642 0.566724
0.123034 0.028850 0.560652
0.124582 0.027906 0.561526
0.126987 0.030813 0.565707
0.122147 0.030240 0.566023
0.123744 0.028241 0.564603
0.129003 0.029048 0.566169
0.123647 0.030843 0.568105
0.128265 0.026502 0.568149
0.126055 0.030164 0.567528
0.125338 0.030463 0.566970
0.128690 0.030356 0.570298
0.125915 0.027834 0.569969
0.127589 0.026500 0.568964
0.129964 0.027817 0.567502
0.125817 0.028838 0.569833
0.127025 0.027258 0.570740
0.126607 0.028773 0.570180
0.129303 0.027908 0.568810
0.134096 0.027813 0.570818
0.129285 0.028635 0.568377
0.132766 0.031285 0.568885
0.130847 0.028656 0.570799
0.131543 0.028691 0.572268
0.130638 0.029442 0.573150
0.133813 0.030526 0.572658
0.132229 0.029468 0.571255
0.132561 0.029236 0.573521
0.134750 0.028414 0.568587
0.134029 0.027362 0.571781
0.135473 0.029780 0.574647
0.131421 0.025827 0.570746
0.134303 0.029803 0.575532
0.129451 0.027989 0.577715
0.133382 0.029212 0.577322
0.133886 0.026836 0.575058
0.134708 0.031798 0.577859
0.133718 0.030154 0.580722
0.133659 0.028062 0.580363
0.139516 0.024607 0.577341
0.137065 0.030709 0.579415
0.137022 0.025572 0.580319
0.138658 0.032996 0.580647
0.135967 0.030441 0.577971
0.137594 0.029265 0.582719
0.137268 0.032699 0.581511
0.137589 0.030448 0.582629
0.137163 0.029209 0.581366
0.141404 0.025990 0.583179
0.136918 0.027836 0.580111
0.140440 0.030604 0.579473
0.137691 0.027218 0.580555
0.139425 0.028613 0.583507
0.131949 0.028507 0.582474
0.141594 0.026880 0.584943
0.140068 0.027442 0.587834
0.141931 0.031416 0.581028
0.139738 0.032442 0.587954
0.138091 0.028448 0.586771
0.141601 0.029986 0.583673
0.143818 0.025568 0.587750
0.142489 0.028553 0.589625
0.140617 0.030155 0.588699
0.141311 0.027257 0.589236
0.141218 0.027611 0.587055
0.141520 0.028195 0.591442
0.141143 0.028261 0.587710
0.138744 0.028550 0.589738
0.140572 0.030653 0.589111
0.139264 0.027658 0.593904
0.143794 0.026375 0.588936
0.141210 0.027808 0.592018
0.139265 0.028611 0.593111
0.143216 0.021482 0.591338
0.143288 0.031291 0.593014
0.142753 0.026481 0.594918
0.142910 0.030273 0.595370
0.141377 0.032504 0.594850
0.144048 0.032334 0.597375
0.143378 0.032394 0.595980
0.139940 0.029590 0.594916
0.142413 0.027546 0.596705
0.142255 0.027288 0.594311
0.143081 0.027346 0.599112
0.142436 0.028320 0.599296
0.141785 0.030649 0.599904
0.141232 0.026261 0.600272
0.145807 0.028129 0.598491
0.141940 0.027862 0.601401
0.140809 0.028747 0.602939
0.142449 0.030752 0.601442
0.140420 0.029523 0.602010
0.143888 0.030849 0.601587
0.141823 0.030070 0.598145
0.142517 0.030680 0.604378
0.140162 0.031011 0.601894
0.145884 0.029629 0.608369
0.143114 0.030166 0.605538
0.143163 0.028100 0.607673
0.141457 0.028379 0.600382
0.141487 0.029522 0.605069
0.142569 0.031126 0.606121
0.143339 0.030878 0.606354
0.141285 0.026727 0.607565
0.145409 0.024023 0.608694
0.140280 0.028425 0.607987
0.134068 0.027251 0.613488
0.140851 0.031075 0.610284
0.138259 0.028487 0.611055
0.140551 0.028043 0.611269
0.139451 0.031590 0.612670
0.139859 0.033466 0.609773
0.140210 0.028548 0.611808
0.141739 0.026238 0.613339
0.142494 0.027434 0.614055
0.140365 0.027995 0.614022
0.139509 0.029576 0.614773
0.142393 0.029635 0.614031
0.138737 0.028227 0.618613
0.139907 0.029096 0.614821
0.136950 0.030511 0.615457
0.139526 0.028608 0.614765
0.138701 0.028142 0.614703
0.140094 0.031546 0.618724
0.137967 0.028852 0.618909
0.138331 0.029788 0.624739
0.141612 0.028871 0.617190
0.138956 0.032361 0.616759
0.137727 0.027831 0.623950
0.136083 0.030033 0.620227
0.140508 0.027427 0.619057
0.136054 0.030176 0.619692
0.137611 0.030036 0.626632
0.135838 0.029269 0.620708
0.135157 0.029282 0.618777
0.134887 0.029711 0.621772
0.134034 0.030314 0.625253
0.135771 0.030714 0.619940
0.136050 0.028836 0.625482
0.135776 0.028585 0.626011
0.136689 0.027013 0.627794
0.131903 0.028748 0.630085
0.132855 0.027550 0.624479
0.130827 0.026544 0.625952
0.135265 0.028334 0.625184
0.132438 0.028920 0.631959
0.132674 0.028326 0.628307
0.133630 0.033475 0.624875
0.132700 0.031353 0.628827
0.127689 0.029151 0.628457
0.131218 0.026637 0.624630
0.131738 0.027103 0.628024
0.131954 0.030126 0.628479
0.129991 0.030028 0.629266
0.137852 0.029081 0.628642
0.126098 0.031145 0.632256
0.126198 0.027568 0.632189
0.127235 0.029640 0.630865
0.125848 0.029317 0.631368
0.126801 0.028173 0.631768
0.122977 0.026716 0.633884
0.126827 0.028440 0.632591
0.126890 0.027626 0.634445
0.124524 0.030458 0.630569
0.126597 0.030883 0.637143
0.127839 0.027512 0.635986
0.122801 0.028461 0.635042
0.127041 0.028111 0.634270
0.128861 0.028917 0.638948
0.125931 0.024598 0.633627
0.122479 0.026781 0.633042
0.126361 0.030812 0.634313
0.122177 0.026303 0.635013
0.121952 0.030079 0.634524
0.126284 0.028609 0.638191
0.120553 0.024148 0.639466
0.122031 0.029188 0.637746
0.122053 0.029501 0.562346
0.120830 0.031036 0.564284
0.119704 0.034770 0.560704
0.123173 0.034405 0.562111
0.124402 0.031390 0.565890
0.123027 0.034567 0.564413
0.124321 0.033595 0.565803
0.126158 0.033335 0.565656
0.125130 0.032351 0.562977
0.126735 0.033116 0.570675
0.123584 0.031687 0.566360
0.126508 0.031638 0.565384
0.129017 0.033111 0.564182
0.128220 0.030334 0.566471
0.129191 0.033433 0.567659
0.127108 0.033706 0.569581
0.125122 0.032166 0.567235
0.128043 0.033237 0.566559
0.128821 0.032314 0.568839
0.129878 0.037117 0.572363
0.127890 0.032045 0.569652
0.133816 0.030981 0.569247
0.130018 0.031666 0.567630
0.131113 0.034235 0.569043
0.129092 0.032072 0.571364
0.133316 0.032979 0.568355
0.134438 0.032378 0.568973
0.131356 0.033146 0.571866
0.130414 0.032286 0.574357
0.130349 0.033686 0.569618
0.133539 0.035301 0.575703
0.134476 0.033414 0.573464
0.131676 0.033543 0.575058
0.134320 0.031480 0.574381
0.136513 0.031689 0.573652
0.132127 0.032737 0.574332
0.132187 0.034881 0.569729
0.136252 0.033827 0.576685
0.133923 0.031984 0.576960
0.133168 0.034558 0.578376
0.137853 0.035480 0.575846
0.137021 0.032544 0.577064
0.138046 0.030684 0.578703
0.135268 0.032702 0.573380
0.136559 0.027854 0.580116
0.135747 0.034623 0.579658
0.134254 0.032496 0.581269
0.137514 0.031303 0.578051
0.138085 0.031471 0.580874
0.137187 0.032127 0.579328
0.138957 0.030819 0.583419
0.139794 0.032620 0.576959
0.140384 0.030166 0.581410
0.142361 0.033213 0.583522
0.138968 0.034305 0.586346
0.137708 0.030939 0.582697
0.140451 0.030653 0.582964
0.141941 0.030552 0.584255
0.142284 0.028350 0.585936
0.138491 0.033639 0.585446
0.142528 0.031306 0.587946
0.141884 0.027323 0.586299
0.140754 0.037392 0.587095
0.138133 0.032476 0.586782
0.139285 0.031979 0.582989
0.138231 0.034655 0.589241
0.141112 0.032105 0.592649
0.139055 0.034897 0.587335
0.141178 0.030200 0.587122
0.145790 0.031584 0.591157
0.143184 0.031257 0.590603
0.143056 0.031283 0.592558
0.141404 0.031742 0.591992
0.142423 0.030884 0.590587
0.141811 0.033056 0.592459
0.139886 0.031786 0.589786
0.142115 0.036868 0.591419
0.140320 0.029488 0.592346
0.145969 0.031413 0.593200
0.144824 0.034855 0.591455
0.141199 0.032279 0.594549
0.142263 0.034073 0.594827
0.141812 0.027083 0.594671
0.143027 0.031212 0.599261
0.144661 0.033269 0.596039
0.144939 0.034129 0.596701
0.145360 0.034851 0.597744
0.145403 0.033031 0.597601
0.143975 0.030069 0.599575
0.140559 0.029946 0.600953
0.144285 0.031402 0.596903
0.140724 0.032290 0.599827
0.145488 0.032027 0.602523
0.145338 0.032512 0.603806
0.142726 0.030090 0.601580
0.145243 0.033099 0.603602
0.143829 0.034226 0.600667
0.143753 0.031308 0.603850
0.143950 0.032514 0.604392
0.141829 0.035178 0.606332
0.138903 0.033196 0.602446
0.142849 0.032366 0.603618
0.142173 0.032419 0.605545
0.141881 0.030713 0.608236
0.139249 0.032722 0.602579
0.144895 0.031942 0.607621
0.139908 0.034723 0.607994
0.139911 0.029768 0.611128
0.140705 0.031719 0.602744
0.142079 0.033274 0.607320
0.142323 0.032017 0.607755
0.141361 0.028545 0.610880
0.141448 0.034270 0.609511
0.140815 0.031463 0.615722
0.142524 0.031509 0.613252
0.141637 0.032770 0.611929
0.138894 0.030246 0.612187
0.138208 0.032816 0.614068
0.138510 0.032037 0.613612
0.138807 0.032506 0.615376
0.137454 0.033966 0.617541
0.141253 0.032672 0.616951
0.140009 0.032805 0.616026
0.139133 0.033227 0.618775
0.138416 0.032839 0.614466
0.142075 0.033568 0.616618
0.139930 0.033189 0.615041
0.140738 0.033855 0.619149
0.138805 0.030386 0.618286
0.136753 0.029978 0.621578
0.137721 0.033764 0.620393
0.135992 0.030198 0.619450
0.134744 0.037148 0.621180
0.136233 0.029446 0.619847
0.139627 0.031620 0.616313
0.132528 0.031568 0.623185
0.135003 0.033121 0.621596
0.137204 0.032130 0.619064
0.136399 0.029956 0.619956
0.136649 0.033909 0.618555
0.133736 0.031176 0.624010
0.131758 0.029748 0.622111
0.135240 0.036122 0.628523
0.131748 0.033418 0.625587
0.137076 0.032743 0.625210
0.135312 0.030959 0.625610
0.131467 0.031719 0.626354
0.133082 0.030850 0.629519
0.131377 0.032038 0.627008
0.133501 0.032653 0.628391
0.130094 0.032886 0.625667
0.128716 0.034219 0.627903
0.129041 0.030872 0.629593
0.133629 0.032294 0.624614
0.132981 0.033919 0.628095
0.136388 0.030596 0.628777
0.130568 0.036131 0.627703
0.130943 0.031389 0.632168
0.130850 0.033635 0.629982
0.130406 0.036328 0.633028
0.129641 0.031965 0.631075
0.129113 0.032998 0.631018
0.128540 0.031453 0.630866
0.130474 0.032752 0.634075
0.130232 0.032609 0.632836
0.128296 0.035075 0.632594
0.126885 0.033720 0.636556
0.127452 0.031810 0.630697
0.130771 0.032070 0.634531
0.124562 0.035864 0.636598
0.128135 0.033338 0.630265
0.124984 0.032301 0.632914
0.126222 0.035223 0.635732
0.126341 0.033216 0.634726
0.124346 0.030235 0.637174
0.126547 0.029837 0.634165
0.123196 0.027898 0.633389
0.123434 0.033999 0.633402
0.121365 0.029549 0.633914
0.122856 0.030530 0.636675
0.121782 0.038488 0.564062
0.121915 0.037951 0.563797
0.124361 0.037474 0.562739
0.121048 0.036050 0.564537
0.123448 0.037750 0.563667
0.124438 0.035275 0.565045
0.123780 0.034924 0.564165
0.122142 0.038684 0.563693
0.124450 0.033901 0.563595
0.124922 0.037294 0.565929
0.126160 0.035034 0.566024
0.126842 0.040799 0.567144
0.127000 0.031463 0.567475
0.128680 0.036796 0.563550
0.128732 0.032912 0.565462
0.127319 0.035635 0.565821
0.128000 0.034176 0.565810
0.125594 0.032106 0.569856
0.129407 0.034753 0.568902
0.129601 0.036809 0.567573
0.130977 0.033253 0.565801
0.129867 0.034778 0.569117
0.135076 0.038605 0.571668
0.131499 0.034359 0.574122
0.129435 0.037011 0.571410
0.129896 0.031477 0.576079
0.135531 0.036130 0.571482
0.134281 0.032580 0.571905
0.130687 0.036372 0.569978
0.129930 0.037176 0.571714
0.133968 0.035802 0.571130
0.132364 0.035876 0.570778
0.131008 0.031417 0.573248
0.136541 0.035931 0.571246
0.132767 0.034901 0.571746
0.136140 0.039879 0.574058
0.136440 0.034978 0.574406
0.133710 0.037912 0.577775
0.133318 0.037331 0.578244
0.130074 0.032824 0.574574
0.134832 0.035031 0.574882
0.136157 0.035572 0.579538
0.138345 0.030476 0.578148
0.137413 0.038542 0.576373
0.137359 0.034824 0.575279
0.137859 0.035814 0.578703
0.137967 0.035439 0.578546
0.137379 0.033504 0.576835
0.139294 0.034379 0.584350
0.139144 0.036854 0.579885
0.138052 0.040888 0.577521
0.135335 0.033679 0.580807
0.141761 0.037856 0.580484
0.136306 0.032214 0.579136
0.142170 0.035327 0.582957
0.137783 0.038234 0.581309
0.141370 0.035170 0.584781
0.139451 0.031733 0.582120
0.138705 0.037654 0.587374
0.140377 0.035421 0.581582
0.140006 0.038468 0.586173
0.138609 0.036899 0.587740
0.142973 0.033876 0.588387
0.140764 0.031838 0.585109
0.142015 0.034865 0.589923
0.143162 0.037025 0.587857
0.137883 0.038109 0.588856
0.138650 0.033534 0.589205
0.140164 0.036368 0.589462
0.143679 0.029341 0.591135
0.141559 0.037020 0.586679
0.141239 0.037833 0.590750
0.140617 0.034165 0.592457
0.142787 0.039186 0.589460
0.140253 0.033596 0.592235
0.143687 0.037811 0.589861
0.139811 0.037099 0.597036
0.141927 0.037047 0.594539
0.140566 0.034744 0.595115
0.140263 0.035696 0.595683
0.140802 0.034031 0.594437
0.141909 0.035498 0.597818
0.142111 0.033478 0.596167
0.142162 0.037654 0.597876
0.144139 0.034085 0.595634
0.139122 0.037231 0.599918
0.139392 0.036779 0.596574
0.143083 0.036468 0.597451
0.142278 0.034662 0.601157
0.145626 0.039263 0.601475
0.142019 0.035614 0.596457
0.144253 0.037718 0.598824
0.139086 0.037852 0.600001
0.144103 0.035298 0.601496
0.143519 0.039631 0.601376
0.144771 0.037209 0.598344
0.139300 0.034529 0.602737
0.145548 0.035392 0.601453
0.142397 0.032874 0.603697
0.142840 0.036383 0.603747
0.141112 0.035085 0.605842
0.144530 0.038629 0.606682
0.140040 0.033921 0.608039
0.140900 0.031386 0.609478
0.142462 0.031771 0.605609
0.143412 0.037943 0.607934
0.143220 0.035244 0.611454
0.148441 0.032327 0.608512
0.140068 0.032324 0.611768
0.139752 0.033798 0.610526
0.139482 0.030708 0.608441
0.145410 0.033369 0.611886
0.137823 0.034328 0.609770
0.141907 0.038917 0.607909
0.140242 0.032436 0.611893
0.138659 0.031096 0.611959
0.143010 0.035908 0.612160
0.141626 0.035451 0.610407
0.143530 0.035180 0.614348
0.140573 0.036718 0.615260
0.139604 0.037030 0.615391
0.138982 0.032861 0.618482
0.137330 0.037655 0.616109
0.142173 0.034713 0.615958
0.140120 0.036101 0.619023
0.138025 0.037858 0.617770
0.137203 0.035770 0.616006
0.140391 0.036330 0.614476
0.138539 0.035158 0.617378
0.139958 0.039413 0.618923
0.141314 0.034535 0.619191
0.129733 0.037524 0.621436
0.136933 0.034340 0.619732
0.138488 0.033854 0.620655
0.135024 0.037797 0.617063
0.132636 0.034425 0.621798
0.138082 0.037540 0.620019
0.137200 0.034301 0.620782
0.135607 0.034918 0.625970
0.138431 0.037874 0.621314
0.131981 0.033811 0.625445
0.134345 0.033808 0.627550
0.135633 0.039200 0.624631
0.133506 0.035834 0.622452
0.131960 0.034549 0.623519
0.130851 0.034498 0.627887
0.130165 0.036052 0.627737
0.133052 0.035405 0.626169
0.131027 0.037438 0.628879
0.127519 0.034376 0.628349
0.133893 0.038515 0.628994
0.133090 0.038596 0.627448
0.130146 0.037464 0.628518
0.132528 0.034521 0.627898
0.129442 0.032738 0.633091
0.127236 0.036032 0.630078
0.131935 0.038029 0.628705
0.129786 0.034349 0.631476
0.125984 0.035039 0.631780
0.129294 0.036182 0.628361
0.127969 0.034276 0.632870
0.128254 0.036352 0.630476
0.130437 0.037884 0.629657
0.126635 0.038193 0.633025
0.128879 0.036907 0.633964
0.127328 0.038901 0.631549
0.127341 0.035770 0.634600
0.121977 0.040082 0.637954
0.123888 0.036573 0.635053
0.125188 0.037130 0.636551
0.126274 0.034066 0.634615
0.124486 0.040265 0.636912
0.122605 0.035918 0.632813
0.124316 0.035460 0.633778
0.122028 0.036526 0.635019
0.121501 0.036839 0.635076
0.123819 0.036863 0.639823
0.124768 0.036865 0.638115
0.123538 0.034807 0.636433
0.121574 0.036779 0.635869
0.117687 0.040997 0.562603
0.120474 0.038300 0.564003
0.122288 0.038320 0.565482
0.121326 0.041130 0.567940
0.119867 0.040353 0.565290
0.127793 0.041764 0.566417
0.122141 0.040679 0.565396
0.120675 0.039301 0.564210
0.125075 0.042341 0.565766
0.124370 0.038148 0.565645
0.124504 0.040269 0.565889
0.128232 0.039583 0.567977
0.124188 0.040426 0.563985
0.127257 0.041303 0.565917
0.124187 0.040109 0.568712
0.131960 0.042613 0.564384
0.129549 0.034999 0.567559
0.131667 0.038712 0.570471
0.129083 0.037044 0.568611
0.126679 0.039295 0.569106
0.127408 0.038675 0.569190
0.129065 0.037255 0.569114
0.129920 0.040668 0.568839
0.128527 0.037109 0.573821
0.126413 0.039294 0.569599
0.127191 0.041511 0.571817
0.130546 0.039973 0.570711
0.132340 0.037474 0.571357
0.131547 0.040462 0.569646
0.130573 0.038406 0.572404
0.129516 0.041287 0.573889
0.136257 0.038312 0.573196
0.134170 0.039894 0.569226
0.135588 0.036391 0.576624
0.131566 0.038434 0.574714
0.136065 0.041064 0.572851
0.133389 0.041146 0.572469
0.132616 0.040957 0.576467
0.135976 0.036703 0.576599
0.136999 0.039196 0.575926
0.139226 0.038152 0.578294
0.136103 0.035399 0.576287
0.134738 0.038374 0.577832
0.135578 0.042983 0.574318
0.134761 0.036256 0.574269
0.134833 0.037526 0.577967
0.138103 0.037498 0.579728
0.139048 0.040995 0.575238
0.137369 0.038744 0.581387
0.136805 0.040144 0.582871
0.139073 0.038275 0.580654
0.139008 0.038116 0.578869
0.140445 0.035375 0.580284
0.137320 0.039749 0.582490
0.141256 0.037495 0.581260
0.139409 0.040130 0.582266
0.136995 0.041111 0.584199
0.139550 0.034612 0.584449
0.137782 0.039325 0.584286
0.139692 0.039171 0.583459
0.141074 0.040565 0.588107
0.141574 0.037825 0.582030
0.142415 0.037627 0.584365
0.141204 0.038303 0.584907
0.140124 0.038409 0.586627
0.142088 0.035812 0.589080
0.143454 0.037887 0.586210
0.139415 0.039458 0.585063
0.138213 0.042156 0.587524
0.142917 0.038804 0.587564
0.143519 0.041682 0.588126
0.141585 0.042269 0.594083
0.141613 0.038751 0.595738
0.136694 0.038697 0.592338
0.141887 0.041397 0.591059
0.143811 0.039524 0.595730
0.140567 0.037046 0.593503
0.139504 0.035763 0.592467
0.144568 0.042109 0.595021
0.139011 0.033434 0.595200
0.141796 0.035148 0.596832
0.143376 0.041345 0.597460
0.141580 0.039979 0.595380
0.145187 0.042954 0.597582
0.142889 0.038574 0.595053
0.141496 0.038566 0.594529
0.140445 0.041539 0.597751
0.141749 0.039736 0.599193
0.142803 0.037352 0.593014
0.144615 0.038147 0.599067
0.144576 0.038543 0.597482
0.140357 0.037948 0.600716
0.142436 0.038424 0.598307
0.141770 0.035442 0.602224
0.145066 0.038727 0.603180
0.140084 0.039318 0.600226
0.143450 0.041814 0.605778
0.143616 0.041005 0.606143
0.143274 0.037364 0.605088
0.147283 0.036534 0.608160
0.141334 0.038311 0.607303
0.143950 0.039759 0.603816
0.139945 0.038439 0.604500
0.144352 0.038822 0.605184
0.145718 0.038920 0.605033
0.143528 0.040355 0.605904
0.140073 0.041744 0.603987
0.143983 0.039450 0.607628
0.141999 0.040693 0.614342
0.138110 0.039541 0.607445
0.142029 0.040784 0.609425
0.140866 0.039748 0.610454
0.139987 0.040474 0.612109
0.140241 0.038889 0.610593
0.138999 0.041541 0.610268
0.139969 0.038542 0.615323
0.137599 0.044840 0.615187
0.139280 0.040565 0.616233
0.139327 0.037782 0.616137
0.142295 0.040874 0.614330
0.139394 0.039435 0.614109
0.144087 0.036251 0.615216
0.142997 0.039078 0.619913
0.139201 0.039349 0.617220
0.139794 0.041655 0.616092
0.136898 0.040263 0.617334
0.143128 0.035629 0.617505
0.140054 0.038743 0.618134
0.139227 0.045069 0.616262
0.138891 0.035482 0.619061
0.139065 0.040551 0.616988
0.138726 0.042092 0.617632
0.135417 0.040310 0.619260
0.134108 0.039537 0.619102
0.138157 0.037580 0.618301
0.137669 0.042960 0.620309
0.137499 0.039779 0.622890
0.140444 0.037560 0.622886
0.135895 0.038471 0.624208
0.139230 0.039816 0.622927
0.133981 0.040981 0.620748
0.132214 0.041023 0.624564
0.134058 0.037245 0.623575
0.135633 0.037873 0.625946
0.134167 0.039604 0.622960
0.136940 0.042987 0.625511
0.132010 0.040992 0.625827
0.132383 0.037838 0.624632
0.129072 0.041200 0.627893
0.132512 0.037184 0.627323
0.130984 0.039859 0.626552
0.131359 0.042454 0.626977
0.127817 0.040039 0.629969
0.129433 0.039255 0.628697
0.132412 0.039054 0.627187
0.131694 0.037017 0.627376
0.131014 0.039295 0.630212
0.128839 0.037802 0.630905
0.124868 0.040731 0.631648
0.131806 0.039380 0.629180
0.129256 0.036924 0.630133
0.125608 0.036952 0.633598
0.125676 0.036789 0.632144
0.130312 0.039114 0.631018
0.126996 0.039876 0.633149
0.125677 0.038545 0.631551
0.127025 0.039308 0.634506
0.127615 0.039557 0.632011
0.123407 0.035334 0.634150
0.125004 0.035855 0.633894
0.126703 0.041297 0.632971
0.126900 0.038885 0.633259
0.123540 0.037719 0.633253
0.123097 0.038947 0.633607
0.122887 0.038415 0.637776
0.124397 0.040426 0.634930
0.119171 0.040478 0.636682
0.120311 0.037589 0.639373
0.121814 0.040254 0.636516
0.120511 0.039928 0.634733
0.121964 0.042489 0.562221
0.120276 0.037473 0.563678
0.123128 0.037025 0.562124
0.123826 0.042645 0.564852
0.124880 0.042215 0.564203
0.121436 0.042552 0.562771
0.123971 0.042820 0.563192
0.123390 0.046902 0.562273
0.127276 0.044767 0.565527
0.127755 0.040469 0.564733
0.129982 0.039349 0.567899
0.128518 0.043562 0.569547
0.125956 0.042697 0.568804
0.126800 0.039170 0.570778
0.128714 0.041469 0.566047
0.130742 0.036195 0.567953
0.126934 0.040558 0.568598
0.128080 0.044793 0.573513
0.130771 0.041555 0.567232
0.127941 0.043307 0.565041
0.131180 0.043271 0.566137
0.130337 0.038338 0.568662
0.131400 0.037692 0.567854
0.134316 0.040232 0.570597
0.132771 0.040745 0.572377
0.128755 0.040045 0.571177
0.128181 0.043446 0.573457
0.131958 0.040311 0.568899
0.129392 0.040582 0.572740
0.134601 0.040672 0.570579
0.133475 0.042332 0.571536
0.130234 0.041244 0.568919
0.132638 0.043291 0.572647
0.131904 0.045300 0.575294
0.132423 0.043104 0.578359
0.134213 0.045004 0.575640
0.132181 0.047053 0.575292
0.138073 0.043352 0.573959
0.133803 0.041825 0.576140
0.135536 0.039486 0.577789
0.133029 0.041997 0.573643
0.137727 0.041504 0.575285
0.133085 0.045643 0.575600
0.136907 0.043312 0.574223
0.140492 0.043200 0.580280
0.135061 0.042659 0.580075
0.138613 0.040863 0.584634
0.137901 0.039748 0.579695
0.137314 0.043010 0.583499
0.139195 0.041418 0.578455
0.138264 0.043905 0.581148
0.137213 0.047648 0.581845
0.137101 0.044678 0.579299
0.138746 0.046047 0.580953
0.140229 0.043518 0.583405
0.137437 0.041565 0.582661
0.139509 0.041644 0.581008
0.137845 0.042096 0.583396
0.139557 0.040535 0.586216
0.140140 0.041781 0.587655
0.139265 0.043410 0.582512
0.138476 0.041556 0.587449
0.140526 0.041472 0.587256
0.143588 0.044716 0.587758
0.141618 0.043253 0.585880
0.138660 0.037773 0.588447
0.137161 0.042257 0.590941
0.141182 0.039622 0.586467
0.143559 0.043418 0.590934
0.143238 0.045021 0.588486
0.137709 0.042690 0.590544
0.140030 0.039813 0.591244
0.137231 0.045081 0.591882
0.139425 0.045754 0.593416
0.143605 0.042053 0.593283
0.140598 0.042157 0.593063
0.140754 0.045664 0.590335
0.141539 0.037192 0.592996
0.145572 0.049456 0.594946
0.141970 0.042520 0.596194
0.141961 0.042777 0.596104
0.142028 0.041596 0.599683
0.138603 0.044037 0.594884
0.141922 0.041143 0.598290
0.142349 0.046292 0.592552
0.140543 0.041242 0.596160
0.143210 0.042789 0.597581
0.141014 0.042783 0.597488
0.143465 0.041971 0.598621
0.143239 0.042253 0.602107
0.143012 0.043499 0.603091
0.142015 0.043310 0.600610
0.141162 0.042450 0.596768
0.138629 0.042080 0.603371
0.141784 0.044446 0.602016
0.142143 0.042649 0.603502
0.144017 0.043307 0.600623
0.143032 0.044887 0.603217
0.145086 0.042081 0.602891
0.143598 0.041357 0.603136
0.141755 0.047303 0.605708
0.140915 0.040287 0.603756
0.145179 0.042616 0.606936
0.142225 0.044495 0.607831
0.143305 0.042774 0.607756
0.144845 0.042881 0.609289
0.144686 0.040899 0.604817
0.140561 0.043480 0.611992
0.143365 0.045799 0.609311
0.139888 0.040025 0.605960
0.142033 0.040914 0.608080
0.144065 0.041339 0.610351
0.139740 0.039649 0.611037
0.140369 0.044720 0.613095
0.140262 0.041759 0.609021
0.139029 0.042562 0.613909
0.138461 0.043283 0.612248
0.139050 0.042467 0.613070
0.139266 0.041224 0.611427
0.137663 0.042273 0.615978
0.138197 0.041032 0.615462
0.140873 0.042719 0.615057
0.137364 0.041738 0.616457
0.137691 0.042210 0.616005
0.139258 0.042088 0.613582
0.139383 0.047153 0.617692
0.140331 0.040966 0.619696
0.141928 0.040120 0.617983
0.138492 0.042086 0.616667
0.137964 0.042716 0.618325
0.134028 0.044757 0.617149
0.136734 0.041536 0.619210
0.134739 0.044202 0.622157
0.136080 0.043721 0.620086
0.135992 0.042070 0.623826
0.138322 0.045636 0.623035
0.136963 0.041793 0.621613
0.138859 0.044164 0.619414
0.137735 0.044150 0.626827
0.138710 0.042944 0.623241
0.138288 0.043300 0.621236
0.137235 0.042020 0.624111
0.137541 0.040946 0.624204
0.135057 0.042545 0.622158
0.132402 0.043330 0.626206
0.135497 0.043485 0.623892
0.133050 0.043104 0.628065
0.128546 0.039111 0.624432
0.127884 0.043829 0.628039
0.132961 0.043773 0.622996
0.131454 0.040069 0.626289
0.133554 0.043329 0.632134
0.132010 0.043246 0.626925
0.132759 0.041825 0.630175
0.132623 0.041229 0.629654
0.128734 0.046561 0.628436
0.130420 0.041471 0.631669
0.130064 0.041086 0.633820
0.130813 0.043574 0.629261
0.131191 0.042938 0.630022
0.132481 0.040263 0.632354
0.129694 0.042344 0.631922
0.127989 0.041792 0.631628
0.127186 0.042310 0.633498
0.125978 0.043015 0.630184
0.123336 0.040172 0.630470
0.130593 0.041467 0.632376
0.129742 0.040963 0.635486
0.122878 0.043055 0.633228
0.124922 0.045415 0.633638
0.124011 0.042627 0.634435
0.125743 0.040201 0.635975
0.123829 0.041118 0.633096
0.126634 0.043741 0.633239
0.122010 0.042125 0.634625
0.121355 0.039676 0.632996
0.120519 0.043826 0.636812
0.124514 0.040229 0.637522
0.125006 0.045630 0.634683
0.123307 0.042720 0.635883
0.121843 0.046450 0.562705
0.120830 0.046965 0.559397
0.123720 0.047257 0.560734
0.122376 0.047332 0.564812
0.124737 0.045330 0.561857
0.126955 0.047472 0.563500
0.125853 0.048411 0.565043
0.122665 0.046325 0.566161
0.127042 0.046199 0.567055
0.128828 0.046186 0.568281
0.125691 0.044460 0.565368
0.126961 0.044580 0.565225
0.126261 0.044820 0.568967
0.126248 0.046821 0.566354
0.128980 0.047670 0.569473
0.128201 0.045010 0.567634
0.128893 0.043091 0.568409
0.126926 0.045439 0.571325
0.125534 0.045250 0.570098
0.127180 0.048684 0.570577
0.131020 0.046778 0.568438
0.132554 0.039688 0.571042
0.128416 0.046514 0.569858
0.129205 0.048660 0.570595
0.133347 0.045033 0.570620
0.127685 0.045085 0.572963
0.130107 0.045070 0.570030
0.130213 0.043945 0.571995
0.134363 0.044281 0.576105
0.131703 0.051156 0.574413
0.131802 0.047704 0.575041
0.133156 0.046193 0.575746
0.134863 0.043338 0.573227
0.133215 0.043215 0.571554
0.135219 0.046109 0.573312
0.135788 0.049325 0.575592
0.132159 0.043930 0.577305
0.136841 0.044203 0.576655
0.136957 0.046124 0.575158
0.132669 0.047818 0.577419
0.134983 0.042415 0.577948
0.136848 0.048955 0.575506
0.137699 0.047757 0.577296
0.135428 0.041733 0.580521
0.135124 0.044946 0.577879
0.137194 0.044861 0.575773
0.136622 0.045121 0.582037
0.138925 0.045624 0.581674
0.139248 0.042112 0.581731
0.141571 0.046359 0.577283
0.139706 0.042933 0.577796
0.137964 0.046718 0.579760
0.135890 0.046832 0.583488
0.137860 0.044387 0.581375
0.139595 0.043524 0.583827
0.134648 0.043923 0.582289
0.144255 0.050459 0.581746
0.136501 0.046853 0.582127
0.137524 0.049603 0.584843
0.136887 0.041767 0.585152
0.140817 0.046174 0.584813
0.137991 0.043286 0.582382
0.138263 0.045694 0.586189
0.140050 0.044587 0.587051
0.144658 0.046381 0.588862
0.140472 0.044703 0.591565
0.140610 0.046156 0.592300
0.141502 0.046259 0.586016
0.145219 0.046339 0.587759
0.142394 0.046136 0.593639
0.140511 0.043566 0.592619
0.140089 0.051349 0.594340
0.141276 0.047085 0.591730
0.138920 0.043735 0.590195
0.139500 0.048363 0.596398
0.139618 0.042570 0.587220
0.144429 0.048250 0.591246
0.142820 0.046445 0.596135
0.143143 0.045126 0.595203
0.143539 0.047269 0.593173
0.142067 0.044671 0.597382
0.145684 0.045291 0.594876
0.145346 0.043861 0.595584
0.142630 0.044584 0.598958
0.142393 0.046830 0.597940
0.141551 0.048160 0.598196
0.142621 0.049298 0.596340
0.142625 0.045113 0.598908
0.141619 0.043385 0.599217
0.144070 0.044737 0.598919
0.142472 0.043831 0.599221
0.143351 0.046033 0.601370
0.143891 0.047168 0.603806
0.141009 0.044785 0.601247
0.140302 0.041074 0.598819
0.143119 0.046473 0.600425
0.143082 0.044026 0.605372
0.142690 0.044312 0.602938
0.143925 0.048562 0.603519
0.141802 0.045619 0.605879
0.141697 0.047607 0.603385
0.137863 0.046172 0.607051
0.143431 0.043872 0.606478
0.139908 0.043375 0.604494
0.139673 0.045450 0.605333
0.141430 0.046509 0.606810
0.148543 0.047076 0.608744
0.139322 0.047634 0.607312
0.138977 0.046817 0.610148
0.139734 0.048132 0.609574
0.138110 0.045814 0.611358
0.139499 0.045942 0.611403
0.142328 0.047268 0.611322
0.139530 0.048756 0.612127
0.140717 0.047297 0.614110
0.137510 0.048006 0.613537
0.143019 0.043726 0.614076
0.138746 0.043333 0.612828
0.139673 0.045877 0.611027
0.141765 0.047652 0.613640
0.138058 0.047957 0.617165
0.139968 0.045432 0.611971
0.140122 0.045848 0.615332
0.138405 0.042906 0.615102
0.134759 0.046989 0.614462
0.137124 0.048633 0.617696
0.136807 0.048551 0.616342
0.136561 0.045717 0.618807
0.140729 0.045745 0.617691
0.137743 0.047610 0.617945
0.142273 0.045634 0.619181
0.134719 0.044700 0.620785
0.139931 0.045640 0.621665
0.140445 0.046975 0.619071
0.138231 0.043661 0.617217
0.133384 0.043944 0.620048
0.135644 0.043581 0.622195
0.132634 0.045097 0.626256
0.132393 0.045973 0.621192
0.135571 0.047689 0.618728
0.133972 0.044860 0.623988
0.136248 0.048997 0.626621
0.131006 0.046850 0.624917
0.133822 0.047666 0.624306
0.132641 0.047295 0.626799
0.132384 0.046461 0.625646
0.136268 0.045551 0.624050
0.135649 0.046091 0.627868
0.130870 0.045973 0.623986
0.130850 0.049648 0.628523
0.129782 0.047656 0.627434
0.130706 0.045173 0.626353
0.130193 0.044720 0.626469
0.133114 0.046382 0.628013
0.129143 0.045397 0.627076
0.133074 0.047035 0.635226
0.129163 0.047316 0.630305
0.127889 0.045867 0.630215
0.128068 0.048421 0.633005
0.128736 0.045532 0.629150
0.133104 0.046355 0.633506
0.129251 0.050670 0.630981
0.130872 0.042654 0.629195
0.129459 0.046673 0.630996
0.128282 0.044029 0.632468
0.128222 0.042143 0.630919
0.127131 0.042840 0.634368
0.124335 0.045655 0.636968
0.125670 0.043866 0.634627
0.123712 0.046740 0.634074
0.125487 0.047629 0.634274
0.122129 0.045044 0.636339
0.124797 0.042864 0.636649
0.124919 0.045646 0.637326
0.122855 0.043044 0.636841
0.123536 0.046061 0.636112
0.118767 0.049808 0.638768
0.122462 0.043414 0.636930
0.121010 0.046270 0.633997
0.119052 0.045714 0.637171
0.121449 0.047780 0.563516
0.120612 0.047280 0.561088
0.121392 0.047526 0.564895
0.121750 0.050869 0.564508
0.120166 0.049888 0.564287
0.124755 0.044772 0.564753
0.122437 0.046945 0.561594
0.125476 0.047171 0.567229
0.124105 0.044225 0.567142
0.125449 0.050635 0.567469
0.127575 0.052893 0.564660
0.127565 0.052458 0.565830
0.124976 0.049767 0.566782
0.128559 0.048730 0.565395
0.122168 0.050311 0.568064
0.123544 0.055921 0.570786
0.124758 0.048786 0.568763
0.128189 0.052897 0.566848
0.129108 0.046706 0.568533
0.132033 0.050989 0.570650
0.127295 0.050133 0.566720
0.128986 0.049303 0.572249
0.132062 0.048291 0.571363
0.132491 0.049678 0.570283
0.128369 0.046750 0.571033
0.132178 0.046718 0.572607
0.134861 0.051598 0.570375
0.134583 0.048895 0.570713
0.133837 0.048888 0.571082
0.134910 0.048942 0.572287
0.135202 0.048896 0.574509
0.133046 0.048431 0.572066
0.134795 0.044631 0.572124
0.134012 0.047342 0.573329
0.136738 0.049857 0.574174
0.135044 0.047457 0.571207
0.136110 0.049901 0.574039
0.134996 0.046899 0.576912
0.134745 0.051219 0.575908
0.132591 0.047538 0.576213
0.135973 0.045680 0.580887
0.134713 0.052594 0.578393
0.135945 0.049077 0.578255
0.136158 0.049324 0.581244
0.137659 0.052084 0.577359
0.135287 0.049092 0.579710
0.138829 0.047568 0.581662
0.137511 0.050277 0.578952
0.134684 0.049108 0.577490
0.140816 0.050750 0.581836
0.136114 0.051018 0.582678
0.139513 0.047680 0.581729
0.137315 0.047850 0.579467
0.137793 0.049368 0.582320
0.140956 0.051453 0.584904
0.139670 0.051158 0.584034
0.136761 0.052922 0.589041
0.139821 0.046238 0.584518
0.139189 0.048890 0.587508
0.139094 0.050140 0.583333
0.139950 0.051919 0.587807
0.142987 0.050760 0.584684
0.141865 0.054193 0.589805
0.141229 0.049676 0.586059
0.140013 0.047148 0.587216
0.142725 0.046445 0.584967
0.140481 0.049586 0.589695
0.141469 0.048419 0.588879
0.141561 0.048289 0.589019
0.140526 0.046928 0.592882
0.144917 0.046906 0.587416
0.140394 0.053160 0.593633
0.143029 0.047444 0.589164
0.146629 0.049753 0.590546
0.141843 0.047566 0.590531
0.138836 0.047335 0.590704
0.143903 0.051436 0.593197
0.140129 0.050044 0.591188
0.140939 0.049793 0.594946
0.139831 0.050504 0.594991
0.137954 0.050279 0.597667
0.144937 0.051260 0.600666
0.141730 0.046459 0.595886
0.145194 0.050055 0.599982
0.143181 0.048549 0.595949
0.144388 0.049399 0.596561
0.143474 0.049311 0.598549
0.141675 0.046806 0.601306
0.143775 0.049597 0.600275
0.143893 0.046089 0.598799
0.141545 0.048255 0.598622
0.143640 0.045513 0.600048
0.138327 0.053912 0.601854
0.141391 0.049510 0.599635
0.144106 0.049836 0.602899
0.140557 0.047805 0.607093
0.141193 0.047153 0.603650
0.141247 0.048459 0.604215
0.143021 0.047461 0.606930
0.143602 0.050154 0.604818
0.140804 0.045352 0.608315
0.142069 0.048121 0.602520
0.141906 0.052410 0.606487
0.137632 0.048294 0.608478
0.138706 0.050364 0.604916
0.144078 0.051899 0.606899
0.141017 0.048865 0.608110
0.142459 0.050923 0.608920
0.144776 0.047720 0.608202
0.142043 0.049495 0.610561
0.141383 0.050660 0.610126
0.137786 0.049674 0.608932
0.142643 0.051085 0.610596
0.136805 0.052453 0.610997
0.141447 0.046844 0.610690
0.138392 0.050838 0.616536
0.137728 0.047724 0.611512
0.137007 0.047030 0.614504
0.139691 0.047782 0.617550
0.143525 0.047937 0.616593
0.139416 0.049030 0.614250
0.141625 0.049744 0.613223
0.135120 0.046266 0.611894
0.139629 0.048444 0.616474
0.139046 0.054301 0.614742
0.138694 0.050088 0.616215
0.139163 0.049213 0.617607
0.139155 0.045389 0.617508
0.139993 0.046995 0.618467
0.137594 0.049193 0.620664
0.136087 0.052632 0.616695
0.140324 0.053141 0.621135
0.140009 0.049615 0.617308
0.137165 0.047815 0.620681
0.138157 0.048919 0.621671
0.133757 0.049097 0.618413
0.136559 0.050359 0.626901
0.137551 0.049051 0.624566
0.135188 0.052749 0.622655
0.131227 0.046200 0.623238
0.135098 0.047898 0.622916
0.136568 0.045582 0.623454
0.135944 0.050775 0.625023
0.132013 0.044692 0.623970
0.130256 0.049315 0.627832
0.138380 0.049933 0.628218
0.133809 0.047074 0.625059
0.132064 0.048845 0.630407
0.136269 0.048733 0.627431
0.135190 0.043648 0.628148
0.132873 0.048554 0.627225
0.133175 0.050813 0.628541
0.130643 0.047957 0.629126
0.130690 0.048530 0.628201
0.131504 0.045317 0.629209
0.129764 0.048664 0.632563
0.128876 0.047069 0.631139
0.130078 0.051352 0.631795
0.127641 0.047123 0.629762
0.125937 0.047209 0.631367
0.131099 0.048461 0.627551
0.129535 0.048605 0.630749
0.129811 0.051236 0.630258
0.129119 0.051724 0.632571
0.127465 0.050262 0.632369
0.126966 0.048409 0.631199
0.125125 0.051961 0.634850
0.127117 0.054021 0.631184
0.125405 0.053165 0.634900
0.128415 0.048534 0.636928
0.125024 0.050928 0.631467
0.122747 0.045427 0.633956
0.123124 0.045177 0.635625
0.124826 0.045647 0.636861
0.122424 0.052121 0.637293
0.123108 0.046899 0.637614
0.126106 0.054036 0.637679
0.124981 0.051502 0.636433
0.124376 0.045990 0.635307
0.125601 0.049502 0.635605
0.121312 0.051199 0.560652
0.126686 0.053227 0.562342
0.125087 0.054602 0.563684
0.124129 0.057599 0.560168
0.120433 0.051972 0.561422
0.123379 0.052914 0.560694
0.127116 0.050189 0.565966
0.126666 0.050863 0.568657
0.118585 0.055085 0.565951
0.123523 0.052665 0.565183
0.124565 0.050774 0.562356
0.127404 0.052443 0.568660
0.125397 0.051587 0.566475
0.127462 0.055123 0.570017
0.126921 0.056167 0.570054
0.130008 0.051667 0.567491
0.123864 0.053558 0.567790
0.127361 0.054173 0.567016
0.130813 0.052031 0.569383
0.129671 0.052591 0.569786
0.129824 0.054356 0.564737
0.129689 0.050000 0.568416
0.129139 0.054324 0.569538
0.134012 0.049263 0.571709
0.131424 0.053877 0.570946
0.127506 0.053609 0.567055
0.128736 0.053222 0.570635
0.129235 0.054275 0.572378
0.132422 0.050985 0.574515
0.134359 0.055238 0.572431
0.133064 0.050216 0.572303
0.133083 0.053983 0.572725
0.133254 0.052864 0.573383
0.134929 0.052874 0.572444
0.133221 0.051764 0.571851
0.134175 0.055420 0.573798
0.132807 0.053539 0.576196
0.132016 0.056365 0.575361
0.135399 0.051923 0.576077
0.135859 0.052347 0.576041
0.135389 0.052840 0.573030
0.133156 0.050362 0.578111
0.135534 0.052004 0.576770
0.138636 0.049458 0.580028
0.134270 0.052374 0.577502
0.138603 0.052206 0.574862
0.138502 0.048890 0.583960
0.134566 0.049292 0.580334
0.133260 0.047211 0.582204
0.138228 0.054130 0.581425
0.135253 0.050115 0.584090
0.136732 0.052206 0.583663
0.138561 0.053640 0.580747
0.137875 0.052735 0.580965
0.137510 0.050794 0.581595
0.138563 0.053470 0.579876
0.135793 0.054435 0.581842
0.140314 0.050680 0.584496
0.140902 0.054150 0.584571
0.139411 0.050880 0.581994
0.139356 0.052226 0.583288
0.140119 0.054828 0.585475
0.139585 0.055199 0.591833
0.141358 0.051965 0.584707
0.139254 0.053138 0.585684
0.141177 0.052132 0.587275
0.138317 0.052112 0.588087
0.142411 0.053872 0.592110
0.139978 0.054233 0.591225
0.141604 0.050559 0.591502
0.142088 0.053698 0.592949
0.145090 0.054732 0.587848
0.142545 0.052100 0.593640
0.142490 0.055167 0.592750
0.142602 0.054085 0.594226
0.141841 0.053627 0.592462
0.142924 0.053030 0.594581
0.143869 0.055710 0.591618
0.143024 0.050344 0.592857
0.143133 0.052461 0.595999
0.141983 0.052563 0.595671
0.141556 0.049770 0.593399
0.138629 0.051022 0.595544
0.139938 0.053627 0.595623
0.139249 0.051881 0.597682
0.139720 0.051164 0.601655
0.143845 0.050091 0.599820
0.145116 0.051740 0.598395
0.144785 0.049582 0.594274
0.145389 0.052024 0.599932
0.140234 0.052680 0.601801
0.142623 0.050598 0.599911
0.143943 0.053354 0.600485
0.142187 0.053525 0.601812
0.139173 0.052586 0.602186
0.145579 0.052076 0.604935
0.142542 0.056100 0.603421
0.143902 0.053285 0.602455
0.140780 0.055050 0.605328
0.144888 0.056231 0.604029
0.142509 0.054407 0.604996
0.141917 0.054605 0.603549
0.143318 0.051448 0.604686
0.145021 0.049593 0.605082
0.135280 0.052896 0.607638
0.143064 0.050970 0.601934
0.140908 0.055078 0.610447
0.142971 0.054170 0.609406
0.142158 0.053813 0.608186
0.141675 0.055623 0.609187
0.138913 0.054452 0.606052
0.142388 0.055545 0.612404
0.143280 0.053694 0.611921
0.142696 0.052444 0.606134
0.139436 0.050793 0.614798
0.142684 0.047945 0.611895
0.138459 0.052044 0.612716
0.141173 0.054878 0.616140
0.142456 0.052192 0.612269
0.139038 0.055148 0.616044
0.140721 0.052894 0.615378
0.141869 0.050737 0.615324
0.140435 0.051268 0.616105
0.141897 0.054347 0.612330
0.142735 0.055033 0.617213
0.135412 0.050392 0.616038
0.140118 0.052657 0.615086
0.137784 0.052284 0.620728
0.135881 0.053126 0.613479
0.134661 0.052759 0.622448
0.138474 0.054118 0.620404
0.139114 0.053739 0.617428
0.139590 0.054798 0.620106
0.136363 0.052529 0.619152
0.137241 0.053615 0.620189
0.135786 0.052731 0.620722
0.134965 0.051446 0.621328
0.133164 0.051299 0.622061
0.137830 0.054374 0.625258
0.134145 0.050060 0.624782
0.131755 0.052820 0.626913
0.131812 0.051712 0.621662
0.135183 0.054304 0.621406
0.137160 0.053255 0.622776
0.135012 0.052476 0.626028
0.134130 0.055828 0.625920
0.133259 0.055095 0.622689
0.131219 0.053957 0.626518
0.135558 0.051704 0.626642
0.134029 0.054073 0.631101
0.131178 0.054125 0.627365
0.130452 0.059098 0.628986
0.132129 0.048839 0.631587
0.136272 0.052510 0.627013
0.129561 0.052876 0.627605
0.130101 0.051335 0.630412
0.127031 0.050932 0.630375
0.129868 0.052742 0.630446
0.127470 0.052201 0.633174
0.127190 0.055400 0.632519
0.132301 0.051147 0.631631
0.126015 0.049244 0.633314
0.126110 0.050935 0.632426
0.127965 0.052768 0.632083
0.126711 0.055156 0.631057
0.127613 0.053201 0.632633
0.128364 0.051825 0.630194
0.128400 0.053801 0.635107
0.126812 0.055368 0.632088
0.124586 0.050267 0.634213
0.124215 0.053100 0.632125
0.128791 0.053086 0.629107
0.121976 0.050553 0.628745
0.125055 0.050918 0.635141
0.121988 0.051142 0.635536
0.122076 0.057863 0.633514
0.124802 0.056072 0.636448
0.119296 0.054709 0.636886
0.120874 0.050451 0.634457
0.121644 0.052146 0.635734
0.118148 0.060189 0.562140
0.120744 0.055480 0.559845
0.122229 0.056643 0.562654
0.124372 0.052005 0.563457
0.121617 0.055042 0.563785
0.121522 0.056885 0.565573
0.122951 0.056536 0.567267
0.122860 0.053461 0.563608
0.126931 0.052670 0.565458
0.123608 0.058069 0.563444
0.126418 0.057898 0.567064
0.119662 0.058579 0.565601
0.127174 0.054345 0.562834
0.127416 0.056276 0.567719
0.123883 0.054087 0.569028
0.129708 0.056192 0.571800
0.128282 0.055067 0.568899
0.131536 0.054840 0.568037
0.129438 0.056711 0.567626
0.127683 0.056178 0.571379
0.127973 0.054029 0.569808
0.129863 0.060630 0.569309
0.133742 0.056249 0.572100
0.131068 0.059169 0.571232
0.131103 0.055458 0.571779
0.130956 0.054297 0.568954
0.129477 0.051536 0.567596
0.127932 0.056899 0.571437
0.134802 0.057126 0.574030
0.129719 0.057383 0.572993
0.130657 0.057470 0.573538
0.130980 0.058835 0.571461
0.131493 0.054963 0.577160
0.133730 0.056195 0.577044
0.134717 0.056006 0.576041
0.136491 0.056310 0.572566
0.133662 0.054711 0.576607
0.131121 0.054617 0.578088
0.134921 0.062101 0.573766
0.136247 0.055556 0.575010
0.133967 0.057198 0.575824
0.139972 0.058492 0.576799
0.134340 0.057658 0.577743
0.133436 0.053919 0.576962
0.135502 0.056558 0.582230
0.134067 0.057441 0.576940
0.140318 0.055899 0.579449
0.136443 0.056930 0.579470
0.142269 0.055292 0.580895
0.138545 0.056616 0.581773
0.138088 0.057897 0.580726
0.138825 0.052528 0.578887
0.136644 0.056445 0.586208
0.140082 0.056228 0.582310
0.138480 0.056953 0.581510
0.140487 0.056572 0.582319
0.137624 0.054954 0.585972
0.142897 0.053728 0.581957
0.143094 0.055058 0.582724
0.140478 0.058122 0.585501
0.136593 0.057794 0.587871
0.142035 0.055836 0.585834
0.143133 0.058288 0.586757
0.143058 0.057631 0.586863
0.142450 0.056909 0.587924
0.139032 0.058736 0.589622
0.137943 0.053465 0.590670
0.141845 0.056831 0.589532
0.144025 0.056190 0.588332
0.140388 0.053447 0.589284
0.140329 0.057463 0.589192
0.140684 0.056784 0.595820
0.143751 0.055316 0.590804
0.142533 0.057542 0.591820
0.142186 0.057725 0.589899
0.141832 0.054820 0.592990
0.144232 0.057252 0.592813
0.141659 0.054169 0.596892
0.141265 0.055218 0.596125
0.139439 0.051235 0.597231
0.140726 0.053131 0.596159
0.146459 0.054806 0.595937
0.141814 0.061117 0.594430
0.142903 0.055309 0.597744
0.141923 0.055680 0.599272
0.140064 0.058639 0.599660
0.139550 0.055182 0.598773
0.141358 0.056189 0.599029
0.138730 0.060176 0.597786
0.142779 0.055700 0.601371
0.140475 0.056309 0.603644
0.137799 0.052960 0.600330
0.145672 0.055582 0.602605
0.142233 0.056900 0.600613
0.145913 0.058655 0.599486
0.141859 0.051818 0.607155
0.144333 0.056468 0.600981
0.140794 0.054369 0.601400
0.139039 0.054926 0.602753
0.140893 0.056413 0.605901
0.141412 0.054357 0.603075
0.144954 0.053385 0.604907
0.145497 0.058888 0.607098
0.139663 0.056583 0.604388
0.145553 0.057593 0.608894
0.141321 0.056041 0.607842
0.141967 0.054164 0.611122
0.142248 0.053758 0.610027
0.142133 0.055302 0.607642
0.144418 0.057237 0.608635
0.144150 0.054631 0.607732
0.145132 0.058683 0.611557
0.141486 0.054454 0.612342
0.134897 0.056686 0.607908
0.141047 0.053349 0.613519
0.139336 0.055746 0.608389
0.140192 0.052837 0.610475
0.139625 0.054604 0.613182
0.139910 0.054962 0.613090
0.135872 0.058279 0.615390
0.140519 0.056958 0.614875
0.140827 0.056344 0.615392
0.143556 0.056153 0.617931
0.139607 0.056271 0.619509
0.135054 0.056503 0.613526
0.139031 0.055977 0.615530
0.138452 0.054288 0.616053
0.138708 0.057912 0.616820
0.138918 0.057170 0.617021
0.138801 0.054710 0.617396
0.138221 0.055538 0.620532
0.134665 0.060308 0.622243
0.132133 0.052967 0.617869
0.136259 0.056575 0.616419
0.139530 0.054648 0.622785
0.135621 0.052821 0.622696
0.138143 0.053020 0.620930
0.137428 0.052813 0.624111
0.140144 0.055678 0.619832
0.136143 0.055421 0.619466
0.134115 0.060294 0.622271
0.136303 0.055933 0.625545
0.134695 0.057879 0.623300
0.133516 0.056642 0.626326
0.132233 0.058861 0.623518
0.136239 0.054869 0.626262
0.136382 0.053931 0.625970
0.132545 0.054768 0.624556
0.130936 0.054542 0.627952
0.131929 0.053363 0.624220
0.133964 0.057016 0.627084
0.126922 0.056901 0.626823
0.134617 0.055627 0.627711
0.130870 0.057966 0.629094
0.133147 0.051958 0.627757
0.129101 0.053787 0.631021
0.128835 0.057822 0.628182
0.128967 0.056704 0.633230
0.129398 0.057205 0.634102
0.129351 0.056208 0.628292
0.126610 0.055446 0.629115
0.130904 0.056013 0.632350
0.126700 0.055078 0.634815
0.125245 0.056071 0.631209
0.123811 0.058275 0.633004
0.127252 0.054622 0.633202
0.120980 0.054340 0.634146
0.123682 0.053580 0.630785
0.125176 0.057279 0.633748
0.126287 0.056133 0.633315
0.128065 0.056679 0.641576
0.125304 0.056211 0.634531
0.124338 0.055649 0.632957
0.124203 0.055147 0.637765
0.126080 0.056767 0.635188
0.122629 0.051960 0.634754
0.120981 0.057356 0.634813
0.122108 0.056216 0.635484
0.124817 0.056398 0.635907
0.117703 0.055423 0.637165
0.119526 0.060249 0.561444
0.119567 0.062297 0.563819
0.120969 0.059690 0.565734
0.126356 0.057735 0.564467
0.126168 0.061502 0.566002
0.122282 0.054272 0.565125
0.126034 0.059048 0.564153
0.125061 0.059561 0.565309
0.123024 0.062009 0.562531
0.124483 0.058796 0.565759
0.126836 0.057383 0.565185
0.127002 0.061380 0.569859
0.127868 0.059731 0.565267
0.126753 0.056283 0.565844
0.128791 0.061353 0.567806
0.128074 0.060257 0.566071
0.129286 0.063068 0.569559
0.130539 0.058179 0.566827
0.128436 0.058152 0.568039
0.126920 0.061461 0.568554
0.129139 0.059832 0.565224
0.127405 0.060588 0.567733
0.136267 0.058049 0.569044
0.132177 0.063176 0.567171
0.134776 0.057259 0.571463
0.129755 0.057057 0.574436
0.132924 0.057996 0.571096
0.130814 0.061404 0.574288
0.132027 0.058536 0.573527
0.133663 0.060091 0.571655
0.131777 0.058626 0.574119
0.134162 0.059455 0.573619
0.133642 0.059107 0.575624
0.135739 0.057556 0.573955
0.133670 0.057259 0.576495
0.131996 0.059034 0.574261
0.135099 0.060415 0.573176
0.134619 0.057955 0.574659
0.138096 0.059394 0.574856
0.135717 0.057295 0.576391
0.134436 0.060118 0.576545
0.134156 0.059097 0.574568
0.134200 0.059492 0.578762
0.135294 0.058883 0.578690
0.137269 0.054884 0.577712
0.135129 0.061927 0.581333
0.136282 0.060875 0.575963
0.139322 0.064978 0.579387
0.136199 0.059852 0.578785
0.135104 0.058409 0.583239
0.137431 0.058742 0.578907
0.136827 0.053944 0.577660
0.140634 0.057712 0.583785
0.139136 0.057600 0.579131
0.138752 0.057194 0.584580
0.143120 0.056127 0.583719
0.137799 0.058666 0.583835
0.136826 0.060808 0.584027
0.140078 0.061585 0.583464
0.136688 0.059575 0.584099
0.141379 0.057180 0.583142
0.139051 0.059365 0.585255
0.142125 0.061006 0.587575
0.140170 0.061371 0.590359
0.139346 0.057624 0.584139
0.138878 0.062313 0.589338
0.139040 0.062753 0.591330
0.144596 0.058268 0.587964
0.140129 0.057963 0.590459
0.141451 0.057258 0.590386
0.139661 0.057112 0.590848
0.145489 0.058988 0.590325
0.142999 0.061330 0.592066
0.141452 0.058521 0.590768
0.143470 0.059490 0.590646
0.141753 0.058031 0.591053
0.143053 0.059105 0.592286
0.140965 0.059954 0.591474
0.142568 0.061254 0.596325
0.144245 0.058036 0.595048
0.142514 0.059080 0.596002
0.141268 0.058988 0.596314
0.142228 0.060423 0.595300
0.145091 0.056166 0.596213
0.141318 0.061008 0.594724
0.142492 0.057856 0.598223
0.141013 0.059444 0.598147
0.141660 0.058177 0.597967
0.138856 0.059357 0.600006
0.143480 0.057325 0.597114
0.144162 0.057652 0.598571
0.138855 0.056748 0.599604
0.145054 0.057961 0.602928
0.140922 0.058192 0.601075
0.143845 0.058606 0.603508
0.142666 0.062620 0.602430
0.141948 0.059468 0.601939
0.143353 0.059073 0.602387
0.140464 0.057535 0.607187
0.145689 0.059107 0.608280
0.144366 0.060256 0.608402
0.143284 0.059629 0.606683
0.141183 0.059137 0.604810
0.140904 0.058904 0.606427
0.142830 0.054826 0.608810
0.140013 0.059174 0.612526
0.138762 0.058853 0.607657
0.143107 0.065605 0.609235
0.134902 0.057490 0.608966
0.139274 0.059822 0.609405
0.142788 0.061164 0.606904
0.142040 0.057837 0.611422
0.139607 0.057723 0.611939
0.143561 0.057684 0.611241
0.143579 0.057709 0.608906
0.140078 0.057536 0.614240
0.138639 0.059650 0.610081
0.137097 0.057077 0.614548
0.141870 0.058436 0.613861
0.137353 0.060655 0.616432
0.141539 0.057197 0.618371
0.139103 0.058984 0.614386
0.139886 0.058882 0.614533
0.140416 0.058467 0.614208
0.136151 0.060817 0.617554
0.139550 0.062617 0.616772
0.138587 0.060716 0.617341
0.138620 0.059335 0.618928
0.138817 0.060195 0.619496
0.135643 0.058930 0.621324
0.140445 0.059113 0.618738
0.137185 0.059686 0.623279
0.140238 0.061309 0.622665
0.137355 0.056884 0.619746
0.137952 0.059606 0.619856
0.136613 0.057250 0.624484
0.136787 0.059281 0.625062
0.138224 0.058705 0.622258
0.131631 0.058184 0.623638
0.135537 0.060804 0.622789
0.135900 0.058808 0.621941
0.136678 0.059825 0.621892
0.134112 0.061803 0.621052
0.136322 0.059853 0.627538
0.131891 0.063543 0.627295
0.134175 0.059426 0.624302
0.132719 0.060276 0.624376
0.131906 0.059985 0.626960
0.135403 0.061193 0.629733
0.130338 0.057705 0.631349
0.127436 0.055226 0.627885
0.132768 0.060579 0.627675
0.132273 0.061952 0.625771
0.132829 0.058830 0.630692
0.132309 0.057065 0.629702
0.130316 0.059423 0.629740
0.128445 0.059661 0.626572
0.129122 0.062410 0.629235
0.130731 0.064627 0.629677
0.129632 0.057279 0.629971
0.126330 0.059440 0.630751
0.128178 0.058775 0.631223
0.128132 0.058654 0.631756
0.127994 0.057613 0.631612
0.126975 0.060330 0.632608
0.128705 0.060005 0.633136
0.125703 0.058372 0.632813
0.127387 0.057759 0.631288
0.127620 0.059642 0.636389
0.123726 0.059560 0.635454
0.126208 0.060121 0.633835
0.124546 0.058334 0.638543
0.123405 0.057988 0.635142
0.123679 0.060558 0.635112
0.122781 0.058364 0.635481
0.120679 0.062103 0.635537
0.118573 0.057919 0.634799
0.124989 0.059064 0.635427
0.121602 0.057021 0.636276
0.120721 0.062144 0.636417
0.118550 0.062740 0.563999
0.120613 0.061055 0.558664
0.120070 0.065182 0.564219
0.124542 0.063848 0.568526
0.122127 0.060132 0.564400
0.124462 0.060170 0.566083
0.122460 0.063867 0.562176
0.123980 0.065917 0.565305
0.128090 0.064005 0.566468
0.126828 0.064511 0.563039
0.124216 0.063977 0.566631
0.124600 0.061765 0.563929
0.131538 0.063789 0.567561
0.124638 0.061906 0.568800
0.128304 0.063886 0.566437
0.125141 0.061758 0.567553
0.128613 0.064897 0.566639
0.128747 0.063116 0.567427
0.126854 0.058466 0.570638
0.130854 0.064616 0.565480
0.129755 0.061082 0.567032
0.129877 0.064778 0.567970
0.131890 0.064196 0.572524
0.132674 0.064442 0.570988
0.128261 0.059218 0.571828
0.128998 0.063382 0.570604
0.133123 0.065789 0.572373
0.128644 0.062147 0.571205
0.131625 0.062773 0.573029
0.136428 0.061863 0.569160
0.133483 0.061959 0.573749
0.130515 0.062046 0.574346
0.129582 0.064249 0.573303
0.133746 0.066830 0.571947
0.134837 0.059992 0.576225
0.130941 0.060654 0.578885
0.132640 0.059129 0.573647
0.133355 0.064210 0.573254
0.135343 0.061020 0.578556
0.135256 0.064765 0.576850
0.134968 0.058435 0.576513
0.131836 0.060831 0.577346
0.137257 0.061725 0.577313
0.137386 0.063439 0.577361
0.138558 0.065856 0.577701
0.138867 0.064118 0.578233
0.139851 0.059818 0.581438
0.135774 0.062826 0.576883
0.135736 0.063288 0.578448
0.137380 0.062143 0.584747
0.137025 0.059161 0.581957
0.133393 0.062712 0.577488
0.138313 0.064201 0.579201
0.138662 0.061073 0.582805
0.137579 0.060950 0.582062
0.137138 0.058148 0.585793
0.137270 0.064062 0.584040
0.137085 0.063142 0.582174
0.143706 0.063522 0.584598
0.141542 0.058962 0.582654
0.139769 0.060920 0.585108
0.139030 0.062478 0.590526
0.143282 0.063197 0.591241
0.143533 0.063212 0.588970
0.143945 0.064138 0.586721
0.145277 0.063729 0.589270
0.140014 0.061121 0.590537
0.141460 0.063447 0.587984
0.137871 0.061836 0.590401
0.139462 0.061181 0.588616
0.137574 0.059198 0.590075
0.140559 0.062018 0.592726
0.142528 0.061307 0.591514
0.144297 0.063669 0.592358
0.144280 0.062836 0.593967
0.143283 0.061900 0.592686
0.141921 0.063174 0.595298
0.143773 0.060458 0.595392
0.144564 0.062090 0.595380
0.145134 0.061069 0.595555
0.143193 0.063300 0.595546
0.143576 0.062598 0.596619
0.142587 0.060275 0.598124
0.146988 0.061859 0.597908
0.142835 0.064362 0.595242
0.140349 0.061851 0.597386
0.142078 0.063145 0.598533
0.140403 0.060229 0.597655
0.140089 0.062392 0.595550
0.144815 0.062889 0.596815
0.142304 0.062439 0.599054
0.142280 0.058935 0.596822
0.143250 0.059684 0.597905
0.144893 0.061165 0.601175
0.142549 0.064263 0.600482
0.141550 0.060409 0.600848
0.144428 0.064831 0.602260
0.145050 0.060187 0.601619
0.145542 0.064138 0.605758
0.143614 0.061050 0.602284
0.144662 0.063384 0.603556
0.144569 0.063289 0.604996
0.138228 0.064413 0.601914
0.142774 0.061688 0.608594
0.143458 0.061760 0.604592
0.144340 0.060021 0.606956
0.141440 0.065746 0.607607
0.142685 0.065200 0.604314
0.142438 0.067241 0.609800
0.140897 0.062597 0.612739
0.142402 0.062670 0.610195
0.140492 0.060126 0.611937
0.136963 0.062464 0.613246
0.141723 0.061603 0.613161
0.139005 0.062872 0.613603
0.143947 0.062638 0.614618
0.140390 0.061800 0.608568
0.138847 0.063165 0.612671
0.141577 0.062756 0.610361
0.136824 0.063468 0.614975
0.139675 0.060075 0.616456
0.140510 0.066136 0.618331
0.140651 0.060994 0.617422
0.140505 0.060777 0.617540
0.137409 0.062654 0.616567
0.137158 0.062747 0.615560
0.138593 0.063000 0.620615
0.136588 0.063290 0.617767
0.139861 0.058981 0.619432
0.136135 0.064734 0.620118
0.136421 0.057949 0.621291
0.138511 0.061762 0.618819
0.135463 0.061159 0.619493
0.139602 0.062878 0.622323
0.136332 0.062673 0.620982
0.140570 0.062754 0.624593
0.134228 0.063556 0.620580
0.137055 0.058290 0.618917
0.135614 0.062587 0.627446
0.138372 0.066522 0.622300
0.133440 0.061256 0.624860
0.130636 0.064392 0.621742
0.137999 0.065275 0.627815
0.133856 0.062780 0.629074
0.132350 0.063392 0.622862
0.136144 0.060387 0.623347
0.135555 0.059463 0.626331
0.132209 0.063760 0.628468
0.135920 0.060474 0.626098
0.135343 0.064061 0.627984
0.132788 0.061958 0.627854
0.132276 0.065635 0.629167
0.129854 0.063479 0.627822
0.132991 0.062681 0.632225
0.131674 0.066774 0.629626
0.130709 0.061569 0.629814
0.131824 0.060732 0.628467
0.127461 0.061768 0.631585
0.130746 0.064160 0.631269
0.130523 0.060512 0.631937
0.127440 0.063677 0.632131
0.127883 0.064638 0.627259
0.124994 0.061885 0.632055
0.126282 0.064642 0.632634
0.126610 0.062322 0.630167
0.126203 0.063892 0.633134
0.128423 0.063193 0.634728
0.122941 0.060511 0.633826
0.123245 0.061889 0.635784
0.126541 0.067967 0.630890
0.125080 0.063442 0.637274
0.124518 0.059452 0.635305
0.127220 0.061264 0.632954
0.121919 0.063407 0.637520
0.121346 0.063599 0.636842
0.124251 0.063066 0.633806
0.124794 0.064151 0.633363
0.124250 0.063494 0.637847
0.121019 0.062240 0.638775
0.119190 0.063404 0.637308
0.122937 0.065923 0.562231
0.121375 0.069441 0.565141
0.122675 0.066042 0.562780
0.121311 0.064879 0.566333
0.122242 0.062443 0.563589
0.123751 0.066514 0.564267
0.126221 0.068094 0.564863
0.124447 0.063501 0.565112
0.129263 0.066599 0.567663
0.123479 0.066599 0.568452
0.123093 0.065309 0.562644
0.119650 0.066020 0.567517
0.124693 0.065215 0.566778
0.125105 0.066564 0.570357
0.130582 0.066202 0.565510
0.130392 0.065836 0.567443
0.128526 0.064972 0.568180
0.125885 0.067604 0.567387
0.127325 0.069585 0.569021
0.128549 0.063999 0.571269
0.128061 0.062755 0.565545
0.128675 0.065538 0.568982
0.127108 0.067945 0.568803
0.133542 0.065963 0.566697
0.130885 0.070604 0.568753
0.134044 0.063121 0.574114
0.131260 0.064149 0.568651
0.131997 0.064964 0.573111
0.128493 0.064695 0.572004
0.132579 0.064094 0.572047
0.131911 0.069551 0.575455
0.133730 0.065675 0.572533
0.136068 0.067073 0.571614
0.133242 0.067853 0.575336
0.134618 0.067364 0.572907
0.133854 0.069561 0.573779
0.136254 0.064442 0.575889
0.134569 0.060603 0.577310
0.135028 0.064913 0.572834
0.137981 0.069123 0.571864
0.137675 0.062540 0.576174
0.139078 0.065685 0.575232
0.134815 0.064621 0.573334
0.137415 0.063483 0.579308
0.135920 0.067904 0.576348
0.134664 0.069502 0.577209
0.135245 0.065736 0.576827
0.138837 0.066070 0.582156
0.136183 0.067273 0.581830
0.140351 0.068017 0.579879
0.139391 0.063555 0.579612
0.137022 0.069148 0.581839
0.142619 0.065538 0.581460
0.140553 0.064182 0.580039
0.140033 0.065216 0.583329
0.140883 0.062197 0.586104
0.136064 0.068373 0.584217
0.146060 0.070628 0.581497
0.141424 0.065855 0.583694
0.143354 0.065185 0.580490
0.137440 0.065658 0.585945
0.138285 0.061795 0.589325
0.134829 0.067223 0.584201
0.135419 0.065999 0.587854
0.141293 0.065267 0.586422
0.141431 0.062174 0.588820
0.139965 0.066192 0.590505
0.144000 0.067423 0.587849
0.139225 0.067809 0.589045
0.139762 0.067502 0.591490
0.141121 0.070501 0.589172
0.142612 0.060755 0.590356
0.140532 0.065990 0.592098
0.141318 0.066638 0.594064
0.137822 0.069230 0.594241
0.143061 0.064492 0.593545
0.145179 0.064614 0.594174
0.139728 0.067981 0.592236
0.143521 0.065627 0.595759
0.143540 0.065762 0.596595
0.138822 0.067195 0.595759
0.144917 0.065352 0.596346
0.139880 0.067970 0.601511
0.141039 0.065082 0.598620
0.143266 0.064226 0.597115
0.140259 0.066381 0.599058
0.142780 0.062676 0.595841
0.139099 0.068009 0.599134
0.144096 0.065880 0.601065
0.138745 0.070799 0.602826
0.142614 0.067339 0.602179
0.143317 0.064988 0.603534
0.143197 0.064053 0.603934
0.144330 0.066491 0.601903
0.143125 0.063089 0.605993
0.141472 0.067130 0.603117
0.141735 0.067052 0.604182
0.142018 0.064990 0.606627
0.141693 0.064511 0.602170
0.139340 0.068500 0.601365
0.143394 0.066151 0.607441
0.140523 0.064443 0.605601
0.142699 0.066606 0.605608
0.140117 0.065384 0.606780
0.141941 0.064710 0.611846
0.140331 0.063316 0.606206
0.141336 0.064618 0.603348
0.142207 0.067039 0.609657
0.143806 0.064371 0.609969
0.141538 0.069074 0.611157
0.143363 0.063649 0.610287
0.139853 0.064400 0.613936
0.141652 0.067006 0.607900
0.143134 0.061988 0.610926
0.137965 0.067154 0.607089
0.140848 0.063474 0.612091
0.142247 0.064810 0.616083
0.144576 0.061632 0.614039
0.140822 0.069209 0.613046
0.142165 0.061630 0.612862
0.139609 0.064514 0.617736
0.141235 0.063921 0.617548
0.140631 0.064279 0.613286
0.137923 0.067117 0.616659
0.137022 0.061337 0.616925
0.141283 0.064218 0.617765
0.137717 0.067162 0.618799
0.140077 0.062846 0.617086
0.134383 0.063482 0.620051
0.136916 0.066482 0.615740
0.138591 0.064944 0.620939
0.136575 0.061743 0.620678
0.136042 0.064746 0.618837
0.135202 0.063868 0.620566
0.135821 0.063731 0.623344
0.135972 0.066494 0.620493
0.137965 0.067924 0.621667
0.132357 0.065966 0.619601
0.133973 0.061223 0.623047
0.131550 0.063717 0.624696
0.138128 0.064799 0.622254
0.135173 0.066542 0.624571
0.135865 0.064351 0.620736
0.134856 0.065623 0.622941
0.136893 0.066209 0.625290
0.129930 0.063161 0.623150
0.130830 0.066833 0.625458
0.134492 0.064336 0.625612
0.132389 0.066595 0.623385
0.134730 0.068256 0.630313
0.134167 0.065492 0.625010
0.134294 0.064525 0.629407
0.133206 0.066974 0.625833
0.130204 0.068255 0.631233
0.129608 0.068568 0.630807
0.129883 0.065386 0.627843
0.128488 0.067253 0.631658
0.130249 0.064842 0.631310
0.131588 0.065899 0.626285
0.128503 0.067675 0.631635
0.133495 0.064754 0.631765
0.128081 0.065467 0.630103
0.129000 0.064917 0.630650
0.131290 0.064038 0.630144
0.127916 0.066908 0.629431
0.126430 0.065099 0.636788
0.124621 0.066106 0.632314
0.123567 0.062919 0.632108
0.127229 0.067204 0.633861
0.122571 0.067175 0.636428
0.125045 0.066757 0.633026
0.124574 0.064719 0.633581
0.125307 0.063081 0.634727
0.124825 0.067568 0.638258
0.121764 0.064667 0.634761
0.126226 0.065578 0.636095
0.123391 0.066540 0.633208
0.120052 0.065124 0.632779
0.122172 0.065428 0.636732
0.119917 0.067503 0.637607
0.122213 0.071447 0.566845
0.120816 0.069621 0.563270
0.119606 0.066376 0.567730
0.123893 0.072612 0.563018
0.127814 0.067833 0.564736
0.123959 0.070244 0.561194
0.123327 0.071015 0.566771
0.122115 0.071011 0.566267
0.127117 0.068263 0.564844
0.125111 0.068856 0.565570
0.120995 0.073573 0.564050
0.129353 0.070680 0.566300
0.125171 0.072379 0.566367
0.127890 0.071268 0.567510
0.126104 0.070496 0.566455
0.127676 0.067924 0.564790
0.127184 0.075050 0.568438
0.127848 0.070457 0.568838
0.126243 0.069673 0.566727
0.129342 0.071327 0.570817
0.129957 0.071679 0.566307
0.128297 0.070775 0.568727
0.129662 0.069669 0.569662
0.132665 0.066052 0.572414
0.127215 0.070599 0.570525
0.129757 0.069301 0.571941
0.130210 0.068002 0.575269
0.132078 0.068573 0.571527
0.130741 0.070399 0.574121
0.131411 0.067641 0.573955
0.133202 0.069142 0.570293
0.129083 0.073287 0.575789
0.131143 0.070485 0.574528
0.134068 0.069158 0.577989
0.131611 0.068160 0.576095
0.134821 0.071563 0.577707
0.136054 0.068646 0.574960
0.135695 0.071357 0.576631
0.131986 0.067454 0.575537
0.136426 0.066467 0.573764
0.134822 0.065837 0.577164
0.134745 0.070249 0.572513
0.137571 0.068603 0.580184
0.136406 0.065640 0.578514
0.135721 0.068325 0.578357
0.136451 0.068829 0.577454
0.138828 0.067256 0.581316
0.138239 0.067353 0.581550
0.138364 0.069276 0.582025
0.139819 0.065927 0.580975
0.137407 0.067992 0.580226
0.138891 0.066280 0.582869
0.139600 0.068075 0.582858
0.138855 0.070364 0.580613
0.139659 0.068678 0.581029
0.138987 0.069635 0.583426
0.141380 0.068430 0.583172
0.138613 0.064512 0.584954
0.141556 0.075160 0.584372
0.141617 0.069596 0.582641
0.138555 0.068036 0.586954
0.142161 0.070524 0.587096
0.140799 0.068721 0.586917
0.140300 0.068202 0.587826
0.136809 0.069096 0.588730
0.140337 0.068846 0.584929
0.142445 0.069460 0.590716
0.140456 0.074694 0.589704
0.143468 0.067515 0.586837
0.142030 0.069948 0.583771
0.143111 0.071654 0.589499
0.141182 0.067049 0.589966
0.144407 0.067564 0.591765
0.143872 0.067739 0.593109
0.141762 0.069361 0.594402
0.144579 0.068748 0.595927
0.143507 0.070708 0.597982
0.143353 0.069670 0.592946
0.144710 0.068691 0.591792
0.140558 0.071620 0.594356
0.140005 0.072054 0.595509
0.141515 0.068916 0.594288
0.144192 0.069226 0.600632
0.141792 0.066060 0.596947
0.143624 0.070636 0.597299
0.142197 0.069555 0.597233
0.141635 0.070099 0.597547
0.140145 0.066886 0.599405
0.142923 0.067799 0.599526
0.144934 0.066657 0.603937
0.138873 0.073201 0.600697
0.142690 0.068335 0.600642
0.143944 0.071243 0.596711
0.138239 0.069282 0.605549
0.140030 0.070124 0.603640
0.143797 0.067728 0.603785
0.143904 0.070269 0.608565
0.143162 0.066709 0.602875
0.140276 0.067796 0.604600
0.146837 0.068379 0.603051
0.142234 0.068844 0.604118
0.142973 0.069213 0.607271
0.143609 0.067786 0.606676
0.146681 0.069430 0.605831
0.140881 0.069575 0.602753
0.139992 0.069521 0.607173
0.143167 0.071145 0.609535
0.141347 0.069090 0.607802
0.139955 0.071419 0.609792
0.143422 0.068573 0.610840
0.140189 0.071719 0.612355
0.144272 0.066648 0.613465
0.143156 0.069221 0.609122
0.139246 0.068384 0.609435
0.143132 0.066183 0.612574
0.142271 0.068901 0.613718
0.138181 0.071746 0.613266
0.143506 0.070044 0.615839
0.139968 0.070210 0.613343
0.140319 0.065948 0.615106
0.143907 0.069215 0.613292
0.141796 0.067109 0.614296
0.138917 0.071775 0.616241
0.135594 0.067167 0.617521
0.137531 0.067846 0.614845
0.140131 0.064418 0.615967
0.137751 0.070821 0.615163
0.136903 0.071248 0.617476
0.137961 0.071351 0.617870
0.137218 0.070873 0.620345
0.138847 0.068262 0.621662
0.136376 0.068598 0.615389
0.138104 0.068463 0.623891
0.137429 0.070545 0.622132
0.135821 0.071341 0.621037
0.136127 0.069492 0.621806
0.136818 0.068994 0.622496
0.135302 0.069931 0.621112
0.135955 0.068889 0.623766
0.141172 0.069906 0.623769
0.133958 0.067190 0.624420
0.135090 0.068402 0.618574
0.136241 0.071115 0.623665
0.135967 0.067697 0.626840
0.134566 0.071773 0.625901
0.133971 0.069163 0.625704
0.131531 0.068669 0.622326
0.132285 0.070638 0.626493
0.130874 0.069357 0.628932
0.130766 0.064924 0.625887
0.133185 0.069039 0.627347
0.129866 0.068360 0.625578
0.130528 0.068758 0.633218
0.133372 0.070153 0.627435
0.129565 0.068431 0.630005
0.129709 0.070316 0.630713
0.131870 0.068268 0.629708
0.127627 0.071748 0.630622
0.125426 0.068017 0.631745
0.127381 0.069567 0.632526
0.130134 0.065760 0.635918
0.127248 0.067188 0.632201
0.130287 0.065850 0.632385
0.125427 0.067831 0.628128
0.126543 0.069559 0.632850
0.130278 0.069413 0.633305
0.128511 0.066506 0.630572
0.124933 0.069013 0.635000
0.127794 0.068584 0.637305
0.127505 0.070965 0.634373
0.125812 0.067173 0.633493
0.124332 0.068580 0.630394
0.124639 0.073795 0.636129
0.122902 0.070312 0.634675
0.123621 0.067140 0.636100
0.124250 0.070965 0.637609
0.124759 0.071398 0.636976
0.119563 0.067460 0.635440
0.124278 0.069583 0.635740
0.119895 0.067298 0.636076
0.118862 0.072556 0.561821
0.122322 0.070752 0.564989
0.125701 0.072291 0.563038
0.126063 0.073639 0.563219
0.120592 0.074257 0.569112
0.124832 0.073453 0.563094
0.123704 0.075199 0.562700
0.125940 0.072285 0.561494
0.125918 0.069876 0.568468
0.127314 0.069551 0.567461
0.124793 0.070401 0.565837
0.124730 0.073745 0.566651
0.127142 0.071526 0.563222
0.127426 0.074997 0.569741
0.128371 0.073700 0.564646
0.127254 0.072641 0.566042
0.129762 0.068619 0.567465
0.127350 0.073109 0.569813
0.124555 0.073056 0.567745
0.128425 0.071285 0.567086
0.129283 0.070388 0.565627
0.133375 0.075359 0.567504
0.129095 0.076644 0.569760
0.126791 0.074320 0.570067
0.132158 0.070511 0.572222
0.131265 0.073549 0.568386
0.127574 0.074543 0.570731
0.133775 0.073222 0.573807
0.130717 0.076424 0.571484
0.131790 0.072909 0.573420
0.131693 0.070536 0.576168
0.131745 0.070885 0.572127
0.132323 0.071222 0.575252
0.133937 0.069790 0.573147
0.130977 0.072394 0.572320
0.135984 0.072750 0.572469
0.131581 0.075462 0.577615
0.136472 0.074083 0.578615
0.132600 0.073040 0.573365
0.132871 0.070483 0.576423
0.134296 0.072084 0.576767
0.135144 0.074759 0.576859
0.137354 0.072006 0.578678
0.138124 0.073368 0.575793
0.136124 0.074601 0.579144
0.136784 0.073779 0.577851
0.137893 0.074018 0.579204
0.138162 0.071026 0.577976
0.136954 0.072102 0.581521
0.135585 0.074099 0.581087
0.136123 0.072490 0.580564
0.140114 0.073088 0.578633
0.137749 0.073095 0.579869
0.139829 0.076679 0.584822
0.138238 0.072634 0.580924
0.137648 0.072478 0.585418
0.141564 0.072853 0.584242
0.135679 0.069755 0.580238
0.137815 0.073517 0.583027
0.141210 0.073923 0.586882
0.141099 0.073084 0.582931
0.138372 0.070438 0.586235
0.139748 0.073987 0.591075
0.141668 0.072275 0.588273
0.140548 0.074136 0.584222
0.139802 0.071648 0.584572
0.139468 0.071944 0.586984
0.144213 0.073376 0.587952
0.140764 0.071746 0.589872
0.144614 0.072937 0.589309
0.142085 0.073679 0.590930
0.142244 0.069637 0.589066
0.144616 0.071845 0.590570
0.141599 0.074141 0.591716
0.141561 0.072378 0.593873
0.139648 0.072615 0.592293
0.142699 0.070188 0.594552
0.143702 0.073026 0.592178
0.140226 0.070496 0.597073
0.141935 0.073362 0.594180
0.146782 0.072691 0.593475
0.143113 0.073927 0.595575
0.140438 0.078768 0.593723
0.141699 0.072353 0.597517
0.141753 0.071659 0.598632
0.144174 0.069685 0.596969
0.142697 0.071936 0.597257
0.139858 0.075501 0.596646
0.140354 0.070681 0.602490
0.143853 0.070917 0.603358
0.141777 0.072761 0.596755
0.143907 0.075731 0.601513
0.144438 0.072776 0.601284
0.140955 0.070052 0.603766
0.145867 0.072095 0.601602
0.143696 0.072925 0.603359
0.143008 0.073372 0.605092
0.140370 0.073668 0.605241
0.144116 0.070373 0.605300
0.139744 0.070997 0.604605
0.140063 0.071276 0.607815
0.142562 0.074017 0.605094
0.143612 0.072968 0.606530
0.141180 0.073252 0.608063
0.141694 0.073732 0.606824
0.140558 0.072318 0.608382
0.141415 0.070882 0.604646
0.140268 0.072485 0.604841
0.144679 0.073170 0.609544
0.141425 0.068878 0.609770
0.142068 0.071500 0.609738
0.141548 0.071162 0.611206
0.137035 0.073955 0.612311
0.139791 0.072827 0.611732
0.138862 0.075083 0.611705
0.139099 0.073555 0.611415
0.136364 0.073458 0.613757
0.137591 0.069848 0.610964
0.136934 0.071419 0.613469
0.139669 0.075556 0.612928
0.139043 0.074266 0.613891
0.140262 0.073372 0.613242
0.142086 0.072564 0.619107
0.141549 0.073719 0.621219
0.139129 0.074358 0.616885
0.137916 0.074992 0.617782
0.136049 0.072353 0.618239
0.136729 0.076922 0.614822
0.142249 0.072582 0.620485
0.137195 0.071809 0.616400
0.137334 0.075495 0.616090
0.136820 0.073843 0.620974
0.133301 0.072942 0.622844
0.134766 0.071184 0.621001
0.140100 0.074175 0.619097
0.141653 0.072503 0.619315
0.137958 0.073070 0.622393
0.136959 0.071190 0.625344
0.134103 0.072007 0.619876
0.136095 0.072669 0.622053
0.135702 0.071716 0.622147
0.138795 0.074064 0.621719
0.135489 0.072218 0.626902
0.135161 0.072238 0.623431
0.133177 0.070878 0.628307
0.136808 0.072762 0.623917
0.133878 0.076377 0.624283
0.136096 0.072784 0.628113
0.130762 0.069794 0.629127
0.133801 0.072364 0.625501
0.135765 0.073922 0.627748
0.132040 0.076524 0.627992
0.128089 0.073134 0.628098
0.130299 0.072857 0.628146
0.131134 0.070969 0.628827
0.131657 0.077380 0.630654
0.127559 0.070299 0.630235
0.130472 0.073857 0.628451
0.129338 0.074771 0.629024
0.130445 0.069369 0.630963
0.132773 0.069568 0.634276
0.131487 0.074534 0.632258
0.128852 0.074435 0.630164
0.129531 0.074277 0.630234
0.131259 0.073946 0.631434
0.125855 0.074142 0.631550
0.127569 0.073147 0.630855
0.125155 0.073991 0.634297
0.124923 0.070669 0.631750
0.126184 0.074472 0.635036
0.125556 0.072862 0.634689
0.123153 0.072644 0.634853
0.120539 0.070610 0.636702
0.123794 0.072262 0.635283
0.124142 0.072988 0.637418
0.122871 0.071739 0.633083
0.122627 0.069175 0.637620
0.123670 0.074357 0.638024
0.122859 0.073259 0.633742
0.121062 0.073596 0.637134
0.122420 0.079286 0.566189
0.123400 0.076112 0.562240
0.122480 0.074171 0.565063
0.121825 0.074797 0.561943
0.123597 0.081394 0.569284
0.124084 0.076112 0.563047
0.124139 0.077114 0.562135
0.125318 0.073361 0.566212
0.127638 0.074126 0.560695
0.122759 0.077639 0.565244
0.124148 0.077283 0.565855
0.128491 0.072275 0.567099
0.126948 0.078612 0.567127
0.128442 0.074004 0.568266
0.124579 0.074549 0.562761
0.128751 0.079542 0.564321
0.128504 0.076709 0.570001
0.127664 0.075515 0.567304
0.128969 0.074486 0.566276
0.132830 0.077385 0.572311
0.131789 0.077957 0.570040
0.129141 0.076979 0.572240
0.128357 0.074010 0.574100
0.132068 0.074261 0.573933
0.129889 0.077608 0.568702
0.130894 0.078031 0.570223
0.132048 0.077072 0.572753
0.133295 0.076153 0.571376
0.131956 0.075428 0.571610
0.129164 0.079005 0.573679
0.129206 0.076450 0.574813
0.130125 0.075002 0.569537
0.132464 0.075080 0.574658
0.135365 0.076339 0.571794
0.133282 0.074866 0.574244
0.136282 0.076080 0.573962
0.135767 0.076763 0.580023
0.134767 0.074231 0.571626
0.132990 0.073879 0.573856
0.132699 0.076028 0.576535
0.136505 0.077943 0.577252
0.136479 0.077090 0.572448
0.137617 0.074316 0.580965
0.135870 0.074294 0.578684
0.138033 0.076307 0.577643
0.131893 0.075228 0.576794
0.136967 0.076891 0.581206
0.139316 0.072286 0.580996
0.140022 0.079927 0.581978
0.137614 0.074721 0.580742
0.138002 0.076002 0.582603
0.139534 0.077110 0.584136
0.138451 0.075416 0.582444
0.141494 0.078311 0.581674
0.139136 0.076876 0.581099
0.136500 0.075991 0.581637
0.138082 0.080049 0.586283
0.137456 0.078457 0.585414
0.141608 0.075097 0.581728
0.139582 0.076137 0.583293
0.138959 0.077070 0.586472
0.138987 0.074652 0.588235
0.140114 0.074003 0.587988
0.141385 0.074445 0.586245
0.138778 0.076638 0.590458
0.142032 0.073308 0.588972
0.139740 0.072212 0.589162
0.140456 0.075270 0.589271
0.140562 0.077041 0.593329
0.141772 0.078318 0.584198
0.141907 0.075056 0.588522
0.145140 0.076871 0.588011
0.143821 0.077291 0.588617
0.140541 0.077507 0.591295
0.141230 0.075683 0.591501
0.141353 0.075882 0.597393
0.141673 0.075229 0.594567
0.141019 0.073240 0.591261
0.142625 0.078608 0.590486
0.141106 0.080474 0.596511
0.140994 0.075823 0.590455
0.145707 0.078001 0.598431
0.143882 0.078164 0.596442
0.140575 0.075839 0.596511
0.144599 0.076390 0.595781
0.141257 0.075002 0.600414
0.143797 0.073908 0.598896
0.143530 0.080366 0.598890
0.144566 0.075369 0.598127
0.141189 0.075049 0.598457
0.139925 0.074725 0.602577
0.143074 0.076841 0.598123
0.145194 0.075756 0.600621
0.142546 0.076744 0.602113
0.140291 0.078918 0.598890
0.141874 0.074633 0.603936
0.142445 0.078740 0.600591
0.142596 0.075699 0.604939
0.141131 0.078919 0.604095
0.140990 0.077170 0.607132
0.142990 0.075244 0.607402
0.142801 0.076349 0.606190
0.143817 0.074735 0.609208
0.143809 0.075240 0.608412
0.141048 0.075359 0.606547
0.141867 0.076524 0.609258
0.140625 0.073664 0.604897
0.145018 0.078113 0.609347
0.135587 0.077373 0.611754
0.141133 0.078239 0.607124
0.142909 0.079093 0.608607
0.139607 0.075979 0.612246
0.140587 0.075950 0.613159
0.143803 0.076796 0.609071
0.136478 0.076905 0.612961
0.139421 0.075845 0.612364
0.138940 0.075929 0.613512
0.143057 0.075665 0.617073
0.138112 0.075298 0.614209
0.142304 0.077084 0.613375
0.137291 0.076768 0.611867
0.137590 0.076853 0.615482
0.138496 0.077864 0.614402
0.135862 0.077261 0.615198
0.140032 0.078569 0.616276
0.140328 0.076038 0.615879
0.136242 0.075124 0.618816
0.135781 0.077548 0.619952
0.139854 0.076550 0.617242
0.138410 0.078811 0.621444
0.134071 0.077920 0.619004
0.139275 0.077447 0.618927
0.136606 0.074997 0.619800
0.134048 0.077178 0.618745
0.135136 0.077847 0.618634
0.133688 0.076063 0.625173
0.142275 0.076658 0.621183
0.135512 0.077671 0.621997
0.136100 0.073960 0.624889
0.135490 0.075700 0.620557
0.134432 0.075568 0.618590
0.133561 0.073601 0.622023
0.135505 0.080126 0.620068
0.135286 0.075846 0.626744
0.132183 0.077290 0.628265
0.131494 0.077926 0.624610
0.132918 0.075157 0.627465
0.135733 0.075484 0.624539
0.134580 0.075301 0.629438
0.134398 0.076520 0.629720
0.129955 0.079264 0.631942
0.134025 0.076675 0.628649
0.131250 0.079856 0.627673
0.134096 0.073901 0.629395
0.132380 0.077462 0.630132
0.132286 0.076722 0.629478
0.127840 0.079201 0.626287
0.128673 0.078887 0.629250
0.129663 0.075613 0.631070
0.130608 0.076854 0.630090
0.131383 0.071430 0.631010
0.127408 0.072762 0.629579
0.128608 0.077133 0.635145
0.124706 0.077075 0.634109
0.124391 0.078267 0.632407
0.128597 0.074545 0.634424
0.126692 0.075581 0.637460
0.125230 0.075769 0.632675
0.122610 0.078426 0.631889
0.124888 0.077044 0.630953
0.123386 0.071942 0.631050
0.126085 0.071664 0.639502
0.126844 0.077919 0.637306
0.123564 0.079172 0.631589
0.123103 0.075773 0.633554
0.122890 0.074953 0.634302
0.124294 0.074010 0.639498
0.119807 0.077835 0.633271
0.123784 0.078302 0.635897
0.118053 0.076706 0.636925
0.124967 0.079974 0.563044
0.121135 0.081500 0.560829
0.120198 0.083553 0.565501
0.120662 0.076712 0.566086
0.122342 0.077394 0.563425
0.123526 0.084573 0.563877
0.122275 0.077204 0.564057
0.123800 0.078425 0.566761
0.123449 0.075637 0.566460
0.123840 0.083049 0.563819
0.125858 0.082124 0.568408
0.128306 0.080242 0.569462
0.126678 0.082579 0.566092
0.127791 0.077770 0.563785
0.125556 0.080767 0.565239
0.127527 0.081786 0.566318
0.130746 0.083036 0.569786
0.128414 0.077683 0.567471
0.123570 0.083719 0.572935
0.127213 0.076467 0.565474
0.130829 0.078912 0.567989
0.128912 0.081206 0.571912
0.129842 0.083358 0.571772
0.129965 0.082843 0.568239
0.131121 0.080522 0.569386
0.132400 0.080656 0.569136
0.128736 0.080420 0.570035
0.129796 0.079032 0.573724
0.136803 0.079009 0.573967
0.134455 0.078805 0.567316
0.135539 0.080229 0.572915
0.132452 0.077488 0.573669
0.133238 0.080716 0.575161
0.130398 0.078873 0.571273
0.132129 0.079808 0.572991
0.133356 0.077359 0.573101
0.137030 0.082462 0.576591
0.135834 0.077438 0.576923
0.137262 0.077266 0.579002
0.137491 0.076212 0.578539
0.136412 0.076426 0.577085
0.138724 0.081624 0.580089
0.136948 0.080549 0.573891
0.138961 0.081934 0.577711
0.134476 0.080678 0.581961
0.136494 0.077682 0.578241
0.141093 0.077652 0.578618
0.136300 0.075827 0.581086
0.138910 0.077248 0.584299
0.138461 0.079925 0.581829
0.138262 0.083683 0.582603
0.141252 0.081226 0.580556
0.137684 0.074586 0.580273
0.143132 0.080940 0.582757
0.143003 0.078574 0.583066
0.139405 0.076020 0.584736
0.141628 0.076249 0.582674
0.137722 0.082094 0.587513
0.139146 0.077321 0.583614
0.141441 0.077751 0.590065
0.139283 0.078527 0.586553
0.138067 0.079360 0.586130
0.136839 0.080048 0.584919
0.140331 0.079914 0.586251
0.140003 0.081388 0.588085
0.140009 0.079309 0.588682
0.138725 0.082487 0.587322
0.142975 0.081640 0.586652
0.141372 0.081289 0.589742
0.143212 0.080219 0.591813
0.140123 0.077084 0.593617
0.141710 0.080022 0.591617
0.143569 0.077247 0.588647
0.139937 0.079838 0.590238
0.141344 0.080868 0.594233
0.142975 0.079708 0.594214
0.143312 0.080108 0.595590
0.142263 0.081941 0.597164
0.141736 0.079439 0.597161
0.141221 0.077228 0.593971
0.144072 0.079739 0.594218
0.138636 0.081457 0.594896
0.141114 0.076368 0.595475
0.145736 0.080755 0.597269
0.145204 0.076958 0.599319
0.145611 0.079269 0.597567
0.143011 0.079667 0.595436
0.144189 0.082224 0.600706
0.142125 0.077803 0.601062
0.140563 0.077470 0.602653
0.140585 0.078198 0.602673
0.144407 0.075987 0.601255
0.143843 0.081430 0.599357
0.143328 0.082544 0.601713
0.145795 0.081591 0.603893
0.142539 0.080585 0.602926
0.138743 0.079173 0.601011
0.139705 0.082433 0.606542
0.144719 0.078619 0.602552
0.145079 0.080109 0.603602
0.145941 0.083048 0.602053
0.142252 0.078869 0.605590
0.137217 0.074990 0.607439
0.142436 0.079253 0.608434
0.139910 0.076718 0.607597
0.141447 0.082200 0.606626
0.141688 0.079546 0.606686
0.141322 0.083928 0.609242
0.143146 0.079595 0.609065
0.141427 0.078702 0.613812
0.143267 0.082944 0.609217
0.142405 0.077067 0.605953
0.138664 0.082018 0.610701
0.138968 0.080022 0.611382
0.141488 0.078895 0.610819
0.139723 0.080392 0.611407
0.143487 0.082721 0.614567
0.141154 0.078755 0.615213
0.143480 0.081640 0.611740
0.139753 0.080642 0.615610
0.139696 0.077366 0.612711
0.138802 0.078875 0.616557
0.141075 0.079288 0.617339
0.140595 0.079890 0.619464
0.141897 0.080975 0.617108
0.139032 0.080420 0.617513
0.137929 0.081038 0.616454
0.138809 0.085448 0.615083
0.136072 0.078484 0.618902
0.137321 0.080116 0.619475
0.135729 0.079537 0.620336
0.137795 0.080181 0.616111
0.137469 0.078616 0.624532
0.138478 0.080988 0.621035
0.136745 0.081130 0.620594
0.135098 0.084276 0.621352
0.135285 0.078857 0.620435
0.136626 0.080851 0.619102
0.135422 0.079521 0.621894
0.133675 0.081405 0.626901
0.134404 0.079328 0.624547
0.137019 0.083016 0.623618
0.134654 0.081705 0.625155
0.136680 0.079940 0.625344
0.133564 0.080377 0.623512
0.133340 0.076139 0.626081
0.131432 0.080530 0.624977
0.131016 0.081798 0.627620
0.131126 0.079162 0.630022
0.131934 0.080764 0.624818
0.135527 0.081137 0.625708
0.132641 0.081200 0.631567
0.133851 0.082560 0.629818
0.132461 0.080435 0.630028
0.129702 0.076883 0.630379
0.129979 0.083361 0.630283
0.131845 0.074450 0.630521
0.131433 0.080894 0.628676
0.129685 0.078533 0.628283
0.130043 0.079851 0.632590
0.130190 0.083170 0.629670
0.127519 0.080103 0.632657
0.128162 0.079430 0.634392
0.128905 0.080762 0.632688
0.129323 0.078307 0.633307
0.123923 0.077718 0.633887
0.127965 0.079553 0.632732
0.129773 0.080518 0.634225
0.123293 0.081505 0.636340
0.128974 0.081392 0.630499
0.122792 0.076703 0.630758
0.125099 0.079243 0.633407
0.122980 0.078408 0.638942
0.123019 0.079457 0.635432
0.121408 0.077555 0.635604
0.123043 0.079601 0.634462
0.119498 0.077777 0.633332
0.125537 0.080360 0.635101
0.124572 0.082715 0.636887
0.120319 0.079560 0.639689
0.120112 0.081728 0.562142
0.119610 0.083046 0.559872
0.123414 0.084633 0.563564
0.122464 0.084269 0.568457
0.119867 0.084187 0.563323
0.121887 0.083520 0.563059
0.121354 0.082145 0.562535
0.125253 0.084840 0.566123
0.121714 0.083378 0.571815
0.125407 0.083016 0.565330
0.124767 0.084368 0.566996
0.128262 0.087753 0.565771
0.122316 0.081217 0.567813
0.126483 0.085617 0.567101
0.126602 0.082985 0.569043
0.128380 0.083267 0.567040
0.129663 0.080180 0.565814
0.127769 0.082138 0.568311
0.126887 0.083647 0.570135
0.125557 0.085821 0.571799
0.131724 0.080092 0.570368
0.131889 0.079740 0.570024
0.128140 0.080059 0.573226
0.130573 0.082018 0.572931
0.131881 0.083956 0.569650
0.128623 0.083417 0.570651
0.132478 0.081791 0.570783
0.128603 0.084274 0.572112
0.133145 0.084269 0.574309
0.134590 0.081662 0.572852
0.132378 0.083366 0.572742
0.133568 0.081364 0.569787
0.132903 0.085863 0.571470
0.131598 0.085850 0.575106
0.132620 0.082498 0.572286
0.136210 0.080293 0.573829
0.130448 0.081235 0.578197
0.130582 0.085404 0.576951
0.136858 0.081599 0.576596
0.135841 0.084145 0.575693
0.134350 0.083283 0.576504
0.133845 0.085458 0.575957
0.138658 0.080479 0.579433
0.136111 0.083745 0.576241
0.135615 0.084643 0.579860
0.135860 0.083960 0.578689
0.133461 0.082048 0.578032
0.136844 0.080282 0.581020
0.136026 0.082976 0.581342
0.141722 0.082066 0.579102
0.137674 0.086204 0.577646
0.136439 0.082448 0.577767
0.138282 0.080768 0.581314
0.139281 0.079684 0.581482
0.141547 0.080654 0.580998
0.137942 0.080375 0.583946
0.137498 0.081204 0.582332
0.138091 0.084114 0.585540
0.139697 0.083149 0.585997
0.142825 0.084913 0.584014
0.137273 0.081586 0.585483
0.140934 0.082680 0.584368
0.141130 0.081430 0.587122
0.139328 0.082977 0.586707
0.141557 0.084194 0.584233
0.139208 0.082880 0.584632
0.142921 0.082304 0.585789
0.138364 0.080185 0.588069
0.143017 0.084819 0.587314
0.140848 0.085345 0.588231
0.140524 0.085546 0.588558
0.139848 0.085379 0.590279
0.141223 0.081699 0.591080
0.140239 0.082903 0.589807
0.142746 0.080613 0.594915
0.140310 0.082139 0.591917
0.141479 0.082813 0.594116
0.141115 0.084170 0.590808
0.141399 0.079729 0.595429
0.143494 0.086867 0.591870
0.145560 0.081738 0.597354
0.143592 0.084610 0.594573
0.142454 0.080281 0.593139
0.144953 0.079013 0.595648
0.142024 0.080089 0.597068
0.139354 0.082432 0.598295
0.135738 0.082522 0.599757
0.141603 0.085583 0.596965
0.144094 0.081453 0.599598
0.138824 0.083933 0.599353
0.142572 0.082587 0.598379
0.139793 0.081832 0.599858
0.139879 0.084221 0.600562
0.144367 0.079942 0.602875
0.143228 0.084691 0.603530
0.143272 0.081843 0.602253
0.143398 0.081888 0.603132
0.141415 0.078645 0.603161
0.139748 0.080568 0.603820
0.144843 0.083154 0.603048
0.143800 0.080321 0.608077
0.143139 0.088225 0.605028
0.141599 0.081414 0.607414
0.140588 0.084461 0.607505
0.139357 0.083771 0.601064
0.146853 0.080251 0.604329
0.140103 0.083292 0.609667
0.145476 0.082586 0.607162
0.140624 0.078337 0.611468
0.145352 0.082604 0.609677
0.139582 0.079832 0.609296
0.141117 0.082649 0.612402
0.142504 0.081682 0.612069
0.143899 0.084815 0.612559
0.140404 0.080079 0.611580
0.140789 0.081606 0.613739
0.139690 0.082602 0.609644
0.141507 0.082221 0.614068
0.143957 0.082405 0.612462
0.141231 0.085904 0.615835
0.139711 0.085124 0.614068
0.137979 0.085176 0.618361
0.139958 0.082410 0.618827
0.135005 0.080661 0.618363
0.142176 0.083154 0.619161
0.137704 0.080228 0.612879
0.138732 0.082635 0.617862
0.137775 0.082827 0.614015
0.138891 0.082373 0.618514
0.138631 0.085658 0.615006
0.136964 0.080347 0.617096
0.136875 0.085583 0.623150
0.138507 0.081832 0.619991
0.140355 0.081899 0.622903
0.139423 0.082219 0.619602
0.134932 0.081139 0.622222
0.137784 0.081748 0.621734
0.135744 0.077855 0.625451
0.137241 0.082065 0.618938
0.134923 0.087890 0.625056
0.130590 0.079811 0.624644
0.133374 0.084888 0.625125
0.135583 0.083699 0.624018
0.134168 0.081793 0.622612
0.134814 0.080771 0.623894
0.133696 0.083498 0.626292
0.129971 0.079615 0.626486
0.133459 0.081899 0.628436
0.131750 0.080406 0.625252
0.132355 0.084467 0.625374
0.131293 0.084279 0.626208
0.134365 0.082965 0.628640
0.130302 0.080598 0.626826
0.130403 0.082268 0.624528
0.132042 0.081765 0.627038
0.131577 0.085228 0.630624
0.130654 0.083842 0.627416
0.129024 0.083908 0.630600
0.129787 0.082846 0.633871
0.129670 0.081319 0.633303
0.130461 0.078940 0.630723
0.130002 0.084480 0.634565
0.128539 0.079890 0.631674
0.129219 0.084191 0.632824
0.125017 0.081287 0.635980
0.129879 0.082602 0.632960
0.123063 0.079830 0.635592
0.124063 0.085610 0.634766
0.128186 0.083852 0.634028
0.125831 0.080229 0.632032
0.125849 0.080036 0.633330
0.123097 0.081383 0.634811
0.122057 0.082122 0.634928
0.122152 0.084194 0.636546
0.124569 0.078034 0.636874
0.125936 0.084607 0.633369
0.124991 0.083285 0.639455
0.122325 0.080750 0.636784
0.122330 0.082184 0.633693
0.118964 0.083160 0.640214
0.121304 0.086244 0.561899
0.121796 0.084689 0.560785
0.122838 0.086556 0.565037
0.120444 0.090488 0.567031
0.119645 0.087659 0.562863
0.121879 0.083081 0.564328
0.122532 0.089065 0.564148
0.120902 0.083411 0.562581
0.129690 0.086273 0.567198
0.125435 0.087922 0.563884
0.124082 0.085462 0.566735
0.123323 0.085619 0.568037
0.125056 0.082083 0.567192
0.122737 0.089294 0.566212
0.130239 0.087293 0.565615
0.128035 0.084799 0.566336
0.126549 0.085139 0.568033
0.130829 0.086445 0.570785
0.129954 0.085080 0.569218
0.129487 0.087567 0.568106
0.127007 0.085899 0.569946
0.128911 0.089169 0.571916
0.127892 0.087972 0.571273
0.129289 0.085574 0.571042
0.129909 0.087516 0.568751
0.128102 0.086107 0.572321
0.133560 0.086820 0.573796
0.129406 0.083015 0.572715
0.134070 0.083612 0.572500
0.134447 0.084952 0.571375
0.136123 0.083772 0.574719
0.129802 0.087131 0.571153
0.133211 0.086307 0.570364
0.134924 0.086330 0.575312
0.138264 0.087330 0.573003
0.134370 0.087578 0.576815
0.134460 0.081206 0.577099
0.132158 0.085463 0.577501
0.132683 0.087950 0.571164
0.134615 0.085352 0.577073
0.136977 0.086972 0.576647
0.134728 0.085162 0.577102
0.138294 0.090042 0.576923
0.137468 0.086687 0.578673
0.136797 0.088112 0.575961
0.136588 0.085688 0.577789
0.136242 0.084720 0.580186
0.134562 0.084281 0.581986
0.138768 0.083940 0.581919
0.134392 0.085305 0.584679
0.141417 0.084017 0.579051
0.138474 0.087662 0.579937
0.138324 0.087767 0.578770
0.133986 0.088994 0.581175
0.138490 0.085000 0.582847
0.136812 0.086085 0.584165
0.138377 0.084934 0.585138
0.139745 0.086983 0.582363
0.137922 0.088086 0.583782
0.141612 0.085823 0.587294
0.139499 0.084743 0.585157
0.141041 0.083850 0.584258
0.138876 0.087598 0.584318
0.138615 0.086577 0.586053
0.142598 0.087826 0.585951
0.140619 0.086361 0.585311
0.138523 0.085501 0.588871
0.142221 0.085457 0.591184
0.141716 0.088214 0.585888
0.144117 0.086900 0.590118
0.144345 0.086901 0.589998
0.140537 0.087932 0.588151
0.141973 0.089048 0.588627
0.141978 0.084143 0.585678
0.142519 0.085405 0.590304
0.143257 0.086597 0.592346
0.143742 0.085779 0.589053
0.145336 0.086320 0.593281
0.140746 0.086911 0.593316
0.141683 0.085900 0.597273
0.141121 0.087651 0.596391
0.142290 0.086089 0.597397
0.148234 0.087086 0.593696
0.144488 0.087659 0.597961
0.145394 0.089255 0.597243
0.140895 0.086289 0.598391
0.141985 0.087943 0.599416
0.141892 0.087205 0.601876
0.145463 0.086113 0.601708
0.142004 0.086867 0.597740
0.142772 0.084792 0.600456
0.143205 0.086687 0.603253
0.142169 0.085947 0.600664
0.140021 0.086355 0.605062
0.138721 0.084659 0.602000
0.143760 0.086306 0.605077
0.141086 0.088800 0.602720
0.146548 0.085619 0.601903
0.144107 0.086926 0.603486
0.139235 0.083789 0.601838
0.142065 0.086735 0.607252
0.138132 0.087488 0.608807
0.140094 0.085140 0.607227
0.141077 0.086715 0.608647
0.140145 0.085469 0.607392
0.139763 0.088606 0.608064
0.138461 0.087688 0.609044
0.141348 0.084222 0.608264
0.139804 0.087518 0.608808
0.140114 0.085447 0.609026
0.143726 0.084554 0.607894
0.142528 0.087897 0.610775
0.139277 0.088391 0.610124
0.137935 0.085764 0.614036
0.139717 0.083832 0.611908
0.142752 0.084990 0.615579
0.138256 0.082986 0.614073
0.137393 0.086039 0.612570
0.137328 0.082869 0.612794
0.139198 0.088295 0.617990
0.139147 0.085575 0.616558
0.138805 0.087909 0.616142
0.138303 0.090100 0.616602
0.139019 0.086051 0.617798
0.137967 0.087356 0.614522
0.136633 0.086398 0.615923
0.137791 0.080637 0.615208
0.137102 0.084546 0.619689
0.141120 0.083772 0.618889
0.138316 0.087377 0.618472
0.137816 0.084433 0.616778
0.136658 0.088696 0.622579
0.138051 0.085504 0.619061
0.135785 0.088564 0.617942
0.137209 0.091692 0.618072
0.134571 0.084595 0.623360
0.136061 0.085106 0.621971
0.138031 0.084828 0.619924
0.139254 0.085045 0.623970
0.137969 0.085403 0.624377
0.132194 0.082296 0.625185
0.135646 0.085541 0.622667
0.131899 0.083030 0.622606
0.133011 0.090046 0.625382
0.133867 0.088065 0.623674
0.133133 0.087633 0.625841
0.134526 0.087631 0.627722
0.134417 0.086394 0.626948
0.133919 0.089266 0.627191
0.130160 0.086460 0.626786
0.130136 0.084258 0.626308
0.134516 0.087747 0.627226
0.128904 0.089191 0.625887
0.132648 0.084634 0.631946
0.131394 0.086399 0.628402
0.132095 0.086864 0.630638
0.131817 0.087786 0.630248
0.131769 0.085565 0.632458
0.126364 0.083252 0.631683
0.128894 0.085433 0.627831
0.130747 0.087036 0.627781
0.126578 0.089684 0.634545
0.126829 0.083588 0.631201
0.130171 0.085079 0.627259
0.128565 0.084130 0.633477
0.128882 0.089599 0.632021
0.125160 0.083865 0.633015
0.127383 0.084282 0.639117
0.126522 0.085795 0.633594
0.124068 0.083862 0.635666
0.127981 0.085031 0.634347
0.122367 0.085386 0.632910
0.124672 0.086687 0.633677
0.123469 0.088004 0.637599
0.122722 0.085539 0.638086
0.122642 0.085783 0.636207
0.123477 0.082489 0.632628
0.121933 0.086602 0.633796
0.120119 0.088190 0.634559
0.121506 0.086961 0.633050
0.122190 0.088412 0.561374
0.118132 0.089484 0.562609
0.121601 0.089993 0.563109
0.123450 0.089851 0.564163
0.125050 0.085793 0.563082
0.122108 0.088689 0.564390
0.126321 0.092087 0.566238
0.123073 0.087341 0.564238
0.121503 0.091583 0.564170
0.125337 0.090206 0.566832
0.126638 0.089241 0.566861
0.124854 0.089421 0.566383
0.125880 0.088530 0.570774
0.126707 0.089141 0.565382
0.126260 0.090385 0.565152
0.128767 0.088544 0.565703
0.128242 0.088734 0.569003
0.127852 0.089727 0.565276
0.129247 0.090504 0.570455
0.128067 0.091518 0.570886
0.128426 0.091880 0.569154
0.132391 0.088769 0.568481
0.130341 0.086953 0.567304
0.128737 0.086479 0.570720
0.127491 0.088469 0.570777
0.128424 0.087661 0.570888
0.130628 0.094337 0.572802
0.131384 0.090211 0.571321
0.129507 0.090390 0.570618
0.132215 0.092045 0.570945
0.133632 0.088660 0.572772
0.133419 0.090241 0.572726
0.134409 0.088325 0.575100
0.129763 0.090193 0.572336
0.138115 0.089210 0.574486
0.134024 0.088016 0.573448
0.135047 0.083330 0.576683
0.134467 0.092692 0.574795
0.134730 0.090794 0.575290
0.133589 0.088388 0.576709
0.132874 0.087928 0.578901
0.133645 0.087527 0.579252
0.137293 0.089509 0.580136
0.134425 0.087402 0.575651
0.140507 0.089809 0.581282
0.136801 0.089537 0.580983
0.135388 0.090518 0.581959
0.135564 0.093226 0.577136
0.138186 0.090326 0.579388
0.138436 0.090281 0.580949
0.138742 0.088609 0.577429
0.141345 0.090349 0.580963
0.137587 0.087966 0.583512
0.137071 0.093761 0.582393
0.137878 0.089581 0.585574
0.141762 0.087802 0.583064
0.139736 0.092869 0.581195
0.140706 0.088782 0.583123
0.138706 0.088438 0.586519
0.141294 0.091258 0.585809
0.140832 0.087885 0.582563
0.138625 0.090362 0.580890
0.141203 0.092226 0.586737
0.138384 0.085409 0.587112
0.140808 0.090031 0.587748
0.140991 0.092199 0.584836
0.140546 0.091134 0.588943
0.138835 0.090882 0.586493
0.140677 0.087802 0.587338
0.141932 0.090515 0.589014
0.143686 0.089133 0.590126
0.141107 0.088272 0.591960
0.138188 0.090970 0.587266
0.143653 0.087255 0.593029
0.141336 0.086595 0.594197
0.140797 0.088444 0.598753
0.141487 0.086724 0.594373
0.141765 0.089517 0.592127
0.144256 0.089618 0.592492
0.140894 0.090441 0.591244
0.144197 0.088701 0.591929
0.142089 0.087743 0.592069
0.140559 0.092191 0.595168
0.139668 0.086696 0.593694
0.144077 0.091848 0.599590
0.141816 0.089999 0.598901
0.137682 0.088521 0.601673
0.139769 0.091510 0.597529
0.140482 0.091445 0.599809
0.138438 0.091458 0.597466
0.144162 0.088352 0.603627
0.144908 0.089201 0.599865
0.142317 0.090904 0.599355
0.141502 0.088770 0.604366
0.140144 0.089417 0.604169
0.142845 0.089553 0.603604
0.143261 0.090028 0.605026
0.141353 0.086582 0.602640
0.141954 0.087261 0.606536
0.140085 0.085867 0.602945
0.137063 0.088861 0.607506
0.142219 0.090489 0.603124
0.141618 0.087611 0.604229
0.142008 0.087398 0.606314
0.145160 0.089685 0.606946
0.143038 0.088659 0.607140
0.140210 0.094724 0.606592
0.141805 0.086182 0.609884
0.146135 0.092934 0.607699
0.139977 0.088947 0.610417
0.142578 0.090153 0.611446
0.141360 0.092284 0.612872
0.140854 0.090962 0.614547
0.139920 0.091596 0.612259
0.144164 0.092525 0.614410
0.143044 0.089784 0.613298
0.139480 0.087739 0.615344
0.139793 0.090435 0.612808
0.139564 0.089359 0.612011
0.140409 0.088741 0.614957
0.137595 0.085846 0.616436
0.140806 0.091320 0.613456
0.136392 0.090429 0.619578
0.140730 0.089257 0.615575
0.142287 0.090198 0.618563
0.137901 0.086640 0.617488
0.138020 0.089570 0.619503
0.139467 0.090653 0.618970
0.138558 0.090821 0.616400
0.139728 0.091365 0.618998
0.136541 0.091593 0.618446
0.137807 0.089593 0.622540
0.137859 0.085827 0.624135
0.139561 0.090976 0.622036
0.137699 0.088053 0.622826
0.134419 0.087139 0.619389
0.135767 0.091517 0.620140
0.137169 0.090967 0.621678
0.136677 0.094326 0.622334
0.136559 0.090465 0.621254
0.137036 0.091755 0.622867
0.138113 0.089815 0.624989
0.132005 0.086533 0.623362
0.134881 0.091029 0.624102
0.135135 0.086260 0.627245
0.134316 0.092879 0.628182
0.135475 0.087484 0.627348
0.133932 0.094836 0.627130
0.126481 0.088122 0.624417
0.136488 0.087803 0.626160
0.133186 0.089316 0.630907
0.134283 0.086786 0.627658
0.132208 0.089670 0.624999
0.132531 0.090569 0.627991
0.128843 0.092234 0.629699
0.127463 0.092518 0.630334
0.130997 0.088431 0.632274
0.130929 0.090711 0.630320
0.132261 0.090401 0.630367
0.128679 0.089364 0.631654
0.129259 0.090032 0.632248
0.126311 0.091995 0.632379
0.128958 0.091078 0.633740
0.126083 0.085009 0.632450
0.126320 0.087653 0.632727
0.127208 0.093153 0.634589
0.128294 0.088398 0.631419
0.124180 0.092745 0.627347
0.127437 0.091742 0.629042
0.125173 0.087063 0.635687
0.124033 0.089694 0.630318
0.121460 0.091677 0.636206
0.122386 0.092273 0.632952
0.121071 0.090399 0.636484
0.126866 0.089712 0.633718
0.121004 0.089374 0.638635
0.122636 0.086102 0.639287
0.124677 0.089189 0.637374
0.121328 0.092209 0.636951
0.121001 0.089589 0.635229
0.120946 0.095217 0.566191
0.120503 0.092620 0.564915
0.121714 0.095792 0.561154
0.124128 0.090869 0.565614
0.118387 0.095880 0.564495
0.121503 0.094274 0.564273
0.125335 0.093701 0.564215
0.124589 0.092039 0.568895
0.127072 0.089733 0.565686
0.124379 0.092660 0.565334
0.123204 0.093627 0.566888
0.124653 0.092979 0.566567
0.126015 0.090219 0.569070
0.130499 0.095962 0.566927
0.126549 0.094827 0.565513
0.124198 0.094827 0.565968
0.123082 0.091067 0.565544
0.132107 0.091884 0.566886
0.132890 0.089435 0.568503
0.129963 0.091890 0.569121
0.126150 0.092458 0.569596
0.126328 0.093849 0.569418
0.129885 0.091980 0.569892
0.126716 0.093722 0.571142
0.130814 0.092688 0.574207
0.131082 0.091750 0.570262
0.133402 0.094364 0.574314
0.132714 0.092335 0.571151
0.130889 0.093485 0.576094
0.130261 0.091861 0.573656
0.131058 0.091099 0.570827
0.133122 0.095744 0.575570
0.131535 0.093109 0.572290
0.130667 0.091454 0.576189
0.134907 0.087818 0.572745
0.137928 0.090263 0.571718
0.136327 0.090249 0.578238
0.134985 0.095193 0.577765
0.136961 0.090881 0.576521
0.136166 0.089663 0.574386
0.133015 0.092392 0.577686
0.134702 0.092424 0.575774
0.137474 0.089833 0.574167
0.133491 0.092508 0.578733
0.137486 0.095137 0.576378
0.139400 0.091457 0.578580
0.132932 0.090855 0.578547
0.136207 0.092592 0.582368
0.134398 0.091367 0.579641
0.137347 0.093542 0.578342
0.137905 0.091809 0.575610
0.138981 0.092698 0.582088
0.138021 0.096489 0.585296
0.134874 0.091403 0.583081
0.139774 0.091631 0.585866
0.139131 0.094710 0.583645
0.140971 0.097709 0.585672
0.135808 0.092726 0.584656
0.140492 0.091203 0.585364
0.142840 0.089789 0.587489
0.138703 0.092647 0.586373
0.137974 0.092952 0.586867
0.139606 0.097409 0.586290
0.140011 0.091016 0.584941
0.141403 0.091668 0.586301
0.141767 0.095349 0.583850
0.139620 0.090868 0.590315
0.141627 0.091361 0.581395
0.138549 0.095489 0.589834
0.142102 0.096843 0.591235
0.142722 0.089899 0.589718
0.140988 0.091142 0.588669
0.139694 0.095224 0.586019
0.139501 0.093597 0.590352
0.142745 0.091217 0.590244
0.143194 0.091502 0.594282
0.143227 0.093605 0.591354
0.139961 0.093717 0.591299
0.141604 0.094275 0.598382
0.146008 0.093304 0.594694
0.142835 0.092023 0.594654
0.142181 0.094175 0.592961
0.143508 0.096395 0.597906
0.141630 0.096280 0.597322
0.141537 0.090049 0.595292
0.139939 0.091121 0.600516
0.143355 0.090737 0.597492
0.142811 0.094564 0.594041
0.142998 0.089068 0.599090
0.141127 0.092291 0.599516
0.144289 0.091858 0.597591
0.139436 0.091243 0.601143
0.141325 0.094006 0.600234
0.140307 0.091298 0.601477
0.139398 0.096378 0.601897
0.139882 0.093545 0.601519
0.141772 0.089431 0.605220
0.140506 0.090368 0.604088
0.144322 0.096276 0.605873
0.142659 0.095935 0.603160
0.140229 0.088975 0.601708
0.141117 0.092473 0.605173
0.140596 0.093229 0.605409
0.143184 0.093614 0.605034
0.142844 0.090097 0.605110
0.138794 0.094260 0.609079
0.141089 0.092910 0.607450
0.144637 0.094968 0.609098
0.140334 0.093085 0.607710
0.141001 0.088037 0.606055
0.142688 0.095079 0.608163
0.140713 0.091878 0.610747
0.141779 0.093068 0.611966
0.144030 0.094000 0.613381
0.140302 0.091541 0.611556
0.140353 0.094219 0.612473
0.144466 0.094469 0.610826
0.139830 0.088516 0.611372
0.143021 0.092030 0.612685
0.139294 0.091950 0.613728
0.141555 0.089660 0.614645
0.140837 0.094437 0.613669
0.139978 0.091669 0.617508
0.140888 0.093633 0.619302
0.141204 0.092931 0.617180
0.137858 0.094448 0.617623
0.141501 0.095374 0.614584
0.141113 0.089904 0.617932
0.140237 0.092536 0.616421
0.139346 0.093399 0.618647
0.136946 0.095412 0.619209
0.136603 0.092623 0.621737
0.136989 0.093450 0.621840
0.138631 0.088829 0.623095
0.136497 0.094491 0.621372
0.138371 0.090521 0.620359
0.134097 0.091811 0.622505
0.138750 0.094643 0.623388
0.139107 0.090335 0.619412
0.135173 0.095077 0.623479
0.134972 0.092021 0.622975
0.132310 0.092325 0.625527
0.138280 0.095547 0.621240
0.136411 0.093860 0.626555
0.133419 0.094272 0.625820
0.134069 0.089772 0.624940
0.131050 0.092413 0.627225
0.133824 0.092767 0.626076
0.133055 0.092916 0.626134
0.130497 0.094505 0.624007
0.133857 0.088393 0.630472
0.131003 0.093213 0.627945
0.126287 0.097242 0.626000
0.129400 0.094847 0.629611
0.130769 0.091415 0.628089
0.129389 0.091643 0.627016
0.131537 0.093297 0.631680
0.125988 0.092313 0.628269
0.128410 0.091979 0.630678
0.126504 0.095438 0.626327
0.129131 0.096281 0.630849
0.128396 0.090885 0.628620
0.128029 0.092534 0.631237
0.128358 0.087348 0.631224
0.129960 0.091141 0.633775
0.124825 0.092892 0.632182
0.124444 0.094690 0.633513
0.126254 0.094724 0.632976
0.126264 0.095409 0.632757
0.122934 0.090854 0.631768
0.128387 0.092496 0.636336
0.125634 0.092958 0.635590
0.122845 0.093032 0.635501
0.125156 0.093657 0.632194
0.123302 0.092122 0.632620
0.122746 0.093706 0.637412
0.119764 0.092146 0.635256
0.121312 0.091686 0.636545
0.122925 0.093290 0.635114
0.120916 0.095112 0.638976
0.120426 0.097249 0.561272
0.119131 0.095800 0.564555
0.124925 0.093781 0.567304
0.116897 0.096041 0.562332
0.119623 0.095633 0.564355
0.125656 0.094712 0.566832
0.122008 0.095702 0.564177
0.124172 0.093795 0.567538
0.121268 0.094424 0.565153
0.126583 0.097728 0.568094
0.122716 0.091805 0.564538
0.125609 0.096111 0.569162
0.126106 0.093650 0.566127
0.124722 0.097091 0.565404
0.126832 0.098736 0.567299
0.129565 0.096318 0.568248
0.128116 0.097252 0.568341
0.127998 0.094612 0.566571
0.129485 0.097643 0.565937
0.130139 0.098153 0.566474
0.126463 0.095845 0.570988
0.132010 0.096080 0.569543
0.129624 0.092946 0.567387
0.130989 0.099577 0.571231
0.130954 0.096505 0.572458
0.132907 0.101295 0.569526
0.128795 0.096260 0.574341
0.128208 0.097461 0.571916
0.133836 0.095670 0.573706
0.132687 0.095976 0.572107
0.131961 0.098540 0.569323
0.131018 0.094508 0.573284
0.134528 0.096800 0.572272
0.132511 0.099394 0.578147
0.135426 0.095411 0.575239
0.138345 0.094139 0.574201
0.134979 0.093493 0.576701
0.132929 0.094156 0.575082
0.136815 0.093763 0.577334
0.135358 0.095215 0.573774
0.135700 0.095448 0.576010
0.138872 0.094504 0.578233
0.134772 0.093247 0.572933
0.135984 0.095896 0.581130
0.138699 0.093365 0.576663
0.136200 0.097020 0.579032
0.139171 0.095487 0.580186
0.135898 0.096856 0.579664
0.139594 0.098008 0.576481
0.141438 0.096449 0.579192
0.137783 0.098362 0.575973
0.140718 0.094998 0.579922
0.139404 0.096386 0.581324
0.136789 0.096201 0.585059
0.138601 0.094240 0.580446
0.141338 0.098248 0.582514
0.137782 0.098355 0.581209
0.139076 0.095509 0.583480
0.140362 0.097571 0.583794
0.143425 0.097469 0.589028
0.138588 0.097118 0.585277
0.136781 0.095418 0.586092
0.142579 0.094741 0.586400
0.138040 0.096962 0.589242
0.139332 0.097079 0.587396
0.142974 0.097147 0.588144
0.141697 0.096079 0.590319
0.137797 0.097152 0.592091
0.146175 0.092172 0.590148
0.141361 0.095688 0.588886
0.139462 0.098778 0.591365
0.142216 0.097372 0.591934
0.143044 0.095905 0.591894
0.141037 0.096083 0.591577
0.138947 0.094965 0.591126
0.142474 0.098587 0.594992
0.143278 0.098689 0.597648
0.141207 0.100378 0.599581
0.143339 0.099324 0.596149
0.141281 0.094218 0.594502
0.138607 0.094407 0.593545
0.145939 0.096642 0.595016
0.144129 0.096723 0.592478
0.139519 0.094046 0.596320
0.143120 0.095326 0.596912
0.140987 0.097617 0.597405
0.141651 0.093919 0.597897
0.144754 0.094480 0.597373
0.141149 0.094997 0.600094
0.140118 0.093753 0.597940
0.144233 0.096717 0.600873
0.141783 0.094918 0.600814
0.140116 0.098581 0.598614
0.142293 0.099721 0.606550
0.143781 0.097667 0.600697
0.140455 0.100984 0.601100
0.142337 0.096508 0.603706
0.142583 0.096989 0.601849
0.141500 0.096249 0.602989
0.141845 0.096977 0.602334
0.140400 0.099376 0.606526
0.144394 0.097141 0.606969
0.141669 0.095802 0.606204
0.145037 0.093274 0.606104
0.141928 0.096343 0.607688
0.143734 0.097431 0.604718
0.141462 0.094882 0.609259
0.141768 0.092959 0.608135
0.140105 0.100581 0.612045
0.139410 0.095503 0.609952
0.140574 0.099545 0.608732
0.138577 0.093805 0.611297
0.141505 0.097927 0.611712
0.143094 0.099399 0.615456
0.141863 0.096096 0.611052
0.138119 0.096969 0.613320
0.139188 0.096615 0.611503
0.145049 0.096253 0.616562
0.143415 0.097103 0.614351
0.138679 0.097574 0.613390
0.137820 0.095062 0.615364
0.140274 0.097205 0.617603
0.132497 0.096681 0.618384
0.138379 0.094441 0.615396
0.138519 0.095573 0.616245
0.137954 0.097803 0.620894
0.138174 0.096385 0.621786
0.139712 0.096258 0.618607
0.139869 0.099384 0.618943
0.137007 0.096168 0.618247
0.141126 0.098896 0.620935
0.136439 0.093924 0.624065
0.133561 0.099956 0.619706
0.139729 0.094861 0.618082
0.136140 0.093556 0.622236
0.139529 0.096653 0.620976
0.138529 0.095452 0.621327
0.134057 0.094062 0.617503
0.136938 0.097147 0.622610
0.134963 0.095308 0.623729
0.133254 0.096577 0.622926
0.135485 0.098142 0.625365
0.132110 0.098171 0.622667
0.134627 0.094348 0.626197
0.133511 0.098828 0.622453
0.134764 0.099457 0.623490
0.134497 0.097659 0.628239
0.130106 0.097233 0.624394
0.135393 0.091900 0.627732
0.132556 0.096828 0.628281
0.136081 0.096818 0.626824
0.132102 0.095735 0.628502
0.130494 0.094997 0.628316
0.127369 0.099425 0.627481
0.129569 0.096792 0.630031
0.132518 0.098555 0.631500
0.129702 0.097118 0.630904
0.129081 0.097614 0.632984
0.128044 0.099192 0.631257
0.128456 0.097586 0.634443
0.128203 0.098252 0.630402
0.127516 0.096035 0.632614
0.126958 0.099603 0.632516
0.125730 0.097384 0.631428
0.127165 0.097538 0.633617
0.121953 0.093721 0.633457
0.124573 0.097425 0.628743
0.125854 0.097037 0.632996
0.123892 0.098164 0.634522
0.127657 0.098028 0.636059
0.125428 0.096958 0.634037
0.124543 0.096233 0.633713
0.122555 0.100446 0.636793
0.123589 0.094357 0.638109
0.123837 0.097028 0.636352
0.122056 0.096415 0.629981
0.121835 0.093527 0.636981
0.118632 0.094352 0.633646
0.121346 0.094768 0.635559
0.121405 0.096466 0.638115
0.120761 0.102167 0.563874
0.122098 0.098241 0.558785
0.121421 0.098936 0.564167
0.122289 0.097953 0.564426
0.124975 0.099641 0.568945
0.121525 0.096234 0.561685
0.123777 0.097104 0.562726
0.123529 0.101020 0.568008
0.125399 0.100159 0.565462
0.126720 0.098420 0.566229
0.127222 0.100278 0.565715
0.126504 0.096915 0.567595
0.128260 0.100157 0.563521
0.129805 0.097448 0.567685
0.125341 0.098701 0.570001
0.126961 0.099466 0.568082
0.129915 0.098472 0.565588
0.128847 0.099377 0.566484
0.131205 0.099220 0.573181
0.128865 0.100562 0.572387
0.130193 0.097688 0.570374
0.130686 0.101847 0.570061
0.129313 0.097695 0.571438
0.126428 0.096130 0.567636
0.131050 0.097266 0.569564
0.133301 0.100203 0.572797
0.131197 0.097480 0.572046
0.132011 0.098716 0.571979
0.134246 0.099571 0.570793
0.129781 0.099763 0.569683
0.134768 0.101306 0.575005
0.132916 0.095515 0.567653
0.132112 0.098859 0.573075
0.133784 0.096791 0.572702
0.132978 0.098546 0.575067
0.132526 0.099491 0.572190
0.131704 0.099815 0.575686
0.132809 0.100005 0.577979
0.136584 0.098990 0.574969
0.136196 0.100827 0.578852
0.134259 0.100210 0.575448
0.136414 0.102662 0.576905
0.138026 0.100641 0.575408
0.136768 0.097680 0.579265
0.138325 0.103713 0.578869
0.131981 0.099705 0.581985
0.135341 0.100412 0.579161
0.137175 0.100517 0.575565
0.134097 0.096665 0.577199
0.134871 0.101862 0.582102
0.138935 0.099675 0.583259
0.137059 0.099975 0.582165
0.139225 0.099303 0.584068
0.140199 0.101166 0.580097
0.138648 0.096684 0.583409
0.137012 0.102649 0.583585
0.143193 0.103068 0.585125
0.139811 0.098272 0.583151
0.136323 0.098271 0.587608
0.142195 0.099200 0.587037
0.142695 0.095508 0.584872
0.141884 0.099067 0.585441
0.137465 0.099682 0.585208
0.135349 0.103512 0.589259
0.138688 0.095440 0.586626
0.140528 0.099944 0.588932
0.140658 0.098658 0.588946
0.137115 0.098005 0.591901
0.139397 0.102909 0.589394
0.141002 0.097072 0.587776
0.140209 0.098527 0.588992
0.140355 0.101566 0.592006
0.141109 0.102861 0.591492
0.144189 0.099027 0.592197
0.141790 0.098922 0.590561
0.144157 0.101250 0.595093
0.146187 0.099401 0.594394
0.143755 0.099920 0.591514
0.139882 0.095704 0.593450
0.142450 0.100417 0.595376
0.143555 0.096561 0.594045
0.145651 0.099594 0.596031
0.140906 0.098806 0.596385
0.145325 0.101726 0.596316
0.140419 0.099564 0.597910
0.140080 0.100961 0.598533
0.144469 0.101528 0.598632
0.141611 0.099500 0.597051
0.144463 0.100926 0.594369
0.140795 0.101521 0.597649
0.143303 0.100738 0.598750
0.140733 0.097072 0.597607
0.143641 0.101304 0.602753
0.143453 0.097387 0.602936
0.137122 0.098919 0.600261
0.144639 0.102176 0.601638
0.141181 0.101134 0.604013
0.139191 0.099234 0.604110
0.139258 0.102443 0.601361
0.143309 0.098209 0.606884
0.143964 0.099105 0.602356
0.143065 0.102135 0.606505
0.140015 0.098100 0.608809
0.143760 0.098752 0.606153
0.140762 0.099729 0.608682
0.143422 0.098724 0.605408
0.142575 0.097339 0.607633
0.140484 0.101002 0.607465
0.142679 0.093585 0.606791
0.136364 0.100567 0.609424
0.140609 0.103059 0.610481
0.138872 0.099145 0.609723
0.139007 0.098922 0.609910
0.140441 0.098074 0.610064
0.141941 0.099608 0.612969
0.138362 0.098076 0.613532
0.142108 0.100187 0.610296
0.136150 0.101737 0.614689
0.139849 0.100004 0.613776
0.139538 0.100517 0.616906
0.140101 0.102641 0.612286
0.140237 0.098493 0.616136
0.141122 0.098619 0.613234
0.138574 0.099995 0.614098
0.141163 0.099983 0.619817
0.141602 0.097899 0.619575
0.135559 0.102420 0.615581
0.136212 0.099311 0.617334
0.134584 0.100097 0.619382
0.136503 0.101851 0.618638
0.138158 0.099452 0.617230
0.139679 0.097975 0.621794
0.137824 0.103222 0.621338
0.137033 0.099143 0.616163
0.138152 0.100965 0.619692
0.137427 0.096499 0.620753
0.134238 0.100280 0.623502
0.135551 0.101727 0.624033
0.133315 0.099783 0.621502
0.142172 0.099670 0.621518
0.132052 0.101880 0.624523
0.137091 0.098282 0.623668
0.133654 0.099421 0.622676
0.134101 0.099102 0.625641
0.132298 0.099121 0.625858
0.129644 0.099462 0.626191
0.134792 0.101032 0.629489
0.135458 0.096884 0.626308
0.135030 0.102038 0.628094
0.130773 0.099417 0.625019
0.132206 0.100384 0.627112
0.134894 0.101684 0.628938
0.134943 0.101622 0.628814
0.128684 0.095025 0.629916
0.129927 0.097348 0.630509
0.129521 0.101924 0.630247
0.128596 0.101461 0.626164
0.127183 0.100538 0.628168
0.129053 0.100056 0.629974
0.130562 0.099753 0.634953
0.126810 0.101258 0.630988
0.129756 0.097112 0.631366
0.129087 0.099001 0.629989
0.127110 0.102091 0.629522
0.125429 0.100391 0.631633
0.129977 0.101919 0.634336
0.127697 0.101194 0.638041
0.127637 0.099283 0.637255
0.127667 0.096194 0.630532
0.124918 0.099948 0.634007
0.125678 0.097901 0.634296
0.125200 0.097432 0.634764
0.121546 0.099086 0.636908
0.125657 0.100553 0.635969
0.124411 0.098420 0.635937
0.121302 0.098386 0.633766
0.121516 0.099350 0.635011
0.123191 0.100021 0.635623
0.122100 0.099283 0.634850
0.122124 0.098635 0.638127
0.123389 0.102054 0.562732
0.119153 0.105514 0.562752
0.123347 0.102372 0.567187
0.122349 0.101027 0.565727
0.119225 0.104967 0.567281
0.124983 0.102797 0.564279
0.121604 0.101424 0.565143
0.125234 0.104914 0.568395
0.121467 0.101792 0.566875
0.127086 0.105491 0.565359
0.127065 0.102600 0.562305
0.126126 0.104416 0.565842
0.128085 0.101007 0.565282
0.126471 0.106533 0.566439
0.125998 0.103719 0.567399
0.127604 0.105244 0.568665
0.128619 0.100447 0.565863
0.128947 0.105109 0.565759
0.132900 0.104773 0.570210
0.128089 0.105130 0.570268
0.126082 0.103149 0.570852
0.126499 0.102529 0.565415
0.126970 0.102306 0.569880
0.127990 0.101318 0.567513
0.132281 0.103715 0.573679
0.131862 0.100938 0.570698
0.130639 0.102889 0.569646
0.128829 0.103861 0.573410
0.130067 0.104549 0.575643
0.136204 0.102602 0.573188
0.134386 0.102651 0.571326
0.132589 0.103807 0.572697
0.132349 0.103262 0.571605
0.131595 0.102098 0.574638
0.133888 0.101987 0.572945
0.135536 0.102379 0.577606
0.136729 0.103654 0.574709
0.132645 0.097668 0.573904
0.137496 0.102854 0.578174
0.137146 0.101697 0.579020
0.131619 0.103945 0.573923
0.136907 0.102041 0.578302
0.135256 0.105389 0.579822
0.137600 0.104782 0.581174
0.135497 0.104760 0.575230
0.134887 0.101289 0.576701
0.133835 0.104594 0.577706
0.136060 0.100408 0.577832
0.136525 0.108031 0.576888
0.140227 0.100425 0.580346
0.138539 0.102533 0.582992
0.138638 0.102762 0.577903
0.140418 0.103451 0.580326
0.136400 0.101590 0.579256
0.139188 0.106640 0.580776
0.140246 0.101559 0.583814
0.141954 0.103383 0.581633
0.137282 0.105142 0.583637
0.141285 0.103111 0.583328
0.139615 0.103563 0.582333
0.139887 0.100594 0.587084
0.136543 0.101132 0.586429
0.138713 0.104762 0.587674
0.142277 0.107873 0.586552
0.141640 0.104003 0.584626
0.141545 0.101497 0.589693
0.138231 0.102146 0.590890
0.138544 0.102290 0.586568
0.142934 0.102781 0.588276
0.143674 0.102175 0.592023
0.143432 0.101318 0.587837
0.142063 0.104292 0.592381
0.136928 0.100936 0.591959
0.142229 0.105085 0.588559
0.146421 0.101286 0.599849
0.141661 0.103275 0.594428
0.139671 0.103442 0.594458
0.142561 0.098690 0.592867
0.140563 0.102611 0.594367
0.142322 0.103183 0.597141
0.142267 0.100224 0.591950
0.143590 0.100970 0.595854
0.141066 0.103854 0.598010
0.143301 0.102163 0.597515
0.144728 0.104655 0.595959
0.142916 0.102248 0.593974
0.140019 0.104694 0.595042
0.141537 0.102771 0.599268
0.145500 0.103553 0.596348
0.139270 0.101517 0.596984
0.145677 0.098322 0.603455
0.145316 0.100489 0.605172
0.142333 0.103566 0.600683
0.140392 0.105741 0.601555
0.141544 0.102007 0.601235
0.142599 0.103049 0.600675
0.144985 0.102966 0.600775
0.142953 0.102840 0.601743
0.142264 0.102051 0.604258
0.137493 0.103924 0.605879
0.140047 0.101722 0.604264
0.146557 0.100389 0.609041
0.141410 0.102966 0.608272
0.142243 0.102247 0.605821
0.144089 0.103056 0.604926
0.140785 0.102516 0.605429
0.143045 0.101645 0.610904
0.142086 0.103978 0.609229
0.140354 0.104323 0.610707
0.145848 0.105960 0.608365
0.139599 0.097128 0.610094
0.144864 0.101497 0.610756
0.140599 0.105765 0.610048
0.140976 0.103586 0.611286
0.141124 0.102363 0.613715
0.141098 0.098041 0.612714
0.143562 0.105156 0.610344
0.141681 0.106273 0.608579
0.137631 0.104331 0.617477
0.141125 0.105947 0.615649
0.139987 0.099980 0.615050
0.141114 0.102198 0.615028
0.138373 0.101812 0.614541
0.138747 0.098951 0.616419
0.141739 0.101680 0.613584
0.140259 0.105817 0.613012
0.138738 0.102507 0.618900
0.138248 0.103811 0.618685
0.135519 0.104015 0.616260
0.139578 0.103503 0.614752
0.135229 0.103884 0.620063
0.135968 0.102115 0.620666
0.138028 0.100652 0.620486
0.138475 0.102182 0.618867
0.136773 0.098933 0.622135
0.134109 0.104310 0.620645
0.132001 0.102073 0.622590
0.135299 0.100630 0.622610
0.133264 0.104474 0.622998
0.137291 0.102355 0.624590
0.136817 0.104329 0.622746
0.137262 0.105994 0.626397
0.135935 0.104185 0.627394
0.135782 0.101177 0.623003
0.135795 0.103773 0.628570
0.133289 0.103231 0.625290
0.133415 0.103064 0.626901
0.129763 0.102159 0.623377
0.133680 0.103703 0.623476
0.136955 0.104948 0.632168
0.134973 0.101336 0.627493
0.135048 0.099182 0.627830
0.130873 0.105193 0.629742
0.128984 0.103277 0.630647
0.129882 0.103257 0.627766
0.130854 0.103054 0.628854
0.131613 0.102770 0.630344
0.131920 0.098938 0.629735
0.132790 0.100881 0.630834
0.127309 0.104554 0.632560
0.128244 0.105334 0.631032
0.131939 0.101141 0.631331
0.124117 0.103535 0.629437
0.124313 0.104637 0.633378
0.128768 0.099930 0.632044
0.127958 0.104289 0.631294
0.125778 0.103281 0.632507
0.126082 0.106612 0.631903
0.121118 0.105583 0.631781
0.124354 0.101675 0.633185
0.125839 0.100194 0.638960
0.123348 0.102714 0.636079
0.125421 0.099415 0.637715
0.121958 0.104477 0.636316
0.122828 0.102884 0.635361
0.124308 0.103970 0.637888
0.117766 0.104355 0.635502
0.123446 0.100778 0.636386
0.119672 0.103539 0.633597
0.121297 0.102477 0.637066
0.122879 0.107906 0.565496
0.121530 0.106265 0.563318
0.121964 0.101582 0.562562
0.122218 0.103912 0.564051
0.123163 0.106503 0.562378
0.125231 0.102442 0.567111
0.120107 0.105737 0.566372
0.126816 0.105546 0.571069
0.124629 0.106756 0.564008
0.124604 0.105362 0.567216
0.124968 0.106518 0.562760
0.128024 0.110504 0.564162
0.127488 0.107322 0.563607
0.125980 0.106661 0.569879
0.128476 0.102888 0.568874
0.125851 0.106897 0.571889
0.128473 0.108334 0.567430
0.126967 0.104329 0.564554
0.126831 0.110763 0.569911
0.130579 0.106674 0.570198
0.127669 0.109242 0.568362
0.130639 0.105399 0.570853
0.130780 0.107804 0.569126
0.130054 0.105787 0.569924
0.129602 0.106589 0.571106
0.133363 0.108760 0.570866
0.133089 0.104891 0.569467
0.131828 0.111262 0.575327
0.130416 0.109090 0.569496
0.133356 0.107145 0.574258
0.133529 0.109095 0.571295
0.132407 0.106356 0.575308
0.131320 0.105001 0.576094
0.131494 0.104671 0.569975
0.134866 0.107682 0.573938
0.133005 0.110999 0.574311
0.132737 0.104970 0.576810
0.130527 0.104605 0.573563
0.136176 0.102488 0.574815
0.136478 0.109760 0.578500
0.133515 0.105881 0.577750
0.133983 0.102361 0.576305
0.137215 0.106876 0.577154
0.138122 0.110864 0.576657
0.131596 0.104897 0.579231
0.138464 0.107479 0.579726
0.135682 0.108896 0.583097
0.137093 0.105582 0.577025
0.137758 0.105361 0.578411
0.135374 0.106189 0.582858
0.138983 0.107851 0.583129
0.136328 0.108569 0.583432
0.138097 0.109137 0.582525
0.136048 0.106810 0.581734
0.139729 0.105973 0.586416
0.139040 0.106690 0.582418
0.139113 0.105128 0.585909
0.139781 0.103600 0.582609
0.140986 0.107015 0.583913
0.139310 0.103775 0.582123
0.140043 0.106377 0.586057
0.140366 0.103535 0.582947
0.142624 0.102954 0.583358
0.144782 0.107129 0.586238
0.140496 0.108330 0.589085
0.138813 0.107181 0.588246
0.138117 0.103054 0.591662
0.142205 0.106830 0.587205
0.143897 0.104671 0.588523
0.140896 0.107646 0.594452
0.139227 0.103373 0.591888
0.141981 0.105575 0.590727
0.140534 0.108817 0.590642
0.142303 0.106176 0.591753
0.141821 0.107499 0.594459
0.145781 0.108225 0.592462
0.144594 0.108343 0.592092
0.141624 0.106846 0.591130
0.142004 0.107620 0.593489
0.145237 0.107989 0.594108
0.144581 0.104968 0.596435
0.142224 0.109912 0.595551
0.142889 0.103830 0.595601
0.138963 0.105778 0.595590
0.141971 0.104426 0.596155
0.145647 0.108652 0.598562
0.141567 0.111147 0.598266
0.145406 0.107632 0.597384
0.140774 0.103526 0.599031
0.143677 0.110308 0.598106
0.141205 0.102684 0.596847
0.142342 0.107322 0.605238
0.141186 0.106458 0.600970
0.140150 0.105781 0.602211
0.141416 0.105622 0.606211
0.140748 0.108800 0.601816
0.140070 0.107701 0.599929
0.141323 0.108984 0.603489
0.142877 0.106166 0.605512
0.141687 0.103439 0.608489
0.143846 0.106323 0.606412
0.141826 0.104848 0.603401
0.139984 0.105040 0.606761
0.139530 0.109642 0.606253
0.142761 0.105689 0.608300
0.144467 0.106817 0.607901
0.140446 0.105053 0.608178
0.141021 0.110530 0.608435
0.145414 0.109451 0.609742
0.140333 0.106396 0.608446
0.139789 0.103400 0.606918
0.143372 0.106952 0.609381
0.140001 0.103679 0.610800
0.138594 0.107164 0.612682
0.141915 0.106136 0.613170
0.139663 0.105882 0.612648
0.139394 0.106542 0.613442
0.142826 0.106450 0.614445
0.136833 0.105791 0.613032
0.142773 0.106212 0.613847
0.141144 0.107854 0.614535
0.139029 0.104559 0.616347
0.139242 0.105624 0.615811
0.141096 0.110746 0.616471
0.142109 0.105501 0.616071
0.137471 0.105153 0.616305
0.138450 0.105760 0.618299
0.139846 0.103998 0.619433
0.141392 0.108184 0.617735
0.135003 0.106167 0.619047
0.139344 0.105786 0.620088
0.133448 0.105988 0.622584
0.138522 0.108746 0.618745
0.138627 0.105654 0.621133
0.137646 0.101993 0.623243
0.138268 0.105728 0.619317
0.138028 0.103134 0.619202
0.134651 0.109115 0.621414
0.136786 0.110410 0.623206
0.134238 0.107826 0.621311
0.138018 0.103030 0.622347
0.138150 0.107653 0.622099
0.134050 0.107246 0.621313
0.137496 0.109035 0.619377
0.130829 0.109639 0.624018
0.134066 0.108595 0.624432
0.132758 0.107531 0.624897
0.137096 0.108358 0.626704
0.131528 0.104381 0.629271
0.131863 0.107019 0.627776
0.131875 0.105488 0.625517
0.129467 0.106526 0.628161
0.127642 0.106740 0.628212
0.133472 0.106670 0.631251
0.130795 0.106357 0.623107
0.126743 0.106958 0.629915
0.132336 0.107691 0.630707
0.126480 0.104093 0.631076
0.129642 0.108711 0.633921
0.128625 0.108796 0.627615
0.129102 0.103574 0.630506
0.126876 0.108003 0.634764
0.129036 0.104478 0.629949
0.129412 0.104939 0.631304
0.124461 0.107599 0.630177
0.125995 0.108240 0.634018
0.128812 0.107363 0.634633
0.126549 0.101714 0.629603
0.127690 0.106256 0.635024
0.123739 0.103288 0.638466
0.126649 0.105845 0.631128
0.126538 0.108217 0.634141
0.126233 0.104980 0.639855
0.124971 0.102568 0.634347
0.127215 0.107362 0.635348
0.124447 0.105012 0.637570
0.123826 0.104209 0.632751
0.122357 0.106286 0.632732
0.123738 0.107524 0.635739
0.121302 0.104402 0.639419
0.123725 0.111279 0.563604
0.122953 0.105390 0.563014
0.122012 0.109981 0.560656
0.119754 0.107203 0.564228
0.122257 0.110161 0.564038
0.121294 0.106646 0.565891
0.123391 0.109327 0.565901
0.120222 0.109497 0.566746
0.125104 0.105148 0.565733
0.120857 0.109495 0.565712
0.128113 0.115117 0.564120
0.126030 0.110356 0.568306
0.124582 0.109220 0.567480
0.127312 0.110114 0.565625
0.128318 0.108164 0.570691
0.128401 0.107400 0.566649
0.124565 0.110545 0.570378
0.129154 0.111781 0.564666
0.128988 0.109547 0.567952
0.131938 0.111966 0.566339
0.129181 0.109885 0.565771
0.130382 0.106790 0.566858
0.131794 0.112293 0.572234
0.129769 0.110443 0.574431
0.131324 0.107782 0.573895
0.131723 0.107636 0.571266
0.131651 0.111365 0.570147
0.128490 0.107676 0.572332
0.135261 0.107736 0.569021
0.129345 0.108087 0.570216
0.132373 0.108801 0.573720
0.133256 0.113059 0.575932
0.133691 0.105074 0.575413
0.133650 0.107904 0.572957
0.137865 0.107597 0.573924
0.133105 0.107823 0.575571
0.138638 0.109197 0.574961
0.136064 0.109445 0.573040
0.135096 0.109303 0.575079
0.137012 0.107903 0.575339
0.134965 0.109688 0.578561
0.136537 0.112932 0.575231
0.138468 0.111251 0.578517
0.135373 0.107300 0.579149
0.134880 0.111043 0.579320
0.137808 0.110877 0.580491
0.138357 0.111815 0.579201
0.138990 0.111767 0.582646
0.137376 0.110968 0.580005
0.141825 0.107935 0.580757
0.138788 0.108285 0.581074
0.139094 0.111975 0.582499
0.137465 0.110445 0.580130
0.137785 0.107934 0.583959
0.136851 0.108320 0.584615
0.139066 0.108365 0.582376
0.135845 0.109015 0.581853
0.141187 0.107867 0.582747
0.138297 0.109326 0.586214
0.139199 0.114491 0.585562
0.139864 0.111532 0.588275
0.138692 0.108138 0.589438
0.141587 0.113381 0.583828
0.138220 0.110413 0.591199
0.140437 0.110970 0.587409
0.137580 0.112848 0.587294
0.138665 0.109610 0.584146
0.140784 0.114484 0.589223
0.139334 0.111377 0.589554
0.141935 0.111461 0.591019
0.140716 0.113014 0.592591
0.140400 0.109187 0.593510
0.140223 0.110184 0.591564
0.142008 0.110273 0.593920
0.142249 0.108246 0.589488
0.144972 0.109989 0.595090
0.143988 0.109697 0.592387
0.136207 0.109535 0.593246
0.138968 0.109868 0.593244
0.141209 0.109353 0.595843
0.143610 0.108746 0.593669
0.143249 0.112420 0.595991
0.144690 0.109196 0.600506
0.140383 0.106330 0.595160
0.142832 0.109302 0.598760
0.140843 0.110479 0.599674
0.143427 0.111991 0.597829
0.147363 0.106982 0.598085
0.139974 0.110387 0.598085
0.143042 0.108457 0.603664
0.142093 0.110199 0.603089
0.140378 0.110980 0.602457
0.141868 0.111072 0.601527
0.145765 0.110263 0.602630
0.142579 0.108857 0.603106
0.140319 0.111943 0.606469
0.142147 0.109719 0.602889
0.145124 0.112127 0.603158
0.143146 0.107889 0.607058
0.142543 0.106580 0.604216
0.142505 0.108285 0.607861
0.143693 0.106540 0.605420
0.139588 0.111718 0.607493
0.143711 0.109924 0.606287
0.142369 0.110990 0.611760
0.146900 0.108539 0.607140
0.141629 0.110440 0.607969
0.139028 0.110265 0.612388
0.142249 0.108489 0.607487
0.142632 0.107276 0.610951
0.137751 0.112652 0.610023
0.143371 0.110028 0.608491
0.142135 0.107750 0.614925
0.142509 0.113246 0.612688
0.142940 0.110631 0.610678
0.139974 0.107220 0.613616
0.138124 0.108438 0.615387
0.141469 0.106859 0.609754
0.138740 0.111513 0.614758
0.140779 0.107273 0.616177
0.139749 0.108477 0.616804
0.137203 0.112922 0.612721
0.139283 0.110702 0.617432
0.140322 0.110336 0.618439
0.137325 0.108551 0.616929
0.140309 0.109191 0.614339
0.134666 0.110941 0.619937
0.138290 0.110354 0.615751
0.138457 0.110742 0.617472
0.135631 0.107595 0.616570
0.136176 0.103662 0.617391
0.141054 0.110568 0.618937
0.137768 0.106369 0.620226
0.136728 0.110203 0.620549
0.137891 0.112374 0.619875
0.137060 0.109170 0.619194
0.136961 0.114065 0.621843
0.135324 0.110744 0.625396
0.137444 0.109369 0.621568
0.133637 0.111837 0.625266
0.137999 0.111762 0.625656
0.137593 0.110577 0.625055
0.135624 0.109951 0.625668
0.133047 0.106478 0.622724
0.136030 0.114059 0.628290
0.131319 0.107636 0.627818
0.132984 0.109735 0.624161
0.130108 0.109476 0.629852
0.132213 0.110040 0.628305
0.130495 0.109560 0.628402
0.130596 0.108665 0.627955
0.130435 0.109670 0.628820
0.130830 0.109943 0.624883
0.132592 0.109351 0.631548
0.129633 0.113211 0.626182
0.130180 0.114296 0.630784
0.127917 0.106377 0.627792
0.128502 0.108923 0.628206
0.128392 0.110045 0.626479
0.129156 0.107191 0.635053
0.125112 0.106480 0.628502
0.130030 0.104616 0.631446
0.126884 0.109483 0.636113
0.132193 0.110000 0.629160
0.128407 0.110258 0.637227
0.131051 0.109881 0.630174
0.128127 0.111229 0.632891
0.124082 0.106358 0.630922
0.124302 0.106561 0.632619
0.125690 0.113645 0.633149
0.126079 0.110166 0.633569
0.127434 0.109536 0.635645
0.124962 0.109883 0.634847
0.119895 0.110875 0.633175
0.124870 0.110671 0.635770
0.129220 0.114894 0.634835
0.125303 0.109957 0.633487
0.122020 0.109517 0.633759
0.120256 0.109371 0.633800
0.122272 0.108012 0.633938
0.124808 0.112169 0.560825
0.122441 0.113460 0.565398
0.122273 0.115949 0.567368
0.124107 0.112396 0.561452
0.126943 0.111365 0.566247
0.125635 0.112538 0.565915
0.123220 0.113735 0.566357
0.126068 0.109958 0.566243
0.125933 0.111896 0.563999
0.121978 0.114790 0.563944
0.122744 0.113369 0.565072
0.128446 0.115377 0.565333
0.128494 0.111156 0.569073
0.129007 0.111405 0.569794
0.126380 0.114143 0.567436
0.126248 0.112861 0.570517
0.126661 0.111273 0.569661
0.127376 0.111957 0.565841
0.131755 0.113558 0.568528
0.128767 0.114293 0.566258
0.130036 0.113627 0.566618
0.126802 0.115791 0.570715
0.129563 0.112040 0.574645
0.129375 0.113379 0.568357
0.128217 0.112892 0.571112
0.131216 0.113071 0.568934
0.131154 0.112088 0.570129
0.132805 0.112740 0.571671
0.130511 0.111125 0.571729
0.133561 0.112658 0.576938
0.132114 0.115764 0.570639
0.133762 0.115580 0.573198
0.129605 0.115699 0.573268
0.133720 0.113151 0.574936
0.136984 0.114103 0.573173
0.134281 0.113061 0.572613
0.134508 0.112444 0.577059
0.135542 0.116870 0.575441
0.133054 0.113318 0.575272
0.132705 0.113897 0.577597
0.134081 0.111964 0.574892
0.139259 0.114014 0.577511
0.136018 0.111491 0.578631
0.135394 0.111842 0.577315
0.134320 0.110841 0.578352
0.139472 0.116324 0.581390
0.137595 0.111867 0.579872
0.139791 0.112727 0.578502
0.138322 0.110777 0.581516
0.138781 0.114364 0.583786
0.137796 0.111967 0.578988
0.141270 0.116437 0.581927
0.138932 0.110682 0.584765
0.137719 0.111595 0.583714
0.140410 0.116506 0.582200
0.136351 0.115810 0.585295
0.139560 0.108578 0.581013
0.144515 0.115825 0.585536
0.135112 0.115163 0.583864
0.137282 0.113434 0.587694
0.138006 0.113185 0.586196
0.138039 0.113388 0.587098
0.140366 0.109779 0.587815
0.141563 0.111646 0.588441
0.142283 0.111091 0.588198
0.144434 0.111432 0.585831
0.139417 0.110603 0.587880
0.139339 0.111723 0.586347
0.141842 0.110961 0.591247
0.140218 0.113731 0.586935
0.142415 0.110267 0.589636
0.143899 0.111995 0.589719
0.140409 0.112807 0.592731
0.143545 0.115549 0.590781
0.140167 0.110812 0.589745
0.140423 0.116567 0.592402
0.144173 0.114989 0.592020
0.144592 0.113433 0.592068
0.143609 0.111103 0.594709
0.139483 0.117362 0.591365
0.143214 0.115952 0.598402
0.143386 0.114585 0.595238
0.143096 0.116898 0.595685
0.141893 0.110145 0.596080
0.141303 0.112380 0.596436
0.144211 0.114355 0.596971
0.143022 0.108413 0.599054
0.142378 0.111338 0.599387
0.140300 0.114364 0.600913
0.141101 0.113338 0.597759
0.143299 0.111051 0.596839
0.142818 0.114295 0.599743
0.144802 0.114409 0.603221
0.143003 0.111585 0.604646
0.143546 0.111698 0.601839
0.142349 0.118029 0.604229
0.141267 0.110638 0.603350
0.140697 0.115719 0.603205
0.143995 0.114316 0.607511
0.142275 0.115450 0.606498
0.141963 0.111222 0.607013
0.139330 0.113897 0.605355
0.143011 0.114970 0.605188
0.139683 0.113156 0.605662
0.140047 0.112052 0.605286
0.140606 0.113585 0.606102
0.141306 0.115600 0.607026
0.139635 0.110805 0.609868
0.144359 0.110264 0.608658
0.139262 0.114030 0.610360
0.143148 0.117463 0.614690
0.140860 0.115891 0.610233
0.141015 0.118519 0.610882
0.141591 0.115195 0.610788
0.142085 0.113818 0.607156
0.142418 0.112632 0.613087
0.142007 0.114934 0.613000
0.138818 0.114069 0.610786
0.139157 0.114499 0.617152
0.139818 0.115287 0.616908
0.141234 0.111526 0.613018
0.143025 0.113890 0.615043
0.138716 0.113194 0.619101
0.137652 0.113435 0.619730
0.139861 0.116742 0.615879
0.133710 0.115028 0.615803
0.139150 0.112589 0.618572
0.138722 0.111328 0.620157
0.137781 0.113451 0.616104
0.135320 0.112850 0.619031
0.141755 0.111362 0.619008
0.135336 0.112466 0.620742
0.136477 0.116552 0.620794
0.135116 0.114612 0.621457
0.139619 0.116265 0.619265
0.130900 0.112966 0.623148
0.132481 0.113146 0.620963
0.137254 0.113006 0.620617
0.134140 0.112795 0.622548
0.137793 0.116173 0.620906
0.133137 0.113206 0.628477
0.132184 0.111444 0.626244
0.137923 0.112957 0.622212
0.135934 0.113938 0.624026
0.133250 0.114785 0.624733
0.134931 0.112167 0.625396
0.132803 0.112218 0.626218
0.131728 0.110787 0.627657
0.134611 0.116265 0.627534
0.137037 0.111199 0.625927
0.134266 0.111753 0.629480
0.131965 0.113273 0.628602
0.129891 0.108252 0.627641
0.130881 0.112425 0.630903
0.131861 0.113578 0.628907
0.129162 0.115187 0.629474
0.129351 0.113863 0.629406
0.131213 0.114734 0.628834
0.129045 0.117341 0.631190
0.129919 0.113639 0.630762
0.129604 0.117187 0.634019
0.130557 0.113010 0.629665
0.127378 0.111897 0.630975
0.126289 0.113331 0.633651
0.131397 0.113353 0.630833
0.126642 0.111725 0.632546
0.129317 0.113446 0.634854
0.127827 0.113770 0.634670
0.122599 0.109825 0.635011
0.125248 0.117408 0.632512
0.126448 0.111360 0.636577
0.126200 0.113306 0.633981
0.122463 0.111780 0.633061
0.123763 0.112213 0.633994
0.126291 0.110989 0.634775
0.120107 0.115428 0.634017
0.122660 0.116489 0.634991
0.117363 0.112118 0.638644
0.121537 0.114464 0.637491
0.121350 0.111949 0.638922
0.117724 0.117438 0.561386
0.120817 0.113784 0.562103
0.124278 0.116920 0.565129
0.127298 0.114223 0.563840
0.120519 0.117092 0.564593
0.126549 0.121120 0.563649
0.125042 0.116275 0.566049
0.123823 0.118885 0.566764
0.126094 0.119828 0.563428
0.122992 0.117459 0.567205
0.124082 0.115103 0.568370
0.122305 0.115585 0.569989
0.127361 0.117774 0.564328
0.126892 0.116614 0.566664
0.126454 0.115821 0.569409
0.129496 0.115953 0.566187
0.126976 0.116297 0.571058
0.127827 0.117056 0.570086
0.127041 0.118814 0.566593
0.129133 0.113830 0.573535
0.128675 0.114922 0.570578
0.129489 0.113311 0.569673
0.130075 0.113767 0.569121
0.129453 0.117800 0.570144
0.131113 0.117495 0.568646
0.130518 0.120144 0.570423
0.131659 0.119182 0.568877
0.132583 0.114535 0.573676
0.133535 0.116036 0.571354
0.130682 0.118092 0.575013
0.135417 0.117171 0.575633
0.131395 0.115825 0.571807
0.134394 0.120693 0.571521
0.131437 0.119511 0.571511
0.133040 0.119158 0.576378
0.134433 0.116583 0.577026
0.136908 0.115725 0.576877
0.131360 0.114843 0.577134
0.135101 0.119305 0.576709
0.135235 0.115428 0.573624
0.133327 0.117381 0.578169
0.137179 0.115335 0.580784
0.137063 0.116776 0.578035
0.137697 0.115296 0.579337
0.136728 0.111669 0.581321
0.137180 0.115182 0.574655
0.132782 0.116915 0.576254
0.139719 0.114900 0.579289
0.137316 0.118981 0.579588
0.137519 0.113695 0.579922
0.138061 0.113846 0.579977
0.138233 0.116912 0.582358
0.136746 0.117292 0.582292
0.139401 0.115889 0.582776
0.140960 0.114576 0.584110
0.138207 0.116234 0.580949
0.139529 0.118234 0.584263
0.139936 0.113851 0.583596
0.140323 0.113160 0.583145
0.138152 0.117881 0.583356
0.138379 0.117978 0.583881
0.142232 0.114675 0.584491
0.139030 0.115567 0.585203
0.142067 0.113306 0.587168
0.137458 0.116713 0.590559
0.141436 0.113578 0.587380
0.142498 0.118652 0.587546
0.140904 0.117716 0.588588
0.139027 0.116796 0.586855
0.144115 0.116786 0.589104
0.142622 0.117116 0.594194
0.136510 0.115823 0.590268
0.141728 0.121000 0.588530
0.141256 0.113404 0.591731
0.141953 0.112670 0.591488
0.140107 0.115486 0.594033
0.141727 0.119354 0.592080
0.142989 0.116427 0.591552
0.143915 0.115712 0.595719
0.140033 0.115919 0.595194
0.138735 0.117885 0.596477
0.144162 0.117479 0.593670
0.141191 0.117166 0.593802
0.143519 0.116320 0.600047
0.142398 0.116491 0.601226
0.142749 0.113288 0.596508
0.140953 0.119190 0.594736
0.141081 0.112733 0.599915
0.144330 0.115434 0.601160
0.143200 0.114619 0.599841
0.142520 0.115474 0.597119
0.144312 0.115723 0.598078
0.145851 0.112926 0.600635
0.142534 0.119166 0.605117
0.143695 0.113971 0.601731
0.142091 0.119752 0.604176
0.146498 0.116860 0.602510
0.141627 0.119953 0.603258
0.143065 0.116292 0.602238
0.140482 0.114202 0.605700
0.140340 0.116850 0.604403
0.139633 0.113709 0.604195
0.140659 0.116062 0.607196
0.142825 0.114214 0.606493
0.140524 0.116159 0.602246
0.140476 0.117005 0.604762
0.142278 0.116459 0.608958
0.142911 0.115230 0.610099
0.139394 0.115912 0.610639
0.141217 0.117444 0.610237
0.137903 0.117012 0.610486
0.138664 0.118514 0.611125
0.143359 0.113648 0.616350
0.140171 0.115113 0.609412
0.138855 0.115872 0.614010
0.138502 0.117522 0.614100
0.141237 0.116043 0.613726
0.143015 0.113953 0.611263
0.140371 0.118302 0.610603
0.139718 0.119370 0.616516
0.137602 0.112580 0.614813
0.138569 0.116359 0.617072
0.145796 0.114798 0.616679
0.139076 0.118457 0.617157
0.137776 0.116395 0.616025
0.141514 0.119903 0.614162
0.138965 0.117503 0.616411
0.136036 0.115234 0.620166
0.138900 0.120514 0.615296
0.138392 0.117367 0.621006
0.136837 0.119398 0.619931
0.137643 0.118262 0.618373
0.139557 0.113863 0.619826
0.137091 0.115371 0.619041
0.137698 0.115068 0.622343
0.135267 0.116128 0.618296
0.136366 0.117959 0.619357
0.138368 0.113956 0.623491
0.134221 0.117579 0.627443
0.132570 0.121067 0.623985
0.137265 0.114288 0.619947
0.135802 0.115650 0.627330
0.138374 0.118234 0.624277
0.134900 0.113448 0.628796
0.134918 0.115079 0.627614
0.131530 0.118394 0.628298
0.133743 0.118529 0.626799
0.132892 0.116957 0.625910
0.129716 0.118448 0.623168
0.133431 0.114676 0.627905
0.130393 0.116891 0.625434
0.132245 0.114811 0.628799
0.134367 0.114090 0.626343
0.131627 0.117354 0.627787
0.130062 0.115321 0.629563
0.131640 0.114640 0.630032
0.130969 0.116468 0.626482
0.128395 0.116755 0.626937
0.128344 0.119155 0.631353
0.129183 0.115229 0.627818
0.128506 0.117640 0.632059
0.128457 0.118681 0.630646
0.127492 0.114527 0.634138
0.133574 0.118467 0.634239
0.125004 0.117287 0.634370
0.125326 0.115964 0.635949
0.129590 0.115178 0.633355
0.128162 0.111256 0.636827
0.127942 0.116817 0.635320
0.125438 0.118613 0.633454
0.125448 0.118280 0.630901
0.123228 0.118235 0.635608
0.124298 0.117731 0.636615
0.122149 0.118970 0.636350
0.124413 0.115893 0.633806
0.120671 0.116622 0.636189
0.123746 0.117833 0.640282
0.122058 0.114528 0.634149
0.124039 0.115787 0.635139
0.120567 0.118550 0.637386
0.119735 0.119045 0.563024
0.124406 0.121586 0.561018
0.123365 0.118533 0.565410
0.124203 0.120721 0.563200
0.121901 0.120810 0.565911
0.120957 0.118898 0.564621
0.121625 0.121517 0.562396
0.121523 0.119556 0.564631
0.125681 0.118418 0.569614
0.126871 0.119573 0.565414
0.125644 0.118837 0.567436
0.123649 0.118126 0.569495
0.130869 0.119677 0.566482
0.128180 0.116371 0.566695
0.128757 0.121910 0.568036
0.129829 0.119211 0.565084
0.128432 0.120045 0.561786
0.130111 0.118781 0.567985
0.130761 0.117605 0.571121
0.127154 0.118047 0.568043
0.127106 0.120701 0.566077
0.129334 0.121134 0.567339
0.130656 0.122023 0.568103
0.130810 0.118387 0.569885
0.130368 0.120714 0.571631
0.132880 0.118674 0.569946
0.130898 0.119509 0.569472
0.132530 0.118358 0.570713
0.130717 0.121396 0.571135
0.133294 0.120457 0.572132
0.136219 0.117332 0.574142
0.130893 0.115945 0.572486
0.133085 0.118660 0.574453
0.135588 0.119649 0.574340
0.130297 0.119253 0.574343
0.132865 0.119293 0.573579
0.136728 0.118527 0.576035
0.132193 0.118983 0.577493
0.137984 0.119763 0.574683
0.133277 0.119562 0.579632
0.133581 0.121369 0.577214
0.137725 0.122712 0.577796
0.139643 0.121438 0.577194
0.134818 0.124824 0.575362
0.134770 0.119140 0.582224
0.138709 0.122555 0.578727
0.135001 0.119653 0.579524
0.134480 0.119242 0.578000
0.140540 0.119836 0.579582
0.139230 0.117746 0.580337
0.134818 0.120695 0.576473
0.140034 0.117924 0.580233
0.134956 0.119494 0.579834
0.137718 0.117086 0.583540
0.138887 0.120014 0.583751
0.134172 0.118292 0.585425
0.136540 0.117503 0.582558
0.137737 0.120678 0.584485
0.139765 0.120772 0.583578
0.142020 0.117144 0.585757
0.137967 0.118171 0.583067
0.139129 0.122702 0.585311
0.136277 0.123198 0.585487
0.141213 0.120389 0.588414
0.143180 0.121883 0.591218
0.138476 0.117007 0.587808
0.141131 0.119276 0.590443
0.141414 0.117815 0.590799
0.142560 0.119445 0.589255
0.139892 0.120853 0.589477
0.141744 0.119609 0.590281
0.141911 0.122076 0.589500
0.141476 0.115651 0.589603
0.138692 0.119903 0.594856
0.143526 0.118038 0.594221
0.141606 0.117359 0.593990
0.141253 0.117857 0.595120
0.138257 0.118966 0.594834
0.141436 0.118518 0.595645
0.146621 0.119423 0.595387
0.145372 0.117362 0.595878
0.147786 0.119648 0.593559
0.144331 0.120597 0.597458
0.141418 0.119894 0.595207
0.142264 0.118757 0.598237
0.140105 0.123068 0.600870
0.140333 0.118520 0.597273
0.144013 0.120113 0.597669
0.145843 0.116673 0.599207
0.144953 0.118800 0.602030
0.140228 0.117837 0.601575
0.144217 0.119092 0.602903
0.142328 0.122463 0.603069
0.138558 0.122589 0.603945
0.139594 0.120012 0.603236
0.145369 0.118892 0.603793
0.146987 0.120967 0.603725
0.144153 0.120215 0.605315
0.146979 0.120940 0.603075
0.143940 0.121151 0.605312
0.142290 0.121217 0.605633
0.144531 0.117980 0.605322
0.141047 0.118462 0.606183
0.142605 0.121971 0.605693
0.143589 0.118774 0.609218
0.142628 0.119243 0.606732
0.140757 0.119751 0.609166
0.138890 0.121585 0.609643
0.142360 0.122148 0.608967
0.141464 0.123445 0.610860
0.137125 0.120574 0.605747
0.140869 0.118665 0.610414
0.138998 0.119992 0.608476
0.141128 0.121654 0.610074
0.141622 0.122037 0.609718
0.139289 0.122963 0.613879
0.139109 0.115988 0.610578
0.140521 0.120952 0.613792
0.141586 0.122534 0.613744
0.141131 0.123138 0.612357
0.143938 0.117245 0.614163
0.140989 0.121589 0.616881
0.141639 0.117895 0.613969
0.140675 0.117857 0.619944
0.137765 0.118514 0.619326
0.137969 0.118877 0.615886
0.133611 0.121048 0.617436
0.138202 0.118928 0.618119
0.138886 0.119227 0.617172
0.138936 0.118440 0.621648
0.136726 0.121060 0.617044
0.141226 0.119891 0.619936
0.136650 0.115864 0.622746
0.137230 0.122266 0.623586
0.136550 0.120713 0.619709
0.136609 0.117955 0.620753
0.135917 0.121882 0.623139
0.133954 0.121403 0.623737
0.135797 0.117453 0.624408
0.132882 0.118519 0.622993
0.130679 0.120797 0.620643
0.136600 0.120310 0.627278
0.133232 0.122714 0.624094
0.132175 0.116629 0.623877
0.132036 0.119577 0.624530
0.134831 0.120741 0.629431
0.133160 0.120395 0.629131
0.133575 0.119389 0.628534
0.135221 0.120613 0.627601
0.134499 0.122278 0.624162
0.133627 0.121625 0.626787
0.135033 0.118386 0.628683
0.134692 0.116679 0.625577
0.133711 0.118612 0.628739
0.130597 0.118646 0.629411
0.131464 0.120962 0.624206
0.130938 0.116489 0.631672
0.127428 0.118444 0.632084
0.130562 0.118908 0.634879
0.128919 0.117523 0.630379
0.127382 0.122300 0.629870
0.130335 0.122296 0.627575
0.127236 0.120020 0.629843
0.128361 0.118444 0.631600
0.124170 0.118629 0.630622
0.129837 0.116698 0.631318
0.125307 0.121811 0.635076
0.127281 0.117050 0.637940
0.129104 0.121443 0.633574
0.124137 0.123278 0.630988
0.121547 0.118547 0.635416
0.121654 0.114442 0.636285
0.125637 0.119818 0.638264
0.124317 0.119792 0.636709
0.124174 0.119174 0.632808
0.121516 0.120427 0.636380
0.119991 0.120472 0.635954
0.124049 0.121006 0.635806
0.121823 0.118059 0.637302
0.120942 0.123884 0.636792
0.120973 0.126417 0.561765
0.119569 0.125852 0.564971
0.120859 0.127451 0.562312
0.123071 0.125983 0.561783
0.120403 0.124970 0.566763
0.122089 0.120218 0.569064
0.122388 0.124223 0.564038
0.125930 0.123282 0.565184
0.125210 0.123804 0.567007
0.124126 0.125844 0.568332
0.125920 0.121759 0.567239
0.125687 0.126813 0.563034
0.126089 0.122793 0.568152
0.130288 0.123444 0.569444
0.130338 0.123532 0.566671
0.125726 0.120940 0.566710
0.128862 0.126090 0.569874
0.130450 0.118685 0.569324
0.129149 0.122829 0.567127
0.132446 0.123326 0.570585
0.127331 0.124431 0.568645
0.129286 0.123875 0.566742
0.126343 0.122749 0.568881
0.130662 0.118842 0.568500
0.131580 0.121958 0.575293
0.129849 0.121545 0.571520
0.134624 0.122871 0.569543
0.132756 0.123633 0.573906
0.132257 0.125755 0.574400
0.136646 0.128270 0.575884
0.132397 0.126005 0.573047
0.133660 0.120945 0.574292
0.131685 0.125026 0.572626
0.132776 0.122747 0.572872
0.134008 0.124644 0.572577
0.135746 0.121118 0.578023
0.132760 0.120275 0.576032
0.135921 0.123816 0.577333
0.135273 0.124747 0.576412
0.130853 0.122669 0.573507
0.133881 0.125479 0.579433
0.133433 0.120902 0.575167
0.138655 0.124624 0.578442
0.135146 0.120696 0.578964
0.134817 0.123863 0.578456
0.133789 0.121519 0.583204
0.131556 0.123893 0.578829
0.138173 0.120926 0.576390
0.137611 0.123656 0.579924
0.139176 0.120159 0.584319
0.137717 0.120162 0.580689
0.137526 0.124026 0.582806
0.138711 0.121894 0.583368
0.137346 0.123451 0.582341
0.137115 0.122472 0.586482
0.141822 0.124169 0.583563
0.141155 0.123547 0.584602
0.142373 0.123246 0.583214
0.140297 0.123642 0.586313
0.141488 0.122287 0.586083
0.136695 0.121705 0.584537
0.140526 0.121813 0.585545
0.141072 0.125803 0.582616
0.143236 0.123626 0.585150
0.139387 0.124531 0.586952
0.140075 0.125209 0.587200
0.140961 0.126296 0.587308
0.139405 0.125985 0.590392
0.143179 0.121106 0.589955
0.140169 0.121952 0.593926
0.140298 0.123131 0.591576
0.140519 0.120700 0.587862
0.144138 0.120812 0.591289
0.141314 0.122346 0.591959
0.140278 0.123943 0.592961
0.141095 0.123039 0.591940
0.143852 0.123282 0.592183
0.139341 0.121642 0.597708
0.139639 0.124118 0.596404
0.140922 0.123113 0.594586
0.143448 0.121625 0.594014
0.141319 0.125628 0.593838
0.139800 0.124504 0.597642
0.141078 0.122677 0.598294
0.141492 0.122762 0.600301
0.142701 0.121790 0.596705
0.140822 0.123428 0.598539
0.145780 0.118995 0.597661
0.145002 0.122435 0.603328
0.138128 0.122376 0.598734
0.140694 0.124123 0.602349
0.140925 0.122875 0.607289
0.143863 0.123370 0.599677
0.144794 0.126366 0.601785
0.138348 0.123616 0.602665
0.143644 0.125164 0.601019
0.138857 0.124117 0.603842
0.142046 0.125729 0.609496
0.145175 0.125201 0.605680
0.146011 0.115287 0.602273
0.142373 0.122788 0.606103
0.145018 0.122163 0.606702
0.140880 0.121950 0.604657
0.140354 0.120521 0.608693
0.141340 0.126794 0.606205
0.144906 0.127721 0.606420
0.140924 0.124094 0.607841
0.139527 0.124675 0.609401
0.140981 0.121052 0.611971
0.142323 0.124531 0.606556
0.144133 0.122017 0.611836
0.141190 0.121219 0.611558
0.143208 0.122087 0.611917
0.141884 0.122308 0.611200
0.140244 0.124922 0.609342
0.142032 0.122574 0.612680
0.138627 0.125776 0.612498
0.139584 0.121733 0.613122
0.140277 0.123627 0.608294
0.137364 0.119123 0.614315
0.140458 0.124450 0.616844
0.137566 0.123639 0.610985
0.141431 0.119358 0.617123
0.138003 0.120617 0.615953
0.138124 0.121174 0.614506
0.139151 0.125348 0.615425
0.136774 0.122157 0.615261
0.138770 0.127228 0.618492
0.138643 0.119186 0.619615
0.138217 0.119656 0.618602
0.140706 0.122668 0.621737
0.134459 0.123240 0.617157
0.136796 0.123887 0.621789
0.136232 0.125879 0.618093
0.136630 0.125625 0.619216
0.137647 0.123326 0.625103
0.137646 0.120339 0.622028
0.135073 0.121076 0.622618
0.135234 0.121631 0.618238
0.136274 0.124811 0.623757
0.135819 0.122480 0.619769
0.131409 0.119664 0.622677
0.134518 0.123870 0.618009
0.136800 0.125330 0.619114
0.132239 0.126608 0.623784
0.135398 0.122753 0.624846
0.132238 0.121850 0.626209
0.132076 0.122067 0.624012
0.133596 0.118984 0.629107
0.127798 0.123485 0.628386
0.132847 0.123252 0.628230
0.131582 0.124496 0.625251
0.132442 0.121423 0.628554
0.129393 0.119608 0.630083
0.131541 0.121789 0.629199
0.128690 0.125028 0.632246
0.131867 0.124768 0.630663
0.132790 0.119627 0.632977
0.128442 0.126538 0.631305
0.129452 0.121412 0.626777
0.129585 0.119910 0.631485
0.129419 0.121190 0.629566
0.128000 0.124085 0.632665
0.130609 0.122502 0.633891
0.127019 0.125063 0.628956
0.128426 0.117135 0.632440
0.127579 0.124303 0.632806
0.126085 0.124556 0.629908
0.126510 0.123902 0.632180
0.125148 0.121629 0.633975
0.122577 0.122392 0.633578
0.125129 0.121808 0.636189
0.125491 0.120401 0.633623
0.125660 0.122284 0.633039
0.121546 0.127372 0.636317
0.122465 0.125202 0.634795
0.124930 0.124412 0.634396
0.122732 0.122775 0.634114
0.123056 0.124609 0.636998
0.121555 0.122236 0.636472
0.124428 0.127326 0.563394
0.122214 0.126023 0.565507
0.120381 0.124251 0.564129
0.124876 0.129208 0.563385
0.120037 0.124250 0.569750
0.125282 0.125246 0.562254
0.122266 0.125065 0.564877
0.124730 0.126654 0.565228
0.125281 0.131096 0.564106
0.123379 0.123360 0.565588
0.125047 0.127388 0.565291
0.122307 0.129612 0.564736
0.124703 0.126716 0.565869
0.131631 0.126407 0.563632
0.129039 0.126985 0.568934
0.125319 0.124866 0.567257
0.127147 0.125476 0.570094
0.127786 0.126111 0.567788
0.124512 0.123814 0.567972
0.129462 0.128884 0.570123
0.129220 0.128629 0.571640
0.133330 0.128302 0.571350
0.127546 0.131156 0.571130
0.132654 0.126226 0.571649
0.131706 0.128557 0.569416
0.125870 0.125946 0.571829
0.130575 0.122612 0.574037
0.134652 0.124384 0.568331
0.135435 0.126946 0.571464
0.134070 0.125523 0.574799
0.131202 0.128061 0.575108
0.130856 0.125400 0.573742
0.130129 0.129687 0.578939
0.131046 0.125293 0.571463
0.132782 0.127247 0.574183
0.131540 0.129926 0.574550
0.135544 0.128536 0.572744
0.133404 0.125810 0.571495
0.132609 0.127791 0.577326
0.137836 0.127619 0.574749
0.133375 0.128383 0.576990
0.137506 0.126890 0.579454
0.132526 0.124504 0.577498
0.132240 0.124121 0.578308
0.136446 0.125220 0.576854
0.135783 0.125589 0.577796
0.139579 0.125274 0.580208
0.137379 0.126697 0.577133
0.135229 0.126541 0.582480
0.137015 0.127185 0.579044
0.137108 0.126310 0.582118
0.141426 0.127350 0.581991
0.137681 0.128091 0.578552
0.137706 0.129307 0.579283
0.136491 0.126686 0.582638
0.134376 0.123163 0.584816
0.140368 0.127875 0.585567
0.139534 0.125374 0.584306
0.140510 0.127207 0.580807
0.141894 0.129445 0.587843
0.139034 0.124459 0.585397
0.137078 0.130649 0.585281
0.143012 0.124149 0.587531
0.141280 0.129340 0.585420
0.136784 0.126201 0.588563
0.140512 0.127411 0.587158
0.141650 0.128631 0.588777
0.142443 0.127744 0.588263
0.143288 0.127304 0.587524
0.144566 0.125200 0.589063
0.141118 0.127088 0.586159
0.143997 0.127806 0.589031
0.142562 0.127368 0.587520
0.142643 0.129617 0.588253
0.141768 0.122088 0.590156
0.141117 0.128200 0.593377
0.138232 0.127140 0.592148
0.142024 0.125854 0.595258
0.140279 0.127754 0.596934
0.139565 0.127168 0.594773
0.141926 0.126636 0.593442
0.142624 0.125126 0.595358
0.143489 0.124554 0.594921
0.142345 0.125903 0.599105
0.142226 0.123552 0.596014
0.141253 0.126976 0.597000
0.142572 0.127570 0.598936
0.144950 0.125105 0.597330
0.141958 0.124802 0.600936
0.143219 0.128622 0.597358
0.142107 0.124078 0.600552
0.141574 0.126527 0.595778
0.142675 0.124710 0.602695
0.141902 0.128017 0.605005
0.139600 0.125232 0.603982
0.140818 0.129597 0.604286
0.140255 0.121073 0.603969
0.142457 0.127184 0.606656
0.142021 0.127711 0.606195
0.141602 0.131025 0.605005
0.138050 0.126520 0.605836
0.141587 0.125519 0.603384
0.144683 0.127050 0.603600
0.143240 0.128370 0.605870
0.139094 0.126656 0.607758
0.142411 0.127960 0.608428
0.143715 0.124814 0.608113
0.139433 0.124905 0.607160
0.144216 0.129021 0.608969
0.141290 0.125783 0.612329
0.142938 0.127328 0.610572
0.140188 0.125458 0.609347
0.142925 0.124487 0.610737
0.140393 0.125700 0.611770
0.137655 0.128729 0.614515
0.139649 0.130099 0.613732
0.140178 0.127950 0.613022
0.138083 0.124773 0.614421
0.141355 0.128990 0.615312
0.143158 0.125633 0.612344
0.139493 0.126834 0.618221
0.137931 0.126390 0.614084
0.140695 0.126037 0.615990
0.138576 0.124094 0.616364
0.137729 0.126369 0.617492
0.137562 0.123950 0.616849
0.140330 0.128641 0.620693
0.139450 0.126041 0.619903
0.138394 0.125899 0.614326
0.139334 0.123067 0.618267
0.135820 0.124741 0.617604
0.137479 0.122813 0.616219
0.138280 0.128506 0.616338
0.140546 0.129947 0.622948
0.135685 0.127713 0.616791
0.135921 0.125993 0.620173
0.135446 0.127923 0.622021
0.134080 0.125401 0.623364
0.134486 0.128500 0.622745
0.136713 0.126301 0.623839
0.132902 0.127081 0.622227
0.130018 0.125761 0.626431
0.137575 0.126784 0.622375
0.136307 0.124476 0.625314
0.134353 0.124407 0.624590
0.135951 0.132308 0.627484
0.138161 0.126245 0.630024
0.133163 0.128541 0.629414
0.131729 0.126992 0.626849
0.131764 0.124266 0.627089
0.132305 0.123180 0.624007
0.133776 0.122865 0.628365
0.130390 0.126232 0.629323
0.130278 0.126950 0.625742
0.130504 0.128540 0.627842
0.131282 0.128881 0.629958
0.131912 0.126036 0.629920
0.129833 0.128990 0.627771
0.128784 0.126593 0.630243
0.129165 0.128085 0.635187
0.130540 0.126212 0.631838
0.131501 0.124530 0.632318
0.129727 0.126549 0.635026
0.128247 0.129327 0.630938
0.127773 0.126220 0.633523
0.127443 0.128842 0.635675
0.127090 0.129614 0.634236
0.125594 0.122693 0.635260
0.127858 0.126987 0.631883
0.128199 0.126562 0.637910
0.122276 0.126012 0.635698
0.121422 0.126334 0.635554
0.120270 0.129457 0.633744
0.126142 0.126262 0.633940
0.126138 0.126049 0.638338
0.120919 0.127760 0.633806
0.121521 0.125884 0.633574
0.121793 0.125754 0.636592
0.122226 0.127397 0.635876
0.120176 0.128307 0.637802
0.117124 0.129356 0.563303
0.125888 0.129707 0.566723
0.124123 0.133417 0.563758
0.124858 0.131345 0.567100
0.121705 0.128528 0.563582
0.126408 0.130946 0.563782
0.126091 0.131435 0.564064
0.127404 0.125892 0.565147
0.124637 0.129697 0.567117
0.121905 0.130945 0.563373
0.125504 0.129776 0.565694
0.127762 0.128802 0.567075
0.129782 0.129872 0.569547
0.126081 0.127980 0.564850
0.125294 0.128143 0.564720
0.130799 0.128456 0.562468
0.129340 0.130706 0.564993
0.131236 0.128692 0.568095
0.125739 0.128348 0.569011
0.126441 0.132499 0.572445
0.127867 0.126463 0.567980
0.130124 0.134202 0.568586
0.130178 0.132303 0.570466
0.129383 0.130678 0.572200
0.133550 0.132079 0.572009
0.133288 0.127062 0.572612
0.132172 0.127611 0.569654
0.129794 0.131484 0.570777
0.131765 0.126611 0.570550
0.132558 0.130630 0.569473
0.127797 0.130221 0.573014
0.133011 0.129950 0.576484
0.135093 0.128234 0.573828
0.136914 0.130077 0.572334
0.134151 0.129845 0.572360
0.134990 0.128314 0.573149
0.135762 0.132153 0.574928
0.133466 0.132059 0.575422
0.135790 0.128725 0.575091
0.133776 0.128489 0.578532
0.136475 0.132108 0.575352
0.135542 0.130103 0.576719
0.137314 0.129527 0.577163
0.133120 0.128577 0.576425
0.139329 0.133036 0.579542
0.136068 0.131772 0.578481
0.136881 0.130647 0.572642
0.138544 0.128436 0.585164
0.137562 0.134002 0.579681
0.138719 0.127125 0.578633
0.137562 0.128644 0.582281
0.136512 0.128699 0.579154
0.138513 0.128673 0.582371
0.139023 0.130389 0.582018
0.139254 0.128942 0.583920
0.140398 0.129898 0.583220
0.135850 0.128960 0.582330
0.139125 0.130436 0.584913
0.139990 0.126052 0.584089
0.138683 0.132154 0.584387
0.140827 0.128891 0.583085
0.141278 0.132182 0.586961
0.142067 0.130933 0.586461
0.143667 0.129690 0.588515
0.138508 0.129093 0.586176
0.137673 0.132893 0.587727
0.138255 0.130093 0.585696
0.139646 0.128038 0.591417
0.143061 0.130261 0.587751
0.141029 0.130463 0.592178
0.138770 0.128599 0.588309
0.142008 0.133390 0.590799
0.138908 0.133860 0.590937
0.143034 0.131194 0.587976
0.141518 0.130668 0.593833
0.144262 0.133227 0.592812
0.144103 0.129686 0.595647
0.142541 0.128587 0.592175
0.142542 0.125741 0.600780
0.142969 0.125290 0.598228
0.141372 0.131500 0.597442
0.141981 0.134982 0.595358
0.142198 0.131797 0.597737
0.142573 0.130373 0.594380
0.143587 0.127762 0.597264
0.142518 0.128182 0.598236
0.142068 0.128621 0.600043
0.142946 0.130397 0.600683
0.141209 0.128462 0.598711
0.140625 0.132184 0.596553
0.143608 0.127858 0.600694
0.142048 0.129135 0.602309
0.144474 0.131008 0.600338
0.139933 0.131518 0.601158
0.144225 0.129483 0.601430
0.143916 0.130961 0.602217
0.139855 0.133004 0.601122
0.144140 0.132123 0.604721
0.144367 0.130119 0.605059
0.144402 0.129231 0.605834
0.144109 0.130831 0.602805
0.142281 0.130279 0.604693
0.143019 0.130312 0.606422
0.140006 0.129560 0.604660
0.141643 0.131794 0.609650
0.142463 0.128727 0.606696
0.140560 0.129037 0.604942
0.138992 0.130654 0.606873
0.141024 0.130449 0.607187
0.142035 0.129641 0.610354
0.141541 0.129617 0.613126
0.141240 0.129272 0.608252
0.139639 0.126954 0.607816
0.138865 0.126612 0.614031
0.140145 0.129189 0.610556
0.142102 0.129209 0.612213
0.142476 0.128975 0.616674
0.141695 0.131794 0.613090
0.139941 0.126650 0.610108
0.137682 0.127633 0.613270
0.141577 0.129817 0.616179
0.142980 0.131042 0.616556
0.139482 0.128028 0.612850
0.141311 0.128024 0.616753
0.138272 0.131213 0.616917
0.138278 0.127353 0.614581
0.143117 0.130736 0.618112
0.137309 0.129660 0.617822
0.137910 0.128209 0.616691
0.140116 0.131779 0.617741
0.136303 0.130119 0.618990
0.139027 0.128799 0.619676
0.137714 0.129967 0.619964
0.139758 0.130473 0.620190
0.137022 0.130936 0.621275
0.139359 0.127901 0.623147
0.134423 0.130464 0.622760
0.133365 0.130347 0.622454
0.134900 0.130122 0.624341
0.136395 0.129490 0.626802
0.140909 0.131733 0.624550
0.135455 0.127837 0.625376
0.133657 0.127970 0.624568
0.134054 0.130432 0.625672
0.133090 0.126180 0.626185
0.131880 0.132414 0.627000
0.132849 0.129734 0.623264
0.130724 0.124757 0.624003
0.132543 0.126063 0.629585
0.131715 0.126419 0.624157
0.131327 0.129615 0.627808
0.131257 0.128047 0.632198
0.130525 0.130671 0.625508
0.132471 0.133909 0.629831
0.131604 0.132220 0.630346
0.130724 0.126316 0.629281
0.135170 0.130639 0.627644
0.128802 0.130466 0.627897
0.130068 0.129581 0.632837
0.132142 0.135082 0.630452
0.130392 0.128920 0.630655
0.132298 0.132736 0.627266
0.125846 0.131244 0.632694
0.127848 0.126588 0.635976
0.128766 0.128982 0.630325
0.124939 0.132196 0.633608
0.127699 0.127261 0.632890
0.128944 0.127811 0.633696
0.127721 0.129826 0.634519
0.125000 0.127004 0.633771
0.124997 0.129306 0.634149
0.125545 0.128847 0.634364
0.120492 0.130250 0.634446
0.124945 0.129782 0.636986
0.126754 0.127127 0.634785
0.123766 0.129541 0.632341
0.122821 0.128115 0.636065
0.125239 0.126501 0.633836
0.122051 0.134399 0.638966
0.124679 0.128643 0.635927
0.119734 0.131914 0.562683
0.122773 0.135513 0.563711
0.120794 0.134332 0.564593
0.119786 0.130035 0.563621
0.120721 0.134380 0.563758
0.122998 0.134105 0.563523
0.125709 0.135801 0.565859
0.125320 0.132026 0.564250
0.122483 0.132179 0.565171
0.124982 0.134996 0.566357
0.122856 0.135356 0.566554
0.126123 0.134950 0.565797
0.126690 0.133046 0.568074
0.126020 0.135282 0.567220
0.129249 0.133504 0.567549
0.125690 0.138392 0.568111
0.127097 0.132691 0.567260
0.125769 0.130850 0.567292
0.128646 0.133675 0.567065
0.132504 0.130861 0.567024
0.127731 0.134677 0.568920
0.128243 0.135013 0.571935
0.128628 0.132551 0.569360
0.129328 0.133418 0.569951
0.129660 0.133104 0.570199
0.130383 0.132106 0.572365
0.131403 0.133869 0.574104
0.129856 0.134757 0.573110
0.130377 0.131963 0.572088
0.130798 0.139014 0.573932
0.135550 0.131878 0.574501
0.132723 0.130735 0.575008
0.134521 0.129727 0.573777
0.131691 0.134085 0.572880
0.137321 0.132937 0.573608
0.133256 0.133795 0.575137
0.136993 0.135015 0.576843
0.135370 0.133481 0.575749
0.132638 0.134790 0.576731
0.133468 0.133850 0.575684
0.136666 0.133473 0.576564
0.133905 0.132695 0.575560
0.135766 0.131963 0.577666
0.139855 0.136290 0.578655
0.139526 0.134188 0.580676
0.135598 0.131124 0.575240
0.138074 0.133947 0.578178
0.135903 0.132667 0.576579
0.141108 0.133633 0.581179
0.136880 0.137357 0.579965
0.138886 0.130478 0.582777
0.138702 0.132486 0.582418
0.138971 0.136333 0.582981
0.138135 0.132162 0.584287
0.138722 0.133328 0.582247
0.140249 0.133225 0.586147
0.137007 0.134494 0.584779
0.137426 0.136160 0.584885
0.141071 0.135151 0.582638
0.139500 0.133860 0.582821
0.138220 0.133034 0.585832
0.138000 0.129939 0.585310
0.138022 0.135353 0.589034
0.136370 0.133009 0.585676
0.140567 0.128372 0.588483
0.141620 0.132615 0.592542
0.136306 0.131677 0.590684
0.140326 0.131807 0.586667
0.138294 0.132713 0.593755
0.138590 0.131594 0.589210
0.139673 0.135164 0.589207
0.136941 0.132036 0.592487
0.141818 0.132778 0.589101
0.141019 0.134975 0.589546
0.141587 0.132949 0.594321
0.141468 0.138160 0.593109
0.141610 0.132058 0.592178
0.139777 0.132457 0.590115
0.141225 0.130948 0.590746
0.144421 0.135464 0.591133
0.141854 0.134140 0.598656
0.143963 0.132189 0.593798
0.145410 0.133608 0.596388
0.142583 0.131507 0.598410
0.141714 0.133178 0.598184
0.142772 0.133830 0.597915
0.142004 0.131910 0.599248
0.142149 0.135840 0.598684
0.142140 0.133318 0.596431
0.142100 0.134798 0.599957
0.144421 0.129343 0.599530
0.142226 0.136620 0.603626
0.143891 0.133436 0.605274
0.145061 0.132292 0.602048
0.145890 0.133152 0.603727
0.139563 0.134909 0.603889
0.139831 0.131368 0.599909
0.143286 0.133066 0.600705
0.145779 0.135956 0.600370
0.141462 0.136977 0.600830
0.139208 0.130964 0.603520
0.139355 0.132645 0.607374
0.142291 0.130396 0.603704
0.142322 0.131915 0.606254
0.141815 0.131858 0.607111
0.143935 0.134914 0.606017
0.142907 0.130677 0.611502
0.141074 0.134063 0.605384
0.141825 0.130674 0.610946
0.136779 0.133900 0.604283
0.142397 0.134686 0.608194
0.139253 0.134608 0.609734
0.140939 0.127730 0.610024
0.138342 0.130388 0.609188
0.138972 0.134241 0.610484
0.139979 0.131215 0.612907
0.142299 0.136026 0.615372
0.140544 0.138432 0.614701
0.143159 0.134279 0.614315
0.141449 0.135148 0.616049
0.138609 0.134485 0.613337
0.142619 0.132396 0.614944
0.138625 0.135534 0.617448
0.139608 0.131888 0.617215
0.135456 0.134477 0.615711
0.135791 0.134200 0.614952
0.138652 0.133450 0.615762
0.136549 0.126398 0.614980
0.139402 0.132760 0.618436
0.139314 0.135837 0.619241
0.137037 0.134812 0.619966
0.136226 0.135633 0.621250
0.135589 0.132735 0.618691
0.140742 0.133435 0.618733
0.134731 0.132693 0.624073
0.138879 0.129163 0.618796
0.137907 0.131962 0.619944
0.133886 0.134958 0.622472
0.134106 0.131856 0.619948
0.135569 0.131129 0.620321
0.138576 0.134009 0.621733
0.136751 0.137380 0.626401
0.135267 0.133566 0.624794
0.134601 0.130462 0.624963
0.137506 0.134652 0.626000
0.134894 0.134098 0.624928
0.134149 0.134640 0.630155
0.129786 0.134024 0.627185
0.134944 0.136781 0.628887
0.133812 0.132110 0.624999
0.132048 0.131530 0.625300
0.131339 0.129910 0.625293
0.131151 0.132864 0.629166
0.131622 0.130615 0.626796
0.131100 0.133215 0.627235
0.128707 0.133695 0.628971
0.127096 0.133166 0.628303
0.131902 0.133969 0.628932
0.128810 0.134124 0.630618
0.127110 0.133672 0.630677
0.128978 0.131489 0.631394
0.125587 0.134991 0.630550
0.128571 0.136288 0.630312
0.126377 0.131723 0.628496
0.125225 0.132519 0.631897
0.126964 0.132856 0.632701
0.124245 0.132584 0.635046
0.126009 0.133522 0.632489
0.125600 0.135808 0.632780
0.126394 0.135133 0.632037
0.125499 0.132680 0.633717
0.124318 0.134572 0.632689
0.128499 0.133539 0.635751
0.126149 0.135598 0.634838
0.125731 0.132017 0.634674
0.121000 0.132779 0.633251
0.122868 0.130981 0.639264
0.123067 0.134956 0.639754
0.122334 0.134433 0.635901
0.119499 0.130377 0.634622
0.121380 0.137233 0.565115
0.120423 0.138947 0.563738
0.125626 0.137846 0.563364
0.120288 0.137445 0.561952
0.122850 0.139516 0.566687
0.124366 0.134999 0.567140
0.121573 0.134064 0.564797
0.124950 0.136974 0.563516
0.123980 0.134497 0.565245
0.127910 0.133495 0.565706
0.123550 0.136638 0.564549
0.128735 0.135897 0.565861
0.127321 0.136014 0.564985
0.124720 0.137407 0.565450
0.126434 0.134647 0.568438
0.127202 0.133655 0.568498
0.126826 0.134050 0.565869
0.129892 0.138332 0.570059
0.125898 0.137790 0.568649
0.127894 0.137421 0.565585
0.128904 0.139366 0.567167
0.131862 0.136383 0.570218
0.127406 0.140050 0.571552
0.133989 0.137123 0.568115
0.129855 0.137966 0.569951
0.130746 0.135842 0.570180
0.130800 0.140671 0.571540
0.136391 0.135257 0.573745
0.132920 0.134775 0.570827
0.128824 0.130843 0.575326
0.133862 0.135940 0.572260
0.130484 0.137785 0.575399
0.130423 0.140621 0.572019
0.135128 0.138966 0.575452
0.137300 0.136941 0.571731
0.135221 0.134732 0.576277
0.137396 0.133120 0.576297
0.137727 0.136958 0.577006
0.136326 0.138930 0.577555
0.131849 0.137761 0.575405
0.135981 0.129415 0.574480
0.136888 0.135784 0.577832
0.138159 0.137021 0.580373
0.139064 0.137449 0.578851
0.133457 0.136466 0.581560
0.137204 0.139460 0.579761
0.132371 0.138376 0.584553
0.137197 0.139639 0.580268
0.135987 0.137548 0.580819
0.139329 0.133086 0.580116
0.138208 0.137914 0.580367
0.139225 0.135471 0.579817
0.139943 0.133362 0.579877
0.136988 0.137198 0.583935
0.140268 0.134258 0.585164
0.135484 0.133436 0.583289
0.135918 0.137727 0.583473
0.138434 0.139434 0.582692
0.137765 0.133311 0.585571
0.140677 0.134754 0.585085
0.139722 0.138206 0.583903
0.145606 0.134242 0.585570
0.139233 0.140041 0.585577
0.144240 0.135329 0.586743
0.143947 0.138946 0.586831
0.139131 0.135568 0.581189
0.137564 0.136977 0.590563
0.143943 0.138262 0.587096
0.138126 0.134402 0.585066
0.140452 0.138561 0.588538
0.143940 0.138574 0.589859
0.139118 0.131349 0.593518
0.140267 0.139296 0.592385
0.145325 0.139313 0.590867
0.139325 0.139322 0.595093
0.140237 0.137650 0.591784
0.143048 0.138438 0.595783
0.142521 0.138519 0.596517
0.140261 0.138066 0.592543
0.143508 0.139201 0.594234
0.144305 0.133911 0.595276
0.140404 0.136061 0.592439
0.142919 0.139720 0.593054
0.137084 0.136517 0.595055
0.144591 0.136816 0.597673
0.141295 0.139058 0.596949
0.138716 0.141665 0.596907
0.144678 0.134386 0.593630
0.141796 0.133533 0.595966
0.140753 0.135418 0.600326
0.140172 0.139503 0.599988
0.141352 0.136105 0.599265
0.138164 0.137553 0.605977
0.143589 0.135262 0.605099
0.143452 0.136900 0.605149
0.141892 0.132390 0.602186
0.144587 0.137168 0.602147
0.141322 0.139358 0.601071
0.140990 0.133298 0.605348
0.142774 0.137633 0.599547
0.142466 0.134599 0.605317
0.144111 0.137483 0.607667
0.144718 0.130667 0.605890
0.140265 0.137329 0.606242
0.143033 0.138072 0.603418
0.140763 0.139387 0.606661
0.142418 0.138665 0.606585
0.141209 0.136713 0.602987
0.140642 0.136609 0.609927
0.142472 0.136771 0.608471
0.144868 0.136669 0.614289
0.142020 0.137098 0.610146
0.139990 0.134644 0.610844
0.140436 0.134529 0.613119
0.139729 0.136191 0.614740
0.138074 0.138790 0.613094
0.140196 0.141760 0.612164
0.140688 0.141425 0.611419
0.140036 0.136521 0.612627
0.137485 0.133202 0.613809
0.142717 0.138081 0.612113
0.135942 0.134709 0.618892
0.136999 0.137747 0.614014
0.136815 0.134730 0.616549
0.138365 0.136572 0.613984
0.141094 0.139535 0.614019
0.138484 0.137728 0.618317
0.137882 0.134482 0.618599
0.137764 0.139281 0.618774
0.138880 0.138012 0.621429
0.136147 0.134700 0.617743
0.142583 0.137912 0.621193
0.137671 0.134392 0.618891
0.137130 0.134600 0.620640
0.132847 0.134685 0.623792
0.136852 0.136561 0.619426
0.137695 0.136927 0.622216
0.134627 0.138616 0.619780
0.136829 0.140348 0.621124
0.137229 0.136296 0.625374
0.137150 0.131485 0.620873
0.134879 0.138608 0.622949
0.134242 0.137802 0.626345
0.132849 0.135999 0.627970
0.136205 0.134781 0.625479
0.132885 0.138038 0.627473
0.132406 0.135414 0.627018
0.132052 0.137444 0.628185
0.133587 0.136555 0.625443
0.132857 0.140265 0.627872
0.130901 0.138108 0.628329
0.131423 0.140949 0.626282
0.137525 0.134851 0.630338
0.129548 0.133416 0.629090
0.130340 0.138739 0.628483
0.127395 0.133263 0.632527
0.131478 0.139237 0.632839
0.131768 0.132973 0.628976
0.128619 0.138750 0.635375
0.128493 0.134559 0.633986
0.132294 0.136142 0.632944
0.125235 0.141463 0.631226
0.125535 0.137123 0.631901
0.128847 0.132494 0.631427
0.123518 0.134327 0.632947
0.125418 0.134980 0.635577
0.126435 0.138404 0.630464
0.127026 0.137090 0.633419
0.126471 0.135062 0.634578
0.127163 0.136089 0.636745
0.124465 0.134594 0.638302
0.128253 0.136886 0.633322
0.125691 0.137695 0.631512
0.119532 0.137321 0.635904
0.121289 0.134954 0.638101
0.124012 0.134182 0.635848
0.123270 0.136075 0.637403
0.122748 0.136497 0.637635
0.121920 0.140148 0.636401
0.118976 0.140113 0.638240
0.119417 0.142740 0.564023
0.124449 0.139306 0.564219
0.118967 0.139848 0.567341
0.119513 0.137166 0.562681
0.123597 0.138193 0.563437
0.122388 0.141704 0.563248
0.121066 0.139797 0.563700
0.122839 0.136912 0.567200
0.123781 0.138811 0.566063
0.126920 0.134937 0.566329
0.127827 0.141045 0.566553
0.125875 0.141535 0.568878
0.125587 0.138066 0.568685
0.127205 0.139664 0.566875
0.127143 0.139118 0.566739
0.128701 0.140239 0.568227
0.127690 0.139049 0.566740
0.129275 0.139864 0.567297
0.128384 0.140999 0.571385
0.127804 0.141106 0.566513
0.130262 0.146511 0.570468
0.129308 0.143484 0.570638
0.130573 0.143763 0.569612
0.128337 0.138957 0.569159
0.130040 0.138950 0.567415
0.130964 0.141540 0.568448
0.128479 0.142774 0.571819
0.133442 0.140302 0.571499
0.130731 0.138191 0.574359
0.132675 0.141383 0.571076
0.130453 0.141310 0.570377
0.133849 0.140407 0.570437
0.134308 0.144209 0.572780
0.130807 0.137811 0.573211
0.136446 0.139229 0.577152
0.134561 0.139821 0.576291
0.133074 0.135392 0.573662
0.135773 0.136925 0.575684
0.133853 0.137393 0.578563
0.132604 0.138593 0.576027
0.138219 0.143735 0.576624
0.138738 0.141900 0.575403
0.134729 0.139141 0.577827
0.135317 0.142636 0.577784
0.135214 0.142268 0.577537
0.135401 0.143007 0.580321
0.136196 0.141493 0.577932
0.137565 0.140481 0.583783
0.142373 0.139763 0.580202
0.139581 0.138649 0.581673
0.140240 0.138344 0.583562
0.142275 0.141395 0.583548
0.136094 0.141688 0.582696
0.140114 0.141149 0.583573
0.136461 0.140512 0.580775
0.137260 0.138795 0.585469
0.139807 0.136983 0.582253
0.140437 0.142075 0.583773
0.139844 0.138568 0.586320
0.136137 0.144122 0.584107
0.141815 0.138939 0.584248
0.137733 0.140829 0.582225
0.144924 0.142283 0.587450
0.139950 0.140662 0.588157
0.138926 0.144853 0.587242
0.140796 0.140331 0.588302
0.140859 0.137958 0.587978
0.143052 0.138607 0.588334
0.140038 0.139739 0.590176
0.142323 0.145153 0.589515
0.139666 0.139021 0.590438
0.140767 0.137627 0.586329
0.143477 0.138628 0.592347
0.140597 0.140844 0.593017
0.141329 0.140652 0.593163
0.139415 0.140721 0.589316
0.140160 0.141111 0.598339
0.143209 0.140685 0.591590
0.143129 0.142835 0.595852
0.139965 0.140819 0.595635
0.142820 0.141298 0.596518
0.139847 0.141141 0.596233
0.142045 0.141006 0.595163
0.143727 0.138648 0.593991
0.140467 0.143657 0.596969
0.143747 0.139287 0.600239
0.143420 0.137534 0.594692
0.145861 0.137728 0.598225
0.139987 0.140281 0.598816
0.143372 0.138062 0.603178
0.141333 0.139781 0.600001
0.141578 0.138489 0.599786
0.144772 0.137856 0.597699
0.142579 0.138611 0.600511
0.140495 0.139500 0.606150
0.143992 0.140667 0.602355
0.136903 0.139903 0.604105
0.141285 0.141624 0.603417
0.142877 0.139341 0.605992
0.140215 0.140106 0.607063
0.139945 0.140081 0.602312
0.141121 0.138629 0.600214
0.140834 0.140157 0.607697
0.142421 0.140351 0.607128
0.142048 0.142243 0.608463
0.140459 0.139014 0.612206
0.142255 0.139073 0.606360
0.140774 0.140291 0.610921
0.143944 0.141380 0.610093
0.141762 0.141783 0.609299
0.136340 0.140793 0.610297
0.140012 0.137654 0.613332
0.142388 0.136620 0.615060
0.139918 0.139447 0.611406
0.140568 0.139353 0.613169
0.140254 0.142364 0.613581
0.141027 0.135475 0.611734
0.142758 0.137050 0.614692
0.138956 0.143823 0.612752
0.141317 0.141823 0.614009
0.138523 0.140862 0.615546
0.138999 0.139964 0.615902
0.140014 0.141561 0.617886
0.141399 0.138287 0.616789
0.137481 0.141696 0.617946
0.138033 0.140217 0.614388
0.137473 0.139337 0.619490
0.139293 0.139351 0.617416
0.134459 0.136675 0.617108
0.136815 0.141527 0.619439
0.138443 0.143995 0.617184
0.135806 0.142773 0.620213
0.135549 0.141015 0.622002
0.134664 0.145101 0.618798
0.140191 0.142709 0.619626
0.138447 0.140631 0.625325
0.137821 0.138518 0.622879
0.138293 0.138099 0.619316
0.139643 0.139333 0.622972
0.135904 0.138099 0.622582
0.134527 0.141864 0.622304
0.138662 0.141848 0.624521
0.136894 0.140173 0.623747
0.133506 0.141553 0.623902
0.130751 0.138729 0.626519
0.133096 0.139181 0.629080
0.131929 0.142383 0.625232
0.128916 0.141765 0.629623
0.135841 0.142185 0.630822
0.127214 0.140737 0.624057
0.130697 0.134579 0.622240
0.133969 0.138486 0.625714
0.130459 0.143114 0.626971
0.130710 0.140109 0.625793
0.129280 0.135454 0.628349
0.133082 0.140486 0.628963
0.132366 0.137670 0.626744
0.132971 0.141956 0.631808
0.129978 0.141169 0.629299
0.127677 0.140223 0.632296
0.124976 0.139531 0.631568
0.127498 0.140814 0.629349
0.127004 0.139077 0.633532
0.123719 0.141561 0.630319
0.128147 0.141033 0.636014
0.126158 0.140790 0.633549
0.127456 0.141052 0.632426
0.125420 0.139549 0.633840
0.124008 0.140209 0.635771
0.125416 0.138611 0.632574
0.124671 0.141560 0.631550
0.120003 0.141800 0.633951
0.122245 0.137502 0.634838
0.125948 0.139281 0.636047
0.124807 0.143136 0.635855
0.122819 0.138671 0.635946
0.124559 0.139448 0.638674
0.121951 0.140117 0.636571
0.120320 0.137893 0.639444
0.121953 0.138591 0.636856
