# .PCD v0.7
VERSION 0.7
FIELDS x y z
SIZE 4 4 4
TYPE F F F
COUNT 1 1 1
WIDTH 21600
HEIGHT 1
VIEWPOINT 0 0 0 1 0 0 0
POINTS 21600
DATA ascii
0.136932 -0.260132 0.579390
0.137035 -0.260536 0.579327
0.138356 -0.259053 0.578478
0.135908 -0.260623 0.579441
0.134968 -0.260219 0.578371
0.136680 -0.260544 0.579519
0.137941 -0.258957 0.579926
0.139012 -0.260665 0.580626
0.138663 -0.259906 0.579752
0.136952 -0.260458 0.580937
0.136976 -0.260209 0.580779
0.138637 -0.259785 0.581516
0.137552 -0.260130 0.582168
0.139808 -0.261259 0.583122
0.139767 -0.259219 0.582097
0.138213 -0.258542 0.584018
0.140433 -0.258685 0.582641
0.137526 -0.260004 0.583166
0.137547 -0.259605 0.583166
0.139632 -0.261184 0.582302
0.138599 -0.261170 0.584931
0.138637 -0.259671 0.583162
0.140813 -0.258680 0.584283
0.137121 -0.259948 0.584563
0.140422 -0.260618 0.585932
0.138190 -0.260662 0.585276
0.139650 -0.257998 0.584761
0.139057 -0.260378 0.583713
0.138501 -0.259370 0.585618
0.141160 -0.260755 0.586959
0.139664 -0.258426 0.585070
0.139300 -0.259750 0.586769
0.140279 -0.260586 0.584630
0.138798 -0.259497 0.587196
0.140115 -0.261074 0.587315
0.139078 -0.260713 0.587299
0.138185 -0.259614 0.586332
0.140620 -0.260076 0.587353
0.141280 -0.260758 0.588809
0.141385 -0.259156 0.588791
0.141518 -0.259156 0.587939
0.139374 -0.260135 0.587333
0.139447 -0.259742 0.587773
0.139907 -0.261043 0.588849
0.141362 -0.258678 0.588806
0.142110 -0.258598 0.590210
0.138766 -0.258771 0.589640
0.141617 -0.259629 0.589924
0.141573 -0.260359 0.587881
0.141204 -0.260804 0.591104
0.141082 -0.259917 0.589416
0.140916 -0.260012 0.589023
0.141782 -0.260106 0.589565
0.139137 -0.259487 0.590696
0.141057 -0.260236 0.593053
0.141587 -0.259913 0.589993
0.143334 -0.259083 0.592791
0.141782 -0.259083 0.592339
0.142394 -0.260152 0.590738
0.142854 -0.261935 0.592217
0.141664 -0.261043 0.593315
0.141710 -0.260437 0.593466
0.141475 -0.258611 0.593543
0.141516 -0.261944 0.592130
0.143115 -0.260051 0.593400
0.143707 -0.261283 0.593344
0.141626 -0.259414 0.593512
0.141519 -0.261605 0.595151
0.142970 -0.260476 0.594832
0.140902 -0.260472 0.596293
0.142359 -0.257690 0.594375
0.142832 -0.260196 0.595975
0.142270 -0.260561 0.594789
0.145368 -0.260077 0.593887
0.141677 -0.259322 0.595651
0.143708 -0.258998 0.596247
0.141895 -0.261005 0.595947
0.140913 -0.258796 0.598486
0.141148 -0.261182 0.595374
0.141456 -0.263106 0.596249
0.143731 -0.260346 0.598494
0.141958 -0.258239 0.598087
0.142077 -0.257448 0.597811
0.141248 -0.259798 0.598345
0.143544 -0.260922 0.599437
0.143338 -0.260668 0.599045
0.141660 -0.257654 0.598426
0.142042 -0.261066 0.599032
0.142492 -0.259232 0.599017
0.142314 -0.261416 0.599048
0.145256 -0.258959 0.599343
0.141161 -0.260976 0.600351
0.142530 -0.260744 0.599335
0.143913 -0.259548 0.600496
0.142265 -0.260530 0.598183
0.142594 -0.261071 0.600365
0.141829 -0.259268 0.600445
0.141025 -0.259360 0.602619
0.141489 -0.259438 0.601821
0.142736 -0.261261 0.603194
0.143623 -0.259363 0.603167
0.138632 -0.259739 0.602832
0.142239 -0.260631 0.603161
0.142780 -0.260264 0.602890
0.143577 -0.261105 0.604631
0.142502 -0.260804 0.603559
0.141382 -0.259325 0.604444
0.141721 -0.261102 0.604645
0.143209 -0.260114 0.605009
0.141848 -0.259932 0.604547
0.142489 -0.261510 0.605729
0.141934 -0.259641 0.604991
0.142453 -0.261073 0.606767
0.140395 -0.261039 0.606060
0.143527 -0.259722 0.605823
0.140603 -0.260191 0.606297
0.143681 -0.259378 0.605033
0.143978 -0.260395 0.605929
0.143385 -0.260050 0.606686
0.142087 -0.259155 0.608292
0.140450 -0.258002 0.608490
0.141401 -0.260819 0.606819
0.141857 -0.260648 0.607267
0.142498 -0.259635 0.607882
0.142372 -0.258633 0.607425
0.140983 -0.259057 0.609482
0.141761 -0.258838 0.607918
0.140002 -0.260867 0.609372
0.140630 -0.260487 0.608517
0.140750 -0.261005 0.610101
0.142108 -0.260480 0.609769
0.140673 -0.259469 0.610306
0.142787 -0.261095 0.610821
0.141575 -0.260360 0.611283
0.139629 -0.257881 0.609598
0.141923 -0.261121 0.612331
0.140552 -0.259842 0.611473
0.141970 -0.260322 0.608692
0.140041 -0.259816 0.611457
0.141500 -0.258985 0.611988
0.139169 -0.258616 0.613457
0.140286 -0.257892 0.612263
0.139374 -0.260156 0.613927
0.139498 -0.258049 0.612189
0.141312 -0.259456 0.613168
0.141360 -0.261500 0.614916
0.140136 -0.260542 0.614543
0.141178 -0.259230 0.616028
0.141116 -0.258716 0.613723
0.140058 -0.259437 0.614479
0.140167 -0.259574 0.615575
0.139677 -0.260350 0.614135
0.138799 -0.258828 0.615111
0.140388 -0.261297 0.613490
0.138461 -0.258853 0.616727
0.139750 -0.260802 0.615759
0.139026 -0.260345 0.613614
0.138371 -0.260190 0.617867
0.139294 -0.258599 0.616186
0.138782 -0.263899 0.617271
0.139483 -0.258236 0.616549
0.138930 -0.260706 0.616087
0.138021 -0.260345 0.618846
0.138633 -0.260791 0.617859
0.138744 -0.260676 0.619086
0.136533 -0.260214 0.618833
0.136976 -0.259639 0.619685
0.138660 -0.261690 0.617888
0.139329 -0.259702 0.618829
0.138427 -0.259279 0.618353
0.137583 -0.259857 0.618740
0.137627 -0.258702 0.618537
0.139572 -0.258121 0.618012
0.137388 -0.259657 0.619184
0.136671 -0.260237 0.620904
0.136782 -0.258173 0.620673
0.137071 -0.258551 0.621227
0.137421 -0.260331 0.622632
0.137742 -0.260203 0.619457
0.137179 -0.261144 0.619534
0.136527 -0.256357 0.580032
0.137212 -0.255833 0.577740
0.137030 -0.256514 0.580044
0.137289 -0.255835 0.578895
0.137651 -0.256224 0.578367
0.137587 -0.256959 0.577931
0.138488 -0.257001 0.579202
0.137268 -0.256500 0.581783
0.137594 -0.256166 0.581869
0.138407 -0.255570 0.580240
0.138757 -0.256697 0.582013
0.137093 -0.257418 0.582430
0.138010 -0.256998 0.581462
0.137625 -0.255307 0.580359
0.138271 -0.256292 0.581728
0.137725 -0.257507 0.582483
0.137601 -0.255992 0.580759
0.138179 -0.256602 0.581257
0.139488 -0.256657 0.581700
0.137417 -0.258204 0.583015
0.137878 -0.258004 0.582961
0.141410 -0.256361 0.584184
0.139442 -0.255856 0.582307
0.138894 -0.256377 0.583862
0.139226 -0.257305 0.583852
0.138736 -0.259060 0.583146
0.140077 -0.255082 0.586386
0.139787 -0.255745 0.585712
0.139086 -0.258337 0.585068
0.138103 -0.256959 0.585878
0.138531 -0.256606 0.586743
0.140397 -0.256116 0.586644
0.141851 -0.256487 0.587201
0.140135 -0.257185 0.586521
0.139674 -0.257212 0.585834
0.138063 -0.256533 0.585414
0.140328 -0.255189 0.586393
0.139969 -0.255275 0.587697
0.141562 -0.256994 0.588136
0.139973 -0.257315 0.588222
0.140132 -0.255872 0.590255
0.139115 -0.257391 0.589222
0.140724 -0.255478 0.587331
0.141268 -0.256789 0.588721
0.141334 -0.257859 0.587746
0.142467 -0.256345 0.589167
0.141087 -0.256282 0.588145
0.140194 -0.255334 0.589693
0.142104 -0.257244 0.591159
0.141658 -0.256157 0.590573
0.140573 -0.258504 0.589191
0.143057 -0.255338 0.590161
0.141180 -0.255602 0.590582
0.140235 -0.255373 0.591471
0.139070 -0.256952 0.591380
0.142119 -0.256487 0.590844
0.141571 -0.256344 0.591456
0.141362 -0.255387 0.591021
0.141431 -0.258670 0.592753
0.142653 -0.256090 0.593374
0.142309 -0.256296 0.593176
0.141643 -0.255450 0.592598
0.140489 -0.255789 0.595043
0.141030 -0.256740 0.592752
0.141647 -0.256593 0.592441
0.141787 -0.258105 0.593361
0.140913 -0.257698 0.592456
0.143352 -0.256130 0.592504
0.141567 -0.257309 0.593977
0.140748 -0.255884 0.594519
0.142692 -0.256112 0.596538
0.140436 -0.254900 0.596678
0.142851 -0.254255 0.595861
0.143124 -0.257377 0.597038
0.142493 -0.257090 0.598268
0.142042 -0.256630 0.596202
0.141612 -0.256107 0.597385
0.142741 -0.258999 0.597903
0.142054 -0.257855 0.597746
0.142983 -0.257682 0.599863
0.141225 -0.258372 0.596485
0.143868 -0.256815 0.597515
0.142397 -0.257235 0.597446
0.141828 -0.255931 0.599405
0.141423 -0.256399 0.599421
0.141404 -0.257141 0.597843
0.141200 -0.256537 0.598394
0.143127 -0.256668 0.599791
0.142206 -0.257274 0.599536
0.142495 -0.257345 0.600302
0.143246 -0.256481 0.601838
0.141866 -0.256118 0.599964
0.142730 -0.257469 0.601737
0.142667 -0.255446 0.599604
0.141992 -0.257531 0.600587
0.141785 -0.256759 0.601350
0.142428 -0.257194 0.601803
0.143335 -0.257541 0.601865
0.142373 -0.256170 0.602049
0.142419 -0.257630 0.602383
0.141498 -0.256123 0.602506
0.142444 -0.257530 0.603661
0.143079 -0.255777 0.605333
0.142315 -0.255435 0.603229
0.142741 -0.256273 0.603865
0.142984 -0.256943 0.603890
0.142837 -0.254891 0.603254
0.140471 -0.257123 0.604433
0.142426 -0.256546 0.605774
0.143200 -0.256688 0.604368
0.141849 -0.256995 0.604859
0.140592 -0.257100 0.604907
0.141943 -0.256893 0.606250
0.141567 -0.257077 0.606367
0.141829 -0.256422 0.606740
0.142450 -0.256388 0.606120
0.142672 -0.256463 0.606058
0.141800 -0.257857 0.605846
0.140028 -0.257319 0.608389
0.141312 -0.255851 0.607295
0.141125 -0.255300 0.608125
0.140029 -0.255597 0.606713
0.141556 -0.255971 0.607732
0.142805 -0.255877 0.606699
0.141165 -0.256357 0.607945
0.141370 -0.255839 0.609080
0.140614 -0.256464 0.608394
0.140266 -0.257769 0.609536
0.141398 -0.256633 0.608346
0.141186 -0.257676 0.608808
0.141147 -0.258022 0.610645
0.143740 -0.256180 0.609174
0.140922 -0.258194 0.610081
0.141639 -0.256049 0.609668
0.141367 -0.255482 0.612695
0.140302 -0.257503 0.611234
0.138009 -0.257170 0.611149
0.140410 -0.258223 0.611413
0.140024 -0.255881 0.610979
0.140448 -0.256872 0.612704
0.138113 -0.256979 0.613134
0.140224 -0.258166 0.612939
0.140848 -0.256909 0.611689
0.139695 -0.256952 0.612210
0.138438 -0.257408 0.613261
0.139772 -0.256714 0.613642
0.141096 -0.254435 0.614525
0.138714 -0.259296 0.613934
0.140107 -0.257801 0.614535
0.139184 -0.256236 0.614171
0.140263 -0.258382 0.614292
0.139630 -0.258064 0.616846
0.139150 -0.255249 0.614531
0.139371 -0.255455 0.615732
0.139702 -0.256373 0.614293
0.139028 -0.257595 0.616087
0.138780 -0.256683 0.616043
0.139193 -0.256673 0.615698
0.138079 -0.257303 0.617651
0.139409 -0.256052 0.618188
0.137757 -0.256129 0.615961
0.138501 -0.256154 0.618878
0.137952 -0.256733 0.618647
0.137141 -0.256277 0.617409
0.137645 -0.256492 0.618537
0.137509 -0.256259 0.618341
0.137072 -0.255085 0.619482
0.137346 -0.257225 0.619387
0.137601 -0.258478 0.619888
0.137994 -0.254732 0.619419
0.138064 -0.253764 0.619112
0.136808 -0.256409 0.620641
0.136480 -0.257547 0.620175
0.134332 -0.257731 0.620741
0.136825 -0.258265 0.622090
0.135883 -0.257162 0.620010
0.137256 -0.257008 0.620520
0.137110 -0.256725 0.620911
0.134551 -0.256198 0.619630
0.134639 -0.255257 0.619964
0.136986 -0.254050 0.578072
0.137413 -0.254326 0.579338
0.137433 -0.252113 0.578846
0.138220 -0.251557 0.580986
0.137879 -0.252828 0.582466
0.139644 -0.254044 0.580759
0.138131 -0.253205 0.580208
0.138133 -0.252340 0.580493
0.138100 -0.251885 0.580813
0.138418 -0.252287 0.582350
0.139213 -0.252900 0.581146
0.136873 -0.252985 0.580124
0.137182 -0.252627 0.581284
0.138786 -0.253904 0.582809
0.138565 -0.252090 0.582506
0.138692 -0.253756 0.582089
0.139459 -0.252580 0.581088
0.139760 -0.253491 0.583325
0.138138 -0.252639 0.581940
0.139065 -0.253575 0.582678
0.138469 -0.253431 0.581451
0.140009 -0.252316 0.582978
0.137849 -0.253924 0.584597
0.139950 -0.253578 0.584777
0.138376 -0.253890 0.584585
0.139414 -0.253867 0.581829
0.140272 -0.252954 0.582829
0.140291 -0.253292 0.585083
0.140724 -0.254017 0.585750
0.140549 -0.252516 0.586906
0.140610 -0.253839 0.587301
0.138928 -0.253740 0.584773
0.140015 -0.252195 0.587269
0.140663 -0.253887 0.585653
0.139676 -0.252324 0.585535
0.141223 -0.253310 0.586850
0.141947 -0.253753 0.588576
0.139102 -0.254102 0.585572
0.139839 -0.252694 0.588126
0.140965 -0.253010 0.586452
0.139404 -0.252973 0.589212
0.140437 -0.254546 0.586569
0.140189 -0.251698 0.588133
0.139899 -0.253887 0.588097
0.141269 -0.253937 0.587930
0.140880 -0.252809 0.589777
0.141682 -0.253735 0.587606
0.140395 -0.252993 0.588208
0.141506 -0.253867 0.589201
0.142432 -0.253059 0.591394
0.140431 -0.252147 0.591175
0.138432 -0.253366 0.592050
0.142259 -0.253719 0.590518
0.140232 -0.253071 0.589200
0.140571 -0.252158 0.591216
0.141274 -0.253383 0.594222
0.142722 -0.254053 0.593391
0.141645 -0.252538 0.591381
0.140843 -0.252475 0.591443
0.141044 -0.252379 0.591295
0.140449 -0.252732 0.590742
0.141159 -0.253643 0.591601
0.140834 -0.252611 0.593484
0.141045 -0.252748 0.594957
0.140746 -0.253216 0.595660
0.142675 -0.252464 0.593729
0.141301 -0.252134 0.594829
0.142081 -0.253743 0.592674
0.142320 -0.253969 0.594537
0.142866 -0.252457 0.595634
0.144479 -0.252112 0.594416
0.141433 -0.250949 0.594746
0.142233 -0.251532 0.597372
0.142248 -0.253035 0.594269
0.141417 -0.253643 0.596146
0.142024 -0.253125 0.598592
0.142832 -0.252969 0.596649
0.142215 -0.252044 0.595904
0.142278 -0.254373 0.597230
0.142539 -0.252357 0.598589
0.143097 -0.251655 0.599228
0.142763 -0.252904 0.595951
0.142779 -0.253282 0.596447
0.142038 -0.252320 0.597145
0.143771 -0.252803 0.598404
0.142343 -0.252447 0.597450
0.144532 -0.254091 0.598365
0.143716 -0.252487 0.600704
0.143544 -0.252901 0.598351
0.142027 -0.253079 0.599858
0.140447 -0.252233 0.601855
0.143962 -0.254295 0.600809
0.140369 -0.251587 0.598682
0.142902 -0.252115 0.602161
0.142829 -0.254703 0.601018
0.142210 -0.252909 0.602355
0.143131 -0.251156 0.602277
0.142070 -0.251647 0.601550
0.142729 -0.253097 0.599819
0.142711 -0.252988 0.602151
0.142279 -0.254562 0.602692
0.143907 -0.253455 0.602335
0.141779 -0.251260 0.601750
0.143212 -0.253166 0.605274
0.143658 -0.253366 0.602059
0.143755 -0.251819 0.602744
0.143047 -0.254078 0.603320
0.140668 -0.252344 0.604615
0.142746 -0.251825 0.605259
0.142808 -0.252528 0.603773
0.142160 -0.254484 0.604185
0.142072 -0.252215 0.607390
0.141047 -0.253104 0.605507
0.142626 -0.252695 0.606187
0.141097 -0.252883 0.606963
0.141515 -0.251299 0.606082
0.141356 -0.252981 0.606305
0.140584 -0.253303 0.608404
0.143913 -0.253844 0.607959
0.142001 -0.252993 0.608566
0.142677 -0.253123 0.606614
0.140656 -0.253341 0.608111
0.142237 -0.252495 0.609012
0.139283 -0.252374 0.607229
0.142751 -0.252941 0.609150
0.141046 -0.252995 0.606896
0.142630 -0.253608 0.606417
0.142543 -0.251601 0.608373
0.142639 -0.254027 0.607225
0.141012 -0.252951 0.609868
0.141416 -0.252981 0.610192
0.141038 -0.253879 0.609952
0.140841 -0.253580 0.609356
0.140589 -0.253195 0.611009
0.141004 -0.253461 0.611474
0.141818 -0.252597 0.609430
0.140482 -0.252572 0.611935
0.141549 -0.252963 0.610805
0.142023 -0.254637 0.612883
0.140714 -0.254750 0.611740
0.141862 -0.253866 0.611164
0.140297 -0.254095 0.611361
0.140949 -0.252479 0.612297
0.140959 -0.253664 0.612986
0.140481 -0.251784 0.613830
0.139280 -0.252761 0.613337
0.139733 -0.254117 0.613767
0.140058 -0.253679 0.612637
0.138328 -0.253149 0.614441
0.142134 -0.253456 0.615518
0.141061 -0.253338 0.614807
0.139349 -0.251502 0.613455
0.139651 -0.251893 0.615088
0.139030 -0.253044 0.615955
0.140077 -0.252996 0.616409
0.140363 -0.254384 0.615511
0.140194 -0.252789 0.616355
0.139902 -0.252325 0.615492
0.137906 -0.254431 0.618438
0.137981 -0.253512 0.616623
0.139967 -0.255016 0.616997
0.140050 -0.252162 0.617673
0.138473 -0.251520 0.615819
0.139612 -0.252769 0.618308
0.138793 -0.253072 0.618873
0.137268 -0.254524 0.618330
0.138366 -0.253114 0.619982
0.137627 -0.252526 0.619000
0.140463 -0.254679 0.618293
0.137529 -0.251957 0.618242
0.139531 -0.251679 0.620149
0.138197 -0.254833 0.619687
0.136215 -0.253640 0.619928
0.137220 -0.252327 0.619816
0.135863 -0.254337 0.618891
0.136977 -0.252030 0.620889
0.137513 -0.254563 0.622970
0.137024 -0.250860 0.619950
0.136362 -0.250678 0.619959
0.137225 -0.253616 0.620437
0.138967 -0.250920 0.579647
0.138034 -0.250928 0.577068
0.135272 -0.250716 0.579405
0.137509 -0.250105 0.579294
0.138267 -0.249148 0.579996
0.136795 -0.249138 0.580017
0.136781 -0.250493 0.581283
0.139491 -0.250446 0.578197
0.138347 -0.250819 0.581228
0.137497 -0.247686 0.580829
0.138888 -0.251131 0.578119
0.138232 -0.249654 0.581881
0.137652 -0.251208 0.579784
0.138867 -0.249206 0.580732
0.137893 -0.250644 0.579937
0.138726 -0.249070 0.581834
0.137209 -0.250114 0.583648
0.140864 -0.249647 0.581721
0.136850 -0.251462 0.582648
0.139162 -0.249659 0.582701
0.137492 -0.251492 0.583339
0.138308 -0.248611 0.581962
0.140916 -0.250582 0.583873
0.139547 -0.250260 0.581866
0.138935 -0.248394 0.582829
0.137668 -0.250135 0.583928
0.138308 -0.250669 0.584091
0.139278 -0.249753 0.585511
0.140166 -0.249574 0.586717
0.140961 -0.252829 0.584906
0.138375 -0.250605 0.586274
0.139834 -0.250344 0.587054
0.138614 -0.250010 0.586520
0.140223 -0.251079 0.586184
0.141087 -0.249559 0.586760
0.140665 -0.249781 0.585436
0.140126 -0.249485 0.583800
0.141268 -0.249579 0.586067
0.139839 -0.250120 0.587802
0.140285 -0.248749 0.588039
0.139944 -0.250387 0.588091
0.141529 -0.249236 0.588005
0.141019 -0.249941 0.589163
0.139951 -0.249313 0.586728
0.141454 -0.249660 0.588820
0.138935 -0.248349 0.589959
0.141157 -0.249457 0.588361
0.141705 -0.248356 0.588363
0.143946 -0.250353 0.590610
0.140487 -0.249526 0.588750
0.140711 -0.250145 0.589610
0.141185 -0.248940 0.589231
0.140286 -0.249869 0.590187
0.140531 -0.249784 0.590429
0.141923 -0.249956 0.591036
0.141569 -0.248893 0.592794
0.141527 -0.250946 0.590213
0.139501 -0.251092 0.591116
0.141728 -0.251797 0.593642
0.142889 -0.248671 0.591944
0.142113 -0.250863 0.594251
0.140698 -0.250430 0.594370
0.144441 -0.250008 0.592778
0.139483 -0.248206 0.593746
0.140144 -0.249045 0.594297
0.141710 -0.250474 0.594659
0.142333 -0.249429 0.595402
0.143326 -0.249155 0.595007
0.140886 -0.251031 0.595487
0.142842 -0.249398 0.595756
0.141670 -0.249351 0.594173
0.142314 -0.248987 0.594732
0.144230 -0.248782 0.597029
0.142091 -0.251305 0.595205
0.142877 -0.250195 0.596873
0.142498 -0.250506 0.597333
0.143719 -0.250648 0.597159
0.142543 -0.249635 0.596791
0.141151 -0.248506 0.596099
0.141549 -0.249260 0.597571
0.141638 -0.250574 0.597480
0.142011 -0.249269 0.596723
0.142822 -0.248385 0.598337
0.141581 -0.250639 0.598428
0.141854 -0.248681 0.596792
0.144124 -0.251941 0.598840
0.141408 -0.249096 0.598356
0.141362 -0.250256 0.598967
0.140563 -0.249461 0.597234
0.143676 -0.250246 0.600829
0.141899 -0.250709 0.600776
0.141914 -0.251464 0.600286
0.141118 -0.249929 0.602001
0.143454 -0.249914 0.600704
0.142168 -0.250554 0.601474
0.142320 -0.250298 0.601637
0.140451 -0.247959 0.602246
0.141065 -0.249801 0.600735
0.141908 -0.250811 0.603204
0.140514 -0.250270 0.600712
0.142399 -0.250234 0.601202
0.143844 -0.248353 0.602293
0.142908 -0.250065 0.603349
0.143900 -0.250185 0.605145
0.142059 -0.250010 0.605490
0.142601 -0.251948 0.604073
0.141020 -0.251579 0.603153
0.142604 -0.251029 0.602942
0.141872 -0.249511 0.603894
0.140917 -0.252089 0.604062
0.143039 -0.248914 0.605875
0.141989 -0.249787 0.606599
0.141264 -0.249552 0.603707
0.142781 -0.250367 0.604669
0.142837 -0.251027 0.605203
0.143565 -0.250962 0.605661
0.141307 -0.249131 0.604727
0.143202 -0.250159 0.606491
0.141014 -0.250061 0.608524
0.142081 -0.250849 0.606951
0.142360 -0.249831 0.607286
0.142385 -0.249555 0.606710
0.139819 -0.249415 0.609890
0.140866 -0.250057 0.609630
0.143377 -0.249851 0.609770
0.142337 -0.250472 0.606744
0.140625 -0.249547 0.609426
0.140979 -0.250774 0.607649
0.139746 -0.250038 0.607917
0.141355 -0.250714 0.609308
0.143438 -0.249868 0.609632
0.141080 -0.251390 0.611556
0.142041 -0.250448 0.610688
0.140460 -0.249520 0.609356
0.141335 -0.248415 0.611386
0.140413 -0.248966 0.613130
0.141668 -0.249819 0.610617
0.141305 -0.247994 0.609642
0.141778 -0.249768 0.613411
0.140602 -0.252080 0.614128
0.139499 -0.249116 0.612247
0.140546 -0.249778 0.612066
0.140698 -0.249608 0.613651
0.140560 -0.249597 0.614414
0.139456 -0.249846 0.613801
0.141315 -0.249980 0.613657
0.139854 -0.248676 0.613472
0.140803 -0.250018 0.614059
0.138812 -0.249859 0.614233
0.138467 -0.250656 0.614043
0.138337 -0.251133 0.616200
0.138749 -0.250773 0.613568
0.140918 -0.248998 0.615514
0.139685 -0.250408 0.615143
0.138836 -0.249258 0.616351
0.140330 -0.247867 0.616597
0.139959 -0.248912 0.614578
0.139234 -0.251428 0.617927
0.138640 -0.248143 0.617641
0.138483 -0.251576 0.615684
0.139975 -0.250237 0.615555
0.138611 -0.248223 0.618873
0.138261 -0.249608 0.618103
0.137152 -0.250449 0.617311
0.138931 -0.250426 0.616545
0.138745 -0.250558 0.616940
0.137089 -0.250139 0.619843
0.138031 -0.248843 0.616370
0.137258 -0.251174 0.618565
0.138756 -0.250462 0.617817
0.138821 -0.250678 0.619556
0.137095 -0.249399 0.619121
0.138440 -0.249295 0.621947
0.137449 -0.250891 0.618784
0.136815 -0.249541 0.619451
0.138812 -0.249716 0.619406
0.136710 -0.250554 0.620779
0.136027 -0.248634 0.620462
0.136692 -0.248993 0.620286
0.136805 -0.248124 0.621661
0.137100 -0.247031 0.577756
0.138679 -0.246715 0.580864
0.136368 -0.245300 0.578977
0.137590 -0.245338 0.579841
0.138096 -0.248118 0.579156
0.139457 -0.246784 0.580154
0.137366 -0.247176 0.578561
0.136503 -0.244872 0.580196
0.136571 -0.247459 0.581369
0.136926 -0.247180 0.579600
0.136726 -0.244906 0.580797
0.137775 -0.247156 0.581873
0.138267 -0.246262 0.581521
0.137957 -0.247036 0.579873
0.137929 -0.244391 0.580593
0.138531 -0.246219 0.583252
0.141289 -0.246951 0.581406
0.139794 -0.246342 0.584516
0.139561 -0.247223 0.582540
0.139359 -0.246054 0.581830
0.137111 -0.248158 0.583809
0.138980 -0.248389 0.582870
0.137292 -0.246818 0.582784
0.138766 -0.246639 0.584062
0.139477 -0.245263 0.586511
0.140362 -0.246744 0.585093
0.138874 -0.247380 0.583701
0.139983 -0.245316 0.587028
0.141103 -0.245857 0.584348
0.139942 -0.246011 0.585147
0.141814 -0.247375 0.584789
0.140415 -0.244548 0.583924
0.139272 -0.245267 0.585293
0.142258 -0.247376 0.587279
0.140191 -0.246095 0.585406
0.138752 -0.245779 0.586148
0.139517 -0.247660 0.585869
0.141864 -0.247477 0.586608
0.142552 -0.246987 0.587382
0.141026 -0.246851 0.586938
0.142009 -0.246235 0.587234
0.139415 -0.247712 0.587078
0.138714 -0.245381 0.588443
0.141474 -0.247973 0.588095
0.140763 -0.246479 0.588614
0.139823 -0.245463 0.589771
0.141206 -0.245522 0.590509
0.142587 -0.246392 0.589227
0.140774 -0.245663 0.589081
0.140399 -0.246000 0.590547
0.142007 -0.247404 0.590567
0.142342 -0.247034 0.590240
0.141183 -0.245035 0.591652
0.140194 -0.248075 0.591644
0.141374 -0.246022 0.591502
0.142647 -0.248180 0.590932
0.141937 -0.246320 0.590776
0.141207 -0.247140 0.592013
0.142481 -0.246830 0.592059
0.139731 -0.247616 0.594310
0.140154 -0.245190 0.592404
0.139947 -0.245097 0.594231
0.141448 -0.245687 0.592836
0.142041 -0.246388 0.593206
0.142552 -0.246169 0.593160
0.142360 -0.247075 0.594063
0.141602 -0.246457 0.595776
0.141478 -0.248018 0.596016
0.142457 -0.247205 0.594419
0.141281 -0.245617 0.595629
0.142852 -0.246334 0.593112
0.141064 -0.246270 0.592754
0.142198 -0.247580 0.596290
0.142106 -0.245496 0.596242
0.142439 -0.247528 0.596779
0.144726 -0.248265 0.595375
0.144032 -0.246043 0.596351
0.143168 -0.246222 0.596242
0.141736 -0.245699 0.597486
0.143498 -0.245901 0.596777
0.143958 -0.247478 0.597186
0.141665 -0.247956 0.598510
0.141406 -0.247239 0.599079
0.143334 -0.247176 0.597076
0.142374 -0.248152 0.597622
0.142097 -0.246713 0.598326
0.142346 -0.245173 0.599757
0.143875 -0.245659 0.599610
0.141285 -0.247891 0.599606
0.142091 -0.247489 0.600285
0.143724 -0.246623 0.600210
0.141951 -0.247243 0.602347
0.141239 -0.246716 0.600174
0.142381 -0.245508 0.601864
0.142345 -0.245431 0.600352
0.142834 -0.244775 0.600790
0.142674 -0.245056 0.600773
0.142523 -0.246869 0.600747
0.142852 -0.247399 0.603768
0.142455 -0.246765 0.602402
0.142523 -0.246754 0.602666
0.141829 -0.247054 0.603384
0.140250 -0.247354 0.603114
0.142710 -0.246945 0.603489
0.141998 -0.248415 0.604541
0.142593 -0.247512 0.605324
0.142980 -0.247180 0.605203
0.142816 -0.245726 0.603742
0.141695 -0.247377 0.604050
0.139911 -0.245471 0.603657
0.142764 -0.247853 0.605202
0.140972 -0.246575 0.603732
0.141540 -0.245895 0.605792
0.142270 -0.247413 0.603628
0.141171 -0.247066 0.607550
0.142597 -0.246238 0.605735
0.141261 -0.245914 0.606190
0.141614 -0.244637 0.605826
0.141629 -0.246804 0.606402
0.140457 -0.245282 0.605886
0.140918 -0.246298 0.606299
0.141625 -0.246811 0.607551
0.141594 -0.247963 0.607483
0.142971 -0.245391 0.607695
0.142722 -0.247494 0.607156
0.139569 -0.247668 0.609223
0.141209 -0.244893 0.609846
0.141127 -0.246778 0.609033
0.142426 -0.246939 0.609477
0.140635 -0.245256 0.609385
0.140666 -0.248075 0.610942
0.140662 -0.246625 0.609807
0.141007 -0.248537 0.609674
0.140048 -0.244376 0.612046
0.141506 -0.244068 0.612217
0.139658 -0.247840 0.611448
0.140868 -0.246343 0.610595
0.142715 -0.246906 0.612779
0.142260 -0.247140 0.612474
0.142323 -0.245096 0.612888
0.141098 -0.246476 0.613643
0.141169 -0.246430 0.612139
0.139158 -0.246728 0.614714
0.139952 -0.247196 0.612845
0.140145 -0.247114 0.613965
0.140605 -0.245372 0.614160
0.140386 -0.248658 0.613991
0.139465 -0.245477 0.614102
0.139273 -0.247098 0.613061
0.139404 -0.246239 0.615676
0.140385 -0.245745 0.615621
0.139455 -0.245101 0.613612
0.139814 -0.247080 0.613230
0.141260 -0.248552 0.616117
0.141303 -0.246758 0.615544
0.137519 -0.246804 0.617341
0.138802 -0.247529 0.613805
0.140515 -0.246143 0.616048
0.140176 -0.247085 0.616245
0.141159 -0.247451 0.617098
0.139160 -0.246457 0.617042
0.137529 -0.246692 0.617021
0.138065 -0.247388 0.616489
0.137822 -0.246146 0.617753
0.140182 -0.245951 0.617347
0.137882 -0.246728 0.617818
0.138318 -0.244613 0.618240
0.138338 -0.247746 0.617115
0.137961 -0.246972 0.619041
0.139343 -0.247065 0.618377
0.138852 -0.246990 0.619341
0.137654 -0.244675 0.617822
0.136824 -0.245904 0.620885
0.136500 -0.245376 0.619474
0.136686 -0.247185 0.620518
0.137778 -0.247429 0.620589
0.136791 -0.247747 0.622293
0.136085 -0.246452 0.619653
0.136498 -0.246464 0.621196
0.135782 -0.246674 0.621600
0.138290 -0.242395 0.579823
0.137563 -0.243860 0.578637
0.137959 -0.243881 0.578061
0.137130 -0.245011 0.578617
0.136154 -0.243606 0.580929
0.139731 -0.242600 0.578875
0.138260 -0.242773 0.579452
0.138526 -0.243677 0.579695
0.137817 -0.242508 0.580127
0.138229 -0.245023 0.581009
0.137507 -0.243716 0.578413
0.136647 -0.244939 0.581766
0.137284 -0.242920 0.582043
0.137768 -0.244221 0.582818
0.138683 -0.244426 0.582313
0.137863 -0.242728 0.582884
0.137814 -0.242702 0.579272
0.139281 -0.245153 0.585035
0.139190 -0.243807 0.583870
0.138152 -0.243074 0.582679
0.139036 -0.243753 0.583630
0.138393 -0.243081 0.584049
0.138634 -0.242358 0.584136
0.139029 -0.243707 0.583831
0.138965 -0.243707 0.583977
0.139298 -0.243087 0.585761
0.140513 -0.242344 0.585090
0.139087 -0.244254 0.584577
0.140965 -0.241994 0.583579
0.138091 -0.241518 0.586695
0.139325 -0.243270 0.585553
0.141138 -0.243681 0.586329
0.140392 -0.242893 0.587026
0.140346 -0.244475 0.587109
0.139792 -0.242295 0.586707
0.139380 -0.242938 0.586043
0.140705 -0.243598 0.587924
0.139799 -0.243561 0.586451
0.139792 -0.243463 0.587602
0.141219 -0.243142 0.587171
0.139171 -0.242251 0.587356
0.141201 -0.244258 0.589617
0.141561 -0.244082 0.588689
0.142280 -0.243370 0.586879
0.141460 -0.241346 0.587223
0.142093 -0.243426 0.588969
0.141323 -0.243181 0.590163
0.140029 -0.243279 0.588606
0.140743 -0.240221 0.588937
0.141761 -0.242887 0.588104
0.140223 -0.245009 0.590113
0.140112 -0.244091 0.588973
0.142155 -0.242596 0.592237
0.141359 -0.242455 0.592123
0.143679 -0.244443 0.590426
0.140656 -0.244580 0.592195
0.142415 -0.244591 0.590638
0.142048 -0.243685 0.592197
0.141611 -0.242133 0.593339
0.139995 -0.241837 0.591975
0.140735 -0.242590 0.591722
0.140653 -0.243538 0.594308
0.140133 -0.244235 0.591500
0.140786 -0.243342 0.592118
0.142338 -0.243087 0.594405
0.143984 -0.244182 0.593448
0.141495 -0.243645 0.594579
0.142732 -0.243699 0.595754
0.141893 -0.243309 0.593778
0.142863 -0.242448 0.594918
0.140071 -0.243437 0.595755
0.141834 -0.243290 0.595922
0.140458 -0.242399 0.593763
0.142398 -0.242618 0.595402
0.142793 -0.242699 0.595620
0.141923 -0.242389 0.596706
0.142968 -0.242782 0.596078
0.141329 -0.244215 0.595559
0.140395 -0.243783 0.596242
0.142484 -0.243422 0.597764
0.143560 -0.244174 0.597389
0.142067 -0.244067 0.596694
0.142519 -0.242930 0.597859
0.143032 -0.242881 0.599396
0.142521 -0.243040 0.599754
0.142054 -0.242731 0.599877
0.143394 -0.242361 0.599755
0.142213 -0.242209 0.598876
0.142078 -0.243406 0.600169
0.144109 -0.241872 0.601150
0.143192 -0.243038 0.599257
0.141915 -0.243053 0.602080
0.143074 -0.242820 0.601203
0.141151 -0.243853 0.601387
0.143509 -0.243786 0.601678
0.140596 -0.242689 0.602795
0.142269 -0.243808 0.604291
0.142509 -0.241810 0.601215
0.141259 -0.244723 0.603109
0.140777 -0.245189 0.601747
0.142031 -0.243469 0.601369
0.141597 -0.243136 0.600924
0.142484 -0.242587 0.604478
0.142823 -0.242036 0.603654
0.143842 -0.243066 0.605688
0.142925 -0.243751 0.604033
0.140560 -0.241982 0.603823
0.143510 -0.240984 0.604354
0.142290 -0.243344 0.604964
0.144440 -0.241909 0.605079
0.143255 -0.245251 0.605209
0.139335 -0.242069 0.603163
0.142680 -0.244096 0.608137
0.140834 -0.243522 0.607517
0.142508 -0.242986 0.605841
0.142122 -0.243943 0.606151
0.141947 -0.242462 0.606644
0.142798 -0.244680 0.608219
0.142368 -0.241554 0.607586
0.141767 -0.243052 0.606145
0.141599 -0.243007 0.607678
0.140144 -0.242702 0.606784
0.141519 -0.242342 0.607326
0.141561 -0.243633 0.608816
0.140485 -0.244744 0.606446
0.143763 -0.242515 0.610382
0.141161 -0.242071 0.608561
0.140219 -0.242346 0.608955
0.141686 -0.242774 0.610083
0.141158 -0.245503 0.608546
0.141878 -0.241246 0.609941
0.142633 -0.245570 0.611707
0.140057 -0.244207 0.610159
0.141428 -0.244391 0.611695
0.139626 -0.243057 0.610056
0.141217 -0.245211 0.610201
0.139688 -0.242284 0.609180
0.142600 -0.243707 0.611849
0.138253 -0.243990 0.612735
0.142231 -0.244184 0.613269
0.140834 -0.242551 0.612162
0.142101 -0.244901 0.613254
0.142049 -0.242424 0.612562
0.140953 -0.242932 0.612811
0.141428 -0.241850 0.611962
0.142138 -0.243142 0.613387
0.141126 -0.243960 0.614262
0.139791 -0.243228 0.614416
0.140056 -0.243521 0.615468
0.140525 -0.242694 0.615382
0.137776 -0.242284 0.617037
0.138744 -0.240675 0.613173
0.138993 -0.242519 0.614598
0.138711 -0.243040 0.615865
0.140384 -0.243465 0.613631
0.139990 -0.241898 0.615429
0.140111 -0.244557 0.615398
0.138043 -0.243097 0.615179
0.140789 -0.242681 0.616623
0.139751 -0.241916 0.617197
0.138100 -0.243106 0.616600
0.139374 -0.243580 0.617334
0.139784 -0.243992 0.617343
0.138398 -0.243803 0.620276
0.139696 -0.243852 0.617300
0.138763 -0.241927 0.618065
0.139167 -0.244940 0.618796
0.139531 -0.243031 0.617980
0.139208 -0.244177 0.618557
0.138600 -0.244101 0.621713
0.137684 -0.245206 0.620388
0.138122 -0.243230 0.619998
0.138288 -0.243294 0.620420
0.137927 -0.242233 0.619469
0.137035 -0.242557 0.620874
0.137277 -0.243089 0.621344
0.136329 -0.244387 0.621402
0.137444 -0.243892 0.620537
0.136175 -0.243711 0.622361
0.136860 -0.244302 0.621777
0.137336 -0.239892 0.578683
0.137435 -0.239061 0.578869
0.136488 -0.240059 0.580163
0.137947 -0.240253 0.582240
0.139805 -0.240884 0.580647
0.136416 -0.239788 0.581389
0.138303 -0.241026 0.580573
0.135192 -0.241418 0.580310
0.136934 -0.238255 0.580629
0.139151 -0.239714 0.580886
0.138158 -0.237865 0.582556
0.136978 -0.240092 0.582847
0.136700 -0.237993 0.582019
0.137294 -0.242054 0.581668
0.140164 -0.239597 0.582387
0.139014 -0.240078 0.582455
0.138003 -0.240405 0.581359
0.138360 -0.240207 0.582696
0.138490 -0.241489 0.581631
0.138668 -0.239303 0.582674
0.139426 -0.241371 0.584381
0.138672 -0.240638 0.583459
0.139680 -0.240058 0.584310
0.137558 -0.239932 0.584741
0.139897 -0.240116 0.584435
0.141267 -0.240961 0.584603
0.139727 -0.239134 0.583431
0.141292 -0.238960 0.587123
0.139859 -0.240434 0.583240
0.139394 -0.241101 0.583258
0.139085 -0.240094 0.585336
0.142620 -0.238273 0.585933
0.140839 -0.240209 0.585558
0.140698 -0.239943 0.587808
0.141032 -0.240867 0.584952
0.140517 -0.238628 0.585632
0.139506 -0.237429 0.586944
0.140180 -0.237343 0.586857
0.139457 -0.239748 0.586139
0.139074 -0.238867 0.587069
0.141221 -0.240939 0.587624
0.139571 -0.240775 0.589854
0.141620 -0.239149 0.588321
0.140590 -0.239858 0.588151
0.141519 -0.239925 0.589019
0.143745 -0.239834 0.587973
0.142725 -0.240862 0.588266
0.143006 -0.239385 0.588533
0.141355 -0.238414 0.588879
0.141529 -0.237387 0.589898
0.139703 -0.240210 0.589988
0.140908 -0.238079 0.590721
0.141524 -0.239270 0.590911
0.139609 -0.239150 0.591547
0.141982 -0.239092 0.592358
0.143030 -0.241428 0.590725
0.140670 -0.240287 0.592092
0.139949 -0.239163 0.590454
0.140787 -0.241052 0.591719
0.142146 -0.241890 0.594018
0.140903 -0.237668 0.591163
0.142774 -0.239262 0.592714
0.140519 -0.240300 0.594482
0.142848 -0.238972 0.594930
0.142515 -0.239894 0.594556
0.142762 -0.238454 0.594407
0.142710 -0.238820 0.594176
0.141048 -0.239867 0.594521
0.143292 -0.239179 0.594168
0.142426 -0.240130 0.594421
0.143038 -0.240876 0.596226
0.141908 -0.239400 0.595009
0.141615 -0.240462 0.596502
0.140604 -0.239714 0.595260
0.141818 -0.238009 0.595450
0.141610 -0.241379 0.594529
0.142126 -0.240517 0.597338
0.142589 -0.240742 0.598363
0.143503 -0.239813 0.597926
0.144133 -0.239438 0.596844
0.142552 -0.239658 0.597917
0.143593 -0.239514 0.596235
0.141659 -0.240898 0.598490
0.142201 -0.239479 0.597890
0.141750 -0.238815 0.599036
0.142246 -0.241495 0.597595
0.141307 -0.239893 0.598171
0.143565 -0.239090 0.599213
0.141647 -0.240335 0.599918
0.142521 -0.240044 0.601049
0.142150 -0.239970 0.600678
0.142769 -0.238751 0.599881
0.141717 -0.239174 0.600749
0.143283 -0.239110 0.601577
0.141510 -0.239929 0.600579
0.142011 -0.239709 0.602883
0.144558 -0.240655 0.601575
0.141654 -0.240612 0.601594
0.140826 -0.239472 0.600985
0.142259 -0.240630 0.603040
0.143220 -0.239227 0.602549
0.140794 -0.240892 0.603299
0.141776 -0.240153 0.603619
0.144480 -0.240577 0.603785
0.141776 -0.240958 0.603256
0.142072 -0.240268 0.604357
0.142013 -0.241894 0.604624
0.142758 -0.241267 0.603667
0.141769 -0.239154 0.604340
0.143174 -0.240590 0.605690
0.142196 -0.240203 0.605918
0.142960 -0.239257 0.605203
0.143179 -0.238638 0.605267
0.142206 -0.241348 0.605143
0.143038 -0.240787 0.606405
0.141990 -0.238188 0.606456
0.140113 -0.240255 0.606985
0.142559 -0.239368 0.608078
0.142163 -0.241726 0.606414
0.142080 -0.240516 0.607646
0.142109 -0.238219 0.606838
0.140578 -0.241087 0.607312
0.142234 -0.239988 0.607343
0.140578 -0.240067 0.608896
0.142753 -0.238583 0.609230
0.141891 -0.240456 0.609074
0.143019 -0.239724 0.609752
0.141484 -0.239358 0.608323
0.140146 -0.240815 0.607544
0.142230 -0.237448 0.609525
0.140519 -0.239476 0.611570
0.141344 -0.238548 0.610208
0.141426 -0.241348 0.610808
0.140201 -0.240879 0.609133
0.141669 -0.237547 0.610219
0.140734 -0.240193 0.611621
0.141921 -0.239869 0.611019
0.139072 -0.239199 0.611738
0.138993 -0.241006 0.610912
0.140284 -0.240730 0.612914
0.139707 -0.240337 0.611328
0.141276 -0.240263 0.612617
0.141064 -0.239842 0.612707
0.141187 -0.239457 0.613202
0.139973 -0.239669 0.612603
0.141775 -0.239548 0.614008
0.139558 -0.240055 0.614484
0.138169 -0.240102 0.613387
0.138901 -0.239152 0.613495
0.138912 -0.238831 0.612618
0.140899 -0.238766 0.612686
0.139551 -0.239545 0.615981
0.139160 -0.239998 0.615940
0.138699 -0.239250 0.616533
0.138461 -0.239533 0.615737
0.138367 -0.239680 0.615632
0.138530 -0.240193 0.615143
0.139627 -0.239422 0.617107
0.139233 -0.239621 0.616020
0.139687 -0.240457 0.617373
0.138478 -0.240606 0.617426
0.140470 -0.238976 0.616814
0.137345 -0.241335 0.617771
0.138795 -0.241762 0.617558
0.139604 -0.239858 0.617910
0.137261 -0.239142 0.617461
0.137744 -0.238686 0.617379
0.138003 -0.239842 0.619001
0.139634 -0.239850 0.619361
0.137893 -0.241506 0.620174
0.138606 -0.238631 0.618231
0.137902 -0.237931 0.621709
0.137721 -0.239536 0.618765
0.137323 -0.240597 0.620991
0.137009 -0.239923 0.620959
0.137161 -0.238792 0.620215
0.137922 -0.240843 0.620584
0.135577 -0.240695 0.620080
0.138863 -0.240891 0.622973
0.137466 -0.239370 0.620521
0.137620 -0.234583 0.579729
0.137328 -0.236394 0.579656
0.137211 -0.236678 0.580052
0.136842 -0.235583 0.581503
0.138253 -0.236953 0.579430
0.138472 -0.237294 0.581704
0.137334 -0.236332 0.580477
0.140902 -0.236558 0.579702
0.137356 -0.235813 0.582192
0.136856 -0.236823 0.580497
0.137600 -0.234970 0.581824
0.139513 -0.236950 0.580064
0.138155 -0.237218 0.581599
0.139374 -0.238657 0.582346
0.140563 -0.237697 0.582154
0.137349 -0.237344 0.582172
0.140456 -0.234862 0.582397
0.139761 -0.239236 0.582157
0.138585 -0.235897 0.581953
0.138051 -0.237394 0.583533
0.139410 -0.236837 0.584129
0.138992 -0.237098 0.582726
0.137135 -0.236306 0.584344
0.139822 -0.233809 0.583528
0.138128 -0.234683 0.585676
0.138726 -0.236530 0.583851
0.140142 -0.236807 0.585342
0.140674 -0.234488 0.584392
0.140553 -0.235428 0.585279
0.141489 -0.236028 0.585413
0.142078 -0.237240 0.586698
0.139301 -0.235872 0.586554
0.141074 -0.235018 0.585307
0.138953 -0.236258 0.586532
0.140201 -0.233976 0.586571
0.139080 -0.237184 0.587152
0.140345 -0.235283 0.587806
0.141433 -0.235607 0.587971
0.140469 -0.234905 0.588518
0.139963 -0.236023 0.588669
0.142182 -0.235991 0.588730
0.138853 -0.236721 0.588111
0.139853 -0.236472 0.588081
0.139777 -0.235906 0.587921
0.140614 -0.235501 0.588175
0.142469 -0.235999 0.588228
0.139679 -0.236389 0.588569
0.140013 -0.237742 0.589023
0.140778 -0.236309 0.588532
0.140784 -0.237093 0.589270
0.142672 -0.236199 0.592413
0.142218 -0.236100 0.591764
0.142653 -0.238091 0.589947
0.141309 -0.236185 0.591275
0.140043 -0.236093 0.591684
0.140738 -0.237639 0.592051
0.141244 -0.235621 0.592736
0.142110 -0.237905 0.591077
0.139951 -0.236980 0.591322
0.143389 -0.235826 0.592208
0.140648 -0.234665 0.591825
0.139895 -0.237223 0.591506
0.142768 -0.237497 0.593704
0.143496 -0.237391 0.593320
0.143937 -0.236739 0.593427
0.141753 -0.237221 0.593135
0.143145 -0.235230 0.593274
0.144139 -0.234823 0.594113
0.140509 -0.237492 0.594466
0.141953 -0.234752 0.593637
0.142109 -0.236663 0.595984
0.142017 -0.236751 0.595390
0.141815 -0.235920 0.596208
0.141432 -0.235619 0.596233
0.142209 -0.235492 0.597437
0.141581 -0.236831 0.596506
0.144030 -0.236071 0.596883
0.144391 -0.236708 0.597873
0.141728 -0.236374 0.598058
0.141703 -0.237129 0.597259
0.143934 -0.238122 0.597045
0.143439 -0.238666 0.599779
0.142623 -0.234466 0.597188
0.143297 -0.237122 0.598669
0.141738 -0.237106 0.596916
0.139651 -0.236527 0.601244
0.142198 -0.236957 0.599619
0.141825 -0.236985 0.598116
0.141570 -0.235393 0.598775
0.142702 -0.236840 0.599006
0.142810 -0.235644 0.598902
0.142847 -0.235684 0.600067
0.142416 -0.236466 0.600825
0.141363 -0.236986 0.601284
0.141727 -0.236557 0.601046
0.141698 -0.236337 0.602675
0.141676 -0.237086 0.601455
0.141252 -0.237072 0.600381
0.140581 -0.236136 0.602950
0.144171 -0.236632 0.603316
0.142125 -0.237205 0.603254
0.142153 -0.235812 0.603150
0.141411 -0.237572 0.602069
0.141708 -0.235563 0.603241
0.143770 -0.235925 0.603423
0.141469 -0.238435 0.604934
0.143607 -0.236704 0.605845
0.142213 -0.236495 0.605484
0.142264 -0.236925 0.604232
0.140505 -0.236549 0.604818
0.143414 -0.235827 0.604339
0.142971 -0.236177 0.606898
0.143036 -0.236574 0.606622
0.141726 -0.237430 0.606067
0.142621 -0.235425 0.606042
0.142086 -0.235745 0.606244
0.143601 -0.237956 0.605296
0.141675 -0.235363 0.606716
0.140556 -0.235694 0.605929
0.143152 -0.235566 0.608804
0.143079 -0.235375 0.608259
0.141471 -0.236572 0.607802
0.141932 -0.237008 0.607301
0.143106 -0.237642 0.609356
0.143673 -0.237487 0.609911
0.141473 -0.235004 0.608202
0.142830 -0.237158 0.607698
0.143251 -0.237304 0.607979
0.141462 -0.236784 0.610683
0.140505 -0.236906 0.610525
0.140593 -0.235436 0.611051
0.143240 -0.234370 0.609495
0.140477 -0.237384 0.610442
0.141005 -0.236687 0.609551
0.142368 -0.237953 0.610402
0.141804 -0.235843 0.610973
0.141889 -0.236801 0.613402
0.141918 -0.237219 0.612517
0.140582 -0.236085 0.613121
0.139905 -0.235065 0.611870
0.141753 -0.236028 0.611823
0.139227 -0.237695 0.612909
0.139424 -0.236965 0.612603
0.139794 -0.236918 0.613693
0.141477 -0.236004 0.613967
0.140814 -0.236909 0.613744
0.138509 -0.236390 0.613366
0.141356 -0.238329 0.612958
0.142314 -0.235736 0.615646
0.139162 -0.237924 0.614979
0.140026 -0.235926 0.616277
0.140633 -0.238018 0.614453
0.137484 -0.235924 0.614731
0.138330 -0.236111 0.614322
0.140518 -0.235753 0.617894
0.138665 -0.235516 0.615439
0.138120 -0.234612 0.615059
0.140880 -0.236826 0.617075
0.138706 -0.237244 0.615679
0.138618 -0.236225 0.618209
0.138142 -0.236442 0.616767
0.138751 -0.237494 0.615883
0.138265 -0.236503 0.619895
0.140130 -0.236876 0.616422
0.136817 -0.235527 0.619146
0.140498 -0.236733 0.618557
0.137972 -0.235046 0.619321
0.137431 -0.236301 0.617617
0.138208 -0.237886 0.619035
0.139178 -0.235207 0.617822
0.137925 -0.237806 0.620375
0.138167 -0.237605 0.618591
0.138204 -0.238169 0.619794
0.137891 -0.237131 0.619680
0.137502 -0.235893 0.618916
0.136731 -0.235670 0.617772
0.138154 -0.235133 0.622498
0.134692 -0.236930 0.620170
0.138381 -0.235803 0.622059
0.137541 -0.237995 0.621670
0.134628 -0.232667 0.578951
0.136749 -0.232871 0.579681
0.136271 -0.232751 0.580638
0.137569 -0.232879 0.579385
0.135995 -0.231681 0.579205
0.137452 -0.233408 0.579480
0.136939 -0.233814 0.580987
0.139011 -0.232867 0.579119
0.137694 -0.230889 0.580808
0.137678 -0.233928 0.581247
0.137746 -0.231825 0.582025
0.138611 -0.233034 0.581700
0.138522 -0.233343 0.582714
0.138222 -0.233644 0.579930
0.138206 -0.234643 0.582595
0.137721 -0.234024 0.579793
0.138907 -0.233412 0.582983
0.137806 -0.232086 0.583248
0.140475 -0.233564 0.583866
0.138120 -0.233004 0.582728
0.140425 -0.232672 0.585152
0.139533 -0.232930 0.583356
0.139504 -0.233825 0.582585
0.138794 -0.233467 0.583370
0.141606 -0.233284 0.583820
0.140774 -0.232202 0.583618
0.140462 -0.232089 0.583747
0.139560 -0.232389 0.585717
0.139043 -0.231904 0.585591
0.138958 -0.233344 0.587112
0.140350 -0.234995 0.584267
0.141552 -0.233158 0.585911
0.138955 -0.231565 0.585860
0.139599 -0.233229 0.589220
0.140312 -0.232732 0.585011
0.139731 -0.234969 0.587637
0.139756 -0.233556 0.587041
0.140876 -0.231047 0.587176
0.141644 -0.233821 0.586396
0.139947 -0.233166 0.587885
0.141788 -0.232187 0.587301
0.141097 -0.232028 0.586767
0.140196 -0.234380 0.588950
0.140914 -0.233980 0.589090
0.140647 -0.232122 0.588625
0.141399 -0.234498 0.589513
0.140753 -0.234801 0.587490
0.140220 -0.232326 0.587423
0.142429 -0.233283 0.590017
0.142067 -0.233900 0.589996
0.141225 -0.233698 0.591122
0.141549 -0.232354 0.591368
0.141882 -0.232336 0.589627
0.140226 -0.231656 0.590615
0.142238 -0.232012 0.591604
0.142445 -0.234323 0.590166
0.140529 -0.233717 0.589119
0.141331 -0.234961 0.592965
0.142213 -0.232623 0.590275
0.141433 -0.231654 0.591744
0.142726 -0.233997 0.592548
0.144558 -0.232439 0.594262
0.141903 -0.234644 0.591740
0.142820 -0.232809 0.594893
0.141552 -0.232753 0.592988
0.142729 -0.235191 0.593967
0.141212 -0.233239 0.595190
0.142520 -0.232482 0.593628
0.139492 -0.234235 0.594930
0.141026 -0.232738 0.593073
0.142067 -0.231777 0.595665
0.141402 -0.232430 0.595276
0.141653 -0.231984 0.596036
0.140342 -0.233750 0.597447
0.142210 -0.231129 0.596905
0.143296 -0.234775 0.595922
0.143876 -0.231736 0.596843
0.141723 -0.234007 0.596623
0.142297 -0.234090 0.596169
0.142987 -0.231842 0.597806
0.142551 -0.231743 0.596437
0.142285 -0.233506 0.597364
0.141500 -0.232109 0.598727
0.142237 -0.231578 0.596890
0.142291 -0.234046 0.600310
0.142306 -0.232798 0.598528
0.143590 -0.232561 0.599616
0.142653 -0.232250 0.599892
0.143120 -0.234537 0.600848
0.143591 -0.232415 0.599595
0.142544 -0.234178 0.599647
0.144503 -0.233222 0.599826
0.142794 -0.233225 0.599565
0.142990 -0.233534 0.600935
0.143682 -0.232833 0.602472
0.143026 -0.233767 0.600614
0.142566 -0.234133 0.602077
0.143967 -0.233319 0.601753
0.144366 -0.232216 0.602690
0.143408 -0.232929 0.603939
0.143365 -0.235454 0.603374
0.142816 -0.234617 0.604003
0.142341 -0.233660 0.601040
0.142354 -0.233098 0.603981
0.142598 -0.233127 0.602839
0.142017 -0.232545 0.602168
0.141796 -0.233110 0.604058
0.142958 -0.231289 0.604028
0.142019 -0.233499 0.602462
0.143432 -0.232771 0.605546
0.142234 -0.232250 0.604856
0.142874 -0.233721 0.606553
0.140985 -0.232403 0.605848
0.142933 -0.233365 0.605129
0.141539 -0.233380 0.605938
0.141082 -0.233403 0.604474
0.141607 -0.233286 0.608519
0.143539 -0.231880 0.607576
0.141881 -0.234798 0.606721
0.141460 -0.233836 0.608201
0.141576 -0.233892 0.605905
0.143161 -0.232131 0.607745
0.142170 -0.233208 0.608778
0.142024 -0.233542 0.607669
0.140376 -0.233447 0.609672
0.139818 -0.232644 0.609222
0.140927 -0.234684 0.608402
0.140882 -0.232542 0.609751
0.141147 -0.232523 0.608674
0.141410 -0.231993 0.609414
0.141237 -0.234460 0.609788
0.141736 -0.233584 0.611677
0.141847 -0.233030 0.611408
0.142364 -0.231860 0.609714
0.140373 -0.233084 0.610208
0.142973 -0.234986 0.611383
0.139468 -0.234189 0.612714
0.140754 -0.232988 0.612132
0.140329 -0.232515 0.612506
0.140740 -0.233469 0.612351
0.141617 -0.233264 0.612295
0.139259 -0.232231 0.611988
0.141440 -0.232583 0.614123
0.140864 -0.233991 0.615435
0.141604 -0.233088 0.612662
0.139228 -0.231550 0.613334
0.140541 -0.232248 0.614115
0.140662 -0.233227 0.614762
0.141074 -0.233195 0.614620
0.139621 -0.232828 0.615854
0.140257 -0.233460 0.614682
0.138721 -0.233365 0.616259
0.141262 -0.234836 0.615927
0.139826 -0.234792 0.615859
0.139900 -0.232454 0.614408
0.138942 -0.232671 0.614294
0.140818 -0.232749 0.615657
0.140579 -0.231898 0.615977
0.138206 -0.232322 0.619310
0.139290 -0.233461 0.615701
0.139724 -0.234370 0.617671
0.139358 -0.232856 0.617011
0.140823 -0.233029 0.619335
0.139256 -0.231734 0.617265
0.139050 -0.233046 0.617749
0.137219 -0.232989 0.620401
0.140133 -0.233235 0.620346
0.138402 -0.233903 0.618566
0.138615 -0.232339 0.619049
0.138023 -0.232477 0.619200
0.136870 -0.233232 0.619298
0.137319 -0.232653 0.619659
0.137011 -0.231815 0.619349
0.137782 -0.233218 0.619211
0.137972 -0.232861 0.620900
0.139210 -0.233033 0.620185
0.134312 -0.232571 0.619945
0.136311 -0.233675 0.621276
0.136661 -0.233361 0.620728
0.136779 -0.233427 0.620532
0.135736 -0.228805 0.579237
0.136893 -0.230408 0.580685
0.136648 -0.229077 0.577981
0.138253 -0.229051 0.578522
0.137376 -0.230774 0.579299
0.136129 -0.229557 0.580850
0.136877 -0.230137 0.580368
0.135864 -0.229624 0.579800
0.137788 -0.232481 0.579419
0.137538 -0.228991 0.579388
0.136641 -0.230072 0.580413
0.138327 -0.230528 0.581212
0.137167 -0.229708 0.582270
0.137710 -0.230259 0.582994
0.137552 -0.230836 0.580199
0.137657 -0.229889 0.581570
0.140781 -0.230592 0.581313
0.138586 -0.228610 0.582033
0.138970 -0.229585 0.582280
0.138861 -0.230951 0.580407
0.138565 -0.228896 0.583111
0.138062 -0.230055 0.584679
0.138218 -0.229711 0.583719
0.140197 -0.230412 0.585029
0.138940 -0.229055 0.585148
0.141212 -0.227993 0.583358
0.141037 -0.231274 0.584040
0.139955 -0.231071 0.584866
0.140270 -0.228879 0.584862
0.141110 -0.229699 0.586107
0.140962 -0.227898 0.585402
0.140600 -0.229843 0.585558
0.139279 -0.228749 0.585025
0.138983 -0.229911 0.585657
0.142565 -0.229487 0.588647
0.138949 -0.230464 0.588033
0.139803 -0.230424 0.587445
0.139810 -0.230451 0.587924
0.140302 -0.229609 0.588535
0.141904 -0.228889 0.589621
0.140367 -0.230670 0.589683
0.141181 -0.230012 0.585972
0.141932 -0.228898 0.587619
0.141335 -0.228819 0.587247
0.141757 -0.229524 0.587915
0.140669 -0.230159 0.588367
0.140781 -0.231638 0.589121
0.143002 -0.229403 0.588845
0.141730 -0.229091 0.590280
0.142401 -0.230745 0.591040
0.140190 -0.229584 0.588670
0.141681 -0.231470 0.590697
0.144340 -0.231520 0.590858
0.141739 -0.229793 0.591599
0.140190 -0.228140 0.591741
0.142328 -0.229823 0.592311
0.140324 -0.228833 0.591120
0.142092 -0.229027 0.592689
0.142657 -0.229310 0.590882
0.142903 -0.229425 0.592748
0.140486 -0.229779 0.593192
0.142350 -0.229568 0.594072
0.140902 -0.231045 0.591275
0.142244 -0.229218 0.593636
0.142169 -0.231790 0.594160
0.141753 -0.228008 0.592685
0.140997 -0.229396 0.592319
0.141341 -0.228343 0.594862
0.141760 -0.227963 0.595080
0.142467 -0.230286 0.596217
0.140554 -0.228490 0.596121
0.142294 -0.227722 0.595686
0.142627 -0.230599 0.595190
0.142919 -0.229141 0.596231
0.142624 -0.228465 0.595921
0.142726 -0.231282 0.597251
0.142098 -0.228132 0.597263
0.142853 -0.231547 0.595397
0.142294 -0.230403 0.596611
0.142052 -0.230602 0.598261
0.142851 -0.228168 0.596630
0.144566 -0.230300 0.598082
0.144411 -0.228659 0.596593
0.143328 -0.228212 0.598827
0.143142 -0.230710 0.598600
0.141993 -0.231085 0.598076
0.142047 -0.230588 0.598362
0.141799 -0.228362 0.600833
0.144914 -0.230514 0.599983
0.142620 -0.230307 0.599082
0.143414 -0.228782 0.602174
0.141376 -0.228325 0.599854
0.141456 -0.228855 0.600563
0.144120 -0.231556 0.602026
0.141523 -0.230480 0.599058
0.143081 -0.230147 0.602618
0.142746 -0.230723 0.600579
0.141337 -0.231074 0.602364
0.141346 -0.230359 0.602116
0.142159 -0.229677 0.603062
0.142906 -0.230852 0.602595
0.140918 -0.230048 0.603288
0.142034 -0.229311 0.604503
0.143771 -0.231945 0.602668
0.142219 -0.228686 0.603212
0.144059 -0.229136 0.602962
0.141426 -0.230522 0.602443
0.142000 -0.228350 0.604765
0.143462 -0.230359 0.603764
0.141807 -0.230654 0.606802
0.141911 -0.228731 0.605407
0.141602 -0.228732 0.605905
0.142512 -0.229763 0.605854
0.142663 -0.228014 0.605548
0.141614 -0.230893 0.605952
0.142386 -0.227946 0.605223
0.139909 -0.230289 0.606296
0.141227 -0.227470 0.603942
0.140788 -0.230287 0.607502
0.142653 -0.229697 0.607886
0.141500 -0.231431 0.607547
0.140678 -0.232034 0.606926
0.141318 -0.229776 0.608035
0.141798 -0.228178 0.608550
0.141898 -0.228301 0.609680
0.140753 -0.229354 0.607971
0.141579 -0.228221 0.609134
0.141130 -0.231073 0.609640
0.141336 -0.228917 0.610231
0.142144 -0.228570 0.609591
0.142685 -0.231411 0.611131
0.140180 -0.231513 0.609996
0.140907 -0.228836 0.609683
0.139926 -0.229619 0.611180
0.140233 -0.229622 0.609744
0.141129 -0.229779 0.608684
0.141413 -0.229939 0.610435
0.142749 -0.229280 0.611213
0.140185 -0.229488 0.612756
0.140858 -0.229185 0.611184
0.140444 -0.228715 0.612491
0.141191 -0.230032 0.613915
0.139858 -0.230552 0.611532
0.140732 -0.229884 0.613928
0.139884 -0.231324 0.613365
0.139384 -0.230402 0.614614
0.140652 -0.230209 0.613754
0.138923 -0.231118 0.614579
0.141185 -0.229349 0.613211
0.139824 -0.229845 0.614435
0.138532 -0.229285 0.614531
0.138655 -0.231601 0.613743
0.138905 -0.229522 0.615967
0.138039 -0.229082 0.616221
0.138750 -0.230518 0.617520
0.139176 -0.229152 0.615536
0.139028 -0.231232 0.615895
0.138047 -0.230710 0.616835
0.138578 -0.227592 0.616315
0.139844 -0.229380 0.615344
0.136687 -0.231430 0.616834
0.139909 -0.230398 0.617416
0.138899 -0.227103 0.616938
0.138107 -0.229809 0.617845
0.136216 -0.229771 0.617336
0.138267 -0.230734 0.618971
0.139372 -0.229201 0.619265
0.137315 -0.230620 0.617999
0.138797 -0.228807 0.619744
0.138153 -0.229464 0.619886
0.137178 -0.230107 0.619678
0.139328 -0.229122 0.619473
0.137148 -0.229606 0.616991
0.138245 -0.229261 0.619092
0.137749 -0.229686 0.619134
0.138664 -0.229574 0.619341
0.139344 -0.229793 0.619929
0.137800 -0.228857 0.621132
0.134023 -0.229803 0.620960
0.136699 -0.229125 0.621499
0.136564 -0.227849 0.579426
0.136679 -0.226225 0.580126
0.137903 -0.226196 0.578286
0.136325 -0.227686 0.578844
0.139071 -0.226482 0.579586
0.137480 -0.225810 0.581026
0.137320 -0.225581 0.583159
0.135130 -0.226692 0.580202
0.137794 -0.226190 0.579838
0.141018 -0.226689 0.580942
0.137764 -0.225853 0.581469
0.138406 -0.224972 0.581021
0.139216 -0.227859 0.582403
0.138855 -0.225809 0.581748
0.138095 -0.228731 0.581266
0.138276 -0.227155 0.582474
0.138260 -0.225848 0.581692
0.139194 -0.226301 0.582350
0.137715 -0.225086 0.582363
0.137706 -0.225048 0.582118
0.138145 -0.226225 0.581759
0.138469 -0.228187 0.581522
0.139217 -0.226597 0.584904
0.141128 -0.226113 0.584291
0.138229 -0.226841 0.584208
0.140492 -0.225776 0.584172
0.139414 -0.227206 0.583161
0.138784 -0.226452 0.585026
0.139559 -0.226098 0.586845
0.140081 -0.226693 0.585158
0.137936 -0.225830 0.585733
0.140279 -0.227276 0.584929
0.138707 -0.226345 0.588814
0.140645 -0.224345 0.585402
0.140429 -0.225362 0.587649
0.138594 -0.226868 0.587657
0.142081 -0.227075 0.586110
0.139076 -0.226548 0.586404
0.142287 -0.224978 0.587577
0.142002 -0.225637 0.587677
0.141460 -0.225648 0.587889
0.140172 -0.226610 0.588316
0.142214 -0.227014 0.588183
0.142134 -0.226887 0.589526
0.139975 -0.226733 0.588579
0.142509 -0.226297 0.587808
0.139879 -0.224419 0.589840
0.140740 -0.225547 0.588863
0.141636 -0.227020 0.589912
0.140126 -0.226000 0.591076
0.141189 -0.225796 0.589506
0.141169 -0.226188 0.591343
0.141550 -0.226884 0.589604
0.141397 -0.227547 0.591797
0.139802 -0.226156 0.590989
0.141347 -0.226415 0.592115
0.141996 -0.227729 0.592777
0.140708 -0.226623 0.592545
0.141659 -0.227302 0.591472
0.141343 -0.224929 0.591119
0.142918 -0.227719 0.592173
0.142399 -0.227172 0.592851
0.141651 -0.227345 0.594835
0.141816 -0.224848 0.591314
0.143110 -0.226405 0.593552
0.143180 -0.225476 0.595174
0.142925 -0.226637 0.593729
0.141614 -0.227551 0.595432
0.142965 -0.226060 0.594261
0.141402 -0.226794 0.594692
0.142738 -0.225743 0.593591
0.142337 -0.226232 0.595715
0.141222 -0.226146 0.595331
0.142810 -0.226027 0.596596
0.143811 -0.225907 0.596726
0.143285 -0.227214 0.595896
0.142338 -0.226710 0.598257
0.142436 -0.227608 0.595241
0.145063 -0.226398 0.598145
0.143086 -0.224613 0.597336
0.140056 -0.227640 0.597429
0.141866 -0.225767 0.597408
0.144345 -0.227013 0.598544
0.140961 -0.225385 0.596799
0.142586 -0.226553 0.597346
0.141609 -0.225971 0.598209
0.143061 -0.226865 0.599409
0.141878 -0.225592 0.598943
0.141280 -0.226103 0.600632
0.141824 -0.226493 0.599516
0.143466 -0.227056 0.599300
0.141793 -0.225581 0.600188
0.143371 -0.226603 0.600633
0.141586 -0.226506 0.599320
0.142609 -0.227398 0.601151
0.142616 -0.225826 0.601270
0.142011 -0.224169 0.602936
0.142842 -0.227409 0.602352
0.141546 -0.225458 0.601819
0.142306 -0.224659 0.603654
0.142899 -0.226623 0.601414
0.143366 -0.226433 0.602812
0.140344 -0.227483 0.601110
0.142435 -0.226505 0.601523
0.142288 -0.227282 0.601161
0.142843 -0.224478 0.603198
0.142925 -0.226420 0.603687
0.144410 -0.227566 0.605006
0.140953 -0.227489 0.605307
0.141229 -0.226404 0.604295
0.142412 -0.227112 0.605566
0.141238 -0.226421 0.604975
0.140999 -0.227759 0.604953
0.139722 -0.224076 0.606738
0.142492 -0.224676 0.603855
0.142729 -0.227964 0.606649
0.141927 -0.228015 0.607226
0.143082 -0.226115 0.606986
0.142075 -0.227722 0.606997
0.142577 -0.226085 0.608859
0.142019 -0.227292 0.607956
0.142432 -0.226856 0.608389
0.142553 -0.226972 0.608839
0.142701 -0.227573 0.608248
0.142411 -0.226287 0.609304
0.141138 -0.227634 0.608891
0.139563 -0.226112 0.610500
0.141869 -0.226800 0.608635
0.141391 -0.224320 0.610280
0.141257 -0.226744 0.609938
0.143165 -0.227397 0.609284
0.140722 -0.226449 0.610548
0.143139 -0.225692 0.608814
0.139747 -0.226631 0.610752
0.141451 -0.227051 0.610685
0.139847 -0.227406 0.611106
0.141927 -0.227679 0.612494
0.140611 -0.227257 0.612379
0.140509 -0.226203 0.611706
0.140554 -0.226575 0.612664
0.139831 -0.225110 0.613273
0.141302 -0.225987 0.612833
0.141759 -0.225525 0.613113
0.140832 -0.224802 0.614723
0.141817 -0.226549 0.614799
0.140043 -0.225488 0.614171
0.140166 -0.225700 0.614598
0.139878 -0.226237 0.613091
0.142582 -0.227151 0.614738
0.140082 -0.225346 0.614004
0.140872 -0.225002 0.615075
0.139455 -0.225761 0.613813
0.139856 -0.225069 0.615410
0.137364 -0.227104 0.615387
0.139100 -0.228290 0.614425
0.140211 -0.226338 0.613255
0.140309 -0.226618 0.616007
0.137929 -0.225919 0.615627
0.138804 -0.227541 0.614401
0.140347 -0.227481 0.616019
0.138870 -0.225682 0.616453
0.139327 -0.224563 0.617664
0.138078 -0.225235 0.616617
0.138201 -0.225836 0.618144
0.136969 -0.224343 0.618558
0.139742 -0.226380 0.619657
0.137736 -0.226443 0.618354
0.138963 -0.227756 0.619488
0.137749 -0.226965 0.619129
0.136025 -0.225789 0.618223
0.138285 -0.225869 0.622422
0.135096 -0.227294 0.621457
0.136668 -0.226583 0.619463
0.136897 -0.224425 0.619945
0.136974 -0.225011 0.619684
0.137173 -0.226580 0.622217
0.136730 -0.227715 0.621257
0.136042 -0.227076 0.621114
0.136586 -0.227639 0.621009
0.135669 -0.226256 0.620075
0.136436 -0.221238 0.577886
0.136949 -0.221969 0.580070
0.137705 -0.223068 0.580352
0.136769 -0.220966 0.579610
0.135728 -0.220561 0.579159
0.137855 -0.222102 0.580871
0.136790 -0.223554 0.580141
0.140629 -0.222555 0.580234
0.138006 -0.222068 0.582282
0.137753 -0.223640 0.580123
0.137402 -0.222134 0.581436
0.138809 -0.221273 0.580938
0.139305 -0.222561 0.580932
0.137829 -0.223341 0.581704
0.139371 -0.221996 0.582151
0.139585 -0.222757 0.582408
0.138508 -0.221023 0.583917
0.138243 -0.222154 0.582750
0.138609 -0.222285 0.582917
0.139096 -0.223252 0.582870
0.137683 -0.223688 0.583110
0.140012 -0.221421 0.583780
0.138043 -0.223755 0.584078
0.138830 -0.224125 0.583572
0.139403 -0.222615 0.583185
0.139369 -0.222390 0.585031
0.140737 -0.222499 0.584684
0.141832 -0.223073 0.586451
0.139258 -0.221866 0.583586
0.140618 -0.223675 0.584954
0.139692 -0.223632 0.582743
0.141995 -0.223410 0.584355
0.141329 -0.221359 0.585905
0.139991 -0.224253 0.586602
0.139271 -0.221106 0.586280
0.140891 -0.223900 0.586088
0.140820 -0.224104 0.587761
0.139707 -0.222717 0.586234
0.141492 -0.224472 0.587317
0.140544 -0.224931 0.586832
0.140855 -0.224120 0.587578
0.138080 -0.222965 0.587148
0.139690 -0.223826 0.587935
0.140377 -0.222716 0.589467
0.141445 -0.223268 0.590037
0.140114 -0.223456 0.586069
0.141107 -0.223544 0.590433
0.140713 -0.223638 0.591836
0.141672 -0.223814 0.588207
0.139969 -0.221905 0.590036
0.141886 -0.222698 0.589595
0.140837 -0.222247 0.590225
0.141122 -0.223311 0.590816
0.142870 -0.222658 0.591899
0.140531 -0.224007 0.592483
0.142092 -0.222723 0.591281
0.143255 -0.222657 0.591334
0.141339 -0.223304 0.592855
0.142422 -0.222469 0.594121
0.142291 -0.222934 0.593160
0.142478 -0.224681 0.591685
0.142684 -0.222151 0.592703
0.141515 -0.224332 0.593344
0.142322 -0.222353 0.593047
0.141462 -0.222034 0.593572
0.142179 -0.224650 0.593454
0.143414 -0.221687 0.593924
0.142606 -0.222956 0.596503
0.139611 -0.223101 0.591396
0.142943 -0.221453 0.594808
0.142377 -0.222513 0.596362
0.140120 -0.223371 0.595725
0.141894 -0.223685 0.594757
0.142013 -0.222787 0.597067
0.142426 -0.223933 0.596281
0.143409 -0.223566 0.596314
0.143142 -0.223641 0.596498
0.142412 -0.222515 0.594944
0.142649 -0.223442 0.597055
0.143419 -0.222477 0.599637
0.142946 -0.224979 0.597031
0.142827 -0.222927 0.599147
0.140612 -0.222597 0.598265
0.142684 -0.223216 0.598125
0.141043 -0.221220 0.597662
0.143483 -0.223239 0.598716
0.144363 -0.223221 0.600277
0.142380 -0.222438 0.598986
0.141480 -0.223743 0.600430
0.142960 -0.222679 0.599678
0.142727 -0.222130 0.600314
0.142707 -0.224423 0.599755
0.141813 -0.223902 0.600872
0.144302 -0.221677 0.601414
0.141506 -0.222419 0.602757
0.141395 -0.223819 0.598747
0.140928 -0.221080 0.603567
0.143265 -0.222613 0.601317
0.143298 -0.223206 0.604108
0.143426 -0.221975 0.602540
0.141804 -0.221812 0.602219
0.141089 -0.221776 0.603693
0.142398 -0.222530 0.605690
0.140025 -0.223096 0.603804
0.142075 -0.223845 0.605133
0.144642 -0.222018 0.605172
0.141616 -0.223277 0.604475
0.143136 -0.223277 0.605714
0.142639 -0.222106 0.606202
0.142861 -0.223898 0.603621
0.141598 -0.223107 0.605039
0.141741 -0.222730 0.605439
0.142700 -0.223462 0.606717
0.139816 -0.222680 0.605912
0.142665 -0.221237 0.606995
0.142248 -0.223438 0.606992
0.141774 -0.223453 0.607734
0.142233 -0.222607 0.606835
0.141080 -0.225061 0.607558
0.142554 -0.222796 0.606227
0.141358 -0.223083 0.606103
0.141635 -0.222823 0.607776
0.140553 -0.223353 0.607335
0.140425 -0.224375 0.608197
0.140888 -0.220994 0.608637
0.141871 -0.223070 0.608109
0.142338 -0.222500 0.609612
0.141901 -0.224817 0.609821
0.141202 -0.222999 0.610469
0.141086 -0.224286 0.610199
0.143382 -0.224301 0.610311
0.140889 -0.221788 0.610222
0.139895 -0.225057 0.611905
0.141110 -0.223773 0.610516
0.141066 -0.223831 0.610716
0.141727 -0.224280 0.612261
0.140304 -0.222778 0.612902
0.139851 -0.223057 0.612102
0.141727 -0.223837 0.613346
0.138791 -0.222791 0.611061
0.140494 -0.222235 0.612113
0.141603 -0.222829 0.613257
0.141031 -0.225147 0.614477
0.138910 -0.222804 0.613413
0.138697 -0.223275 0.612751
0.139407 -0.222719 0.613788
0.140281 -0.222816 0.612436
0.140532 -0.224210 0.613606
0.139482 -0.224415 0.614837
0.141533 -0.223348 0.615191
0.139085 -0.222472 0.616382
0.140536 -0.224088 0.615067
0.139330 -0.223299 0.617100
0.139044 -0.223798 0.616108
0.138655 -0.224117 0.613589
0.138102 -0.223669 0.615216
0.139779 -0.222847 0.617607
0.139757 -0.223322 0.616459
0.141354 -0.222818 0.617400
0.140457 -0.223538 0.617624
0.139415 -0.223339 0.618522
0.137984 -0.223288 0.616949
0.137411 -0.221931 0.617275
0.137394 -0.223649 0.616945
0.139931 -0.222389 0.619157
0.138632 -0.222568 0.617252
0.139001 -0.223385 0.618887
0.138073 -0.224093 0.620152
0.137712 -0.220867 0.619011
0.138100 -0.222409 0.619776
0.138574 -0.222961 0.619834
0.137046 -0.224204 0.621297
0.138242 -0.222923 0.618248
0.138845 -0.223002 0.618652
0.137090 -0.222229 0.620426
0.138488 -0.226397 0.621528
0.136643 -0.222641 0.620289
0.137626 -0.222281 0.621927
0.137139 -0.222262 0.621546
0.136172 -0.223050 0.622439
0.134742 -0.218155 0.578625
0.137937 -0.219837 0.577534
0.135498 -0.220308 0.577773
0.137983 -0.221175 0.577550
0.138158 -0.219901 0.578598
0.136699 -0.219883 0.579723
0.137095 -0.222270 0.579130
0.136216 -0.219927 0.580592
0.137657 -0.219972 0.580260
0.135901 -0.218929 0.581401
0.138620 -0.219470 0.580007
0.137718 -0.219969 0.580260
0.139693 -0.219284 0.582998
0.139281 -0.219410 0.581315
0.138531 -0.220160 0.580899
0.137549 -0.219358 0.580792
0.138452 -0.221089 0.583504
0.138609 -0.219885 0.582762
0.138426 -0.221022 0.582267
0.140404 -0.219365 0.584097
0.141543 -0.219406 0.583015
0.140416 -0.219589 0.582388
0.137902 -0.220363 0.583910
0.138983 -0.220048 0.582708
0.138934 -0.219591 0.582282
0.138672 -0.217504 0.585443
0.140894 -0.221718 0.584441
0.140171 -0.219718 0.585670
0.140175 -0.219086 0.586069
0.138132 -0.219319 0.584099
0.140390 -0.218351 0.585423
0.138442 -0.221035 0.585691
0.139488 -0.218059 0.585679
0.142044 -0.219675 0.585098
0.142510 -0.219960 0.587938
0.141839 -0.219812 0.587374
0.141423 -0.218274 0.586653
0.139435 -0.218496 0.587746
0.138726 -0.218592 0.586013
0.140306 -0.220251 0.587350
0.140702 -0.220593 0.588895
0.141364 -0.219018 0.589381
0.142136 -0.219454 0.588542
0.140376 -0.219249 0.588289
0.139270 -0.219206 0.587796
0.142556 -0.217805 0.589822
0.140098 -0.219568 0.588289
0.140446 -0.220560 0.589423
0.141358 -0.219736 0.590094
0.140297 -0.218536 0.591082
0.140758 -0.219234 0.589622
0.140593 -0.219717 0.591455
0.141239 -0.219381 0.591042
0.140200 -0.222509 0.589564
0.140979 -0.220471 0.590283
0.139822 -0.219442 0.592525
0.143051 -0.219102 0.590959
0.142257 -0.221516 0.592850
0.142653 -0.220530 0.592501
0.142136 -0.219525 0.594259
0.142011 -0.220869 0.591513
0.143033 -0.221260 0.593142
0.140391 -0.219093 0.593063
0.142995 -0.221148 0.591941
0.141731 -0.220226 0.594887
0.141949 -0.219622 0.593621
0.143436 -0.221877 0.593983
0.140753 -0.221311 0.596305
0.143443 -0.218677 0.593831
0.142694 -0.219184 0.594949
0.142893 -0.218526 0.595907
0.143541 -0.218562 0.595151
0.142878 -0.220825 0.594050
0.143383 -0.220557 0.596213
0.141627 -0.219627 0.597471
0.143600 -0.219802 0.596917
0.142138 -0.219158 0.595661
0.143310 -0.219259 0.596145
0.143582 -0.220046 0.595841
0.142398 -0.219405 0.598172
0.142294 -0.218552 0.598055
0.141726 -0.219843 0.599346
0.140656 -0.218400 0.597462
0.143330 -0.220122 0.599262
0.143177 -0.221502 0.596873
0.142056 -0.220806 0.597829
0.143287 -0.220216 0.598439
0.141961 -0.220778 0.598820
0.141605 -0.217986 0.600976
0.142576 -0.218465 0.600554
0.142324 -0.219692 0.599975
0.144195 -0.218657 0.599984
0.141496 -0.220580 0.600751
0.143026 -0.219330 0.599999
0.142711 -0.218856 0.599075
0.141411 -0.220747 0.600847
0.142251 -0.220432 0.601622
0.139662 -0.219548 0.601004
0.144115 -0.221277 0.600781
0.141509 -0.218466 0.600925
0.142539 -0.218590 0.602838
0.141001 -0.219739 0.602728
0.142018 -0.220464 0.603761
0.142576 -0.218692 0.604223
0.141546 -0.220267 0.605373
0.140128 -0.218374 0.605445
0.142322 -0.219075 0.607164
0.141442 -0.218520 0.604959
0.141753 -0.218615 0.605363
0.141707 -0.218384 0.604386
0.142183 -0.219347 0.606897
0.143551 -0.218688 0.605088
0.143262 -0.221394 0.604748
0.143168 -0.218849 0.607373
0.143636 -0.219812 0.604969
0.140555 -0.219144 0.606837
0.144310 -0.219864 0.607524
0.144268 -0.218778 0.609173
0.143194 -0.220334 0.605833
0.142058 -0.218686 0.606988
0.143101 -0.219261 0.607434
0.141689 -0.219898 0.607696
0.141601 -0.219138 0.606734
0.141159 -0.220720 0.606482
0.141546 -0.222370 0.607076
0.140933 -0.221343 0.608708
0.142494 -0.219865 0.607792
0.142413 -0.219089 0.607974
0.142189 -0.219673 0.609537
0.141007 -0.220247 0.608881
0.141301 -0.220315 0.609506
0.141740 -0.219968 0.608845
0.140227 -0.218769 0.612070
0.141061 -0.220057 0.610296
0.141359 -0.219645 0.613384
0.140858 -0.219787 0.611738
0.142051 -0.220073 0.610678
0.140914 -0.219465 0.611606
0.142658 -0.219035 0.613221
0.141899 -0.221184 0.611472
0.140479 -0.219583 0.612618
0.139707 -0.219169 0.611636
0.141136 -0.218298 0.613122
0.140743 -0.217393 0.613223
0.139695 -0.220564 0.612817
0.140681 -0.220318 0.614500
0.139608 -0.220800 0.613221
0.140519 -0.219905 0.614548
0.140550 -0.217663 0.616143
0.140364 -0.218706 0.614741
0.139221 -0.218723 0.613212
0.142910 -0.220170 0.614435
0.139462 -0.220139 0.613081
0.141206 -0.220552 0.614334
0.138821 -0.219267 0.616908
0.139701 -0.217821 0.617168
0.139242 -0.220667 0.617075
0.139323 -0.219286 0.616976
0.139352 -0.219973 0.615659
0.140500 -0.219044 0.617476
0.138309 -0.218974 0.616091
0.138111 -0.218135 0.619277
0.139593 -0.221542 0.618073
0.137586 -0.218957 0.619167
0.138415 -0.221440 0.617650
0.137347 -0.219752 0.617715
0.139824 -0.221945 0.617711
0.137786 -0.220364 0.618489
0.138475 -0.217817 0.618819
0.136064 -0.219825 0.618637
0.138825 -0.219921 0.620542
0.136331 -0.221966 0.620053
0.138856 -0.220307 0.620229
0.137266 -0.217613 0.620945
0.137704 -0.219478 0.621762
0.137477 -0.219442 0.620493
0.137675 -0.217254 0.620332
0.137836 -0.220591 0.621147
0.135265 -0.218089 0.622022
0.136910 -0.220876 0.623439
0.138679 -0.217411 0.578053
0.136275 -0.216879 0.578602
0.137289 -0.217501 0.580171
0.137092 -0.216332 0.580804
0.138519 -0.216224 0.579207
0.137829 -0.216589 0.580924
0.136241 -0.216758 0.579615
0.137401 -0.216266 0.579834
0.136487 -0.216320 0.581408
0.135678 -0.216173 0.580898
0.138987 -0.216880 0.580954
0.138709 -0.216734 0.580881
0.137891 -0.217638 0.581968
0.138731 -0.216230 0.580738
0.138787 -0.216092 0.581285
0.137071 -0.215851 0.582055
0.139336 -0.217494 0.579775
0.139070 -0.216502 0.581294
0.138312 -0.216704 0.581926
0.139610 -0.218038 0.581014
0.136797 -0.215961 0.580007
0.139335 -0.215982 0.583289
0.139317 -0.215522 0.583144
0.139316 -0.214389 0.583520
0.139135 -0.215555 0.584409
0.139466 -0.216096 0.583697
0.139653 -0.215301 0.584803
0.138529 -0.217250 0.583245
0.140049 -0.215253 0.584412
0.141332 -0.216815 0.583683
0.139320 -0.216024 0.585599
0.139999 -0.217733 0.586152
0.139531 -0.217652 0.586181
0.140360 -0.215414 0.585877
0.142708 -0.215238 0.587242
0.138803 -0.218463 0.586672
0.141280 -0.215053 0.585963
0.142243 -0.217589 0.586392
0.139838 -0.215604 0.586978
0.141893 -0.217036 0.589200
0.140852 -0.216871 0.587825
0.141597 -0.216878 0.587294
0.141846 -0.215077 0.589683
0.139664 -0.215936 0.589214
0.139444 -0.215849 0.589463
0.142942 -0.217418 0.588993
0.143717 -0.217182 0.588781
0.140699 -0.217801 0.590403
0.143683 -0.215656 0.590706
0.139924 -0.216556 0.589237
0.140144 -0.217968 0.590930
0.140390 -0.215626 0.591073
0.141800 -0.217392 0.592179
0.142321 -0.214683 0.592329
0.142021 -0.214862 0.591550
0.141368 -0.216970 0.591586
0.141798 -0.218025 0.591983
0.143021 -0.216832 0.594310
0.140998 -0.215849 0.593446
0.143046 -0.215728 0.592667
0.142456 -0.217590 0.592362
0.140956 -0.215742 0.594574
0.141468 -0.216224 0.595080
0.141905 -0.215987 0.593675
0.142363 -0.217956 0.594567
0.142677 -0.218168 0.595879
0.141997 -0.217659 0.594063
0.142898 -0.216970 0.595039
0.142000 -0.215432 0.594608
0.142687 -0.215485 0.595200
0.142907 -0.216267 0.595514
0.143714 -0.216774 0.595890
0.140023 -0.216378 0.596453
0.142759 -0.217132 0.596005
0.142142 -0.215607 0.596732
0.141571 -0.214072 0.595382
0.143337 -0.216627 0.597580
0.144048 -0.215254 0.597126
0.142750 -0.216625 0.596815
0.143502 -0.216503 0.597836
0.143905 -0.215789 0.596639
0.141468 -0.217612 0.596896
0.141647 -0.215827 0.597226
0.141956 -0.218136 0.597401
0.142258 -0.216209 0.599823
0.142373 -0.214752 0.596973
0.143538 -0.216612 0.600178
0.143739 -0.215731 0.598533
0.142778 -0.215396 0.598950
0.143147 -0.215334 0.600039
0.141450 -0.216974 0.599935
0.143407 -0.216453 0.599532
0.143722 -0.215602 0.601738
0.141144 -0.217546 0.601451
0.142683 -0.218726 0.601336
0.141673 -0.215340 0.602139
0.142936 -0.217459 0.602524
0.140383 -0.217294 0.600092
0.139690 -0.217258 0.602301
0.142005 -0.215213 0.600383
0.141682 -0.217233 0.602887
0.141701 -0.215799 0.602932
0.143001 -0.218789 0.603112
0.141479 -0.216337 0.602485
0.143148 -0.217001 0.604547
0.142629 -0.216521 0.603973
0.141484 -0.217714 0.602702
0.143184 -0.217175 0.604573
0.141746 -0.216065 0.605057
0.142523 -0.214912 0.603524
0.140627 -0.215107 0.604121
0.141652 -0.213857 0.606239
0.139371 -0.215525 0.605871
0.139995 -0.215273 0.606883
0.141047 -0.215938 0.606736
0.141078 -0.216674 0.607089
0.142662 -0.216513 0.605262
0.141018 -0.215924 0.606003
0.143302 -0.216438 0.605638
0.138607 -0.216272 0.607930
0.141570 -0.216601 0.606755
0.141095 -0.217351 0.608782
0.141287 -0.216023 0.608414
0.144003 -0.216550 0.608230
0.142820 -0.215183 0.609777
0.141496 -0.217821 0.608109
0.138924 -0.217953 0.611117
0.142357 -0.216840 0.608578
0.140455 -0.217245 0.609822
0.142188 -0.216469 0.610964
0.138795 -0.215347 0.611841
0.141902 -0.217051 0.609761
0.139875 -0.217263 0.608648
0.141366 -0.216747 0.611082
0.141678 -0.216089 0.610048
0.140058 -0.216142 0.610136
0.141369 -0.215693 0.611360
0.140987 -0.216552 0.612270
0.140355 -0.216433 0.614177
0.139778 -0.216558 0.612725
0.140178 -0.216028 0.612541
0.141015 -0.215640 0.614569
0.141345 -0.215524 0.613893
0.140697 -0.214469 0.612444
0.140228 -0.215628 0.613348
0.139700 -0.216778 0.613493
0.139059 -0.216987 0.613478
0.139368 -0.215468 0.613444
0.140667 -0.217844 0.614360
0.141556 -0.216952 0.616192
0.141573 -0.215905 0.614565
0.140512 -0.218438 0.615146
0.140697 -0.215936 0.614931
0.139994 -0.216724 0.614988
0.139988 -0.216452 0.615340
0.137899 -0.215016 0.614800
0.138549 -0.216134 0.616014
0.137855 -0.216839 0.616105
0.140326 -0.217100 0.615624
0.139239 -0.216846 0.615867
0.139421 -0.216463 0.616999
0.139927 -0.216250 0.616815
0.137175 -0.217544 0.617019
0.138139 -0.217608 0.617301
0.138163 -0.217950 0.617316
0.136849 -0.217944 0.619242
0.138881 -0.218388 0.617216
0.138069 -0.216806 0.618564
0.138043 -0.215924 0.617243
0.137885 -0.216014 0.617745
0.138049 -0.215151 0.618736
0.138038 -0.216381 0.622214
0.138628 -0.216598 0.617864
0.138002 -0.216579 0.621707
0.139207 -0.214837 0.620564
0.136042 -0.215248 0.620368
0.138541 -0.216605 0.618979
0.135250 -0.217414 0.621775
0.135451 -0.216337 0.620321
0.138160 -0.216245 0.620279
0.136938 -0.211665 0.579102
0.137192 -0.214489 0.579952
0.137217 -0.211984 0.578906
0.136598 -0.211530 0.578252
0.136492 -0.212737 0.577336
0.137307 -0.211612 0.578701
0.135980 -0.213367 0.581281
0.137092 -0.214615 0.581194
0.137583 -0.212759 0.583233
0.137596 -0.214725 0.581593
0.139352 -0.212825 0.581538
0.138506 -0.212340 0.582994
0.136559 -0.213133 0.581870
0.139453 -0.214571 0.581713
0.138127 -0.213916 0.583220
0.139254 -0.211693 0.583130
0.138934 -0.213985 0.580703
0.138940 -0.212938 0.581527
0.138863 -0.213464 0.583117
0.141208 -0.212795 0.583559
0.139611 -0.211158 0.582834
0.138093 -0.213347 0.582378
0.140069 -0.212848 0.582155
0.139885 -0.214534 0.583025
0.139956 -0.214581 0.584882
0.138452 -0.215052 0.584866
0.140303 -0.213335 0.584898
0.138489 -0.212271 0.586734
0.138682 -0.214004 0.584506
0.141249 -0.213790 0.585198
0.139419 -0.213640 0.584809
0.140665 -0.213381 0.587722
0.139518 -0.211350 0.586946
0.139243 -0.211855 0.587000
0.139991 -0.213174 0.587281
0.140420 -0.212275 0.587258
0.141759 -0.213376 0.586011
0.141865 -0.213607 0.588501
0.140468 -0.213638 0.588130
0.141334 -0.211459 0.586610
0.142874 -0.213166 0.587657
0.140845 -0.212470 0.587697
0.140593 -0.213331 0.589784
0.139454 -0.213935 0.588337
0.140847 -0.214215 0.588049
0.140530 -0.212209 0.589482
0.142112 -0.213537 0.588135
0.141947 -0.213542 0.588274
0.140562 -0.212925 0.587821
0.140881 -0.211850 0.589511
0.142070 -0.211541 0.590592
0.141453 -0.212949 0.592713
0.141788 -0.212339 0.591714
0.141138 -0.212055 0.589020
0.142021 -0.212330 0.591397
0.140985 -0.213117 0.592853
0.142292 -0.212493 0.591597
0.140584 -0.213712 0.591639
0.142196 -0.211767 0.589943
0.140895 -0.212795 0.594320
0.140475 -0.213384 0.593992
0.142509 -0.215025 0.590916
0.141213 -0.214540 0.593085
0.143106 -0.213030 0.593646
0.140747 -0.213761 0.594326
0.142587 -0.211944 0.594458
0.143383 -0.214538 0.595372
0.139606 -0.212360 0.596590
0.141770 -0.212496 0.594518
0.141104 -0.213094 0.595311
0.142357 -0.212384 0.594954
0.140612 -0.211530 0.595341
0.141026 -0.213795 0.594840
0.141974 -0.212878 0.595186
0.140416 -0.213562 0.597782
0.142471 -0.211789 0.595240
0.142460 -0.213124 0.598990
0.144019 -0.214646 0.596417
0.143606 -0.214062 0.594839
0.142264 -0.212256 0.597439
0.142149 -0.211649 0.597923
0.141731 -0.213362 0.597462
0.143316 -0.212588 0.596505
0.142986 -0.214222 0.597949
0.143873 -0.214614 0.597896
0.142023 -0.214165 0.600060
0.141930 -0.212923 0.598941
0.143357 -0.212536 0.600509
0.141432 -0.213274 0.600527
0.143070 -0.212296 0.600057
0.141727 -0.212717 0.599919
0.142908 -0.213668 0.599436
0.142229 -0.211982 0.601871
0.141680 -0.212383 0.601258
0.140640 -0.213525 0.601959
0.143384 -0.213927 0.601231
0.141458 -0.214275 0.601051
0.143112 -0.213846 0.601615
0.140869 -0.213226 0.599985
0.142417 -0.210892 0.602277
0.141901 -0.211828 0.601893
0.143667 -0.212874 0.602552
0.143649 -0.213725 0.603531
0.141683 -0.213825 0.604951
0.142199 -0.213295 0.605669
0.143002 -0.210895 0.605079
0.143197 -0.213754 0.605432
0.141658 -0.212018 0.604533
0.143545 -0.211961 0.603544
0.143185 -0.213361 0.605471
0.142475 -0.213148 0.604972
0.142752 -0.212064 0.606378
0.141072 -0.212742 0.606510
0.144782 -0.213232 0.605725
0.143592 -0.213455 0.605663
0.143574 -0.212100 0.607063
0.142063 -0.214089 0.606618
0.141858 -0.214690 0.606635
0.141774 -0.212389 0.606776
0.142618 -0.213384 0.608768
0.144215 -0.213751 0.608775
0.142627 -0.211940 0.607608
0.141885 -0.212533 0.608258
0.143186 -0.210633 0.607757
0.140431 -0.213877 0.609999
0.142083 -0.212819 0.607319
0.141267 -0.213242 0.610731
0.141543 -0.211811 0.608837
0.142203 -0.213134 0.610257
0.142357 -0.214332 0.611068
0.143198 -0.211267 0.610181
0.142270 -0.212628 0.609943
0.140387 -0.213590 0.610703
0.141159 -0.211832 0.610100
0.141934 -0.214562 0.610551
0.140750 -0.212107 0.612957
0.139784 -0.213878 0.611034
0.137518 -0.211907 0.611610
0.142660 -0.213910 0.611746
0.139161 -0.215317 0.611405
0.141912 -0.214197 0.614638
0.141382 -0.213341 0.612099
0.141711 -0.213511 0.612564
0.142150 -0.211900 0.613195
0.140306 -0.211323 0.614325
0.141453 -0.214396 0.614228
0.141145 -0.212502 0.614377
0.138722 -0.212977 0.611396
0.140822 -0.213431 0.614464
0.140964 -0.211940 0.614402
0.140618 -0.213756 0.615680
0.140507 -0.212977 0.613877
0.139182 -0.212866 0.615169
0.138827 -0.212965 0.616062
0.138586 -0.213954 0.614672
0.139464 -0.212138 0.617168
0.139667 -0.213399 0.614921
0.139775 -0.212741 0.616081
0.140748 -0.213724 0.617196
0.137931 -0.212569 0.617344
0.137767 -0.210528 0.618285
0.137238 -0.212716 0.617878
0.139788 -0.213395 0.616729
0.137910 -0.213557 0.617501
0.138063 -0.212639 0.617022
0.138183 -0.212721 0.618931
0.139202 -0.211709 0.618392
0.137990 -0.213012 0.617570
0.137242 -0.214608 0.617794
0.138035 -0.211345 0.619942
0.137974 -0.213712 0.620348
0.138288 -0.213134 0.620424
0.136523 -0.212747 0.620492
0.135888 -0.213222 0.619717
0.135793 -0.212885 0.619911
0.136519 -0.213715 0.621633
0.136133 -0.211763 0.620410
0.137611 -0.213460 0.621832
0.136299 -0.212036 0.622182
0.135826 -0.212240 0.620580
0.137920 -0.208843 0.578182
0.137062 -0.209301 0.577668
0.138915 -0.209649 0.580007
0.138480 -0.210627 0.578170
0.136118 -0.208826 0.579424
0.138425 -0.208621 0.579807
0.139092 -0.209205 0.579266
0.138506 -0.209986 0.580865
0.137187 -0.208625 0.580496
0.137824 -0.210022 0.582676
0.137965 -0.207959 0.578021
0.138227 -0.209746 0.581590
0.139155 -0.210610 0.583770
0.139403 -0.209219 0.581655
0.138730 -0.210464 0.581562
0.138205 -0.210107 0.582877
0.138313 -0.209097 0.583360
0.139515 -0.208192 0.582373
0.139331 -0.210208 0.581746
0.139247 -0.209273 0.582739
0.139694 -0.210188 0.581855
0.137937 -0.209583 0.583963
0.140423 -0.209111 0.583112
0.138543 -0.211474 0.583685
0.140994 -0.209737 0.584820
0.140067 -0.208796 0.585477
0.140934 -0.209552 0.582586
0.140772 -0.209257 0.585094
0.140120 -0.209966 0.583665
0.139395 -0.208244 0.585362
0.140206 -0.209606 0.586594
0.139282 -0.209168 0.585413
0.141208 -0.210433 0.587922
0.140895 -0.208124 0.586964
0.139070 -0.209141 0.587177
0.141267 -0.209433 0.588109
0.139918 -0.209597 0.587899
0.140028 -0.210858 0.589472
0.141311 -0.210926 0.588119
0.140754 -0.209751 0.587366
0.140975 -0.208589 0.587726
0.141115 -0.208854 0.588837
0.140157 -0.210464 0.588051
0.139989 -0.211201 0.588953
0.142116 -0.209287 0.587917
0.138224 -0.209497 0.589168
0.139580 -0.208099 0.590171
0.141453 -0.208213 0.589046
0.141856 -0.209600 0.589943
0.143994 -0.208747 0.588651
0.141029 -0.208624 0.588790
0.140415 -0.210494 0.590248
0.142587 -0.208813 0.591006
0.141983 -0.208291 0.589606
0.141665 -0.209161 0.591008
0.141068 -0.208341 0.591496
0.142904 -0.208398 0.591053
0.141702 -0.209918 0.591808
0.141296 -0.210840 0.590006
0.140282 -0.209884 0.593200
0.140713 -0.209705 0.593026
0.141578 -0.211089 0.592377
0.142302 -0.209600 0.594626
0.144063 -0.207815 0.593295
0.144001 -0.210617 0.594082
0.142630 -0.209711 0.593720
0.142020 -0.208798 0.594421
0.142533 -0.208473 0.592761
0.142177 -0.209680 0.592898
0.141953 -0.209892 0.593943
0.142082 -0.210468 0.594544
0.142927 -0.210504 0.594029
0.142982 -0.208708 0.595551
0.141302 -0.211612 0.595094
0.143299 -0.209676 0.597567
0.141665 -0.210639 0.594448
0.139983 -0.212373 0.594774
0.143815 -0.208880 0.596745
0.142361 -0.208541 0.598055
0.141499 -0.210043 0.596350
0.142011 -0.208484 0.597552
0.142001 -0.210629 0.596260
0.143915 -0.210472 0.597592
0.143537 -0.208014 0.597952
0.143570 -0.207006 0.600330
0.142017 -0.208454 0.598150
0.142336 -0.209234 0.598346
0.141068 -0.210102 0.600395
0.143204 -0.209109 0.599414
0.142882 -0.209675 0.599636
0.141531 -0.210507 0.599444
0.143263 -0.208955 0.601340
0.139556 -0.209557 0.600007
0.139511 -0.210317 0.601358
0.142337 -0.209865 0.600967
0.142807 -0.210102 0.600861
0.141561 -0.208298 0.602073
0.141258 -0.210918 0.602524
0.142624 -0.210932 0.600432
0.140584 -0.208438 0.603538
0.143302 -0.210194 0.601775
0.141660 -0.212096 0.603810
0.143310 -0.210163 0.602175
0.143144 -0.210092 0.603687
0.140970 -0.207832 0.603068
0.139708 -0.208875 0.605142
0.141786 -0.207656 0.605630
0.142901 -0.209641 0.605323
0.142382 -0.208797 0.604255
0.142069 -0.209548 0.605879
0.141823 -0.210466 0.606366
0.141422 -0.207869 0.605155
0.141494 -0.210383 0.605905
0.142059 -0.210260 0.606856
0.142270 -0.209345 0.606855
0.143243 -0.208495 0.606304
0.142160 -0.207986 0.605148
0.143040 -0.208570 0.606197
0.140301 -0.209237 0.606746
0.142444 -0.211599 0.608296
0.143480 -0.210491 0.606550
0.143533 -0.208828 0.607947
0.142793 -0.209901 0.607439
0.143282 -0.209943 0.608851
0.141042 -0.211531 0.609420
0.142596 -0.210452 0.611010
0.143303 -0.210183 0.608847
0.142122 -0.209172 0.608468
0.141645 -0.209272 0.607096
0.141386 -0.209398 0.608793
0.141070 -0.208781 0.609210
0.139459 -0.211138 0.610050
0.142506 -0.208036 0.608950
0.140438 -0.209752 0.611249
0.140508 -0.209160 0.609778
0.139586 -0.210536 0.611380
0.141126 -0.210235 0.610616
0.141444 -0.210231 0.610902
0.141724 -0.210029 0.610141
0.141196 -0.208219 0.611953
0.141200 -0.209313 0.614106
0.138786 -0.210051 0.613345
0.140753 -0.208701 0.612795
0.140886 -0.209156 0.613834
0.140959 -0.209294 0.613883
0.141347 -0.209881 0.612702
0.141448 -0.210432 0.614307
0.142353 -0.209087 0.614602
0.142314 -0.210055 0.614485
0.141021 -0.208842 0.614811
0.137689 -0.210013 0.615161
0.140084 -0.209948 0.615369
0.139182 -0.207484 0.615498
0.139051 -0.210373 0.615896
0.140161 -0.209137 0.616529
0.136858 -0.209409 0.617050
0.140566 -0.209333 0.615475
0.138627 -0.208148 0.615998
0.138722 -0.212197 0.615261
0.138445 -0.209908 0.616993
0.139266 -0.208805 0.617339
0.138767 -0.209615 0.618454
0.139288 -0.211272 0.617410
0.139014 -0.209028 0.616133
0.138350 -0.209048 0.617238
0.137985 -0.210123 0.618967
0.137300 -0.210491 0.617170
0.140333 -0.208904 0.618681
0.138453 -0.207111 0.619077
0.139740 -0.210307 0.617897
0.137543 -0.209307 0.619899
0.137681 -0.208410 0.620685
0.139587 -0.209931 0.618566
0.137906 -0.209974 0.620243
0.136641 -0.208923 0.621163
0.138085 -0.208720 0.621022
0.137139 -0.211359 0.619870
0.137348 -0.208695 0.619098
0.138766 -0.209476 0.622193
0.136047 -0.208235 0.620404
0.138881 -0.206743 0.580233
0.136796 -0.205565 0.580027
0.137766 -0.205961 0.578662
0.137927 -0.205552 0.578524
0.137188 -0.207483 0.579792
0.136933 -0.207219 0.578645
0.138463 -0.206956 0.580406
0.135358 -0.205578 0.579703
0.139062 -0.206949 0.581714
0.137722 -0.206935 0.581593
0.138740 -0.206766 0.581325
0.137002 -0.206910 0.581223
0.139631 -0.208300 0.579778
0.136476 -0.208305 0.582436
0.137780 -0.207119 0.582298
0.139087 -0.205583 0.583741
0.137881 -0.206513 0.581655
0.139802 -0.206455 0.582006
0.139065 -0.206114 0.583576
0.139859 -0.206387 0.582646
0.138374 -0.206546 0.585454
0.139302 -0.206859 0.584652
0.139000 -0.208781 0.583300
0.139121 -0.204932 0.585370
0.140131 -0.204866 0.583585
0.138730 -0.206343 0.584374
0.139843 -0.206352 0.584793
0.140159 -0.206782 0.585510
0.139617 -0.206564 0.584981
0.141232 -0.205228 0.585966
0.139991 -0.207924 0.585833
0.139110 -0.206355 0.585631
0.139927 -0.206511 0.585430
0.141256 -0.206027 0.586340
0.140758 -0.205799 0.586375
0.139699 -0.205702 0.587356
0.140169 -0.204975 0.585945
0.141190 -0.208804 0.587514
0.141261 -0.207285 0.586524
0.140129 -0.207416 0.588338
0.142518 -0.206909 0.588378
0.140022 -0.209038 0.587435
0.141083 -0.206997 0.588194
0.141690 -0.207307 0.589105
0.140817 -0.206145 0.590058
0.141228 -0.207219 0.589266
0.141153 -0.206224 0.588570
0.141735 -0.204381 0.587352
0.142199 -0.204542 0.590751
0.141852 -0.207080 0.589639
0.142283 -0.207382 0.590509
0.142351 -0.206130 0.590586
0.141184 -0.206853 0.592696
0.142776 -0.205296 0.590802
0.141517 -0.205191 0.592051
0.140629 -0.206172 0.591367
0.140286 -0.206110 0.591972
0.141266 -0.206965 0.593805
0.141514 -0.206256 0.591763
0.140943 -0.205286 0.593197
0.141110 -0.206362 0.592052
0.141312 -0.205519 0.592301
0.141539 -0.205970 0.592957
0.142329 -0.205429 0.593794
0.143633 -0.206221 0.594038
0.143299 -0.207760 0.592851
0.141830 -0.205805 0.594999
0.141126 -0.205971 0.594039
0.141104 -0.206546 0.594685
0.141210 -0.205634 0.592511
0.142336 -0.205346 0.595378
0.141704 -0.207639 0.594911
0.141827 -0.207866 0.595937
0.142993 -0.206824 0.596024
0.143157 -0.205000 0.595042
0.143303 -0.205929 0.596521
0.144504 -0.206295 0.594438
0.143179 -0.206458 0.596843
0.141378 -0.206077 0.598596
0.143484 -0.206264 0.597236
0.143548 -0.205359 0.599238
0.142245 -0.205841 0.598047
0.142663 -0.206350 0.598691
0.143795 -0.206623 0.599397
0.141872 -0.204725 0.599154
0.141651 -0.208107 0.598564
0.143765 -0.207317 0.599310
0.142156 -0.206258 0.599816
0.142200 -0.205439 0.600163
0.141905 -0.204590 0.599945
0.141529 -0.204718 0.601665
0.143117 -0.203898 0.599604
0.143506 -0.207485 0.602231
0.143160 -0.205242 0.600021
0.142448 -0.206146 0.601036
0.142571 -0.205321 0.603003
0.143896 -0.205380 0.600574
0.142370 -0.207700 0.602320
0.144243 -0.205482 0.602707
0.142652 -0.206700 0.604448
0.143729 -0.206593 0.602302
0.141844 -0.205245 0.602646
0.141949 -0.204064 0.602819
0.143602 -0.207262 0.603125
0.142182 -0.205144 0.603235
0.143701 -0.206635 0.603641
0.143338 -0.207259 0.604154
0.141850 -0.206149 0.604995
0.142568 -0.204976 0.605452
0.141711 -0.205873 0.604596
0.141165 -0.206641 0.605624
0.140235 -0.205796 0.606577
0.142511 -0.207192 0.606938
0.142398 -0.204830 0.605319
0.143539 -0.206990 0.607270
0.140561 -0.205526 0.607086
0.141415 -0.205234 0.606385
0.141474 -0.206106 0.607035
0.143991 -0.204304 0.608309
0.141170 -0.206505 0.605901
0.140593 -0.205535 0.607734
0.139669 -0.205233 0.608519
0.142739 -0.205831 0.606386
0.142594 -0.205615 0.609391
0.141910 -0.207069 0.609247
0.142175 -0.205733 0.608639
0.141298 -0.208140 0.607897
0.141469 -0.208647 0.607719
0.141217 -0.205431 0.610549
0.141762 -0.205591 0.611157
0.143762 -0.205855 0.609474
0.141450 -0.207502 0.610058
0.142105 -0.205013 0.611407
0.141396 -0.204988 0.612133
0.141719 -0.206782 0.610522
0.141142 -0.206897 0.611915
0.143310 -0.206680 0.613731
0.139945 -0.206026 0.611700
0.141019 -0.205698 0.610994
0.140525 -0.203845 0.611142
0.141437 -0.206063 0.613300
0.140918 -0.207341 0.611831
0.141554 -0.204892 0.613879
0.140399 -0.205894 0.613776
0.139478 -0.205285 0.611791
0.141811 -0.206528 0.614464
0.140919 -0.207661 0.613880
0.139492 -0.205873 0.612729
0.141018 -0.205129 0.614008
0.142787 -0.207397 0.613904
0.139912 -0.206403 0.614108
0.140973 -0.206061 0.614287
0.139268 -0.208813 0.617019
0.138631 -0.206068 0.615687
0.139084 -0.206858 0.614513
0.137081 -0.205323 0.616382
0.138603 -0.206039 0.615790
0.138765 -0.206447 0.617466
0.139410 -0.207306 0.617409
0.138302 -0.205588 0.617413
0.135828 -0.205952 0.616314
0.138667 -0.204315 0.617756
0.138727 -0.208257 0.619127
0.138540 -0.205181 0.617759
0.138119 -0.207771 0.618396
0.137448 -0.205043 0.619659
0.137290 -0.207474 0.617206
0.137461 -0.206322 0.617752
0.136062 -0.206074 0.617350
0.136806 -0.206416 0.617664
0.138057 -0.205587 0.619803
0.138663 -0.205060 0.619401
0.137106 -0.207331 0.620741
0.136029 -0.205287 0.619117
0.137388 -0.205896 0.618488
0.138047 -0.206885 0.619425
0.136709 -0.206145 0.621450
0.138110 -0.205889 0.620377
0.136751 -0.206174 0.620011
0.136308 -0.206331 0.617842
0.136592 -0.203611 0.580020
0.137511 -0.204589 0.579302
0.134828 -0.201328 0.578216
0.137030 -0.201799 0.578737
0.136877 -0.203952 0.580815
0.139344 -0.202827 0.579222
0.137659 -0.203053 0.580486
0.137871 -0.202319 0.580582
0.137150 -0.204457 0.579582
0.137818 -0.201889 0.580179
0.138534 -0.203669 0.580440
0.137977 -0.201419 0.580971
0.138726 -0.203067 0.581142
0.139696 -0.202026 0.579331
0.139475 -0.202787 0.580688
0.138391 -0.203173 0.581863
0.139532 -0.203706 0.582442
0.139143 -0.203196 0.581848
0.139934 -0.202102 0.583708
0.138933 -0.201689 0.584638
0.138597 -0.203334 0.584478
0.139591 -0.201568 0.584045
0.139438 -0.202698 0.583452
0.139769 -0.202972 0.583220
0.140907 -0.203163 0.584736
0.138232 -0.203130 0.583821
0.138816 -0.202790 0.585459
0.139765 -0.201419 0.584981
0.139426 -0.202148 0.584481
0.138617 -0.202304 0.584067
0.139447 -0.204310 0.586020
0.138718 -0.202096 0.585755
0.138927 -0.204190 0.585606
0.140809 -0.202257 0.588602
0.142544 -0.203146 0.586517
0.139020 -0.203601 0.585362
0.140679 -0.202964 0.587976
0.140933 -0.203847 0.587063
0.139023 -0.202639 0.587477
0.139400 -0.202360 0.588154
0.142550 -0.203513 0.588361
0.140868 -0.200997 0.589332
0.141596 -0.202404 0.587870
0.140309 -0.204326 0.587870
0.140984 -0.202781 0.588626
0.142905 -0.201905 0.587417
0.140750 -0.202035 0.589649
0.141660 -0.203671 0.589580
0.144106 -0.203057 0.589310
0.140983 -0.203154 0.591460
0.140842 -0.201942 0.590649
0.140847 -0.203865 0.589856
0.142217 -0.203879 0.594233
0.142456 -0.202053 0.592143
0.141895 -0.201871 0.591285
0.143028 -0.204760 0.591608
0.140386 -0.203611 0.592742
0.142479 -0.203392 0.591422
0.141045 -0.202763 0.591964
0.140451 -0.203247 0.593110
0.141934 -0.202450 0.592553
0.142463 -0.204138 0.591927
0.141291 -0.201722 0.594176
0.142329 -0.202189 0.593809
0.144750 -0.203062 0.595512
0.142247 -0.202605 0.593116
0.141828 -0.202154 0.593044
0.141784 -0.202944 0.593831
0.142981 -0.202064 0.594553
0.142793 -0.202140 0.594784
0.140821 -0.200986 0.594087
0.143280 -0.200610 0.596141
0.144036 -0.203192 0.595828
0.143840 -0.203474 0.594925
0.142336 -0.202538 0.596343
0.141727 -0.202036 0.596356
0.140971 -0.203275 0.596939
0.142905 -0.201572 0.596019
0.141247 -0.202472 0.595727
0.142273 -0.203145 0.598393
0.142968 -0.202082 0.596781
0.140795 -0.202492 0.598305
0.144423 -0.203087 0.596678
0.142179 -0.201791 0.598082
0.141699 -0.203118 0.599469
0.141251 -0.204079 0.599505
0.144416 -0.203073 0.600393
0.141515 -0.203460 0.597785
0.143018 -0.203529 0.600224
0.143414 -0.203038 0.600831
0.141311 -0.201170 0.599286
0.142157 -0.203410 0.600449
0.141610 -0.202055 0.600867
0.145500 -0.202281 0.601339
0.143715 -0.203546 0.600410
0.142152 -0.205384 0.601805
0.141479 -0.201422 0.600174
0.142487 -0.205716 0.599311
0.143219 -0.202154 0.601257
0.143099 -0.202498 0.604385
0.141672 -0.203021 0.603211
0.142444 -0.200439 0.604033
0.142195 -0.201153 0.602760
0.140876 -0.202046 0.603927
0.142261 -0.202225 0.602023
0.141685 -0.202821 0.604519
0.142723 -0.202210 0.604288
0.141164 -0.203213 0.603877
0.142696 -0.201835 0.603812
0.141685 -0.202937 0.606223
0.142683 -0.203528 0.605237
0.141000 -0.201566 0.606551
0.143027 -0.203417 0.605531
0.141289 -0.201155 0.605613
0.142375 -0.202300 0.605546
0.142567 -0.202250 0.605894
0.141706 -0.203417 0.607522
0.142858 -0.202230 0.607600
0.142690 -0.202394 0.606891
0.142722 -0.202261 0.607846
0.142898 -0.203361 0.605864
0.141900 -0.202207 0.607965
0.142613 -0.203121 0.608626
0.141507 -0.202968 0.607838
0.143094 -0.201175 0.607956
0.139116 -0.204372 0.609158
0.142231 -0.203235 0.608522
0.141778 -0.201973 0.609024
0.140888 -0.202435 0.610041
0.141680 -0.203946 0.610850
0.141232 -0.203673 0.610156
0.140442 -0.202316 0.611150
0.140815 -0.200250 0.610252
0.141837 -0.203420 0.611187
0.140253 -0.202540 0.612570
0.139709 -0.204258 0.610393
0.141077 -0.202036 0.611691
0.141847 -0.203009 0.610903
0.141023 -0.203970 0.611494
0.140538 -0.204122 0.613237
0.141207 -0.204477 0.613172
0.140246 -0.203268 0.612690
0.140170 -0.201493 0.612053
0.139125 -0.203683 0.613230
0.138127 -0.204021 0.612063
0.138017 -0.203170 0.613106
0.140496 -0.203023 0.612704
0.139183 -0.201976 0.613029
0.140785 -0.202656 0.613680
0.140049 -0.203680 0.615584
0.138215 -0.203038 0.613858
0.140155 -0.203392 0.614413
0.140103 -0.203635 0.616497
0.139328 -0.202931 0.615218
0.137518 -0.203235 0.613891
0.140069 -0.205367 0.614832
0.139648 -0.201197 0.616933
0.138994 -0.203255 0.616889
0.139464 -0.204418 0.618226
0.139892 -0.202276 0.616821
0.138499 -0.202077 0.616781
0.138888 -0.202162 0.617948
0.139215 -0.202460 0.616419
0.136483 -0.200437 0.617595
0.137220 -0.202217 0.617456
0.138963 -0.202546 0.617086
0.137357 -0.204064 0.619161
0.137136 -0.202814 0.619418
0.138027 -0.203102 0.619465
0.138113 -0.204586 0.619723
0.136744 -0.201680 0.619922
0.137264 -0.201922 0.618338
0.139235 -0.204525 0.619948
0.137653 -0.204611 0.621670
0.137689 -0.204337 0.620076
0.137752 -0.202207 0.621146
0.135625 -0.203031 0.622376
0.137632 -0.203021 0.621182
0.136154 -0.203147 0.621040
0.136465 -0.201701 0.620652
0.137863 -0.198718 0.579953
0.135610 -0.199451 0.579587
0.137992 -0.199684 0.577597
0.138728 -0.199361 0.579813
0.138337 -0.200213 0.581399
0.136440 -0.198405 0.579370
0.137366 -0.200696 0.579771
0.138633 -0.200425 0.580579
0.137802 -0.200795 0.579541
0.137994 -0.200498 0.579330
0.139541 -0.201568 0.580779
0.137152 -0.199534 0.582834
0.138274 -0.199265 0.582150
0.138307 -0.198057 0.582258
0.139068 -0.200938 0.582710
0.137669 -0.200144 0.581594
0.139826 -0.198880 0.583028
0.139023 -0.198284 0.582484
0.139623 -0.198918 0.583228
0.139373 -0.199025 0.583782
0.138929 -0.200960 0.582903
0.139287 -0.199146 0.583528
0.139877 -0.200018 0.583431
0.139794 -0.198991 0.584152
0.139963 -0.200194 0.583216
0.138237 -0.197473 0.585480
0.139038 -0.199137 0.585144
0.138509 -0.199317 0.585834
0.138708 -0.198342 0.585124
0.139624 -0.201171 0.586875
0.139201 -0.200794 0.584695
0.140618 -0.202011 0.586915
0.137552 -0.199754 0.585363
0.141890 -0.198519 0.586245
0.140882 -0.199996 0.587667
0.140561 -0.198906 0.586840
0.141279 -0.199322 0.587014
0.142339 -0.199521 0.588705
0.140029 -0.199978 0.587896
0.140016 -0.199737 0.584974
0.140121 -0.200072 0.590004
0.140996 -0.199595 0.588198
0.139847 -0.199208 0.588800
0.141789 -0.200225 0.589054
0.140573 -0.198637 0.589109
0.139810 -0.198683 0.587436
0.141106 -0.198740 0.589247
0.140185 -0.199978 0.589043
0.142121 -0.198885 0.588549
0.142173 -0.198668 0.590204
0.139314 -0.198604 0.590658
0.142276 -0.201799 0.589837
0.141629 -0.200350 0.593294
0.140215 -0.198920 0.592292
0.143394 -0.198744 0.591824
0.141048 -0.199766 0.589313
0.140657 -0.199772 0.591594
0.142684 -0.198955 0.590967
0.142815 -0.199130 0.590319
0.139764 -0.199908 0.593568
0.142105 -0.198889 0.591832
0.141921 -0.200283 0.593188
0.142463 -0.201034 0.591374
0.139797 -0.199451 0.594414
0.142193 -0.199335 0.593761
0.141263 -0.198554 0.594521
0.143426 -0.197760 0.594352
0.141122 -0.199456 0.594441
0.141282 -0.200892 0.595171
0.142027 -0.199409 0.594051
0.141660 -0.199592 0.594458
0.141624 -0.201928 0.596380
0.142309 -0.199129 0.595761
0.141599 -0.198224 0.596474
0.142834 -0.199571 0.596321
0.142957 -0.199655 0.596378
0.140776 -0.199035 0.597047
0.143114 -0.201180 0.597135
0.142331 -0.200321 0.596691
0.141942 -0.199997 0.598138
0.142638 -0.198862 0.598284
0.142094 -0.199854 0.596996
0.142899 -0.200610 0.598868
0.143365 -0.199369 0.597424
0.142901 -0.199677 0.599540
0.141782 -0.199062 0.597681
0.143150 -0.199149 0.599864
0.141933 -0.198853 0.599050
0.141794 -0.200377 0.599130
0.142035 -0.197918 0.599921
0.142604 -0.199016 0.600736
0.142039 -0.199672 0.601711
0.142052 -0.199912 0.599355
0.143522 -0.199006 0.599534
0.141371 -0.199949 0.602799
0.141448 -0.197069 0.601404
0.141551 -0.200634 0.602505
0.140974 -0.199777 0.602498
0.141088 -0.199395 0.600928
0.143349 -0.200357 0.602907
0.143789 -0.198889 0.602512
0.142366 -0.200363 0.602772
0.143387 -0.198789 0.602063
0.143765 -0.200424 0.602188
0.142388 -0.198582 0.603954
0.140135 -0.198972 0.603020
0.142332 -0.198811 0.605604
0.142101 -0.199623 0.604358
0.143016 -0.200991 0.603818
0.140126 -0.198151 0.604867
0.141791 -0.198416 0.604500
0.142100 -0.198622 0.604882
0.143171 -0.198475 0.605358
0.142104 -0.198977 0.605247
0.140732 -0.199254 0.605469
0.141376 -0.199880 0.605326
0.141493 -0.201539 0.607533
0.141851 -0.200219 0.606104
0.142431 -0.199577 0.607161
0.140220 -0.200619 0.607816
0.141918 -0.197476 0.606970
0.142363 -0.200915 0.606167
0.141148 -0.200353 0.607174
0.141874 -0.199595 0.608149
0.142859 -0.199274 0.607113
0.142437 -0.198835 0.608142
0.142280 -0.198851 0.608421
0.141145 -0.198618 0.607734
0.141119 -0.200838 0.607991
0.141679 -0.196788 0.612385
0.143539 -0.199634 0.608295
0.143108 -0.200351 0.611917
0.141004 -0.199591 0.610653
0.141374 -0.199110 0.608716
0.141834 -0.199690 0.611388
0.140928 -0.199945 0.612002
0.141477 -0.198973 0.611682
0.139991 -0.199407 0.610517
0.141686 -0.201151 0.611217
0.137491 -0.200789 0.612023
0.140121 -0.200069 0.613912
0.140488 -0.200292 0.611991
0.141110 -0.199971 0.612225
0.141039 -0.199551 0.612117
0.141011 -0.199231 0.613357
0.141185 -0.198072 0.614381
0.140798 -0.199756 0.612988
0.141725 -0.199843 0.613765
0.140804 -0.198609 0.614592
0.140651 -0.198824 0.614524
0.140155 -0.198284 0.615415
0.140433 -0.200874 0.614989
0.140191 -0.201032 0.615952
0.139553 -0.199196 0.614893
0.137609 -0.200359 0.616083
0.138086 -0.198879 0.615345
0.138658 -0.199284 0.617162
0.139298 -0.198634 0.614899
0.140768 -0.199310 0.617884
0.139910 -0.199634 0.618496
0.138317 -0.198899 0.619179
0.137414 -0.199443 0.619018
0.140804 -0.200990 0.617137
0.138714 -0.199992 0.616712
0.139445 -0.198011 0.617490
0.139154 -0.198492 0.619344
0.137964 -0.200188 0.618073
0.139951 -0.199593 0.617844
0.136953 -0.198868 0.619273
0.137124 -0.198916 0.618393
0.137412 -0.199692 0.617667
0.137090 -0.200844 0.619698
0.138879 -0.197878 0.620845
0.138850 -0.199706 0.620908
0.138740 -0.201483 0.619611
0.137341 -0.196702 0.620820
0.134944 -0.200258 0.621907
0.137800 -0.198848 0.621490
0.138022 -0.200699 0.620734
0.135487 -0.199606 0.618931
0.137598 -0.195816 0.579976
0.139844 -0.195835 0.578066
0.137290 -0.194918 0.579897
0.137446 -0.198298 0.580263
0.136507 -0.197685 0.579913
0.138487 -0.196829 0.579170
0.136332 -0.195503 0.578635
0.136456 -0.197014 0.580621
0.139135 -0.196827 0.579540
0.137526 -0.195831 0.581527
0.138256 -0.197552 0.579686
0.137229 -0.196212 0.581636
0.139571 -0.196429 0.581764
0.139366 -0.197402 0.581025
0.138981 -0.196124 0.578904
0.137101 -0.196392 0.581915
0.137698 -0.195137 0.581951
0.140148 -0.196629 0.581073
0.138379 -0.195761 0.581442
0.141864 -0.198017 0.583242
0.140989 -0.195718 0.582527
0.137000 -0.196274 0.584839
0.137955 -0.195501 0.585121
0.140176 -0.195172 0.583870
0.139997 -0.197108 0.584516
0.139341 -0.197683 0.584496
0.137253 -0.196427 0.583828
0.139525 -0.197034 0.585704
0.139799 -0.196098 0.584595
0.140451 -0.195102 0.585254
0.139140 -0.196563 0.585854
0.138333 -0.196216 0.585664
0.139880 -0.194736 0.585795
0.139678 -0.196438 0.585953
0.138618 -0.194085 0.587284
0.140311 -0.196928 0.585521
0.140340 -0.196945 0.586420
0.141654 -0.196502 0.587100
0.141650 -0.196668 0.587455
0.140286 -0.194397 0.585951
0.140661 -0.196247 0.586213
0.141102 -0.194709 0.589191
0.141865 -0.196106 0.586831
0.141360 -0.197448 0.588478
0.141941 -0.196804 0.588125
0.139719 -0.196941 0.587844
0.141613 -0.195320 0.586363
0.141522 -0.197767 0.590731
0.141392 -0.195546 0.590232
0.141584 -0.196141 0.590925
0.141967 -0.195553 0.591993
0.140150 -0.195873 0.589762
0.140599 -0.196102 0.591862
0.140360 -0.196441 0.589852
0.140002 -0.196000 0.591680
0.143536 -0.197081 0.590838
0.140848 -0.194991 0.590627
0.140991 -0.196391 0.592248
0.142252 -0.196353 0.591653
0.142600 -0.195739 0.591668
0.143554 -0.194601 0.592624
0.140986 -0.194711 0.594360
0.142094 -0.196769 0.594637
0.141083 -0.194817 0.593003
0.141730 -0.195917 0.594103
0.139460 -0.195807 0.593635
0.141118 -0.196542 0.592315
0.141910 -0.197052 0.595509
0.141841 -0.195084 0.594243
0.141100 -0.193773 0.594205
0.140514 -0.197784 0.594866
0.143052 -0.197725 0.596906
0.143892 -0.192189 0.597361
0.143146 -0.195717 0.597941
0.141948 -0.195968 0.597017
0.140120 -0.196952 0.596336
0.141766 -0.195443 0.598360
0.143121 -0.196150 0.597486
0.141475 -0.195770 0.595270
0.143436 -0.197111 0.597947
0.142480 -0.194772 0.596421
0.142195 -0.195303 0.598626
0.141466 -0.195477 0.599464
0.141791 -0.195127 0.597036
0.141981 -0.193963 0.598651
0.141332 -0.195261 0.599368
0.143539 -0.196546 0.599110
0.141526 -0.195787 0.599328
0.143084 -0.197222 0.600506
0.142797 -0.196510 0.600528
0.142260 -0.195353 0.599501
0.142158 -0.196547 0.599629
0.142915 -0.195414 0.599746
0.144941 -0.196224 0.599086
0.141187 -0.197319 0.601299
0.141727 -0.196583 0.601980
0.143044 -0.196845 0.600734
0.143608 -0.196452 0.599995
0.143876 -0.196302 0.602170
0.141569 -0.196587 0.602534
0.142216 -0.194892 0.603672
0.140645 -0.197079 0.602697
0.142009 -0.195070 0.604920
0.141277 -0.196227 0.602013
0.142110 -0.195210 0.605403
0.143042 -0.196017 0.603457
0.142306 -0.196118 0.604693
0.143570 -0.196762 0.602438
0.142757 -0.195278 0.603713
0.141963 -0.195159 0.604390
0.142605 -0.195069 0.606031
0.141648 -0.194100 0.605274
0.142634 -0.196591 0.607021
0.144055 -0.195786 0.607896
0.141757 -0.196332 0.604641
0.143563 -0.196803 0.608403
0.141679 -0.194595 0.607621
0.140932 -0.196505 0.607501
0.142953 -0.195101 0.606823
0.140739 -0.195943 0.606446
0.139865 -0.197002 0.607981
0.141456 -0.197020 0.607590
0.141707 -0.194837 0.607508
0.142785 -0.195459 0.607731
0.140716 -0.196190 0.608399
0.141380 -0.197597 0.607974
0.140618 -0.196163 0.608732
0.141088 -0.195638 0.609476
0.140040 -0.196043 0.609890
0.142450 -0.196425 0.609887
0.142204 -0.197080 0.609126
0.140152 -0.195695 0.611136
0.141785 -0.196106 0.608940
0.142267 -0.194966 0.610497
0.140423 -0.196332 0.610221
0.141111 -0.196122 0.611405
0.141147 -0.197040 0.610284
0.140691 -0.195936 0.611121
0.138315 -0.196287 0.611926
0.141840 -0.195682 0.612591
0.140587 -0.196074 0.611704
0.141344 -0.195195 0.615673
0.139884 -0.192940 0.612127
0.140561 -0.196718 0.613724
0.141058 -0.196611 0.612274
0.139630 -0.195608 0.610666
0.138694 -0.195978 0.615124
0.140591 -0.196248 0.614514
0.140128 -0.195928 0.612992
0.138862 -0.197066 0.614809
0.139102 -0.195908 0.614107
0.138939 -0.195897 0.614091
0.140062 -0.195994 0.615846
0.140040 -0.196642 0.616228
0.139432 -0.194548 0.615401
0.139047 -0.196577 0.617319
0.138034 -0.195974 0.618478
0.140988 -0.196026 0.616531
0.140315 -0.195492 0.617776
0.138868 -0.195070 0.616129
0.137461 -0.196012 0.617402
0.138530 -0.195094 0.618494
0.138525 -0.196128 0.616191
0.138065 -0.197272 0.617555
0.137874 -0.196563 0.619089
0.138213 -0.195182 0.619721
0.137736 -0.195478 0.618950
0.137523 -0.197951 0.620394
0.140282 -0.196596 0.620269
0.135614 -0.195025 0.619332
0.136538 -0.197278 0.619128
0.138678 -0.195250 0.619567
0.138759 -0.196451 0.619072
0.137747 -0.195069 0.619809
0.137260 -0.196448 0.620416
0.135532 -0.194346 0.620727
0.137678 -0.194291 0.621802
0.138785 -0.196211 0.620792
0.137376 -0.197633 0.620086
0.136518 -0.197134 0.622162
0.135435 -0.192299 0.577969
0.136472 -0.191529 0.578669
0.138049 -0.193267 0.579511
0.136343 -0.194630 0.578530
0.136779 -0.192685 0.579766
0.138099 -0.193438 0.579810
0.137088 -0.191849 0.580390
0.138609 -0.194055 0.581124
0.137460 -0.192111 0.579713
0.138317 -0.192983 0.579976
0.136806 -0.191213 0.581124
0.138526 -0.195175 0.580401
0.138722 -0.193450 0.580636
0.138418 -0.193638 0.580872
0.137530 -0.192515 0.581123
0.139656 -0.194269 0.582462
0.139206 -0.194474 0.582062
0.137882 -0.193703 0.583728
0.139146 -0.193533 0.581680
0.139447 -0.193314 0.583393
0.140050 -0.192653 0.582736
0.137873 -0.192475 0.584208
0.136458 -0.192815 0.583983
0.136694 -0.192510 0.582572
0.139920 -0.191167 0.582797
0.138497 -0.193073 0.583767
0.138054 -0.192706 0.583414
0.139913 -0.194148 0.585835
0.139614 -0.194320 0.584252
0.140439 -0.192965 0.586487
0.140542 -0.193425 0.586820
0.139067 -0.193389 0.586325
0.141503 -0.193209 0.585297
0.140797 -0.193036 0.586257
0.141052 -0.193808 0.585852
0.140410 -0.191775 0.586581
0.139257 -0.192907 0.586801
0.138994 -0.192268 0.584897
0.141246 -0.193552 0.585449
0.141556 -0.193140 0.586565
0.140524 -0.193409 0.586772
0.141606 -0.193432 0.588522
0.141147 -0.193044 0.588077
0.139466 -0.193373 0.588157
0.141886 -0.192040 0.589594
0.140506 -0.192985 0.589162
0.142230 -0.193229 0.590056
0.143317 -0.194500 0.590136
0.142032 -0.193638 0.589714
0.140417 -0.192591 0.589928
0.140912 -0.192555 0.591217
0.141791 -0.192446 0.591504
0.140073 -0.192461 0.590020
0.141279 -0.192506 0.592291
0.138511 -0.192178 0.590064
0.141790 -0.191820 0.590029
0.141156 -0.192343 0.591214
0.140405 -0.192755 0.590889
0.142002 -0.192573 0.591265
0.142166 -0.193217 0.593084
0.141497 -0.193148 0.593049
0.143536 -0.192538 0.594482
0.141583 -0.191989 0.594057
0.142281 -0.191711 0.593713
0.142815 -0.192593 0.592648
0.142045 -0.193513 0.591997
0.143258 -0.193168 0.593892
0.141622 -0.194261 0.593825
0.143409 -0.193645 0.594780
0.141603 -0.192531 0.595430
0.144057 -0.193012 0.596004
0.140946 -0.192496 0.596165
0.143997 -0.193339 0.594782
0.141061 -0.194195 0.595309
0.141261 -0.193200 0.594698
0.143621 -0.192357 0.597549
0.142393 -0.192635 0.594842
0.141801 -0.194552 0.595555
0.142569 -0.193041 0.597383
0.142749 -0.192958 0.600508
0.142016 -0.191743 0.597578
0.142340 -0.191705 0.599037
0.141797 -0.192976 0.598914
0.142673 -0.194135 0.598132
0.142304 -0.193340 0.599230
0.141329 -0.192620 0.600955
0.143209 -0.193928 0.598201
0.142323 -0.192586 0.599908
0.142998 -0.192578 0.599310
0.141029 -0.192288 0.600934
0.143037 -0.190747 0.601872
0.143357 -0.194475 0.600156
0.143540 -0.193215 0.601590
0.142937 -0.192371 0.600557
0.142885 -0.190861 0.601981
0.143110 -0.191465 0.601015
0.142611 -0.192288 0.601336
0.143173 -0.194579 0.600310
0.142344 -0.193067 0.601925
0.143010 -0.191950 0.603106
0.142808 -0.192438 0.601124
0.141609 -0.192527 0.603627
0.141644 -0.192566 0.604748
0.144490 -0.192035 0.602385
0.142946 -0.193776 0.604905
0.142357 -0.192186 0.603943
0.142395 -0.191206 0.603079
0.142392 -0.191650 0.605659
0.142265 -0.193679 0.603829
0.142513 -0.192619 0.604721
0.143249 -0.192911 0.604003
0.141306 -0.193693 0.604731
0.142296 -0.193495 0.604901
0.142017 -0.193773 0.608364
0.142535 -0.191269 0.605091
0.142363 -0.192394 0.607429
0.141956 -0.194660 0.606529
0.141617 -0.193626 0.605262
0.143136 -0.192374 0.607195
0.141252 -0.192713 0.609039
0.143629 -0.192839 0.606326
0.140791 -0.192551 0.608367
0.142346 -0.191318 0.608173
0.142418 -0.193259 0.608955
0.141884 -0.191437 0.608245
0.140383 -0.191919 0.606201
0.141534 -0.191830 0.607687
0.140860 -0.190050 0.608884
0.141974 -0.192172 0.609005
0.141379 -0.192543 0.611201
0.139814 -0.192236 0.609382
0.142354 -0.193198 0.609586
0.140943 -0.192998 0.611395
0.140933 -0.193072 0.609814
0.141368 -0.193239 0.611655
0.140657 -0.192834 0.611132
0.142146 -0.195303 0.612064
0.141771 -0.192586 0.611032
0.140407 -0.193091 0.611095
0.140334 -0.193490 0.612132
0.141040 -0.193828 0.610464
0.141545 -0.193217 0.613183
0.140232 -0.193783 0.613236
0.139775 -0.193229 0.611093
0.138366 -0.191584 0.612543
0.139634 -0.193190 0.613845
0.137330 -0.189617 0.614010
0.141852 -0.194883 0.613796
0.139121 -0.192289 0.614718
0.139199 -0.192989 0.614036
0.141385 -0.192055 0.615824
0.139497 -0.191874 0.616127
0.138803 -0.191882 0.615453
0.141536 -0.192731 0.615280
0.138673 -0.191733 0.614499
0.139190 -0.193673 0.613790
0.139610 -0.192329 0.615672
0.140352 -0.193422 0.618114
0.140203 -0.193378 0.613984
0.138743 -0.191853 0.617994
0.141100 -0.192178 0.618310
0.138658 -0.194334 0.616981
0.139347 -0.192989 0.616228
0.138900 -0.192260 0.617470
0.139127 -0.193074 0.617236
0.139527 -0.191984 0.617887
0.138475 -0.190966 0.619474
0.136158 -0.192794 0.618075
0.136269 -0.194595 0.618486
0.136764 -0.193717 0.619727
0.137764 -0.193086 0.619946
0.137081 -0.192713 0.620608
0.138147 -0.193518 0.618945
0.136828 -0.193279 0.621666
0.138751 -0.192191 0.620792
0.138608 -0.192358 0.619025
0.137961 -0.193649 0.621308
0.137798 -0.191328 0.620486
0.136090 -0.192499 0.622478
0.134949 -0.193322 0.621896
0.137245 -0.189178 0.578813
0.137340 -0.189903 0.579446
0.136335 -0.189289 0.577715
0.136163 -0.189479 0.579075
0.136473 -0.189269 0.580339
0.136700 -0.188483 0.580204
0.138838 -0.189250 0.579541
0.138156 -0.189089 0.579120
0.137080 -0.188716 0.579006
0.136246 -0.188133 0.579580
0.137633 -0.189797 0.580765
0.136558 -0.190439 0.581940
0.138084 -0.190422 0.581324
0.138231 -0.188489 0.581874
0.138357 -0.190081 0.582461
0.138573 -0.188705 0.581534
0.139336 -0.187994 0.582188
0.137524 -0.188422 0.582526
0.138319 -0.189412 0.582084
0.136101 -0.187480 0.584893
0.140492 -0.188613 0.583259
0.139997 -0.189423 0.583916
0.139124 -0.190970 0.583514
0.136120 -0.187749 0.584882
0.139491 -0.190816 0.584238
0.138847 -0.190151 0.582053
0.140799 -0.189544 0.584809
0.139573 -0.189399 0.585659
0.140643 -0.191136 0.585640
0.140264 -0.190373 0.584703
0.139898 -0.188695 0.585646
0.142261 -0.190260 0.586118
0.140738 -0.188721 0.587302
0.138628 -0.187152 0.584742
0.138720 -0.189259 0.586095
0.142151 -0.190567 0.587627
0.140819 -0.188846 0.585566
0.139932 -0.190870 0.585481
0.140850 -0.188667 0.587085
0.139092 -0.190098 0.588754
0.140871 -0.188851 0.587733
0.141979 -0.189137 0.587464
0.142223 -0.188699 0.589584
0.140161 -0.190071 0.588533
0.140479 -0.190091 0.589309
0.141222 -0.189419 0.588255
0.141787 -0.188625 0.587890
0.140665 -0.188964 0.590595
0.141567 -0.186498 0.588392
0.140989 -0.190737 0.589393
0.139456 -0.190153 0.589393
0.142540 -0.190324 0.591166
0.141432 -0.189793 0.588842
0.140477 -0.188818 0.592730
0.142412 -0.187338 0.592578
0.141178 -0.188077 0.593492
0.142418 -0.190253 0.592229
0.143394 -0.189852 0.592632
0.142903 -0.188457 0.592429
0.142205 -0.188547 0.592819
0.141057 -0.188453 0.590490
0.141136 -0.187709 0.591985
0.141048 -0.189627 0.592907
0.143669 -0.189881 0.593286
0.142363 -0.187527 0.594881
0.143072 -0.190031 0.593197
0.140949 -0.188679 0.593536
0.141927 -0.189116 0.596324
0.143878 -0.189206 0.595699
0.140411 -0.188909 0.593925
0.141520 -0.190640 0.595886
0.143876 -0.188235 0.594068
0.141604 -0.189179 0.595784
0.142403 -0.189644 0.595024
0.143474 -0.190292 0.597315
0.142684 -0.189309 0.597401
0.143944 -0.188662 0.595913
0.142353 -0.189523 0.596325
0.142453 -0.189609 0.598012
0.141439 -0.190778 0.597637
0.142816 -0.188194 0.597200
0.143690 -0.188973 0.598260
0.141922 -0.190330 0.598709
0.141561 -0.188009 0.597119
0.141499 -0.189310 0.598559
0.143032 -0.188404 0.601033
0.144121 -0.190130 0.598815
0.141953 -0.189240 0.598208
0.141338 -0.189363 0.599443
0.142861 -0.188856 0.598102
0.142612 -0.189483 0.600931
0.142596 -0.190126 0.599804
0.142289 -0.189449 0.600295
0.142158 -0.189363 0.600701
0.142121 -0.187172 0.602027
0.142412 -0.189303 0.601596
0.141632 -0.189975 0.600113
0.141552 -0.188970 0.600099
0.142588 -0.189604 0.601194
0.143434 -0.189216 0.601967
0.143411 -0.188799 0.602168
0.140730 -0.189710 0.601690
0.142791 -0.188281 0.604696
0.141953 -0.188539 0.602841
0.142393 -0.188296 0.603712
0.142879 -0.188290 0.603562
0.143027 -0.186879 0.604254
0.142221 -0.188596 0.604125
0.143023 -0.188798 0.604211
0.142152 -0.188479 0.604308
0.140506 -0.191324 0.605350
0.141320 -0.190730 0.603785
0.141932 -0.189499 0.606109
0.142351 -0.187597 0.606842
0.142069 -0.188313 0.606452
0.140735 -0.188775 0.607541
0.141595 -0.189024 0.606479
0.142770 -0.189008 0.608380
0.140585 -0.187483 0.607133
0.141689 -0.190079 0.607685
0.142643 -0.188794 0.607431
0.140013 -0.189492 0.607309
0.141691 -0.190514 0.608052
0.140490 -0.189667 0.608329
0.142008 -0.188732 0.608337
0.138629 -0.189675 0.607945
0.140934 -0.188943 0.610126
0.143221 -0.189137 0.609489
0.143528 -0.190077 0.609907
0.142866 -0.189770 0.609638
0.140439 -0.190093 0.611324
0.142597 -0.190395 0.610476
0.140554 -0.191017 0.610658
0.140354 -0.188035 0.611081
0.141590 -0.187963 0.610376
0.142296 -0.192360 0.611391
0.142051 -0.188641 0.613185
0.139614 -0.190200 0.612455
0.140802 -0.192577 0.611078
0.141646 -0.191040 0.614666
0.139635 -0.188914 0.612786
0.140263 -0.190037 0.612624
0.138834 -0.189016 0.612405
0.138851 -0.188208 0.613287
0.141421 -0.189864 0.611367
0.141372 -0.189847 0.613173
0.139411 -0.187597 0.613655
0.140177 -0.186611 0.614063
0.140014 -0.189998 0.612124
0.139902 -0.187643 0.614137
0.141708 -0.189534 0.614824
0.139071 -0.188688 0.616298
0.140251 -0.188866 0.615222
0.140047 -0.190314 0.616213
0.139621 -0.190036 0.614064
0.139754 -0.188865 0.615963
0.138931 -0.189688 0.616764
0.138084 -0.190427 0.617147
0.138867 -0.189467 0.618024
0.140075 -0.189966 0.616484
0.139907 -0.189636 0.616492
0.140141 -0.190322 0.618162
0.136581 -0.189799 0.617597
0.139132 -0.191219 0.616661
0.139171 -0.189523 0.616794
0.138346 -0.188092 0.618541
0.137022 -0.188005 0.618985
0.138727 -0.189046 0.618703
0.138336 -0.189397 0.617864
0.138139 -0.190928 0.620387
0.139927 -0.189260 0.620311
0.137103 -0.188222 0.619707
0.135089 -0.191381 0.619338
0.136523 -0.188077 0.620066
0.137713 -0.191515 0.621050
0.136495 -0.189846 0.619224
0.136972 -0.188716 0.618923
0.137531 -0.189836 0.621136
0.136910 -0.188315 0.621673
0.136900 -0.191367 0.621241
0.136360 -0.184535 0.580888
0.137433 -0.186827 0.577250
0.137015 -0.187206 0.578884
0.137170 -0.186466 0.579089
0.136133 -0.185927 0.579363
0.138096 -0.184162 0.579021
0.134671 -0.186380 0.579925
0.138357 -0.185954 0.580090
0.137293 -0.184117 0.580175
0.138753 -0.184532 0.580412
0.137964 -0.186921 0.582055
0.138981 -0.185707 0.581338
0.140143 -0.184659 0.580260
0.138407 -0.185098 0.582196
0.139226 -0.185528 0.582777
0.139632 -0.184838 0.581680
0.139814 -0.186397 0.581383
0.136754 -0.185780 0.581363
0.138352 -0.185424 0.583555
0.137164 -0.185199 0.582668
0.139863 -0.184848 0.582660
0.139718 -0.186237 0.582358
0.138965 -0.185128 0.584450
0.140094 -0.186345 0.582125
0.140177 -0.186350 0.584140
0.139574 -0.185782 0.584299
0.139908 -0.186231 0.583538
0.139237 -0.184976 0.586846
0.140952 -0.187373 0.584114
0.139254 -0.186366 0.584142
0.140547 -0.186596 0.585149
0.140955 -0.186306 0.584253
0.141045 -0.185565 0.585332
0.139600 -0.185865 0.584230
0.141701 -0.184176 0.585610
0.138589 -0.187676 0.587607
0.141174 -0.184653 0.586493
0.141299 -0.186896 0.586145
0.139548 -0.187320 0.587597
0.140950 -0.184402 0.588032
0.141052 -0.186862 0.588312
0.139234 -0.187140 0.586406
0.142108 -0.186164 0.588575
0.141786 -0.185664 0.588215
0.139218 -0.186250 0.589131
0.142312 -0.185299 0.587929
0.141787 -0.185452 0.588071
0.141023 -0.186515 0.589150
0.141958 -0.185043 0.588952
0.140793 -0.187096 0.588456
0.141965 -0.186156 0.588145
0.142012 -0.187402 0.591578
0.140396 -0.185656 0.590401
0.140498 -0.186347 0.591457
0.141279 -0.187202 0.591427
0.141505 -0.186787 0.591931
0.141086 -0.186707 0.592237
0.142707 -0.184834 0.592362
0.141462 -0.186258 0.592926
0.140856 -0.185300 0.592255
0.142565 -0.185297 0.592646
0.142671 -0.186157 0.592533
0.143765 -0.184262 0.592420
0.141850 -0.184476 0.593802
0.141671 -0.186946 0.594017
0.142541 -0.185545 0.593743
0.142270 -0.186217 0.593397
0.142015 -0.186097 0.594945
0.141012 -0.187615 0.594301
0.141991 -0.186217 0.596868
0.143420 -0.186869 0.594811
0.141749 -0.183756 0.594891
0.142750 -0.185965 0.594411
0.143052 -0.185459 0.596335
0.142717 -0.187956 0.597119
0.141386 -0.184339 0.595892
0.142062 -0.186165 0.595972
0.141180 -0.185689 0.595711
0.143246 -0.187000 0.597798
0.142511 -0.184673 0.598638
0.143693 -0.187469 0.598551
0.142891 -0.184064 0.597877
0.143005 -0.186417 0.598091
0.142752 -0.185258 0.597155
0.143521 -0.187493 0.599915
0.142825 -0.184637 0.596128
0.144096 -0.186180 0.599620
0.142397 -0.185422 0.598983
0.141462 -0.185654 0.598817
0.141594 -0.187020 0.601315
0.141839 -0.184450 0.599724
0.141639 -0.186600 0.599325
0.141500 -0.186421 0.597993
0.143919 -0.186602 0.601974
0.140940 -0.186495 0.599707
0.142517 -0.185982 0.602929
0.142821 -0.184924 0.601823
0.144532 -0.186941 0.603702
0.142413 -0.185327 0.602094
0.143646 -0.186586 0.602461
0.144301 -0.185303 0.602992
0.142442 -0.187179 0.603746
0.143367 -0.185007 0.603156
0.143289 -0.186037 0.602856
0.143007 -0.185943 0.603804
0.143802 -0.185752 0.605036
0.143380 -0.187157 0.604854
0.142293 -0.185580 0.603609
0.142807 -0.184727 0.604060
0.142721 -0.185392 0.604368
0.142838 -0.185460 0.604844
0.141679 -0.185239 0.604624
0.141242 -0.185297 0.604987
0.141916 -0.185612 0.606397
0.143409 -0.185761 0.605818
0.141354 -0.187410 0.607431
0.141920 -0.185268 0.606913
0.141864 -0.188168 0.606123
0.142095 -0.184843 0.607985
0.142690 -0.185940 0.606929
0.141053 -0.185441 0.607975
0.141396 -0.185496 0.605980
0.142088 -0.187104 0.608540
0.140823 -0.186636 0.607398
0.141693 -0.185046 0.608318
0.141873 -0.185238 0.607696
0.142815 -0.184869 0.608879
0.141573 -0.187127 0.608758
0.140692 -0.184682 0.609256
0.140669 -0.186040 0.608834
0.138983 -0.186661 0.611703
0.143119 -0.186133 0.611154
0.141224 -0.187334 0.610996
0.142928 -0.186036 0.609132
0.142313 -0.186932 0.609661
0.140409 -0.187116 0.611890
0.142111 -0.187625 0.611078
0.141850 -0.186225 0.613402
0.141281 -0.186169 0.612128
0.141608 -0.185965 0.610996
0.140118 -0.186510 0.614033
0.139991 -0.187407 0.612771
0.140498 -0.186312 0.613130
0.140118 -0.186222 0.613893
0.141844 -0.185795 0.613266
0.140202 -0.186711 0.613229
0.138790 -0.185932 0.613687
0.141328 -0.188062 0.615650
0.140543 -0.185685 0.613975
0.139154 -0.187627 0.614792
0.138367 -0.183830 0.615307
0.138621 -0.185736 0.614243
0.138655 -0.186082 0.613745
0.140024 -0.184846 0.616091
0.138793 -0.186506 0.615821
0.139916 -0.185210 0.616741
0.139236 -0.186112 0.617177
0.138420 -0.186423 0.615428
0.138004 -0.186112 0.616422
0.137933 -0.185013 0.616295
0.138338 -0.186584 0.616190
0.138304 -0.185250 0.618495
0.139849 -0.185374 0.617809
0.138881 -0.185269 0.617953
0.139111 -0.186119 0.617809
0.139099 -0.186729 0.620247
0.136182 -0.188249 0.617547
0.138669 -0.187170 0.619725
0.138417 -0.186323 0.617389
0.139650 -0.185181 0.618823
0.139134 -0.186810 0.618737
0.137107 -0.184527 0.620955
0.137251 -0.185538 0.620377
0.137034 -0.185889 0.620882
0.136693 -0.185618 0.619061
0.136907 -0.185387 0.619458
0.137974 -0.185856 0.620278
0.136590 -0.185475 0.621820
0.137429 -0.186642 0.621156
0.138968 -0.186971 0.621208
0.138340 -0.183392 0.576327
0.136731 -0.182280 0.579209
0.136470 -0.182829 0.580038
0.137126 -0.182736 0.578974
0.137572 -0.182226 0.579363
0.136516 -0.182875 0.578791
0.137975 -0.182208 0.579626
0.137742 -0.183272 0.578935
0.138003 -0.180390 0.579388
0.137933 -0.181721 0.580801
0.140471 -0.181969 0.580550
0.140821 -0.183061 0.580638
0.139429 -0.182004 0.581913
0.137535 -0.181563 0.581437
0.139404 -0.183187 0.581415
0.139325 -0.182495 0.582135
0.138696 -0.183238 0.582333
0.140112 -0.181174 0.583092
0.138743 -0.182613 0.582082
0.139698 -0.181845 0.584056
0.139486 -0.182118 0.583014
0.140819 -0.183030 0.585065
0.137737 -0.183307 0.584228
0.140447 -0.182064 0.583849
0.139041 -0.183278 0.583871
0.139721 -0.183258 0.583694
0.139142 -0.182057 0.584660
0.138297 -0.184558 0.583134
0.140596 -0.183722 0.584561
0.139324 -0.180839 0.585219
0.138386 -0.183652 0.584954
0.139487 -0.181669 0.586888
0.139618 -0.183158 0.584775
0.141417 -0.181869 0.586154
0.138924 -0.183132 0.583600
0.140456 -0.182113 0.587584
0.140557 -0.181631 0.588366
0.138795 -0.181860 0.588943
0.138558 -0.181172 0.585940
0.139984 -0.183699 0.585834
0.140105 -0.182089 0.589187
0.139770 -0.180449 0.588832
0.141409 -0.183426 0.587557
0.139735 -0.183179 0.587550
0.138759 -0.182126 0.588793
0.140835 -0.182697 0.589166
0.140305 -0.181240 0.589865
0.141285 -0.182850 0.588332
0.141537 -0.181629 0.591360
0.141283 -0.181730 0.589289
0.141011 -0.183069 0.591073
0.142508 -0.182975 0.590465
0.143754 -0.183227 0.589383
0.141517 -0.182988 0.591423
0.142023 -0.182881 0.591624
0.142216 -0.183148 0.590265
0.140623 -0.181006 0.593808
0.142244 -0.180985 0.591344
0.141240 -0.182007 0.591744
0.141047 -0.183484 0.592024
0.141414 -0.181774 0.590843
0.140637 -0.185728 0.592602
0.141389 -0.182398 0.593037
0.142662 -0.182909 0.592535
0.141692 -0.182120 0.594645
0.139828 -0.183636 0.594470
0.142770 -0.182632 0.593909
0.142776 -0.183039 0.593821
0.142418 -0.181331 0.596219
0.143667 -0.182353 0.592809
0.142287 -0.182135 0.593712
0.141150 -0.181408 0.594995
0.142934 -0.181688 0.595436
0.143650 -0.183163 0.595396
0.141155 -0.182844 0.595926
0.142234 -0.182345 0.596012
0.143274 -0.183153 0.595001
0.143416 -0.181900 0.595486
0.141113 -0.181239 0.597209
0.141632 -0.184105 0.597386
0.142130 -0.181988 0.597461
0.142124 -0.184127 0.596080
0.142872 -0.183036 0.599645
0.142445 -0.184259 0.597245
0.143081 -0.183744 0.598523
0.142203 -0.181670 0.598285
0.142268 -0.184205 0.599095
0.143127 -0.182845 0.599147
0.142149 -0.182099 0.599013
0.141213 -0.184841 0.598917
0.140898 -0.182042 0.598774
0.142044 -0.182451 0.599607
0.142788 -0.182580 0.600502
0.141962 -0.183931 0.598332
0.141483 -0.182329 0.599181
0.141910 -0.182994 0.601333
0.142376 -0.182322 0.600291
0.143873 -0.181524 0.602888
0.142660 -0.182379 0.600205
0.141550 -0.184515 0.602355
0.141551 -0.183188 0.603581
0.142190 -0.182075 0.602461
0.143855 -0.183153 0.602490
0.141491 -0.182149 0.603931
0.143741 -0.184043 0.603519
0.141691 -0.181840 0.604431
0.141464 -0.182483 0.603668
0.140697 -0.182466 0.603150
0.143447 -0.181770 0.604644
0.142165 -0.181681 0.605305
0.141209 -0.183054 0.605260
0.141701 -0.182470 0.605079
0.142740 -0.181629 0.604927
0.142728 -0.183601 0.606535
0.141199 -0.182343 0.605343
0.141009 -0.182298 0.606086
0.143038 -0.184322 0.605945
0.141280 -0.182381 0.604654
0.141557 -0.181330 0.606931
0.141727 -0.182593 0.607114
0.142293 -0.184028 0.606921
0.141969 -0.182991 0.606325
0.143577 -0.181846 0.607749
0.142364 -0.183269 0.609588
0.140870 -0.183501 0.606730
0.142315 -0.182283 0.609403
0.140992 -0.184043 0.610903
0.141440 -0.183236 0.609853
0.141286 -0.183113 0.608233
0.142934 -0.181736 0.610786
0.140424 -0.182665 0.610163
0.139955 -0.181466 0.611420
0.141244 -0.182369 0.609257
0.139352 -0.181695 0.611601
0.140705 -0.183312 0.611587
0.140508 -0.183601 0.609809
0.141753 -0.183207 0.610900
0.140551 -0.184961 0.609000
0.141268 -0.182485 0.613125
0.142629 -0.181846 0.611468
0.140855 -0.182065 0.613856
0.141322 -0.182393 0.612494
0.140627 -0.181985 0.612863
0.140951 -0.182398 0.613800
0.141006 -0.182938 0.612723
0.140567 -0.181676 0.613586
0.141726 -0.181896 0.615411
0.141116 -0.183162 0.612536
0.140714 -0.181236 0.613200
0.138062 -0.181756 0.612882
0.141032 -0.182399 0.614402
0.138842 -0.182149 0.614586
0.142220 -0.181306 0.614436
0.138309 -0.183462 0.616442
0.140331 -0.182456 0.616370
0.139076 -0.182681 0.617160
0.140792 -0.184413 0.614684
0.138020 -0.182962 0.616386
0.140594 -0.181078 0.617225
0.139877 -0.181701 0.615553
0.139383 -0.182596 0.618569
0.140366 -0.183898 0.617437
0.138129 -0.182675 0.617527
0.138801 -0.183679 0.618499
0.139521 -0.180790 0.617952
0.138925 -0.184387 0.619006
0.139118 -0.184502 0.618873
0.139302 -0.182995 0.618002
0.137664 -0.182720 0.617159
0.139532 -0.181220 0.619856
0.137057 -0.180902 0.619728
0.138472 -0.181166 0.619866
0.138417 -0.182450 0.620511
0.136288 -0.183421 0.621290
0.139422 -0.183286 0.620814
0.138345 -0.183399 0.619722
0.137436 -0.184018 0.618739
0.137018 -0.181613 0.619872
0.136685 -0.185835 0.619857
0.136512 -0.181782 0.619332
0.137431 -0.178676 0.579814
0.135392 -0.179468 0.579979
0.137237 -0.179305 0.579300
0.137261 -0.179836 0.577662
0.136265 -0.179159 0.578855
0.135152 -0.178436 0.579002
0.139112 -0.178351 0.579701
0.136591 -0.180479 0.581444
0.138096 -0.179712 0.582800
0.136914 -0.181164 0.581677
0.137768 -0.178140 0.580762
0.140407 -0.179620 0.581374
0.139065 -0.178349 0.581902
0.137167 -0.178629 0.580631
0.139131 -0.180135 0.581717
0.137575 -0.180476 0.583333
0.137723 -0.179075 0.580675
0.139008 -0.178569 0.582097
0.138454 -0.178580 0.582725
0.139617 -0.180222 0.583985
0.138686 -0.179339 0.583276
0.138804 -0.179608 0.584034
0.137600 -0.178848 0.582426
0.139715 -0.178248 0.584321
0.139035 -0.179675 0.583579
0.139294 -0.179965 0.583615
0.140156 -0.179969 0.582583
0.141319 -0.178449 0.586139
0.140236 -0.179905 0.584608
0.139393 -0.179187 0.585659
0.140407 -0.178653 0.584411
0.140360 -0.179479 0.586435
0.137542 -0.178288 0.585233
0.140589 -0.180630 0.587120
0.142161 -0.179101 0.587152
0.139372 -0.178928 0.587539
0.140627 -0.179462 0.585993
0.140585 -0.178836 0.588068
0.139187 -0.179875 0.587616
0.140901 -0.177280 0.588348
0.141808 -0.176883 0.587079
0.140680 -0.179614 0.589328
0.140461 -0.177842 0.587891
0.140489 -0.179831 0.589156
0.142371 -0.179826 0.589840
0.141355 -0.178944 0.590251
0.139499 -0.179168 0.587412
0.142131 -0.180843 0.589222
0.139986 -0.178467 0.590847
0.139413 -0.178700 0.588763
0.140065 -0.178543 0.590228
0.141716 -0.177307 0.590259
0.142250 -0.181051 0.590053
0.142048 -0.181223 0.591232
0.141464 -0.179988 0.590171
0.142112 -0.178882 0.592765
0.140703 -0.177439 0.592809
0.141428 -0.179948 0.590301
0.142557 -0.178176 0.591417
0.141739 -0.180540 0.592676
0.141725 -0.179453 0.593962
0.140193 -0.179014 0.590999
0.141447 -0.180955 0.593349
0.140712 -0.180402 0.595852
0.143052 -0.180715 0.591924
0.141549 -0.180142 0.595694
0.141629 -0.177957 0.593695
0.141866 -0.179124 0.593254
0.141821 -0.179129 0.593699
0.141444 -0.179195 0.594949
0.141853 -0.179288 0.594225
0.141072 -0.180737 0.594091
0.141309 -0.180173 0.595473
0.142437 -0.179766 0.597033
0.142553 -0.178429 0.597356
0.142086 -0.179826 0.596372
0.141306 -0.178562 0.596286
0.141132 -0.180531 0.597141
0.142177 -0.178454 0.597885
0.143916 -0.179584 0.598301
0.141754 -0.178842 0.596810
0.143502 -0.179542 0.598267
0.141822 -0.178151 0.597863
0.142404 -0.180421 0.597479
0.141137 -0.178681 0.597801
0.141989 -0.178534 0.597887
0.141711 -0.179606 0.600590
0.142572 -0.178916 0.598988
0.143412 -0.180289 0.599735
0.143025 -0.179539 0.600749
0.142678 -0.178591 0.599713
0.143387 -0.179048 0.601349
0.143244 -0.179912 0.599674
0.143353 -0.179740 0.602014
0.142510 -0.178607 0.600511
0.139846 -0.179411 0.600491
0.141263 -0.180425 0.601370
0.144526 -0.182434 0.601566
0.144677 -0.180337 0.603020
0.140545 -0.179400 0.601785
0.142688 -0.178788 0.604757
0.142392 -0.180029 0.603170
0.142376 -0.178786 0.602032
0.142159 -0.179158 0.602620
0.142137 -0.178651 0.602283
0.142616 -0.177841 0.605782
0.142029 -0.179435 0.603193
0.143215 -0.178372 0.604992
0.142641 -0.179107 0.606995
0.143597 -0.178979 0.604938
0.143655 -0.179619 0.606069
0.143130 -0.180192 0.605114
0.140288 -0.178210 0.605424
0.142124 -0.179065 0.606049
0.142151 -0.178234 0.607723
0.141528 -0.179213 0.607006
0.143018 -0.179422 0.605957
0.142322 -0.180694 0.606196
0.141775 -0.178392 0.608554
0.142311 -0.178358 0.606186
0.141090 -0.179921 0.607657
0.141416 -0.180360 0.603868
0.141667 -0.180118 0.609292
0.142442 -0.178003 0.605797
0.142048 -0.179266 0.608465
0.141925 -0.179041 0.608063
0.141044 -0.180814 0.609169
0.140994 -0.179334 0.609617
0.139316 -0.179506 0.608958
0.140021 -0.180153 0.611046
0.139825 -0.180793 0.609464
0.140489 -0.179978 0.610461
0.141705 -0.180689 0.608221
0.140052 -0.178362 0.611066
0.142545 -0.178225 0.610226
0.141834 -0.180757 0.611510
0.139834 -0.178556 0.611024
0.139445 -0.180614 0.612219
0.141171 -0.179437 0.612596
0.142035 -0.179882 0.610342
0.141532 -0.179933 0.611322
0.140478 -0.178287 0.610771
0.141804 -0.178310 0.613027
0.140176 -0.180159 0.613732
0.139010 -0.181413 0.613838
0.141338 -0.180385 0.613124
0.140739 -0.178440 0.613290
0.140331 -0.178195 0.612207
0.140669 -0.179945 0.614236
0.140507 -0.179814 0.613092
0.139561 -0.178499 0.614869
0.139383 -0.180358 0.615330
0.139488 -0.178793 0.614790
0.140125 -0.178125 0.614507
0.140457 -0.180338 0.616306
0.137814 -0.180227 0.614199
0.139704 -0.179619 0.614175
0.139301 -0.180023 0.617498
0.138512 -0.180074 0.616643
0.138181 -0.178441 0.614814
0.141317 -0.180456 0.616853
0.140226 -0.178967 0.619247
0.139586 -0.180774 0.617705
0.140264 -0.177967 0.620046
0.138946 -0.181377 0.617498
0.138178 -0.180330 0.618909
0.137786 -0.179301 0.619099
0.138482 -0.180087 0.619068
0.138827 -0.180099 0.619300
0.137533 -0.180422 0.619510
0.138355 -0.179323 0.617725
0.137903 -0.181808 0.620652
0.139494 -0.176849 0.619654
0.137449 -0.179847 0.620919
0.137849 -0.179158 0.621369
0.137945 -0.178965 0.618281
0.138692 -0.179132 0.620851
0.135822 -0.179704 0.620128
0.136789 -0.180647 0.619269
0.136448 -0.178156 0.622821
0.136506 -0.174686 0.578045
0.136374 -0.176246 0.578072
0.136807 -0.176761 0.577446
0.136310 -0.176035 0.578450
0.137410 -0.174412 0.578803
0.137039 -0.177429 0.580396
0.138400 -0.177114 0.581850
0.136988 -0.177549 0.578426
0.137022 -0.176369 0.579552
0.137812 -0.174115 0.581025
0.138218 -0.175833 0.579886
0.136955 -0.176780 0.579909
0.139683 -0.175496 0.581690
0.138400 -0.178210 0.581127
0.136947 -0.177444 0.583284
0.138334 -0.176197 0.581743
0.139796 -0.177181 0.582133
0.138998 -0.176082 0.582692
0.138660 -0.175171 0.583802
0.139291 -0.175801 0.583989
0.138437 -0.175887 0.585970
0.140308 -0.174422 0.583713
0.139938 -0.176847 0.583209
0.139026 -0.176132 0.582452
0.141083 -0.175561 0.582518
0.140119 -0.175099 0.585669
0.139393 -0.175289 0.583922
0.139567 -0.175089 0.584917
0.139863 -0.177127 0.585750
0.139218 -0.174856 0.585033
0.140508 -0.175562 0.584536
0.138227 -0.174832 0.583789
0.141252 -0.177429 0.587826
0.139843 -0.176750 0.587120
0.139624 -0.176882 0.586157
0.140323 -0.174896 0.585977
0.140372 -0.175058 0.587089
0.136913 -0.177609 0.585940
0.140187 -0.176568 0.588216
0.141640 -0.175794 0.586922
0.141724 -0.175511 0.589412
0.139910 -0.175722 0.586483
0.140562 -0.176974 0.589382
0.139915 -0.175769 0.588706
0.141668 -0.176271 0.587598
0.141174 -0.175053 0.589343
0.139882 -0.173427 0.589474
0.139357 -0.174976 0.588150
0.141603 -0.176888 0.592045
0.142781 -0.175355 0.589963
0.141108 -0.174884 0.589581
0.142737 -0.175324 0.591461
0.140868 -0.177607 0.590893
0.142383 -0.173022 0.590767
0.140965 -0.175427 0.592988
0.140984 -0.175033 0.592376
0.140707 -0.177213 0.593249
0.141511 -0.173661 0.589203
0.142447 -0.175355 0.591495
0.143533 -0.174742 0.595139
0.141606 -0.174658 0.593550
0.141993 -0.175795 0.591981
0.141630 -0.177052 0.592802
0.142266 -0.174872 0.593853
0.142009 -0.176609 0.594221
0.144083 -0.176962 0.592617
0.140930 -0.174361 0.593351
0.141242 -0.174145 0.592945
0.142558 -0.175035 0.594660
0.141188 -0.175704 0.594277
0.141023 -0.177076 0.594257
0.141622 -0.175966 0.595525
0.143750 -0.176810 0.595366
0.141743 -0.176745 0.594503
0.142869 -0.174656 0.597281
0.142626 -0.176305 0.596069
0.140205 -0.176272 0.597719
0.142109 -0.176559 0.595495
0.142572 -0.177023 0.597984
0.140876 -0.176251 0.597228
0.143922 -0.173495 0.596927
0.142207 -0.175821 0.597842
0.142492 -0.177383 0.598767
0.141978 -0.176882 0.597584
0.143684 -0.176114 0.597438
0.142694 -0.177400 0.599432
0.142303 -0.175072 0.601440
0.142107 -0.177573 0.599915
0.142784 -0.176339 0.598438
0.142016 -0.175562 0.598161
0.142758 -0.176913 0.601173
0.142531 -0.175135 0.601793
0.142147 -0.175601 0.601969
0.141929 -0.173927 0.602263
0.143704 -0.176712 0.599780
0.144448 -0.176681 0.601849
0.142245 -0.175220 0.602233
0.142729 -0.175249 0.602274
0.141989 -0.174383 0.601997
0.142266 -0.176196 0.602755
0.143165 -0.175337 0.602529
0.142623 -0.174510 0.604502
0.141257 -0.177396 0.602172
0.143451 -0.176750 0.601856
0.141173 -0.175203 0.603094
0.143338 -0.176392 0.602342
0.141377 -0.175815 0.602959
0.142518 -0.176110 0.603772
0.143177 -0.176909 0.605421
0.143820 -0.173515 0.606003
0.142060 -0.175233 0.603923
0.141748 -0.176525 0.604291
0.143069 -0.174866 0.605217
0.142168 -0.177222 0.604415
0.144219 -0.175105 0.604622
0.142426 -0.176355 0.606284
0.141026 -0.175349 0.607158
0.139853 -0.175944 0.605929
0.144319 -0.174196 0.607149
0.140121 -0.175697 0.608098
0.140846 -0.176212 0.607215
0.141540 -0.176434 0.608444
0.142375 -0.175638 0.608086
0.141585 -0.176527 0.606019
0.142664 -0.176731 0.609670
0.142650 -0.175625 0.607751
0.141688 -0.176274 0.607790
0.140123 -0.175163 0.609530
0.140753 -0.176876 0.610196
0.140658 -0.175510 0.610800
0.141342 -0.175764 0.610297
0.141832 -0.175124 0.608082
0.142439 -0.175510 0.610558
0.140720 -0.175134 0.609413
0.140215 -0.175344 0.610615
0.142289 -0.176697 0.611787
0.142035 -0.176717 0.610843
0.142995 -0.177182 0.613326
0.142302 -0.174925 0.612434
0.140347 -0.175069 0.611978
0.140390 -0.174757 0.614805
0.142522 -0.174449 0.612673
0.140155 -0.175174 0.611768
0.140453 -0.175418 0.612029
0.141648 -0.175199 0.614305
0.139990 -0.175950 0.614020
0.140460 -0.176141 0.614170
0.140575 -0.175812 0.614324
0.140553 -0.174847 0.614562
0.139410 -0.175158 0.615664
0.140069 -0.176384 0.613426
0.140538 -0.177897 0.617199
0.140005 -0.177421 0.615893
0.138548 -0.175925 0.615868
0.140760 -0.175017 0.615565
0.138757 -0.175742 0.613902
0.138673 -0.176632 0.615815
0.140008 -0.175452 0.617715
0.140890 -0.175983 0.616764
0.138544 -0.175973 0.617231
0.139617 -0.176478 0.616327
0.138296 -0.175738 0.617751
0.139759 -0.176312 0.618094
0.137841 -0.175192 0.616809
0.137320 -0.176839 0.619401
0.138789 -0.176082 0.618032
0.137365 -0.175949 0.618363
0.137733 -0.174936 0.617639
0.139176 -0.174303 0.618938
0.137447 -0.175579 0.618103
0.137268 -0.175046 0.618161
0.137717 -0.174790 0.619816
0.135851 -0.172902 0.621618
0.137739 -0.176391 0.620755
0.139896 -0.174822 0.619703
0.137367 -0.175424 0.618069
0.136785 -0.175769 0.621320
0.136665 -0.176388 0.621345
0.136514 -0.176284 0.621840
0.137459 -0.177069 0.620787
0.137491 -0.172587 0.579402
0.136709 -0.173410 0.579091
0.135309 -0.173321 0.579462
0.137725 -0.172219 0.580763
0.138039 -0.171234 0.579098
0.136528 -0.173772 0.580365
0.136537 -0.171130 0.579787
0.136728 -0.172108 0.581298
0.135989 -0.172695 0.582088
0.137620 -0.172518 0.581294
0.137867 -0.171582 0.580888
0.137871 -0.172850 0.580783
0.135664 -0.173889 0.580075
0.138082 -0.173204 0.582362
0.138372 -0.172402 0.581527
0.140309 -0.172595 0.582852
0.138722 -0.172130 0.583549
0.141328 -0.173437 0.582607
0.138104 -0.171568 0.582185
0.140600 -0.173214 0.585422
0.139670 -0.172601 0.583197
0.137561 -0.174169 0.583314
0.139934 -0.172840 0.584212
0.139528 -0.173774 0.582224
0.138758 -0.174597 0.585639
0.139424 -0.171956 0.584923
0.140748 -0.171277 0.585756
0.140333 -0.172049 0.584447
0.139185 -0.171853 0.585944
0.137827 -0.172506 0.585876
0.139678 -0.173828 0.587175
0.138932 -0.169727 0.584801
0.139784 -0.171289 0.586863
0.140534 -0.172075 0.588155
0.140224 -0.172600 0.587744
0.142545 -0.172667 0.586712
0.140054 -0.172957 0.585848
0.139757 -0.173383 0.588200
0.141397 -0.172501 0.586005
0.141298 -0.173558 0.588028
0.141411 -0.173682 0.587711
0.141581 -0.171006 0.587773
0.140102 -0.173382 0.587352
0.141772 -0.173632 0.588156
0.141489 -0.173679 0.588755
0.140915 -0.172332 0.588965
0.141752 -0.171494 0.590109
0.140852 -0.172534 0.589798
0.141943 -0.173482 0.589810
0.141873 -0.170491 0.590636
0.140477 -0.171621 0.592109
0.139933 -0.173074 0.588903
0.141701 -0.171995 0.591398
0.141900 -0.173295 0.592733
0.141595 -0.171522 0.592804
0.141970 -0.173982 0.592471
0.142084 -0.171751 0.591653
0.140401 -0.173084 0.592485
0.141372 -0.172797 0.591000
0.143331 -0.171928 0.591420
0.141832 -0.172144 0.593360
0.141013 -0.172291 0.593325
0.140928 -0.173161 0.592722
0.141379 -0.172874 0.594031
0.141387 -0.174569 0.595723
0.142216 -0.174659 0.594335
0.141568 -0.172460 0.593903
0.141178 -0.173027 0.594825
0.142931 -0.173219 0.594674
0.142659 -0.170975 0.595456
0.141461 -0.172114 0.596742
0.141147 -0.171030 0.594868
0.141472 -0.172659 0.594760
0.142269 -0.173285 0.596428
0.144443 -0.172770 0.596764
0.141580 -0.170949 0.595294
0.142806 -0.171556 0.595954
0.140662 -0.172199 0.597984
0.141827 -0.171783 0.597791
0.143672 -0.173230 0.596433
0.142635 -0.172158 0.597057
0.140816 -0.171617 0.597647
0.141808 -0.171870 0.599412
0.142611 -0.172642 0.597605
0.141185 -0.173335 0.599029
0.143081 -0.172810 0.599968
0.144520 -0.173239 0.600263
0.141894 -0.173488 0.599612
0.143251 -0.173450 0.599422
0.144205 -0.172175 0.600668
0.142600 -0.171971 0.600608
0.143069 -0.171938 0.600965
0.141305 -0.172910 0.601693
0.141930 -0.172335 0.599108
0.143439 -0.171825 0.600104
0.143122 -0.171489 0.599853
0.144275 -0.174491 0.602763
0.141019 -0.171759 0.601509
0.141840 -0.171385 0.602796
0.141598 -0.171459 0.601381
0.142305 -0.171627 0.601966
0.144589 -0.172996 0.603243
0.143048 -0.172233 0.602793
0.142149 -0.171841 0.602901
0.143162 -0.172732 0.604650
0.141956 -0.173669 0.603975
0.141301 -0.173927 0.603837
0.143121 -0.172427 0.604292
0.142286 -0.171497 0.606406
0.142699 -0.171000 0.605564
0.142491 -0.172175 0.604983
0.142159 -0.172164 0.603980
0.142999 -0.173187 0.606836
0.142380 -0.172699 0.604461
0.141568 -0.172316 0.605768
0.141032 -0.172939 0.607228
0.142165 -0.171133 0.607020
0.140282 -0.171761 0.607041
0.143261 -0.172757 0.609486
0.143585 -0.174355 0.607971
0.141942 -0.173391 0.606227
0.141450 -0.172721 0.607777
0.141784 -0.173376 0.606276
0.143709 -0.174037 0.608621
0.142971 -0.172853 0.608791
0.141273 -0.170931 0.608078
0.141602 -0.171982 0.610955
0.142751 -0.173995 0.609296
0.142658 -0.171683 0.608732
0.142216 -0.173477 0.608660
0.139641 -0.173378 0.606934
0.139653 -0.170580 0.609838
0.142132 -0.174263 0.610234
0.141382 -0.172631 0.610982
0.141218 -0.173059 0.610087
0.141210 -0.173522 0.609361
0.141688 -0.172410 0.611433
0.141990 -0.170618 0.611549
0.140525 -0.172300 0.610803
0.142453 -0.172207 0.611853
0.139971 -0.173431 0.612979
0.139907 -0.173214 0.611652
0.141388 -0.171098 0.612784
0.139339 -0.173890 0.612531
0.140312 -0.174280 0.612373
0.142959 -0.172533 0.613306
0.139852 -0.171490 0.614516
0.141525 -0.172645 0.614642
0.139550 -0.173032 0.614763
0.141221 -0.172625 0.615300
0.139416 -0.173819 0.612954
0.138684 -0.170721 0.616018
0.142635 -0.173539 0.615567
0.140811 -0.171805 0.615172
0.139217 -0.173315 0.617299
0.141704 -0.173845 0.615323
0.140155 -0.172219 0.617163
0.138274 -0.174144 0.614520
0.140665 -0.172750 0.616790
0.141092 -0.171136 0.618475
0.137928 -0.174282 0.616233
0.138327 -0.172474 0.616733
0.139079 -0.171217 0.615729
0.138803 -0.171352 0.618173
0.138307 -0.171523 0.618307
0.138163 -0.172531 0.618029
0.138752 -0.171765 0.617698
0.139297 -0.174114 0.617382
0.139450 -0.172527 0.619496
0.138052 -0.172799 0.617508
0.138633 -0.172134 0.617959
0.137002 -0.173354 0.619352
0.136967 -0.173172 0.616918
0.137928 -0.171203 0.618151
0.139516 -0.172331 0.620727
0.135857 -0.173459 0.620464
0.135824 -0.172193 0.620678
0.137289 -0.173634 0.621510
0.137213 -0.171899 0.621169
0.138557 -0.171405 0.619582
0.136523 -0.171278 0.578813
0.137436 -0.168240 0.579504
0.136686 -0.170825 0.580432
0.138654 -0.168179 0.579357
0.138410 -0.169987 0.578189
0.137178 -0.169856 0.579153
0.137356 -0.169959 0.580108
0.136967 -0.170522 0.579606
0.139896 -0.169409 0.581547
0.135743 -0.168133 0.582010
0.138700 -0.169843 0.581012
0.137208 -0.169440 0.580221
0.138180 -0.168612 0.582112
0.139255 -0.169165 0.582982
0.138946 -0.168504 0.581487
0.138231 -0.170155 0.581937
0.137566 -0.169631 0.584760
0.140061 -0.170094 0.581707
0.138246 -0.168701 0.581981
0.140423 -0.169030 0.582758
0.138213 -0.169301 0.582824
0.138784 -0.170365 0.583727
0.139842 -0.168868 0.582803
0.140947 -0.169511 0.582621
0.138199 -0.169496 0.584434
0.140090 -0.169578 0.584772
0.140597 -0.168711 0.585125
0.138015 -0.170718 0.583582
0.139312 -0.168956 0.584770
0.140015 -0.168900 0.584285
0.141559 -0.167091 0.586541
0.141052 -0.170385 0.584920
0.140964 -0.167954 0.586666
0.141714 -0.169607 0.587775
0.139668 -0.170279 0.587276
0.140344 -0.169916 0.585664
0.141355 -0.169758 0.587420
0.140418 -0.170219 0.587456
0.140571 -0.169696 0.588063
0.140191 -0.168441 0.587913
0.139629 -0.167946 0.587906
0.141310 -0.167547 0.587773
0.139802 -0.169570 0.587674
0.140496 -0.167967 0.589628
0.141557 -0.171676 0.588226
0.143062 -0.168936 0.590631
0.142601 -0.170051 0.589774
0.142562 -0.168290 0.591396
0.139905 -0.169029 0.590653
0.143320 -0.169735 0.589613
0.140115 -0.170397 0.590357
0.142910 -0.170147 0.592859
0.141701 -0.167584 0.590328
0.140919 -0.170258 0.592855
0.140862 -0.169791 0.592331
0.140521 -0.168551 0.593168
0.142157 -0.168840 0.590653
0.142888 -0.169770 0.592654
0.143675 -0.168565 0.592732
0.141972 -0.168367 0.592031
0.140280 -0.168429 0.593758
0.142457 -0.169601 0.594014
0.140484 -0.169541 0.595236
0.143137 -0.168809 0.593524
0.142825 -0.167628 0.594700
0.139712 -0.168316 0.593655
0.143178 -0.168756 0.594655
0.141875 -0.170194 0.594888
0.143292 -0.170193 0.594243
0.143663 -0.169440 0.593871
0.141715 -0.168972 0.596717
0.140909 -0.166707 0.595193
0.142062 -0.170046 0.595584
0.142577 -0.168540 0.595425
0.141718 -0.168986 0.595911
0.139962 -0.170513 0.596268
0.141932 -0.171000 0.598464
0.143310 -0.168393 0.596233
0.143437 -0.169444 0.597502
0.142206 -0.168165 0.598043
0.142552 -0.169041 0.597359
0.142099 -0.168882 0.597330
0.141595 -0.168645 0.597945
0.142612 -0.171112 0.598285
0.143040 -0.171325 0.600452
0.143690 -0.169603 0.600712
0.142768 -0.170269 0.598798
0.143006 -0.168676 0.598524
0.141257 -0.170195 0.601849
0.143856 -0.169372 0.599689
0.141776 -0.168348 0.598779
0.143592 -0.168681 0.600020
0.142235 -0.169024 0.600542
0.144526 -0.168974 0.604229
0.140712 -0.170972 0.601301
0.142237 -0.169147 0.601149
0.141826 -0.168972 0.603825
0.144149 -0.169108 0.601216
0.142408 -0.171877 0.602657
0.142226 -0.171333 0.603157
0.141712 -0.169811 0.603598
0.142744 -0.168827 0.603807
0.141610 -0.170269 0.602937
0.143717 -0.169668 0.604234
0.142417 -0.169392 0.603224
0.141179 -0.169381 0.602811
0.142347 -0.167621 0.606046
0.142480 -0.168832 0.605470
0.141182 -0.169907 0.603561
0.141593 -0.170730 0.603776
0.141605 -0.168462 0.603491
0.140990 -0.170199 0.605379
0.142764 -0.168891 0.606803
0.143079 -0.173267 0.605126
0.140632 -0.170227 0.605963
0.142886 -0.169981 0.605639
0.143539 -0.168192 0.604870
0.141693 -0.169415 0.606800
0.143496 -0.169709 0.606794
0.141912 -0.169240 0.607769
0.140646 -0.169011 0.607582
0.142487 -0.170039 0.607311
0.140751 -0.169919 0.608298
0.141756 -0.168276 0.607400
0.141073 -0.170598 0.607246
0.142013 -0.169993 0.608767
0.140137 -0.167852 0.607770
0.141148 -0.168903 0.609226
0.141255 -0.169088 0.609644
0.141271 -0.167987 0.608434
0.141929 -0.169360 0.607179
0.142711 -0.169097 0.610805
0.140638 -0.169860 0.611253
0.139970 -0.167538 0.610588
0.140684 -0.169389 0.612568
0.138993 -0.170406 0.612879
0.142034 -0.169519 0.609651
0.142227 -0.169251 0.613197
0.140572 -0.169007 0.611474
0.140938 -0.169073 0.610057
0.140828 -0.170309 0.612372
0.140634 -0.168824 0.611308
0.142764 -0.168765 0.612798
0.140190 -0.169757 0.613107
0.139695 -0.169629 0.613081
0.141342 -0.168778 0.614095
0.140524 -0.170410 0.610514
0.140676 -0.170890 0.613804
0.140712 -0.170534 0.614455
0.140940 -0.169161 0.614512
0.140666 -0.169928 0.614163
0.140402 -0.168518 0.614086
0.139710 -0.169865 0.616027
0.139837 -0.166718 0.613596
0.138904 -0.169466 0.615073
0.139097 -0.168350 0.613119
0.138918 -0.167655 0.615586
0.136855 -0.169420 0.615522
0.138598 -0.168312 0.615946
0.139304 -0.168814 0.617699
0.138130 -0.169362 0.616952
0.137911 -0.169951 0.616514
0.138405 -0.169650 0.619798
0.138144 -0.170701 0.617825
0.138889 -0.169743 0.619385
0.139494 -0.171567 0.619565
0.137525 -0.170001 0.617228
0.138387 -0.168997 0.617539
0.138125 -0.169443 0.617465
0.137780 -0.167872 0.620590
0.138397 -0.169264 0.619286
0.137106 -0.168796 0.619379
0.138289 -0.168710 0.618297
0.137091 -0.170107 0.620178
0.137899 -0.168599 0.621261
0.137112 -0.169300 0.620626
0.137459 -0.169394 0.620060
0.138091 -0.171260 0.619399
0.136289 -0.168917 0.620663
0.138612 -0.168965 0.621149
0.136319 -0.164449 0.578636
0.135361 -0.166107 0.579260
0.137229 -0.165709 0.579124
0.135481 -0.165539 0.579585
0.137104 -0.166993 0.580818
0.136977 -0.166556 0.580604
0.137024 -0.165801 0.580073
0.137948 -0.163590 0.579972
0.138872 -0.166055 0.578494
0.138346 -0.167005 0.581066
0.137305 -0.166523 0.578869
0.138241 -0.165312 0.581034
0.139276 -0.167302 0.582255
0.139771 -0.166135 0.582860
0.139622 -0.165560 0.582008
0.138816 -0.166724 0.582378
0.138273 -0.165177 0.581020
0.140066 -0.168740 0.582720
0.137701 -0.165642 0.582167
0.138571 -0.165673 0.582753
0.139074 -0.165319 0.583889
0.140002 -0.165225 0.582796
0.138096 -0.165566 0.583749
0.139914 -0.165248 0.581277
0.140624 -0.165631 0.585155
0.138884 -0.164353 0.583081
0.139953 -0.165982 0.583527
0.139122 -0.164728 0.585572
0.139119 -0.165952 0.586229
0.141093 -0.167975 0.584245
0.138063 -0.165935 0.586944
0.139910 -0.166243 0.586112
0.140150 -0.166476 0.585225
0.139523 -0.164475 0.584577
0.140908 -0.164218 0.586334
0.139574 -0.165143 0.585786
0.141887 -0.167139 0.587548
0.141059 -0.166065 0.587039
0.139802 -0.166192 0.585279
0.139910 -0.165232 0.587695
0.141562 -0.163886 0.588203
0.140933 -0.165024 0.589190
0.141416 -0.167212 0.587838
0.141318 -0.166286 0.588967
0.140244 -0.165618 0.588760
0.141547 -0.165455 0.590332
0.141081 -0.166233 0.590251
0.140625 -0.165028 0.590394
0.142038 -0.165251 0.591864
0.140855 -0.165635 0.591691
0.140610 -0.166672 0.589737
0.141747 -0.166479 0.589768
0.142410 -0.167537 0.591238
0.142220 -0.165838 0.590745
0.141627 -0.164393 0.593259
0.140259 -0.166380 0.590141
0.141436 -0.166022 0.592405
0.142099 -0.165506 0.592960
0.143192 -0.166120 0.592427
0.140131 -0.164370 0.592066
0.142177 -0.165287 0.592201
0.142013 -0.165330 0.592877
0.140270 -0.165523 0.593554
0.143112 -0.166833 0.592476
0.142408 -0.164667 0.595630
0.143285 -0.165507 0.593242
0.142636 -0.165844 0.594363
0.141940 -0.165234 0.593839
0.142901 -0.166038 0.593482
0.143311 -0.166539 0.596044
0.142530 -0.166056 0.596806
0.141207 -0.165901 0.593212
0.141605 -0.165864 0.593851
0.143153 -0.164370 0.596222
0.142138 -0.163744 0.595839
0.143935 -0.166466 0.598145
0.141760 -0.164788 0.597287
0.141634 -0.167046 0.596752
0.143480 -0.166772 0.597187
0.141527 -0.166385 0.597352
0.143397 -0.167313 0.597110
0.142646 -0.168191 0.598762
0.142638 -0.167922 0.598341
0.141128 -0.165893 0.599638
0.142133 -0.165863 0.598540
0.141499 -0.167463 0.597157
0.142689 -0.166205 0.598505
0.141490 -0.165813 0.598615
0.142501 -0.166522 0.600899
0.142103 -0.167071 0.599810
0.141285 -0.166056 0.598629
0.142428 -0.166311 0.599391
0.142065 -0.164428 0.598886
0.141418 -0.167243 0.601728
0.141627 -0.166706 0.602220
0.141672 -0.164483 0.601040
0.142803 -0.165050 0.602136
0.142674 -0.168272 0.602046
0.142187 -0.165093 0.602945
0.140344 -0.166904 0.602544
0.144019 -0.166850 0.602592
0.140970 -0.166008 0.602694
0.142383 -0.166395 0.603554
0.141588 -0.164563 0.604427
0.143614 -0.165642 0.603033
0.140830 -0.166210 0.602370
0.141139 -0.163713 0.604011
0.141710 -0.166313 0.603307
0.143114 -0.165631 0.603699
0.142765 -0.164895 0.605480
0.141756 -0.165694 0.605819
0.142857 -0.166037 0.606039
0.141284 -0.165314 0.604778
0.142599 -0.163749 0.605328
0.143639 -0.167727 0.606402
0.141886 -0.165652 0.607005
0.143594 -0.165853 0.606886
0.142794 -0.167126 0.606702
0.141584 -0.167037 0.607414
0.140319 -0.165283 0.607510
0.141932 -0.166611 0.607678
0.142117 -0.165368 0.606863
0.141893 -0.164342 0.609580
0.141424 -0.165664 0.608205
0.141210 -0.166932 0.609033
0.143627 -0.164696 0.608650
0.141888 -0.166346 0.605649
0.140754 -0.165025 0.610613
0.140029 -0.165081 0.609540
0.141420 -0.166954 0.607684
0.139313 -0.166062 0.609373
0.142071 -0.165005 0.609749
0.141697 -0.165679 0.612043
0.140487 -0.166818 0.612050
0.141342 -0.166995 0.608991
0.140600 -0.165678 0.611347
0.141956 -0.166855 0.610889
0.141206 -0.166342 0.610998
0.141703 -0.166793 0.609905
0.141460 -0.166026 0.611852
0.139581 -0.166491 0.611884
0.141846 -0.164912 0.614226
0.140357 -0.165975 0.613037
0.139433 -0.164853 0.611544
0.138825 -0.166656 0.611299
0.139256 -0.164353 0.611955
0.140549 -0.164418 0.613882
0.140291 -0.165485 0.614393
0.139583 -0.164918 0.614373
0.139416 -0.166576 0.614770
0.138222 -0.165287 0.615020
0.140252 -0.168118 0.615576
0.141233 -0.165415 0.615582
0.139027 -0.165676 0.613776
0.139872 -0.164200 0.615687
0.139197 -0.167191 0.615586
0.136877 -0.166728 0.616977
0.137962 -0.166207 0.618146
0.139379 -0.163682 0.616204
0.138010 -0.166700 0.616440
0.139237 -0.166165 0.617068
0.138823 -0.164942 0.617944
0.140495 -0.165734 0.618821
0.137077 -0.165546 0.618027
0.138520 -0.166497 0.618378
0.138724 -0.166336 0.619551
0.137823 -0.166039 0.617480
0.138393 -0.165236 0.619317
0.138376 -0.165416 0.618701
0.137517 -0.166100 0.618542
0.137418 -0.165852 0.618942
0.136316 -0.165560 0.619852
0.137415 -0.165010 0.619567
0.136855 -0.165488 0.621329
0.138637 -0.164569 0.619275
0.137638 -0.167306 0.618651
0.138599 -0.166687 0.621290
0.136520 -0.166497 0.620010
0.138259 -0.167266 0.620950
0.135781 -0.167294 0.623476
0.136397 -0.162394 0.577856
0.135685 -0.161725 0.578304
0.137117 -0.161517 0.578704
0.137088 -0.163024 0.579620
0.136997 -0.162359 0.578062
0.136890 -0.163480 0.579588
0.136142 -0.162075 0.579444
0.140479 -0.162514 0.580245
0.138699 -0.162160 0.580677
0.137692 -0.160818 0.579851
0.136812 -0.162384 0.581500
0.137382 -0.162446 0.580558
0.136755 -0.162306 0.582108
0.138659 -0.163729 0.581624
0.138420 -0.162875 0.580756
0.139346 -0.163152 0.582801
0.136861 -0.161878 0.583244
0.138382 -0.162355 0.581434
0.139419 -0.162240 0.583499
0.140292 -0.163472 0.583675
0.137946 -0.164446 0.582183
0.137812 -0.162101 0.585341
0.139320 -0.161534 0.584496
0.139789 -0.161836 0.585628
0.138137 -0.162474 0.583245
0.138502 -0.161777 0.583326
0.140402 -0.162472 0.585243
0.141001 -0.161063 0.585278
0.140478 -0.161571 0.585552
0.138739 -0.162578 0.587132
0.138884 -0.162625 0.585146
0.139146 -0.162784 0.585263
0.138904 -0.162237 0.586232
0.141480 -0.162035 0.585511
0.140092 -0.164926 0.585339
0.139758 -0.162634 0.584890
0.141641 -0.161054 0.589254
0.141058 -0.162198 0.588105
0.141679 -0.163852 0.586456
0.139602 -0.162668 0.588774
0.141034 -0.160764 0.587231
0.139750 -0.162928 0.588005
0.139049 -0.162556 0.588870
0.142187 -0.162895 0.588688
0.140069 -0.163094 0.588408
0.139540 -0.163813 0.590220
0.143100 -0.162228 0.589533
0.139706 -0.162652 0.591281
0.140854 -0.163295 0.589510
0.140389 -0.164144 0.591404
0.139667 -0.162814 0.590366
0.141535 -0.161739 0.589479
0.140999 -0.160940 0.590041
0.143301 -0.162791 0.588901
0.141612 -0.162329 0.590961
0.142036 -0.162796 0.591500
0.141772 -0.161599 0.592444
0.141424 -0.161057 0.590704
0.142751 -0.161445 0.594312
0.141668 -0.162169 0.591792
0.143424 -0.164009 0.593298
0.141882 -0.161883 0.594076
0.142692 -0.161757 0.593814
0.141255 -0.162844 0.592160
0.141949 -0.162304 0.594106
0.141904 -0.163566 0.593511
0.139272 -0.162708 0.594630
0.143433 -0.161412 0.594826
0.144013 -0.163521 0.595777
0.143485 -0.163094 0.594655
0.141256 -0.163255 0.594247
0.140648 -0.162370 0.593524
0.141948 -0.162353 0.597079
0.142314 -0.165088 0.597112
0.141130 -0.163196 0.596596
0.141978 -0.163168 0.596924
0.142333 -0.162220 0.596276
0.142461 -0.162458 0.595098
0.142427 -0.163276 0.599860
0.141969 -0.162608 0.598612
0.141628 -0.162547 0.598626
0.142702 -0.162649 0.598114
0.141818 -0.162615 0.599576
0.140890 -0.162406 0.598060
0.141985 -0.162036 0.598525
0.141875 -0.161292 0.599077
0.141837 -0.162743 0.598786
0.142182 -0.161671 0.598904
0.142469 -0.161031 0.599127
0.144905 -0.160675 0.600138
0.143371 -0.163406 0.601022
0.142875 -0.162336 0.600463
0.143004 -0.162689 0.600477
0.143474 -0.163272 0.598632
0.144221 -0.163959 0.600978
0.141091 -0.162289 0.601234
0.143549 -0.161434 0.601560
0.141953 -0.162519 0.601450
0.142092 -0.163496 0.602594
0.142973 -0.163021 0.602125
0.141529 -0.162978 0.603537
0.141722 -0.161932 0.602135
0.142505 -0.162404 0.601026
0.141384 -0.163117 0.605003
0.141773 -0.163968 0.601738
0.143179 -0.162835 0.604484
0.143556 -0.161683 0.603288
0.141915 -0.161469 0.604729
0.143028 -0.163332 0.603455
0.141745 -0.161850 0.605191
0.141085 -0.162613 0.605600
0.142286 -0.162635 0.605463
0.142020 -0.163133 0.607021
0.143234 -0.161775 0.605933
0.143031 -0.162366 0.605544
0.143322 -0.162367 0.606148
0.140731 -0.162811 0.604877
0.140941 -0.162575 0.605899
0.141079 -0.163706 0.607031
0.141597 -0.162043 0.608888
0.141559 -0.162829 0.607425
0.142364 -0.162384 0.606025
0.140330 -0.162463 0.607764
0.142741 -0.162700 0.607516
0.143676 -0.162128 0.608260
0.141691 -0.163466 0.609521
0.141655 -0.162126 0.608292
0.143469 -0.164640 0.608823
0.142279 -0.161467 0.609546
0.140722 -0.162055 0.609407
0.139709 -0.162543 0.609545
0.141048 -0.162269 0.609756
0.141876 -0.161756 0.610634
0.141723 -0.163749 0.612592
0.140389 -0.162482 0.610364
0.141474 -0.163015 0.611231
0.140710 -0.163402 0.613517
0.140003 -0.161950 0.612934
0.141349 -0.162895 0.613091
0.142165 -0.162851 0.612218
0.141165 -0.160746 0.612720
0.140388 -0.162963 0.612798
0.141934 -0.162279 0.613240
0.139588 -0.162109 0.610949
0.141819 -0.162415 0.613181
0.140997 -0.164112 0.612347
0.139132 -0.163489 0.614563
0.140624 -0.163201 0.615211
0.141497 -0.163044 0.614377
0.139728 -0.161924 0.614340
0.141371 -0.161357 0.613883
0.139896 -0.163292 0.615129
0.140795 -0.160714 0.614658
0.139657 -0.164011 0.615883
0.140191 -0.161762 0.616332
0.139859 -0.163148 0.614912
0.139408 -0.163166 0.618252
0.139353 -0.161285 0.616526
0.139807 -0.163258 0.618351
0.139900 -0.161635 0.618587
0.140133 -0.161988 0.616724
0.138766 -0.162762 0.617150
0.138723 -0.160835 0.616519
0.139088 -0.161760 0.617690
0.139407 -0.163239 0.618793
0.138957 -0.162743 0.617379
0.136896 -0.162231 0.620078
0.138960 -0.162899 0.619369
0.137626 -0.162300 0.620220
0.138011 -0.162582 0.618808
0.137359 -0.164076 0.619627
0.138272 -0.163053 0.618490
0.138652 -0.162712 0.620381
0.138675 -0.160957 0.620427
0.136625 -0.161980 0.620464
0.136398 -0.161779 0.621320
0.136947 -0.161721 0.621178
0.137051 -0.161290 0.617901
0.136200 -0.162733 0.621027
0.135522 -0.162630 0.620741
0.137322 -0.158790 0.577699
0.136861 -0.158602 0.579763
0.137156 -0.158414 0.578386
0.135818 -0.159165 0.579055
0.137633 -0.159108 0.579667
0.136635 -0.159864 0.577344
0.137523 -0.155662 0.579686
0.137972 -0.160040 0.579707
0.138271 -0.157185 0.580312
0.137989 -0.157516 0.581188
0.137249 -0.158211 0.581751
0.136415 -0.158991 0.580798
0.137798 -0.159130 0.582207
0.137683 -0.159179 0.581625
0.138141 -0.160071 0.582701
0.137061 -0.160176 0.581498
0.139305 -0.159734 0.583585
0.138511 -0.160022 0.583432
0.138916 -0.158740 0.583079
0.139458 -0.160685 0.581474
0.139121 -0.157831 0.584488
0.138705 -0.159846 0.582571
0.138306 -0.158989 0.582655
0.140124 -0.159241 0.584819
0.138978 -0.159521 0.584273
0.140881 -0.159002 0.584624
0.140865 -0.158297 0.583294
0.140264 -0.157089 0.584983
0.140292 -0.158765 0.582974
0.139804 -0.160153 0.584136
0.142075 -0.158472 0.584849
0.141000 -0.160823 0.584450
0.141082 -0.159864 0.586306
0.139934 -0.159332 0.587013
0.140355 -0.159786 0.587633
0.141204 -0.159595 0.587319
0.142122 -0.160683 0.586811
0.138339 -0.158012 0.588029
0.139609 -0.161101 0.586844
0.139395 -0.157548 0.588792
0.140122 -0.158990 0.586381
0.141064 -0.159364 0.588619
0.140609 -0.159004 0.587131
0.140392 -0.159792 0.589800
0.143262 -0.159264 0.589120
0.140027 -0.159121 0.588817
0.141027 -0.161449 0.590364
0.142134 -0.157947 0.588308
0.139103 -0.159700 0.590292
0.140732 -0.158895 0.591162
0.141714 -0.158357 0.590491
0.140630 -0.159245 0.590016
0.140992 -0.158623 0.591748
0.141658 -0.158919 0.589440
0.141808 -0.159042 0.591277
0.141998 -0.157992 0.590337
0.141500 -0.159255 0.593851
0.141610 -0.159851 0.593625
0.143032 -0.160629 0.592381
0.143363 -0.160345 0.592217
0.140625 -0.159376 0.591358
0.140305 -0.158733 0.593012
0.141238 -0.159361 0.591733
0.141465 -0.159880 0.594302
0.143322 -0.161245 0.593190
0.141491 -0.157891 0.593696
0.141194 -0.160237 0.593158
0.141333 -0.160221 0.594514
0.142182 -0.159822 0.595193
0.141399 -0.159815 0.593507
0.143017 -0.159150 0.595953
0.143359 -0.160369 0.595689
0.141511 -0.159532 0.595080
0.143752 -0.159464 0.594617
0.142679 -0.157532 0.596240
0.143721 -0.160522 0.597237
0.145320 -0.158965 0.595196
0.142762 -0.159991 0.596987
0.143011 -0.159560 0.597022
0.141547 -0.158522 0.597323
0.143764 -0.160933 0.597822
0.141559 -0.159181 0.599388
0.143905 -0.158932 0.597136
0.143037 -0.159132 0.598152
0.141909 -0.158345 0.597682
0.141588 -0.159212 0.597818
0.142321 -0.161047 0.599116
0.142077 -0.158860 0.600460
0.144130 -0.158388 0.601096
0.142943 -0.159340 0.599632
0.142264 -0.158778 0.600308
0.144217 -0.159988 0.601084
0.141587 -0.160632 0.600408
0.142078 -0.159274 0.602099
0.142955 -0.159935 0.602504
0.143868 -0.158459 0.599361
0.143661 -0.159141 0.602979
0.142414 -0.159001 0.601627
0.141220 -0.159997 0.602625
0.142482 -0.158710 0.602826
0.141507 -0.156581 0.602604
0.141572 -0.159311 0.602915
0.143074 -0.160571 0.604618
0.140656 -0.158706 0.602786
0.142983 -0.158395 0.605534
0.143457 -0.160141 0.603617
0.145155 -0.159329 0.605617
0.142591 -0.158255 0.603389
0.140430 -0.161112 0.603882
0.143358 -0.158486 0.605525
0.141103 -0.157562 0.606573
0.141893 -0.157128 0.604758
0.141971 -0.157873 0.605237
0.141637 -0.158361 0.604902
0.141949 -0.160222 0.605523
0.141500 -0.157483 0.606053
0.140081 -0.160900 0.604277
0.141856 -0.159892 0.605910
0.142697 -0.158882 0.607889
0.142587 -0.158359 0.606317
0.140286 -0.158976 0.608489
0.141091 -0.158774 0.606997
0.141604 -0.160455 0.607769
0.140079 -0.158925 0.608803
0.140663 -0.159589 0.609681
0.143440 -0.159498 0.605761
0.140502 -0.161562 0.607425
0.140544 -0.156960 0.607912
0.142062 -0.158321 0.608922
0.141733 -0.158508 0.611199
0.140136 -0.160237 0.609109
0.141636 -0.156884 0.609330
0.141854 -0.159261 0.608970
0.142446 -0.157400 0.609983
0.141032 -0.159659 0.611944
0.142419 -0.159143 0.611782
0.141558 -0.158234 0.612246
0.140273 -0.159007 0.613029
0.141566 -0.159903 0.611698
0.140914 -0.159032 0.612010
0.141597 -0.158448 0.612376
0.140559 -0.157738 0.612753
0.140676 -0.159307 0.612497
0.140590 -0.160182 0.613861
0.140580 -0.157833 0.612877
0.142079 -0.159571 0.613038
0.140384 -0.158081 0.613369
0.140770 -0.159526 0.614462
0.139381 -0.159153 0.615396
0.139769 -0.159209 0.612998
0.137869 -0.159382 0.615247
0.139183 -0.157719 0.615288
0.139444 -0.158151 0.614354
0.139257 -0.160298 0.615125
0.138994 -0.158857 0.614942
0.139639 -0.160257 0.616845
0.138702 -0.158072 0.616970
0.138589 -0.159661 0.614951
0.138184 -0.157571 0.616875
0.140000 -0.158706 0.619271
0.140454 -0.158874 0.618619
0.138397 -0.158371 0.618366
0.137574 -0.160222 0.617531
0.139678 -0.157737 0.617104
0.138655 -0.158544 0.617808
0.137660 -0.160664 0.615827
0.138401 -0.159205 0.617573
0.139418 -0.159223 0.618699
0.138776 -0.159376 0.618573
0.137020 -0.158652 0.618272
0.137954 -0.158247 0.619327
0.138324 -0.158191 0.618894
0.138567 -0.159759 0.619675
0.138699 -0.159105 0.620495
0.137355 -0.158181 0.621076
0.139140 -0.158729 0.621248
0.140290 -0.159156 0.619554
0.137421 -0.159009 0.620650
0.137251 -0.158143 0.620571
0.136345 -0.160234 0.622554
0.138778 -0.156944 0.575808
0.136271 -0.155532 0.579559
0.138291 -0.156943 0.578338
0.136030 -0.155646 0.579809
0.138829 -0.155043 0.579761
0.137834 -0.155821 0.580025
0.135669 -0.155385 0.579781
0.138646 -0.154602 0.579199
0.135948 -0.155969 0.580117
0.137268 -0.156038 0.580211
0.139239 -0.156386 0.580660
0.137339 -0.155412 0.580025
0.137770 -0.155458 0.580149
0.137848 -0.156272 0.580987
0.136841 -0.156291 0.582545
0.139768 -0.154910 0.582637
0.138590 -0.157035 0.583219
0.137606 -0.156359 0.582377
0.137814 -0.156062 0.583903
0.138285 -0.155896 0.582945
0.140389 -0.155308 0.582786
0.140024 -0.155238 0.582451
0.138328 -0.156765 0.582697
0.140568 -0.155663 0.583771
0.139539 -0.155890 0.584169
0.140408 -0.153860 0.584317
0.139144 -0.158093 0.584701
0.138752 -0.154491 0.585483
0.139995 -0.156141 0.585736
0.139313 -0.155549 0.584032
0.140852 -0.155517 0.586052
0.138259 -0.156136 0.586256
0.137507 -0.155588 0.585229
0.139742 -0.156035 0.586352
0.140047 -0.155481 0.587213
0.139377 -0.157178 0.586587
0.139361 -0.156526 0.585364
0.141586 -0.154635 0.587399
0.142670 -0.155434 0.586384
0.142330 -0.155814 0.588066
0.141322 -0.157120 0.587978
0.139871 -0.156812 0.587613
0.140031 -0.157106 0.586943
0.141423 -0.156553 0.588351
0.140201 -0.156098 0.589619
0.140524 -0.156219 0.588815
0.140402 -0.155995 0.589792
0.142153 -0.156434 0.589861
0.141064 -0.153329 0.588407
0.142790 -0.156285 0.587701
0.139692 -0.157526 0.588884
0.142961 -0.154353 0.591768
0.140036 -0.155923 0.590204
0.142366 -0.156179 0.591235
0.142605 -0.156108 0.589622
0.143201 -0.158088 0.591080
0.141139 -0.155370 0.593650
0.141492 -0.154060 0.592035
0.143679 -0.154490 0.592290
0.142293 -0.156349 0.590646
0.143681 -0.155664 0.594199
0.142215 -0.154046 0.593859
0.142042 -0.156252 0.592660
0.142337 -0.155467 0.593259
0.142177 -0.154481 0.593294
0.140939 -0.156555 0.595048
0.143730 -0.156813 0.591860
0.141807 -0.155402 0.594559
0.141928 -0.155191 0.595262
0.143247 -0.155236 0.593092
0.142004 -0.156954 0.595964
0.141938 -0.156046 0.595533
0.142210 -0.155325 0.595084
0.141710 -0.158317 0.595034
0.142238 -0.155519 0.595346
0.142690 -0.154386 0.597752
0.142771 -0.155895 0.596285
0.141849 -0.155282 0.596302
0.141763 -0.155548 0.595898
0.142418 -0.155605 0.597282
0.141417 -0.155789 0.598932
0.142085 -0.157319 0.597910
0.142902 -0.156820 0.598784
0.142033 -0.155121 0.597946
0.141299 -0.156175 0.598824
0.142318 -0.155922 0.598087
0.143049 -0.154882 0.598293
0.142473 -0.155906 0.598484
0.142607 -0.156127 0.601015
0.143519 -0.155383 0.599270
0.143783 -0.154262 0.599541
0.142375 -0.155164 0.600656
0.142834 -0.156355 0.600485
0.143288 -0.154915 0.600587
0.144572 -0.157571 0.602370
0.142343 -0.155606 0.601474
0.140973 -0.154602 0.603580
0.144285 -0.156315 0.602713
0.143573 -0.158144 0.601836
0.142806 -0.154943 0.602922
0.142402 -0.156005 0.600790
0.142564 -0.156220 0.606307
0.142414 -0.155365 0.604460
0.141948 -0.156626 0.604610
0.141724 -0.154779 0.604325
0.143771 -0.156855 0.605619
0.141636 -0.155082 0.602105
0.143874 -0.154900 0.604453
0.139784 -0.154893 0.605084
0.142646 -0.155331 0.604124
0.141149 -0.153834 0.606135
0.141911 -0.155683 0.606103
0.141053 -0.151976 0.605882
0.142229 -0.156798 0.606465
0.142100 -0.156426 0.606501
0.141821 -0.157187 0.607345
0.143822 -0.157162 0.606243
0.141413 -0.157820 0.606460
0.142197 -0.155476 0.607170
0.143151 -0.157072 0.606105
0.144172 -0.155338 0.606868
0.141083 -0.154532 0.609201
0.141579 -0.156713 0.610227
0.140964 -0.155885 0.607659
0.141883 -0.154845 0.608503
0.142416 -0.157689 0.607846
0.142317 -0.155876 0.609189
0.140357 -0.154011 0.608754
0.143217 -0.156843 0.608196
0.142137 -0.156181 0.609668
0.142645 -0.156991 0.612056
0.141790 -0.155911 0.609043
0.140278 -0.154973 0.611444
0.141065 -0.154338 0.610977
0.140804 -0.156496 0.613138
0.140461 -0.157263 0.609862
0.142148 -0.153915 0.611940
0.140155 -0.156456 0.611916
0.140972 -0.158844 0.611420
0.140230 -0.156964 0.612386
0.139863 -0.157034 0.613375
0.141341 -0.157533 0.612968
0.141656 -0.155183 0.612286
0.140633 -0.156437 0.613316
0.140295 -0.157146 0.612833
0.141353 -0.156333 0.613271
0.139207 -0.157635 0.612691
0.140520 -0.154239 0.614595
0.139734 -0.156111 0.613822
0.139049 -0.155246 0.614454
0.138519 -0.155194 0.615772
0.139952 -0.156922 0.616072
0.138682 -0.156310 0.614629
0.138685 -0.156717 0.614525
0.137821 -0.155948 0.615634
0.140619 -0.155863 0.615258
0.139697 -0.155984 0.614386
0.138820 -0.154702 0.615917
0.140192 -0.155770 0.616011
0.140836 -0.156425 0.616592
0.140347 -0.157080 0.616699
0.139526 -0.156192 0.618777
0.137508 -0.156657 0.617707
0.138924 -0.155938 0.617098
0.138511 -0.157175 0.618371
0.137368 -0.156389 0.616503
0.139906 -0.156286 0.619670
0.137462 -0.154798 0.620824
0.138921 -0.154579 0.619003
0.137415 -0.155929 0.617120
0.136905 -0.156061 0.616160
0.138100 -0.155467 0.617780
0.138319 -0.156304 0.619872
0.136581 -0.154597 0.620719
0.136437 -0.155863 0.620024
0.138027 -0.155426 0.620764
0.137630 -0.154357 0.619883
0.136896 -0.155093 0.621014
0.138188 -0.153533 0.619086
0.135370 -0.155892 0.622191
0.135626 -0.152411 0.578247
0.137045 -0.152859 0.579047
0.138049 -0.152743 0.577106
0.137721 -0.154135 0.581685
0.136701 -0.153212 0.578715
0.137158 -0.153332 0.580728
0.136349 -0.152851 0.581146
0.137432 -0.150913 0.581050
0.137983 -0.154344 0.580170
0.138258 -0.152822 0.580495
0.138235 -0.151049 0.579900
0.137341 -0.151714 0.579941
0.137399 -0.152292 0.582134
0.137279 -0.150831 0.580317
0.136983 -0.151014 0.582851
0.138013 -0.152356 0.581135
0.139943 -0.152884 0.581557
0.139779 -0.151558 0.583109
0.137645 -0.152314 0.581992
0.138428 -0.152781 0.583149
0.139882 -0.151756 0.583417
0.140651 -0.153280 0.583252
0.138332 -0.151748 0.582323
0.138148 -0.155491 0.584067
0.138619 -0.152424 0.584321
0.140426 -0.151262 0.585251
0.139083 -0.153307 0.585967
0.140220 -0.152060 0.585341
0.138964 -0.151914 0.584807
0.137677 -0.152787 0.586507
0.141654 -0.151426 0.584909
0.139501 -0.152422 0.585537
0.141102 -0.152929 0.585445
0.139201 -0.152475 0.585054
0.139629 -0.154047 0.587302
0.139163 -0.152607 0.584880
0.141801 -0.153343 0.585152
0.139712 -0.152845 0.589279
0.139743 -0.151101 0.587366
0.140778 -0.152043 0.588871
0.141168 -0.154182 0.587889
0.139816 -0.151185 0.587354
0.141149 -0.152312 0.587602
0.140175 -0.151268 0.587694
0.142194 -0.151162 0.588333
0.141181 -0.152371 0.588129
0.139537 -0.152016 0.588742
0.141469 -0.151126 0.588797
0.140821 -0.153176 0.589711
0.142196 -0.151302 0.590710
0.140557 -0.151879 0.591321
0.144101 -0.151427 0.590911
0.142361 -0.152151 0.591153
0.140508 -0.152857 0.589718
0.140854 -0.152294 0.590286
0.141980 -0.152150 0.590289
0.141916 -0.153007 0.591309
0.143410 -0.151927 0.591571
0.140998 -0.153534 0.590897
0.141083 -0.151840 0.592515
0.141901 -0.151722 0.591628
0.142140 -0.153643 0.591538
0.140150 -0.151752 0.592405
0.141133 -0.153897 0.592063
0.141449 -0.152644 0.593780
0.141291 -0.152665 0.594861
0.142956 -0.151640 0.592866
0.141908 -0.153531 0.591425
0.141002 -0.152477 0.593258
0.141717 -0.152586 0.593741
0.142412 -0.153008 0.594394
0.144139 -0.153737 0.597105
0.141614 -0.150366 0.596211
0.140896 -0.151940 0.596675
0.141785 -0.152458 0.594565
0.140806 -0.151098 0.597484
0.143305 -0.153613 0.598051
0.142818 -0.150313 0.598013
0.144225 -0.153431 0.595963
0.142227 -0.152263 0.596382
0.142214 -0.153709 0.597407
0.141317 -0.151864 0.599248
0.142214 -0.154284 0.596851
0.141722 -0.153684 0.598747
0.143247 -0.151661 0.598966
0.141300 -0.152127 0.598402
0.143667 -0.151988 0.599923
0.143842 -0.152614 0.600799
0.140792 -0.152007 0.599172
0.142783 -0.151932 0.598320
0.143429 -0.152168 0.599362
0.142950 -0.152095 0.602311
0.142895 -0.152197 0.600891
0.143924 -0.154278 0.600257
0.142998 -0.152957 0.599672
0.144506 -0.152484 0.601693
0.142052 -0.151434 0.600574
0.141572 -0.151967 0.603777
0.144292 -0.152241 0.603090
0.140764 -0.152729 0.602931
0.143382 -0.153307 0.602511
0.143163 -0.151289 0.603998
0.142348 -0.152123 0.601426
0.142568 -0.152291 0.603242
0.143014 -0.152989 0.604549
0.143688 -0.153368 0.603804
0.141981 -0.154728 0.603804
0.142156 -0.151191 0.603987
0.143117 -0.152682 0.606000
0.141765 -0.153431 0.602881
0.142084 -0.151887 0.605920
0.141389 -0.151307 0.604103
0.142532 -0.151298 0.604121
0.142183 -0.152378 0.604704
0.142233 -0.152579 0.607186
0.142959 -0.152088 0.605841
0.141095 -0.152352 0.606421
0.141758 -0.153771 0.607052
0.140436 -0.152857 0.607914
0.143069 -0.151416 0.607732
0.141181 -0.152128 0.606476
0.141768 -0.153629 0.607544
0.140633 -0.152595 0.608900
0.142323 -0.152035 0.606696
0.142326 -0.154046 0.607917
0.141956 -0.153868 0.608071
0.141779 -0.151958 0.608367
0.141803 -0.152291 0.607976
0.142530 -0.150925 0.609920
0.141233 -0.153433 0.609176
0.142048 -0.152025 0.609985
0.140783 -0.153699 0.610362
0.142262 -0.151935 0.612080
0.141281 -0.152804 0.610166
0.141487 -0.152102 0.612585
0.142873 -0.151204 0.610695
0.140883 -0.151870 0.611121
0.140818 -0.151628 0.614212
0.139564 -0.150254 0.611542
0.141957 -0.152631 0.609831
0.139638 -0.151826 0.613845
0.141330 -0.151318 0.612648
0.139323 -0.152006 0.612398
0.141290 -0.152413 0.614083
0.138705 -0.152517 0.613584
0.139660 -0.151979 0.613920
0.140274 -0.153407 0.614169
0.141230 -0.153723 0.615192
0.139704 -0.153561 0.616228
0.140041 -0.152073 0.616694
0.141674 -0.152297 0.615733
0.140677 -0.152933 0.614035
0.139896 -0.152890 0.616021
0.138738 -0.152140 0.612851
0.139588 -0.152585 0.616092
0.138286 -0.151568 0.614768
0.140943 -0.151918 0.615054
0.139015 -0.152108 0.617870
0.140359 -0.152885 0.616617
0.139565 -0.152026 0.615921
0.139935 -0.153020 0.616756
0.138201 -0.152929 0.617340
0.137946 -0.153113 0.617971
0.139146 -0.151530 0.617706
0.137326 -0.152917 0.618147
0.138307 -0.152414 0.618392
0.137987 -0.152320 0.616595
0.139420 -0.153495 0.619557
0.140799 -0.151325 0.618173
0.138587 -0.152720 0.618319
0.138843 -0.150711 0.619536
0.139072 -0.153234 0.619467
0.138684 -0.153304 0.618924
0.136632 -0.152666 0.618525
0.138634 -0.154533 0.619459
0.138545 -0.153246 0.622182
0.136601 -0.152020 0.620587
0.138274 -0.152414 0.620649
0.137602 -0.151485 0.619730
0.136685 -0.150463 0.621442
0.137689 -0.148915 0.579729
0.135677 -0.149100 0.579222
0.138339 -0.150498 0.578084
0.138113 -0.148338 0.579474
0.137566 -0.147231 0.579264
0.136538 -0.147563 0.579879
0.137687 -0.149483 0.579370
0.137133 -0.149792 0.581020
0.138115 -0.149295 0.579159
0.138776 -0.150128 0.581403
0.138724 -0.147621 0.578752
0.136623 -0.148913 0.580900
0.139101 -0.149545 0.581622
0.137685 -0.149187 0.578580
0.138804 -0.148542 0.583389
0.137645 -0.149412 0.582271
0.138401 -0.150584 0.583657
0.136937 -0.150433 0.581957
0.138383 -0.148412 0.582511
0.139568 -0.148938 0.582123
0.140024 -0.148227 0.581502
0.139939 -0.149561 0.584362
0.141525 -0.146936 0.583921
0.140030 -0.150259 0.584658
0.138995 -0.149359 0.582525
0.137217 -0.148427 0.584113
0.141023 -0.148776 0.584406
0.139636 -0.146595 0.584573
0.140835 -0.148659 0.584694
0.139744 -0.150208 0.587636
0.140053 -0.150210 0.586008
0.140403 -0.148823 0.586424
0.141311 -0.148479 0.587073
0.140237 -0.151150 0.585843
0.138995 -0.150169 0.586280
0.140434 -0.148952 0.586269
0.140832 -0.148005 0.587008
0.140160 -0.148308 0.587847
0.141752 -0.150249 0.587517
0.140597 -0.150032 0.587890
0.140703 -0.148570 0.586643
0.141674 -0.147982 0.590490
0.141474 -0.148590 0.589156
0.139830 -0.148942 0.588067
0.139898 -0.149199 0.587840
0.139660 -0.149780 0.589460
0.140672 -0.149191 0.590213
0.140723 -0.147934 0.590316
0.140349 -0.147925 0.589000
0.140058 -0.148516 0.591357
0.141538 -0.146559 0.589960
0.142394 -0.150232 0.589687
0.141837 -0.149870 0.589399
0.142394 -0.148531 0.591112
0.141315 -0.146477 0.590871
0.140068 -0.148563 0.593125
0.142250 -0.149900 0.591615
0.142526 -0.149140 0.593295
0.141121 -0.148046 0.592777
0.142747 -0.149119 0.592369
0.141961 -0.148867 0.590013
0.142387 -0.149999 0.594750
0.141969 -0.150221 0.595068
0.142722 -0.148206 0.594544
0.142618 -0.149663 0.592438
0.142728 -0.150272 0.593876
0.142305 -0.149181 0.591378
0.141414 -0.150272 0.594171
0.141927 -0.148766 0.593491
0.142860 -0.148707 0.596127
0.142970 -0.146887 0.593778
0.142669 -0.148651 0.594687
0.142163 -0.148648 0.595913
0.141813 -0.149051 0.595676
0.142784 -0.147488 0.595020
0.142822 -0.147681 0.597935
0.141610 -0.149952 0.597198
0.143319 -0.149675 0.598238
0.141124 -0.150318 0.595948
0.143104 -0.149385 0.596880
0.141927 -0.150769 0.595560
0.141630 -0.148935 0.596338
0.140814 -0.148625 0.599250
0.141872 -0.150041 0.599075
0.141547 -0.149500 0.597356
0.143046 -0.149130 0.600905
0.141114 -0.149427 0.599830
0.142221 -0.147709 0.598459
0.141331 -0.148409 0.600900
0.143008 -0.149721 0.598922
0.142425 -0.151261 0.601646
0.144167 -0.148596 0.598799
0.141601 -0.148281 0.600562
0.144031 -0.148872 0.600584
0.144310 -0.147000 0.601741
0.142412 -0.150059 0.603179
0.141289 -0.148925 0.603626
0.142113 -0.149194 0.602562
0.140780 -0.148322 0.601281
0.140998 -0.149828 0.604177
0.141646 -0.150613 0.603186
0.142289 -0.148432 0.603346
0.140790 -0.148310 0.602567
0.142303 -0.149416 0.604534
0.141588 -0.149385 0.602892
0.142219 -0.149396 0.604449
0.141599 -0.148219 0.603300
0.139836 -0.148459 0.603643
0.142809 -0.147883 0.604850
0.143476 -0.149763 0.605865
0.140363 -0.149480 0.605786
0.142960 -0.148728 0.606314
0.142973 -0.148465 0.605541
0.141321 -0.148240 0.606335
0.142176 -0.150160 0.607550
0.141173 -0.150800 0.607724
0.141874 -0.149176 0.606659
0.141832 -0.148040 0.606697
0.142211 -0.149043 0.606988
0.141187 -0.148391 0.606118
0.140471 -0.150253 0.607523
0.142301 -0.149421 0.609840
0.141972 -0.148728 0.608529
0.142877 -0.148651 0.609568
0.142456 -0.147746 0.607711
0.139720 -0.147519 0.608125
0.142110 -0.148029 0.608372
0.141981 -0.148364 0.610474
0.141639 -0.150618 0.610796
0.140474 -0.150137 0.608569
0.141528 -0.150069 0.609047
0.141466 -0.148628 0.611210
0.141310 -0.148157 0.610631
0.140181 -0.150502 0.609880
0.140887 -0.147606 0.609669
0.140671 -0.149627 0.610863
0.140751 -0.148354 0.610777
0.141607 -0.148440 0.613615
0.140569 -0.148003 0.613131
0.141745 -0.148867 0.610249
0.140311 -0.149635 0.611917
0.139823 -0.150416 0.612396
0.142302 -0.149290 0.613287
0.141921 -0.149518 0.613161
0.139493 -0.150429 0.614442
0.138816 -0.150492 0.612889
0.138781 -0.150649 0.612597
0.140800 -0.147549 0.613457
0.141290 -0.149582 0.614679
0.138870 -0.148078 0.614126
0.140251 -0.148988 0.614004
0.140607 -0.146938 0.614280
0.142232 -0.148659 0.618295
0.138936 -0.149565 0.616713
0.140266 -0.150147 0.616111
0.139003 -0.148341 0.615312
0.138631 -0.148582 0.615416
0.139109 -0.148997 0.617366
0.138291 -0.151073 0.615806
0.139529 -0.149557 0.617218
0.138681 -0.148229 0.615541
0.139418 -0.147725 0.616736
0.139914 -0.147036 0.619244
0.139980 -0.148257 0.620146
0.136936 -0.148281 0.617752
0.138944 -0.148523 0.617721
0.138290 -0.147420 0.618279
0.138906 -0.149467 0.617066
0.139255 -0.148794 0.618820
0.138580 -0.149022 0.619004
0.137227 -0.148294 0.619723
0.138780 -0.150817 0.619451
0.136668 -0.148488 0.620188
0.136704 -0.148247 0.620326
0.137438 -0.149936 0.620046
0.137483 -0.149003 0.619999
0.139199 -0.149896 0.620221
0.137365 -0.148293 0.621529
0.137755 -0.148934 0.618779
0.136066 -0.148891 0.620278
0.136865 -0.143522 0.578445
0.136207 -0.145510 0.579119
0.136880 -0.146624 0.579075
0.137014 -0.144635 0.577234
0.135276 -0.144346 0.579259
0.137729 -0.147502 0.579861
0.137035 -0.144250 0.581333
0.138560 -0.146364 0.581455
0.136700 -0.145958 0.581331
0.136791 -0.144771 0.581955
0.138296 -0.144836 0.581906
0.139864 -0.145379 0.581183
0.138249 -0.144465 0.580461
0.138505 -0.146571 0.582753
0.138242 -0.145553 0.582196
0.137342 -0.146809 0.582983
0.141004 -0.146627 0.581389
0.140330 -0.146881 0.583943
0.139456 -0.145172 0.583507
0.137656 -0.142540 0.584445
0.137806 -0.144062 0.584181
0.138545 -0.146800 0.582889
0.138378 -0.145015 0.583610
0.139137 -0.145300 0.584565
0.140430 -0.146402 0.584727
0.137939 -0.145102 0.585393
0.141539 -0.146257 0.585062
0.140604 -0.146179 0.585111
0.139560 -0.146155 0.584924
0.139694 -0.145776 0.584790
0.140029 -0.146106 0.585801
0.139760 -0.146424 0.585066
0.142849 -0.146016 0.587297
0.139384 -0.145905 0.585965
0.140534 -0.146510 0.586518
0.140949 -0.144459 0.585896
0.140569 -0.148104 0.587039
0.140170 -0.144985 0.586619
0.141762 -0.145697 0.586215
0.141389 -0.145077 0.588253
0.141194 -0.147085 0.587754
0.142392 -0.145035 0.588340
0.142229 -0.145111 0.588019
0.141029 -0.146640 0.589659
0.140876 -0.145244 0.590504
0.140507 -0.144525 0.590019
0.142254 -0.144858 0.590776
0.141256 -0.146578 0.589836
0.142929 -0.146975 0.590682
0.139231 -0.144048 0.590773
0.141521 -0.143974 0.591082
0.143396 -0.146009 0.589857
0.142015 -0.145299 0.590930
0.140838 -0.145190 0.590899
0.139869 -0.145522 0.591163
0.142321 -0.147380 0.592852
0.141981 -0.145148 0.592066
0.141056 -0.146260 0.592782
0.141394 -0.147674 0.592293
0.142048 -0.145465 0.593236
0.142646 -0.146827 0.591605
0.141745 -0.144424 0.590658
0.140562 -0.144856 0.594446
0.142082 -0.143675 0.592862
0.142608 -0.144626 0.592821
0.142487 -0.145202 0.593302
0.142058 -0.145735 0.593078
0.141995 -0.146867 0.592968
0.141035 -0.146613 0.594786
0.141242 -0.146717 0.596350
0.141732 -0.144381 0.595271
0.142270 -0.145824 0.597174
0.141796 -0.148006 0.594729
0.143083 -0.145165 0.596588
0.141352 -0.146304 0.594982
0.142700 -0.145320 0.597875
0.142764 -0.145230 0.596512
0.140099 -0.145740 0.597266
0.142763 -0.145037 0.596616
0.143918 -0.145720 0.597628
0.143784 -0.145609 0.596840
0.142000 -0.146549 0.598800
0.141609 -0.146455 0.596913
0.142596 -0.144800 0.599362
0.142045 -0.144149 0.597383
0.142404 -0.145212 0.599057
0.141940 -0.144695 0.599186
0.143421 -0.146794 0.600164
0.144247 -0.146370 0.600272
0.142846 -0.146581 0.600233
0.141820 -0.147200 0.600637
0.143011 -0.147080 0.600034
0.140845 -0.145876 0.600662
0.142872 -0.143904 0.599521
0.140991 -0.146608 0.600334
0.141913 -0.146041 0.600774
0.143302 -0.147668 0.601117
0.140345 -0.146974 0.602870
0.143449 -0.145674 0.602190
0.141346 -0.145821 0.602615
0.141955 -0.144987 0.603702
0.141972 -0.144851 0.603016
0.141072 -0.145432 0.603199
0.144479 -0.146116 0.602579
0.142140 -0.146456 0.606190
0.141476 -0.144585 0.602577
0.142294 -0.143922 0.606443
0.140860 -0.145870 0.605310
0.142531 -0.145972 0.603838
0.142153 -0.146228 0.606258
0.142169 -0.145482 0.604209
0.143307 -0.146376 0.606166
0.141377 -0.146267 0.606474
0.140679 -0.146256 0.606462
0.142447 -0.146488 0.605651
0.141154 -0.143824 0.605951
0.141575 -0.146084 0.606476
0.143592 -0.145107 0.608063
0.142237 -0.145238 0.607564
0.141211 -0.144552 0.606905
0.142589 -0.146657 0.606168
0.141754 -0.146597 0.610258
0.140256 -0.145655 0.607808
0.139520 -0.145806 0.607546
0.142112 -0.146713 0.610346
0.141821 -0.146786 0.607634
0.141983 -0.147270 0.609775
0.141174 -0.145496 0.607796
0.141385 -0.143542 0.611258
0.142574 -0.145977 0.610630
0.141651 -0.146975 0.609859
0.138391 -0.145231 0.611093
0.142707 -0.145014 0.611256
0.140024 -0.144667 0.611356
0.141921 -0.144843 0.610339
0.141000 -0.145545 0.610981
0.141721 -0.145033 0.610761
0.141904 -0.145855 0.611792
0.140651 -0.145953 0.610643
0.140283 -0.145842 0.614111
0.141739 -0.146051 0.612559
0.141599 -0.143959 0.614465
0.141180 -0.146711 0.613805
0.139588 -0.144098 0.613209
0.139744 -0.146462 0.613803
0.140505 -0.144572 0.612136
0.140571 -0.144558 0.612619
0.139784 -0.145826 0.614700
0.139820 -0.146331 0.615549
0.139795 -0.143780 0.615179
0.140530 -0.145567 0.615672
0.141196 -0.145029 0.615584
0.139392 -0.145305 0.617614
0.140910 -0.145409 0.615769
0.139427 -0.146085 0.615706
0.139436 -0.145511 0.616351
0.140309 -0.146024 0.616429
0.138858 -0.146606 0.616108
0.139146 -0.145107 0.615660
0.140342 -0.145726 0.617286
0.138581 -0.145624 0.615817
0.138910 -0.146082 0.617526
0.139024 -0.143801 0.618187
0.137792 -0.146078 0.617254
0.140570 -0.147028 0.618205
0.136766 -0.148176 0.618619
0.137288 -0.146801 0.618188
0.137975 -0.146038 0.618468
0.136600 -0.146172 0.618973
0.138364 -0.147231 0.619727
0.137567 -0.147530 0.618524
0.137915 -0.146253 0.618622
0.136867 -0.145066 0.619465
0.136567 -0.144919 0.619098
0.138042 -0.145841 0.620933
0.137455 -0.145258 0.621372
0.139202 -0.145676 0.620623
0.136687 -0.144091 0.621238
0.137068 -0.147586 0.622804
0.137706 -0.146194 0.622251
0.136656 -0.143221 0.578518
0.138162 -0.142771 0.580092
0.138164 -0.142101 0.578576
0.137848 -0.141923 0.580545
0.137518 -0.142412 0.580068
0.137645 -0.143152 0.580144
0.137518 -0.143194 0.580301
0.138637 -0.142535 0.579966
0.138292 -0.141215 0.579872
0.137374 -0.141793 0.578879
0.137830 -0.143648 0.580158
0.138769 -0.144037 0.579808
0.138568 -0.141424 0.580249
0.138928 -0.143374 0.582046
0.139278 -0.142762 0.581059
0.138319 -0.142827 0.582876
0.136915 -0.141890 0.582295
0.139361 -0.142719 0.582419
0.139274 -0.142417 0.582324
0.139080 -0.141669 0.583528
0.137126 -0.140731 0.583030
0.138410 -0.143021 0.583050
0.140220 -0.140712 0.584023
0.140159 -0.141955 0.586547
0.139030 -0.141108 0.583994
0.139523 -0.141125 0.584286
0.139031 -0.142754 0.584127
0.139177 -0.143202 0.584138
0.142486 -0.143004 0.585865
0.139973 -0.141472 0.583583
0.139017 -0.142310 0.585764
0.139054 -0.142202 0.586447
0.141170 -0.142721 0.584980
0.139242 -0.142824 0.587420
0.139994 -0.143076 0.584251
0.138085 -0.143137 0.584014
0.141628 -0.142966 0.586163
0.141425 -0.142437 0.588295
0.141038 -0.142123 0.586744
0.141139 -0.143098 0.586970
0.139877 -0.143074 0.588665
0.141143 -0.141776 0.587127
0.138795 -0.139868 0.589939
0.140327 -0.143106 0.587949
0.141901 -0.142522 0.588267
0.139700 -0.143233 0.589134
0.140940 -0.142863 0.590911
0.139844 -0.142972 0.590302
0.141789 -0.141425 0.589664
0.140670 -0.141908 0.590217
0.141376 -0.142973 0.590693
0.141955 -0.143601 0.591639
0.140729 -0.142483 0.589589
0.143459 -0.143596 0.590839
0.141652 -0.143232 0.592002
0.140328 -0.142332 0.592338
0.139860 -0.141433 0.591445
0.141384 -0.142687 0.594355
0.141120 -0.143219 0.590833
0.142872 -0.143992 0.591663
0.142040 -0.142271 0.594021
0.141929 -0.141999 0.592747
0.142509 -0.142112 0.592358
0.142096 -0.143766 0.594554
0.142839 -0.143217 0.593753
0.142921 -0.141884 0.595927
0.140930 -0.143412 0.593834
0.139665 -0.141621 0.593189
0.141220 -0.141843 0.594708
0.143240 -0.142720 0.593865
0.145170 -0.143834 0.594510
0.143939 -0.142888 0.594307
0.142394 -0.142626 0.595942
0.143396 -0.142732 0.596436
0.142560 -0.141002 0.596304
0.143862 -0.143491 0.595199
0.142071 -0.141860 0.596220
0.143524 -0.141539 0.597251
0.142006 -0.141948 0.595885
0.144272 -0.141820 0.596511
0.144246 -0.141936 0.597734
0.143172 -0.143485 0.599258
0.141574 -0.144210 0.597959
0.141440 -0.142873 0.597704
0.142076 -0.141438 0.598828
0.142718 -0.144087 0.598692
0.142021 -0.144085 0.601550
0.142419 -0.143000 0.598768
0.143275 -0.141594 0.599375
0.143542 -0.143450 0.599556
0.141560 -0.142248 0.600091
0.142243 -0.142420 0.600982
0.141891 -0.143609 0.600192
0.143154 -0.142839 0.600205
0.141345 -0.142850 0.602024
0.143264 -0.142317 0.603694
0.142391 -0.141733 0.601002
0.142403 -0.143179 0.602576
0.141829 -0.142007 0.602438
0.141322 -0.141277 0.602843
0.142339 -0.141792 0.604081
0.141150 -0.144169 0.602131
0.142566 -0.141339 0.603159
0.143556 -0.142531 0.602198
0.140986 -0.142088 0.604578
0.143277 -0.142940 0.601918
0.142059 -0.142206 0.603446
0.142421 -0.142096 0.603656
0.142734 -0.143493 0.605151
0.141591 -0.140881 0.605349
0.142368 -0.143706 0.605221
0.141421 -0.141743 0.605323
0.143597 -0.143477 0.603678
0.143216 -0.141994 0.605402
0.144685 -0.141686 0.603725
0.141549 -0.141613 0.607290
0.140547 -0.143201 0.606110
0.141457 -0.141218 0.608286
0.140417 -0.141998 0.606225
0.143484 -0.142758 0.607440
0.140899 -0.143635 0.606531
0.142310 -0.141531 0.609524
0.142436 -0.140874 0.608129
0.140012 -0.143191 0.607148
0.141413 -0.143481 0.609551
0.143036 -0.140892 0.607543
0.142384 -0.141346 0.608588
0.143498 -0.142833 0.609769
0.142582 -0.141608 0.608656
0.140236 -0.143527 0.611065
0.142361 -0.142770 0.609489
0.142759 -0.143651 0.609141
0.140056 -0.141286 0.610267
0.139714 -0.142451 0.610057
0.139775 -0.142813 0.611559
0.138502 -0.143310 0.613505
0.141149 -0.141429 0.611735
0.139348 -0.142167 0.611672
0.139002 -0.142585 0.612062
0.141343 -0.142294 0.611502
0.141504 -0.141403 0.612194
0.141344 -0.140947 0.611829
0.141154 -0.143824 0.612713
0.138678 -0.140835 0.611735
0.139172 -0.141908 0.613750
0.140812 -0.144332 0.614084
0.140841 -0.142115 0.613199
0.138608 -0.142634 0.615064
0.141177 -0.141719 0.614440
0.140296 -0.141082 0.612783
0.139799 -0.142062 0.615837
0.139386 -0.143323 0.615009
0.139823 -0.142405 0.614716
0.138672 -0.141958 0.616678
0.139449 -0.144245 0.614972
0.139626 -0.142991 0.617057
0.139749 -0.141837 0.616084
0.139264 -0.142296 0.617300
0.140540 -0.141861 0.613868
0.138486 -0.142109 0.617666
0.139108 -0.142952 0.615685
0.139552 -0.144833 0.617834
0.140711 -0.143341 0.616659
0.139245 -0.142110 0.618578
0.137744 -0.142597 0.617901
0.137167 -0.141008 0.618130
0.136764 -0.143026 0.616978
0.138040 -0.142895 0.617782
0.138432 -0.142031 0.618955
0.137499 -0.141619 0.617815
0.136910 -0.142761 0.621094
0.139473 -0.142835 0.620515
0.137041 -0.142178 0.620141
0.137440 -0.142335 0.621817
0.139027 -0.141254 0.621076
0.135838 -0.142054 0.620911
0.137816 -0.142844 0.622349
0.137966 -0.142435 0.621225
0.136966 -0.141773 0.619311
0.137007 -0.141743 0.621864
0.137607 -0.138741 0.580251
0.137110 -0.138391 0.578160
0.136766 -0.139742 0.579821
0.136487 -0.139526 0.577020
0.136674 -0.138861 0.579244
0.136372 -0.138146 0.579599
0.137582 -0.139600 0.580439
0.137540 -0.138347 0.578877
0.137981 -0.137170 0.580110
0.138778 -0.137393 0.581505
0.136919 -0.138163 0.580009
0.137010 -0.138236 0.581311
0.138546 -0.140131 0.581053
0.137836 -0.137504 0.580864
0.137944 -0.139501 0.581816
0.138246 -0.139362 0.583333
0.137851 -0.138776 0.581449
0.139879 -0.139623 0.583020
0.140357 -0.139965 0.584707
0.138961 -0.139921 0.582717
0.139574 -0.139158 0.585115
0.138840 -0.138970 0.584235
0.139749 -0.139427 0.584630
0.141015 -0.138966 0.583458
0.139994 -0.138714 0.582726
0.141220 -0.140431 0.583863
0.137583 -0.138599 0.584703
0.139811 -0.139970 0.585090
0.139251 -0.138677 0.584491
0.139869 -0.139473 0.586808
0.139777 -0.139835 0.585114
0.140960 -0.138401 0.586820
0.140552 -0.138256 0.586300
0.140667 -0.139807 0.586605
0.139779 -0.138994 0.586350
0.139902 -0.138002 0.586115
0.139616 -0.138086 0.586630
0.140497 -0.139944 0.587745
0.140526 -0.138791 0.587131
0.140537 -0.139762 0.588200
0.140442 -0.138003 0.588876
0.140569 -0.137654 0.586491
0.140692 -0.139697 0.589495
0.140719 -0.138944 0.589881
0.141164 -0.139978 0.588601
0.140853 -0.139317 0.588131
0.140776 -0.139252 0.589382
0.139668 -0.139039 0.591169
0.138998 -0.140297 0.591620
0.141967 -0.138597 0.590100
0.138766 -0.139388 0.589736
0.142639 -0.140632 0.591771
0.142515 -0.137813 0.588515
0.142547 -0.138113 0.591532
0.138989 -0.138746 0.590617
0.140353 -0.139058 0.592273
0.141354 -0.139506 0.591447
0.140960 -0.140405 0.591833
0.140105 -0.138014 0.591669
0.141299 -0.138998 0.594743
0.142411 -0.140033 0.592069
0.140822 -0.138154 0.592850
0.141687 -0.138305 0.593024
0.142664 -0.137786 0.594722
0.142059 -0.139064 0.594050
0.141155 -0.136755 0.592707
0.142234 -0.139006 0.593751
0.142008 -0.139788 0.595453
0.142784 -0.138701 0.595067
0.141534 -0.140010 0.594483
0.142019 -0.139322 0.595471
0.141781 -0.139072 0.596115
0.143503 -0.138368 0.596013
0.143511 -0.141302 0.596172
0.142567 -0.139355 0.595589
0.143361 -0.140118 0.593695
0.141935 -0.139059 0.593912
0.141989 -0.139761 0.596842
0.143867 -0.138246 0.595689
0.139543 -0.140616 0.596303
0.142454 -0.138798 0.597446
0.141033 -0.138972 0.599348
0.141860 -0.137826 0.597676
0.141414 -0.139133 0.599891
0.143410 -0.139422 0.599089
0.142327 -0.139412 0.600028
0.140672 -0.139192 0.599199
0.142925 -0.139544 0.600141
0.142660 -0.140924 0.598590
0.140909 -0.138256 0.599369
0.141774 -0.139544 0.599253
0.141609 -0.138922 0.598996
0.142554 -0.138834 0.602279
0.141718 -0.137115 0.603666
0.143164 -0.139574 0.600781
0.142346 -0.138639 0.600433
0.142465 -0.139569 0.600374
0.141749 -0.138075 0.602684
0.142776 -0.140341 0.600338
0.142909 -0.137347 0.602065
0.143176 -0.138648 0.601621
0.142135 -0.140156 0.602617
0.143114 -0.139386 0.603505
0.143181 -0.139893 0.604032
0.141268 -0.135854 0.604235
0.142394 -0.138625 0.602308
0.144626 -0.140289 0.603795
0.143024 -0.140958 0.604927
0.142089 -0.138369 0.604813
0.143896 -0.137423 0.605093
0.142109 -0.138320 0.605619
0.141968 -0.139077 0.603401
0.142691 -0.139092 0.603972
0.141195 -0.140910 0.604148
0.142341 -0.139792 0.606133
0.141366 -0.139408 0.606641
0.141187 -0.138040 0.606012
0.142983 -0.138999 0.605688
0.141028 -0.137889 0.607710
0.139196 -0.140977 0.607039
0.142513 -0.140862 0.605588
0.141358 -0.140139 0.607249
0.141852 -0.138984 0.608112
0.141279 -0.140549 0.610038
0.141724 -0.140724 0.608149
0.142584 -0.138396 0.608151
0.140983 -0.139437 0.608677
0.141995 -0.137965 0.609291
0.139292 -0.137501 0.609702
0.141921 -0.139224 0.608549
0.141145 -0.138251 0.609376
0.142821 -0.140689 0.609956
0.141724 -0.140228 0.608809
0.139827 -0.138363 0.610310
0.141004 -0.136241 0.611137
0.141809 -0.139618 0.610533
0.141874 -0.136887 0.610915
0.139133 -0.137938 0.612398
0.141172 -0.140443 0.612258
0.140067 -0.136392 0.611490
0.141913 -0.138493 0.611502
0.139703 -0.137468 0.611168
0.140029 -0.139616 0.613569
0.140923 -0.141521 0.613937
0.140511 -0.141800 0.611602
0.141372 -0.137596 0.615104
0.140394 -0.137349 0.613162
0.140252 -0.140541 0.613138
0.140483 -0.137439 0.614841
0.140168 -0.139908 0.614241
0.139358 -0.137505 0.613196
0.139276 -0.138684 0.615085
0.139096 -0.139132 0.614646
0.138754 -0.139130 0.613680
0.139815 -0.138331 0.614548
0.138726 -0.139998 0.615238
0.137515 -0.138993 0.615858
0.139079 -0.139549 0.614983
0.138989 -0.138683 0.615896
0.139556 -0.140182 0.617780
0.139728 -0.141512 0.616711
0.139766 -0.140354 0.617483
0.139223 -0.138970 0.617921
0.138374 -0.138750 0.617547
0.138177 -0.138779 0.617490
0.137334 -0.138275 0.618991
0.139123 -0.138959 0.618798
0.139047 -0.139555 0.619477
0.138956 -0.137367 0.619252
0.138011 -0.140529 0.617565
0.138096 -0.139963 0.617618
0.136453 -0.137987 0.618472
0.137372 -0.138203 0.620041
0.138006 -0.139594 0.620504
0.136450 -0.137825 0.620283
0.136540 -0.137337 0.619965
0.137567 -0.139835 0.620036
0.136245 -0.139101 0.620477
0.137366 -0.139297 0.620186
0.136002 -0.137892 0.619434
0.137975 -0.136949 0.579841
0.134786 -0.135142 0.578987
0.137680 -0.135490 0.579951
0.136258 -0.134222 0.577948
0.139804 -0.136394 0.579619
0.136513 -0.135746 0.578517
0.137937 -0.135475 0.580378
0.138772 -0.135493 0.580851
0.138010 -0.136361 0.582026
0.139191 -0.134692 0.579369
0.138017 -0.136285 0.581022
0.137764 -0.136025 0.581388
0.138547 -0.135056 0.582603
0.141097 -0.135801 0.583248
0.137844 -0.136801 0.581806
0.139235 -0.136258 0.581001
0.139209 -0.135409 0.581094
0.139097 -0.135060 0.582715
0.139186 -0.135281 0.583094
0.139760 -0.134941 0.584217
0.138544 -0.135930 0.581982
0.138581 -0.136030 0.582350
0.139785 -0.136164 0.585331
0.139734 -0.135714 0.584055
0.138913 -0.134225 0.585620
0.140456 -0.135083 0.583854
0.138287 -0.136100 0.586715
0.138898 -0.135879 0.585188
0.141123 -0.134870 0.585092
0.141550 -0.135215 0.584490
0.138588 -0.136617 0.586209
0.142137 -0.134447 0.585411
0.140522 -0.138253 0.584923
0.141762 -0.134108 0.585521
0.140706 -0.133091 0.586753
0.140640 -0.134667 0.585844
0.138438 -0.137490 0.587074
0.139322 -0.136659 0.588205
0.140246 -0.136206 0.588146
0.141762 -0.137094 0.589271
0.140161 -0.135431 0.588112
0.140842 -0.135199 0.587220
0.139793 -0.135807 0.587929
0.140265 -0.135105 0.588391
0.141693 -0.134937 0.589728
0.141364 -0.135830 0.587800
0.141880 -0.135385 0.588964
0.139626 -0.135964 0.589535
0.140762 -0.135231 0.588996
0.140995 -0.136061 0.590832
0.141977 -0.137030 0.589079
0.141521 -0.135630 0.590064
0.141453 -0.133947 0.588518
0.140852 -0.136127 0.590714
0.140636 -0.136432 0.591575
0.141243 -0.135795 0.592039
0.141892 -0.134717 0.591691
0.139521 -0.134512 0.590370
0.139958 -0.134678 0.591609
0.142074 -0.134770 0.593481
0.140571 -0.134119 0.593093
0.140390 -0.135903 0.591070
0.141598 -0.135143 0.593391
0.140932 -0.136527 0.594071
0.142367 -0.136278 0.594231
0.141793 -0.136064 0.594395
0.141681 -0.134858 0.594497
0.143327 -0.136752 0.593029
0.142305 -0.137490 0.595904
0.142253 -0.136325 0.595664
0.140936 -0.135041 0.596259
0.142565 -0.135527 0.596153
0.141918 -0.136014 0.596749
0.143267 -0.135254 0.595842
0.142937 -0.135052 0.594063
0.141726 -0.134791 0.595293
0.141971 -0.134393 0.596208
0.144467 -0.136221 0.598436
0.141265 -0.135916 0.597096
0.142277 -0.135705 0.597125
0.141710 -0.136285 0.596929
0.142453 -0.136111 0.596806
0.142739 -0.134164 0.598713
0.141265 -0.136636 0.598288
0.142822 -0.134536 0.599646
0.141294 -0.136597 0.599695
0.142506 -0.135853 0.598764
0.142330 -0.136370 0.598852
0.144105 -0.134723 0.598358
0.142721 -0.135994 0.600386
0.141275 -0.134632 0.600528
0.141825 -0.135635 0.600834
0.141343 -0.134765 0.600259
0.141961 -0.136987 0.602232
0.142217 -0.135997 0.601441
0.142599 -0.134621 0.599981
0.142738 -0.135300 0.602720
0.142040 -0.135560 0.600796
0.142409 -0.134947 0.602886
0.143112 -0.133617 0.602201
0.143773 -0.135401 0.602174
0.144043 -0.134870 0.603799
0.141616 -0.136759 0.602121
0.141342 -0.136262 0.603693
0.144219 -0.134018 0.604810
0.142239 -0.135684 0.604136
0.143538 -0.137670 0.604389
0.142678 -0.135142 0.603847
0.140942 -0.135394 0.605972
0.141011 -0.135997 0.603813
0.143765 -0.136437 0.605615
0.140177 -0.135820 0.606861
0.143404 -0.136827 0.607353
0.141774 -0.135950 0.606170
0.139946 -0.135589 0.606314
0.142857 -0.136324 0.605822
0.140535 -0.135568 0.607585
0.143320 -0.134927 0.607601
0.142298 -0.135360 0.607795
0.140962 -0.133328 0.606302
0.144032 -0.134580 0.608894
0.142098 -0.134980 0.607407
0.141099 -0.136496 0.609378
0.142696 -0.135862 0.608099
0.142407 -0.136175 0.607708
0.141618 -0.134156 0.609195
0.142990 -0.136075 0.609979
0.141608 -0.135417 0.608878
0.143571 -0.137112 0.609534
0.139930 -0.136085 0.610754
0.140877 -0.135473 0.608543
0.142179 -0.135100 0.611503
0.140508 -0.134545 0.610853
0.140543 -0.135971 0.612185
0.141874 -0.136119 0.609291
0.141260 -0.134640 0.610238
0.143053 -0.132837 0.611983
0.139911 -0.135986 0.610102
0.140566 -0.135797 0.610611
0.138564 -0.136186 0.611523
0.141503 -0.135995 0.612897
0.138925 -0.135488 0.613311
0.140603 -0.135569 0.612273
0.140917 -0.135327 0.611824
0.139899 -0.135781 0.613345
0.139927 -0.135783 0.613434
0.139763 -0.135400 0.611902
0.139045 -0.135341 0.613136
0.138672 -0.135417 0.614620
0.139935 -0.136617 0.612315
0.139634 -0.134861 0.614892
0.139934 -0.133900 0.614160
0.139358 -0.135723 0.615020
0.138226 -0.137609 0.617087
0.139225 -0.136952 0.615538
0.140506 -0.135690 0.615576
0.139726 -0.138055 0.616022
0.138060 -0.135891 0.615230
0.139041 -0.136860 0.617712
0.138131 -0.134393 0.617308
0.136928 -0.136614 0.618849
0.139122 -0.136370 0.617556
0.138007 -0.137265 0.617309
0.140952 -0.136238 0.617102
0.136824 -0.136150 0.618493
0.138187 -0.136135 0.618871
0.137703 -0.134415 0.618047
0.137787 -0.136078 0.618318
0.137284 -0.137541 0.617044
0.140133 -0.135654 0.619769
0.137207 -0.136037 0.621195
0.138036 -0.134618 0.619583
0.138784 -0.134457 0.620205
0.136034 -0.134530 0.619150
0.136372 -0.135314 0.622135
0.136355 -0.137777 0.621249
0.137111 -0.136352 0.618646
0.136626 -0.134021 0.622178
0.138760 -0.135920 0.620007
0.137978 -0.135851 0.620301
0.139062 -0.132293 0.577523
0.138153 -0.132714 0.579652
0.136883 -0.132195 0.578830
0.138505 -0.131792 0.579323
0.139014 -0.130649 0.578480
0.136068 -0.132004 0.579417
0.136966 -0.133209 0.581611
0.139174 -0.132030 0.579962
0.138026 -0.132270 0.580653
0.136346 -0.133296 0.580321
0.137898 -0.131061 0.580849
0.137924 -0.131166 0.581404
0.138226 -0.133279 0.582623
0.137138 -0.132450 0.581319
0.136644 -0.132297 0.581119
0.139055 -0.132542 0.582668
0.139249 -0.132770 0.582601
0.137857 -0.131924 0.583032
0.139694 -0.131314 0.584023
0.138654 -0.131197 0.582319
0.138302 -0.131759 0.583056
0.139843 -0.131207 0.583710
0.137658 -0.133644 0.582186
0.139483 -0.131655 0.585375
0.138944 -0.132979 0.584965
0.140350 -0.133581 0.584542
0.139658 -0.133518 0.585043
0.139716 -0.133184 0.584832
0.139150 -0.130373 0.584936
0.137253 -0.130811 0.584366
0.139947 -0.131996 0.585670
0.142056 -0.132370 0.584774
0.140189 -0.132460 0.586913
0.139947 -0.133083 0.586329
0.137815 -0.129648 0.586477
0.139716 -0.132651 0.587183
0.139733 -0.131121 0.587130
0.141721 -0.132462 0.589405
0.140371 -0.133368 0.587325
0.139954 -0.132720 0.588065
0.141171 -0.133454 0.587386
0.141706 -0.133162 0.587966
0.141418 -0.131545 0.589589
0.141754 -0.132564 0.587548
0.140528 -0.130966 0.588330
0.141166 -0.131435 0.589230
0.141556 -0.132191 0.588940
0.140267 -0.133427 0.589427
0.140567 -0.134014 0.590797
0.140763 -0.132072 0.588573
0.141353 -0.131475 0.588907
0.140172 -0.132687 0.591898
0.141981 -0.133116 0.589711
0.141307 -0.132784 0.590573
0.141020 -0.132448 0.590652
0.141804 -0.132474 0.591305
0.142871 -0.132196 0.592227
0.141289 -0.133351 0.589535
0.141264 -0.132360 0.592718
0.141974 -0.133000 0.591949
0.142381 -0.131700 0.590922
0.139318 -0.132436 0.593934
0.143218 -0.132507 0.593476
0.140083 -0.129502 0.593407
0.141747 -0.131814 0.595296
0.142226 -0.132865 0.594813
0.140684 -0.130480 0.592972
0.143732 -0.130673 0.595272
0.141735 -0.132627 0.593284
0.142105 -0.131756 0.594604
0.142406 -0.132126 0.594380
0.138750 -0.130973 0.595190
0.141388 -0.132251 0.595914
0.142707 -0.131286 0.597368
0.142412 -0.132896 0.595199
0.140311 -0.132277 0.596372
0.141539 -0.131362 0.597845
0.143320 -0.131629 0.597669
0.142447 -0.131579 0.596596
0.142601 -0.131967 0.596424
0.142008 -0.133315 0.597806
0.142038 -0.132812 0.597379
0.143593 -0.131480 0.597569
0.142171 -0.131490 0.599499
0.141432 -0.133305 0.597137
0.143700 -0.131656 0.598093
0.142537 -0.133749 0.600660
0.142977 -0.132851 0.600377
0.140385 -0.132163 0.599912
0.141145 -0.131650 0.600127
0.141427 -0.132245 0.601234
0.142083 -0.132222 0.599195
0.141725 -0.134437 0.600248
0.143395 -0.132706 0.600914
0.142800 -0.132311 0.599628
0.143248 -0.132837 0.601337
0.142693 -0.130863 0.600524
0.141388 -0.133129 0.600661
0.140589 -0.130863 0.602730
0.142226 -0.132009 0.603394
0.144863 -0.132836 0.602047
0.142647 -0.132568 0.601974
0.142429 -0.133196 0.603249
0.142202 -0.131502 0.603837
0.144300 -0.131362 0.602679
0.142455 -0.132055 0.604127
0.141809 -0.133219 0.605059
0.140786 -0.133287 0.604476
0.140401 -0.132579 0.604380
0.142590 -0.132050 0.605702
0.142169 -0.132318 0.605483
0.141244 -0.132290 0.603615
0.143200 -0.131826 0.605176
0.143321 -0.132522 0.606440
0.144778 -0.131938 0.605695
0.143866 -0.132342 0.606538
0.144846 -0.133906 0.604859
0.142648 -0.131671 0.604882
0.140773 -0.130858 0.606883
0.142890 -0.131612 0.606451
0.142118 -0.130947 0.608223
0.142861 -0.132222 0.607479
0.143138 -0.132260 0.607469
0.141892 -0.131821 0.608998
0.141702 -0.132213 0.606576
0.142352 -0.133620 0.609068
0.140377 -0.132514 0.608443
0.141644 -0.131497 0.609396
0.140877 -0.132784 0.609910
0.141498 -0.131556 0.609709
0.141598 -0.132769 0.609204
0.142395 -0.133840 0.610687
0.141725 -0.131448 0.610797
0.140862 -0.133317 0.610772
0.139863 -0.132109 0.609974
0.142129 -0.132953 0.611050
0.142134 -0.132790 0.612798
0.140388 -0.132422 0.611544
0.141253 -0.132665 0.610395
0.139841 -0.130533 0.611283
0.139409 -0.131178 0.611678
0.140698 -0.132438 0.612406
0.140394 -0.132900 0.613293
0.140969 -0.133115 0.611395
0.140489 -0.132098 0.613264
0.139166 -0.131797 0.613921
0.138691 -0.132556 0.613680
0.139703 -0.131935 0.614714
0.140292 -0.133207 0.614854
0.138836 -0.130508 0.614900
0.139995 -0.132523 0.615280
0.139207 -0.132595 0.613111
0.139854 -0.132492 0.616978
0.138388 -0.131991 0.616461
0.139070 -0.132424 0.615892
0.141177 -0.130872 0.615391
0.139765 -0.133362 0.616630
0.138987 -0.132231 0.616746
0.141514 -0.133689 0.616768
0.139339 -0.132965 0.617325
0.139582 -0.132901 0.616768
0.137442 -0.131924 0.615324
0.137675 -0.132203 0.617261
0.136769 -0.131183 0.618216
0.139656 -0.132561 0.619531
0.137398 -0.133498 0.617199
0.136379 -0.132868 0.620495
0.138724 -0.131424 0.618127
0.137670 -0.131597 0.619355
0.139359 -0.132857 0.620218
0.137585 -0.133859 0.618450
0.136948 -0.132302 0.618949
0.140744 -0.132119 0.620214
0.138118 -0.132877 0.622317
0.137448 -0.131531 0.621781
0.137553 -0.132546 0.620891
0.137644 -0.133027 0.619663
0.137345 -0.132680 0.620667
0.137251 -0.131097 0.621152
0.138541 -0.131472 0.622392
0.138269 -0.131589 0.579482
0.137193 -0.130175 0.580163
0.136201 -0.128385 0.578219
0.136536 -0.129920 0.578879
0.136892 -0.129776 0.579283
0.136985 -0.129324 0.579640
0.136967 -0.129485 0.580271
0.137538 -0.129102 0.581136
0.138470 -0.130078 0.581044
0.137850 -0.128660 0.579229
0.137666 -0.129409 0.581181
0.138637 -0.130612 0.579226
0.136683 -0.128146 0.580322
0.139742 -0.127300 0.582799
0.139128 -0.128997 0.579448
0.137025 -0.125005 0.581946
0.138087 -0.130034 0.581438
0.137709 -0.126796 0.583612
0.138698 -0.127864 0.582153
0.138493 -0.128802 0.582086
0.138271 -0.128844 0.582355
0.139068 -0.127799 0.581814
0.139550 -0.129939 0.586638
0.140030 -0.128576 0.584784
0.139997 -0.129746 0.585189
0.139733 -0.127872 0.583602
0.140786 -0.128366 0.582396
0.139470 -0.130256 0.584003
0.139538 -0.127724 0.583819
0.140473 -0.128553 0.585400
0.141554 -0.129190 0.583649
0.140802 -0.128396 0.586389
0.138670 -0.128393 0.584320
0.138348 -0.127956 0.585782
0.140556 -0.127961 0.585605
0.140759 -0.129121 0.587128
0.138974 -0.130087 0.585553
0.141420 -0.128584 0.586775
0.138812 -0.128739 0.586961
0.140550 -0.130670 0.586011
0.141252 -0.129115 0.587745
0.141463 -0.129529 0.586915
0.141122 -0.130117 0.589394
0.139931 -0.128907 0.589278
0.141104 -0.129427 0.586657
0.141490 -0.129864 0.589099
0.141994 -0.128069 0.591490
0.142299 -0.128176 0.589353
0.141370 -0.129478 0.587932
0.138931 -0.129895 0.591229
0.142117 -0.128649 0.591411
0.141694 -0.130059 0.592218
0.141595 -0.128625 0.591365
0.141616 -0.130121 0.590177
0.140472 -0.130260 0.591850
0.141616 -0.127088 0.592694
0.142824 -0.128569 0.591453
0.142811 -0.129190 0.592627
0.141976 -0.129982 0.590291
0.143215 -0.130470 0.590958
0.143443 -0.129565 0.593329
0.143678 -0.129105 0.592963
0.143384 -0.130125 0.591152
0.141040 -0.126449 0.593814
0.140955 -0.127676 0.595673
0.141824 -0.130278 0.594425
0.141038 -0.129694 0.595816
0.142664 -0.125913 0.592761
0.140678 -0.129487 0.594476
0.142417 -0.130363 0.594167
0.142345 -0.128958 0.593876
0.141782 -0.129378 0.596200
0.143129 -0.128590 0.593572
0.141094 -0.129614 0.596314
0.141907 -0.128965 0.595119
0.142173 -0.128220 0.595526
0.142752 -0.130470 0.596731
0.142143 -0.127318 0.598969
0.142705 -0.129312 0.597067
0.141884 -0.127232 0.597054
0.142313 -0.129441 0.597465
0.141723 -0.130599 0.598735
0.142042 -0.129268 0.597497
0.143256 -0.129530 0.598315
0.143443 -0.129436 0.598786
0.141658 -0.128305 0.600033
0.142405 -0.128932 0.597799
0.142545 -0.130496 0.600682
0.140879 -0.127376 0.600526
0.143321 -0.128131 0.600241
0.144265 -0.128286 0.598925
0.142358 -0.127618 0.599509
0.142665 -0.129644 0.600661
0.141421 -0.128699 0.601209
0.141799 -0.128982 0.601269
0.144416 -0.130018 0.600485
0.144330 -0.128523 0.601744
0.143293 -0.128519 0.602709
0.144063 -0.130062 0.603044
0.141558 -0.127837 0.602812
0.142553 -0.129846 0.603631
0.141813 -0.128613 0.603317
0.142471 -0.129128 0.604228
0.141004 -0.128812 0.602786
0.142765 -0.129752 0.604871
0.143120 -0.128108 0.602370
0.142625 -0.129262 0.602769
0.143973 -0.128698 0.602037
0.142625 -0.127991 0.603816
0.142292 -0.128406 0.604706
0.141898 -0.128469 0.604581
0.142581 -0.128762 0.604916
0.142504 -0.129035 0.605893
0.143113 -0.128536 0.605164
0.141680 -0.128783 0.606411
0.141601 -0.128168 0.605133
0.142911 -0.129439 0.604988
0.141254 -0.130400 0.605943
0.143401 -0.128477 0.607203
0.141340 -0.128101 0.606384
0.141444 -0.128434 0.606081
0.142137 -0.127747 0.608928
0.142198 -0.127993 0.607047
0.141842 -0.129780 0.608198
0.141876 -0.127753 0.608700
0.141009 -0.128795 0.608960
0.140022 -0.129889 0.610067
0.140979 -0.129183 0.608409
0.144087 -0.129803 0.608043
0.141772 -0.128880 0.608707
0.141252 -0.128327 0.611117
0.142066 -0.129423 0.609717
0.143048 -0.130012 0.608528
0.141314 -0.129158 0.610716
0.140053 -0.129832 0.609971
0.141012 -0.128324 0.611940
0.140688 -0.130044 0.611284
0.141819 -0.128162 0.608981
0.140298 -0.129164 0.613597
0.139192 -0.128971 0.613709
0.139525 -0.128888 0.612084
0.139973 -0.128485 0.612082
0.142301 -0.126927 0.613659
0.140999 -0.129020 0.611718
0.141153 -0.128623 0.614328
0.140365 -0.129120 0.614168
0.140250 -0.129038 0.614408
0.140942 -0.128850 0.615226
0.140975 -0.128667 0.615074
0.138395 -0.128403 0.616727
0.139194 -0.129361 0.616354
0.139497 -0.129640 0.615000
0.140284 -0.129946 0.615187
0.139299 -0.128338 0.616402
0.139430 -0.128600 0.616618
0.139563 -0.126831 0.614375
0.138241 -0.128986 0.615450
0.140391 -0.129099 0.617216
0.140529 -0.129877 0.615708
0.140221 -0.129581 0.616725
0.137832 -0.128021 0.615689
0.136298 -0.128151 0.616327
0.140595 -0.128612 0.617193
0.137011 -0.128654 0.616635
0.138467 -0.130370 0.619064
0.136909 -0.129612 0.618037
0.136709 -0.129081 0.619326
0.137913 -0.128008 0.617786
0.136974 -0.129543 0.618836
0.138622 -0.130018 0.619362
0.137990 -0.129556 0.618647
0.138246 -0.130156 0.619805
0.138939 -0.128853 0.619286
0.139688 -0.128180 0.620094
0.137644 -0.128805 0.620639
0.137071 -0.128098 0.620065
0.139792 -0.129591 0.619864
0.137062 -0.130624 0.619746
0.137286 -0.129936 0.623033
0.136293 -0.130019 0.621228
0.136408 -0.126087 0.580039
0.136548 -0.125220 0.578867
0.137665 -0.123500 0.578914
0.137092 -0.125825 0.579693
0.135468 -0.126461 0.577397
0.138223 -0.125602 0.579335
0.138477 -0.125708 0.581287
0.136678 -0.126849 0.579699
0.138010 -0.126324 0.580528
0.138984 -0.125536 0.582688
0.138248 -0.123895 0.581176
0.135411 -0.125816 0.578664
0.137267 -0.125551 0.581842
0.139118 -0.123929 0.581669
0.137054 -0.124322 0.581969
0.137980 -0.125198 0.583045
0.138842 -0.127090 0.582180
0.140341 -0.124232 0.583765
0.138948 -0.130040 0.583047
0.138605 -0.124754 0.583450
0.139465 -0.125467 0.583408
0.139028 -0.126499 0.581387
0.138185 -0.125180 0.583965
0.139575 -0.125310 0.585299
0.140552 -0.127855 0.583113
0.139857 -0.124515 0.584769
0.139467 -0.125436 0.584607
0.139087 -0.126459 0.584964
0.142506 -0.125550 0.585056
0.142207 -0.124358 0.583854
0.140023 -0.127205 0.585337
0.139649 -0.126596 0.587462
0.140953 -0.126085 0.585008
0.140101 -0.126703 0.585848
0.140946 -0.125443 0.586434
0.141116 -0.127253 0.587085
0.140270 -0.125373 0.585060
0.139275 -0.125663 0.589741
0.139088 -0.126032 0.590652
0.140865 -0.124538 0.587401
0.142510 -0.125076 0.588338
0.141976 -0.126050 0.587982
0.139762 -0.124166 0.586003
0.140752 -0.126472 0.588348
0.141557 -0.124907 0.589735
0.139463 -0.126898 0.589890
0.140749 -0.125064 0.589220
0.143023 -0.126207 0.590626
0.140468 -0.125065 0.590718
0.141333 -0.126461 0.589284
0.141113 -0.126775 0.590274
0.141474 -0.125933 0.591504
0.140039 -0.125736 0.591160
0.139814 -0.124257 0.589620
0.142139 -0.126025 0.590926
0.142295 -0.127602 0.591592
0.143203 -0.128732 0.591061
0.143069 -0.126089 0.591874
0.141824 -0.125663 0.593643
0.143076 -0.123452 0.591996
0.141087 -0.126110 0.592183
0.144335 -0.125058 0.592434
0.140446 -0.124904 0.591808
0.143191 -0.125967 0.594583
0.142106 -0.124988 0.595372
0.141789 -0.125799 0.593721
0.141280 -0.125311 0.594027
0.140968 -0.126971 0.593988
0.143124 -0.124067 0.595192
0.143443 -0.123953 0.593266
0.142731 -0.124810 0.594424
0.142207 -0.122977 0.595682
0.140926 -0.125689 0.593830
0.142930 -0.123167 0.596105
0.142906 -0.125941 0.595900
0.143181 -0.125793 0.595864
0.142010 -0.126172 0.597717
0.141856 -0.125805 0.597801
0.143326 -0.124620 0.596621
0.142817 -0.126640 0.596270
0.141366 -0.123515 0.596260
0.142250 -0.125827 0.598542
0.142124 -0.125796 0.599048
0.143796 -0.124282 0.599481
0.143063 -0.126322 0.597928
0.141000 -0.125816 0.597546
0.142377 -0.124962 0.599331
0.143714 -0.126497 0.599273
0.142053 -0.125564 0.600495
0.142584 -0.124576 0.600413
0.143697 -0.125200 0.599707
0.141433 -0.123603 0.600973
0.141032 -0.126948 0.600518
0.142157 -0.124898 0.600327
0.143362 -0.125643 0.598832
0.141029 -0.124965 0.601272
0.140997 -0.124483 0.602897
0.143628 -0.124488 0.602162
0.142999 -0.125438 0.600844
0.141553 -0.125911 0.601497
0.141879 -0.125810 0.602836
0.141219 -0.126074 0.603904
0.141074 -0.125752 0.603119
0.141476 -0.126296 0.602488
0.142262 -0.125383 0.604325
0.140767 -0.124239 0.604751
0.142948 -0.125995 0.603886
0.143486 -0.125651 0.603713
0.140561 -0.126151 0.602642
0.141288 -0.125253 0.605758
0.142420 -0.126783 0.606264
0.140833 -0.125139 0.604516
0.142526 -0.123693 0.604994
0.141890 -0.124965 0.605498
0.141275 -0.124354 0.605360
0.141854 -0.125341 0.605852
0.141794 -0.125029 0.605606
0.141632 -0.127009 0.608351
0.141561 -0.124180 0.608452
0.140242 -0.125853 0.607871
0.144123 -0.124186 0.607611
0.143252 -0.126816 0.608135
0.140551 -0.126595 0.609287
0.141384 -0.125280 0.607543
0.141162 -0.126431 0.607961
0.141992 -0.124270 0.608988
0.140487 -0.126728 0.610497
0.142728 -0.124741 0.608204
0.142514 -0.125821 0.611759
0.142789 -0.123584 0.609962
0.140890 -0.124560 0.612349
0.140543 -0.125196 0.610324
0.139413 -0.125970 0.610609
0.140860 -0.124980 0.610658
0.140554 -0.126624 0.610076
0.139931 -0.124194 0.611884
0.141527 -0.126768 0.612111
0.139143 -0.125219 0.610303
0.139601 -0.124728 0.612607
0.140998 -0.123980 0.611519
0.141570 -0.125612 0.611908
0.141193 -0.124710 0.611755
0.142994 -0.124812 0.612848
0.139600 -0.125959 0.613707
0.138999 -0.127748 0.612178
0.143398 -0.125542 0.614371
0.139833 -0.123854 0.611812
0.138833 -0.125985 0.613182
0.140130 -0.125782 0.612363
0.140059 -0.124436 0.613469
0.138866 -0.124252 0.613773
0.139349 -0.127816 0.615457
0.139151 -0.124925 0.615128
0.138354 -0.125444 0.614350
0.140255 -0.124245 0.615042
0.139254 -0.126350 0.616299
0.139672 -0.125766 0.615529
0.140504 -0.125131 0.616468
0.139328 -0.125342 0.616530
0.138463 -0.123879 0.615786
0.137770 -0.126228 0.617282
0.139466 -0.125992 0.617282
0.138400 -0.125158 0.615741
0.140514 -0.125268 0.617453
0.137384 -0.124478 0.618298
0.137679 -0.124923 0.619109
0.140116 -0.125018 0.617777
0.139202 -0.125408 0.619336
0.137241 -0.125557 0.617240
0.139262 -0.126539 0.619015
0.136862 -0.124132 0.618407
0.138880 -0.124102 0.620840
0.136992 -0.125312 0.621505
0.137767 -0.124937 0.619278
0.137126 -0.125380 0.619127
0.137099 -0.126256 0.620534
0.135279 -0.124821 0.622698
0.138639 -0.125002 0.620155
0.137943 -0.126324 0.621617
0.138452 -0.126905 0.620967
0.134952 -0.123120 0.579867
0.137342 -0.121716 0.577088
0.136104 -0.122438 0.579613
0.137429 -0.122404 0.580305
0.137186 -0.121252 0.579345
0.135502 -0.120182 0.579247
0.138114 -0.121591 0.579999
0.137052 -0.123495 0.580880
0.137304 -0.121722 0.581112
0.138385 -0.122909 0.579836
0.137952 -0.121515 0.581406
0.137726 -0.122690 0.580558
0.138469 -0.121268 0.582514
0.136583 -0.121552 0.580150
0.139042 -0.123486 0.582460
0.140185 -0.124497 0.582877
0.140411 -0.123295 0.583051
0.139011 -0.120602 0.582819
0.137581 -0.122541 0.583260
0.138302 -0.122185 0.582214
0.139476 -0.123036 0.582430
0.138508 -0.122278 0.585270
0.140529 -0.122630 0.583809
0.137792 -0.121649 0.585437
0.138866 -0.120579 0.583621
0.139215 -0.123497 0.583563
0.139725 -0.121575 0.583757
0.141243 -0.122184 0.586065
0.140435 -0.121198 0.586366
0.140634 -0.120909 0.585725
0.141107 -0.121738 0.583783
0.140649 -0.121583 0.584786
0.139349 -0.122023 0.587093
0.138702 -0.121990 0.587282
0.141240 -0.121739 0.586438
0.138845 -0.123076 0.587152
0.139998 -0.120786 0.587639
0.140113 -0.122109 0.586123
0.140921 -0.122602 0.588733
0.138076 -0.122235 0.586721
0.143277 -0.121792 0.585414
0.140533 -0.121798 0.587980
0.141106 -0.121777 0.587595
0.139736 -0.121457 0.590495
0.141058 -0.122337 0.588784
0.142159 -0.123940 0.589665
0.137880 -0.121046 0.588403
0.142115 -0.122304 0.589763
0.141829 -0.123001 0.588386
0.142264 -0.122627 0.592284
0.140874 -0.122455 0.589296
0.142151 -0.120559 0.590013
0.139947 -0.123137 0.588489
0.144377 -0.121768 0.591736
0.139579 -0.121361 0.591482
0.141053 -0.120880 0.591280
0.142493 -0.120028 0.590455
0.145123 -0.120806 0.592272
0.141191 -0.123274 0.590440
0.141233 -0.124180 0.592088
0.144292 -0.122794 0.591837
0.141366 -0.121891 0.595117
0.143737 -0.122589 0.594750
0.143484 -0.121970 0.593240
0.143116 -0.122469 0.594973
0.142962 -0.121993 0.594613
0.141194 -0.123186 0.593978
0.142875 -0.123368 0.592789
0.140275 -0.123981 0.594493
0.141618 -0.121632 0.596226
0.143891 -0.122887 0.596516
0.142854 -0.122104 0.595875
0.140057 -0.122190 0.594372
0.142102 -0.121976 0.597242
0.143561 -0.122204 0.596032
0.141114 -0.121992 0.595920
0.143376 -0.120490 0.596239
0.143144 -0.125180 0.598037
0.142157 -0.120561 0.597603
0.142073 -0.123267 0.597366
0.141110 -0.121435 0.598212
0.142171 -0.120613 0.597681
0.142268 -0.124566 0.598700
0.142534 -0.122599 0.598055
0.142620 -0.122486 0.597099
0.141795 -0.121872 0.599624
0.142031 -0.122046 0.598242
0.143716 -0.121301 0.599295
0.142951 -0.125106 0.600131
0.142770 -0.122572 0.597857
0.143391 -0.122612 0.601162
0.143766 -0.121606 0.600406
0.141893 -0.123331 0.600422
0.140676 -0.122601 0.600597
0.142963 -0.121458 0.601804
0.139893 -0.122811 0.599966
0.142503 -0.124077 0.602321
0.144874 -0.122263 0.603552
0.143004 -0.120631 0.602180
0.143458 -0.123382 0.602205
0.143396 -0.121399 0.602458
0.141586 -0.123321 0.602415
0.142614 -0.122123 0.602951
0.142557 -0.122153 0.603449
0.141430 -0.121976 0.602675
0.141420 -0.122324 0.605112
0.142712 -0.123339 0.603143
0.142516 -0.121935 0.603600
0.144360 -0.122139 0.604352
0.139835 -0.123523 0.604960
0.142792 -0.121572 0.604681
0.140939 -0.121730 0.605878
0.141390 -0.121312 0.604342
0.142495 -0.123072 0.605320
0.141018 -0.122784 0.604969
0.141606 -0.123507 0.607968
0.143320 -0.122244 0.606432
0.140824 -0.123494 0.607592
0.140613 -0.122797 0.607633
0.140783 -0.122828 0.606052
0.142269 -0.123066 0.606889
0.143078 -0.120425 0.606977
0.140594 -0.122073 0.608222
0.141489 -0.121377 0.608674
0.143407 -0.121040 0.608388
0.141918 -0.120591 0.608345
0.143705 -0.121895 0.608930
0.142090 -0.121434 0.609821
0.142576 -0.122320 0.609905
0.140560 -0.121662 0.610234
0.142532 -0.122172 0.612537
0.141016 -0.122310 0.609091
0.142428 -0.122277 0.610376
0.141250 -0.122388 0.610111
0.141104 -0.123252 0.611357
0.140939 -0.122797 0.611459
0.141349 -0.122388 0.612185
0.142203 -0.121405 0.612177
0.138808 -0.122460 0.613402
0.140807 -0.122637 0.612272
0.140248 -0.121704 0.612196
0.141926 -0.122866 0.611405
0.141979 -0.123179 0.613392
0.139275 -0.122746 0.611888
0.139636 -0.123608 0.613579
0.140517 -0.121554 0.614260
0.141940 -0.122499 0.613520
0.140585 -0.122386 0.615058
0.139537 -0.122432 0.615388
0.138410 -0.122093 0.615953
0.138356 -0.121309 0.613886
0.140245 -0.121150 0.616277
0.137995 -0.124149 0.613798
0.139839 -0.123150 0.615707
0.139413 -0.122131 0.615328
0.138878 -0.121404 0.615418
0.138483 -0.120318 0.616480
0.139481 -0.121848 0.615675
0.138500 -0.121806 0.617589
0.139371 -0.122265 0.616364
0.138792 -0.121933 0.617599
0.138706 -0.122725 0.617275
0.137776 -0.121935 0.619102
0.139253 -0.121252 0.617899
0.138617 -0.122034 0.618492
0.138294 -0.122088 0.618053
0.137944 -0.121658 0.617968
0.137328 -0.121084 0.618472
0.136305 -0.122216 0.618400
0.138796 -0.122856 0.619229
0.140048 -0.121499 0.618910
0.136736 -0.121808 0.621681
0.136856 -0.121932 0.618131
0.138071 -0.123796 0.620502
0.138239 -0.121031 0.619857
0.135657 -0.121158 0.622780
0.136409 -0.121659 0.619366
0.137115 -0.124646 0.620916
0.136663 -0.123493 0.621278
0.137794 -0.123215 0.621314
0.135515 -0.118865 0.577790
0.137071 -0.119302 0.580676
0.137746 -0.119994 0.580135
0.136333 -0.118175 0.578460
0.138665 -0.117444 0.579071
0.138320 -0.119415 0.578669
0.138896 -0.118934 0.580676
0.138759 -0.118192 0.581164
0.136936 -0.118444 0.579188
0.139043 -0.119456 0.580741
0.137752 -0.119107 0.579924
0.139066 -0.117369 0.581952
0.138975 -0.119171 0.583172
0.137715 -0.120732 0.581985
0.137060 -0.118994 0.581654
0.138804 -0.117782 0.580840
0.137753 -0.117345 0.582996
0.139250 -0.119019 0.583050
0.137274 -0.118912 0.582561
0.139539 -0.118106 0.582190
0.138432 -0.118572 0.581979
0.137134 -0.118904 0.584356
0.139526 -0.118774 0.585602
0.139714 -0.117041 0.584861
0.140989 -0.119738 0.584936
0.137853 -0.119245 0.582465
0.138567 -0.119904 0.585434
0.139571 -0.118892 0.585936
0.138708 -0.119529 0.585009
0.139322 -0.119044 0.585630
0.140661 -0.118150 0.584052
0.140039 -0.119589 0.584695
0.143223 -0.119978 0.585542
0.141662 -0.119410 0.588132
0.141707 -0.117677 0.587469
0.141514 -0.120406 0.586302
0.140635 -0.117095 0.586928
0.140130 -0.119726 0.587317
0.140083 -0.119494 0.587145
0.140819 -0.118669 0.587525
0.140433 -0.116766 0.587920
0.141108 -0.117586 0.585787
0.140306 -0.119123 0.588720
0.140137 -0.118717 0.589002
0.139794 -0.119345 0.590331
0.140602 -0.119053 0.588509
0.141502 -0.119664 0.590245
0.141208 -0.119549 0.588728
0.140779 -0.120506 0.589210
0.141339 -0.119131 0.589379
0.140389 -0.118601 0.590927
0.140966 -0.118382 0.591662
0.140813 -0.118885 0.591482
0.140155 -0.119130 0.591679
0.140859 -0.117622 0.590826
0.141820 -0.119872 0.591769
0.140675 -0.119363 0.592002
0.143697 -0.119834 0.591483
0.141695 -0.120356 0.593075
0.142433 -0.120989 0.592908
0.140078 -0.118473 0.593687
0.140686 -0.119117 0.592200
0.139793 -0.120490 0.593410
0.141028 -0.118346 0.594386
0.141239 -0.118879 0.595348
0.141574 -0.118958 0.594486
0.142045 -0.116290 0.594018
0.143320 -0.120365 0.593746
0.142118 -0.117819 0.594395
0.142602 -0.118653 0.595055
0.141447 -0.117992 0.597249
0.141615 -0.118702 0.593201
0.141399 -0.117854 0.595185
0.141342 -0.117684 0.595682
0.141925 -0.118054 0.596745
0.141000 -0.118174 0.593913
0.143601 -0.120336 0.597526
0.142492 -0.118217 0.597902
0.143230 -0.119599 0.596057
0.142396 -0.116778 0.596486
0.142476 -0.118224 0.598656
0.140478 -0.117566 0.596735
0.142776 -0.120368 0.596728
0.143053 -0.120313 0.598828
0.142329 -0.118104 0.599866
0.142232 -0.117991 0.596527
0.141827 -0.118002 0.599946
0.142837 -0.118991 0.600500
0.142603 -0.118593 0.599932
0.142749 -0.118488 0.598316
0.143219 -0.118717 0.598228
0.142062 -0.117910 0.602120
0.142571 -0.120220 0.601610
0.143769 -0.118747 0.600449
0.142277 -0.118405 0.601632
0.141884 -0.119858 0.602182
0.143158 -0.118418 0.600878
0.144060 -0.118446 0.601986
0.141760 -0.117959 0.601703
0.141557 -0.117017 0.599824
0.142332 -0.118529 0.603464
0.143919 -0.118505 0.603472
0.142724 -0.118429 0.604529
0.142038 -0.119049 0.603127
0.142606 -0.119223 0.602948
0.142665 -0.119264 0.603611
0.141887 -0.117354 0.603233
0.141796 -0.118579 0.604009
0.143580 -0.119104 0.604706
0.140864 -0.119167 0.604796
0.142364 -0.119115 0.606923
0.143059 -0.117577 0.605188
0.143295 -0.120393 0.605013
0.142355 -0.119296 0.605601
0.142845 -0.118477 0.606326
0.142753 -0.118399 0.606181
0.141645 -0.119686 0.605877
0.142161 -0.117945 0.604780
0.143291 -0.117739 0.608205
0.142282 -0.120062 0.605802
0.143698 -0.120307 0.607195
0.143646 -0.119301 0.608359
0.140805 -0.118294 0.608986
0.140296 -0.119407 0.608347
0.143280 -0.119102 0.608790
0.141988 -0.117947 0.608296
0.140131 -0.119378 0.607850
0.141099 -0.119097 0.608444
0.141069 -0.118465 0.610112
0.141378 -0.117786 0.609956
0.140428 -0.119982 0.611381
0.138815 -0.119226 0.609648
0.141075 -0.118549 0.610213
0.141083 -0.117946 0.611627
0.141389 -0.118854 0.610265
0.140815 -0.118790 0.611800
0.141118 -0.121040 0.611575
0.140471 -0.117333 0.611940
0.142325 -0.122244 0.613409
0.141003 -0.118039 0.613286
0.140901 -0.120249 0.612744
0.139416 -0.119519 0.613023
0.140055 -0.119013 0.612432
0.140774 -0.118988 0.613673
0.138740 -0.117392 0.613860
0.139420 -0.117312 0.612910
0.140783 -0.119542 0.613852
0.141841 -0.118633 0.613494
0.138252 -0.118938 0.612826
0.138928 -0.118549 0.616793
0.141069 -0.119082 0.615644
0.139167 -0.119534 0.616004
0.140198 -0.117965 0.615814
0.140223 -0.118707 0.615329
0.139047 -0.118281 0.614433
0.140325 -0.118777 0.616312
0.138966 -0.118132 0.615675
0.139336 -0.118225 0.614621
0.138687 -0.119213 0.616691
0.139920 -0.117407 0.616938
0.141103 -0.117950 0.617082
0.137248 -0.119959 0.618511
0.138781 -0.119036 0.617282
0.138225 -0.118940 0.617368
0.140055 -0.119804 0.617441
0.138300 -0.119153 0.619246
0.136934 -0.118200 0.618955
0.139479 -0.119567 0.617646
0.138467 -0.117899 0.618826
0.137755 -0.117854 0.619048
0.137693 -0.119516 0.618982
0.138624 -0.119436 0.619676
0.137212 -0.120043 0.619665
0.136535 -0.117571 0.619609
0.137035 -0.118172 0.619847
0.137341 -0.117455 0.622344
0.135814 -0.118013 0.620068
0.137057 -0.118862 0.622124
0.136074 -0.118456 0.620126
0.138164 -0.118072 0.620680
0.136689 -0.115949 0.579217
0.136278 -0.114344 0.578396
0.136699 -0.115766 0.578864
0.135665 -0.113751 0.578472
0.137630 -0.116053 0.577890
0.137291 -0.116383 0.578633
0.137434 -0.115703 0.579853
0.138733 -0.114702 0.578906
0.138056 -0.114622 0.580596
0.140218 -0.115144 0.581568
0.137214 -0.113686 0.582139
0.136967 -0.117647 0.581847
0.137484 -0.116080 0.581026
0.139030 -0.115656 0.581162
0.138273 -0.114904 0.581360
0.139251 -0.116087 0.580642
0.137448 -0.114243 0.581902
0.139010 -0.115012 0.583489
0.138737 -0.114671 0.582598
0.139606 -0.115189 0.583463
0.140174 -0.116421 0.582633
0.138711 -0.114117 0.582851
0.137903 -0.114615 0.583462
0.139030 -0.116357 0.582861
0.138170 -0.113572 0.585149
0.138517 -0.114264 0.583839
0.140492 -0.115305 0.584463
0.139685 -0.117027 0.584780
0.140034 -0.115137 0.585206
0.140632 -0.116140 0.584797
0.139558 -0.114645 0.585697
0.139743 -0.114548 0.587886
0.141407 -0.115871 0.586702
0.139435 -0.115593 0.585728
0.140397 -0.115540 0.585409
0.141042 -0.113854 0.587431
0.140957 -0.115663 0.586950
0.140557 -0.114908 0.589266
0.140364 -0.116942 0.588010
0.142576 -0.115233 0.587900
0.139628 -0.116079 0.588562
0.139014 -0.115495 0.588283
0.139595 -0.115490 0.588414
0.140588 -0.115388 0.588429
0.139363 -0.116005 0.589094
0.142406 -0.114619 0.588463
0.144054 -0.115842 0.588184
0.140072 -0.114211 0.587676
0.141922 -0.116335 0.591065
0.140070 -0.117174 0.590617
0.140685 -0.116502 0.590248
0.140386 -0.114619 0.589817
0.140448 -0.117349 0.591257
0.141977 -0.114898 0.589617
0.140980 -0.114614 0.591276
0.142924 -0.115507 0.591888
0.140957 -0.115636 0.592143
0.141373 -0.116802 0.592171
0.141512 -0.115659 0.591168
0.139481 -0.113919 0.592128
0.141992 -0.114895 0.592346
0.140886 -0.116368 0.594246
0.141648 -0.115152 0.592420
0.143110 -0.114552 0.591963
0.141651 -0.114001 0.593816
0.142339 -0.114696 0.593613
0.141499 -0.113958 0.592735
0.142219 -0.115562 0.594386
0.142114 -0.114178 0.595700
0.141518 -0.114881 0.596192
0.142985 -0.114489 0.594561
0.141819 -0.114741 0.596472
0.141828 -0.115529 0.595984
0.141369 -0.115565 0.595815
0.141862 -0.115711 0.596357
0.142886 -0.114284 0.597288
0.142074 -0.115891 0.597002
0.142667 -0.114893 0.595947
0.142683 -0.115045 0.597597
0.141366 -0.115461 0.597109
0.143481 -0.114121 0.595468
0.141384 -0.115577 0.598471
0.143346 -0.117196 0.598311
0.141608 -0.115270 0.599063
0.143104 -0.114278 0.599885
0.142065 -0.117815 0.598339
0.142746 -0.114729 0.597404
0.141602 -0.115771 0.598761
0.141665 -0.115630 0.600443
0.143187 -0.116059 0.599355
0.142878 -0.115342 0.599932
0.143086 -0.115058 0.602347
0.143340 -0.115575 0.600360
0.144086 -0.116170 0.601536
0.144209 -0.115100 0.601020
0.141472 -0.115590 0.602412
0.142617 -0.114716 0.603433
0.141880 -0.115007 0.604400
0.141855 -0.114495 0.602672
0.142234 -0.115518 0.601416
0.143740 -0.114177 0.602184
0.143056 -0.114490 0.601876
0.140346 -0.115920 0.604148
0.143211 -0.115845 0.602815
0.142901 -0.114698 0.603388
0.143176 -0.115118 0.604014
0.140706 -0.114163 0.604553
0.141629 -0.115018 0.604163
0.143375 -0.116035 0.603999
0.141727 -0.115917 0.605942
0.140594 -0.115963 0.605122
0.142090 -0.113713 0.605626
0.140026 -0.116513 0.605073
0.141871 -0.115847 0.606022
0.142684 -0.115848 0.605144
0.141976 -0.115440 0.606475
0.141942 -0.111897 0.607290
0.139872 -0.116658 0.606271
0.142387 -0.116050 0.606923
0.142156 -0.115303 0.607988
0.141696 -0.114687 0.607099
0.141987 -0.116235 0.609044
0.143386 -0.115714 0.608016
0.140167 -0.115769 0.608494
0.141493 -0.116698 0.609599
0.141694 -0.117502 0.607777
0.140213 -0.116946 0.608702
0.140400 -0.116822 0.609322
0.140923 -0.116098 0.608600
0.141149 -0.116220 0.610227
0.140943 -0.115592 0.611534
0.139606 -0.114511 0.610170
0.142087 -0.114908 0.611057
0.143191 -0.115143 0.608553
0.142821 -0.116413 0.611030
0.141222 -0.115051 0.611387
0.139768 -0.115249 0.609496
0.142412 -0.115348 0.609501
0.140350 -0.115546 0.612046
0.140541 -0.115192 0.610526
0.140270 -0.115942 0.612259
0.139399 -0.114928 0.613516
0.141054 -0.116408 0.612946
0.139651 -0.116990 0.614431
0.138284 -0.115141 0.613763
0.139260 -0.115311 0.612276
0.139921 -0.115786 0.613530
0.139233 -0.118963 0.615336
0.140072 -0.114117 0.614779
0.140770 -0.115205 0.613766
0.139569 -0.117279 0.614527
0.139729 -0.115792 0.617869
0.140212 -0.115422 0.615933
0.140256 -0.115672 0.614923
0.140131 -0.116141 0.615906
0.139496 -0.116561 0.616661
0.139995 -0.114754 0.616251
0.138885 -0.115795 0.616224
0.139203 -0.114275 0.615442
0.139903 -0.116619 0.618544
0.138611 -0.114446 0.618620
0.138101 -0.115402 0.616656
0.141143 -0.116446 0.615771
0.139661 -0.115724 0.617941
0.137814 -0.115279 0.618328
0.138974 -0.114061 0.619488
0.139134 -0.115409 0.618100
0.138861 -0.115162 0.618995
0.139164 -0.116161 0.618458
0.136829 -0.115472 0.619371
0.138251 -0.116383 0.618778
0.139211 -0.114789 0.618064
0.138070 -0.114329 0.620899
0.138202 -0.115453 0.619969
0.136629 -0.116330 0.620260
0.138147 -0.115828 0.622433
0.137565 -0.115155 0.620444
0.135004 -0.114769 0.621512
0.135134 -0.114056 0.620171
0.136401 -0.115028 0.620030
0.137597 -0.110723 0.579009
0.137331 -0.110116 0.579321
0.137625 -0.109414 0.578371
0.137410 -0.110834 0.578816
0.134282 -0.113026 0.580022
0.138382 -0.111776 0.579756
0.138486 -0.112206 0.581034
0.137493 -0.112641 0.580965
0.139706 -0.111347 0.579765
0.137792 -0.113390 0.580334
0.138033 -0.112496 0.579874
0.138295 -0.112127 0.582933
0.137497 -0.113710 0.580156
0.140016 -0.113129 0.581690
0.138018 -0.113022 0.582464
0.137705 -0.113695 0.582086
0.137194 -0.113182 0.583311
0.139669 -0.112749 0.584101
0.139290 -0.114306 0.583332
0.138470 -0.113141 0.582709
0.139281 -0.110788 0.585517
0.139611 -0.110814 0.583909
0.139488 -0.111721 0.582902
0.139515 -0.112208 0.583221
0.140683 -0.112346 0.583782
0.141424 -0.112868 0.583827
0.139054 -0.110269 0.583652
0.139287 -0.112300 0.583802
0.140553 -0.112031 0.587031
0.139670 -0.111020 0.585050
0.139153 -0.112907 0.584552
0.141131 -0.112181 0.584195
0.139980 -0.112448 0.586093
0.139344 -0.109587 0.587170
0.137812 -0.111037 0.586462
0.140964 -0.113367 0.585091
0.140208 -0.113052 0.588761
0.140785 -0.111565 0.587654
0.141198 -0.112174 0.586134
0.140150 -0.112373 0.586812
0.138491 -0.112768 0.588281
0.140798 -0.112147 0.589037
0.141451 -0.113178 0.587807
0.141825 -0.112212 0.588674
0.140111 -0.110957 0.590324
0.140339 -0.110366 0.590143
0.141828 -0.113741 0.590319
0.142228 -0.112038 0.591555
0.141433 -0.110494 0.590680
0.142299 -0.113393 0.590500
0.140479 -0.113396 0.587550
0.141575 -0.114307 0.591046
0.142915 -0.113312 0.592535
0.142581 -0.113284 0.589698
0.142244 -0.112892 0.592291
0.142196 -0.112593 0.591367
0.141519 -0.111417 0.593545
0.140852 -0.113359 0.592429
0.141368 -0.114001 0.592559
0.141144 -0.113154 0.591163
0.142108 -0.113264 0.591653
0.141609 -0.110568 0.593200
0.141719 -0.111152 0.594792
0.140608 -0.111725 0.594477
0.139942 -0.111511 0.593923
0.142591 -0.113610 0.592778
0.142214 -0.115367 0.594867
0.142723 -0.113123 0.595917
0.141975 -0.112849 0.592259
0.142688 -0.114100 0.594513
0.141810 -0.110042 0.595003
0.142558 -0.110424 0.595425
0.142035 -0.112596 0.593660
0.141593 -0.111054 0.596373
0.141724 -0.112524 0.594393
0.143649 -0.112250 0.597313
0.143907 -0.110502 0.598383
0.142763 -0.113404 0.597377
0.143790 -0.113587 0.597259
0.141989 -0.111750 0.597638
0.141691 -0.110753 0.598297
0.141924 -0.113578 0.597711
0.141103 -0.111827 0.596986
0.141483 -0.111683 0.598982
0.143202 -0.110864 0.598176
0.142862 -0.110797 0.599773
0.141930 -0.111620 0.601677
0.142870 -0.111791 0.599210
0.142173 -0.112514 0.598592
0.143421 -0.112181 0.599611
0.140547 -0.113276 0.601416
0.143724 -0.114295 0.601401
0.142735 -0.113913 0.601479
0.142709 -0.112281 0.600097
0.143634 -0.114614 0.599933
0.144878 -0.112859 0.600414
0.142181 -0.112164 0.602635
0.140995 -0.112845 0.601034
0.144366 -0.111188 0.603376
0.140520 -0.112969 0.603213
0.141184 -0.112499 0.602479
0.142497 -0.113418 0.602544
0.141254 -0.111622 0.604331
0.143787 -0.110147 0.602985
0.142689 -0.110286 0.600784
0.142522 -0.113256 0.604053
0.141946 -0.112232 0.603949
0.143109 -0.112205 0.605061
0.142188 -0.112420 0.605246
0.142902 -0.112638 0.605357
0.142936 -0.111821 0.604417
0.140639 -0.111083 0.604865
0.141764 -0.112480 0.604156
0.142311 -0.112399 0.607837
0.142184 -0.112468 0.606382
0.141236 -0.112422 0.605880
0.143353 -0.113164 0.607617
0.144559 -0.112200 0.606855
0.141412 -0.111618 0.607510
0.141278 -0.111418 0.607831
0.141499 -0.111488 0.607492
0.142310 -0.112558 0.607827
0.141645 -0.111950 0.607158
0.141018 -0.112461 0.611123
0.142768 -0.111987 0.609185
0.140894 -0.111952 0.607255
0.140694 -0.112144 0.608748
0.141630 -0.111676 0.608266
0.141649 -0.111562 0.610333
0.139716 -0.111007 0.609173
0.142615 -0.110697 0.609412
0.142203 -0.111442 0.610313
0.139941 -0.112347 0.610132
0.140452 -0.112171 0.611738
0.141958 -0.113318 0.610355
0.140706 -0.112162 0.608482
0.142853 -0.112256 0.611391
0.142355 -0.111744 0.610215
0.138989 -0.109825 0.611131
0.140565 -0.112266 0.613857
0.141642 -0.112017 0.613595
0.141287 -0.112704 0.612052
0.141702 -0.110633 0.614674
0.140860 -0.111258 0.612521
0.140921 -0.111714 0.613450
0.140317 -0.112006 0.614089
0.139672 -0.111713 0.613080
0.142081 -0.112099 0.614541
0.140257 -0.109855 0.613776
0.138213 -0.112738 0.614678
0.140080 -0.114227 0.615734
0.138937 -0.112756 0.615328
0.140521 -0.112418 0.615097
0.138631 -0.113367 0.614696
0.141577 -0.112207 0.616497
0.139087 -0.112281 0.614475
0.139570 -0.112487 0.614701
0.140100 -0.112409 0.615174
0.138213 -0.111624 0.615889
0.136762 -0.110396 0.615299
0.139459 -0.111507 0.618452
0.138298 -0.112484 0.618476
0.139818 -0.110959 0.617739
0.138746 -0.111848 0.619196
0.137648 -0.113100 0.619053
0.138564 -0.112590 0.618511
0.138756 -0.111115 0.618791
0.138491 -0.109041 0.618471
0.136427 -0.112266 0.618901
0.138371 -0.111935 0.619887
0.138277 -0.111479 0.618910
0.138373 -0.111756 0.619172
0.137477 -0.110619 0.620190
0.137338 -0.112762 0.620021
0.136031 -0.111455 0.618648
0.136486 -0.113713 0.621478
0.134351 -0.114056 0.620458
0.137209 -0.112608 0.621842
0.137685 -0.111470 0.621783
0.136524 -0.112077 0.622779
0.137980 -0.108176 0.578270
0.138120 -0.108985 0.577890
0.137431 -0.106503 0.581885
0.137119 -0.108060 0.578170
0.138546 -0.107739 0.578229
0.137494 -0.108172 0.580491
0.137396 -0.108678 0.582046
0.137466 -0.107882 0.580963
0.137359 -0.109245 0.579802
0.137974 -0.107231 0.580184
0.137343 -0.108808 0.580618
0.137697 -0.107071 0.582542
0.137495 -0.106931 0.583279
0.136969 -0.107622 0.582135
0.139045 -0.109150 0.580549
0.138479 -0.107555 0.580811
0.139109 -0.108496 0.580421
0.139628 -0.109733 0.580281
0.140269 -0.108604 0.584555
0.137944 -0.109429 0.581861
0.137582 -0.108550 0.582816
0.140078 -0.108455 0.584447
0.140793 -0.108069 0.584269
0.139309 -0.109158 0.583104
0.140368 -0.107531 0.583613
0.141130 -0.108113 0.583133
0.140738 -0.109133 0.586496
0.140070 -0.108398 0.583193
0.141022 -0.107067 0.584312
0.140442 -0.108045 0.584871
0.139518 -0.109333 0.585790
0.140073 -0.107762 0.586799
0.138116 -0.109032 0.585844
0.141122 -0.108848 0.587268
0.139751 -0.109526 0.586897
0.139028 -0.108574 0.586487
0.139505 -0.109116 0.587983
0.139230 -0.105679 0.586871
0.140595 -0.107490 0.588589
0.139836 -0.106907 0.588473
0.141054 -0.110207 0.587102
0.140799 -0.109445 0.587507
0.141381 -0.110408 0.588441
0.141180 -0.109172 0.588152
0.140009 -0.108010 0.588936
0.140347 -0.109244 0.588884
0.141753 -0.109941 0.590150
0.142164 -0.108429 0.590310
0.141284 -0.109446 0.588860
0.139884 -0.108033 0.590600
0.141308 -0.109577 0.590126
0.140747 -0.109736 0.590478
0.141607 -0.109878 0.592028
0.142783 -0.109724 0.589459
0.139707 -0.107640 0.590772
0.141852 -0.108188 0.590360
0.142055 -0.108046 0.592660
0.142024 -0.107353 0.592477
0.141613 -0.108663 0.592330
0.141724 -0.109849 0.592705
0.140324 -0.108348 0.591967
0.141510 -0.109708 0.593372
0.141379 -0.108757 0.592796
0.139548 -0.108361 0.593547
0.141023 -0.109042 0.593306
0.142246 -0.106896 0.594774
0.140924 -0.109374 0.592787
0.139980 -0.108151 0.594330
0.143766 -0.107638 0.595381
0.142944 -0.107488 0.593812
0.142906 -0.109061 0.593110
0.142366 -0.108642 0.595072
0.143132 -0.108049 0.596115
0.141189 -0.107307 0.595803
0.138819 -0.110223 0.596588
0.143133 -0.108513 0.596316
0.143568 -0.108404 0.596091
0.144169 -0.107417 0.597322
0.142682 -0.108707 0.597680
0.141719 -0.111419 0.597863
0.142395 -0.108642 0.598285
0.142012 -0.108758 0.598608
0.141351 -0.110940 0.597602
0.141824 -0.110238 0.597538
0.142613 -0.109623 0.597565
0.143213 -0.107377 0.599784
0.141184 -0.107728 0.598011
0.142665 -0.109560 0.600578
0.145218 -0.109053 0.600136
0.141598 -0.109349 0.598251
0.142693 -0.107754 0.600616
0.143564 -0.108250 0.599606
0.141614 -0.109627 0.600036
0.141330 -0.108687 0.601132
0.143505 -0.110866 0.599508
0.141836 -0.107719 0.600760
0.141141 -0.107738 0.602365
0.143859 -0.107446 0.602080
0.143563 -0.107762 0.602561
0.142492 -0.108208 0.603654
0.141671 -0.107607 0.601167
0.141927 -0.107747 0.602572
0.142416 -0.109844 0.601147
0.142722 -0.108177 0.602280
0.143986 -0.107970 0.603587
0.142369 -0.109704 0.602521
0.143321 -0.109796 0.605405
0.144426 -0.109324 0.605326
0.141999 -0.108289 0.602824
0.141848 -0.108234 0.605237
0.140775 -0.109605 0.605494
0.141874 -0.109645 0.604758
0.141346 -0.108285 0.605786
0.142646 -0.108297 0.607356
0.142412 -0.109181 0.608177
0.142192 -0.107745 0.604103
0.142134 -0.108199 0.604756
0.142048 -0.108202 0.607138
0.139565 -0.108499 0.607729
0.143001 -0.109444 0.607449
0.142670 -0.107745 0.608883
0.142092 -0.108119 0.606853
0.142029 -0.109369 0.608778
0.141737 -0.108757 0.608539
0.141166 -0.108344 0.609951
0.141421 -0.107564 0.608477
0.140725 -0.108871 0.610805
0.140325 -0.109117 0.611383
0.139832 -0.108150 0.609483
0.142287 -0.109843 0.611461
0.140755 -0.111332 0.609736
0.141350 -0.108909 0.611709
0.141147 -0.108712 0.608392
0.140846 -0.108520 0.610553
0.140119 -0.109609 0.611204
0.142793 -0.108660 0.611513
0.141396 -0.108814 0.611506
0.140063 -0.109528 0.612245
0.140510 -0.108650 0.610129
0.140764 -0.107318 0.613083
0.139765 -0.108061 0.612754
0.141396 -0.109603 0.611553
0.140976 -0.107707 0.613218
0.138705 -0.107618 0.614617
0.141561 -0.109964 0.612591
0.138959 -0.108206 0.613596
0.140342 -0.108162 0.614180
0.140447 -0.107278 0.614477
0.141268 -0.108902 0.614725
0.139717 -0.107999 0.615523
0.140481 -0.108134 0.614166
0.140197 -0.107201 0.613704
0.140348 -0.108647 0.616375
0.140136 -0.108357 0.616119
0.139525 -0.108838 0.616601
0.140286 -0.109273 0.618166
0.139936 -0.110316 0.615040
0.138971 -0.108729 0.617901
0.138955 -0.106680 0.616722
0.141125 -0.109061 0.617491
0.136342 -0.109846 0.616341
0.139198 -0.108157 0.617449
0.139839 -0.108854 0.617303
0.140475 -0.108999 0.617963
0.137612 -0.109132 0.616748
0.139007 -0.110512 0.616671
0.138200 -0.107375 0.617982
0.137899 -0.107967 0.617395
0.139324 -0.108252 0.617452
0.137338 -0.108630 0.621472
0.137125 -0.108420 0.618399
0.136694 -0.109345 0.619223
0.136377 -0.108641 0.620648
0.138315 -0.108236 0.622885
0.138615 -0.107592 0.620549
0.136148 -0.108551 0.617607
0.138808 -0.107653 0.619884
0.138717 -0.108654 0.620002
0.137115 -0.108948 0.620015
0.138127 -0.106367 0.619470
0.137030 -0.103982 0.578459
0.136533 -0.105520 0.577163
0.135396 -0.103718 0.578399
0.138585 -0.107322 0.579975
0.136955 -0.105365 0.579772
0.137637 -0.104978 0.579707
0.137065 -0.105344 0.580394
0.136497 -0.106380 0.580060
0.138345 -0.103849 0.582928
0.138088 -0.106276 0.578917
0.138089 -0.104891 0.579407
0.137580 -0.106236 0.581294
0.137236 -0.104278 0.580449
0.138262 -0.105791 0.582722
0.137736 -0.104380 0.582504
0.138280 -0.104970 0.582413
0.139875 -0.105881 0.581965
0.138920 -0.106054 0.582615
0.137777 -0.104690 0.582199
0.140558 -0.105394 0.583132
0.139257 -0.106551 0.582429
0.138613 -0.105086 0.583614
0.139632 -0.106168 0.582738
0.139084 -0.104389 0.584052
0.139810 -0.105493 0.584158
0.137914 -0.104781 0.583800
0.139930 -0.104489 0.584961
0.139504 -0.104922 0.585188
0.140778 -0.105747 0.583841
0.140489 -0.107772 0.586534
0.138506 -0.106514 0.586762
0.140865 -0.105829 0.586403
0.140948 -0.104759 0.587479
0.140098 -0.106616 0.587225
0.138584 -0.103683 0.585592
0.141087 -0.104994 0.586471
0.140594 -0.103355 0.586116
0.140384 -0.106132 0.586098
0.140899 -0.105618 0.586764
0.141412 -0.107646 0.587892
0.141070 -0.106525 0.587780
0.139880 -0.106631 0.587507
0.142568 -0.103738 0.588681
0.141471 -0.105128 0.588724
0.142399 -0.104947 0.589592
0.141439 -0.106145 0.590182
0.140786 -0.107693 0.588965
0.141927 -0.106003 0.591077
0.142513 -0.104066 0.587988
0.143228 -0.104986 0.588429
0.141541 -0.103594 0.591031
0.142159 -0.105680 0.588497
0.142895 -0.106028 0.589636
0.140747 -0.104817 0.590475
0.141600 -0.105826 0.591599
0.141148 -0.104087 0.590533
0.140962 -0.106064 0.591017
0.142903 -0.105912 0.592359
0.142172 -0.104699 0.592522
0.140959 -0.104775 0.593466
0.142712 -0.106205 0.594323
0.141719 -0.106122 0.592830
0.142190 -0.105378 0.593538
0.142256 -0.103526 0.593074
0.141036 -0.104928 0.592577
0.139455 -0.104101 0.591780
0.141799 -0.104963 0.593760
0.141584 -0.104501 0.593088
0.142174 -0.106029 0.595665
0.142069 -0.104103 0.594934
0.143903 -0.104393 0.594420
0.141324 -0.105832 0.597466
0.142563 -0.106022 0.594621
0.142265 -0.103735 0.595466
0.142630 -0.105742 0.597917
0.141824 -0.104869 0.595927
0.141157 -0.105364 0.595389
0.144474 -0.105212 0.596128
0.142300 -0.105668 0.598300
0.141346 -0.103649 0.595237
0.141390 -0.103019 0.598473
0.143052 -0.104649 0.597263
0.143440 -0.105250 0.599023
0.143798 -0.103050 0.597798
0.142684 -0.104720 0.599020
0.141764 -0.106057 0.599225
0.141611 -0.106070 0.599146
0.144713 -0.104229 0.598929
0.144720 -0.104445 0.599209
0.143305 -0.106615 0.600147
0.143048 -0.105170 0.600054
0.144017 -0.105951 0.601592
0.142308 -0.104721 0.600455
0.143063 -0.105066 0.600608
0.141942 -0.105775 0.601690
0.142676 -0.104596 0.600600
0.144089 -0.105874 0.600323
0.143423 -0.104603 0.601687
0.143347 -0.106873 0.601986
0.142113 -0.106643 0.603561
0.142133 -0.106621 0.602355
0.143193 -0.104642 0.603113
0.141150 -0.106807 0.604372
0.141979 -0.105702 0.603354
0.142823 -0.106254 0.603316
0.142265 -0.103171 0.603648
0.140523 -0.105265 0.606148
0.143534 -0.105115 0.603331
0.141931 -0.105700 0.603099
0.140978 -0.103878 0.602897
0.141833 -0.106082 0.605542
0.143497 -0.105809 0.606431
0.142015 -0.106897 0.605608
0.142739 -0.105432 0.605924
0.142767 -0.106919 0.607015
0.142150 -0.105477 0.605300
0.141373 -0.105603 0.607146
0.142491 -0.105981 0.605585
0.141882 -0.106810 0.605936
0.142688 -0.106090 0.607996
0.141293 -0.105538 0.605469
0.141441 -0.104609 0.608745
0.140368 -0.103723 0.608078
0.141572 -0.105085 0.607742
0.140470 -0.104692 0.608054
0.141468 -0.106288 0.610236
0.140076 -0.106270 0.607324
0.141082 -0.105800 0.608400
0.141143 -0.103629 0.609113
0.141731 -0.106349 0.609746
0.143787 -0.103938 0.610141
0.140984 -0.104795 0.610442
0.142599 -0.105284 0.609664
0.140208 -0.105930 0.610152
0.139683 -0.104611 0.610644
0.139052 -0.105877 0.610764
0.140966 -0.105594 0.610909
0.139718 -0.104218 0.611961
0.140609 -0.105571 0.611753
0.139408 -0.104682 0.611757
0.141005 -0.105038 0.614219
0.140365 -0.103677 0.611829
0.142248 -0.105493 0.614431
0.140473 -0.105212 0.614507
0.138880 -0.105924 0.612315
0.140171 -0.105538 0.613638
0.141058 -0.106885 0.613936
0.139341 -0.106375 0.613844
0.140318 -0.105435 0.613277
0.138714 -0.104909 0.613935
0.140868 -0.106071 0.615704
0.139786 -0.105778 0.614759
0.139603 -0.103352 0.615372
0.138016 -0.107102 0.614929
0.139969 -0.104828 0.616947
0.139640 -0.105497 0.616396
0.140951 -0.105987 0.617912
0.136850 -0.107799 0.617851
0.139193 -0.104656 0.616066
0.139781 -0.105570 0.617721
0.137528 -0.104391 0.617906
0.139536 -0.105504 0.618545
0.139354 -0.105173 0.617942
0.136971 -0.104868 0.617574
0.137274 -0.104908 0.617691
0.138043 -0.106249 0.617510
0.137153 -0.105022 0.617151
0.140130 -0.105128 0.618443
0.137967 -0.106560 0.618075
0.139624 -0.105778 0.616746
0.137292 -0.104618 0.619226
0.138486 -0.106648 0.618431
0.138162 -0.104865 0.621315
0.137495 -0.104651 0.619709
0.136931 -0.104367 0.620711
0.137801 -0.104761 0.620223
0.136906 -0.106088 0.620320
0.137117 -0.106190 0.620522
0.138913 -0.104515 0.623458
0.134990 -0.106032 0.622197
0.136749 -0.103311 0.578646
0.137258 -0.103367 0.579168
0.137824 -0.101670 0.578808
0.137995 -0.101883 0.577845
0.135640 -0.102521 0.579711
0.138379 -0.101831 0.580535
0.137487 -0.102124 0.581336
0.138167 -0.103509 0.581799
0.137761 -0.101203 0.580435
0.137910 -0.102485 0.579810
0.138987 -0.103159 0.579915
0.137967 -0.102183 0.579990
0.137410 -0.102392 0.581684
0.138717 -0.102143 0.582674
0.138728 -0.101382 0.581548
0.139103 -0.102305 0.583345
0.140136 -0.102738 0.581805
0.140234 -0.101985 0.582723
0.138433 -0.102292 0.584190
0.138822 -0.102321 0.583313
0.136999 -0.102086 0.584279
0.139451 -0.102134 0.584949
0.138557 -0.103956 0.582793
0.139492 -0.101672 0.584301
0.139557 -0.102313 0.582054
0.139577 -0.103496 0.583821
0.139956 -0.102280 0.583942
0.137145 -0.101082 0.585440
0.139288 -0.101787 0.584641
0.138830 -0.101843 0.584243
0.140861 -0.100812 0.583029
0.140559 -0.104116 0.585638
0.139422 -0.102241 0.585345
0.140703 -0.101903 0.587409
0.140836 -0.102069 0.585626
0.140810 -0.102189 0.585942
0.139600 -0.103760 0.587975
0.141282 -0.101204 0.586469
0.139643 -0.103140 0.586174
0.140288 -0.102966 0.589026
0.142465 -0.101430 0.586822
0.141042 -0.101249 0.587563
0.140698 -0.099796 0.587648
0.140491 -0.101390 0.587747
0.142979 -0.101588 0.588441
0.141108 -0.102647 0.589169
0.142629 -0.101954 0.588430
0.141987 -0.103079 0.589331
0.142325 -0.102472 0.588827
0.142868 -0.101087 0.590482
0.141505 -0.101744 0.591056
0.141394 -0.103159 0.591401
0.141897 -0.102892 0.591572
0.141137 -0.102058 0.590477
0.140918 -0.102693 0.592760
0.141100 -0.099768 0.591385
0.142235 -0.102953 0.590986
0.141833 -0.102818 0.590967
0.142637 -0.103288 0.592226
0.142946 -0.103277 0.592413
0.140965 -0.100870 0.592583
0.141229 -0.102265 0.593206
0.142839 -0.100700 0.594433
0.142221 -0.100208 0.593128
0.141622 -0.103636 0.595193
0.140616 -0.102950 0.595320
0.141401 -0.100438 0.593448
0.141890 -0.102795 0.595167
0.142482 -0.103794 0.594291
0.142704 -0.100896 0.595009
0.143030 -0.102819 0.594139
0.140444 -0.101248 0.594322
0.142040 -0.102051 0.596597
0.143131 -0.100047 0.596788
0.141884 -0.102101 0.595335
0.143204 -0.101824 0.595223
0.143862 -0.102708 0.596950
0.142850 -0.101863 0.597580
0.142480 -0.100709 0.596903
0.142664 -0.102003 0.596967
0.141546 -0.101547 0.597162
0.141547 -0.102166 0.596513
0.140072 -0.103006 0.596036
0.141162 -0.100712 0.598811
0.141016 -0.102851 0.597087
0.142876 -0.100209 0.597803
0.142904 -0.100815 0.599785
0.142739 -0.102214 0.600271
0.143261 -0.104332 0.598083
0.143130 -0.101858 0.600172
0.143869 -0.102232 0.601314
0.142617 -0.100115 0.599491
0.143495 -0.101848 0.599950
0.141083 -0.098384 0.600604
0.142749 -0.101946 0.602196
0.142342 -0.101252 0.601016
0.142130 -0.103545 0.601013
0.142141 -0.100807 0.601756
0.142691 -0.099951 0.600655
0.143273 -0.103162 0.601913
0.143633 -0.099730 0.602164
0.142391 -0.102469 0.600422
0.144400 -0.101599 0.604585
0.142167 -0.101912 0.602806
0.142482 -0.102714 0.601439
0.141901 -0.103337 0.602450
0.141422 -0.102667 0.605574
0.141219 -0.101366 0.604094
0.142537 -0.101246 0.603627
0.142618 -0.100862 0.604688
0.143035 -0.101670 0.604820
0.142844 -0.104575 0.604548
0.141569 -0.103293 0.604637
0.141711 -0.102363 0.605863
0.142577 -0.102046 0.605495
0.143699 -0.100635 0.606656
0.141470 -0.102327 0.607600
0.144151 -0.100781 0.606781
0.141695 -0.101676 0.605933
0.141655 -0.102606 0.607662
0.141438 -0.101649 0.607864
0.141107 -0.101205 0.608014
0.141843 -0.104457 0.608398
0.142988 -0.101457 0.608120
0.141779 -0.100972 0.608572
0.141119 -0.101353 0.607598
0.142115 -0.101836 0.608676
0.141947 -0.100584 0.608559
0.140976 -0.101349 0.611995
0.141493 -0.101476 0.611567
0.140545 -0.103747 0.609911
0.140786 -0.103438 0.608062
0.140840 -0.101525 0.608956
0.141254 -0.101434 0.609491
0.140275 -0.101177 0.610443
0.139809 -0.102066 0.610999
0.141450 -0.102742 0.611839
0.139822 -0.100127 0.611060
0.138470 -0.102402 0.611054
0.141249 -0.102374 0.611535
0.140526 -0.101258 0.612237
0.139927 -0.101425 0.611567
0.139314 -0.103206 0.613688
0.139795 -0.103027 0.613981
0.141012 -0.102513 0.613909
0.140667 -0.101502 0.612901
0.141268 -0.101957 0.612740
0.139943 -0.102598 0.614764
0.139862 -0.102328 0.613665
0.141130 -0.102375 0.614565
0.138950 -0.101980 0.614877
0.140383 -0.101269 0.612976
0.139160 -0.102736 0.615447
0.139866 -0.101729 0.613563
0.139861 -0.102366 0.615283
0.139995 -0.103066 0.615004
0.137282 -0.100011 0.615362
0.139507 -0.102670 0.614923
0.139417 -0.103060 0.615156
0.137950 -0.102845 0.615398
0.139193 -0.103179 0.617330
0.138201 -0.101177 0.619627
0.138248 -0.101572 0.616489
0.139688 -0.103948 0.616955
0.138095 -0.101217 0.618788
0.138752 -0.103723 0.617648
0.136777 -0.103408 0.619112
0.136872 -0.102973 0.618461
0.139110 -0.101047 0.619522
0.137939 -0.101965 0.621839
0.139755 -0.100224 0.618613
0.138527 -0.099142 0.619669
0.137954 -0.101795 0.619635
0.136019 -0.103624 0.621493
0.137377 -0.103864 0.619691
0.137090 -0.101600 0.619928
0.138225 -0.102650 0.620079
0.137304 -0.102598 0.620598
0.136504 -0.104894 0.619914
0.137560 -0.104396 0.620419
0.138884 -0.098201 0.578753
0.136993 -0.099639 0.578852
0.137241 -0.098480 0.579787
0.136529 -0.098022 0.580047
0.135710 -0.097485 0.581861
0.137787 -0.098353 0.579222
0.138704 -0.098245 0.578726
0.136935 -0.098546 0.581071
0.137823 -0.097242 0.581967
0.138141 -0.098618 0.579928
0.138322 -0.100114 0.579997
0.138547 -0.097733 0.580207
0.137671 -0.099812 0.580749
0.139243 -0.099286 0.581932
0.137733 -0.100618 0.582822
0.137310 -0.099181 0.582368
0.137902 -0.097906 0.582740
0.138210 -0.098780 0.581837
0.139173 -0.099622 0.584971
0.141458 -0.096590 0.581533
0.139119 -0.098583 0.584210
0.139247 -0.096776 0.583299
0.139844 -0.098126 0.583878
0.137731 -0.097896 0.583509
0.138335 -0.097521 0.584206
0.141939 -0.098513 0.584365
0.139613 -0.097003 0.582960
0.138740 -0.101144 0.584740
0.138742 -0.098919 0.585548
0.139051 -0.098942 0.584605
0.140108 -0.099287 0.587338
0.139376 -0.098864 0.585974
0.139699 -0.098846 0.587269
0.139232 -0.099271 0.588868
0.140792 -0.099591 0.587040
0.138817 -0.099947 0.587088
0.139941 -0.097777 0.586915
0.141136 -0.097740 0.587042
0.140732 -0.099185 0.588133
0.140610 -0.098617 0.587833
0.142143 -0.098299 0.589602
0.139073 -0.096762 0.587136
0.140266 -0.099266 0.587488
0.140284 -0.099861 0.587148
0.141027 -0.099046 0.588879
0.141107 -0.097660 0.588082
0.139900 -0.101114 0.588558
0.140796 -0.096914 0.589300
0.141726 -0.097312 0.590802
0.141650 -0.097110 0.590144
0.143545 -0.098606 0.589230
0.142133 -0.099636 0.589888
0.141142 -0.098165 0.592597
0.140933 -0.097820 0.591041
0.142962 -0.099245 0.591792
0.143160 -0.099266 0.590279
0.140327 -0.099150 0.590082
0.141162 -0.098164 0.591733
0.142760 -0.100201 0.592929
0.140112 -0.099783 0.593572
0.142343 -0.100212 0.591328
0.141741 -0.098326 0.594866
0.141683 -0.101006 0.593160
0.141651 -0.099705 0.592556
0.141980 -0.097922 0.593671
0.142265 -0.098498 0.592873
0.142312 -0.099460 0.596980
0.143610 -0.098225 0.594191
0.144208 -0.098071 0.596152
0.142717 -0.098122 0.595320
0.141403 -0.099666 0.594821
0.143910 -0.099923 0.596165
0.142726 -0.099141 0.596867
0.143440 -0.098500 0.594876
0.142310 -0.098486 0.595318
0.141794 -0.099513 0.597155
0.141749 -0.098759 0.595252
0.141971 -0.095883 0.595817
0.144166 -0.098624 0.598509
0.143655 -0.099066 0.596816
0.143085 -0.097413 0.596829
0.143109 -0.098777 0.599274
0.142560 -0.097528 0.598028
0.141426 -0.097997 0.598244
0.141418 -0.098920 0.596973
0.144540 -0.100407 0.598014
0.143567 -0.098923 0.599546
0.141112 -0.096978 0.600448
0.144312 -0.098315 0.598582
0.141779 -0.099284 0.600448
0.142116 -0.099252 0.600965
0.141401 -0.098991 0.599994
0.141878 -0.099661 0.600430
0.142601 -0.098867 0.600771
0.142409 -0.098519 0.600410
0.141932 -0.097610 0.602079
0.142157 -0.100239 0.602271
0.142545 -0.100966 0.601702
0.143311 -0.096625 0.601981
0.142415 -0.099283 0.602970
0.142997 -0.100039 0.602189
0.141869 -0.097344 0.603629
0.142036 -0.098227 0.604166
0.141673 -0.099166 0.604267
0.143151 -0.099016 0.603724
0.142017 -0.099275 0.604750
0.141288 -0.097162 0.604320
0.142551 -0.099187 0.604184
0.140942 -0.099565 0.604964
0.143456 -0.098795 0.604202
0.141943 -0.098183 0.604551
0.142977 -0.098053 0.605244
0.143054 -0.099321 0.603082
0.141518 -0.098328 0.605097
0.140769 -0.098355 0.604746
0.142372 -0.098036 0.606848
0.141694 -0.098979 0.605671
0.141281 -0.099018 0.607076
0.140842 -0.097898 0.608694
0.141404 -0.097528 0.607216
0.142455 -0.097241 0.606864
0.141104 -0.097469 0.606710
0.141605 -0.099669 0.605513
0.141502 -0.097833 0.608783
0.141166 -0.098311 0.608519
0.140060 -0.100320 0.610241
0.140469 -0.098085 0.609418
0.138936 -0.098339 0.609610
0.141392 -0.097635 0.608404
0.142246 -0.098225 0.609835
0.141470 -0.097568 0.608194
0.141332 -0.099971 0.610346
0.141465 -0.097921 0.610502
0.140091 -0.099036 0.611503
0.141485 -0.098792 0.609270
0.140079 -0.098254 0.610233
0.141260 -0.097808 0.612006
0.141166 -0.098234 0.610416
0.139942 -0.100715 0.611117
0.141674 -0.099985 0.612553
0.140363 -0.096803 0.612051
0.139343 -0.097160 0.612865
0.141325 -0.098805 0.611850
0.141527 -0.099766 0.614205
0.140693 -0.096867 0.613101
0.139590 -0.099322 0.612912
0.140324 -0.098600 0.612493
0.139501 -0.098695 0.612718
0.138653 -0.098284 0.613535
0.139971 -0.099334 0.614608
0.137379 -0.099248 0.615587
0.140879 -0.098676 0.614500
0.139485 -0.097995 0.613426
0.139559 -0.097077 0.613658
0.139046 -0.098830 0.615238
0.139978 -0.099846 0.616332
0.139210 -0.098916 0.615071
0.139205 -0.098792 0.616894
0.138785 -0.100003 0.614212
0.141656 -0.098391 0.616821
0.137926 -0.098344 0.616555
0.139271 -0.097734 0.617693
0.138678 -0.099780 0.615875
0.139658 -0.099806 0.615301
0.139977 -0.098483 0.618174
0.139207 -0.097575 0.619510
0.136337 -0.096524 0.617715
0.137771 -0.097114 0.619025
0.138596 -0.097079 0.618230
0.138474 -0.098089 0.620598
0.138687 -0.098449 0.619706
0.137874 -0.098982 0.620318
0.136433 -0.098748 0.618990
0.136949 -0.098741 0.621067
0.137528 -0.099165 0.621605
0.136360 -0.098196 0.622399
0.138846 -0.097777 0.620827
0.137277 -0.099752 0.621937
0.135743 -0.099577 0.622124
0.136451 -0.099107 0.620274
0.136758 -0.094371 0.579638
0.137953 -0.095510 0.579087
0.134545 -0.094727 0.580132
0.135890 -0.095219 0.580333
0.138496 -0.097082 0.581118
0.137531 -0.095421 0.580665
0.137934 -0.093794 0.579350
0.137230 -0.096812 0.579769
0.137426 -0.094126 0.581902
0.138144 -0.095076 0.581256
0.138208 -0.096975 0.580278
0.139073 -0.095981 0.581357
0.138684 -0.095244 0.579836
0.138535 -0.095435 0.582485
0.137293 -0.096334 0.581435
0.138965 -0.095256 0.581782
0.140336 -0.095624 0.582475
0.138010 -0.096631 0.579891
0.138720 -0.094787 0.581268
0.138950 -0.095675 0.583820
0.140059 -0.096266 0.582648
0.140317 -0.095223 0.582730
0.137547 -0.095911 0.582134
0.140565 -0.093879 0.584225
0.137351 -0.096666 0.582645
0.139899 -0.094941 0.584255
0.139663 -0.095491 0.584770
0.139795 -0.094666 0.586276
0.141483 -0.094277 0.585150
0.139023 -0.094292 0.585645
0.139893 -0.095715 0.585494
0.139841 -0.097366 0.585622
0.138685 -0.094217 0.584786
0.140190 -0.095444 0.585318
0.138325 -0.094624 0.586420
0.140213 -0.094953 0.585267
0.142207 -0.095120 0.587456
0.139407 -0.096039 0.587410
0.139713 -0.094646 0.588341
0.138120 -0.095089 0.586428
0.141664 -0.095798 0.587749
0.141839 -0.093364 0.587210
0.141614 -0.096211 0.588138
0.139998 -0.095412 0.586764
0.140324 -0.094908 0.588852
0.140078 -0.094239 0.588378
0.140015 -0.095399 0.587826
0.142028 -0.094819 0.586992
0.140558 -0.096992 0.589707
0.139772 -0.094943 0.590850
0.139575 -0.098359 0.591052
0.139195 -0.096633 0.590200
0.140535 -0.094318 0.592575
0.142718 -0.093392 0.591606
0.140965 -0.096161 0.591590
0.141959 -0.094576 0.589720
0.141414 -0.094588 0.592881
0.140138 -0.096198 0.591497
0.140331 -0.094947 0.591985
0.142519 -0.095343 0.592804
0.139847 -0.095151 0.593346
0.142220 -0.095866 0.589805
0.142587 -0.095205 0.593940
0.143360 -0.095141 0.593587
0.140787 -0.096366 0.592977
0.142571 -0.096144 0.594736
0.142553 -0.095275 0.594048
0.142424 -0.095189 0.594621
0.142457 -0.095795 0.595097
0.141595 -0.095300 0.594073
0.142745 -0.097116 0.594332
0.142779 -0.094767 0.596033
0.141600 -0.096193 0.595145
0.143523 -0.094947 0.597676
0.142862 -0.094257 0.596501
0.143388 -0.096497 0.595195
0.141301 -0.096027 0.597180
0.142240 -0.095195 0.595727
0.140928 -0.094583 0.597844
0.141697 -0.094383 0.597581
0.142262 -0.094794 0.597428
0.143863 -0.096480 0.599092
0.141778 -0.094146 0.596348
0.141798 -0.095128 0.597919
0.140519 -0.095280 0.598305
0.144215 -0.096687 0.598426
0.142227 -0.095346 0.599648
0.141880 -0.095706 0.598455
0.142533 -0.093709 0.599363
0.142210 -0.094675 0.598908
0.144156 -0.094193 0.601395
0.142925 -0.093768 0.600917
0.143437 -0.095327 0.598858
0.143146 -0.095311 0.601029
0.143133 -0.095466 0.602494
0.142226 -0.096059 0.600902
0.141492 -0.095224 0.603691
0.142486 -0.094913 0.602506
0.143133 -0.095567 0.604229
0.143130 -0.096937 0.602979
0.142529 -0.094620 0.603350
0.141760 -0.094543 0.603735
0.142029 -0.095424 0.602349
0.141536 -0.094499 0.603375
0.142511 -0.096124 0.604629
0.142200 -0.094553 0.601660
0.140658 -0.094307 0.604473
0.141773 -0.096367 0.606435
0.141431 -0.094957 0.603451
0.140867 -0.097024 0.604922
0.143426 -0.095818 0.605600
0.143014 -0.094289 0.605633
0.140764 -0.096206 0.604165
0.140501 -0.095465 0.606109
0.143045 -0.097159 0.609294
0.141684 -0.095049 0.607220
0.141923 -0.096672 0.606198
0.140977 -0.094946 0.606571
0.143017 -0.096919 0.607245
0.140264 -0.097098 0.608705
0.142867 -0.095365 0.606708
0.140809 -0.096300 0.606458
0.139534 -0.096398 0.609328
0.141678 -0.095999 0.609219
0.142075 -0.096495 0.607796
0.140511 -0.096000 0.608763
0.142614 -0.093747 0.609174
0.140394 -0.096094 0.609393
0.140900 -0.095326 0.608883
0.143035 -0.094130 0.609393
0.139673 -0.095238 0.610147
0.140682 -0.095858 0.611149
0.139340 -0.095024 0.610757
0.140604 -0.094084 0.609727
0.141099 -0.095813 0.609453
0.142399 -0.094590 0.611624
0.140434 -0.095551 0.610425
0.139711 -0.096143 0.610708
0.141546 -0.094691 0.611238
0.140317 -0.096227 0.612320
0.140600 -0.095065 0.611076
0.140077 -0.095088 0.611447
0.139978 -0.094244 0.612391
0.138986 -0.093324 0.612611
0.140332 -0.096508 0.611288
0.140247 -0.094398 0.614217
0.139899 -0.094121 0.615394
0.139845 -0.095103 0.613738
0.140674 -0.095915 0.615090
0.140095 -0.095774 0.612666
0.141383 -0.094649 0.612581
0.140353 -0.097936 0.614364
0.139445 -0.094209 0.616846
0.138054 -0.094367 0.615160
0.139706 -0.093786 0.616327
0.139944 -0.096254 0.614710
0.138942 -0.094499 0.617472
0.138191 -0.094130 0.616151
0.139333 -0.095938 0.616574
0.138227 -0.094574 0.616158
0.138453 -0.094958 0.618136
0.137892 -0.094242 0.618244
0.139841 -0.095180 0.617170
0.138702 -0.095561 0.619605
0.136383 -0.094711 0.620477
0.138140 -0.095561 0.618934
0.138771 -0.095272 0.617257
0.139115 -0.095363 0.619100
0.138723 -0.096205 0.619853
0.137789 -0.096258 0.619120
0.136746 -0.094701 0.618526
0.138165 -0.095251 0.619873
0.137638 -0.096299 0.621283
0.136691 -0.094125 0.621679
0.138037 -0.094203 0.621765
0.138587 -0.096275 0.619180
0.137441 -0.095119 0.621003
0.136880 -0.094903 0.620069
0.137178 -0.095010 0.621616
0.136844 -0.094188 0.621226
0.137624 -0.093421 0.579491
0.137365 -0.091929 0.579421
0.137033 -0.091400 0.578757
0.136935 -0.092429 0.578422
0.138168 -0.092222 0.579354
0.138759 -0.091743 0.580351
0.137273 -0.091516 0.581899
0.138114 -0.090031 0.580790
0.138612 -0.092897 0.580965
0.138382 -0.091011 0.578691
0.136895 -0.091598 0.581807
0.138407 -0.094943 0.580739
0.138558 -0.090915 0.581398
0.138604 -0.092688 0.581168
0.139064 -0.091577 0.582471
0.139006 -0.092463 0.582970
0.138405 -0.091451 0.581816
0.140002 -0.092610 0.582586
0.139689 -0.090679 0.583302
0.140120 -0.091171 0.582633
0.139833 -0.091827 0.582058
0.138471 -0.091506 0.582620
0.140742 -0.092690 0.582499
0.139936 -0.092539 0.586601
0.139088 -0.090745 0.584912
0.139214 -0.092824 0.584594
0.138792 -0.091954 0.583873
0.139740 -0.092277 0.587694
0.139384 -0.092187 0.585218
0.139724 -0.092482 0.583763
0.139898 -0.092211 0.585223
0.139310 -0.091220 0.584578
0.141980 -0.091843 0.588310
0.141814 -0.089649 0.585623
0.140155 -0.091261 0.586821
0.138875 -0.091293 0.587544
0.139836 -0.092647 0.587132
0.140116 -0.092203 0.586632
0.139996 -0.093823 0.585762
0.141390 -0.090114 0.587535
0.138423 -0.092315 0.588283
0.139760 -0.091653 0.589605
0.140376 -0.093535 0.586516
0.140964 -0.091738 0.587182
0.140738 -0.091311 0.589460
0.141541 -0.091673 0.588669
0.143483 -0.092659 0.589646
0.141598 -0.093049 0.589158
0.141818 -0.093046 0.589170
0.140212 -0.092287 0.590159
0.143310 -0.093824 0.590354
0.141958 -0.093506 0.590441
0.140366 -0.091274 0.589962
0.143178 -0.090732 0.590597
0.142636 -0.090433 0.590738
0.141750 -0.091752 0.590767
0.143713 -0.092658 0.590814
0.143166 -0.092363 0.591251
0.141688 -0.091538 0.592048
0.143368 -0.090633 0.592507
0.141752 -0.093660 0.591793
0.140627 -0.091195 0.591850
0.139513 -0.091428 0.594924
0.143052 -0.090786 0.593894
0.141052 -0.092721 0.594752
0.141217 -0.092172 0.594953
0.141624 -0.093257 0.593488
0.141039 -0.089592 0.594856
0.143606 -0.090806 0.595643
0.142324 -0.093004 0.595036
0.142161 -0.090524 0.595736
0.142725 -0.092069 0.597145
0.142490 -0.093613 0.596166
0.142465 -0.092936 0.595357
0.141881 -0.091897 0.597676
0.143892 -0.091383 0.595154
0.141919 -0.091990 0.594620
0.142196 -0.092973 0.597575
0.143289 -0.090912 0.598515
0.144683 -0.092068 0.596936
0.142245 -0.091763 0.596709
0.142487 -0.092650 0.597056
0.143230 -0.091034 0.597756
0.143298 -0.092447 0.600087
0.142850 -0.092735 0.599556
0.143356 -0.092736 0.599340
0.142583 -0.090552 0.598322
0.143902 -0.091318 0.598679
0.141790 -0.091665 0.599600
0.142344 -0.090028 0.600083
0.142374 -0.094486 0.600905
0.144020 -0.092190 0.599419
0.144101 -0.090619 0.601158
0.140367 -0.092390 0.599568
0.143180 -0.092981 0.601359
0.143460 -0.092155 0.602257
0.141976 -0.093232 0.603135
0.144240 -0.091553 0.600263
0.140862 -0.090549 0.602642
0.142262 -0.091561 0.604399
0.141798 -0.092079 0.601800
0.143858 -0.091462 0.603898
0.142570 -0.093964 0.602348
0.141447 -0.092720 0.603568
0.141988 -0.090911 0.603646
0.142119 -0.090452 0.603112
0.141204 -0.090266 0.605253
0.141567 -0.092046 0.603507
0.142164 -0.093167 0.604331
0.143780 -0.093238 0.605081
0.143032 -0.092424 0.606034
0.141640 -0.090738 0.606151
0.141233 -0.090820 0.605837
0.141351 -0.092786 0.605907
0.142536 -0.093462 0.604757
0.140419 -0.092106 0.605222
0.140721 -0.091428 0.607509
0.141656 -0.092623 0.605464
0.142644 -0.091833 0.605902
0.140683 -0.093006 0.608616
0.140718 -0.093119 0.608631
0.141724 -0.093600 0.608817
0.142336 -0.093363 0.608480
0.140894 -0.091346 0.609118
0.142018 -0.092185 0.608302
0.141123 -0.089843 0.609432
0.141934 -0.089700 0.608849
0.140814 -0.091350 0.607823
0.140885 -0.091007 0.609865
0.142442 -0.090545 0.610409
0.140287 -0.093941 0.609530
0.139649 -0.092222 0.609563
0.139141 -0.092536 0.610652
0.141481 -0.092618 0.611308
0.140998 -0.091679 0.611901
0.139936 -0.091912 0.611621
0.139701 -0.092058 0.612957
0.141053 -0.092102 0.611442
0.140713 -0.091724 0.610346
0.140680 -0.092326 0.611728
0.140164 -0.091272 0.614897
0.141637 -0.091982 0.613241
0.139817 -0.091694 0.613651
0.141398 -0.092585 0.611964
0.140598 -0.091982 0.614339
0.140497 -0.091865 0.614845
0.140942 -0.093631 0.614364
0.141120 -0.093091 0.613957
0.140165 -0.092871 0.612710
0.139619 -0.091569 0.614648
0.140484 -0.091961 0.615409
0.139537 -0.090694 0.615976
0.140352 -0.090797 0.614318
0.139685 -0.093092 0.615703
0.139663 -0.091780 0.616469
0.138968 -0.091421 0.615668
0.138837 -0.092632 0.616488
0.139757 -0.090532 0.615516
0.139361 -0.092225 0.615096
0.139974 -0.092648 0.617369
0.136855 -0.091942 0.616805
0.140421 -0.092454 0.618302
0.138941 -0.090510 0.617142
0.138783 -0.091331 0.617036
0.139117 -0.092880 0.615902
0.138772 -0.091057 0.617060
0.139702 -0.091779 0.619905
0.139241 -0.090624 0.619259
0.139102 -0.093441 0.617452
0.138145 -0.090846 0.617749
0.138812 -0.092231 0.620736
0.138188 -0.092087 0.619309
0.136919 -0.091062 0.619426
0.138184 -0.092162 0.620067
0.138481 -0.090433 0.621755
0.138077 -0.092073 0.620692
0.136490 -0.092487 0.620841
0.136583 -0.090092 0.621424
0.137387 -0.093650 0.619448
0.137320 -0.092120 0.623270
0.136798 -0.087773 0.578823
0.137002 -0.088386 0.579706
0.137199 -0.088355 0.579689
0.137170 -0.091146 0.580410
0.135468 -0.088793 0.578459
0.137785 -0.088923 0.579584
0.137528 -0.089239 0.580903
0.137473 -0.087649 0.579213
0.139767 -0.088987 0.581492
0.138279 -0.088344 0.581163
0.138249 -0.090243 0.581623
0.137897 -0.088110 0.582762
0.137643 -0.089027 0.580939
0.139860 -0.089172 0.582622
0.137949 -0.087779 0.581762
0.139143 -0.089628 0.582995
0.139644 -0.089612 0.580926
0.138828 -0.088740 0.584021
0.139708 -0.087808 0.581454
0.138091 -0.087669 0.583347
0.139199 -0.089246 0.583048
0.139494 -0.087496 0.582806
0.138025 -0.088642 0.583305
0.138817 -0.088612 0.585389
0.139808 -0.089735 0.584546
0.141207 -0.088719 0.585261
0.139928 -0.087849 0.585091
0.141587 -0.085907 0.584488
0.140412 -0.088555 0.586543
0.139976 -0.088905 0.587863
0.140734 -0.089578 0.584333
0.140754 -0.089502 0.585772
0.140585 -0.092002 0.586938
0.140808 -0.089467 0.586938
0.139794 -0.087760 0.584992
0.139544 -0.088512 0.584958
0.140721 -0.089037 0.587650
0.140453 -0.087965 0.584557
0.140745 -0.088777 0.588436
0.140084 -0.088285 0.586747
0.141049 -0.086448 0.588812
0.141242 -0.086888 0.587953
0.140455 -0.087807 0.589109
0.142489 -0.089281 0.588659
0.141692 -0.088530 0.588426
0.142178 -0.089160 0.588047
0.141838 -0.088535 0.590462
0.141710 -0.089455 0.591026
0.140007 -0.088441 0.590204
0.143048 -0.088697 0.590948
0.140551 -0.088711 0.591581
0.140508 -0.088869 0.590579
0.141415 -0.089784 0.591624
0.140551 -0.088544 0.591551
0.142296 -0.088042 0.591795
0.142897 -0.089854 0.592194
0.142826 -0.088927 0.592830
0.141912 -0.088460 0.592870
0.140350 -0.090001 0.591777
0.141280 -0.089156 0.593481
0.141276 -0.087815 0.592279
0.143627 -0.088538 0.593680
0.145100 -0.088846 0.594321
0.140940 -0.088555 0.594515
0.141964 -0.087550 0.594106
0.142796 -0.088338 0.593798
0.142091 -0.088716 0.593500
0.143406 -0.088730 0.593847
0.141890 -0.088882 0.596155
0.143454 -0.088221 0.594955
0.142662 -0.090446 0.595256
0.142416 -0.089151 0.596015
0.143588 -0.087914 0.596132
0.142118 -0.088692 0.595402
0.141129 -0.087831 0.595202
0.142909 -0.087323 0.597259
0.143984 -0.089215 0.597111
0.143565 -0.087018 0.595566
0.141471 -0.088395 0.596324
0.142263 -0.088565 0.597464
0.142492 -0.089079 0.597092
0.141783 -0.089146 0.600042
0.142531 -0.088409 0.599913
0.142961 -0.087619 0.598502
0.143032 -0.088105 0.599079
0.144989 -0.088444 0.598227
0.142294 -0.087637 0.599725
0.144076 -0.089955 0.599518
0.143768 -0.088621 0.599156
0.143515 -0.087817 0.600054
0.142343 -0.087774 0.599165
0.141477 -0.089315 0.600819
0.141412 -0.088694 0.600843
0.143015 -0.089284 0.600986
0.142809 -0.087055 0.600675
0.143801 -0.088928 0.604364
0.141421 -0.088400 0.601540
0.142034 -0.087879 0.602156
0.141634 -0.087234 0.601737
0.142902 -0.086566 0.600200
0.144244 -0.087857 0.601276
0.143897 -0.088855 0.603108
0.141466 -0.087919 0.602686
0.142624 -0.087765 0.603170
0.142835 -0.088754 0.601957
0.142701 -0.088195 0.602250
0.141138 -0.088020 0.604236
0.141183 -0.087439 0.605503
0.144561 -0.088065 0.604889
0.142219 -0.090625 0.605009
0.143632 -0.088437 0.605099
0.142750 -0.087339 0.604327
0.143294 -0.088094 0.604731
0.141509 -0.088904 0.605206
0.141128 -0.089471 0.605707
0.141316 -0.088745 0.607589
0.142382 -0.088746 0.606840
0.141048 -0.088747 0.607524
0.140473 -0.089655 0.605267
0.141576 -0.088347 0.606542
0.142705 -0.089067 0.605290
0.142501 -0.087207 0.606115
0.142194 -0.089676 0.608355
0.141130 -0.089012 0.607006
0.141064 -0.087733 0.609461
0.142458 -0.087969 0.608408
0.142620 -0.089264 0.609767
0.142069 -0.087835 0.609703
0.141973 -0.087471 0.609787
0.140915 -0.090284 0.609106
0.142987 -0.089248 0.610017
0.140793 -0.086904 0.611464
0.142268 -0.088115 0.608587
0.140204 -0.087937 0.609915
0.141686 -0.088733 0.611442
0.141402 -0.087700 0.611325
0.141423 -0.088940 0.611868
0.139574 -0.089200 0.611724
0.140307 -0.086059 0.611813
0.142086 -0.089274 0.613721
0.139626 -0.089167 0.612647
0.140101 -0.087251 0.611402
0.139595 -0.089951 0.611731
0.141356 -0.089901 0.613647
0.140162 -0.090735 0.613718
0.138685 -0.088741 0.614460
0.140440 -0.086875 0.612624
0.138739 -0.088961 0.613561
0.140648 -0.087203 0.614389
0.139077 -0.086569 0.615071
0.140822 -0.091891 0.615195
0.139417 -0.088349 0.616036
0.139049 -0.089766 0.614850
0.139845 -0.088062 0.615889
0.140633 -0.088175 0.616851
0.139542 -0.086741 0.617156
0.140387 -0.089067 0.615586
0.139882 -0.087692 0.616638
0.139941 -0.089464 0.617162
0.137364 -0.089276 0.618271
0.138593 -0.089266 0.618947
0.138976 -0.088378 0.617850
0.139544 -0.086646 0.616569
0.138276 -0.089188 0.617538
0.137983 -0.087870 0.618480
0.138415 -0.088119 0.618337
0.139095 -0.088459 0.617592
0.137890 -0.089344 0.619251
0.136657 -0.089290 0.618722
0.137926 -0.088790 0.619253
0.138273 -0.088287 0.617131
0.137252 -0.091219 0.618615
0.136577 -0.089259 0.620035
0.138081 -0.088380 0.619330
0.136920 -0.090191 0.619085
0.137650 -0.088287 0.620350
0.138043 -0.088529 0.618980
0.137010 -0.088718 0.621623
0.137619 -0.088008 0.621639
0.136259 -0.090202 0.622606
0.136149 -0.083873 0.579795
0.136063 -0.086140 0.582107
0.136247 -0.086707 0.579343
0.137844 -0.083465 0.580521
0.136663 -0.086657 0.579110
0.137854 -0.084843 0.579641
0.139145 -0.085511 0.578858
0.137821 -0.086316 0.580868
0.137050 -0.085998 0.578791
0.137901 -0.083827 0.579374
0.139437 -0.084858 0.583105
0.138409 -0.085620 0.581333
0.137414 -0.085655 0.581354
0.138648 -0.086768 0.582514
0.138708 -0.085490 0.581598
0.138586 -0.083832 0.581816
0.138445 -0.084366 0.581231
0.138393 -0.083889 0.583270
0.138834 -0.083878 0.583921
0.139167 -0.085343 0.585001
0.139945 -0.085238 0.582055
0.138431 -0.084214 0.582843
0.138499 -0.085666 0.583365
0.140012 -0.084117 0.583581
0.139449 -0.084324 0.584130
0.140038 -0.083779 0.586883
0.141999 -0.085573 0.585244
0.139308 -0.086404 0.585527
0.140877 -0.084715 0.585229
0.140323 -0.084219 0.586031
0.139606 -0.086217 0.586045
0.140978 -0.086368 0.587495
0.138437 -0.085929 0.586314
0.140173 -0.085103 0.585464
0.139626 -0.084584 0.585553
0.141492 -0.085462 0.586448
0.139391 -0.085290 0.586974
0.140312 -0.084230 0.587121
0.142367 -0.084135 0.588010
0.142339 -0.085935 0.587163
0.141182 -0.085828 0.588624
0.142181 -0.086940 0.587656
0.139997 -0.084406 0.587047
0.142195 -0.084658 0.588998
0.142967 -0.084611 0.588618
0.142933 -0.083591 0.586837
0.140660 -0.084621 0.588279
0.141817 -0.085309 0.590805
0.141660 -0.086238 0.589601
0.140870 -0.085070 0.589954
0.141687 -0.086603 0.589622
0.141066 -0.084544 0.589461
0.141907 -0.085019 0.590383
0.142014 -0.085299 0.589970
0.142559 -0.085020 0.591165
0.140929 -0.085540 0.592500
0.141393 -0.085324 0.593053
0.142853 -0.086381 0.591086
0.141292 -0.084794 0.593728
0.142905 -0.085089 0.593080
0.141144 -0.085661 0.593962
0.140890 -0.086634 0.595840
0.142758 -0.085899 0.594654
0.142947 -0.085536 0.594378
0.142464 -0.086228 0.592802
0.141911 -0.085979 0.593346
0.143688 -0.087326 0.592988
0.141555 -0.084072 0.596226
0.141938 -0.086331 0.594098
0.143724 -0.085740 0.594852
0.141285 -0.084876 0.594695
0.142843 -0.085860 0.594056
0.144408 -0.085502 0.593268
0.139984 -0.084751 0.597790
0.143241 -0.085478 0.595711
0.142046 -0.085655 0.597118
0.142928 -0.084502 0.596338
0.142652 -0.085617 0.597545
0.141011 -0.085080 0.598006
0.142529 -0.084284 0.597061
0.141374 -0.082332 0.598875
0.141106 -0.083312 0.598653
0.142112 -0.086155 0.600112
0.142258 -0.086668 0.597915
0.142671 -0.084929 0.597604
0.142182 -0.084359 0.599688
0.144049 -0.085384 0.599267
0.141311 -0.086208 0.599181
0.142281 -0.086317 0.600985
0.143998 -0.086455 0.600032
0.141606 -0.083627 0.600879
0.142273 -0.086793 0.598350
0.143488 -0.084427 0.600403
0.143136 -0.084421 0.600169
0.142145 -0.084876 0.602868
0.143456 -0.085210 0.599250
0.140183 -0.086608 0.602837
0.145269 -0.083572 0.600542
0.143566 -0.086273 0.602471
0.141603 -0.085014 0.603119
0.140936 -0.085225 0.602982
0.143138 -0.084551 0.603683
0.141412 -0.085300 0.603460
0.143158 -0.086003 0.603924
0.143185 -0.084354 0.604052
0.140876 -0.085134 0.602768
0.141443 -0.085237 0.604556
0.140725 -0.083446 0.604582
0.143138 -0.084312 0.604356
0.143067 -0.085203 0.604940
0.141229 -0.086379 0.605660
0.141768 -0.086464 0.606249
0.144101 -0.084445 0.603671
0.142130 -0.084605 0.606689
0.141541 -0.086002 0.605833
0.142849 -0.084024 0.606271
0.141112 -0.085787 0.609178
0.141926 -0.084597 0.607159
0.141425 -0.085221 0.605322
0.140544 -0.085593 0.605124
0.141595 -0.085707 0.608423
0.142391 -0.084292 0.610320
0.142997 -0.083522 0.608018
0.140782 -0.085204 0.607784
0.143260 -0.087653 0.609191
0.141043 -0.084417 0.608197
0.142278 -0.084654 0.607611
0.140139 -0.086365 0.607783
0.141274 -0.084587 0.609716
0.141411 -0.085689 0.610623
0.140714 -0.084376 0.610032
0.140609 -0.083775 0.610200
0.140766 -0.085370 0.610644
0.140691 -0.084246 0.611244
0.142464 -0.086391 0.610941
0.140148 -0.083946 0.610532
0.141333 -0.085217 0.610815
0.140144 -0.083823 0.611120
0.140130 -0.085361 0.612614
0.139901 -0.086773 0.611036
0.140432 -0.085053 0.611945
0.141227 -0.084091 0.614378
0.140981 -0.087520 0.613029
0.141540 -0.084542 0.612709
0.140503 -0.085621 0.612834
0.140737 -0.085449 0.612281
0.140045 -0.086404 0.613217
0.140004 -0.084749 0.614161
0.139929 -0.085956 0.614202
0.140298 -0.084746 0.611560
0.139023 -0.083254 0.614892
0.139550 -0.084099 0.615396
0.138765 -0.084702 0.614164
0.140765 -0.085680 0.615176
0.140009 -0.083889 0.615369
0.140305 -0.084628 0.616003
0.139425 -0.084225 0.615917
0.140247 -0.084132 0.616536
0.140059 -0.085509 0.617094
0.139746 -0.085823 0.614604
0.139291 -0.086004 0.617213
0.139033 -0.085625 0.618932
0.136895 -0.085238 0.618073
0.138280 -0.084412 0.618371
0.137939 -0.084708 0.617190
0.138603 -0.084991 0.618322
0.136527 -0.086889 0.618283
0.138678 -0.086331 0.619136
0.137367 -0.085825 0.619199
0.137910 -0.086574 0.620507
0.137930 -0.085771 0.620108
0.139139 -0.085409 0.618219
0.138462 -0.085289 0.619284
0.138480 -0.087656 0.618285
0.136248 -0.084960 0.616829
0.136502 -0.085523 0.619340
0.137177 -0.085637 0.620023
0.135970 -0.085725 0.621204
0.138998 -0.085311 0.622713
0.134795 -0.084589 0.622756
0.136784 -0.081651 0.577551
0.136975 -0.082427 0.580580
0.139800 -0.082776 0.578137
0.137892 -0.081950 0.580012
0.138655 -0.083484 0.580160
0.138306 -0.080744 0.578944
0.136105 -0.081899 0.580417
0.137329 -0.083589 0.579151
0.140297 -0.080966 0.578873
0.136374 -0.081914 0.581580
0.137733 -0.080971 0.582631
0.138873 -0.081825 0.579604
0.137948 -0.082920 0.580885
0.138002 -0.079814 0.581275
0.138539 -0.083010 0.582643
0.139070 -0.083471 0.582475
0.139197 -0.082978 0.583047
0.138877 -0.082059 0.583225
0.138177 -0.081706 0.581782
0.138245 -0.081824 0.583055
0.138252 -0.081675 0.583146
0.138245 -0.080588 0.584047
0.138147 -0.081720 0.581294
0.138135 -0.082908 0.584616
0.141428 -0.080941 0.583916
0.139836 -0.082590 0.583635
0.139508 -0.080585 0.583357
0.137836 -0.080983 0.583930
0.139768 -0.081208 0.584163
0.139583 -0.084407 0.586287
0.139549 -0.082864 0.583804
0.139028 -0.083209 0.586966
0.140137 -0.082297 0.583657
0.140064 -0.080656 0.585918
0.141275 -0.080682 0.584233
0.139798 -0.081234 0.588092
0.140683 -0.079513 0.584917
0.140058 -0.081202 0.585956
0.141946 -0.082493 0.586302
0.139944 -0.080098 0.586103
0.141010 -0.080338 0.589179
0.139977 -0.082356 0.588250
0.141547 -0.080829 0.587239
0.139240 -0.080741 0.588842
0.141217 -0.079624 0.587909
0.140446 -0.081309 0.588742
0.141591 -0.081191 0.587770
0.141072 -0.082095 0.590652
0.140923 -0.081036 0.591036
0.142031 -0.083366 0.591034
0.141087 -0.081793 0.588374
0.142261 -0.082438 0.590095
0.141964 -0.082757 0.590882
0.140108 -0.080764 0.591359
0.141833 -0.080373 0.592843
0.140273 -0.080248 0.590841
0.143194 -0.081365 0.591393
0.142329 -0.083232 0.592179
0.143451 -0.081523 0.593483
0.142195 -0.082118 0.592777
0.143053 -0.081611 0.591835
0.141520 -0.080447 0.591804
0.142709 -0.080397 0.592715
0.143030 -0.081327 0.593090
0.141068 -0.082467 0.592614
0.143471 -0.078480 0.592886
0.142698 -0.080519 0.591130
0.142918 -0.081271 0.593081
0.142295 -0.081716 0.595961
0.142637 -0.082305 0.595604
0.141159 -0.083752 0.593337
0.142042 -0.083104 0.593306
0.142020 -0.082353 0.596493
0.143204 -0.082133 0.595366
0.143251 -0.083057 0.596986
0.140599 -0.081217 0.598061
0.142210 -0.082218 0.596538
0.140912 -0.081425 0.596169
0.142924 -0.082082 0.596174
0.142110 -0.082216 0.597274
0.142422 -0.081878 0.597141
0.142114 -0.084059 0.597993
0.142787 -0.080996 0.598502
0.142827 -0.082502 0.599043
0.143347 -0.082299 0.598096
0.143460 -0.084119 0.598557
0.141898 -0.084162 0.597515
0.144033 -0.082228 0.599762
0.142673 -0.080119 0.600044
0.142077 -0.081616 0.599551
0.141663 -0.082857 0.602366
0.141451 -0.081263 0.599698
0.141673 -0.083230 0.600020
0.140481 -0.082631 0.601411
0.144122 -0.080959 0.603957
0.142543 -0.082357 0.600913
0.142479 -0.084225 0.601628
0.142057 -0.081170 0.602983
0.142037 -0.081765 0.603288
0.141078 -0.081955 0.601859
0.142744 -0.082298 0.603446
0.143447 -0.082185 0.603558
0.141174 -0.080136 0.603623
0.143278 -0.080913 0.603482
0.141319 -0.080365 0.603227
0.141908 -0.081155 0.605019
0.143195 -0.080430 0.605048
0.142786 -0.081301 0.602614
0.142525 -0.080830 0.604203
0.141388 -0.082196 0.606327
0.139843 -0.081241 0.605603
0.141318 -0.082460 0.604922
0.142184 -0.080842 0.606574
0.140663 -0.081591 0.606195
0.142163 -0.081231 0.604749
0.140756 -0.081570 0.607863
0.140197 -0.082688 0.606081
0.139620 -0.082193 0.607504
0.143792 -0.080901 0.608461
0.142234 -0.083327 0.606864
0.142898 -0.082623 0.609129
0.142468 -0.082478 0.607854
0.142214 -0.082268 0.607935
0.140812 -0.083919 0.607807
0.142552 -0.079762 0.607409
0.142428 -0.082795 0.608381
0.142967 -0.081579 0.609101
0.140531 -0.082540 0.609077
0.140384 -0.081180 0.607816
0.141512 -0.084242 0.609666
0.140852 -0.081933 0.609559
0.141573 -0.082127 0.608550
0.141880 -0.081548 0.611802
0.141486 -0.081843 0.608924
0.139478 -0.079261 0.610064
0.142209 -0.082461 0.610573
0.142336 -0.082164 0.610510
0.141058 -0.080655 0.610996
0.140182 -0.082995 0.611754
0.142958 -0.081532 0.611242
0.140626 -0.081888 0.612397
0.140482 -0.082516 0.611776
0.141898 -0.082433 0.614088
0.142763 -0.083231 0.612037
0.141080 -0.082654 0.612917
0.140697 -0.081493 0.614354
0.138539 -0.083078 0.614703
0.142004 -0.081300 0.612159
0.141672 -0.082599 0.614320
0.137391 -0.082935 0.612615
0.139723 -0.080876 0.615373
0.139650 -0.083248 0.615255
0.138750 -0.083139 0.615565
0.139375 -0.081621 0.615062
0.140439 -0.081272 0.615269
0.139614 -0.080468 0.617839
0.140865 -0.081328 0.617069
0.139608 -0.084336 0.616588
0.138204 -0.081842 0.618345
0.138759 -0.082091 0.616598
0.137293 -0.082281 0.616933
0.138160 -0.081960 0.616301
0.139650 -0.080829 0.617261
0.137189 -0.080742 0.618497
0.138616 -0.082144 0.618358
0.138371 -0.082036 0.618243
0.138772 -0.081166 0.619812
0.140714 -0.080824 0.618332
0.137038 -0.081281 0.617398
0.138618 -0.080894 0.619090
0.138035 -0.081804 0.619699
0.137383 -0.080675 0.618665
0.137634 -0.080059 0.620335
0.138050 -0.081287 0.620572
0.137134 -0.084111 0.621683
0.137893 -0.082076 0.620203
0.135731 -0.080193 0.620626
0.139740 -0.083967 0.618636
0.137314 -0.080867 0.620792
0.135285 -0.081786 0.620598
0.136770 -0.079548 0.579053
0.137424 -0.079293 0.579528
0.138018 -0.079888 0.578267
0.137769 -0.077538 0.579932
0.137466 -0.076602 0.579391
0.137802 -0.076720 0.581501
0.137805 -0.076813 0.581252
0.137335 -0.077656 0.579056
0.138375 -0.080183 0.580373
0.137893 -0.079188 0.580024
0.138601 -0.077634 0.580388
0.139203 -0.076602 0.580930
0.138141 -0.077962 0.583150
0.138426 -0.078496 0.581159
0.138988 -0.078153 0.581221
0.137294 -0.077786 0.581634
0.138891 -0.078005 0.582367
0.139837 -0.078770 0.582256
0.138795 -0.078252 0.582541
0.137821 -0.079800 0.580697
0.137495 -0.078874 0.582916
0.138690 -0.078035 0.582490
0.138932 -0.078981 0.584191
0.137601 -0.077096 0.583527
0.137796 -0.078085 0.585459
0.139101 -0.077633 0.586068
0.138601 -0.080325 0.584529
0.140017 -0.078269 0.585424
0.142912 -0.077659 0.585801
0.140704 -0.079736 0.585538
0.138849 -0.079751 0.585460
0.139008 -0.077526 0.587217
0.141359 -0.079053 0.586017
0.139885 -0.079666 0.586763
0.140149 -0.078510 0.585942
0.140334 -0.080281 0.586976
0.140467 -0.078810 0.586600
0.138480 -0.078992 0.586300
0.141221 -0.076839 0.588693
0.140504 -0.078350 0.587542
0.140639 -0.077324 0.587043
0.139484 -0.078045 0.587434
0.140497 -0.077556 0.587484
0.141911 -0.077543 0.587386
0.141132 -0.078012 0.588195
0.140802 -0.079721 0.589113
0.141750 -0.078300 0.592518
0.140745 -0.077919 0.589890
0.141944 -0.078976 0.588481
0.142861 -0.079843 0.591249
0.140076 -0.078952 0.588853
0.141999 -0.077956 0.591355
0.143355 -0.077708 0.590493
0.141312 -0.078893 0.590953
0.142482 -0.077809 0.593252
0.144033 -0.078713 0.592657
0.142053 -0.077523 0.590609
0.140161 -0.077969 0.590514
0.141128 -0.077960 0.594123
0.143899 -0.076924 0.594839
0.140894 -0.079432 0.593962
0.141036 -0.077586 0.591236
0.140871 -0.078538 0.593917
0.143633 -0.080579 0.593553
0.143236 -0.079207 0.592182
0.141725 -0.077099 0.593401
0.142847 -0.077877 0.594418
0.141185 -0.079180 0.593296
0.140588 -0.078219 0.593941
0.141750 -0.078881 0.593356
0.141724 -0.080021 0.594878
0.142096 -0.077699 0.594285
0.141902 -0.079918 0.594945
0.141205 -0.078015 0.598555
0.142982 -0.078797 0.596762
0.142686 -0.078301 0.595378
0.140987 -0.077070 0.596558
0.143141 -0.079187 0.596437
0.142246 -0.080270 0.596707
0.142356 -0.077343 0.596758
0.142845 -0.076350 0.596891
0.141968 -0.079182 0.596222
0.141509 -0.081195 0.598615
0.143185 -0.078534 0.598495
0.143222 -0.076656 0.599086
0.141834 -0.079152 0.600431
0.141325 -0.080809 0.601821
0.143582 -0.080357 0.598162
0.142479 -0.079230 0.599920
0.139900 -0.078417 0.600029
0.142408 -0.077326 0.600859
0.144477 -0.077448 0.601529
0.141867 -0.078376 0.599153
0.141001 -0.078158 0.601031
0.143360 -0.078509 0.600563
0.142067 -0.078684 0.600557
0.141388 -0.080346 0.601162
0.144710 -0.078830 0.602228
0.141137 -0.078223 0.600634
0.142386 -0.078246 0.598882
0.144184 -0.080263 0.602455
0.141760 -0.078095 0.604038
0.141211 -0.077746 0.600628
0.143663 -0.079659 0.603408
0.143296 -0.078437 0.604607
0.141817 -0.078496 0.603442
0.142230 -0.076546 0.603512
0.140887 -0.077252 0.604545
0.141893 -0.080023 0.603042
0.143135 -0.079650 0.604606
0.143597 -0.078968 0.605552
0.142715 -0.078336 0.604868
0.141126 -0.077768 0.605214
0.142992 -0.078796 0.604903
0.142235 -0.078129 0.605389
0.140474 -0.079662 0.605122
0.142107 -0.079356 0.607401
0.144119 -0.078133 0.604849
0.142148 -0.078904 0.607263
0.140780 -0.077669 0.607630
0.141344 -0.078352 0.609792
0.142262 -0.078598 0.607872
0.142425 -0.077748 0.606662
0.141236 -0.077906 0.607957
0.142041 -0.077397 0.608228
0.141937 -0.078789 0.608619
0.142869 -0.076870 0.607904
0.140904 -0.077941 0.609926
0.142620 -0.079800 0.608766
0.142012 -0.079462 0.610008
0.142209 -0.079204 0.609468
0.140500 -0.080431 0.611591
0.139576 -0.077568 0.611406
0.140768 -0.077600 0.610796
0.141457 -0.077818 0.609899
0.141963 -0.077526 0.610004
0.140044 -0.080228 0.611861
0.142321 -0.077673 0.612871
0.140891 -0.077589 0.611701
0.141118 -0.079158 0.611698
0.140211 -0.077716 0.613730
0.140787 -0.077566 0.613288
0.140109 -0.078767 0.611256
0.139119 -0.080248 0.614076
0.141089 -0.080167 0.614310
0.139140 -0.079173 0.614609
0.139913 -0.077763 0.615395
0.139452 -0.077891 0.614301
0.141215 -0.078636 0.615385
0.140944 -0.078466 0.616423
0.139598 -0.078079 0.613206
0.139166 -0.078496 0.615277
0.139960 -0.079385 0.615470
0.139748 -0.079262 0.616538
0.138839 -0.080453 0.616341
0.138032 -0.078795 0.615097
0.138440 -0.079383 0.615310
0.137811 -0.077979 0.615209
0.138046 -0.077826 0.615671
0.137041 -0.079307 0.618019
0.139216 -0.078828 0.615146
0.139572 -0.078350 0.619614
0.137818 -0.078983 0.616117
0.138316 -0.078736 0.617565
0.139907 -0.077647 0.617514
0.138211 -0.078627 0.616703
0.136856 -0.079855 0.618036
0.138507 -0.079214 0.618064
0.137178 -0.078133 0.618590
0.139834 -0.078815 0.618515
0.138681 -0.076370 0.619541
0.138040 -0.076901 0.618766
0.138517 -0.079017 0.620237
0.137381 -0.078105 0.619392
0.137007 -0.077354 0.618955
0.136159 -0.078186 0.621131
0.135122 -0.079248 0.619231
0.137359 -0.077395 0.619548
0.137052 -0.076040 0.621139
0.136463 -0.078175 0.621429
0.136264 -0.075689 0.578968
0.138159 -0.076345 0.578922
0.135243 -0.075986 0.578311
0.136610 -0.075355 0.578874
0.138205 -0.075336 0.578934
0.136758 -0.076462 0.579639
0.137129 -0.076831 0.580928
0.137764 -0.074887 0.580180
0.137827 -0.074629 0.580598
0.138517 -0.076198 0.580831
0.139202 -0.075529 0.579429
0.137855 -0.074658 0.582112
0.138886 -0.075581 0.580958
0.139233 -0.076277 0.582905
0.137593 -0.075251 0.582572
0.139567 -0.074760 0.581209
0.138594 -0.073820 0.582678
0.138923 -0.073947 0.583626
0.138998 -0.076293 0.583828
0.140005 -0.077587 0.583839
0.139774 -0.076194 0.584184
0.138664 -0.076868 0.584598
0.138761 -0.076157 0.583916
0.141272 -0.075744 0.584722
0.139827 -0.074446 0.583460
0.140911 -0.074118 0.583853
0.139266 -0.076171 0.582470
0.139077 -0.074778 0.585984
0.139835 -0.075641 0.584489
0.141297 -0.075104 0.583775
0.140431 -0.076590 0.585009
0.140249 -0.075416 0.585481
0.140353 -0.074052 0.584796
0.140102 -0.075586 0.586384
0.141345 -0.075945 0.587364
0.139858 -0.074733 0.588931
0.141156 -0.074412 0.586856
0.140433 -0.076082 0.585929
0.141393 -0.075655 0.587403
0.138622 -0.074769 0.588481
0.140325 -0.075519 0.588826
0.142176 -0.075320 0.587348
0.141278 -0.075676 0.586165
0.140695 -0.075537 0.589166
0.139117 -0.074558 0.589910
0.140383 -0.076741 0.588303
0.140444 -0.073365 0.589424
0.140703 -0.073282 0.590441
0.140770 -0.075207 0.588774
0.141520 -0.073930 0.590165
0.141143 -0.075079 0.590205
0.144043 -0.075504 0.591214
0.139981 -0.077037 0.588558
0.140729 -0.076737 0.591295
0.142884 -0.074645 0.590434
0.142871 -0.073612 0.591964
0.141186 -0.075266 0.592803
0.141672 -0.073988 0.593239
0.140902 -0.076365 0.591874
0.141701 -0.073504 0.590912
0.142248 -0.074863 0.591880
0.142446 -0.075647 0.591823
0.142823 -0.073738 0.595112
0.142551 -0.074829 0.594762
0.142189 -0.076385 0.592629
0.142961 -0.074715 0.592322
0.141999 -0.074491 0.593291
0.143788 -0.074076 0.595764
0.145185 -0.074414 0.593912
0.142196 -0.075612 0.596242
0.141934 -0.075294 0.593998
0.140824 -0.073357 0.597469
0.140805 -0.076912 0.595508
0.141464 -0.073688 0.595436
0.142395 -0.075880 0.595713
0.142882 -0.076146 0.595172
0.144218 -0.076113 0.594464
0.142713 -0.074983 0.598165
0.143393 -0.075012 0.597440
0.141276 -0.075256 0.597029
0.143260 -0.075922 0.596614
0.142703 -0.075735 0.597041
0.143625 -0.073307 0.596967
0.143034 -0.075695 0.599998
0.143143 -0.076031 0.598117
0.142798 -0.075334 0.598602
0.141649 -0.074668 0.600115
0.140947 -0.075112 0.598980
0.141335 -0.074899 0.600857
0.142886 -0.075360 0.598220
0.142557 -0.074881 0.600271
0.142930 -0.075735 0.598765
0.142623 -0.075166 0.600831
0.143903 -0.073844 0.601217
0.141992 -0.074210 0.600866
0.142713 -0.076146 0.600894
0.142172 -0.076221 0.602113
0.141424 -0.076029 0.602060
0.142028 -0.075838 0.602356
0.142205 -0.076323 0.601827
0.141314 -0.073211 0.600969
0.143903 -0.074061 0.603001
0.141407 -0.075500 0.603293
0.145144 -0.074959 0.601461
0.142510 -0.074763 0.603208
0.142393 -0.074223 0.601100
0.141670 -0.075551 0.605944
0.142183 -0.074659 0.604512
0.144028 -0.073617 0.604337
0.141493 -0.075014 0.605929
0.140177 -0.074047 0.604937
0.142099 -0.075021 0.605329
0.142182 -0.073651 0.605651
0.142691 -0.073701 0.606154
0.141531 -0.075235 0.605975
0.143175 -0.073635 0.605050
0.143148 -0.073780 0.604437
0.142058 -0.073866 0.607671
0.142434 -0.077344 0.606349
0.142536 -0.076281 0.606280
0.141760 -0.073984 0.606986
0.141238 -0.075257 0.608289
0.143244 -0.074366 0.607950
0.142512 -0.075008 0.608800
0.141289 -0.076928 0.609104
0.143249 -0.076348 0.611456
0.142567 -0.076467 0.608012
0.141166 -0.075566 0.609624
0.140320 -0.075990 0.609265
0.140232 -0.073943 0.609769
0.140332 -0.076031 0.607901
0.142415 -0.075871 0.609605
0.142412 -0.075362 0.611218
0.139932 -0.075333 0.610251
0.140344 -0.076668 0.610352
0.139864 -0.077059 0.611949
0.140862 -0.075442 0.610857
0.141009 -0.076625 0.611230
0.141638 -0.075322 0.611491
0.140829 -0.074655 0.612354
0.141160 -0.076049 0.612793
0.142286 -0.075673 0.612694
0.140857 -0.073704 0.612566
0.140348 -0.074473 0.614137
0.140015 -0.074228 0.613887
0.140114 -0.075879 0.613714
0.142406 -0.075529 0.615336
0.140720 -0.075478 0.613767
0.140297 -0.075778 0.616046
0.139428 -0.072706 0.614327
0.138879 -0.076513 0.615119
0.140140 -0.075019 0.615843
0.140175 -0.075041 0.614130
0.140839 -0.075457 0.614680
0.139874 -0.075418 0.614884
0.138744 -0.076491 0.614145
0.139479 -0.076871 0.616816
0.141798 -0.075065 0.615868
0.138304 -0.075791 0.616260
0.138299 -0.074016 0.616703
0.139256 -0.075595 0.616357
0.139767 -0.074834 0.615944
0.137221 -0.075724 0.616428
0.139067 -0.076000 0.618484
0.137996 -0.074783 0.616764
0.137584 -0.075634 0.619052
0.138582 -0.075164 0.619066
0.138837 -0.075242 0.619996
0.138040 -0.075428 0.620214
0.137622 -0.075450 0.619585
0.137182 -0.073845 0.619386
0.138385 -0.074995 0.619473
0.138068 -0.075503 0.621858
0.137947 -0.074216 0.621695
0.136674 -0.075950 0.619625
0.136833 -0.075006 0.620851
0.134972 -0.074939 0.620366
0.136760 -0.075101 0.620710
0.136268 -0.074565 0.619043
0.136292 -0.074521 0.622308
0.135271 -0.070912 0.577112
0.138319 -0.071432 0.578762
0.137754 -0.071790 0.578247
0.136195 -0.071559 0.582047
0.138831 -0.072774 0.578961
0.135579 -0.073246 0.579724
0.136418 -0.071869 0.579338
0.136159 -0.074008 0.581849
0.138869 -0.068973 0.580105
0.139703 -0.072416 0.582202
0.138181 -0.071369 0.581015
0.136877 -0.070462 0.580915
0.138312 -0.069477 0.581888
0.138218 -0.071528 0.581410
0.139927 -0.070950 0.582615
0.140311 -0.072620 0.582238
0.137670 -0.069730 0.579317
0.138988 -0.070373 0.582616
0.139022 -0.071940 0.583752
0.137573 -0.072406 0.584499
0.138444 -0.070824 0.582684
0.141166 -0.074149 0.584091
0.137941 -0.072673 0.583568
0.139703 -0.071614 0.582739
0.138862 -0.072363 0.582283
0.139707 -0.073189 0.584792
0.139151 -0.073661 0.586104
0.138614 -0.073451 0.583373
0.140118 -0.072841 0.585870
0.141338 -0.073100 0.583942
0.141047 -0.071513 0.583849
0.139504 -0.070757 0.588494
0.139879 -0.072593 0.586157
0.139915 -0.073042 0.586627
0.140297 -0.070041 0.588073
0.140518 -0.070622 0.585954
0.138601 -0.071089 0.587887
0.143322 -0.074091 0.587294
0.142862 -0.073172 0.587974
0.140340 -0.072583 0.587353
0.141225 -0.070039 0.587081
0.142462 -0.071778 0.588513
0.140623 -0.071768 0.587097
0.142987 -0.071303 0.588776
0.140809 -0.072399 0.590857
0.142100 -0.072016 0.589241
0.140883 -0.070860 0.591228
0.142139 -0.070963 0.590874
0.142401 -0.072022 0.589625
0.140852 -0.072589 0.590107
0.140137 -0.071810 0.592759
0.141360 -0.071858 0.589221
0.141628 -0.071756 0.592914
0.141936 -0.073108 0.590062
0.141219 -0.072041 0.592897
0.142607 -0.072283 0.590385
0.140821 -0.073656 0.591359
0.142311 -0.072871 0.593674
0.141238 -0.072931 0.591881
0.141328 -0.073209 0.592375
0.141350 -0.070309 0.592902
0.140404 -0.071641 0.593211
0.140584 -0.069599 0.593949
0.142267 -0.071222 0.592618
0.142271 -0.071603 0.594658
0.141967 -0.071792 0.593116
0.142035 -0.072735 0.593490
0.142906 -0.072621 0.594324
0.142372 -0.072047 0.593580
0.141756 -0.070468 0.596029
0.141870 -0.072756 0.593497
0.142193 -0.072078 0.595251
0.141867 -0.070299 0.596525
0.143082 -0.070047 0.595704
0.141059 -0.071961 0.595222
0.141739 -0.071343 0.597200
0.142513 -0.072765 0.597093
0.139229 -0.070646 0.598367
0.142627 -0.071570 0.597088
0.141881 -0.071051 0.596758
0.139910 -0.071687 0.599396
0.143038 -0.071986 0.598801
0.141641 -0.071869 0.598556
0.143059 -0.073343 0.599627
0.141610 -0.071858 0.599319
0.142666 -0.073029 0.598763
0.140763 -0.072557 0.599139
0.140662 -0.071729 0.599022
0.142208 -0.071494 0.601294
0.141945 -0.071238 0.599371
0.143742 -0.070943 0.600608
0.141116 -0.073494 0.600795
0.141790 -0.072064 0.600507
0.142344 -0.072393 0.601739
0.140778 -0.073238 0.601883
0.142747 -0.070581 0.601110
0.141991 -0.070815 0.600826
0.144576 -0.072560 0.601799
0.141236 -0.072035 0.601311
0.142903 -0.071789 0.600356
0.140571 -0.072419 0.600455
0.141158 -0.072318 0.603438
0.141598 -0.072030 0.601918
0.142190 -0.072182 0.604840
0.143081 -0.072242 0.604070
0.142725 -0.071817 0.605326
0.142158 -0.068748 0.605497
0.141919 -0.074032 0.603948
0.141450 -0.072509 0.605126
0.142887 -0.072492 0.605158
0.142389 -0.071047 0.605188
0.142691 -0.072109 0.604373
0.140852 -0.071949 0.606450
0.142949 -0.071672 0.606000
0.141998 -0.071057 0.606462
0.142413 -0.070944 0.607052
0.142692 -0.071401 0.606679
0.143302 -0.072301 0.605505
0.142331 -0.072838 0.607712
0.141651 -0.071965 0.608059
0.141195 -0.071507 0.607370
0.142178 -0.071158 0.606689
0.141811 -0.072057 0.605814
0.141371 -0.070519 0.606432
0.141521 -0.070793 0.608733
0.141957 -0.071837 0.610070
0.141854 -0.070985 0.608799
0.141829 -0.073546 0.609526
0.142240 -0.072485 0.608878
0.141097 -0.071698 0.608419
0.141066 -0.072091 0.611923
0.142039 -0.073548 0.610466
0.140803 -0.070311 0.611652
0.139857 -0.070792 0.611492
0.141818 -0.071676 0.609733
0.139980 -0.073125 0.610061
0.139616 -0.071779 0.613344
0.140488 -0.072468 0.610933
0.142172 -0.071647 0.612204
0.140482 -0.073033 0.612432
0.138858 -0.071573 0.613450
0.141046 -0.071829 0.612356
0.141894 -0.071452 0.614553
0.140436 -0.070843 0.613197
0.142479 -0.071440 0.615043
0.139246 -0.072321 0.612621
0.141315 -0.072225 0.614281
0.140757 -0.070500 0.614396
0.140229 -0.071192 0.613801
0.137969 -0.071618 0.614195
0.139840 -0.073368 0.612270
0.142006 -0.072692 0.614734
0.140829 -0.073534 0.615384
0.139483 -0.071863 0.614853
0.140171 -0.070914 0.616993
0.139232 -0.074190 0.614672
0.139212 -0.073613 0.616904
0.137580 -0.071707 0.615304
0.138938 -0.070026 0.617438
0.139819 -0.071791 0.617488
0.138796 -0.071612 0.616503
0.137620 -0.073098 0.617208
0.138437 -0.071694 0.617574
0.139249 -0.073290 0.617392
0.138222 -0.071901 0.617171
0.137773 -0.070476 0.617269
0.138210 -0.071357 0.617762
0.136512 -0.071210 0.619733
0.138807 -0.071396 0.618755
0.137653 -0.072288 0.618691
0.138469 -0.072480 0.620313
0.138150 -0.069455 0.617523
0.139006 -0.070698 0.619609
0.136497 -0.070111 0.620403
0.136895 -0.072902 0.621176
0.136535 -0.073192 0.620547
0.136824 -0.071861 0.618762
0.137728 -0.071540 0.620122
0.134847 -0.072138 0.620132
0.135990 -0.072666 0.621935
0.135915 -0.067701 0.579152
0.139191 -0.067951 0.578628
0.136911 -0.067554 0.579415
0.135985 -0.068469 0.580260
0.137808 -0.068153 0.580343
0.137525 -0.069183 0.580650
0.137847 -0.069122 0.580179
0.136989 -0.068446 0.580861
0.139992 -0.066989 0.579548
0.137346 -0.068940 0.579780
0.138576 -0.067631 0.580499
0.138675 -0.067067 0.582818
0.139210 -0.068479 0.580571
0.138383 -0.067744 0.581362
0.137595 -0.067595 0.583225
0.138429 -0.068459 0.581403
0.138689 -0.068293 0.581708
0.137686 -0.069014 0.581601
0.138928 -0.068678 0.583156
0.138896 -0.068795 0.580842
0.139800 -0.068418 0.583040
0.139944 -0.069813 0.582318
0.140272 -0.068951 0.584277
0.139326 -0.068373 0.585131
0.139212 -0.067481 0.584824
0.138646 -0.069330 0.583932
0.138946 -0.068749 0.586012
0.139525 -0.067951 0.585473
0.138912 -0.068820 0.583900
0.141193 -0.068977 0.584693
0.140066 -0.068439 0.585306
0.139602 -0.068977 0.586091
0.140196 -0.068601 0.587192
0.139920 -0.068876 0.586324
0.140561 -0.066683 0.586138
0.139134 -0.069398 0.587637
0.139080 -0.067621 0.586601
0.139795 -0.068577 0.588089
0.141053 -0.068890 0.588121
0.139661 -0.067477 0.588206
0.142279 -0.067966 0.587600
0.140775 -0.068663 0.588835
0.141788 -0.068321 0.588172
0.141389 -0.067759 0.588019
0.141493 -0.068041 0.590007
0.140820 -0.067027 0.587735
0.141820 -0.066225 0.588713
0.141148 -0.070340 0.589312
0.142276 -0.068042 0.590148
0.141304 -0.069125 0.590410
0.142390 -0.068033 0.588907
0.142641 -0.069186 0.590935
0.140643 -0.069413 0.590277
0.143126 -0.070472 0.590939
0.141629 -0.067503 0.591524
0.142544 -0.066904 0.591636
0.141109 -0.068653 0.591603
0.143446 -0.068556 0.590787
0.143175 -0.068397 0.594084
0.140680 -0.068402 0.591853
0.140876 -0.069032 0.594001
0.142118 -0.068383 0.592497
0.143382 -0.069007 0.593995
0.139735 -0.067272 0.591461
0.142687 -0.067397 0.593436
0.142398 -0.068772 0.593310
0.141651 -0.067327 0.594707
0.140856 -0.067975 0.595674
0.143841 -0.069501 0.591492
0.142509 -0.068776 0.594732
0.141622 -0.068527 0.594904
0.142159 -0.067260 0.594289
0.139950 -0.068353 0.594884
0.143424 -0.068712 0.594490
0.143129 -0.067305 0.596406
0.142035 -0.068776 0.597091
0.143907 -0.067523 0.598877
0.144180 -0.070427 0.595069
0.143410 -0.067503 0.597248
0.142385 -0.069892 0.597601
0.141520 -0.067699 0.598158
0.142928 -0.068829 0.597699
0.142556 -0.068959 0.599922
0.140896 -0.068144 0.599642
0.141418 -0.067495 0.598492
0.142441 -0.068445 0.599603
0.143163 -0.069491 0.600636
0.143014 -0.069530 0.597580
0.141596 -0.069566 0.598921
0.142486 -0.070513 0.599151
0.141977 -0.068597 0.600114
0.141983 -0.068002 0.599564
0.143493 -0.067885 0.602055
0.140535 -0.070175 0.602303
0.141236 -0.068578 0.600978
0.141090 -0.068298 0.601178
0.142482 -0.068080 0.601941
0.141359 -0.067372 0.602576
0.141133 -0.068508 0.602206
0.142471 -0.069451 0.603670
0.142762 -0.068369 0.602165
0.143034 -0.068609 0.604036
0.143158 -0.066954 0.601889
0.141186 -0.069910 0.602961
0.141519 -0.066902 0.604095
0.143040 -0.069948 0.605437
0.141963 -0.069963 0.602830
0.142183 -0.067644 0.605499
0.144764 -0.068840 0.606340
0.142777 -0.069214 0.602641
0.143243 -0.069590 0.604870
0.140551 -0.067667 0.604258
0.142343 -0.069658 0.605482
0.143782 -0.069058 0.604679
0.141338 -0.069724 0.605776
0.142309 -0.068719 0.607733
0.142587 -0.067770 0.609644
0.141638 -0.069389 0.605568
0.140932 -0.067692 0.608091
0.140329 -0.068271 0.607632
0.140972 -0.068481 0.606608
0.141822 -0.068979 0.607482
0.141178 -0.067031 0.607876
0.143940 -0.068764 0.608752
0.142330 -0.068154 0.610810
0.141569 -0.069018 0.608037
0.139873 -0.068248 0.609697
0.141436 -0.068513 0.609210
0.141868 -0.067358 0.608646
0.142548 -0.069544 0.610147
0.141524 -0.069602 0.609420
0.143530 -0.067466 0.611191
0.142563 -0.069550 0.610053
0.141646 -0.067634 0.610164
0.139639 -0.069225 0.610777
0.141249 -0.068371 0.613534
0.140156 -0.068669 0.610483
0.141193 -0.069647 0.610952
0.140291 -0.067420 0.612363
0.139967 -0.070501 0.612743
0.141551 -0.068164 0.613663
0.139954 -0.068435 0.613083
0.138999 -0.069027 0.613952
0.139334 -0.069103 0.611391
0.140552 -0.068281 0.613722
0.139772 -0.068475 0.615034
0.139983 -0.066462 0.614577
0.139794 -0.069629 0.615125
0.138891 -0.068156 0.614513
0.139875 -0.068790 0.614276
0.139407 -0.070591 0.615073
0.138688 -0.069653 0.615611
0.140187 -0.068321 0.616072
0.139121 -0.068167 0.616658
0.139480 -0.068213 0.616014
0.139727 -0.069999 0.617565
0.139948 -0.069189 0.616433
0.137928 -0.068963 0.616789
0.139582 -0.069618 0.618624
0.138201 -0.070326 0.615290
0.139433 -0.066877 0.616514
0.140457 -0.067994 0.617953
0.138521 -0.068700 0.616937
0.139762 -0.069367 0.616241
0.138387 -0.068100 0.617935
0.138827 -0.067692 0.618887
0.138930 -0.067777 0.620121
0.136999 -0.071056 0.618053
0.137697 -0.069544 0.619313
0.138933 -0.068645 0.617711
0.138458 -0.068675 0.618205
0.136042 -0.068373 0.620302
0.136238 -0.069423 0.620235
0.137246 -0.069679 0.618736
0.137639 -0.068175 0.618840
0.137789 -0.067805 0.621876
0.138350 -0.068979 0.620966
0.139246 -0.068125 0.620320
0.134670 -0.068680 0.621740
0.136272 -0.067555 0.621088
0.135073 -0.064759 0.576100
0.136662 -0.065018 0.578978
0.136774 -0.065988 0.579239
0.137511 -0.064609 0.578689
0.138244 -0.065229 0.580607
0.136967 -0.065390 0.580438
0.138773 -0.065392 0.579203
0.136439 -0.063960 0.579698
0.136645 -0.065690 0.579434
0.138749 -0.065098 0.579412
0.136153 -0.063206 0.578710
0.139633 -0.064404 0.579994
0.138686 -0.066355 0.581336
0.137885 -0.063327 0.580738
0.137944 -0.066102 0.581559
0.137074 -0.064720 0.581423
0.138031 -0.065887 0.582361
0.139893 -0.066241 0.581126
0.139309 -0.064621 0.580149
0.140539 -0.066081 0.583079
0.139589 -0.066704 0.582061
0.137791 -0.064912 0.583837
0.139195 -0.063981 0.584375
0.138109 -0.064411 0.583502
0.139705 -0.065352 0.583668
0.139929 -0.065098 0.583234
0.139158 -0.065081 0.583999
0.139392 -0.064581 0.585163
0.140487 -0.064941 0.584216
0.140030 -0.066643 0.585862
0.139332 -0.066265 0.585601
0.137821 -0.065299 0.586601
0.139844 -0.063812 0.585720
0.140654 -0.063470 0.586149
0.138939 -0.063416 0.586909
0.140509 -0.065402 0.588668
0.141072 -0.065645 0.588996
0.140743 -0.065108 0.585843
0.142844 -0.065709 0.585995
0.142006 -0.066954 0.587611
0.140426 -0.063088 0.588058
0.139468 -0.064097 0.586440
0.140357 -0.066657 0.586976
0.138664 -0.065068 0.589317
0.141660 -0.065561 0.587253
0.141034 -0.066272 0.590550
0.141985 -0.065819 0.589540
0.140280 -0.067071 0.590752
0.141330 -0.065778 0.589923
0.140943 -0.062872 0.589871
0.139174 -0.065020 0.588996
0.141254 -0.066186 0.589850
0.141898 -0.064419 0.590310
0.141128 -0.065733 0.592180
0.143226 -0.063581 0.589517
0.140989 -0.064552 0.590130
0.142585 -0.066392 0.591346
0.140524 -0.066044 0.593789
0.141888 -0.064399 0.593476
0.142103 -0.064428 0.592182
0.141342 -0.064640 0.593076
0.142603 -0.065572 0.591520
0.142814 -0.064179 0.592693
0.140447 -0.064645 0.593441
0.142642 -0.065793 0.593983
0.141560 -0.064706 0.593227
0.143059 -0.065904 0.592139
0.141973 -0.062933 0.595434
0.141707 -0.065773 0.593227
0.142057 -0.066466 0.594084
0.142338 -0.065645 0.595575
0.141643 -0.065436 0.596306
0.142423 -0.065897 0.594872
0.140851 -0.064940 0.594836
0.143242 -0.065921 0.597679
0.144232 -0.065989 0.595453
0.142537 -0.065108 0.596484
0.140222 -0.065196 0.596701
0.143141 -0.063946 0.597463
0.143586 -0.066393 0.597613
0.142338 -0.064910 0.599020
0.144691 -0.063774 0.599134
0.141884 -0.064733 0.599582
0.142043 -0.063514 0.597762
0.141340 -0.065389 0.597953
0.142256 -0.065614 0.598259
0.142956 -0.065287 0.598540
0.141376 -0.065203 0.599300
0.143116 -0.066028 0.599297
0.143101 -0.066651 0.600198
0.142623 -0.064534 0.599494
0.143509 -0.064806 0.600800
0.142843 -0.065569 0.600070
0.142734 -0.065472 0.599869
0.142534 -0.065631 0.598537
0.143772 -0.063768 0.600129
0.142557 -0.066326 0.602023
0.142401 -0.065284 0.602205
0.140987 -0.065904 0.602075
0.142692 -0.066480 0.604597
0.143002 -0.066055 0.603599
0.141408 -0.064798 0.602770
0.142724 -0.065367 0.603110
0.139821 -0.066142 0.603130
0.142220 -0.066935 0.605220
0.143423 -0.063689 0.604180
0.141438 -0.063485 0.602243
0.142801 -0.065717 0.604437
0.141853 -0.066344 0.605260
0.142838 -0.066007 0.603852
0.142783 -0.062680 0.604392
0.143523 -0.066713 0.604801
0.142620 -0.064226 0.605812
0.140588 -0.066639 0.606096
0.143300 -0.064474 0.606260
0.140603 -0.063986 0.605488
0.142341 -0.065055 0.606510
0.142123 -0.065729 0.606957
0.141631 -0.063458 0.607283
0.142279 -0.063460 0.606723
0.141454 -0.064295 0.606833
0.142618 -0.063296 0.608533
0.142895 -0.063773 0.607925
0.142885 -0.065944 0.608231
0.141900 -0.065160 0.606683
0.142471 -0.065378 0.608361
0.141839 -0.064908 0.610431
0.142906 -0.063420 0.607624
0.140495 -0.064400 0.610801
0.142509 -0.064702 0.610056
0.141602 -0.064396 0.609747
0.141903 -0.066006 0.610922
0.141711 -0.063764 0.610255
0.139254 -0.065126 0.611756
0.141285 -0.064888 0.610215
0.139135 -0.066814 0.610592
0.141297 -0.064860 0.610885
0.141688 -0.064946 0.611432
0.139917 -0.065052 0.611036
0.139929 -0.066618 0.611958
0.140955 -0.064346 0.611120
0.140735 -0.065639 0.612110
0.141824 -0.064016 0.613146
0.142114 -0.065252 0.613358
0.139996 -0.065643 0.614478
0.140823 -0.065375 0.614167
0.140000 -0.062874 0.614384
0.139934 -0.065386 0.613429
0.139149 -0.065924 0.613622
0.140387 -0.064415 0.614912
0.141124 -0.064047 0.614218
0.139505 -0.065179 0.614172
0.142212 -0.064640 0.613882
0.138730 -0.064146 0.615065
0.139046 -0.064724 0.615918
0.141038 -0.064586 0.615672
0.141098 -0.065775 0.615980
0.139684 -0.064068 0.616881
0.139556 -0.064758 0.617453
0.139038 -0.065276 0.615318
0.139839 -0.065600 0.617330
0.139215 -0.065099 0.618287
0.141407 -0.064069 0.619357
0.139138 -0.063916 0.618032
0.138448 -0.065641 0.618608
0.137738 -0.064295 0.616166
0.136371 -0.064853 0.616717
0.138011 -0.063625 0.618887
0.137184 -0.064051 0.618817
0.137536 -0.066582 0.620137
0.137443 -0.064101 0.619172
0.137936 -0.067041 0.618447
0.138690 -0.065236 0.618993
0.138316 -0.065434 0.620684
0.138738 -0.063894 0.619736
0.140137 -0.065326 0.621109
0.138087 -0.067099 0.620648
0.137838 -0.065381 0.619788
0.136362 -0.064446 0.620073
0.136726 -0.066543 0.621994
0.137605 -0.062776 0.578229
0.137765 -0.062702 0.579724
0.136131 -0.062481 0.577991
0.136715 -0.062148 0.579084
0.138196 -0.061721 0.578869
0.136905 -0.061468 0.580261
0.139077 -0.059888 0.580821
0.139230 -0.060887 0.580228
0.136079 -0.060728 0.582373
0.138456 -0.062127 0.581898
0.134701 -0.059101 0.580696
0.138257 -0.061051 0.581564
0.137996 -0.061262 0.580427
0.137358 -0.062285 0.582965
0.139430 -0.060395 0.581561
0.138237 -0.062251 0.582023
0.137036 -0.062863 0.582281
0.137261 -0.061048 0.583774
0.138116 -0.062008 0.583585
0.138963 -0.060980 0.582240
0.139654 -0.062655 0.582726
0.139032 -0.063361 0.582989
0.139061 -0.062558 0.583523
0.139594 -0.060220 0.584699
0.138913 -0.061876 0.586391
0.139605 -0.059357 0.583065
0.139374 -0.062991 0.583488
0.138496 -0.062253 0.584843
0.140133 -0.060195 0.584934
0.138960 -0.062902 0.585153
0.140639 -0.061454 0.586164
0.139669 -0.061094 0.585970
0.139981 -0.063042 0.587562
0.139469 -0.060732 0.586652
0.140907 -0.061176 0.587466
0.140653 -0.062237 0.585703
0.139889 -0.060334 0.588019
0.140651 -0.062807 0.586875
0.141542 -0.061002 0.587954
0.140653 -0.061317 0.587973
0.140233 -0.061744 0.588805
0.142548 -0.063138 0.588176
0.141357 -0.060483 0.588921
0.139858 -0.061395 0.587487
0.140565 -0.061429 0.588178
0.141748 -0.062307 0.590069
0.140800 -0.061561 0.588310
0.140712 -0.061688 0.589749
0.141252 -0.061058 0.591028
0.142424 -0.060823 0.590191
0.141608 -0.059873 0.590711
0.141581 -0.061837 0.589127
0.139353 -0.061055 0.590448
0.142809 -0.061164 0.589076
0.140903 -0.061683 0.591168
0.142433 -0.062307 0.591406
0.141211 -0.060213 0.591745
0.142863 -0.060006 0.591452
0.142145 -0.060555 0.592463
0.143404 -0.060333 0.595276
0.141967 -0.061661 0.593211
0.141898 -0.061370 0.590896
0.143036 -0.062155 0.593508
0.142914 -0.061935 0.595561
0.142323 -0.061376 0.594894
0.141649 -0.060790 0.594441
0.140151 -0.062991 0.593386
0.141141 -0.063011 0.595026
0.140658 -0.061753 0.594434
0.141434 -0.060938 0.595145
0.143220 -0.061656 0.596375
0.143219 -0.062337 0.595546
0.142649 -0.061119 0.595624
0.143339 -0.059565 0.595316
0.143953 -0.060191 0.596245
0.140833 -0.061955 0.596112
0.141782 -0.060879 0.597005
0.142270 -0.061623 0.598973
0.142597 -0.062189 0.598885
0.142010 -0.062893 0.598151
0.141705 -0.062798 0.596302
0.140576 -0.062759 0.597249
0.143376 -0.060759 0.598809
0.145301 -0.061453 0.599335
0.143510 -0.060478 0.600095
0.142207 -0.062919 0.597520
0.142385 -0.062894 0.599361
0.142227 -0.063162 0.601112
0.140602 -0.060033 0.601027
0.142476 -0.060403 0.600242
0.143174 -0.063395 0.600096
0.141936 -0.062267 0.600640
0.143449 -0.062292 0.599602
0.142220 -0.061360 0.599928
0.143646 -0.061375 0.601981
0.142668 -0.060056 0.601495
0.140110 -0.062691 0.601327
0.144347 -0.062477 0.603970
0.142710 -0.059942 0.602297
0.142312 -0.063017 0.602126
0.142007 -0.062228 0.603986
0.142701 -0.061962 0.603100
0.143647 -0.061926 0.603305
0.142080 -0.062943 0.603073
0.141974 -0.061460 0.604413
0.139814 -0.064254 0.604940
0.144502 -0.061656 0.604316
0.142200 -0.063646 0.603081
0.141389 -0.060530 0.606963
0.140419 -0.062693 0.604123
0.142692 -0.061997 0.605966
0.143012 -0.060676 0.605726
0.142616 -0.061092 0.606472
0.143643 -0.062302 0.604627
0.142755 -0.062011 0.607250
0.142795 -0.061972 0.604426
0.142001 -0.061500 0.605469
0.143938 -0.061517 0.606752
0.141475 -0.061283 0.609207
0.142783 -0.062793 0.607547
0.142412 -0.061477 0.607235
0.141964 -0.061743 0.608989
0.141850 -0.062626 0.609020
0.140861 -0.060189 0.606337
0.142469 -0.061002 0.610534
0.141988 -0.060962 0.608919
0.143301 -0.060363 0.608039
0.142258 -0.062437 0.609365
0.140067 -0.061070 0.610301
0.140544 -0.061182 0.610870
0.142947 -0.062163 0.609129
0.141235 -0.061349 0.613516
0.141006 -0.062618 0.610733
0.138908 -0.062530 0.612100
0.139103 -0.061303 0.608853
0.141986 -0.059435 0.611281
0.140304 -0.062748 0.610684
0.139268 -0.063236 0.611997
0.141615 -0.061999 0.610572
0.139814 -0.061331 0.613448
0.140501 -0.061966 0.612736
0.141154 -0.061002 0.613889
0.140587 -0.061840 0.611537
0.141188 -0.062223 0.612870
0.139853 -0.062117 0.612105
0.141634 -0.061442 0.613365
0.139854 -0.061869 0.613288
0.139373 -0.061681 0.614706
0.137281 -0.061868 0.614123
0.140901 -0.063809 0.615297
0.138194 -0.060409 0.614073
0.139896 -0.061253 0.614616
0.139923 -0.061901 0.617316
0.140203 -0.061304 0.613985
0.141070 -0.061125 0.615843
0.138636 -0.063487 0.616317
0.139673 -0.061607 0.614999
0.139249 -0.062938 0.616583
0.139729 -0.059506 0.615885
0.140285 -0.060748 0.617720
0.139551 -0.060535 0.617046
0.139212 -0.060846 0.616431
0.140075 -0.060271 0.616866
0.140254 -0.062141 0.617687
0.140015 -0.062482 0.619102
0.138601 -0.061852 0.620169
0.138566 -0.060355 0.618708
0.137523 -0.062589 0.618789
0.137798 -0.061861 0.619258
0.137691 -0.061457 0.621187
0.139914 -0.061493 0.618621
0.138316 -0.059018 0.618573
0.136234 -0.062272 0.620016
0.137703 -0.061953 0.619084
0.138446 -0.060845 0.618861
0.136230 -0.059842 0.619125
0.136034 -0.059609 0.622910
0.136805 -0.061642 0.620687
0.137118 -0.062972 0.621816
0.137157 -0.060629 0.620865
0.135549 -0.058338 0.578018
0.137937 -0.057779 0.579302
0.136450 -0.060145 0.579221
0.137562 -0.060710 0.580767
0.134803 -0.058663 0.578398
0.136051 -0.058835 0.580286
0.137684 -0.059789 0.578599
0.138029 -0.057430 0.578543
0.140985 -0.058298 0.581227
0.139043 -0.057469 0.578062
0.137993 -0.057752 0.582291
0.139122 -0.059520 0.580892
0.136854 -0.057975 0.579394
0.138238 -0.058491 0.582326
0.138830 -0.057089 0.582776
0.135655 -0.058942 0.583268
0.137286 -0.057454 0.581522
0.138227 -0.057803 0.582453
0.139202 -0.057331 0.582019
0.139318 -0.058491 0.582515
0.140576 -0.059220 0.582345
0.139379 -0.058203 0.584061
0.140626 -0.057386 0.584256
0.139896 -0.060081 0.583843
0.140613 -0.058745 0.584025
0.138295 -0.057429 0.583740
0.139386 -0.058483 0.584909
0.139103 -0.057349 0.585492
0.139376 -0.058832 0.585209
0.140113 -0.058521 0.584260
0.141306 -0.058197 0.585510
0.139532 -0.058196 0.584404
0.140395 -0.057835 0.586224
0.140228 -0.058029 0.585720
0.139709 -0.058798 0.587849
0.141208 -0.057334 0.585615
0.139289 -0.057599 0.586037
0.141280 -0.061597 0.587805
0.140240 -0.059965 0.586205
0.140262 -0.057876 0.587459
0.140659 -0.059737 0.589045
0.140911 -0.057906 0.585917
0.138670 -0.058129 0.587915
0.141055 -0.059109 0.588910
0.139111 -0.057642 0.588349
0.141968 -0.058709 0.589489
0.139844 -0.057306 0.588402
0.141783 -0.058960 0.590224
0.141191 -0.059254 0.590886
0.142275 -0.058613 0.590934
0.142795 -0.057638 0.592065
0.141468 -0.057379 0.590479
0.140738 -0.059641 0.591332
0.140739 -0.059649 0.588581
0.143722 -0.057337 0.590649
0.142548 -0.059317 0.591973
0.142900 -0.059454 0.592816
0.140439 -0.058375 0.591626
0.141625 -0.057944 0.593001
0.141794 -0.058365 0.592417
0.143170 -0.057345 0.591271
0.141808 -0.059165 0.593498
0.143628 -0.059294 0.593444
0.142846 -0.059102 0.593350
0.141728 -0.057679 0.595810
0.141520 -0.059425 0.594420
0.142068 -0.057320 0.592801
0.142434 -0.058787 0.594198
0.141589 -0.058426 0.594250
0.142610 -0.057356 0.592962
0.142722 -0.058586 0.596907
0.141483 -0.058895 0.594207
0.142132 -0.058751 0.595968
0.141862 -0.058414 0.594875
0.143302 -0.060920 0.596691
0.142311 -0.057267 0.598211
0.142762 -0.059582 0.596870
0.141003 -0.057785 0.597489
0.142925 -0.059271 0.597966
0.141721 -0.059189 0.596584
0.142220 -0.058221 0.597599
0.143790 -0.057205 0.598122
0.141369 -0.059662 0.599267
0.143447 -0.058601 0.598354
0.141383 -0.057845 0.596111
0.145608 -0.057560 0.599315
0.143614 -0.058836 0.599278
0.143077 -0.058086 0.599420
0.141414 -0.057152 0.599515
0.141322 -0.058049 0.600071
0.142378 -0.058581 0.599130
0.142802 -0.059256 0.601888
0.143167 -0.058236 0.601570
0.142556 -0.058983 0.600815
0.144129 -0.059544 0.599820
0.141433 -0.059087 0.600758
0.142374 -0.058775 0.601150
0.144641 -0.058255 0.600024
0.141499 -0.057185 0.602428
0.142522 -0.057670 0.600848
0.142470 -0.058961 0.601836
0.141470 -0.057471 0.603845
0.142717 -0.057468 0.601562
0.142101 -0.057310 0.604182
0.141972 -0.058639 0.603685
0.144643 -0.059282 0.604207
0.141445 -0.059785 0.604340
0.141688 -0.059135 0.603685
0.143680 -0.058433 0.605889
0.144349 -0.059028 0.604916
0.142081 -0.057487 0.606424
0.142635 -0.058965 0.605248
0.142692 -0.058766 0.605302
0.141367 -0.058788 0.604240
0.141837 -0.056901 0.606717
0.142564 -0.057420 0.605108
0.143538 -0.059073 0.607156
0.143355 -0.059485 0.606272
0.140919 -0.058436 0.609424
0.140911 -0.056660 0.606237
0.142124 -0.057489 0.605320
0.141413 -0.057905 0.608333
0.142464 -0.059564 0.608156
0.140446 -0.055993 0.608793
0.142271 -0.059339 0.607806
0.140520 -0.060608 0.608440
0.141408 -0.055835 0.609242
0.141818 -0.058138 0.611113
0.140891 -0.058928 0.607979
0.142075 -0.058089 0.608313
0.141045 -0.060239 0.610429
0.141687 -0.058897 0.610172
0.142164 -0.059213 0.610094
0.140725 -0.057673 0.610008
0.141940 -0.057779 0.612268
0.141570 -0.058879 0.611653
0.140553 -0.059217 0.612061
0.140575 -0.056880 0.610147
0.140166 -0.057464 0.611735
0.140474 -0.059197 0.613533
0.141188 -0.058959 0.612386
0.140742 -0.059611 0.613295
0.140441 -0.057978 0.610206
0.141846 -0.060162 0.613176
0.141072 -0.057723 0.611760
0.141376 -0.058193 0.615749
0.139332 -0.058064 0.613217
0.140171 -0.058354 0.614797
0.138730 -0.058103 0.615623
0.138927 -0.058359 0.614920
0.138606 -0.056463 0.613932
0.140900 -0.057446 0.614023
0.140565 -0.058106 0.616777
0.139000 -0.058541 0.616026
0.140323 -0.059974 0.614988
0.140078 -0.058752 0.615729
0.141309 -0.059902 0.614219
0.140073 -0.059386 0.615632
0.140275 -0.058557 0.614778
0.141016 -0.058542 0.615528
0.139541 -0.056482 0.617105
0.139073 -0.058703 0.617011
0.139451 -0.060023 0.617598
0.137962 -0.058749 0.618372
0.140088 -0.059500 0.616602
0.138838 -0.058793 0.617913
0.137946 -0.057641 0.620404
0.139073 -0.058454 0.618785
0.137465 -0.057048 0.618912
0.138992 -0.059412 0.618375
0.137334 -0.057807 0.617637
0.138559 -0.056016 0.620464
0.138959 -0.057559 0.620461
0.138432 -0.058660 0.619033
0.137271 -0.059346 0.621303
0.138735 -0.057292 0.619301
0.138163 -0.057612 0.621505
0.136962 -0.057880 0.620641
0.137530 -0.060681 0.621442
0.135938 -0.057480 0.621639
0.136994 -0.054994 0.578429
0.136924 -0.054000 0.579302
0.138602 -0.055000 0.580874
0.135493 -0.052883 0.581388
0.136071 -0.055011 0.581017
0.138037 -0.054648 0.579325
0.137264 -0.055985 0.580038
0.136906 -0.053713 0.580898
0.137623 -0.055097 0.580427
0.136480 -0.053609 0.582241
0.138323 -0.054711 0.581990
0.138573 -0.054188 0.579709
0.135275 -0.054828 0.580854
0.137953 -0.055359 0.581766
0.138042 -0.053476 0.581940
0.140168 -0.055803 0.583247
0.137487 -0.056173 0.583349
0.139178 -0.056789 0.581949
0.138014 -0.054765 0.585087
0.139476 -0.055564 0.583542
0.139559 -0.055502 0.585263
0.138442 -0.054284 0.583054
0.138403 -0.053215 0.583954
0.140511 -0.053652 0.583294
0.139984 -0.055600 0.582521
0.140372 -0.055114 0.585814
0.140052 -0.054513 0.585403
0.138072 -0.055356 0.584530
0.140374 -0.054262 0.586108
0.139532 -0.054905 0.585025
0.138724 -0.054520 0.583873
0.139880 -0.054534 0.588230
0.138894 -0.053731 0.586653
0.140353 -0.052812 0.584391
0.140506 -0.053556 0.585768
0.140575 -0.054749 0.585692
0.140761 -0.055621 0.586093
0.139548 -0.054085 0.587521
0.141558 -0.054543 0.586766
0.141398 -0.052248 0.586512
0.138506 -0.054961 0.588084
0.142123 -0.054665 0.587986
0.141005 -0.053916 0.588374
0.142277 -0.052955 0.588853
0.140546 -0.054534 0.588797
0.139647 -0.053689 0.589501
0.142133 -0.055193 0.587200
0.139432 -0.056155 0.588519
0.142319 -0.054249 0.589585
0.139733 -0.054393 0.589571
0.140082 -0.054422 0.591107
0.141028 -0.054847 0.590204
0.142361 -0.056307 0.590378
0.140365 -0.056193 0.590401
0.140878 -0.055719 0.591028
0.142671 -0.056525 0.593759
0.141727 -0.056217 0.591659
0.143635 -0.056814 0.590443
0.140852 -0.055468 0.593566
0.141303 -0.053952 0.592534
0.143441 -0.054177 0.591636
0.140053 -0.055428 0.591913
0.141535 -0.054902 0.592927
0.139672 -0.054989 0.593035
0.141547 -0.056159 0.592183
0.139714 -0.056039 0.592156
0.141473 -0.055064 0.594986
0.143125 -0.053521 0.594997
0.142465 -0.055138 0.593020
0.141505 -0.055917 0.595339
0.142497 -0.054694 0.593752
0.141107 -0.055055 0.596785
0.141425 -0.053971 0.596580
0.143260 -0.055058 0.596294
0.141380 -0.055453 0.597655
0.141326 -0.054036 0.596026
0.141421 -0.055813 0.595984
0.142277 -0.056255 0.596375
0.143518 -0.054577 0.595794
0.141575 -0.055290 0.598622
0.143406 -0.054104 0.598424
0.141500 -0.056276 0.595613
0.142034 -0.054732 0.598886
0.141567 -0.056049 0.599907
0.142106 -0.056146 0.599457
0.141476 -0.055584 0.599371
0.145063 -0.055407 0.599506
0.142620 -0.054560 0.598326
0.142707 -0.053712 0.599752
0.142764 -0.054648 0.600126
0.140120 -0.056712 0.598930
0.143486 -0.054509 0.600808
0.139839 -0.054792 0.601277
0.142550 -0.054901 0.600133
0.143296 -0.055092 0.601222
0.141511 -0.053624 0.601344
0.141863 -0.053243 0.602176
0.141209 -0.055117 0.600482
0.143484 -0.054570 0.601512
0.142137 -0.055882 0.601519
0.143461 -0.055490 0.601732
0.141840 -0.054877 0.603896
0.143112 -0.054136 0.602522
0.142716 -0.055634 0.601258
0.143364 -0.055678 0.601563
0.141711 -0.056476 0.604116
0.142004 -0.055575 0.605315
0.141153 -0.055027 0.605003
0.141999 -0.054768 0.603657
0.144031 -0.054790 0.605228
0.141672 -0.054482 0.604698
0.142913 -0.055027 0.604295
0.142010 -0.053282 0.605391
0.142382 -0.054708 0.606166
0.141255 -0.054553 0.605426
0.142206 -0.056675 0.607765
0.141720 -0.054368 0.605390
0.141848 -0.055397 0.607574
0.142141 -0.054667 0.606816
0.142207 -0.054281 0.607893
0.140458 -0.056511 0.609052
0.141292 -0.055690 0.607681
0.141266 -0.055966 0.608322
0.143134 -0.055167 0.609345
0.141336 -0.056402 0.608153
0.140355 -0.054785 0.607484
0.142466 -0.053615 0.609605
0.141014 -0.055216 0.611978
0.140250 -0.053735 0.610775
0.141953 -0.053488 0.610499
0.142068 -0.056129 0.607996
0.140732 -0.055767 0.610313
0.142797 -0.055019 0.608480
0.140804 -0.056535 0.610693
0.141854 -0.052877 0.612911
0.139758 -0.054595 0.611429
0.140070 -0.056534 0.613257
0.141498 -0.054049 0.610803
0.143328 -0.054081 0.610964
0.138426 -0.053494 0.610879
0.141081 -0.054050 0.611533
0.142118 -0.055499 0.613136
0.138625 -0.052992 0.610850
0.141694 -0.056401 0.613462
0.139241 -0.054998 0.613914
0.140013 -0.053109 0.614095
0.140194 -0.054783 0.615761
0.139291 -0.054541 0.614182
0.140506 -0.053850 0.613063
0.139142 -0.054698 0.616282
0.139732 -0.054596 0.613234
0.141153 -0.053713 0.614307
0.140523 -0.053664 0.616493
0.138558 -0.055928 0.613747
0.137749 -0.054406 0.616182
0.139098 -0.053476 0.615641
0.139423 -0.053931 0.617307
0.138551 -0.054227 0.614985
0.139391 -0.052597 0.616097
0.139373 -0.055118 0.616877
0.137423 -0.055649 0.617566
0.140071 -0.056590 0.617559
0.137874 -0.054772 0.617052
0.137524 -0.055959 0.618575
0.139037 -0.055868 0.617004
0.139194 -0.051262 0.618786
0.138168 -0.055547 0.617481
0.137395 -0.053995 0.618278
0.137089 -0.054497 0.619040
0.136428 -0.054695 0.618846
0.140345 -0.055387 0.619678
0.138660 -0.053076 0.619222
0.137696 -0.055449 0.619164
0.138092 -0.055442 0.619841
0.138679 -0.052372 0.620254
0.136898 -0.055410 0.621335
0.136739 -0.054707 0.619934
0.136197 -0.055261 0.621097
0.136463 -0.055724 0.621565
0.137922 -0.054467 0.621524
0.136032 -0.050573 0.578275
0.136866 -0.051021 0.578902
0.137610 -0.051634 0.579184
0.139153 -0.052446 0.579507
0.138816 -0.051452 0.580099
0.137156 -0.050789 0.581054
0.138109 -0.051671 0.580197
0.137377 -0.052608 0.580357
0.137478 -0.050305 0.579474
0.137144 -0.051826 0.579143
0.139402 -0.051922 0.581969
0.138597 -0.050680 0.581589
0.139536 -0.051883 0.581512
0.138904 -0.050606 0.583232
0.139800 -0.049975 0.582209
0.138119 -0.050493 0.582993
0.141407 -0.050565 0.581518
0.139027 -0.051978 0.580962
0.138977 -0.050299 0.584208
0.139330 -0.051013 0.583599
0.138455 -0.052212 0.583699
0.139132 -0.050995 0.582304
0.138735 -0.052130 0.582693
0.139863 -0.051554 0.584966
0.137297 -0.052390 0.584731
0.138021 -0.052387 0.584993
0.139647 -0.051353 0.585350
0.139141 -0.051326 0.584995
0.139156 -0.053254 0.585596
0.140638 -0.051313 0.586580
0.141063 -0.052189 0.584584
0.142482 -0.053189 0.586604
0.139084 -0.050309 0.587424
0.142232 -0.052249 0.585596
0.140334 -0.051383 0.586904
0.139736 -0.051582 0.587172
0.140680 -0.051316 0.586990
0.138162 -0.050062 0.588175
0.139883 -0.051981 0.587902
0.140344 -0.051143 0.588268
0.139077 -0.052212 0.589633
0.140605 -0.053137 0.590170
0.142465 -0.050141 0.588060
0.140500 -0.051985 0.590461
0.141868 -0.049751 0.587019
0.140409 -0.052248 0.589184
0.141400 -0.052564 0.587842
0.141570 -0.051044 0.588346
0.140817 -0.051256 0.590837
0.141760 -0.051460 0.588820
0.140224 -0.051248 0.589087
0.140957 -0.052262 0.591668
0.140593 -0.053781 0.590075
0.141293 -0.050832 0.589756
0.141978 -0.052734 0.588867
0.142264 -0.052920 0.591790
0.140443 -0.052900 0.590170
0.140363 -0.051294 0.590672
0.142298 -0.051092 0.591608
0.143252 -0.052173 0.592506
0.140756 -0.052378 0.593097
0.141246 -0.050888 0.593620
0.143108 -0.052677 0.593830
0.142727 -0.052444 0.591497
0.142057 -0.051683 0.595011
0.143068 -0.050998 0.593054
0.141746 -0.051671 0.595018
0.143444 -0.050537 0.594146
0.142278 -0.052022 0.595275
0.143222 -0.051979 0.596423
0.142122 -0.050782 0.594055
0.142735 -0.052486 0.594294
0.141158 -0.050710 0.595271
0.140440 -0.051262 0.598021
0.141101 -0.051413 0.595637
0.142832 -0.051102 0.596929
0.143224 -0.052252 0.596113
0.141751 -0.052202 0.596011
0.141844 -0.052988 0.596565
0.140818 -0.051047 0.596421
0.143129 -0.053787 0.597580
0.142155 -0.050606 0.597303
0.142350 -0.048976 0.600186
0.142800 -0.050698 0.599034
0.142470 -0.051280 0.599483
0.142446 -0.051024 0.600446
0.142648 -0.052004 0.599807
0.141604 -0.052048 0.599100
0.143045 -0.051276 0.599097
0.141275 -0.051759 0.598389
0.141363 -0.051859 0.600093
0.143644 -0.049924 0.600992
0.142690 -0.050075 0.601240
0.143959 -0.052277 0.600328
0.142696 -0.051502 0.602120
0.142512 -0.048706 0.601167
0.143495 -0.053230 0.601144
0.141999 -0.051611 0.602550
0.139891 -0.050429 0.602298
0.142984 -0.049824 0.602450
0.141603 -0.050969 0.603350
0.142543 -0.052373 0.602847
0.142828 -0.052898 0.603133
0.142443 -0.051509 0.602109
0.143575 -0.052616 0.603882
0.141656 -0.053823 0.603971
0.141496 -0.049742 0.603357
0.141544 -0.052727 0.605223
0.141930 -0.053686 0.605368
0.141257 -0.049794 0.605966
0.142951 -0.052394 0.606125
0.140615 -0.052682 0.605433
0.142735 -0.050811 0.605801
0.141644 -0.051794 0.607417
0.140979 -0.053126 0.605852
0.143952 -0.051262 0.606402
0.143035 -0.051926 0.606103
0.141978 -0.051891 0.605975
0.144066 -0.050642 0.608224
0.139840 -0.050991 0.608633
0.143795 -0.052740 0.608572
0.141666 -0.051497 0.607606
0.142754 -0.053924 0.608464
0.142194 -0.051328 0.607123
0.142000 -0.052365 0.608720
0.141563 -0.052183 0.608484
0.140946 -0.050318 0.607554
0.139827 -0.051059 0.609397
0.140049 -0.051896 0.609127
0.138886 -0.050455 0.608256
0.141336 -0.051107 0.612204
0.142104 -0.051392 0.610391
0.142678 -0.050503 0.610141
0.140658 -0.049578 0.609272
0.141348 -0.050839 0.609755
0.141915 -0.053362 0.610886
0.140634 -0.052456 0.611006
0.141170 -0.051097 0.612040
0.140800 -0.052691 0.612325
0.140608 -0.051343 0.613209
0.139997 -0.051683 0.614009
0.140032 -0.051598 0.611085
0.140332 -0.050908 0.611512
0.142066 -0.051349 0.611788
0.140562 -0.051569 0.613792
0.138828 -0.049507 0.614300
0.138061 -0.051081 0.613736
0.139865 -0.053259 0.614190
0.138669 -0.051483 0.613102
0.141142 -0.050320 0.614751
0.140195 -0.052146 0.614331
0.140391 -0.051065 0.614203
0.140601 -0.052401 0.615971
0.138990 -0.050363 0.616204
0.138822 -0.050832 0.617543
0.139698 -0.052810 0.615551
0.141121 -0.051303 0.616119
0.137450 -0.052056 0.616919
0.139163 -0.051584 0.615551
0.138406 -0.050722 0.618707
0.137412 -0.051377 0.618794
0.138246 -0.050987 0.617437
0.140117 -0.050967 0.616968
0.137920 -0.053058 0.618026
0.138452 -0.051913 0.618301
0.139317 -0.051807 0.616700
0.139409 -0.051965 0.617842
0.137814 -0.051602 0.618591
0.139022 -0.051402 0.619466
0.136904 -0.051354 0.618022
0.137279 -0.051301 0.618768
0.138636 -0.052265 0.618186
0.138509 -0.051960 0.619872
0.137729 -0.051933 0.622517
0.138917 -0.052340 0.619999
0.136826 -0.051459 0.621123
0.136992 -0.051645 0.621803
0.136587 -0.051773 0.622083
0.136184 -0.052634 0.621194
0.137398 -0.052046 0.622731
0.135749 -0.048521 0.579210
0.138208 -0.048035 0.580349
0.137236 -0.049475 0.579441
0.137444 -0.047215 0.578901
0.136789 -0.048829 0.580489
0.138294 -0.048225 0.578996
0.136908 -0.047698 0.578958
0.137517 -0.048511 0.579111
0.137205 -0.049325 0.580767
0.137817 -0.046922 0.580929
0.139290 -0.047267 0.579358
0.138825 -0.047648 0.580412
0.138820 -0.047789 0.583443
0.137355 -0.048830 0.582839
0.137455 -0.047952 0.583329
0.139413 -0.046988 0.582693
0.139200 -0.047298 0.582917
0.139152 -0.049091 0.581331
0.138130 -0.049159 0.581469
0.138517 -0.047883 0.581992
0.138562 -0.047712 0.581994
0.138071 -0.047972 0.582002
0.137163 -0.049351 0.583314
0.138595 -0.047452 0.584970
0.140387 -0.051386 0.585017
0.140280 -0.049277 0.583986
0.137648 -0.049083 0.583394
0.137670 -0.047498 0.585584
0.140284 -0.048090 0.584789
0.137936 -0.047488 0.584132
0.140396 -0.049276 0.584977
0.140848 -0.049625 0.582732
0.139201 -0.048636 0.585954
0.140376 -0.048953 0.585581
0.140202 -0.049601 0.585720
0.140720 -0.047960 0.587468
0.140929 -0.047618 0.587568
0.139613 -0.048318 0.587054
0.140547 -0.046913 0.586866
0.137974 -0.047931 0.587751
0.140606 -0.048636 0.588813
0.139227 -0.046527 0.590147
0.139998 -0.048249 0.589970
0.140646 -0.047809 0.588285
0.140736 -0.047676 0.587800
0.141097 -0.047220 0.589400
0.141910 -0.048836 0.591943
0.141593 -0.046330 0.589449
0.140420 -0.047788 0.591043
0.142321 -0.048921 0.589589
0.141227 -0.048168 0.591943
0.142687 -0.048293 0.590550
0.142280 -0.048317 0.589472
0.141464 -0.045782 0.592687
0.143699 -0.047422 0.590734
0.141928 -0.049387 0.590603
0.140970 -0.046391 0.591132
0.142933 -0.048825 0.591940
0.142267 -0.047773 0.592184
0.142566 -0.048771 0.592255
0.143752 -0.050163 0.593217
0.142484 -0.048503 0.592987
0.142115 -0.047770 0.594709
0.142639 -0.046948 0.593938
0.140669 -0.049430 0.594596
0.143195 -0.050516 0.593002
0.141040 -0.048001 0.594881
0.142092 -0.047706 0.593256
0.142470 -0.046493 0.595029
0.143297 -0.048239 0.592475
0.140148 -0.048410 0.596236
0.142487 -0.049295 0.595777
0.143270 -0.049229 0.594101
0.141682 -0.047408 0.596739
0.141662 -0.048056 0.595796
0.143548 -0.050163 0.596493
0.142096 -0.046888 0.597906
0.142311 -0.049219 0.595583
0.141067 -0.048696 0.596732
0.141599 -0.047159 0.595874
0.143201 -0.048096 0.597102
0.143266 -0.047139 0.597636
0.142241 -0.047519 0.598178
0.142496 -0.048398 0.599128
0.140779 -0.048794 0.599711
0.143208 -0.049688 0.598150
0.141083 -0.049103 0.600290
0.142451 -0.048826 0.599475
0.141804 -0.048393 0.601393
0.140375 -0.047456 0.599100
0.140325 -0.047467 0.599992
0.142645 -0.047896 0.599827
0.143580 -0.048307 0.601438
0.143966 -0.047884 0.602396
0.142258 -0.048789 0.601159
0.141604 -0.047288 0.600464
0.144563 -0.048831 0.599562
0.142316 -0.046919 0.603198
0.141971 -0.048165 0.601674
0.142868 -0.048673 0.603000
0.144178 -0.048371 0.602917
0.142449 -0.047926 0.602232
0.142647 -0.048725 0.602095
0.143394 -0.049957 0.604874
0.143977 -0.047898 0.603089
0.142947 -0.049009 0.605029
0.142337 -0.050797 0.603841
0.141958 -0.050048 0.605811
0.142566 -0.048110 0.604535
0.142913 -0.047259 0.606032
0.142609 -0.045834 0.607537
0.142721 -0.048843 0.606393
0.144402 -0.047897 0.604409
0.142703 -0.047110 0.606279
0.141279 -0.047786 0.606411
0.144165 -0.047368 0.607135
0.142457 -0.046546 0.605856
0.143916 -0.047569 0.607103
0.141251 -0.047900 0.606508
0.140880 -0.048509 0.605661
0.141958 -0.047518 0.607905
0.140795 -0.047505 0.609182
0.142994 -0.049051 0.608461
0.142773 -0.049265 0.608479
0.141104 -0.047354 0.608693
0.143294 -0.048879 0.609480
0.142125 -0.048172 0.606815
0.141789 -0.047091 0.610362
0.140390 -0.049646 0.609420
0.140395 -0.049208 0.609136
0.141841 -0.049315 0.609730
0.142048 -0.047952 0.613047
0.140663 -0.047619 0.611422
0.140544 -0.048272 0.608537
0.142321 -0.048721 0.611378
0.140952 -0.047054 0.611717
0.142507 -0.048231 0.612512
0.141502 -0.049518 0.612291
0.138711 -0.048050 0.612077
0.139195 -0.047778 0.611736
0.140432 -0.049228 0.614411
0.139528 -0.048688 0.613495
0.139992 -0.046151 0.612821
0.138817 -0.047287 0.613733
0.139687 -0.049066 0.613854
0.142368 -0.048627 0.613383
0.140132 -0.048006 0.612522
0.139539 -0.046963 0.616449
0.140693 -0.050216 0.614709
0.139496 -0.047493 0.613915
0.141470 -0.049463 0.614157
0.139742 -0.045398 0.614444
0.140110 -0.048352 0.617144
0.139346 -0.045982 0.613928
0.139617 -0.048059 0.616001
0.140157 -0.049441 0.612714
0.138584 -0.048064 0.616183
0.138306 -0.049805 0.616323
0.139209 -0.047794 0.616641
0.138340 -0.047907 0.615375
0.136582 -0.047713 0.616084
0.137742 -0.049206 0.617971
0.139990 -0.048299 0.619429
0.139148 -0.049137 0.617288
0.138340 -0.047414 0.618959
0.137786 -0.046297 0.617425
0.138662 -0.046549 0.617649
0.138817 -0.050138 0.618631
0.138050 -0.046853 0.618549
0.137091 -0.049580 0.617988
0.136398 -0.049236 0.618868
0.135476 -0.049546 0.620035
0.136955 -0.046487 0.618157
0.137533 -0.048568 0.620034
0.136876 -0.049566 0.619620
0.137012 -0.048743 0.619699
0.136980 -0.047795 0.619459
0.137151 -0.047191 0.620255
0.137419 -0.048632 0.621084
0.136803 -0.049023 0.620481
0.137107 -0.043203 0.579705
0.136404 -0.045967 0.579420
0.138110 -0.045283 0.580277
0.137352 -0.044509 0.581212
0.137481 -0.046174 0.580788
0.138099 -0.044038 0.580354
0.137627 -0.046313 0.579919
0.137712 -0.043370 0.581242
0.138787 -0.044421 0.582194
0.137741 -0.043126 0.581645
0.137341 -0.046011 0.580335
0.138341 -0.045444 0.580946
0.138810 -0.045586 0.582539
0.137731 -0.046579 0.580579
0.139459 -0.043777 0.582315
0.137154 -0.045960 0.582245
0.139262 -0.046586 0.580732
0.137616 -0.043919 0.582976
0.139848 -0.045003 0.583137
0.138075 -0.045748 0.582423
0.138738 -0.042660 0.583812
0.138036 -0.045410 0.583215
0.140350 -0.045534 0.583595
0.138282 -0.046159 0.584970
0.139650 -0.044967 0.584761
0.140222 -0.046421 0.585394
0.139526 -0.044873 0.585504
0.140664 -0.044072 0.583735
0.139373 -0.045212 0.584477
0.139626 -0.045594 0.585843
0.140447 -0.046442 0.585938
0.139168 -0.044527 0.585406
0.138100 -0.046765 0.586530
0.138683 -0.044093 0.586326
0.139093 -0.044792 0.588083
0.140894 -0.044127 0.586341
0.139453 -0.044075 0.586936
0.139943 -0.045246 0.588865
0.140601 -0.044764 0.587938
0.140338 -0.044404 0.588243
0.139489 -0.046208 0.588282
0.140548 -0.044883 0.588451
0.140629 -0.045802 0.591137
0.141604 -0.044653 0.588459
0.140476 -0.046562 0.588523
0.142172 -0.043474 0.590000
0.141559 -0.043463 0.589525
0.141256 -0.044299 0.589234
0.141745 -0.043375 0.589636
0.141795 -0.044897 0.589960
0.141785 -0.045847 0.590838
0.140671 -0.044728 0.591451
0.143039 -0.045326 0.590882
0.141648 -0.044893 0.591318
0.142537 -0.045898 0.590982
0.141132 -0.044494 0.591457
0.141058 -0.044433 0.590817
0.142511 -0.045441 0.591577
0.142187 -0.045314 0.591313
0.142580 -0.043796 0.591136
0.142512 -0.046862 0.593210
0.141782 -0.043412 0.590830
0.142114 -0.046180 0.593014
0.140741 -0.043285 0.593791
0.141889 -0.045185 0.592971
0.143201 -0.044517 0.593072
0.140264 -0.045007 0.595382
0.141553 -0.045191 0.595053
0.140552 -0.046294 0.593363
0.142628 -0.043655 0.595960
0.141604 -0.045070 0.594012
0.140480 -0.044419 0.594650
0.142228 -0.044368 0.596642
0.143254 -0.043940 0.595786
0.141448 -0.043935 0.597603
0.143010 -0.044242 0.596837
0.143338 -0.044858 0.598475
0.143237 -0.045412 0.599500
0.142719 -0.044601 0.597933
0.143142 -0.043458 0.595765
0.141101 -0.045662 0.599716
0.143087 -0.043537 0.594787
0.141239 -0.045583 0.598861
0.141748 -0.043916 0.599744
0.142637 -0.045661 0.598257
0.141057 -0.044152 0.598261
0.142211 -0.045117 0.598020
0.142187 -0.046091 0.599092
0.143745 -0.045084 0.599097
0.140985 -0.042599 0.601346
0.141975 -0.044521 0.599909
0.144891 -0.045959 0.599073
0.142223 -0.044348 0.600838
0.142433 -0.044449 0.601581
0.144079 -0.044363 0.603136
0.143364 -0.045196 0.599193
0.143601 -0.046462 0.603538
0.142691 -0.045675 0.601376
0.143288 -0.045018 0.603422
0.141245 -0.045033 0.604455
0.141059 -0.046144 0.601404
0.144919 -0.044279 0.605776
0.140612 -0.044150 0.602535
0.142688 -0.044498 0.602585
0.142854 -0.044410 0.604329
0.141854 -0.043445 0.605083
0.143243 -0.046498 0.604966
0.142419 -0.046371 0.605942
0.142335 -0.044980 0.605466
0.143737 -0.045390 0.604252
0.142617 -0.044553 0.605156
0.141866 -0.043627 0.606641
0.141836 -0.044000 0.605368
0.143362 -0.044962 0.606200
0.143092 -0.044608 0.605863
0.144040 -0.045127 0.606403
0.141197 -0.045398 0.606923
0.141822 -0.044557 0.606757
0.141877 -0.045661 0.604969
0.142192 -0.046656 0.608441
0.141014 -0.043328 0.609455
0.140347 -0.045971 0.607087
0.140481 -0.046307 0.609546
0.141962 -0.044142 0.609633
0.140866 -0.044795 0.608393
0.141839 -0.042779 0.608625
0.140841 -0.044080 0.610819
0.141168 -0.046406 0.610198
0.140884 -0.044235 0.610781
0.141471 -0.043243 0.609251
0.141421 -0.046836 0.609817
0.142689 -0.044519 0.611343
0.142187 -0.046741 0.610908
0.140791 -0.045152 0.610586
0.142247 -0.045177 0.609155
0.139835 -0.043195 0.609887
0.141177 -0.044920 0.611531
0.140536 -0.044579 0.611385
0.140529 -0.045909 0.612337
0.141060 -0.045847 0.613113
0.141008 -0.045562 0.612968
0.139568 -0.046189 0.612553
0.140288 -0.043847 0.612594
0.142935 -0.045535 0.612923
0.140180 -0.044212 0.613095
0.139986 -0.043407 0.613401
0.139612 -0.045134 0.614257
0.141351 -0.047857 0.613000
0.139253 -0.046967 0.613549
0.139603 -0.044516 0.614256
0.139930 -0.045314 0.615317
0.138256 -0.044084 0.616474
0.138774 -0.042485 0.616119
0.139136 -0.045172 0.614977
0.138929 -0.045083 0.614813
0.140489 -0.043806 0.616289
0.138307 -0.043158 0.615208
0.139927 -0.047526 0.617330
0.135441 -0.046289 0.616901
0.139295 -0.045035 0.617319
0.138868 -0.044225 0.616777
0.139073 -0.045769 0.617651
0.138000 -0.044286 0.617700
0.138118 -0.045673 0.618388
0.138342 -0.045288 0.619036
0.137370 -0.045603 0.618198
0.139209 -0.045561 0.617537
0.137805 -0.045265 0.618539
0.137484 -0.045824 0.620852
0.138050 -0.045212 0.618241
0.137735 -0.045264 0.619972
0.138203 -0.044152 0.618619
0.137071 -0.044435 0.620172
0.137652 -0.044498 0.620803
0.136095 -0.043250 0.620296
0.136188 -0.044996 0.620304
0.137314 -0.044131 0.619445
0.138319 -0.044662 0.621661
0.137482 -0.044399 0.621437
0.138326 -0.042690 0.620079
0.135198 -0.040382 0.577238
0.136994 -0.039979 0.579081
0.136903 -0.040462 0.580357
0.139015 -0.041362 0.578898
0.136784 -0.041604 0.580304
0.136938 -0.040616 0.581331
0.139195 -0.040842 0.577636
0.137813 -0.041862 0.579905
0.138121 -0.042164 0.581688
0.138666 -0.040876 0.580075
0.136812 -0.040973 0.581493
0.137787 -0.043261 0.582113
0.139865 -0.041848 0.580777
0.139071 -0.040919 0.580703
0.137366 -0.042093 0.582468
0.137731 -0.040053 0.581372
0.138079 -0.041080 0.583713
0.137489 -0.041159 0.583582
0.137778 -0.042089 0.583715
0.138437 -0.041831 0.583265
0.137025 -0.042416 0.583245
0.140601 -0.041272 0.585841
0.138357 -0.042533 0.584333
0.138995 -0.040520 0.585350
0.139772 -0.040442 0.584529
0.137754 -0.043234 0.584729
0.140046 -0.040570 0.583484
0.140808 -0.042276 0.585291
0.139549 -0.040122 0.586247
0.140194 -0.043178 0.586944
0.139182 -0.041494 0.584291
0.140643 -0.040784 0.584793
0.139500 -0.041355 0.583848
0.138431 -0.041265 0.587597
0.140906 -0.041829 0.586432
0.138620 -0.040586 0.586418
0.139305 -0.041344 0.586416
0.140222 -0.040684 0.586256
0.139010 -0.041941 0.586551
0.141312 -0.042119 0.585917
0.141106 -0.039272 0.587626
0.142613 -0.041510 0.586945
0.141288 -0.042538 0.588880
0.141596 -0.043061 0.589925
0.139363 -0.040568 0.588847
0.139035 -0.042076 0.590175
0.141059 -0.041947 0.588331
0.142647 -0.042055 0.587361
0.141556 -0.040349 0.590012
0.142631 -0.041273 0.589845
0.142174 -0.039966 0.591924
0.141394 -0.042259 0.591687
0.141101 -0.039708 0.590443
0.141702 -0.042775 0.589975
0.140886 -0.042672 0.591017
0.141510 -0.042152 0.591739
0.140129 -0.042739 0.592123
0.141353 -0.041619 0.592063
0.140648 -0.042034 0.590595
0.141736 -0.041459 0.592298
0.142076 -0.039914 0.593191
0.143092 -0.042400 0.591125
0.141460 -0.040591 0.593680
0.138122 -0.040998 0.593379
0.141801 -0.041995 0.593873
0.142427 -0.041710 0.594028
0.141746 -0.042612 0.593789
0.142544 -0.041810 0.592413
0.143720 -0.039325 0.594557
0.142576 -0.040921 0.593784
0.141596 -0.041842 0.593669
0.142162 -0.041954 0.596463
0.141739 -0.043778 0.595462
0.141814 -0.042076 0.596146
0.141037 -0.040936 0.596222
0.142820 -0.042256 0.597029
0.142528 -0.041333 0.596348
0.141304 -0.041225 0.598532
0.142820 -0.040906 0.595511
0.142293 -0.039818 0.596125
0.141924 -0.042247 0.597401
0.140052 -0.042689 0.598180
0.141212 -0.043508 0.597591
0.141998 -0.041228 0.600021
0.142833 -0.043533 0.599438
0.142410 -0.041578 0.598758
0.140288 -0.040091 0.597467
0.143791 -0.042346 0.599605
0.141368 -0.043388 0.600479
0.142837 -0.042675 0.599722
0.141010 -0.041421 0.600710
0.140394 -0.039862 0.599180
0.140700 -0.042489 0.598666
0.142114 -0.040832 0.600967
0.142614 -0.041786 0.600957
0.142377 -0.040366 0.599985
0.141674 -0.039663 0.602387
0.143727 -0.042132 0.601939
0.141458 -0.041897 0.602601
0.141908 -0.041669 0.602688
0.142923 -0.042290 0.604011
0.140065 -0.040392 0.602855
0.142610 -0.042526 0.603379
0.141680 -0.039558 0.605752
0.143335 -0.041630 0.604233
0.141835 -0.042316 0.603263
0.140646 -0.043317 0.604521
0.143624 -0.042585 0.603832
0.142666 -0.040986 0.603140
0.141384 -0.041514 0.604123
0.141693 -0.040370 0.604658
0.142343 -0.040451 0.604178
0.142650 -0.042169 0.603461
0.141952 -0.041849 0.606011
0.143083 -0.042528 0.606429
0.142148 -0.041278 0.606007
0.142341 -0.042589 0.606469
0.140599 -0.041441 0.606104
0.142092 -0.041510 0.607511
0.142037 -0.042133 0.606796
0.142225 -0.038821 0.606968
0.140985 -0.042528 0.607452
0.142097 -0.041178 0.606706
0.140778 -0.040711 0.607709
0.141559 -0.042845 0.608587
0.141603 -0.043254 0.608877
0.139546 -0.042209 0.608868
0.141643 -0.039611 0.611482
0.140945 -0.039784 0.609415
0.142217 -0.041479 0.610211
0.140587 -0.041416 0.611206
0.140262 -0.040152 0.608290
0.141456 -0.042424 0.611552
0.142703 -0.043508 0.609243
0.142763 -0.040845 0.610114
0.139656 -0.040244 0.609756
0.140627 -0.039967 0.611218
0.139141 -0.043082 0.612833
0.140980 -0.043465 0.611235
0.139483 -0.037687 0.613320
0.140937 -0.041494 0.612899
0.138253 -0.038944 0.611112
0.142161 -0.042336 0.612448
0.140632 -0.040483 0.613238
0.139878 -0.041682 0.613126
0.141135 -0.040826 0.613614
0.141791 -0.040724 0.612480
0.139566 -0.042340 0.614838
0.141583 -0.042072 0.614512
0.139102 -0.041069 0.613888
0.139192 -0.041018 0.615060
0.138078 -0.040900 0.614156
0.140784 -0.043013 0.616725
0.139733 -0.040236 0.615277
0.140411 -0.039924 0.616710
0.140513 -0.040461 0.616806
0.138191 -0.039585 0.617770
0.136141 -0.040675 0.615594
0.139754 -0.040127 0.614089
0.140326 -0.042460 0.616755
0.139093 -0.042840 0.616087
0.139082 -0.040623 0.617259
0.137927 -0.041746 0.617960
0.138846 -0.040695 0.617017
0.136957 -0.040678 0.618318
0.140031 -0.041266 0.619075
0.137834 -0.040777 0.618825
0.138680 -0.041272 0.618805
0.138094 -0.042625 0.619735
0.136234 -0.040786 0.619876
0.139143 -0.041010 0.617834
0.137086 -0.041922 0.620022
0.136907 -0.041898 0.619694
0.137569 -0.041086 0.620364
0.135043 -0.043700 0.620022
0.137725 -0.041248 0.618356
0.136251 -0.040245 0.621298
0.135916 -0.041775 0.620677
0.136078 -0.040764 0.621163
0.138189 -0.040875 0.621563
0.137521 -0.037202 0.580309
0.137664 -0.038347 0.578134
0.138150 -0.036888 0.578965
0.138377 -0.038017 0.579614
0.138064 -0.037594 0.580417
0.137535 -0.038539 0.580305
0.137423 -0.038984 0.580116
0.137537 -0.037003 0.579148
0.136996 -0.039143 0.580823
0.136769 -0.037613 0.581824
0.136458 -0.036443 0.581113
0.138141 -0.037300 0.580352
0.138165 -0.038961 0.582083
0.137600 -0.037994 0.581936
0.137851 -0.037357 0.581826
0.140079 -0.038099 0.581536
0.137965 -0.037920 0.581595
0.139161 -0.038833 0.582091
0.137971 -0.038903 0.584904
0.139799 -0.038906 0.582892
0.138713 -0.037950 0.582997
0.138653 -0.037129 0.583093
0.138737 -0.039840 0.583167
0.139819 -0.039240 0.585378
0.139298 -0.038791 0.584021
0.139470 -0.038134 0.584292
0.139453 -0.039174 0.584309
0.141136 -0.039562 0.584482
0.142102 -0.036480 0.585372
0.138533 -0.038065 0.585424
0.141781 -0.038365 0.585938
0.138878 -0.038857 0.588091
0.140854 -0.038198 0.585802
0.138998 -0.040717 0.586553
0.139926 -0.039021 0.586617
0.140645 -0.036477 0.588214
0.138966 -0.038176 0.587875
0.140526 -0.036273 0.588238
0.140006 -0.037967 0.587022
0.140801 -0.037608 0.586547
0.140689 -0.040324 0.586443
0.140067 -0.037270 0.587542
0.143064 -0.038650 0.586907
0.141135 -0.039203 0.588601
0.140892 -0.039411 0.588708
0.140747 -0.038443 0.590119
0.141133 -0.037701 0.588656
0.141756 -0.037878 0.588986
0.142529 -0.038499 0.589855
0.142868 -0.037794 0.591714
0.141632 -0.036512 0.588461
0.141611 -0.039037 0.590738
0.140256 -0.037927 0.590322
0.140191 -0.038280 0.589870
0.140719 -0.037514 0.591916
0.143248 -0.037783 0.590900
0.140861 -0.038558 0.591244
0.142837 -0.038028 0.592295
0.143369 -0.038201 0.592059
0.141499 -0.039083 0.592320
0.141024 -0.037570 0.590805
0.142161 -0.038811 0.592350
0.142783 -0.037588 0.592823
0.142249 -0.037481 0.592601
0.141253 -0.038697 0.592616
0.140643 -0.037878 0.594591
0.142056 -0.037135 0.592498
0.143436 -0.036075 0.593727
0.142690 -0.037578 0.594658
0.140449 -0.037966 0.594480
0.143103 -0.038807 0.597266
0.142794 -0.038563 0.593491
0.141619 -0.037559 0.595833
0.142031 -0.038077 0.595705
0.142659 -0.037919 0.595217
0.142516 -0.037690 0.595987
0.140579 -0.038162 0.597253
0.142688 -0.038365 0.598013
0.140802 -0.038507 0.597694
0.144914 -0.038429 0.597042
0.141570 -0.037461 0.596947
0.143929 -0.037678 0.598351
0.143080 -0.037601 0.597309
0.140456 -0.039010 0.598411
0.142319 -0.039858 0.599323
0.142233 -0.037729 0.597415
0.142867 -0.037246 0.600070
0.142243 -0.038365 0.597679
0.143810 -0.038488 0.601955
0.143200 -0.039219 0.601427
0.142300 -0.038594 0.601308
0.142259 -0.037805 0.600214
0.143467 -0.037984 0.601441
0.140258 -0.037380 0.600927
0.143658 -0.038309 0.601073
0.140823 -0.038634 0.600990
0.143528 -0.038711 0.602642
0.142849 -0.037429 0.603091
0.141324 -0.038759 0.601236
0.141106 -0.039582 0.602172
0.140542 -0.037949 0.603343
0.142239 -0.036684 0.603823
0.140844 -0.038703 0.605176
0.141834 -0.037779 0.603210
0.142886 -0.037955 0.603907
0.141042 -0.036415 0.602473
0.142285 -0.037195 0.605527
0.142108 -0.039374 0.604140
0.141246 -0.037538 0.604621
0.142337 -0.036756 0.605531
0.142004 -0.039055 0.605107
0.141162 -0.038885 0.603904
0.142906 -0.038372 0.606864
0.142108 -0.035937 0.606593
0.142075 -0.038511 0.605426
0.140654 -0.038294 0.604024
0.142226 -0.039783 0.605259
0.141322 -0.038736 0.605956
0.141086 -0.038590 0.606945
0.141893 -0.037509 0.607496
0.142262 -0.038522 0.606304
0.141237 -0.037287 0.606873
0.142307 -0.038694 0.608289
0.141780 -0.038170 0.607274
0.140253 -0.037232 0.610146
0.140706 -0.038592 0.607720
0.140481 -0.037996 0.608734
0.140322 -0.037265 0.610867
0.141114 -0.037167 0.608927
0.140029 -0.038216 0.607930
0.141032 -0.038038 0.609897
0.140877 -0.037203 0.609733
0.141466 -0.037885 0.609443
0.140845 -0.038334 0.610347
0.140484 -0.039843 0.611279
0.139742 -0.036915 0.610241
0.141381 -0.037177 0.611530
0.141395 -0.035662 0.610814
0.139497 -0.037370 0.611403
0.140023 -0.037591 0.611471
0.139668 -0.036688 0.613215
0.141357 -0.039181 0.613044
0.142275 -0.038000 0.613431
0.137627 -0.037022 0.613409
0.139344 -0.039881 0.613848
0.140208 -0.037579 0.614078
0.139818 -0.039083 0.614668
0.141256 -0.036843 0.614685
0.141454 -0.037694 0.614929
0.139529 -0.036698 0.614936
0.141156 -0.036283 0.615507
0.141051 -0.040165 0.616747
0.139889 -0.037201 0.612940
0.139854 -0.038285 0.614799
0.139108 -0.038073 0.615969
0.137627 -0.036787 0.616176
0.137233 -0.037990 0.614949
0.137807 -0.038501 0.616465
0.139325 -0.037035 0.618247
0.139491 -0.037688 0.616665
0.137710 -0.037405 0.617119
0.139727 -0.037045 0.618761
0.141223 -0.036711 0.616292
0.138433 -0.037660 0.617511
0.139687 -0.037193 0.618690
0.138513 -0.038445 0.618170
0.135997 -0.037397 0.618038
0.136701 -0.039054 0.618701
0.136932 -0.037003 0.618351
0.139223 -0.038295 0.619590
0.138529 -0.037746 0.618407
0.137048 -0.036810 0.617702
0.136547 -0.038585 0.620985
0.137028 -0.038993 0.619152
0.137592 -0.038857 0.619625
0.136342 -0.038241 0.618904
0.137026 -0.040016 0.619097
0.138910 -0.037671 0.617318
0.136072 -0.037288 0.619116
0.135551 -0.038359 0.620646
0.136902 -0.035146 0.578443
0.136853 -0.035863 0.579852
0.135974 -0.033520 0.578755
0.138034 -0.037621 0.580458
0.136709 -0.034980 0.580544
0.137167 -0.034666 0.579138
0.137747 -0.033439 0.581296
0.137132 -0.033991 0.580978
0.138893 -0.034671 0.580689
0.138791 -0.034823 0.580745
0.137886 -0.034409 0.580650
0.136189 -0.034904 0.579413
0.138280 -0.035260 0.580528
0.138684 -0.036613 0.581766
0.137794 -0.033230 0.580835
0.138547 -0.034759 0.582139
0.137275 -0.035684 0.582304
0.137171 -0.035882 0.582885
0.137878 -0.036129 0.582130
0.138056 -0.036012 0.582952
0.139335 -0.035397 0.583514
0.139822 -0.033677 0.583283
0.138759 -0.036207 0.583851
0.139352 -0.034281 0.583760
0.140816 -0.035380 0.583059
0.139328 -0.033270 0.582101
0.141146 -0.034671 0.584519
0.139110 -0.034219 0.586010
0.140892 -0.033487 0.585197
0.138071 -0.034038 0.584434
0.139395 -0.034252 0.586832
0.139421 -0.034888 0.585378
0.139908 -0.036312 0.585919
0.139477 -0.035409 0.585243
0.139017 -0.034144 0.585991
0.139514 -0.035229 0.586421
0.141797 -0.037374 0.585900
0.142187 -0.035635 0.588459
0.140908 -0.036393 0.587293
0.141131 -0.034341 0.587661
0.140590 -0.034802 0.586306
0.140627 -0.036036 0.587988
0.139284 -0.035774 0.589482
0.140875 -0.035601 0.588306
0.138330 -0.036660 0.588643
0.142015 -0.034902 0.588180
0.144520 -0.034842 0.589406
0.140674 -0.034752 0.589040
0.141961 -0.035549 0.590025
0.141694 -0.034138 0.590830
0.140373 -0.035753 0.589916
0.139587 -0.035701 0.589610
0.142309 -0.034300 0.590598
0.140263 -0.034506 0.590100
0.141585 -0.035747 0.590850
0.140321 -0.035089 0.591146
0.140725 -0.034962 0.591107
0.141534 -0.036692 0.592262
0.141863 -0.035278 0.591751
0.141368 -0.034857 0.593649
0.141157 -0.035721 0.592935
0.140737 -0.036931 0.592236
0.143356 -0.034765 0.593717
0.141940 -0.036487 0.594085
0.141782 -0.035269 0.592958
0.144906 -0.033673 0.593517
0.140770 -0.034247 0.593363
0.142742 -0.034519 0.594969
0.142311 -0.036536 0.594610
0.142205 -0.033997 0.593324
0.141639 -0.034813 0.595315
0.141591 -0.035572 0.593462
0.143209 -0.034336 0.594066
0.143059 -0.035640 0.597682
0.142792 -0.035040 0.597503
0.141882 -0.033317 0.596305
0.142635 -0.035659 0.595435
0.142031 -0.034827 0.597603
0.141872 -0.032649 0.595669
0.142179 -0.034043 0.597614
0.142627 -0.036194 0.598228
0.143805 -0.033789 0.597809
0.141817 -0.033867 0.597879
0.142322 -0.033812 0.598956
0.143215 -0.035332 0.597548
0.141259 -0.036885 0.600878
0.141074 -0.035568 0.601339
0.141887 -0.036029 0.600875
0.142478 -0.034895 0.599856
0.141554 -0.034469 0.600024
0.143310 -0.033168 0.599264
0.144484 -0.036282 0.599275
0.140686 -0.035014 0.601034
0.141588 -0.035261 0.599160
0.144182 -0.035550 0.600120
0.142362 -0.034011 0.601416
0.143812 -0.034342 0.600064
0.142363 -0.036971 0.601569
0.140618 -0.035483 0.604488
0.143750 -0.034988 0.601425
0.144352 -0.034569 0.601789
0.141886 -0.032878 0.601953
0.140872 -0.035198 0.602800
0.141205 -0.035475 0.604130
0.142922 -0.035621 0.604045
0.142025 -0.035143 0.604413
0.140805 -0.035897 0.602387
0.139972 -0.034612 0.604571
0.141922 -0.033483 0.603331
0.144226 -0.034509 0.604054
0.140861 -0.033439 0.603749
0.142676 -0.033538 0.606094
0.141948 -0.035429 0.606474
0.141780 -0.034242 0.606838
0.139847 -0.034729 0.605490
0.141752 -0.035878 0.606466
0.142129 -0.035907 0.606269
0.141605 -0.035869 0.608289
0.143353 -0.033851 0.605545
0.141069 -0.034526 0.606005
0.140724 -0.033683 0.608199
0.141128 -0.038104 0.607860
0.140521 -0.035356 0.607932
0.143496 -0.034945 0.609230
0.142363 -0.032941 0.608822
0.141374 -0.035200 0.610013
0.141968 -0.034080 0.609259
0.141682 -0.035525 0.606845
0.140538 -0.034053 0.610630
0.140978 -0.035725 0.610864
0.141850 -0.035182 0.608776
0.141203 -0.035192 0.611639
0.141368 -0.033919 0.609118
0.140357 -0.034647 0.610571
0.139733 -0.034869 0.610808
0.143101 -0.034075 0.611075
0.141210 -0.033892 0.610863
0.140277 -0.035091 0.610746
0.138598 -0.033622 0.611793
0.139226 -0.033731 0.612719
0.141587 -0.034039 0.611914
0.140588 -0.035038 0.612456
0.141363 -0.036448 0.612893
0.140196 -0.034565 0.612214
0.140693 -0.036279 0.612325
0.141965 -0.034090 0.612913
0.139799 -0.034561 0.613925
0.139580 -0.035163 0.614788
0.139967 -0.035060 0.614676
0.138572 -0.034846 0.614906
0.140543 -0.034269 0.615521
0.141636 -0.034160 0.616417
0.140963 -0.034428 0.615099
0.136647 -0.032944 0.615754
0.139534 -0.034642 0.615697
0.139417 -0.034193 0.615774
0.139129 -0.032008 0.614470
0.140791 -0.034862 0.615248
0.136283 -0.035761 0.615157
0.140993 -0.033855 0.614356
0.139466 -0.034805 0.617883
0.137614 -0.035796 0.616531
0.140325 -0.033078 0.617340
0.138401 -0.036094 0.616749
0.138176 -0.034841 0.618639
0.138971 -0.033817 0.618447
0.138987 -0.033897 0.619702
0.136686 -0.033681 0.616783
0.138783 -0.034055 0.619160
0.138896 -0.035203 0.619263
0.136625 -0.032967 0.619150
0.137048 -0.033670 0.620338
0.136427 -0.036222 0.620600
0.136807 -0.036025 0.620501
0.135877 -0.035461 0.619533
0.135065 -0.034578 0.619712
0.137220 -0.035336 0.620674
0.135715 -0.036341 0.619951
0.136984 -0.036206 0.621889
0.136155 -0.034211 0.620819
0.136708 -0.032909 0.577570
0.136844 -0.030776 0.579444
0.136809 -0.031165 0.578624
0.136256 -0.030173 0.579014
0.137946 -0.030161 0.577861
0.136940 -0.029532 0.579504
0.136948 -0.030964 0.579611
0.136167 -0.031366 0.579791
0.137093 -0.030724 0.579906
0.138057 -0.030381 0.581435
0.136648 -0.031125 0.581970
0.139194 -0.033063 0.581330
0.139924 -0.032610 0.586116
0.139532 -0.030252 0.582346
0.137665 -0.031474 0.582808
0.137736 -0.032798 0.583327
0.136988 -0.031415 0.583983
0.139085 -0.030683 0.582955
0.139871 -0.030600 0.583265
0.139815 -0.030819 0.582728
0.138735 -0.030969 0.583554
0.138682 -0.031693 0.581603
0.138799 -0.031437 0.584150
0.139540 -0.031003 0.582154
0.138326 -0.032634 0.583976
0.140209 -0.030635 0.583872
0.139598 -0.029310 0.585322
0.138470 -0.031169 0.583817
0.141002 -0.031390 0.585791
0.139372 -0.031043 0.585879
0.139587 -0.031491 0.585674
0.140237 -0.031453 0.586140
0.140385 -0.031386 0.586226
0.141007 -0.031645 0.587708
0.142455 -0.031605 0.589026
0.138669 -0.031533 0.586248
0.141068 -0.031332 0.586722
0.141306 -0.030081 0.588481
0.139679 -0.031399 0.587145
0.140648 -0.029925 0.587198
0.139932 -0.031905 0.586654
0.141188 -0.029122 0.586819
0.140126 -0.029619 0.588615
0.141495 -0.030720 0.588381
0.141360 -0.030914 0.590211
0.141633 -0.031259 0.588790
0.140075 -0.031179 0.587791
0.140926 -0.031845 0.588649
0.141704 -0.032891 0.587385
0.142752 -0.031215 0.591400
0.140121 -0.030280 0.592129
0.142496 -0.031394 0.590584
0.141073 -0.031027 0.590505
0.140104 -0.029813 0.592387
0.144211 -0.031466 0.591722
0.142273 -0.032345 0.590276
0.141882 -0.031607 0.590305
0.142146 -0.031853 0.592358
0.142680 -0.032950 0.591709
0.142814 -0.031492 0.593738
0.143095 -0.034151 0.592476
0.140528 -0.031893 0.593352
0.141932 -0.031722 0.591902
0.141842 -0.032021 0.595945
0.141895 -0.030904 0.595123
0.142690 -0.032791 0.592063
0.142013 -0.031332 0.593785
0.141769 -0.033150 0.592977
0.142260 -0.031770 0.594466
0.141974 -0.032939 0.594942
0.143094 -0.032030 0.594795
0.142193 -0.029919 0.594407
0.142973 -0.031540 0.593102
0.142449 -0.031081 0.596028
0.142520 -0.031357 0.596877
0.141888 -0.031912 0.597649
0.142630 -0.031069 0.597743
0.143843 -0.031254 0.596213
0.143640 -0.030969 0.597021
0.141039 -0.031695 0.596781
0.142910 -0.031246 0.597784
0.142428 -0.031030 0.598592
0.142649 -0.031424 0.598235
0.142335 -0.029852 0.598818
0.142636 -0.030244 0.597023
0.142673 -0.031074 0.598621
0.142344 -0.031027 0.599909
0.141896 -0.031392 0.600494
0.141158 -0.031659 0.599800
0.142695 -0.029022 0.600970
0.142150 -0.030701 0.600919
0.142134 -0.029881 0.601509
0.141790 -0.033585 0.599039
0.143059 -0.034053 0.600600
0.143569 -0.029590 0.600359
0.142814 -0.031318 0.600641
0.143349 -0.032220 0.601068
0.143163 -0.029899 0.600976
0.144523 -0.030418 0.600539
0.140543 -0.029848 0.603660
0.143208 -0.032105 0.601952
0.143870 -0.031753 0.603196
0.142756 -0.030009 0.602803
0.143173 -0.030001 0.602053
0.142307 -0.032354 0.602775
0.144068 -0.032858 0.603612
0.141720 -0.029871 0.602448
0.142336 -0.030803 0.603822
0.142632 -0.031782 0.605211
0.141920 -0.030250 0.606438
0.140479 -0.031423 0.605791
0.143833 -0.030763 0.604611
0.141770 -0.032599 0.607377
0.141653 -0.030821 0.605780
0.142462 -0.032218 0.606449
0.142499 -0.031064 0.607573
0.143575 -0.030219 0.606106
0.142355 -0.032273 0.607606
0.141848 -0.030494 0.608076
0.141103 -0.030540 0.606496
0.142284 -0.030291 0.608866
0.143768 -0.031025 0.607618
0.142330 -0.032150 0.607713
0.143565 -0.032157 0.608599
0.141468 -0.031994 0.608837
0.141497 -0.033055 0.609396
0.141302 -0.029643 0.609674
0.139619 -0.031089 0.609160
0.141738 -0.030915 0.610404
0.142026 -0.029945 0.609988
0.140685 -0.031634 0.609772
0.142120 -0.031273 0.612067
0.141993 -0.031565 0.609892
0.140650 -0.030307 0.611332
0.141983 -0.030332 0.610714
0.141471 -0.032307 0.611310
0.140535 -0.032849 0.611742
0.141623 -0.030748 0.612753
0.139956 -0.030409 0.611492
0.142207 -0.030588 0.611045
0.139955 -0.032507 0.613482
0.139351 -0.029400 0.613202
0.140068 -0.028908 0.612475
0.140851 -0.032752 0.612792
0.143292 -0.031828 0.611259
0.139726 -0.030217 0.613663
0.141449 -0.030211 0.613258
0.140656 -0.031573 0.615773
0.140600 -0.032511 0.616114
0.140410 -0.031819 0.613733
0.139842 -0.030983 0.615772
0.139987 -0.032834 0.615532
0.140526 -0.031564 0.616842
0.138952 -0.031590 0.614793
0.138894 -0.030153 0.616359
0.141745 -0.031493 0.614903
0.138107 -0.032054 0.615035
0.138643 -0.031854 0.616806
0.139480 -0.031621 0.618090
0.140105 -0.032564 0.616946
0.139717 -0.030807 0.616402
0.138148 -0.031418 0.617443
0.140235 -0.030547 0.618468
0.138723 -0.031158 0.618482
0.138441 -0.030690 0.618841
0.139517 -0.031706 0.618372
0.136064 -0.031349 0.618528
0.137867 -0.032427 0.618573
0.136565 -0.031742 0.619747
0.136027 -0.031757 0.619907
0.138555 -0.032614 0.619206
0.136544 -0.031069 0.619335
0.137180 -0.030068 0.619564
0.136380 -0.030806 0.620493
0.137826 -0.031521 0.620508
0.135703 -0.032358 0.619049
0.136433 -0.031001 0.620525
0.136556 -0.030374 0.620740
0.135785 -0.031635 0.621235
0.136928 -0.031262 0.621619
0.136994 -0.028436 0.578621
0.136148 -0.026599 0.579050
0.136852 -0.026921 0.576637
0.138459 -0.028348 0.578604
0.135776 -0.030845 0.577705
0.139489 -0.028726 0.578616
0.136262 -0.029178 0.578206
0.137129 -0.027357 0.581425
0.138629 -0.029128 0.581818
0.136790 -0.028762 0.581599
0.138321 -0.026511 0.581422
0.139710 -0.027595 0.581681
0.138197 -0.026939 0.581737
0.136739 -0.027182 0.583085
0.137331 -0.028061 0.582569
0.139587 -0.029253 0.581586
0.138327 -0.027488 0.583580
0.138851 -0.026508 0.581338
0.136971 -0.029857 0.583107
0.138139 -0.027983 0.583175
0.138844 -0.029335 0.584532
0.139757 -0.028212 0.584827
0.139359 -0.030856 0.583855
0.139356 -0.028321 0.584136
0.137682 -0.027320 0.583569
0.138646 -0.028463 0.582559
0.139576 -0.028277 0.583675
0.138685 -0.028468 0.585125
0.139502 -0.029114 0.584248
0.138105 -0.028571 0.584194
0.139064 -0.027929 0.583355
0.140806 -0.026915 0.586803
0.141384 -0.027127 0.585051
0.138846 -0.028895 0.585698
0.140221 -0.028648 0.585375
0.140757 -0.026672 0.586478
0.138924 -0.025935 0.586913
0.140590 -0.027274 0.586766
0.140169 -0.028925 0.586289
0.140652 -0.026817 0.587353
0.143109 -0.028941 0.587058
0.140348 -0.026817 0.587670
0.141486 -0.028059 0.589809
0.138287 -0.026609 0.589555
0.140829 -0.029281 0.588713
0.138684 -0.028613 0.589862
0.141850 -0.029108 0.588694
0.140500 -0.026153 0.588376
0.143309 -0.027674 0.590901
0.140633 -0.027711 0.589947
0.141104 -0.028393 0.590635
0.141033 -0.027779 0.589319
0.144639 -0.028865 0.589685
0.141317 -0.028254 0.592446
0.140875 -0.027537 0.591983
0.140839 -0.029749 0.592078
0.141270 -0.028192 0.591846
0.142546 -0.028539 0.590904
0.141344 -0.027890 0.589393
0.141883 -0.028204 0.593844
0.142309 -0.028403 0.592731
0.141401 -0.027049 0.593503
0.141320 -0.027178 0.592706
0.141390 -0.026854 0.592951
0.143490 -0.029467 0.593421
0.141191 -0.028594 0.594607
0.142765 -0.028199 0.592673
0.141278 -0.027863 0.594290
0.143393 -0.026662 0.594613
0.141731 -0.026712 0.593433
0.142774 -0.027584 0.595592
0.141113 -0.027428 0.596665
0.142265 -0.028956 0.594407
0.143279 -0.027580 0.595335
0.141902 -0.029143 0.596354
0.141191 -0.029361 0.595769
0.141093 -0.025238 0.597573
0.143745 -0.026828 0.596571
0.140820 -0.027280 0.597780
0.143060 -0.027168 0.596882
0.142953 -0.029111 0.600131
0.144121 -0.026915 0.597038
0.140743 -0.026779 0.599646
0.142867 -0.029165 0.598296
0.142427 -0.027582 0.598517
0.144127 -0.028856 0.599624
0.141347 -0.028608 0.601218
0.142281 -0.027600 0.600112
0.144050 -0.028975 0.598389
0.143011 -0.028345 0.600252
0.143961 -0.027680 0.599265
0.143114 -0.027329 0.600536
0.143300 -0.028148 0.601258
0.142678 -0.029257 0.600101
0.143679 -0.027831 0.599659
0.142555 -0.025665 0.600421
0.143603 -0.026481 0.600925
0.142915 -0.026720 0.602446
0.143483 -0.028333 0.601411
0.142484 -0.027514 0.602365
0.142205 -0.029448 0.603053
0.143141 -0.029733 0.604595
0.141823 -0.028468 0.602776
0.143114 -0.027399 0.603561
0.142132 -0.026251 0.602478
0.141421 -0.029061 0.603810
0.141904 -0.027128 0.603757
0.142053 -0.027948 0.604381
0.142705 -0.028700 0.606872
0.143400 -0.028447 0.604441
0.141350 -0.028410 0.606555
0.141511 -0.028333 0.605152
0.144341 -0.025961 0.605639
0.143173 -0.030270 0.605223
0.142160 -0.028656 0.604387
0.142064 -0.027560 0.606415
0.142477 -0.026730 0.603923
0.143589 -0.028063 0.607214
0.141136 -0.027617 0.606993
0.141606 -0.029249 0.609146
0.141348 -0.029656 0.607499
0.142256 -0.027180 0.608000
0.142314 -0.027960 0.607732
0.140780 -0.027633 0.609048
0.140594 -0.026740 0.608685
0.140459 -0.026864 0.611015
0.141294 -0.026256 0.608171
0.140982 -0.026973 0.609695
0.139523 -0.028082 0.609301
0.141147 -0.028380 0.611684
0.140397 -0.028503 0.611286
0.140330 -0.028935 0.610743
0.140674 -0.028057 0.609612
0.139180 -0.029187 0.610674
0.142801 -0.027727 0.609447
0.140367 -0.028449 0.611699
0.140820 -0.029371 0.612913
0.141115 -0.026821 0.613709
0.140824 -0.028339 0.611458
0.140100 -0.027768 0.611026
0.139566 -0.029513 0.612807
0.140483 -0.027010 0.613031
0.139954 -0.029728 0.613548
0.140221 -0.028942 0.613493
0.139296 -0.027490 0.613085
0.140437 -0.028049 0.614185
0.141919 -0.027329 0.613745
0.140818 -0.026334 0.614687
0.140973 -0.029109 0.614515
0.138983 -0.027068 0.613270
0.139355 -0.026643 0.613692
0.138270 -0.027963 0.614025
0.139589 -0.028068 0.613298
0.139141 -0.027577 0.617034
0.140106 -0.028422 0.614387
0.139270 -0.026483 0.614574
0.139273 -0.027773 0.616507
0.138456 -0.029296 0.616591
0.139395 -0.028440 0.617164
0.138357 -0.028198 0.616776
0.139393 -0.029578 0.615868
0.140299 -0.027527 0.616532
0.138215 -0.026083 0.616762
0.137174 -0.029648 0.619637
0.136787 -0.028248 0.618412
0.138400 -0.030336 0.619358
0.137439 -0.027303 0.618140
0.138006 -0.028478 0.621024
0.139030 -0.026978 0.618765
0.137556 -0.028462 0.618469
0.139207 -0.029449 0.619669
0.138748 -0.029330 0.618325
0.136487 -0.027902 0.619195
0.137654 -0.028045 0.621292
0.137541 -0.027440 0.618566
0.136064 -0.027838 0.619377
0.136448 -0.028308 0.619834
0.138130 -0.026917 0.620822
0.138615 -0.029492 0.623755
0.136363 -0.027633 0.620919
0.135028 -0.023817 0.579221
0.135173 -0.024466 0.578701
0.135917 -0.023101 0.578068
0.136296 -0.023704 0.579314
0.136677 -0.025113 0.579085
0.137051 -0.025430 0.579985
0.137400 -0.024291 0.579838
0.137542 -0.024249 0.579372
0.136572 -0.024556 0.579900
0.136965 -0.025572 0.580258
0.139056 -0.025503 0.580018
0.139080 -0.023992 0.581181
0.138908 -0.024158 0.580337
0.138089 -0.025136 0.580188
0.139858 -0.024162 0.583124
0.137424 -0.024580 0.582210
0.139561 -0.023897 0.582120
0.139198 -0.024479 0.582682
0.139264 -0.024515 0.582633
0.139143 -0.023382 0.583484
0.139866 -0.024582 0.585166
0.136792 -0.023952 0.583369
0.138828 -0.025285 0.582001
0.139128 -0.024417 0.583919
0.137986 -0.025557 0.584690
0.139570 -0.025510 0.584653
0.141258 -0.025699 0.582674
0.138642 -0.025634 0.583208
0.139198 -0.022814 0.586516
0.140112 -0.024412 0.587120
0.138807 -0.025260 0.585545
0.140151 -0.023015 0.584547
0.140631 -0.024095 0.586322
0.138721 -0.025061 0.584707
0.141031 -0.025334 0.585435
0.140927 -0.026988 0.586773
0.141646 -0.023563 0.588065
0.139410 -0.022736 0.588360
0.140262 -0.025156 0.587351
0.140889 -0.025707 0.587901
0.141636 -0.026114 0.588894
0.140202 -0.023532 0.587929
0.138709 -0.025335 0.589327
0.141446 -0.025771 0.587792
0.141567 -0.025329 0.587425
0.140236 -0.024754 0.590045
0.140778 -0.024564 0.589185
0.142519 -0.023344 0.590863
0.141246 -0.023277 0.589569
0.141786 -0.023720 0.592625
0.140087 -0.025771 0.592686
0.141916 -0.023672 0.591955
0.140454 -0.024840 0.592960
0.141894 -0.024523 0.592264
0.141821 -0.024836 0.591691
0.141320 -0.023140 0.589804
0.141225 -0.025431 0.590349
0.142432 -0.025337 0.591802
0.140703 -0.024003 0.590894
0.142075 -0.024852 0.593209
0.142778 -0.025004 0.593310
0.140470 -0.021823 0.592373
0.142195 -0.023847 0.592754
0.142203 -0.024542 0.592974
0.141537 -0.025522 0.592835
0.143466 -0.024618 0.593395
0.143547 -0.023300 0.593908
0.141239 -0.024945 0.593606
0.142480 -0.024136 0.594815
0.142224 -0.022943 0.597593
0.141264 -0.026820 0.594140
0.141843 -0.022989 0.595529
0.141788 -0.023461 0.593280
0.142412 -0.024578 0.594888
0.142006 -0.026707 0.597167
0.142436 -0.023826 0.595073
0.141358 -0.023521 0.596566
0.144559 -0.023835 0.595987
0.142315 -0.026220 0.597958
0.144085 -0.025014 0.598280
0.142386 -0.024666 0.597881
0.140554 -0.024220 0.596791
0.142804 -0.022193 0.596832
0.141472 -0.025106 0.598575
0.141767 -0.026403 0.598394
0.142580 -0.024672 0.600976
0.141796 -0.026129 0.600465
0.142968 -0.024133 0.600095
0.141781 -0.023143 0.600466
0.139948 -0.024567 0.600210
0.142774 -0.026376 0.600453
0.143764 -0.025227 0.601324
0.143248 -0.023195 0.600720
0.142845 -0.024485 0.601688
0.141098 -0.025075 0.600823
0.143456 -0.024690 0.601597
0.142661 -0.027787 0.602045
0.143724 -0.023472 0.602651
0.142840 -0.025893 0.603552
0.143048 -0.024686 0.602059
0.143585 -0.025832 0.603998
0.142611 -0.024287 0.602693
0.140945 -0.023644 0.601963
0.143858 -0.023679 0.603638
0.140073 -0.027219 0.604132
0.142388 -0.024671 0.603208
0.142106 -0.021733 0.605082
0.141518 -0.026075 0.603729
0.141943 -0.022918 0.604838
0.144009 -0.024643 0.604890
0.142512 -0.025316 0.604983
0.142463 -0.025454 0.605507
0.142689 -0.024806 0.605172
0.142534 -0.024705 0.604844
0.142995 -0.024476 0.606482
0.143416 -0.025100 0.605148
0.141669 -0.026452 0.607262
0.141631 -0.026598 0.605834
0.140638 -0.023927 0.607482
0.141803 -0.022926 0.604779
0.140780 -0.023770 0.607590
0.141112 -0.024443 0.605932
0.142077 -0.023352 0.607638
0.142777 -0.024649 0.610012
0.140493 -0.024519 0.609149
0.140583 -0.025527 0.606845
0.142941 -0.025137 0.607880
0.142604 -0.024249 0.609739
0.141519 -0.025644 0.609314
0.141265 -0.025625 0.608746
0.141668 -0.021666 0.609041
0.140365 -0.025810 0.612130
0.139550 -0.024135 0.612046
0.141306 -0.025389 0.610803
0.141685 -0.024458 0.610183
0.141843 -0.025340 0.610003
0.141405 -0.023748 0.611687
0.141041 -0.023477 0.612116
0.140901 -0.024045 0.612215
0.140680 -0.025642 0.612949
0.139546 -0.025738 0.611940
0.141348 -0.022953 0.612145
0.138059 -0.024563 0.613125
0.141353 -0.022709 0.613915
0.139728 -0.024261 0.615048
0.140550 -0.024960 0.611634
0.141193 -0.024832 0.614291
0.140811 -0.024950 0.612414
0.139405 -0.020622 0.613343
0.140734 -0.024847 0.613922
0.141222 -0.025579 0.614088
0.139961 -0.023856 0.615616
0.140996 -0.023655 0.614843
0.139530 -0.025086 0.615631
0.140892 -0.026933 0.616043
0.138587 -0.024088 0.616302
0.141349 -0.025188 0.616724
0.140170 -0.024774 0.616888
0.137990 -0.024169 0.615304
0.138673 -0.025005 0.616904
0.139478 -0.025169 0.617733
0.138660 -0.022666 0.617333
0.138181 -0.022735 0.618473
0.138909 -0.023470 0.616450
0.138535 -0.024458 0.617769
0.138708 -0.025248 0.619157
0.138636 -0.025656 0.616499
0.139160 -0.024487 0.617892
0.137787 -0.025861 0.618865
0.136739 -0.024818 0.617797
0.138831 -0.024759 0.617606
0.137257 -0.023740 0.617854
0.138543 -0.024025 0.621280
0.137817 -0.024569 0.619785
0.136418 -0.026868 0.620613
0.138611 -0.025140 0.620914
0.136415 -0.024051 0.619706
0.136919 -0.025485 0.620903
0.138440 -0.025105 0.621817
0.137259 -0.025156 0.621852
0.137086 -0.022032 0.578406
0.136908 -0.021880 0.577256
0.138009 -0.020867 0.577615
0.137133 -0.022022 0.580002
0.138967 -0.020522 0.581051
0.136341 -0.022041 0.579871
0.138205 -0.023414 0.579169
0.138890 -0.021772 0.581802
0.136240 -0.023524 0.579131
0.137300 -0.022080 0.580419
0.138790 -0.023213 0.580239
0.138068 -0.020978 0.581846
0.136680 -0.021455 0.579720
0.139079 -0.023041 0.581867
0.137278 -0.022895 0.581665
0.137056 -0.020889 0.582460
0.138330 -0.021959 0.583361
0.140439 -0.021986 0.583493
0.139108 -0.020968 0.580592
0.138700 -0.022204 0.582577
0.140199 -0.020981 0.581534
0.139613 -0.021460 0.582984
0.140189 -0.022884 0.583046
0.138489 -0.022314 0.585675
0.139525 -0.020126 0.584390
0.137908 -0.022826 0.585447
0.139845 -0.019873 0.585000
0.139789 -0.021540 0.586622
0.142592 -0.020039 0.586978
0.140486 -0.020982 0.585125
0.137811 -0.020132 0.586394
0.140687 -0.023303 0.584602
0.141112 -0.020731 0.585223
0.139788 -0.020186 0.585853
0.138965 -0.021513 0.585652
0.141009 -0.018982 0.586881
0.140657 -0.020544 0.587396
0.141414 -0.022867 0.586709
0.141627 -0.021114 0.586624
0.141141 -0.021265 0.585776
0.141329 -0.021423 0.588641
0.138608 -0.020357 0.589282
0.139740 -0.022227 0.589556
0.141741 -0.021684 0.588575
0.140936 -0.022365 0.588954
0.139714 -0.021666 0.590590
0.140784 -0.022157 0.589490
0.141652 -0.022414 0.591621
0.142123 -0.022427 0.588247
0.139099 -0.022600 0.589559
0.141698 -0.021920 0.590936
0.141093 -0.023186 0.590750
0.142201 -0.021467 0.588946
0.141197 -0.021202 0.589894
0.144171 -0.023885 0.591446
0.142502 -0.020318 0.591994
0.140492 -0.019574 0.592376
0.142584 -0.020969 0.593698
0.141035 -0.021607 0.591627
0.141989 -0.020671 0.592580
0.141569 -0.022183 0.591537
0.140482 -0.021139 0.591210
0.141998 -0.021989 0.592366
0.143433 -0.020117 0.592017
0.141392 -0.020182 0.594619
0.141354 -0.020758 0.593608
0.143408 -0.022193 0.592092
0.141414 -0.023008 0.594293
0.143068 -0.021925 0.594827
0.141548 -0.021025 0.594846
0.142656 -0.021367 0.596015
0.140711 -0.020967 0.596474
0.142482 -0.020475 0.594956
0.141815 -0.022362 0.596645
0.140674 -0.021776 0.596498
0.143073 -0.021999 0.597465
0.142342 -0.022084 0.595007
0.142165 -0.021950 0.596150
0.142934 -0.020417 0.596556
0.141447 -0.021145 0.597653
0.141971 -0.022065 0.599714
0.142554 -0.022646 0.598293
0.142739 -0.021837 0.597943
0.141490 -0.021709 0.600919
0.142899 -0.021392 0.599424
0.142904 -0.020188 0.599137
0.142209 -0.022013 0.599159
0.141468 -0.019567 0.597243
0.143675 -0.020537 0.599860
0.142447 -0.020713 0.598353
0.140958 -0.021934 0.600273
0.140929 -0.020802 0.598460
0.143300 -0.022065 0.598270
0.144935 -0.022176 0.599624
0.144095 -0.023251 0.599624
0.143348 -0.023615 0.600545
0.143885 -0.021793 0.602338
0.142000 -0.020395 0.601732
0.144382 -0.021412 0.602991
0.142713 -0.022209 0.602649
0.140942 -0.021314 0.606245
0.142892 -0.021964 0.602457
0.140844 -0.023226 0.602827
0.143707 -0.020451 0.604969
0.140425 -0.023033 0.603658
0.141888 -0.021901 0.601926
0.142527 -0.019781 0.604659
0.143421 -0.021123 0.605415
0.142486 -0.021929 0.605092
0.141245 -0.021024 0.604284
0.142649 -0.021847 0.606074
0.141903 -0.018663 0.604030
0.145099 -0.021713 0.606196
0.142924 -0.020399 0.605704
0.141197 -0.020685 0.606755
0.143233 -0.021494 0.606549
0.141922 -0.021294 0.606463
0.141653 -0.022480 0.607882
0.140828 -0.022693 0.605745
0.141838 -0.021167 0.608444
0.141298 -0.023275 0.607783
0.142602 -0.020129 0.607908
0.141852 -0.020765 0.607029
0.142449 -0.020594 0.608868
0.141489 -0.020546 0.609265
0.141246 -0.022319 0.610698
0.140604 -0.019433 0.608576
0.140492 -0.022791 0.609837
0.143784 -0.022170 0.610273
0.143076 -0.019653 0.611775
0.142004 -0.021123 0.608666
0.141019 -0.020706 0.611595
0.142510 -0.020977 0.610239
0.142171 -0.020949 0.611875
0.141734 -0.021400 0.611553
0.140394 -0.020999 0.611907
0.142373 -0.020012 0.611754
0.139883 -0.021505 0.612045
0.140909 -0.020809 0.613281
0.139743 -0.020849 0.610892
0.139642 -0.023277 0.612735
0.141421 -0.022365 0.611696
0.140407 -0.020987 0.615224
0.140732 -0.020394 0.612794
0.139145 -0.023166 0.612556
0.140825 -0.020838 0.613448
0.141032 -0.020992 0.613800
0.140665 -0.021245 0.614304
0.140183 -0.020534 0.614257
0.138138 -0.021347 0.616190
0.139233 -0.020556 0.615278
0.139644 -0.020559 0.614194
0.138936 -0.020817 0.615695
0.139337 -0.020600 0.616385
0.138506 -0.022351 0.617082
0.137793 -0.021349 0.616834
0.137661 -0.020831 0.616255
0.139421 -0.020429 0.616220
0.138955 -0.020496 0.618096
0.139772 -0.020631 0.615989
0.136892 -0.023289 0.616470
0.139284 -0.020016 0.615303
0.138442 -0.022936 0.618096
0.137291 -0.021458 0.618288
0.139985 -0.019812 0.617671
0.138195 -0.022845 0.617787
0.136771 -0.023305 0.616803
0.138917 -0.022308 0.618137
0.139058 -0.023222 0.617090
0.138557 -0.021606 0.617850
0.138762 -0.022058 0.619052
0.137441 -0.021779 0.618523
0.135924 -0.020753 0.618196
0.137962 -0.019925 0.619965
0.137510 -0.021015 0.621222
0.138382 -0.019389 0.620002
0.136444 -0.022182 0.618838
0.135634 -0.020988 0.620339
0.135626 -0.020165 0.623464
0.136128 -0.022441 0.621744
0.135730 -0.019623 0.579218
0.137776 -0.018680 0.576626
0.137546 -0.016640 0.579017
0.137203 -0.017498 0.577065
0.139785 -0.016675 0.578670
0.136860 -0.018625 0.579645
0.137402 -0.018161 0.580462
0.136585 -0.017709 0.580763
0.137688 -0.016603 0.581118
0.138009 -0.018322 0.581315
0.138180 -0.016354 0.581197
0.138939 -0.016644 0.582228
0.139553 -0.018061 0.579607
0.138937 -0.018217 0.580863
0.139651 -0.016297 0.580784
0.138991 -0.017198 0.579144
0.139431 -0.018760 0.580964
0.137448 -0.017200 0.582566
0.137153 -0.019276 0.584288
0.138220 -0.017876 0.582122
0.138865 -0.017487 0.582720
0.138397 -0.018195 0.583746
0.140207 -0.019205 0.582353
0.141309 -0.018777 0.584412
0.139916 -0.019181 0.585062
0.140284 -0.017965 0.584207
0.140936 -0.019284 0.584853
0.140750 -0.017563 0.585545
0.139189 -0.019026 0.585832
0.138681 -0.017645 0.584678
0.140333 -0.017215 0.584757
0.139856 -0.017135 0.587329
0.138983 -0.018506 0.586081
0.141499 -0.018116 0.587239
0.139861 -0.017738 0.587840
0.141538 -0.018721 0.586722
0.140656 -0.017645 0.587177
0.140429 -0.018663 0.585488
0.139245 -0.019852 0.586440
0.141409 -0.018254 0.588143
0.139781 -0.016307 0.586296
0.141150 -0.017498 0.588723
0.141032 -0.019444 0.588656
0.140596 -0.017901 0.589727
0.140087 -0.018669 0.590041
0.141157 -0.019032 0.588171
0.141776 -0.019068 0.588949
0.141304 -0.016227 0.589453
0.141355 -0.017410 0.589981
0.141631 -0.017160 0.589970
0.140474 -0.016209 0.590951
0.140407 -0.018000 0.590396
0.142489 -0.018720 0.589577
0.142726 -0.017128 0.594890
0.142418 -0.018231 0.591891
0.141719 -0.018295 0.592614
0.142545 -0.017947 0.590736
0.142012 -0.016857 0.591454
0.141104 -0.017734 0.591957
0.141099 -0.017401 0.591224
0.141421 -0.017233 0.591934
0.142097 -0.018929 0.593157
0.141361 -0.018294 0.594617
0.140906 -0.019408 0.594275
0.141529 -0.018226 0.594191
0.142372 -0.018282 0.593633
0.141298 -0.019171 0.594273
0.143278 -0.016190 0.593187
0.142028 -0.018624 0.595971
0.139102 -0.017987 0.594867
0.141220 -0.017488 0.595342
0.141673 -0.017203 0.595372
0.142895 -0.019170 0.596279
0.141235 -0.018448 0.595269
0.142335 -0.018862 0.597121
0.143036 -0.019090 0.596506
0.141963 -0.018858 0.597554
0.142556 -0.018539 0.595673
0.142904 -0.019172 0.596452
0.143062 -0.018074 0.596346
0.143357 -0.017965 0.596258
0.143458 -0.020001 0.595879
0.142882 -0.018039 0.599827
0.143209 -0.017273 0.600971
0.143311 -0.018843 0.598090
0.141816 -0.019215 0.598569
0.142585 -0.015297 0.598204
0.144146 -0.018723 0.600225
0.142605 -0.019034 0.601099
0.141577 -0.017807 0.599572
0.143011 -0.018694 0.600103
0.140312 -0.016771 0.601674
0.143250 -0.016706 0.600644
0.142719 -0.015110 0.601173
0.143557 -0.018155 0.601584
0.142425 -0.018133 0.600415
0.142359 -0.018583 0.601621
0.141952 -0.016702 0.601755
0.144395 -0.016692 0.603595
0.141839 -0.017815 0.602857
0.141676 -0.019024 0.603406
0.139483 -0.018374 0.602544
0.141957 -0.018085 0.601784
0.143043 -0.017911 0.602281
0.143818 -0.018501 0.603682
0.143479 -0.017371 0.602116
0.142748 -0.016671 0.603263
0.141378 -0.017087 0.602604
0.142661 -0.017625 0.605407
0.142222 -0.020290 0.606379
0.141911 -0.017515 0.605333
0.139969 -0.019763 0.604259
0.139694 -0.018411 0.605268
0.140501 -0.018014 0.606129
0.142118 -0.018690 0.606283
0.142885 -0.017053 0.608193
0.141348 -0.018585 0.606304
0.141624 -0.017343 0.607474
0.141779 -0.018260 0.607784
0.142208 -0.019613 0.607049
0.142039 -0.018130 0.608571
0.141402 -0.017464 0.607958
0.139100 -0.018597 0.606488
0.142072 -0.020016 0.607393
0.140813 -0.017981 0.607043
0.141488 -0.017591 0.609005
0.140463 -0.018859 0.611458
0.143363 -0.017649 0.609368
0.141442 -0.018403 0.610653
0.139607 -0.018347 0.610837
0.141601 -0.016243 0.609358
0.141730 -0.018944 0.609681
0.143822 -0.017075 0.611718
0.140513 -0.018193 0.608777
0.140438 -0.018344 0.611878
0.141622 -0.016769 0.613474
0.140078 -0.020525 0.611843
0.141931 -0.018504 0.611772
0.140504 -0.017870 0.613304
0.142379 -0.017505 0.611925
0.140932 -0.017651 0.611760
0.140843 -0.019978 0.612674
0.141430 -0.018647 0.611955
0.140749 -0.018159 0.614771
0.140391 -0.017594 0.613340
0.139756 -0.018758 0.613350
0.139086 -0.018992 0.614157
0.139804 -0.016796 0.615310
0.140669 -0.019369 0.613271
0.141799 -0.018914 0.613558
0.139141 -0.018404 0.616480
0.140228 -0.018777 0.613540
0.139835 -0.017077 0.612586
0.137766 -0.018601 0.614973
0.139408 -0.017756 0.615007
0.139180 -0.017731 0.617129
0.140272 -0.016392 0.616681
0.139182 -0.017713 0.617415
0.140078 -0.019692 0.615918
0.139507 -0.016553 0.618427
0.139840 -0.016367 0.617252
0.137009 -0.017673 0.616564
0.141725 -0.016961 0.616571
0.137652 -0.018289 0.616261
0.139195 -0.018143 0.617627
0.138291 -0.016621 0.617652
0.138633 -0.016747 0.620221
0.137166 -0.018179 0.619086
0.140015 -0.016714 0.617580
0.136712 -0.016732 0.617114
0.136753 -0.015908 0.619508
0.136749 -0.017249 0.618997
0.138552 -0.017924 0.618634
0.137916 -0.017700 0.619381
0.135787 -0.018794 0.619877
0.137347 -0.019596 0.620882
0.137506 -0.018945 0.620209
0.138372 -0.018794 0.621705
0.137406 -0.019079 0.621205
0.137435 -0.016955 0.621321
0.137475 -0.014165 0.577925
0.136610 -0.013543 0.578902
0.137053 -0.014598 0.580229
0.135974 -0.014116 0.579304
0.136711 -0.013928 0.581403
0.137332 -0.015352 0.580021
0.138047 -0.014132 0.580195
0.138035 -0.014135 0.580858
0.137181 -0.013466 0.579380
0.137012 -0.015195 0.582085
0.136980 -0.013928 0.580134
0.138531 -0.013038 0.579791
0.137980 -0.015141 0.580726
0.138322 -0.013450 0.582081
0.138372 -0.015132 0.579408
0.139125 -0.014826 0.579945
0.139212 -0.014033 0.580962
0.137991 -0.015108 0.581974
0.139632 -0.015227 0.582328
0.139493 -0.014394 0.583558
0.136835 -0.013799 0.582274
0.138476 -0.012969 0.584544
0.140058 -0.012343 0.583779
0.138754 -0.013431 0.582513
0.138658 -0.014373 0.584034
0.138464 -0.014606 0.583591
0.141168 -0.013486 0.585685
0.139572 -0.014286 0.584099
0.139399 -0.014524 0.585208
0.140004 -0.014713 0.584189
0.140905 -0.016348 0.585117
0.141440 -0.013969 0.583352
0.139495 -0.016267 0.586385
0.141194 -0.014588 0.585196
0.137437 -0.013495 0.588022
0.139356 -0.014277 0.586297
0.140518 -0.014239 0.588428
0.142231 -0.013520 0.587708
0.140553 -0.013510 0.587875
0.140524 -0.013330 0.587394
0.140027 -0.017303 0.586372
0.141317 -0.016682 0.587013
0.142221 -0.014157 0.589653
0.140220 -0.015648 0.588115
0.141583 -0.016090 0.588914
0.142643 -0.016126 0.589564
0.141899 -0.013524 0.588885
0.140830 -0.014954 0.589837
0.140354 -0.016010 0.588230
0.142103 -0.013069 0.589891
0.139999 -0.012853 0.589384
0.140137 -0.013119 0.588961
0.141795 -0.013985 0.590377
0.142501 -0.013053 0.591659
0.141457 -0.014695 0.591198
0.141447 -0.015254 0.591264
0.143071 -0.014295 0.591479
0.142018 -0.015207 0.592046
0.140514 -0.016891 0.591520
0.141320 -0.012967 0.592854
0.142109 -0.011878 0.594078
0.141209 -0.014134 0.592460
0.143630 -0.014271 0.594225
0.142459 -0.016418 0.594457
0.142592 -0.014482 0.592230
0.142345 -0.015484 0.591663
0.140405 -0.015630 0.594716
0.140909 -0.016804 0.594187
0.142214 -0.016071 0.596815
0.141763 -0.013637 0.595475
0.142443 -0.014612 0.594828
0.141159 -0.014229 0.595010
0.142738 -0.013025 0.594584
0.140802 -0.015917 0.597779
0.141487 -0.015698 0.595111
0.140214 -0.013958 0.595198
0.142345 -0.013669 0.597167
0.142137 -0.016239 0.597229
0.143322 -0.016598 0.596991
0.141754 -0.016911 0.597092
0.142228 -0.014272 0.598334
0.144143 -0.014163 0.596041
0.143599 -0.014624 0.598079
0.143217 -0.014535 0.599112
0.140013 -0.014426 0.599854
0.139990 -0.014830 0.600068
0.141578 -0.014863 0.599900
0.142488 -0.014598 0.600933
0.140593 -0.014917 0.598498
0.142996 -0.014932 0.598646
0.142048 -0.013554 0.599493
0.142682 -0.013307 0.599797
0.143607 -0.014287 0.600855
0.142991 -0.013626 0.599846
0.143422 -0.012766 0.600507
0.143097 -0.015259 0.601160
0.141881 -0.014535 0.601703
0.141391 -0.012983 0.602495
0.143321 -0.014643 0.601511
0.143666 -0.014389 0.602433
0.142722 -0.015600 0.603322
0.142068 -0.015028 0.602262
0.140412 -0.015101 0.603628
0.141629 -0.013426 0.603624
0.140810 -0.013243 0.603553
0.142135 -0.013943 0.602900
0.142571 -0.013656 0.603726
0.142280 -0.014953 0.603554
0.142116 -0.014689 0.604261
0.143130 -0.015215 0.606494
0.141430 -0.016021 0.604289
0.142055 -0.015583 0.604309
0.141213 -0.014626 0.607226
0.140719 -0.014063 0.605321
0.141294 -0.014671 0.606416
0.142812 -0.014543 0.606143
0.142280 -0.017010 0.606489
0.141615 -0.015486 0.606259
0.140723 -0.016270 0.606737
0.141383 -0.014971 0.607229
0.139881 -0.015832 0.606152
0.140959 -0.015546 0.607851
0.142055 -0.013575 0.608036
0.141286 -0.017469 0.607458
0.139983 -0.014988 0.610682
0.142939 -0.017072 0.607232
0.142958 -0.013067 0.609356
0.141029 -0.014492 0.609884
0.140847 -0.014699 0.609181
0.140981 -0.014979 0.610334
0.141213 -0.015242 0.611184
0.139818 -0.014769 0.609364
0.142604 -0.016455 0.610741
0.141074 -0.014024 0.609129
0.141131 -0.015227 0.610069
0.140575 -0.014218 0.610895
0.141387 -0.015051 0.612539
0.139408 -0.012939 0.613268
0.141721 -0.014538 0.611932
0.141073 -0.014737 0.611679
0.140041 -0.015170 0.612292
0.139611 -0.014241 0.611662
0.139322 -0.014324 0.611158
0.140944 -0.014626 0.612462
0.140173 -0.013508 0.613358
0.139136 -0.013497 0.614608
0.140040 -0.015203 0.613331
0.140238 -0.014716 0.614576
0.139699 -0.015653 0.612948
0.139922 -0.014221 0.613179
0.138963 -0.014669 0.615184
0.140252 -0.015321 0.615944
0.139209 -0.014031 0.613186
0.141607 -0.012425 0.614196
0.138829 -0.015515 0.614832
0.140216 -0.014221 0.616573
0.136962 -0.014610 0.615710
0.138734 -0.014812 0.616074
0.139172 -0.014801 0.615068
0.139499 -0.015484 0.617446
0.139052 -0.013146 0.617872
0.140770 -0.013380 0.617206
0.138070 -0.013886 0.618115
0.140292 -0.015161 0.617001
0.139727 -0.013582 0.616208
0.138892 -0.014308 0.618107
0.139352 -0.015279 0.618728
0.140422 -0.013473 0.616064
0.138260 -0.014004 0.619580
0.138354 -0.015485 0.618048
0.138143 -0.013630 0.619865
0.138214 -0.015072 0.619313
0.136968 -0.015003 0.622293
0.139416 -0.014657 0.620324
0.137739 -0.014880 0.619081
0.137125 -0.015059 0.619542
0.138715 -0.013516 0.622399
0.137856 -0.014137 0.621908
0.137504 -0.014263 0.620372
0.137222 -0.014364 0.622119
0.138479 -0.012836 0.578489
0.138182 -0.012020 0.579247
0.137093 -0.011120 0.578677
0.139169 -0.010746 0.577590
0.139884 -0.012911 0.579019
0.136644 -0.009595 0.577462
0.137529 -0.011441 0.579477
0.138545 -0.010840 0.578573
0.137658 -0.012223 0.580097
0.138598 -0.012208 0.581088
0.136847 -0.012239 0.580878
0.136689 -0.011684 0.581551
0.139022 -0.011379 0.581045
0.137073 -0.011085 0.581193
0.138197 -0.010437 0.582382
0.138919 -0.009712 0.582215
0.140398 -0.012397 0.581800
0.138904 -0.010642 0.581368
0.139468 -0.012638 0.581399
0.139433 -0.009903 0.581495
0.138142 -0.010900 0.584815
0.140267 -0.011981 0.582940
0.137803 -0.010373 0.583412
0.139000 -0.012231 0.584787
0.138393 -0.011531 0.585116
0.139683 -0.010303 0.583903
0.138048 -0.011170 0.584195
0.141203 -0.010446 0.583635
0.137789 -0.010727 0.585594
0.138990 -0.012780 0.585107
0.139665 -0.012020 0.586505
0.138711 -0.009433 0.586028
0.139981 -0.011766 0.585309
0.140937 -0.010897 0.586409
0.139465 -0.012421 0.587667
0.138445 -0.011307 0.588094
0.139732 -0.011646 0.585879
0.141326 -0.010196 0.586238
0.140235 -0.012732 0.586310
0.139808 -0.010123 0.587093
0.142241 -0.010542 0.588800
0.142426 -0.011390 0.589263
0.141435 -0.009415 0.588870
0.141274 -0.012195 0.589393
0.138900 -0.011071 0.589467
0.142092 -0.011018 0.588728
0.142174 -0.009932 0.590288
0.140081 -0.012095 0.589903
0.141413 -0.012270 0.589662
0.143194 -0.010879 0.589528
0.142392 -0.013286 0.588624
0.140745 -0.009394 0.589371
0.143077 -0.012994 0.590552
0.140402 -0.010560 0.591298
0.142315 -0.010136 0.591488
0.141587 -0.012733 0.591141
0.140875 -0.010323 0.592214
0.143137 -0.011490 0.592776
0.140994 -0.011223 0.592812
0.144096 -0.009954 0.590031
0.140317 -0.011696 0.593497
0.141916 -0.011747 0.590970
0.142760 -0.011064 0.592640
0.141485 -0.011019 0.591989
0.141281 -0.011580 0.594613
0.141079 -0.012694 0.593793
0.142659 -0.012325 0.593463
0.141525 -0.011848 0.594131
0.142481 -0.010785 0.594700
0.142738 -0.011023 0.593906
0.143188 -0.010575 0.594854
0.141008 -0.010062 0.594954
0.142550 -0.011569 0.592983
0.143803 -0.012685 0.595124
0.142752 -0.012204 0.596861
0.142878 -0.011800 0.595679
0.143245 -0.010583 0.597817
0.142837 -0.010725 0.596997
0.140818 -0.009774 0.596426
0.141690 -0.012305 0.596935
0.141679 -0.011707 0.594547
0.144301 -0.009362 0.598239
0.143195 -0.012064 0.598053
0.142239 -0.009943 0.598837
0.143927 -0.011292 0.599125
0.143091 -0.012756 0.599618
0.142361 -0.011215 0.599047
0.144070 -0.012228 0.599675
0.144215 -0.011018 0.600015
0.144316 -0.010561 0.599703
0.143235 -0.012176 0.600872
0.142411 -0.010519 0.599586
0.140202 -0.011899 0.601066
0.141358 -0.009377 0.599517
0.139975 -0.011100 0.601499
0.142955 -0.009308 0.600289
0.141423 -0.012778 0.601535
0.141754 -0.009414 0.602478
0.141550 -0.013721 0.602991
0.142466 -0.012088 0.601403
0.141550 -0.009741 0.603503
0.141337 -0.011855 0.602109
0.143136 -0.013207 0.601183
0.140419 -0.011941 0.604813
0.142210 -0.010335 0.604130
0.142796 -0.010808 0.603487
0.142634 -0.011539 0.603559
0.142694 -0.010643 0.604240
0.142613 -0.010296 0.604709
0.143087 -0.010153 0.605712
0.141022 -0.011630 0.605824
0.144267 -0.010632 0.605633
0.140953 -0.010692 0.605606
0.142613 -0.010026 0.607722
0.141628 -0.011407 0.606433
0.142816 -0.012112 0.606175
0.143203 -0.010627 0.606861
0.142497 -0.012704 0.606849
0.140819 -0.011740 0.604948
0.142609 -0.012690 0.607164
0.142129 -0.010306 0.608426
0.140435 -0.011592 0.607856
0.143375 -0.011474 0.606309
0.140668 -0.010121 0.608666
0.141958 -0.011937 0.608535
0.141118 -0.009650 0.608676
0.139928 -0.012758 0.608547
0.141280 -0.011994 0.609367
0.142034 -0.010699 0.609678
0.141317 -0.012147 0.608896
0.140776 -0.011016 0.609025
0.140527 -0.011694 0.609962
0.142464 -0.010368 0.613257
0.141790 -0.010172 0.611387
0.140120 -0.010851 0.611758
0.138935 -0.011024 0.611418
0.141317 -0.010512 0.612683
0.140124 -0.011901 0.611492
0.139468 -0.010285 0.611794
0.141284 -0.009264 0.613708
0.140070 -0.013124 0.612373
0.139818 -0.010141 0.612630
0.141032 -0.012737 0.612755
0.140123 -0.010494 0.611290
0.140412 -0.010625 0.613766
0.140541 -0.010237 0.613576
0.140374 -0.010618 0.613522
0.140369 -0.011265 0.615449
0.139633 -0.009216 0.613248
0.139087 -0.012936 0.613292
0.139117 -0.011141 0.616858
0.140471 -0.012977 0.614288
0.137802 -0.012739 0.614364
0.140116 -0.012189 0.613848
0.140340 -0.011911 0.615143
0.139169 -0.011441 0.614826
0.138855 -0.011449 0.617049
0.141019 -0.010593 0.614404
0.138837 -0.012025 0.617168
0.139574 -0.011483 0.616302
0.140083 -0.010708 0.617432
0.140156 -0.013071 0.616203
0.138574 -0.010878 0.615413
0.140070 -0.012010 0.619387
0.138508 -0.012169 0.618618
0.139137 -0.010986 0.618056
0.140968 -0.009924 0.618631
0.137389 -0.011912 0.618458
0.139073 -0.009722 0.620482
0.138585 -0.010644 0.619386
0.138612 -0.012188 0.619626
0.138186 -0.011611 0.620364
0.136746 -0.011951 0.620820
0.138030 -0.012061 0.620201
0.135377 -0.012307 0.621031
0.137893 -0.010955 0.620201
0.136716 -0.011076 0.620065
0.137841 -0.009833 0.619635
0.137306 -0.010921 0.621386
0.137272 -0.009758 0.621688
0.136485 -0.008621 0.578225
0.136835 -0.007485 0.577560
0.139977 -0.006745 0.577964
0.138114 -0.006988 0.579611
0.136115 -0.006608 0.579350
0.137855 -0.009853 0.580066
0.136133 -0.007750 0.579628
0.138168 -0.007565 0.580565
0.138096 -0.007906 0.581320
0.139233 -0.008715 0.580249
0.137387 -0.008345 0.581055
0.138449 -0.007869 0.581534
0.140189 -0.008530 0.580250
0.139602 -0.008493 0.582891
0.139122 -0.006708 0.583120
0.138259 -0.008158 0.581617
0.138042 -0.006480 0.582298
0.139962 -0.009100 0.581965
0.137706 -0.007018 0.584184
0.137380 -0.007207 0.581844
0.139805 -0.007623 0.583539
0.139962 -0.006550 0.584219
0.139746 -0.007930 0.583231
0.139767 -0.007524 0.585160
0.139508 -0.006984 0.583645
0.138320 -0.007318 0.584380
0.139613 -0.007628 0.584516
0.139402 -0.007675 0.584821
0.141780 -0.008975 0.585219
0.141587 -0.005541 0.586635
0.139171 -0.008047 0.589160
0.139873 -0.007210 0.586521
0.140424 -0.008195 0.585291
0.139905 -0.008590 0.587747
0.138943 -0.008324 0.586989
0.139466 -0.007916 0.586618
0.140150 -0.007275 0.585800
0.138370 -0.007502 0.587663
0.140768 -0.008495 0.587554
0.140435 -0.008319 0.588025
0.141745 -0.006857 0.589019
0.138373 -0.008089 0.588713
0.141045 -0.009369 0.588867
0.139898 -0.008638 0.588501
0.141556 -0.010102 0.588560
0.141655 -0.007519 0.588096
0.141185 -0.007741 0.588932
0.142157 -0.006774 0.589580
0.140985 -0.008489 0.590309
0.142470 -0.007554 0.589292
0.143693 -0.008285 0.590623
0.140756 -0.008215 0.591074
0.140896 -0.010702 0.591120
0.140893 -0.008603 0.589611
0.141894 -0.008311 0.590180
0.140978 -0.007179 0.590034
0.141750 -0.007521 0.592055
0.141410 -0.006984 0.591522
0.141020 -0.007721 0.592260
0.141535 -0.007768 0.590495
0.143034 -0.009002 0.592345
0.140034 -0.008013 0.591718
0.144705 -0.006725 0.593542
0.141218 -0.007896 0.592613
0.141894 -0.008047 0.594130
0.141436 -0.005041 0.591079
0.142363 -0.008822 0.593761
0.141203 -0.008063 0.594559
0.143183 -0.008741 0.595223
0.142193 -0.007396 0.595463
0.142659 -0.006990 0.594329
0.141237 -0.008355 0.595839
0.141550 -0.006399 0.595874
0.141660 -0.007974 0.596223
0.143377 -0.008911 0.595500
0.143116 -0.008523 0.597344
0.142177 -0.008595 0.596420
0.141465 -0.007336 0.595579
0.142524 -0.007642 0.598120
0.142018 -0.006764 0.596225
0.142386 -0.007639 0.597227
0.141633 -0.008173 0.598652
0.142895 -0.008004 0.595583
0.143418 -0.006609 0.597883
0.141476 -0.008640 0.598689
0.141803 -0.007285 0.597561
0.141240 -0.009569 0.598211
0.141703 -0.006987 0.598566
0.142237 -0.008813 0.600441
0.141931 -0.007329 0.601912
0.143717 -0.008712 0.599577
0.142331 -0.008125 0.600373
0.142093 -0.006663 0.601844
0.143003 -0.008627 0.599816
0.142792 -0.008305 0.602064
0.141210 -0.007547 0.602140
0.142069 -0.008872 0.600692
0.141962 -0.007470 0.600962
0.142352 -0.007379 0.602933
0.143372 -0.009538 0.602408
0.143398 -0.006880 0.603188
0.142877 -0.010097 0.603293
0.141312 -0.008199 0.602367
0.141485 -0.008268 0.602311
0.142405 -0.007683 0.601239
0.142127 -0.007045 0.602007
0.143351 -0.009488 0.603628
0.141664 -0.008142 0.602677
0.143333 -0.007560 0.604632
0.141249 -0.007173 0.604192
0.141315 -0.007839 0.604925
0.144362 -0.007347 0.607230
0.142378 -0.007494 0.604479
0.142321 -0.007802 0.605195
0.143098 -0.006625 0.605178
0.142095 -0.008593 0.606879
0.142942 -0.007696 0.607356
0.142381 -0.007950 0.605337
0.139986 -0.008006 0.608465
0.141544 -0.008628 0.608749
0.141269 -0.007801 0.608970
0.141910 -0.005943 0.607422
0.139888 -0.009213 0.608209
0.142006 -0.007203 0.606556
0.142105 -0.006669 0.607952
0.141831 -0.007134 0.607824
0.140842 -0.008107 0.609082
0.142042 -0.008602 0.608763
0.141789 -0.006113 0.610402
0.141683 -0.008335 0.609512
0.140331 -0.006865 0.611285
0.141695 -0.008178 0.609583
0.140483 -0.008255 0.609145
0.141053 -0.006794 0.610058
0.140841 -0.006913 0.610694
0.141847 -0.006820 0.611376
0.139229 -0.007652 0.612854
0.141695 -0.008217 0.611109
0.140438 -0.008628 0.612927
0.142281 -0.008092 0.610878
0.141045 -0.006867 0.614052
0.139867 -0.007149 0.613357
0.140052 -0.006518 0.612461
0.140259 -0.008576 0.612474
0.140413 -0.007739 0.613939
0.140531 -0.006191 0.613054
0.140873 -0.008399 0.611666
0.140476 -0.006968 0.613942
0.140438 -0.008112 0.613828
0.140256 -0.008002 0.615841
0.140120 -0.007329 0.614194
0.140255 -0.008479 0.614905
0.138266 -0.008303 0.613188
0.138818 -0.006387 0.616893
0.137621 -0.008667 0.616467
0.141355 -0.008695 0.614791
0.139245 -0.007636 0.617050
0.139847 -0.009552 0.615198
0.140788 -0.007876 0.617603
0.137740 -0.005845 0.617669
0.139019 -0.007617 0.616947
0.138514 -0.008349 0.616232
0.136753 -0.008305 0.616678
0.138955 -0.006429 0.617674
0.139285 -0.006272 0.617355
0.137763 -0.006037 0.618816
0.138119 -0.007266 0.619946
0.138445 -0.007633 0.619076
0.139374 -0.007918 0.618153
0.137679 -0.007231 0.617995
0.137603 -0.007569 0.618049
0.137614 -0.007594 0.620367
0.136687 -0.008379 0.618475
0.136136 -0.008446 0.619733
0.138113 -0.006318 0.620323
0.136454 -0.007778 0.618803
0.138375 -0.009750 0.620007
0.136110 -0.008026 0.619372
0.136633 -0.006969 0.621496
0.137663 -0.008061 0.619905
0.136184 -0.003595 0.578183
0.136955 -0.004426 0.578109
0.137923 -0.004430 0.581777
0.137187 -0.005909 0.580592
0.136729 -0.003291 0.579898
0.139394 -0.004907 0.579017
0.137598 -0.004256 0.580784
0.138871 -0.005241 0.580922
0.137153 -0.003609 0.579511
0.136631 -0.006199 0.579939
0.138252 -0.002737 0.580733
0.138653 -0.006504 0.580175
0.137308 -0.005714 0.581677
0.138427 -0.002971 0.582481
0.138790 -0.005731 0.582805
0.137103 -0.002866 0.582702
0.137472 -0.004894 0.582358
0.138533 -0.004186 0.582240
0.136028 -0.003694 0.582366
0.139854 -0.006217 0.580739
0.138039 -0.002033 0.583328
0.139532 -0.005580 0.585610
0.140771 -0.005885 0.583237
0.139229 -0.004518 0.582278
0.140580 -0.005154 0.584608
0.140520 -0.006463 0.583474
0.139216 -0.004224 0.583463
0.140559 -0.005401 0.584927
0.139514 -0.005276 0.585163
0.141129 -0.002953 0.584578
0.138161 -0.005060 0.585489
0.140745 -0.004830 0.585554
0.139898 -0.005741 0.585247
0.140620 -0.004783 0.586044
0.140160 -0.001724 0.588017
0.141063 -0.004968 0.587182
0.140790 -0.004455 0.587359
0.141978 -0.005323 0.588309
0.140799 -0.003469 0.586677
0.141214 -0.005528 0.587645
0.139978 -0.003357 0.587032
0.142731 -0.003437 0.589409
0.141858 -0.004008 0.587233
0.141371 -0.003813 0.588737
0.142381 -0.005049 0.587752
0.140402 -0.004373 0.588678
0.140281 -0.004672 0.587999
0.142285 -0.005240 0.589570
0.140981 -0.004993 0.589278
0.140694 -0.004971 0.590435
0.140576 -0.004545 0.590480
0.141666 -0.005734 0.590587
0.143104 -0.002297 0.591288
0.141809 -0.003943 0.591450
0.142567 -0.004043 0.591261
0.142860 -0.004688 0.591463
0.140577 -0.006004 0.590099
0.142082 -0.005376 0.593028
0.144068 -0.003796 0.591821
0.141384 -0.004964 0.591651
0.142096 -0.005499 0.592326
0.140581 -0.003502 0.592470
0.142184 -0.004048 0.591979
0.141218 -0.005316 0.593234
0.143145 -0.004048 0.595260
0.142093 -0.004189 0.594356
0.143277 -0.005716 0.595796
0.143601 -0.005047 0.595110
0.143428 -0.004363 0.594211
0.142844 -0.002571 0.594472
0.141464 -0.003262 0.595119
0.140153 -0.004457 0.594454
0.140524 -0.003777 0.596163
0.143074 -0.002868 0.595085
0.141387 -0.006252 0.595353
0.143261 -0.004488 0.597906
0.143844 -0.005203 0.597320
0.141589 -0.003520 0.597390
0.142821 -0.005851 0.597548
0.143502 -0.004127 0.598337
0.143170 -0.004929 0.597700
0.143520 -0.004931 0.598416
0.142896 -0.003560 0.597324
0.143178 -0.003931 0.595336
0.143369 -0.006421 0.598537
0.142180 -0.003578 0.599843
0.142133 -0.002999 0.599364
0.142286 -0.003966 0.598922
0.142626 -0.006295 0.600192
0.143315 -0.004056 0.598332
0.141816 -0.005294 0.599292
0.142795 -0.003703 0.600204
0.142545 -0.004475 0.599482
0.143703 -0.003475 0.599858
0.144142 -0.003950 0.600854
0.142799 -0.004873 0.600194
0.142743 -0.003663 0.603317
0.142705 -0.006105 0.599897
0.142023 -0.005696 0.601987
0.144131 -0.005815 0.603694
0.142062 -0.004807 0.602583
0.143621 -0.004733 0.601545
0.142815 -0.005993 0.601972
0.142276 -0.004965 0.602543
0.140875 -0.004784 0.604607
0.143823 -0.002924 0.603213
0.141540 -0.003902 0.603770
0.142743 -0.006758 0.604079
0.143067 -0.006202 0.603848
0.142333 -0.002449 0.606170
0.143306 -0.004984 0.605362
0.141982 -0.006273 0.604064
0.143525 -0.003677 0.603822
0.142404 -0.004945 0.604272
0.144342 -0.004822 0.604019
0.140627 -0.001944 0.605255
0.142878 -0.004828 0.604460
0.142801 -0.005479 0.607530
0.142044 -0.005213 0.608433
0.141540 -0.003504 0.607163
0.142638 -0.004365 0.607072
0.142760 -0.004316 0.607478
0.142838 -0.005054 0.607177
0.143253 -0.004387 0.607766
0.141975 -0.005124 0.610005
0.142852 -0.004941 0.607296
0.143565 -0.004160 0.609300
0.142238 -0.005889 0.608513
0.141699 -0.003860 0.610123
0.140794 -0.004740 0.611094
0.142548 -0.005078 0.609397
0.142195 -0.003950 0.608747
0.139697 -0.003292 0.611536
0.141188 -0.003895 0.610147
0.142222 -0.004495 0.609180
0.139593 -0.006865 0.613031
0.140736 -0.005504 0.611305
0.139368 -0.007425 0.611230
0.140367 -0.003895 0.609541
0.141210 -0.004230 0.613745
0.139994 -0.004599 0.611438
0.141899 -0.006329 0.612751
0.141592 -0.005239 0.612391
0.138771 -0.005390 0.613936
0.140298 -0.004699 0.614435
0.140577 -0.006480 0.612191
0.140222 -0.004889 0.613251
0.141153 -0.003765 0.613636
0.140925 -0.005046 0.614761
0.141487 -0.004534 0.613132
0.139202 -0.004903 0.616112
0.138377 -0.002956 0.614753
0.139508 -0.006082 0.614273
0.139085 -0.003869 0.616028
0.140710 -0.006271 0.617141
0.138740 -0.002501 0.615604
0.140016 -0.003645 0.618155
0.141041 -0.005293 0.616858
0.139179 -0.002595 0.617041
0.138055 -0.003394 0.617436
0.139530 -0.005518 0.617071
0.139472 -0.004911 0.618629
0.140597 -0.004381 0.619057
0.137242 -0.005030 0.618312
0.138452 -0.005868 0.618232
0.137027 -0.005694 0.618167
0.136527 -0.005900 0.619249
0.137703 -0.004307 0.619884
0.137938 -0.004235 0.619489
0.138746 -0.004047 0.618377
0.137279 -0.005250 0.618406
0.136391 -0.004386 0.618201
0.137120 -0.003167 0.618356
0.138700 -0.005398 0.621109
0.136929 -0.003869 0.619419
0.135687 -0.005716 0.620839
0.136897 -0.004888 0.619293
0.136491 -0.003061 0.621154
0.136890 -0.004848 0.621550
0.136673 -0.005064 0.622558
0.136950 -0.000043 0.577110
0.137950 -0.002967 0.579819
0.137493 0.000906 0.578914
0.137934 -0.001482 0.579458
0.136409 -0.000274 0.580273
0.138566 -0.000947 0.580626
0.137147 -0.000024 0.578619
0.138201 -0.000779 0.581191
0.138146 -0.001151 0.579856
0.140416 -0.002648 0.582072
0.137132 -0.000845 0.580449
0.138772 -0.000805 0.580131
0.137509 0.000166 0.580780
0.137371 -0.001524 0.582079
0.137694 -0.003012 0.582097
0.138846 0.000143 0.581489
0.138381 -0.002134 0.582985
0.137177 -0.001203 0.583534
0.139866 -0.001928 0.582497
0.136087 0.000270 0.583694
0.138184 0.000410 0.582935
0.140360 -0.001543 0.584940
0.139027 -0.002086 0.583254
0.139994 -0.001432 0.584220
0.140876 -0.002394 0.584574
0.140225 -0.000863 0.583867
0.138626 0.000056 0.583289
0.139135 -0.001311 0.583627
0.139191 -0.001374 0.584158
0.139822 -0.002028 0.583932
0.138177 -0.001029 0.585587
0.138129 -0.001887 0.585905
0.140676 -0.001236 0.586862
0.138194 -0.002466 0.584558
0.138820 0.000954 0.587139
0.140920 -0.000523 0.588007
0.138712 -0.002017 0.587585
0.139934 -0.002888 0.586942
0.138524 -0.002199 0.588432
0.140524 -0.001370 0.587897
0.140677 0.001042 0.588440
0.140591 -0.001236 0.588192
0.140088 0.000471 0.587696
0.139986 -0.000710 0.587896
0.140298 -0.002788 0.587896
0.141417 -0.001341 0.588588
0.142002 -0.000428 0.589456
0.141535 -0.000438 0.589426
0.141868 -0.001028 0.587594
0.143368 -0.001888 0.588433
0.141266 -0.000979 0.590254
0.140895 -0.002070 0.591193
0.143518 -0.002702 0.591122
0.141408 -0.002432 0.589247
0.140875 -0.000314 0.592110
0.143987 -0.001523 0.591182
0.140990 -0.001854 0.590988
0.143053 -0.000628 0.591547
0.141338 -0.001106 0.591115
0.142030 -0.000656 0.593507
0.142277 -0.002095 0.594448
0.142544 -0.001860 0.592795
0.143111 -0.000011 0.594089
0.142657 0.000788 0.593883
0.141824 -0.002161 0.592667
0.141967 -0.001659 0.595375
0.141817 -0.001934 0.594270
0.143282 -0.001855 0.594814
0.141505 -0.000451 0.597033
0.141909 -0.001593 0.595220
0.140425 -0.003443 0.594472
0.141666 -0.001754 0.595752
0.141158 -0.000689 0.595172
0.143983 -0.001772 0.595974
0.142402 -0.001823 0.596904
0.141852 -0.000821 0.595058
0.142703 0.000134 0.594531
0.142876 -0.001145 0.596163
0.141254 0.000286 0.597730
0.143940 -0.002649 0.599153
0.144252 -0.002795 0.596716
0.142224 -0.003460 0.598846
0.142552 -0.001777 0.598783
0.140747 -0.002347 0.599138
0.140622 -0.000537 0.597540
0.143576 -0.002184 0.597428
0.141865 -0.000522 0.599091
0.142941 -0.001347 0.600862
0.140822 -0.001730 0.600641
0.143250 -0.000915 0.599493
0.143099 -0.003843 0.600594
0.141953 -0.000956 0.600855
0.141476 0.000762 0.599911
0.141417 -0.000671 0.599073
0.142013 -0.001991 0.601477
0.143216 -0.001241 0.601787
0.143902 -0.000498 0.601185
0.142002 0.000588 0.603254
0.142537 -0.001769 0.601497
0.142813 -0.001411 0.602271
0.141472 -0.002103 0.601278
0.141679 -0.000431 0.602022
0.143378 -0.000650 0.604014
0.140692 -0.002617 0.604488
0.143412 -0.001762 0.602743
0.140620 0.000123 0.603694
0.140246 -0.002785 0.603254
0.144006 -0.001204 0.603030
0.141613 -0.001137 0.605244
0.142333 -0.000350 0.605222
0.140861 0.001033 0.605165
0.142609 -0.001770 0.605045
0.141390 -0.000081 0.605461
0.144013 -0.002858 0.604693
0.141696 -0.000989 0.606270
0.142866 -0.000143 0.606892
0.141922 -0.001949 0.606525
0.141744 -0.000765 0.608118
0.142322 -0.001143 0.606593
0.141459 -0.001112 0.607421
0.141279 -0.001145 0.607331
0.142487 -0.000234 0.606109
0.141501 -0.000853 0.606937
0.141254 -0.001001 0.609157
0.141434 -0.000821 0.608890
0.141117 -0.002864 0.609386
0.143419 -0.000723 0.609646
0.142777 -0.003529 0.610995
0.140887 0.000117 0.610669
0.141444 -0.001393 0.609485
0.142338 -0.001173 0.609167
0.140798 -0.001938 0.611806
0.141394 -0.001489 0.610683
0.141829 -0.000987 0.612758
0.139538 -0.000350 0.609659
0.142701 -0.001459 0.611300
0.140933 -0.000297 0.612479
0.141701 0.000069 0.612083
0.140796 -0.001068 0.612630
0.139185 0.000701 0.612712
0.140491 -0.002631 0.612305
0.140344 -0.000784 0.612449
0.140466 -0.000668 0.612055
0.140479 -0.002337 0.611853
0.141678 -0.001515 0.612660
0.138649 -0.000325 0.612541
0.140209 -0.000116 0.613417
0.140273 -0.001140 0.614929
0.139661 -0.000358 0.615480
0.141448 -0.002640 0.614414
0.141602 -0.001704 0.614608
0.141019 -0.001168 0.614677
0.140804 -0.000698 0.615575
0.139646 -0.001010 0.615626
0.138939 -0.001342 0.618089
0.139496 -0.001465 0.615861
0.138739 -0.001332 0.616797
0.140106 -0.000457 0.615597
0.137759 -0.000094 0.617410
0.139968 -0.001094 0.614985
0.138251 -0.002795 0.616226
0.136620 -0.000394 0.616038
0.138794 -0.000977 0.616430
0.139345 0.001394 0.615736
0.137508 -0.000147 0.618777
0.137860 -0.002986 0.618302
0.139166 -0.001413 0.618626
0.137225 -0.000905 0.618136
0.138749 -0.000594 0.617689
0.139634 -0.002585 0.619855
0.137483 -0.002600 0.619296
0.136959 -0.002237 0.617047
0.135894 -0.001186 0.618870
0.138393 -0.000853 0.619298
0.136985 -0.001872 0.620171
0.136935 -0.000395 0.620128
0.138670 -0.000567 0.621415
0.137256 -0.001455 0.621640
0.137531 -0.002050 0.619957
0.136674 -0.002264 0.620576
0.137410 0.000954 0.579953
0.135435 0.002333 0.579128
0.137740 0.001256 0.579291
0.137396 0.001439 0.578390
0.138655 0.000910 0.580784
0.137507 0.001915 0.579200
0.138654 0.002116 0.579911
0.138205 0.002400 0.580238
0.135619 0.000928 0.579457
0.139119 0.001335 0.581431
0.140468 0.003140 0.582940
0.140082 0.002306 0.579230
0.136815 0.002950 0.582033
0.137459 0.003555 0.581349
0.139538 0.000908 0.581495
0.138198 0.002157 0.581386
0.137980 0.000461 0.582468
0.138033 0.001307 0.584125
0.138647 0.001837 0.581303
0.140318 0.002132 0.584761
0.139454 0.001206 0.584089
0.139852 0.002169 0.583038
0.139327 0.002804 0.583912
0.139589 0.002124 0.583923
0.140846 0.001568 0.583725
0.139699 0.003458 0.583500
0.138922 0.000668 0.584628
0.141548 0.003935 0.586069
0.137800 0.003528 0.583978
0.140139 0.002973 0.585692
0.139028 0.003095 0.587045
0.140569 0.002897 0.583477
0.140917 0.000327 0.585552
0.138005 0.002679 0.586196
0.141338 0.001541 0.585822
0.141114 0.002369 0.585163
0.140731 0.001057 0.587794
0.140218 0.001283 0.584879
0.140488 0.003389 0.588271
0.141527 0.002581 0.588053
0.140008 0.001305 0.587979
0.141781 0.001626 0.586682
0.139661 0.000334 0.588538
0.140991 0.001931 0.589196
0.141934 0.001270 0.589806
0.140588 0.002013 0.587460
0.140099 0.003549 0.590928
0.138228 0.001156 0.590519
0.141822 0.001999 0.588695
0.139852 0.002720 0.590812
0.141917 0.003574 0.590237
0.141544 0.000560 0.589947
0.140223 0.000606 0.590324
0.142558 0.002897 0.590496
0.142723 -0.000253 0.592246
0.141833 0.002475 0.591587
0.142655 0.003434 0.590922
0.140575 0.001329 0.593150
0.142113 0.001766 0.591889
0.141387 0.002989 0.593389
0.140404 0.002060 0.594405
0.141475 0.002663 0.593887
0.141062 0.000552 0.591455
0.141934 0.002546 0.592983
0.140986 0.003701 0.593463
0.141663 0.000732 0.594752
0.142657 0.002208 0.594519
0.141419 0.002431 0.595265
0.141191 0.001216 0.594999
0.142022 -0.000076 0.594486
0.142994 0.002349 0.597119
0.142297 0.000209 0.596988
0.141592 0.002050 0.594885
0.143097 0.002573 0.596355
0.143059 0.002147 0.595754
0.140574 0.001643 0.597149
0.143154 0.002302 0.596521
0.142562 0.002052 0.598270
0.142336 0.001103 0.594722
0.141383 0.002274 0.595959
0.142788 0.002365 0.596916
0.140090 0.002361 0.598896
0.142999 0.001507 0.597984
0.141411 0.004319 0.598809
0.141929 0.000158 0.598300
0.141946 0.002153 0.597870
0.142154 0.002215 0.600470
0.143633 0.003366 0.601542
0.141019 0.002778 0.599706
0.141100 0.002555 0.599032
0.142714 0.001245 0.599581
0.142255 0.001826 0.597781
0.143803 0.003196 0.602189
0.142781 0.001689 0.600917
0.141642 0.002250 0.603448
0.143182 0.001539 0.602047
0.140828 0.003846 0.602241
0.141952 0.001925 0.601464
0.141822 0.001935 0.603343
0.141814 0.003318 0.602471
0.142322 0.000788 0.603040
0.143096 0.000525 0.604026
0.143902 0.001349 0.602413
0.141801 0.003551 0.604365
0.143702 0.001956 0.602552
0.142996 0.000617 0.602586
0.141093 0.002767 0.604711
0.142229 0.001564 0.603019
0.141912 -0.000351 0.605662
0.142160 0.002935 0.604029
0.141704 0.000793 0.606368
0.141472 0.003031 0.605246
0.142480 0.003360 0.604033
0.141835 0.003200 0.604445
0.142599 0.003159 0.606251
0.142072 0.004564 0.605600
0.141135 0.003592 0.607624
0.140962 0.002290 0.607003
0.142972 0.001644 0.607260
0.143169 0.002928 0.607464
0.142305 0.002346 0.606875
0.143181 0.002369 0.608453
0.140243 0.001710 0.605464
0.142873 0.001370 0.608538
0.140381 0.002207 0.607871
0.141837 0.004224 0.608421
0.140646 0.003339 0.608124
0.140019 0.001532 0.608805
0.142624 0.003891 0.609127
0.140557 0.002266 0.611493
0.141961 0.003680 0.610504
0.142861 0.002575 0.610424
0.139816 0.003171 0.610959
0.142119 0.002404 0.611534
0.141295 0.001619 0.611610
0.141799 0.002175 0.611052
0.141080 0.001743 0.611537
0.140981 0.002019 0.612379
0.139220 0.000836 0.611286
0.140318 0.001078 0.611898
0.140289 0.005459 0.611625
0.139285 0.003685 0.610203
0.138147 0.000684 0.612956
0.140920 0.002673 0.613325
0.138587 0.001596 0.613433
0.140969 0.001025 0.614041
0.139147 0.002864 0.613491
0.140308 0.002072 0.613607
0.139251 0.002267 0.614962
0.140490 0.001067 0.612835
0.138345 0.001978 0.615621
0.138375 0.001981 0.616464
0.139773 0.000343 0.614780
0.139234 0.002750 0.616216
0.140815 0.001602 0.616014
0.139612 0.003035 0.617104
0.138640 0.002492 0.615150
0.139203 0.000499 0.616342
0.138684 0.001867 0.615183
0.139012 0.000038 0.616946
0.139378 0.002670 0.617596
0.140297 0.002342 0.617034
0.140172 0.002554 0.616020
0.139834 0.001135 0.619313
0.138751 0.002570 0.617606
0.137872 0.002015 0.617588
0.137486 0.001444 0.619137
0.137472 0.001373 0.620551
0.139230 0.002593 0.618216
0.138580 0.003074 0.618844
0.137704 0.003372 0.620816
0.138899 0.001512 0.618267
0.136639 -0.000320 0.621837
0.137843 0.001533 0.620628
0.139384 0.002080 0.619116
0.137089 0.002294 0.621496
0.135600 -0.000246 0.622599
0.137432 0.001264 0.621510
0.137793 0.002051 0.621056
0.138169 0.003828 0.620958
0.136169 0.005509 0.579099
0.137039 0.006182 0.579318
0.135692 0.005970 0.579162
0.139257 0.005644 0.578447
0.138083 0.006599 0.580768
0.137724 0.006782 0.578676
0.137625 0.005769 0.580122
0.136534 0.005274 0.580965
0.136604 0.004458 0.582501
0.137659 0.003911 0.580812
0.139179 0.005652 0.578855
0.135692 0.005741 0.580395
0.139411 0.005357 0.581903
0.139529 0.005526 0.580217
0.138530 0.004241 0.582492
0.138088 0.006322 0.581980
0.138903 0.005860 0.580868
0.138765 0.005660 0.584646
0.139458 0.005697 0.584789
0.138924 0.004283 0.583505
0.139460 0.006002 0.582579
0.139094 0.004858 0.583577
0.138908 0.006323 0.583516
0.140337 0.005736 0.582515
0.137548 0.005420 0.586225
0.140154 0.006405 0.585428
0.139258 0.005334 0.585182
0.138848 0.006121 0.584177
0.141579 0.005692 0.585430
0.140659 0.006844 0.584225
0.141484 0.004685 0.585125
0.138841 0.002617 0.585366
0.139858 0.005591 0.585043
0.140403 0.006363 0.587003
0.141243 0.005667 0.585526
0.139868 0.004108 0.586851
0.140291 0.005447 0.588016
0.140642 0.004052 0.586657
0.140261 0.005269 0.587200
0.138661 0.004906 0.587820
0.141586 0.003916 0.588356
0.141810 0.005487 0.589305
0.141425 0.006139 0.589003
0.140085 0.006712 0.589936
0.142263 0.006111 0.588817
0.142076 0.004729 0.588294
0.140587 0.006647 0.589671
0.139666 0.003763 0.589729
0.141122 0.006687 0.591016
0.142647 0.004056 0.588671
0.142195 0.004732 0.590425
0.140750 0.005962 0.591395
0.142743 0.006509 0.591825
0.143023 0.005063 0.592307
0.140656 0.004597 0.589897
0.141611 0.006130 0.591540
0.139968 0.004788 0.592200
0.142999 0.004655 0.593105
0.143513 0.004058 0.592252
0.142382 0.005928 0.590563
0.142865 0.006600 0.591614
0.141749 0.006513 0.593682
0.142853 0.006403 0.592635
0.142591 0.006097 0.592783
0.141168 0.005671 0.593867
0.141183 0.005873 0.593409
0.142055 0.006214 0.596003
0.141518 0.006283 0.595089
0.143527 0.005409 0.596043
0.140583 0.004228 0.594779
0.142463 0.005613 0.593361
0.143998 0.005897 0.594286
0.143805 0.006136 0.595606
0.141801 0.006753 0.596112
0.143638 0.004984 0.596974
0.141583 0.006665 0.596858
0.141572 0.005771 0.596361
0.141817 0.004560 0.595843
0.142996 0.005808 0.597600
0.143450 0.003729 0.597286
0.142569 0.004236 0.596432
0.143576 0.005246 0.599816
0.144109 0.004547 0.598431
0.143663 0.006864 0.599906
0.141820 0.004414 0.597585
0.141647 0.006555 0.599570
0.143124 0.005463 0.599813
0.143910 0.004060 0.599547
0.144112 0.006742 0.598728
0.142615 0.007799 0.600065
0.142057 0.005980 0.599847
0.142606 0.006504 0.600082
0.143085 0.005291 0.601706
0.141523 0.003214 0.601959
0.141907 0.005093 0.602932
0.142705 0.006272 0.600068
0.144037 0.006411 0.602048
0.142217 0.005819 0.601400
0.143060 0.007477 0.602378
0.142120 0.006765 0.602409
0.140981 0.005410 0.602607
0.140899 0.006550 0.602719
0.144671 0.004982 0.603557
0.142960 0.006993 0.603651
0.141613 0.007710 0.604796
0.142983 0.005842 0.602663
0.141401 0.006810 0.603955
0.143005 0.005286 0.604246
0.141684 0.006176 0.607075
0.140904 0.006362 0.606060
0.140214 0.006767 0.605264
0.142159 0.006120 0.606176
0.142162 0.006424 0.606050
0.142939 0.004833 0.605147
0.144013 0.006311 0.605586
0.140850 0.004988 0.606187
0.142468 0.007042 0.608099
0.142276 0.003717 0.605676
0.141337 0.005537 0.606100
0.140980 0.007335 0.607215
0.142561 0.006788 0.607561
0.141736 0.006087 0.606884
0.142573 0.005551 0.608935
0.143225 0.006721 0.608686
0.142228 0.007107 0.609320
0.142747 0.006055 0.608797
0.141521 0.005076 0.608988
0.141718 0.005637 0.610068
0.141551 0.005263 0.610056
0.139503 0.004751 0.610332
0.141573 0.006708 0.608520
0.140992 0.004745 0.609634
0.140288 0.006558 0.610542
0.141656 0.004649 0.611074
0.139570 0.005042 0.609997
0.138593 0.005978 0.612182
0.141773 0.004240 0.611643
0.141590 0.004389 0.611259
0.142682 0.004710 0.612905
0.140844 0.006368 0.613565
0.139872 0.005582 0.612915
0.141406 0.004808 0.613142
0.141191 0.004789 0.612251
0.139162 0.006435 0.614083
0.141285 0.005845 0.613721
0.139666 0.005526 0.612807
0.139677 0.003249 0.613698
0.138493 0.006489 0.612309
0.139671 0.006849 0.614346
0.138709 0.005978 0.615931
0.140905 0.006198 0.614982
0.139998 0.004410 0.615761
0.137844 0.005705 0.614884
0.139511 0.006205 0.613952
0.138884 0.006535 0.614278
0.140932 0.005202 0.615965
0.140086 0.005799 0.618016
0.138642 0.004496 0.616860
0.140434 0.003444 0.619050
0.139314 0.007022 0.617510
0.139903 0.006541 0.618925
0.139347 0.004900 0.617974
0.139377 0.004819 0.617228
0.138967 0.006281 0.619324
0.138555 0.006768 0.619244
0.139679 0.005298 0.617035
0.136447 0.007365 0.618494
0.137959 0.005075 0.617519
0.135486 0.007204 0.618842
0.137438 0.005442 0.618365
0.138408 0.005892 0.619731
0.137468 0.005904 0.618666
0.138331 0.004941 0.619305
0.139303 0.005479 0.620928
0.136731 0.004891 0.620088
0.137964 0.005634 0.621827
0.137877 0.005107 0.620251
0.136806 0.005954 0.622317
0.136823 0.005838 0.620961
0.137589 0.005990 0.620658
0.136189 0.009785 0.579563
0.136569 0.008841 0.579667
0.136575 0.008547 0.578779
0.135505 0.008718 0.578193
0.136831 0.009096 0.579479
0.135548 0.008058 0.578695
0.138249 0.008596 0.576502
0.137619 0.009700 0.582133
0.137871 0.009689 0.581338
0.137307 0.008674 0.579642
0.137599 0.008310 0.580724
0.139073 0.009536 0.580919
0.137613 0.007451 0.581473
0.137277 0.009087 0.581694
0.139759 0.008341 0.580944
0.139696 0.007062 0.581032
0.138733 0.008222 0.583164
0.138080 0.010906 0.582077
0.138622 0.007906 0.582986
0.138747 0.008266 0.583226
0.137601 0.009727 0.582923
0.137508 0.009898 0.582586
0.139397 0.008772 0.584610
0.139219 0.008719 0.581612
0.139329 0.010030 0.584841
0.139963 0.009336 0.584716
0.140273 0.009573 0.583371
0.138786 0.007839 0.585651
0.139431 0.007125 0.584780
0.140673 0.009803 0.587114
0.138934 0.009905 0.585977
0.139930 0.007966 0.586684
0.139622 0.008830 0.586587
0.140932 0.008570 0.583790
0.139884 0.007346 0.584936
0.138876 0.007692 0.586658
0.140841 0.008809 0.586720
0.138350 0.010162 0.585598
0.139672 0.006268 0.589602
0.138974 0.008629 0.585906
0.141654 0.009998 0.588532
0.139736 0.009019 0.586799
0.141322 0.009237 0.589034
0.140041 0.009111 0.587955
0.140509 0.009200 0.590135
0.140395 0.009031 0.589461
0.140020 0.008322 0.588179
0.141304 0.011371 0.589868
0.141117 0.008493 0.591524
0.142068 0.009552 0.592147
0.141113 0.009739 0.590338
0.140487 0.010596 0.590436
0.144070 0.010752 0.589931
0.140833 0.008759 0.591412
0.142524 0.008922 0.591629
0.142249 0.006639 0.591199
0.143069 0.009148 0.589704
0.141524 0.008736 0.591861
0.140273 0.009583 0.592432
0.142249 0.009999 0.593321
0.141047 0.008366 0.592298
0.141409 0.008715 0.591221
0.141604 0.009847 0.592922
0.141745 0.010006 0.593832
0.141227 0.010131 0.594778
0.142522 0.010217 0.592993
0.142732 0.009044 0.594926
0.143087 0.009100 0.592778
0.142078 0.009435 0.597251
0.141699 0.007627 0.595759
0.142558 0.009163 0.595567
0.141815 0.010101 0.595105
0.142465 0.009918 0.596151
0.141885 0.008820 0.596351
0.140653 0.009375 0.596674
0.141051 0.010446 0.594814
0.139315 0.009285 0.595702
0.142515 0.008408 0.597378
0.143586 0.011984 0.596900
0.142893 0.010039 0.596841
0.143080 0.008859 0.599109
0.139703 0.008364 0.598276
0.142562 0.009020 0.599439
0.143760 0.007430 0.597518
0.141826 0.008300 0.598890
0.140734 0.009584 0.599134
0.141836 0.009127 0.597255
0.141428 0.009098 0.599322
0.142194 0.009296 0.598725
0.141860 0.006894 0.600997
0.141323 0.010038 0.599127
0.142031 0.008081 0.599713
0.142713 0.008049 0.601904
0.141240 0.008594 0.598459
0.142235 0.008282 0.602438
0.144895 0.007907 0.601584
0.142186 0.009013 0.600937
0.141344 0.009591 0.602898
0.141507 0.009020 0.600344
0.142932 0.009976 0.605055
0.142751 0.008524 0.601876
0.142698 0.008988 0.603991
0.142052 0.009965 0.603417
0.142821 0.007449 0.603260
0.141931 0.008002 0.605209
0.140134 0.007035 0.603536
0.142970 0.009255 0.602903
0.141634 0.010154 0.604547
0.142094 0.007536 0.604294
0.141260 0.008380 0.604061
0.141801 0.008610 0.604812
0.144043 0.009484 0.605374
0.142993 0.008684 0.605245
0.140766 0.008080 0.604483
0.141151 0.008662 0.605218
0.144315 0.009158 0.603489
0.140303 0.008520 0.606766
0.143641 0.007421 0.606112
0.142060 0.009188 0.606371
0.141945 0.007019 0.607760
0.140642 0.008908 0.608390
0.141781 0.009428 0.607575
0.141889 0.009352 0.607716
0.140954 0.009698 0.609054
0.141965 0.008691 0.607834
0.141968 0.009544 0.606851
0.140502 0.008254 0.609558
0.139744 0.008768 0.608366
0.139884 0.009354 0.610434
0.142179 0.009725 0.610826
0.141323 0.007918 0.611328
0.142079 0.009354 0.609008
0.142273 0.008624 0.610971
0.141586 0.008222 0.610384
0.140821 0.008020 0.612132
0.141185 0.008694 0.610957
0.141494 0.006639 0.611787
0.141162 0.007373 0.611125
0.139928 0.008801 0.612460
0.143463 0.008793 0.611745
0.141263 0.009736 0.612454
0.139165 0.008777 0.614152
0.140052 0.009012 0.612091
0.141002 0.008341 0.612271
0.142130 0.007859 0.613666
0.140867 0.008117 0.614033
0.140094 0.006785 0.614185
0.140207 0.008847 0.611713
0.140667 0.006381 0.612388
0.138743 0.010372 0.614037
0.142210 0.008443 0.615221
0.138155 0.009511 0.614224
0.142117 0.007674 0.614956
0.139336 0.006951 0.616702
0.138700 0.009452 0.616687
0.138187 0.009603 0.614123
0.139795 0.010744 0.615839
0.138874 0.008964 0.617267
0.137696 0.008097 0.619022
0.137913 0.008000 0.617821
0.139052 0.008879 0.615849
0.138586 0.009735 0.618264
0.137971 0.011122 0.616664
0.137814 0.009196 0.617983
0.140413 0.009076 0.617615
0.139001 0.007657 0.618908
0.139961 0.008699 0.615251
0.137811 0.009166 0.619263
0.138729 0.007605 0.620275
0.135899 0.009658 0.618588
0.138863 0.009194 0.618623
0.138369 0.008206 0.618283
0.136619 0.008216 0.619649
0.136348 0.009820 0.619694
0.136146 0.007031 0.618545
0.136804 0.007745 0.620121
0.137742 0.009424 0.621740
0.137848 0.009139 0.620583
0.136264 0.007772 0.623129
0.136491 0.008896 0.621071
0.135855 0.009368 0.578716
0.137220 0.012864 0.579258
0.137272 0.012744 0.578901
0.137076 0.012336 0.578803
0.138128 0.012568 0.579833
0.139256 0.013190 0.578454
0.138578 0.012678 0.579499
0.136973 0.012349 0.578737
0.136235 0.011671 0.579678
0.138007 0.011153 0.580344
0.137458 0.011163 0.582168
0.138549 0.011202 0.582211
0.137883 0.011759 0.582043
0.139839 0.013128 0.581586
0.139229 0.011611 0.581680
0.138877 0.012942 0.581467
0.138956 0.012335 0.582226
0.139420 0.013780 0.580903
0.139006 0.011129 0.583125
0.139283 0.014384 0.583238
0.141426 0.013616 0.584269
0.139042 0.010221 0.583290
0.139306 0.012523 0.582880
0.140426 0.011953 0.585023
0.141953 0.012589 0.584304
0.140313 0.013101 0.584648
0.139645 0.012538 0.585735
0.138838 0.011439 0.586486
0.139662 0.011824 0.584051
0.137910 0.012580 0.585622
0.139530 0.011586 0.584217
0.140865 0.011244 0.587523
0.140047 0.011451 0.586814
0.140294 0.010724 0.585470
0.140167 0.011627 0.587937
0.139665 0.011589 0.585265
0.139426 0.013848 0.586359
0.141930 0.012237 0.585915
0.141372 0.013150 0.588888
0.140800 0.013369 0.588055
0.141655 0.011427 0.587175
0.139941 0.014311 0.589780
0.140810 0.012119 0.588427
0.141496 0.013511 0.587480
0.139658 0.011687 0.589260
0.140174 0.011563 0.588965
0.138485 0.011826 0.590383
0.141806 0.012047 0.589429
0.142432 0.012632 0.589584
0.140506 0.011059 0.589961
0.140512 0.013813 0.591988
0.141565 0.012758 0.592050
0.141122 0.012675 0.591096
0.140646 0.013964 0.590974
0.143864 0.013183 0.591898
0.139890 0.013576 0.590184
0.143508 0.012472 0.591926
0.141747 0.010276 0.592427
0.141711 0.012134 0.592038
0.142988 0.013059 0.593936
0.141729 0.012304 0.592155
0.141556 0.012046 0.592325
0.143268 0.009416 0.592806
0.142805 0.011998 0.593356
0.141175 0.013776 0.595571
0.141171 0.011349 0.593801
0.142859 0.010779 0.594623
0.142370 0.010383 0.594395
0.142135 0.011156 0.593684
0.142177 0.012820 0.596549
0.142318 0.011034 0.595310
0.142047 0.013497 0.594184
0.141549 0.012779 0.596255
0.141399 0.011163 0.595859
0.141658 0.011891 0.596796
0.141955 0.012509 0.595767
0.142596 0.010812 0.595550
0.141441 0.012837 0.595309
0.142251 0.013334 0.597400
0.142175 0.012416 0.598279
0.141508 0.014484 0.599116
0.144186 0.009713 0.597362
0.142946 0.013173 0.596418
0.145471 0.010995 0.599807
0.143527 0.013181 0.597800
0.143438 0.012423 0.597617
0.142317 0.013292 0.599403
0.143238 0.014376 0.599262
0.142786 0.010751 0.599568
0.143451 0.013491 0.599063
0.143247 0.012720 0.601427
0.143921 0.013017 0.599854
0.142769 0.012351 0.600785
0.140928 0.012576 0.600059
0.142320 0.011896 0.602285
0.141970 0.011796 0.599699
0.143106 0.013864 0.602750
0.143585 0.013225 0.602578
0.143140 0.013642 0.600038
0.140294 0.011603 0.602614
0.142334 0.011391 0.601314
0.142003 0.011613 0.602851
0.141977 0.011125 0.602729
0.142889 0.014661 0.603580
0.143697 0.011822 0.603297
0.141929 0.012411 0.603190
0.140696 0.012684 0.603928
0.142742 0.011957 0.603528
0.141273 0.013114 0.604921
0.141651 0.011704 0.605158
0.141388 0.012012 0.604421
0.143554 0.010991 0.607135
0.141966 0.011626 0.605871
0.143438 0.012556 0.605776
0.141890 0.012653 0.605157
0.143383 0.012943 0.606850
0.140899 0.010868 0.606168
0.143652 0.010819 0.606270
0.142680 0.012733 0.607273
0.141971 0.012552 0.608306
0.142882 0.011378 0.606844
0.142012 0.013365 0.607898
0.141622 0.011377 0.607652
0.140797 0.011171 0.609282
0.141363 0.012755 0.606167
0.142463 0.011955 0.609486
0.142448 0.012872 0.607561
0.140956 0.011306 0.609354
0.141548 0.011007 0.609008
0.142046 0.011532 0.611792
0.140848 0.012430 0.609809
0.142230 0.010334 0.609353
0.141050 0.012856 0.609676
0.141713 0.012376 0.612008
0.141100 0.010603 0.611760
0.139148 0.011996 0.610671
0.140243 0.010884 0.610417
0.141201 0.012160 0.612500
0.140860 0.011759 0.611367
0.141212 0.012874 0.612742
0.140868 0.013350 0.611341
0.140556 0.009646 0.611536
0.142107 0.013078 0.612531
0.140625 0.010531 0.613008
0.139588 0.012535 0.613482
0.139199 0.012271 0.613688
0.140328 0.011965 0.611432
0.141776 0.013793 0.613096
0.139786 0.012116 0.614726
0.138353 0.014265 0.612311
0.140084 0.012032 0.614644
0.140340 0.011604 0.614368
0.138950 0.011094 0.615363
0.138458 0.013085 0.615618
0.138895 0.013815 0.613840
0.140374 0.011882 0.615772
0.140483 0.011920 0.618063
0.138908 0.013071 0.617617
0.139490 0.013061 0.616301
0.137423 0.013248 0.616064
0.138675 0.012359 0.616224
0.138966 0.012860 0.616356
0.138235 0.011306 0.616700
0.139630 0.012474 0.619163
0.137346 0.011574 0.615898
0.138819 0.013621 0.615685
0.138748 0.010017 0.619761
0.139242 0.010740 0.618237
0.139364 0.013254 0.618267
0.138430 0.013788 0.619474
0.139164 0.013613 0.620302
0.137985 0.011833 0.619003
0.137638 0.011952 0.618757
0.137118 0.012307 0.619368
0.135209 0.011475 0.619228
0.136157 0.013323 0.620422
0.137870 0.011542 0.621536
0.136412 0.011807 0.620182
0.136291 0.011458 0.621119
0.137273 0.012027 0.621790
0.136513 0.014658 0.577820
0.137525 0.015068 0.579793
0.138024 0.013431 0.579259
0.136451 0.015589 0.579584
0.136379 0.014790 0.578986
0.137456 0.016695 0.578684
0.136653 0.015704 0.578403
0.139793 0.014462 0.581169
0.138105 0.015459 0.580218
0.137511 0.014972 0.579004
0.140365 0.016300 0.579677
0.138797 0.017200 0.581687
0.139215 0.015345 0.581642
0.139689 0.016221 0.582469
0.140070 0.014028 0.583924
0.139680 0.015452 0.582115
0.137849 0.013413 0.581543
0.137262 0.016641 0.582981
0.138310 0.015155 0.583677
0.138832 0.015123 0.583951
0.137736 0.014839 0.582976
0.140410 0.014597 0.582974
0.139152 0.016269 0.583901
0.138348 0.015316 0.582563
0.139509 0.016671 0.586281
0.138868 0.017518 0.583102
0.139079 0.015170 0.584056
0.140464 0.015447 0.583302
0.141122 0.016354 0.585046
0.139907 0.014992 0.585444
0.140710 0.016183 0.585169
0.140764 0.016897 0.585099
0.141032 0.014253 0.586630
0.140055 0.014004 0.584557
0.140666 0.016000 0.585449
0.139652 0.017195 0.587416
0.140470 0.015379 0.585932
0.139424 0.016735 0.588467
0.141050 0.012316 0.587329
0.141107 0.015694 0.587343
0.141209 0.014940 0.588251
0.141119 0.016279 0.587438
0.141990 0.015202 0.588980
0.139147 0.015273 0.587802
0.140531 0.015481 0.588730
0.141308 0.015908 0.588514
0.142314 0.014623 0.590479
0.139619 0.015982 0.588438
0.141613 0.016075 0.588452
0.141380 0.014658 0.589583
0.140511 0.016685 0.589858
0.143037 0.015825 0.591284
0.141591 0.015295 0.590253
0.142539 0.015654 0.591099
0.140747 0.015985 0.593370
0.141428 0.014884 0.592643
0.144169 0.017237 0.590975
0.141666 0.015133 0.591765
0.141606 0.016123 0.592070
0.141877 0.015363 0.592474
0.141879 0.015637 0.591885
0.142319 0.015069 0.591833
0.141990 0.016872 0.592048
0.144288 0.017394 0.593137
0.141852 0.016830 0.593768
0.142382 0.015893 0.595073
0.142680 0.015305 0.593384
0.142579 0.014420 0.596338
0.142109 0.015872 0.593999
0.141972 0.016656 0.594200
0.144821 0.016208 0.596303
0.141723 0.014476 0.596605
0.141908 0.015887 0.597198
0.142558 0.015169 0.596065
0.142554 0.014863 0.595946
0.142602 0.014895 0.597153
0.141906 0.014937 0.596596
0.140266 0.014904 0.598576
0.140191 0.014610 0.597166
0.141356 0.015728 0.596702
0.142041 0.014496 0.597048
0.143209 0.014776 0.598998
0.142701 0.015482 0.597704
0.142905 0.016031 0.598101
0.141998 0.015027 0.597071
0.142817 0.016920 0.600111
0.142304 0.016582 0.598886
0.144062 0.014708 0.599481
0.143855 0.014420 0.598666
0.142897 0.017370 0.601265
0.142045 0.014680 0.601348
0.141566 0.015057 0.601833
0.142846 0.014979 0.601098
0.143298 0.015496 0.600782
0.141746 0.015170 0.602161
0.143631 0.015346 0.599869
0.142071 0.014600 0.600569
0.144026 0.015006 0.602304
0.143755 0.016220 0.600762
0.143657 0.015686 0.601622
0.142539 0.016919 0.603125
0.141299 0.013829 0.602564
0.141152 0.016539 0.603498
0.140727 0.015619 0.603034
0.143382 0.014760 0.603322
0.143870 0.016220 0.602515
0.144302 0.013784 0.603402
0.143288 0.015942 0.603334
0.141399 0.015687 0.603475
0.141569 0.014967 0.603131
0.142945 0.014268 0.605027
0.141230 0.015271 0.605068
0.141243 0.014883 0.606037
0.139704 0.017137 0.605570
0.141429 0.015620 0.604497
0.143265 0.015050 0.606705
0.142507 0.013544 0.606459
0.139862 0.016072 0.607379
0.140297 0.013952 0.607637
0.143738 0.015482 0.608161
0.141961 0.015565 0.606871
0.142148 0.015503 0.607522
0.140987 0.015593 0.606843
0.142807 0.014716 0.606768
0.142114 0.015763 0.607665
0.140717 0.015692 0.608224
0.142375 0.017145 0.609711
0.141131 0.015809 0.610333
0.140298 0.016411 0.610102
0.141493 0.013777 0.609158
0.141052 0.015494 0.608443
0.140291 0.014488 0.609377
0.141769 0.014653 0.610389
0.139672 0.016348 0.610962
0.140955 0.014765 0.609876
0.142462 0.014898 0.612721
0.141892 0.015831 0.611189
0.140470 0.013729 0.610754
0.141031 0.014902 0.611242
0.140932 0.017038 0.613551
0.139413 0.015924 0.611807
0.139731 0.015996 0.614607
0.140707 0.016121 0.611823
0.139949 0.015031 0.611797
0.139007 0.014488 0.612800
0.139245 0.016463 0.613110
0.140366 0.013982 0.611347
0.139717 0.014856 0.612465
0.139160 0.015006 0.615800
0.140242 0.015420 0.614302
0.139846 0.015202 0.615575
0.140371 0.016384 0.616179
0.139973 0.015363 0.617348
0.138382 0.014942 0.614662
0.141119 0.016985 0.615575
0.140089 0.013924 0.617457
0.137791 0.016506 0.617397
0.138808 0.015730 0.616323
0.140870 0.015128 0.614110
0.139190 0.014374 0.617449
0.138996 0.015484 0.616498
0.138294 0.014894 0.617606
0.136853 0.013923 0.617357
0.138341 0.015997 0.616948
0.136816 0.014647 0.616711
0.137510 0.014684 0.616656
0.137608 0.015625 0.620037
0.138240 0.016363 0.618762
0.138791 0.015397 0.618525
0.138445 0.015900 0.619301
0.137700 0.016563 0.618931
0.137362 0.016480 0.619110
0.138646 0.015562 0.622501
0.136620 0.015547 0.617976
0.138742 0.017393 0.620938
0.137412 0.014688 0.621302
0.136095 0.015146 0.619000
0.137497 0.015795 0.622924
0.136997 0.015863 0.621480
0.136329 0.015931 0.622110
0.136593 0.018082 0.578661
0.135003 0.021462 0.579718
0.137421 0.018244 0.577433
0.138309 0.019659 0.578734
0.137019 0.019175 0.578269
0.137083 0.019710 0.582646
0.138053 0.018457 0.578391
0.137246 0.018638 0.579013
0.137325 0.019637 0.580117
0.137552 0.019811 0.581125
0.139049 0.020295 0.580148
0.137769 0.021219 0.579764
0.138612 0.019920 0.579402
0.138494 0.019127 0.581174
0.138195 0.018323 0.581448
0.138217 0.019395 0.580718
0.138159 0.018247 0.580680
0.141348 0.021730 0.581995
0.139893 0.019145 0.581473
0.139562 0.019850 0.583319
0.138016 0.019234 0.583309
0.138842 0.018403 0.584839
0.138140 0.018049 0.583808
0.137175 0.019962 0.585405
0.139989 0.018403 0.584330
0.141673 0.019344 0.585811
0.139583 0.019773 0.584797
0.139650 0.017541 0.584358
0.141617 0.020422 0.585635
0.138360 0.018733 0.584640
0.139856 0.019121 0.584864
0.138823 0.020362 0.586921
0.139442 0.019411 0.584882
0.140304 0.017770 0.587050
0.139860 0.018371 0.585915
0.139913 0.018736 0.586676
0.139730 0.019267 0.586904
0.140213 0.019691 0.586378
0.139558 0.019368 0.587242
0.139454 0.020631 0.589575
0.140972 0.020952 0.587623
0.140787 0.019844 0.588749
0.141070 0.019377 0.587542
0.139667 0.019947 0.590032
0.142065 0.020559 0.588567
0.140617 0.018413 0.589734
0.141811 0.018070 0.588895
0.140014 0.019853 0.588162
0.142575 0.018216 0.591113
0.139649 0.018658 0.589137
0.143183 0.019945 0.590750
0.141612 0.019900 0.590015
0.141259 0.019931 0.591102
0.140798 0.020274 0.592113
0.141563 0.017386 0.592461
0.141143 0.019098 0.591025
0.143043 0.019168 0.590032
0.141012 0.019366 0.591432
0.140712 0.018266 0.591998
0.140118 0.017558 0.591846
0.142267 0.019491 0.593112
0.143371 0.017879 0.592461
0.141929 0.019234 0.592800
0.141304 0.017303 0.591770
0.141054 0.020330 0.594875
0.141291 0.022584 0.592626
0.143437 0.017937 0.592499
0.142486 0.019527 0.593051
0.141644 0.018741 0.592777
0.141441 0.018187 0.594811
0.144017 0.018437 0.593238
0.141073 0.018752 0.593377
0.141458 0.018938 0.594884
0.143146 0.019154 0.596046
0.141342 0.016930 0.598003
0.142092 0.018198 0.594891
0.142304 0.018631 0.596899
0.142435 0.019687 0.597583
0.142825 0.019330 0.597727
0.142212 0.019655 0.594663
0.143040 0.016492 0.597223
0.141359 0.016795 0.597221
0.141703 0.018384 0.599219
0.143816 0.019468 0.597208
0.142613 0.017737 0.600391
0.143017 0.018715 0.599542
0.140965 0.019486 0.596788
0.142758 0.018286 0.597789
0.142846 0.017788 0.600949
0.143424 0.019243 0.599092
0.143081 0.019843 0.600736
0.141004 0.019070 0.601014
0.142709 0.018088 0.601802
0.141421 0.018560 0.600363
0.143816 0.019261 0.601321
0.143358 0.020558 0.601743
0.143601 0.019477 0.601258
0.143246 0.019239 0.600519
0.143795 0.019050 0.602731
0.141789 0.018735 0.602795
0.141922 0.019556 0.602325
0.140640 0.019670 0.601392
0.140502 0.017870 0.603950
0.142095 0.018171 0.603853
0.141678 0.019880 0.602575
0.141104 0.020897 0.602398
0.140882 0.017015 0.604348
0.140661 0.019102 0.603722
0.141526 0.017530 0.603360
0.143744 0.019486 0.604484
0.142056 0.020072 0.605417
0.141851 0.019375 0.604070
0.141187 0.019296 0.605419
0.140836 0.018253 0.606689
0.140251 0.018136 0.607635
0.140482 0.018199 0.604902
0.141190 0.020342 0.607937
0.142139 0.018810 0.606623
0.141329 0.020865 0.607129
0.143285 0.018592 0.608993
0.139285 0.019233 0.607810
0.141745 0.019991 0.608783
0.139411 0.019332 0.606822
0.142418 0.018460 0.608013
0.141171 0.019655 0.608082
0.141646 0.020269 0.607888
0.141895 0.019907 0.608837
0.141407 0.019403 0.608949
0.140543 0.018651 0.607468
0.141185 0.019245 0.608695
0.141745 0.017999 0.608730
0.140826 0.018440 0.609647
0.142719 0.019678 0.611176
0.141169 0.018716 0.611505
0.141643 0.019440 0.611119
0.140353 0.018038 0.610923
0.138242 0.017491 0.613705
0.139734 0.017185 0.611934
0.140527 0.018053 0.611246
0.139586 0.019096 0.610948
0.140134 0.019476 0.613029
0.142111 0.018638 0.613652
0.142401 0.017830 0.612206
0.139956 0.017938 0.614809
0.139684 0.018080 0.613832
0.141252 0.017852 0.613857
0.138968 0.019049 0.613901
0.141620 0.019786 0.612139
0.138810 0.018395 0.613691
0.139522 0.019676 0.614942
0.139179 0.020635 0.612162
0.138822 0.017965 0.614928
0.140993 0.018356 0.616245
0.139215 0.019948 0.615227
0.138996 0.017820 0.616902
0.139426 0.019816 0.613669
0.140254 0.018526 0.615039
0.139500 0.018509 0.615434
0.137222 0.019865 0.617583
0.139407 0.020198 0.617909
0.139270 0.020162 0.617831
0.138786 0.020376 0.617165
0.140147 0.018920 0.616861
0.138757 0.018640 0.617504
0.139419 0.018017 0.616525
0.139450 0.018068 0.616863
0.138501 0.017765 0.620663
0.139231 0.019480 0.617469
0.137035 0.020311 0.619671
0.137959 0.018914 0.618377
0.137338 0.018324 0.619615
0.137295 0.018694 0.619580
0.137934 0.018721 0.622368
0.139244 0.018709 0.618116
0.134904 0.018894 0.619903
0.136255 0.021191 0.618719
0.136769 0.017286 0.620243
0.137888 0.018457 0.621738
0.135422 0.018554 0.621097
0.137351 0.019281 0.620210
0.134659 0.024597 0.580688
0.137285 0.021270 0.578911
0.137158 0.021844 0.578761
0.137292 0.023349 0.579529
0.136792 0.022406 0.578744
0.136879 0.022596 0.579928
0.137317 0.023226 0.580128
0.138057 0.022211 0.581816
0.137940 0.021650 0.580384
0.139905 0.021799 0.580637
0.138203 0.020594 0.579527
0.137355 0.022034 0.582305
0.138012 0.022771 0.582084
0.136913 0.022901 0.580920
0.138518 0.022063 0.580362
0.138202 0.022929 0.582368
0.139536 0.022154 0.583596
0.138157 0.022043 0.582904
0.138501 0.020733 0.582709
0.140795 0.022540 0.582548
0.138040 0.022559 0.582984
0.139426 0.020421 0.582547
0.141236 0.022649 0.583493
0.140168 0.022216 0.583301
0.140128 0.023239 0.583816
0.139887 0.021280 0.585546
0.141601 0.019898 0.585081
0.140571 0.021644 0.586576
0.138384 0.022003 0.586414
0.140639 0.023414 0.586540
0.140749 0.022362 0.583778
0.141161 0.020897 0.583268
0.139440 0.022377 0.585494
0.140775 0.022275 0.586182
0.141241 0.022744 0.587450
0.139887 0.023052 0.585912
0.141324 0.022044 0.586091
0.140317 0.021682 0.586778
0.140188 0.022140 0.586150
0.139241 0.022981 0.586962
0.139837 0.022454 0.588831
0.138562 0.022877 0.588492
0.140924 0.022826 0.588146
0.141830 0.021531 0.588124
0.141282 0.023954 0.588820
0.141656 0.022191 0.587922
0.141525 0.021850 0.589099
0.142626 0.021142 0.588760
0.142339 0.022975 0.589009
0.141064 0.022134 0.589250
0.140829 0.020422 0.589621
0.142518 0.022644 0.590659
0.142558 0.022078 0.589274
0.141263 0.022042 0.589997
0.140672 0.021158 0.590866
0.140458 0.021208 0.592841
0.141572 0.023131 0.590455
0.141412 0.022073 0.591508
0.141080 0.023123 0.591903
0.143200 0.024896 0.592628
0.141865 0.021716 0.591570
0.142070 0.022779 0.590871
0.141923 0.023625 0.593272
0.143834 0.023029 0.593308
0.142840 0.023040 0.594302
0.141699 0.023112 0.592704
0.141730 0.022522 0.593574
0.143026 0.022801 0.593663
0.143300 0.021092 0.596029
0.141852 0.022257 0.595284
0.141625 0.022537 0.595944
0.141964 0.022197 0.594214
0.142359 0.023368 0.595914
0.142271 0.021784 0.596064
0.141972 0.024341 0.596293
0.140909 0.021476 0.597281
0.141088 0.022334 0.595945
0.142605 0.022236 0.597451
0.141291 0.022216 0.596183
0.142926 0.022551 0.598436
0.142678 0.022089 0.598264
0.143598 0.020048 0.597959
0.141929 0.022170 0.601955
0.143667 0.022621 0.597270
0.141910 0.023467 0.598219
0.141020 0.022404 0.599464
0.141652 0.022747 0.598623
0.141477 0.021899 0.598830
0.142495 0.022592 0.599363
0.141123 0.023064 0.599749
0.141845 0.022580 0.601954
0.142717 0.021127 0.600597
0.144048 0.024105 0.598792
0.142158 0.021482 0.600369
0.141424 0.022747 0.601744
0.140922 0.020320 0.601308
0.143033 0.021899 0.600363
0.141972 0.021212 0.601774
0.142189 0.021730 0.602839
0.142027 0.020850 0.601988
0.143147 0.022345 0.603242
0.142442 0.022338 0.603642
0.141900 0.022385 0.602216
0.141997 0.021913 0.602243
0.143006 0.023009 0.604323
0.142187 0.023346 0.603407
0.143121 0.021746 0.605837
0.143102 0.021786 0.603424
0.142502 0.021883 0.605837
0.141993 0.023248 0.607285
0.142024 0.021733 0.604208
0.142033 0.021124 0.606401
0.141087 0.022089 0.603265
0.142766 0.022580 0.605862
0.142429 0.023672 0.605058
0.143404 0.022464 0.606016
0.142591 0.021560 0.605987
0.139333 0.020668 0.607836
0.141803 0.023381 0.607012
0.142226 0.022157 0.605744
0.141058 0.021216 0.608753
0.143037 0.022930 0.609145
0.141086 0.021493 0.607762
0.140670 0.022506 0.607056
0.139605 0.023292 0.608506
0.141452 0.024344 0.607916
0.142350 0.022476 0.610264
0.139434 0.022732 0.609784
0.142237 0.023053 0.609417
0.142071 0.024835 0.609170
0.140487 0.023353 0.609698
0.140508 0.022687 0.609052
0.138907 0.023075 0.612012
0.141461 0.021086 0.609705
0.140234 0.022446 0.610383
0.140758 0.022476 0.611246
0.141814 0.022985 0.609408
0.139633 0.021647 0.611881
0.141046 0.022109 0.610331
0.139195 0.021463 0.611460
0.139424 0.020324 0.613272
0.140095 0.020233 0.612475
0.141596 0.023080 0.611835
0.139288 0.022477 0.612447
0.140475 0.022505 0.613596
0.140830 0.022329 0.610622
0.139368 0.022688 0.614005
0.141984 0.024442 0.614019
0.139706 0.022308 0.615788
0.141141 0.023051 0.615565
0.139247 0.022499 0.615054
0.139800 0.024195 0.616167
0.139681 0.021111 0.616036
0.138187 0.022895 0.614857
0.140972 0.022450 0.616319
0.139005 0.020373 0.616571
0.140055 0.022156 0.616180
0.140425 0.022190 0.617047
0.139676 0.021752 0.615871
0.138206 0.022049 0.617626
0.138590 0.022119 0.617364
0.138733 0.023753 0.619022
0.139416 0.022125 0.617708
0.138995 0.021994 0.618613
0.136663 0.020677 0.618268
0.137163 0.022040 0.619622
0.137436 0.021300 0.618511
0.137818 0.023319 0.618372
0.138444 0.022479 0.618962
0.137253 0.022899 0.618453
0.139131 0.020654 0.618488
0.136831 0.022505 0.620697
0.136880 0.022069 0.617914
0.137040 0.022392 0.620807
0.138417 0.022595 0.620221
0.137846 0.020769 0.619966
0.136226 0.019636 0.621934
0.134577 0.021399 0.621121
0.137579 0.022267 0.622551
0.135841 0.023667 0.622545
0.134365 0.025659 0.578712
0.135737 0.025671 0.578728
0.139467 0.026141 0.578879
0.136428 0.025286 0.580341
0.137269 0.026407 0.582182
0.136212 0.027247 0.579954
0.138773 0.027698 0.579865
0.138181 0.025145 0.581147
0.138466 0.025071 0.582899
0.139685 0.025215 0.581845
0.138856 0.025970 0.580544
0.138400 0.024624 0.581927
0.136938 0.025680 0.580922
0.139323 0.024791 0.581532
0.138228 0.025447 0.581987
0.139244 0.025744 0.581368
0.136628 0.026908 0.584243
0.138794 0.026202 0.582089
0.139234 0.025990 0.582395
0.137871 0.026946 0.580965
0.140829 0.025464 0.584233
0.139918 0.025877 0.584403
0.139504 0.024167 0.584241
0.140225 0.027252 0.582989
0.139726 0.025654 0.586058
0.139622 0.026428 0.584834
0.140461 0.023627 0.585752
0.140831 0.025087 0.584666
0.140487 0.025445 0.584692
0.140573 0.024973 0.586070
0.140690 0.024952 0.585009
0.140779 0.024732 0.586832
0.141297 0.024648 0.587068
0.141433 0.025450 0.586383
0.138903 0.025931 0.587696
0.139525 0.024384 0.586384
0.139073 0.026569 0.586343
0.138286 0.025218 0.587167
0.140874 0.024873 0.587915
0.139895 0.026925 0.587634
0.140647 0.024230 0.588226
0.141652 0.025759 0.587612
0.139828 0.026031 0.587935
0.140228 0.027029 0.588900
0.140582 0.026532 0.588001
0.140873 0.029006 0.587751
0.141953 0.026402 0.590601
0.139551 0.027413 0.590009
0.140490 0.026449 0.588730
0.140503 0.025093 0.589142
0.141528 0.026598 0.590354
0.141193 0.024702 0.589700
0.141237 0.027714 0.591095
0.140927 0.025431 0.590181
0.142133 0.027037 0.593031
0.144087 0.025880 0.592120
0.140279 0.025356 0.591641
0.141535 0.024824 0.592318
0.142565 0.025848 0.592147
0.141726 0.025001 0.591911
0.142399 0.024084 0.592371
0.140611 0.025527 0.592919
0.142226 0.025935 0.592523
0.142760 0.025979 0.594191
0.143407 0.025297 0.594082
0.141046 0.024841 0.593391
0.142731 0.025455 0.593561
0.142744 0.025532 0.593919
0.141815 0.024095 0.594068
0.143261 0.025018 0.594628
0.142402 0.026502 0.594897
0.144216 0.025676 0.594345
0.142615 0.026718 0.597106
0.142429 0.025239 0.597043
0.142694 0.027041 0.598132
0.141282 0.024534 0.595330
0.143355 0.026602 0.597650
0.143289 0.025770 0.597917
0.143108 0.026452 0.597663
0.140837 0.027280 0.597871
0.142500 0.026266 0.597581
0.141903 0.026694 0.597895
0.143447 0.024882 0.599433
0.142871 0.027099 0.597652
0.141971 0.025600 0.599837
0.143453 0.025508 0.600875
0.142369 0.026914 0.599738
0.142273 0.026626 0.599501
0.141586 0.026337 0.600553
0.141450 0.024922 0.599873
0.143359 0.026942 0.601218
0.141075 0.026803 0.599879
0.142088 0.024868 0.600473
0.142630 0.025826 0.600111
0.142283 0.024819 0.603097
0.141087 0.026531 0.601829
0.142550 0.027506 0.601421
0.141823 0.028411 0.602606
0.143284 0.025751 0.602946
0.141773 0.026062 0.603311
0.143039 0.024940 0.602269
0.141407 0.025215 0.604026
0.143415 0.026849 0.602135
0.142467 0.025578 0.603809
0.143318 0.025202 0.603101
0.143915 0.026454 0.602638
0.142880 0.025862 0.606641
0.143420 0.025852 0.603549
0.141438 0.024971 0.604080
0.141879 0.024386 0.603928
0.142413 0.025093 0.604832
0.140405 0.028035 0.604505
0.141504 0.025850 0.604928
0.143376 0.026121 0.605668
0.142356 0.025683 0.606037
0.143251 0.026665 0.607382
0.141526 0.028062 0.607685
0.142721 0.027450 0.607681
0.141164 0.026508 0.607668
0.142254 0.025971 0.606829
0.143555 0.024726 0.606819
0.143127 0.025442 0.607595
0.139955 0.027277 0.607220
0.140760 0.025760 0.608285
0.141056 0.025392 0.608539
0.141942 0.025158 0.608993
0.142399 0.025668 0.607730
0.141273 0.025114 0.609765
0.141772 0.027411 0.609256
0.141340 0.026037 0.609159
0.140679 0.027475 0.608580
0.140834 0.025316 0.610678
0.141357 0.025418 0.611871
0.139633 0.024878 0.611284
0.142021 0.025556 0.612067
0.141382 0.026852 0.609743
0.139925 0.023907 0.610220
0.141582 0.025495 0.611438
0.140457 0.025532 0.613591
0.141151 0.024645 0.612246
0.142026 0.025715 0.611696
0.139935 0.026059 0.612655
0.140505 0.026205 0.611519
0.139624 0.025916 0.613626
0.140075 0.025603 0.613558
0.139564 0.026060 0.612860
0.139325 0.025825 0.614001
0.139682 0.024091 0.613491
0.140185 0.023704 0.612299
0.140451 0.026600 0.614674
0.140761 0.025532 0.613927
0.139722 0.026501 0.616195
0.141287 0.026013 0.614538
0.141176 0.025543 0.616438
0.140285 0.027263 0.615380
0.140233 0.026203 0.616757
0.142282 0.026638 0.617185
0.139505 0.025982 0.617128
0.137513 0.025355 0.616254
0.139127 0.025507 0.615436
0.137088 0.024497 0.615702
0.138298 0.027460 0.617590
0.139254 0.025321 0.617517
0.139398 0.024613 0.616255
0.138977 0.025927 0.617787
0.137284 0.026638 0.618036
0.138592 0.024917 0.618640
0.139730 0.025249 0.618958
0.137839 0.025968 0.620164
0.139248 0.025924 0.619077
0.137002 0.024916 0.619200
0.139029 0.025484 0.618631
0.135934 0.026058 0.621844
0.137414 0.025365 0.621082
0.137786 0.025798 0.619322
0.136987 0.024734 0.620999
0.136550 0.025623 0.621251
0.136786 0.024922 0.620969
0.136740 0.025141 0.622875
0.138139 0.026794 0.620800
0.138668 0.029136 0.578655
0.138049 0.028361 0.578798
0.137426 0.027685 0.579794
0.137355 0.028830 0.579540
0.137380 0.027614 0.580387
0.137077 0.030465 0.581434
0.136322 0.028358 0.579483
0.138032 0.027900 0.579031
0.138944 0.029578 0.579149
0.138280 0.029070 0.580918
0.138210 0.028960 0.582294
0.137391 0.028713 0.579772
0.138554 0.028541 0.581512
0.138390 0.029342 0.579875
0.137448 0.028156 0.582167
0.138703 0.029282 0.583132
0.138968 0.027094 0.581614
0.136974 0.027996 0.584305
0.140296 0.029323 0.583782
0.137476 0.028685 0.584370
0.137610 0.028123 0.583116
0.139209 0.029024 0.584755
0.140910 0.028106 0.583690
0.140106 0.029949 0.580740
0.138647 0.029234 0.583787
0.138438 0.028417 0.583878
0.139507 0.027778 0.584983
0.140257 0.029434 0.583190
0.140346 0.028343 0.583983
0.139924 0.029062 0.585335
0.138841 0.030356 0.586361
0.137554 0.028559 0.584869
0.140959 0.027433 0.586195
0.140779 0.027980 0.586551
0.140471 0.027741 0.586285
0.138378 0.029655 0.587084
0.140730 0.028258 0.586696
0.140361 0.029497 0.587960
0.140351 0.029192 0.586997
0.141220 0.029034 0.587280
0.141065 0.028162 0.588219
0.140375 0.028791 0.589034
0.141372 0.028637 0.588776
0.141536 0.027351 0.588072
0.141591 0.029891 0.589363
0.141716 0.029840 0.588484
0.139625 0.030523 0.586821
0.143165 0.028374 0.590385
0.142149 0.030974 0.588462
0.140823 0.029289 0.589946
0.142761 0.029007 0.590408
0.142194 0.028135 0.589848
0.141200 0.030380 0.590295
0.141929 0.029144 0.589770
0.142140 0.028418 0.590212
0.143675 0.029329 0.591093
0.141502 0.030213 0.591179
0.140280 0.027978 0.591334
0.142540 0.030329 0.591451
0.144500 0.030597 0.592081
0.141712 0.029861 0.592974
0.141294 0.029155 0.592956
0.142642 0.028567 0.594066
0.142344 0.028337 0.595569
0.144797 0.028644 0.594361
0.141989 0.027805 0.593131
0.143939 0.028367 0.595130
0.142945 0.029166 0.591987
0.142117 0.030208 0.595665
0.142180 0.029481 0.594954
0.142277 0.029910 0.595567
0.142073 0.028473 0.597698
0.142191 0.029060 0.595864
0.145949 0.030701 0.596004
0.142064 0.026536 0.594742
0.142688 0.031724 0.596372
0.142914 0.029779 0.596199
0.142701 0.029031 0.597444
0.142614 0.030447 0.596920
0.142084 0.028755 0.596625
0.141954 0.028950 0.597652
0.141005 0.030038 0.598542
0.140156 0.028949 0.598990
0.141581 0.029361 0.597780
0.140900 0.028687 0.599330
0.140241 0.029950 0.600435
0.142503 0.029606 0.600634
0.142754 0.028370 0.600934
0.142406 0.028168 0.599830
0.143243 0.030266 0.599832
0.143863 0.028516 0.597922
0.142245 0.028993 0.600752
0.140790 0.029661 0.600819
0.143139 0.027530 0.601502
0.141859 0.029787 0.601809
0.142060 0.029413 0.601222
0.142979 0.028784 0.601212
0.140964 0.029097 0.601606
0.141532 0.028564 0.601745
0.141096 0.030155 0.603172
0.140745 0.028170 0.601478
0.142538 0.027648 0.599697
0.140926 0.028442 0.603641
0.141381 0.028613 0.605026
0.143566 0.028130 0.602122
0.142121 0.028110 0.603722
0.141794 0.029547 0.606014
0.142503 0.027741 0.603807
0.141558 0.028938 0.604110
0.142120 0.029741 0.604889
0.140644 0.027027 0.604647
0.141241 0.029314 0.606086
0.141464 0.029653 0.605668
0.142172 0.030211 0.604691
0.141782 0.028491 0.607666
0.141443 0.029704 0.607893
0.143719 0.029464 0.605875
0.142846 0.027789 0.606586
0.141967 0.029515 0.605600
0.142497 0.028725 0.610209
0.141706 0.029710 0.607808
0.141960 0.029091 0.607955
0.141988 0.028966 0.606318
0.143157 0.028412 0.608749
0.140918 0.029307 0.607610
0.140720 0.030111 0.607810
0.141592 0.028490 0.609549
0.141572 0.028254 0.609347
0.142530 0.029974 0.609434
0.141473 0.031654 0.610115
0.141513 0.030408 0.611286
0.142040 0.030614 0.610020
0.139384 0.029959 0.611116
0.140643 0.028533 0.609937
0.141074 0.030636 0.610874
0.140049 0.030112 0.612207
0.139228 0.029216 0.609881
0.140018 0.028450 0.613429
0.140790 0.029863 0.610694
0.142239 0.030376 0.611838
0.141036 0.028689 0.611845
0.140518 0.029403 0.613118
0.140270 0.030569 0.613411
0.139797 0.028954 0.612714
0.141000 0.028666 0.613048
0.141555 0.030048 0.613585
0.139368 0.029618 0.613620
0.138135 0.028908 0.616502
0.138995 0.029722 0.614219
0.138799 0.029441 0.615606
0.137796 0.027231 0.616101
0.140178 0.028842 0.616024
0.140157 0.028482 0.614715
0.138337 0.028541 0.615755
0.140766 0.028757 0.615855
0.140879 0.028585 0.615945
0.137744 0.028763 0.614878
0.138888 0.029182 0.615841
0.137905 0.029138 0.617118
0.141504 0.030144 0.615042
0.136818 0.028801 0.616762
0.140138 0.028249 0.617584
0.137665 0.027129 0.618998
0.138195 0.029421 0.618828
0.137504 0.031135 0.620035
0.139173 0.030185 0.618384
0.138097 0.028523 0.618666
0.140010 0.030380 0.619051
0.138349 0.028978 0.618254
0.138430 0.027485 0.618904
0.138790 0.027715 0.619163
0.137254 0.028455 0.619758
0.137254 0.029380 0.620836
0.136532 0.029291 0.620117
0.137132 0.028468 0.621256
0.135532 0.027903 0.619894
0.137260 0.029032 0.621314
0.137955 0.029588 0.621212
0.135146 0.029930 0.618991
0.136349 0.029312 0.623497
0.137846 0.031927 0.577868
0.136600 0.031666 0.577967
0.136902 0.032368 0.580146
0.138450 0.032486 0.580389
0.135345 0.033805 0.577784
0.138420 0.033031 0.576828
0.137501 0.035003 0.580997
0.136464 0.032671 0.578518
0.136675 0.030681 0.580323
0.138006 0.031211 0.580836
0.137697 0.033336 0.580432
0.136492 0.032657 0.580120
0.136874 0.031352 0.583863
0.137739 0.031647 0.581358
0.139060 0.032938 0.583373
0.138916 0.032577 0.582656
0.137700 0.031935 0.584261
0.138138 0.032751 0.581100
0.139416 0.030777 0.582868
0.139578 0.033118 0.583759
0.139293 0.033085 0.583626
0.138479 0.033318 0.582639
0.139328 0.031607 0.584378
0.139693 0.031575 0.583386
0.137844 0.032209 0.583957
0.140808 0.031723 0.584372
0.140844 0.031734 0.583068
0.140977 0.032713 0.584131
0.140023 0.032102 0.586059
0.141011 0.031944 0.584030
0.139658 0.032291 0.586599
0.138080 0.033875 0.584570
0.140163 0.030866 0.586400
0.140328 0.032874 0.584888
0.139386 0.032048 0.587218
0.141331 0.033525 0.585525
0.140564 0.031858 0.586320
0.141279 0.033146 0.585479
0.142278 0.033822 0.588271
0.140521 0.032101 0.588137
0.140272 0.031675 0.588076
0.141425 0.033808 0.587180
0.139842 0.033386 0.588975
0.140309 0.032978 0.589623
0.140916 0.033477 0.589476
0.142201 0.033264 0.589914
0.141129 0.031447 0.589296
0.141498 0.031977 0.591338
0.141368 0.031171 0.590370
0.140007 0.032005 0.588935
0.141026 0.032432 0.590687
0.139767 0.034242 0.591670
0.141284 0.032914 0.590845
0.142429 0.031112 0.589194
0.141693 0.030743 0.592120
0.140591 0.033913 0.591402
0.141764 0.032976 0.591595
0.140568 0.032425 0.592616
0.141583 0.032569 0.593334
0.141911 0.032509 0.593268
0.142194 0.032990 0.592975
0.142173 0.032329 0.593073
0.142423 0.031539 0.593576
0.143333 0.032114 0.593816
0.142398 0.032810 0.594876
0.142554 0.033338 0.591974
0.141833 0.030884 0.594992
0.140794 0.032359 0.595107
0.142499 0.033082 0.593712
0.141728 0.032413 0.593900
0.143367 0.031447 0.596196
0.142427 0.033082 0.594683
0.142422 0.033544 0.596443
0.141427 0.032748 0.595284
0.142810 0.032972 0.593280
0.141848 0.033058 0.597212
0.142922 0.033551 0.596525
0.143227 0.032926 0.596785
0.141510 0.032624 0.596979
0.142340 0.032636 0.596905
0.140802 0.032430 0.598369
0.143144 0.033113 0.598050
0.141715 0.032787 0.597371
0.142352 0.031803 0.598123
0.142854 0.032718 0.599995
0.143623 0.031145 0.599400
0.141399 0.032940 0.598834
0.142391 0.032641 0.599248
0.141203 0.031412 0.599379
0.141374 0.031628 0.599733
0.142077 0.031154 0.600540
0.142724 0.033361 0.600173
0.142146 0.031178 0.601234
0.143170 0.031354 0.599844
0.142057 0.033291 0.600767
0.142359 0.032266 0.601488
0.144497 0.032039 0.602647
0.141913 0.030978 0.602725
0.140888 0.031768 0.602081
0.143274 0.034168 0.602963
0.142187 0.033646 0.603694
0.141683 0.032513 0.604265
0.140900 0.030908 0.603098
0.141182 0.032265 0.603594
0.141792 0.032413 0.603493
0.140697 0.033184 0.604531
0.143131 0.033152 0.603995
0.143671 0.033470 0.603993
0.143530 0.032460 0.606928
0.143072 0.031572 0.603398
0.143561 0.031316 0.603755
0.142316 0.029739 0.604172
0.142258 0.033846 0.602905
0.142157 0.031821 0.605479
0.143261 0.032247 0.606336
0.142167 0.033009 0.606039
0.144913 0.032108 0.605402
0.142204 0.033103 0.605828
0.142956 0.032812 0.608255
0.140545 0.033066 0.607284
0.141092 0.030544 0.607055
0.141539 0.032109 0.608282
0.140556 0.031963 0.607758
0.142047 0.032661 0.609328
0.141540 0.031938 0.608026
0.139547 0.032483 0.609294
0.141379 0.032389 0.610005
0.142815 0.033510 0.608066
0.143398 0.033524 0.609170
0.141418 0.032464 0.609189
0.141174 0.031388 0.609263
0.142111 0.031419 0.607862
0.141427 0.032562 0.611253
0.141672 0.031014 0.611287
0.142081 0.031225 0.611180
0.140194 0.032844 0.609415
0.141406 0.032880 0.610898
0.140859 0.030916 0.611718
0.140102 0.031723 0.611058
0.138662 0.032756 0.612735
0.141561 0.032673 0.612899
0.139996 0.032353 0.612640
0.141199 0.032883 0.613150
0.141247 0.033703 0.613690
0.140019 0.033101 0.614203
0.138479 0.031494 0.614097
0.140026 0.033066 0.614405
0.140585 0.032537 0.613423
0.140072 0.030932 0.613622
0.140097 0.033148 0.615073
0.140674 0.031199 0.616177
0.141009 0.033606 0.615666
0.139290 0.032345 0.616350
0.139709 0.033221 0.614320
0.140121 0.031937 0.615342
0.139415 0.033905 0.617174
0.138392 0.032247 0.616458
0.138442 0.035403 0.616305
0.138052 0.034771 0.616861
0.139989 0.032035 0.619332
0.136252 0.032048 0.615635
0.136972 0.033277 0.616396
0.140437 0.034228 0.617988
0.137653 0.032467 0.617175
0.138939 0.031345 0.618884
0.137825 0.031309 0.618116
0.139081 0.031356 0.618707
0.137049 0.032217 0.620079
0.138334 0.031886 0.619345
0.137677 0.032672 0.621020
0.138354 0.031032 0.619552
0.137696 0.032016 0.619472
0.137532 0.031939 0.619933
0.136860 0.031234 0.617792
0.136780 0.032352 0.620209
0.137575 0.033194 0.617807
0.137061 0.033575 0.623186
0.135126 0.033080 0.620943
0.134137 0.031921 0.621704
0.136517 0.031909 0.621734
0.138823 0.036544 0.577950
0.138167 0.036110 0.579292
0.135138 0.036386 0.579288
0.136903 0.035463 0.579998
0.136414 0.034370 0.578878
0.137364 0.036266 0.578505
0.136539 0.035484 0.579988
0.138824 0.036437 0.578670
0.137108 0.036291 0.577859
0.138355 0.037703 0.581588
0.138105 0.036176 0.579888
0.137270 0.035788 0.581253
0.137161 0.037080 0.580524
0.138649 0.035619 0.582387
0.136097 0.036479 0.581855
0.138694 0.034607 0.583876
0.137492 0.034903 0.584633
0.137174 0.035178 0.581784
0.138192 0.035548 0.581489
0.139534 0.037528 0.581960
0.136913 0.034975 0.583293
0.138542 0.034168 0.583202
0.138515 0.035603 0.584626
0.140470 0.034080 0.583407
0.138554 0.036114 0.582433
0.139435 0.036089 0.585148
0.139833 0.036582 0.585273
0.139521 0.035573 0.584175
0.140468 0.035144 0.585744
0.139856 0.034827 0.586702
0.141160 0.037399 0.583130
0.140421 0.036283 0.586663
0.139790 0.035306 0.587864
0.139039 0.035914 0.585950
0.140119 0.036544 0.587196
0.140521 0.035881 0.586842
0.139357 0.034312 0.585692
0.140330 0.035534 0.586457
0.142603 0.035490 0.587834
0.140352 0.034938 0.588161
0.138845 0.035913 0.589005
0.141898 0.035083 0.586522
0.141101 0.036525 0.589203
0.140060 0.036493 0.587146
0.141146 0.035686 0.588238
0.139336 0.036812 0.588406
0.141909 0.035810 0.588437
0.141485 0.036817 0.589217
0.142200 0.036101 0.589238
0.141824 0.036640 0.590317
0.142631 0.035369 0.590252
0.141397 0.036272 0.591409
0.142484 0.035374 0.592552
0.140934 0.034139 0.590806
0.141147 0.037064 0.592632
0.141459 0.036385 0.592902
0.142208 0.034433 0.591587
0.142206 0.037058 0.592722
0.143822 0.034357 0.591720
0.141771 0.034987 0.590731
0.142212 0.036995 0.591828
0.141533 0.035706 0.593372
0.144417 0.036323 0.594585
0.142858 0.034407 0.592469
0.143765 0.034803 0.593051
0.141369 0.035723 0.592072
0.142174 0.034891 0.594295
0.141335 0.035914 0.595695
0.142138 0.034791 0.595293
0.141898 0.034513 0.594443
0.143029 0.036859 0.594246
0.143602 0.034705 0.596376
0.142213 0.034884 0.595009
0.143379 0.034978 0.596570
0.142404 0.035727 0.595160
0.141925 0.035952 0.595799
0.142437 0.036149 0.597220
0.142776 0.038055 0.597570
0.145177 0.036864 0.599518
0.141968 0.036002 0.597497
0.143676 0.037770 0.597421
0.141681 0.036028 0.597459
0.142080 0.036302 0.598356
0.143197 0.037401 0.597461
0.141614 0.036587 0.599302
0.141710 0.035352 0.598187
0.142278 0.036820 0.596655
0.143798 0.035368 0.598871
0.140605 0.036537 0.597368
0.142219 0.035849 0.599563
0.142843 0.035482 0.599727
0.141682 0.036055 0.601222
0.143407 0.035962 0.601867
0.141983 0.036729 0.599109
0.143983 0.037031 0.601204
0.143147 0.036322 0.600971
0.140499 0.037720 0.601357
0.141065 0.035701 0.601641
0.142992 0.033753 0.600762
0.141607 0.036131 0.602293
0.140785 0.036081 0.602156
0.142157 0.035765 0.604326
0.143461 0.035512 0.602557
0.142591 0.035008 0.602939
0.142660 0.034689 0.605779
0.142726 0.036923 0.601710
0.141913 0.034986 0.604071
0.141401 0.035970 0.604821
0.143994 0.035804 0.604536
0.141241 0.035768 0.605862
0.142111 0.034747 0.604866
0.141717 0.035085 0.603186
0.141391 0.034076 0.607078
0.143012 0.035800 0.603311
0.142524 0.035788 0.606297
0.142062 0.038151 0.606683
0.141298 0.035281 0.607244
0.142000 0.036899 0.606242
0.141080 0.035091 0.607861
0.142990 0.036743 0.607089
0.142765 0.036354 0.606402
0.142615 0.038097 0.607581
0.140430 0.035825 0.606862
0.141385 0.034462 0.607982
0.141411 0.035571 0.608532
0.141476 0.036426 0.610370
0.140693 0.035610 0.609255
0.141513 0.034857 0.608213
0.142820 0.035571 0.609883
0.141466 0.036944 0.610520
0.140068 0.036111 0.609395
0.142618 0.037026 0.610713
0.142130 0.034420 0.610942
0.139241 0.037745 0.610491
0.141871 0.036985 0.610457
0.141201 0.034917 0.610894
0.139937 0.035867 0.612522
0.140655 0.035040 0.610508
0.139181 0.036273 0.611506
0.140138 0.035863 0.611438
0.140319 0.036280 0.610712
0.142871 0.035563 0.610638
0.141128 0.037756 0.612827
0.140012 0.035247 0.613154
0.142190 0.036826 0.613078
0.140206 0.037259 0.612219
0.140007 0.035119 0.613626
0.139861 0.035927 0.613362
0.138774 0.034163 0.615598
0.140065 0.036023 0.615944
0.140027 0.037500 0.615798
0.141979 0.034793 0.617132
0.139630 0.034855 0.616586
0.141104 0.035937 0.616094
0.138703 0.034940 0.615269
0.139710 0.033821 0.617378
0.138794 0.036005 0.616650
0.139872 0.035268 0.616768
0.139276 0.035873 0.616346
0.140344 0.036131 0.617581
0.139399 0.035462 0.614152
0.137469 0.037120 0.616652
0.141161 0.035164 0.617786
0.138525 0.037226 0.617640
0.138360 0.034531 0.619256
0.137660 0.036740 0.619839
0.138494 0.034950 0.618121
0.137103 0.035119 0.618994
0.140453 0.036352 0.617725
0.138727 0.035796 0.618603
0.137754 0.034956 0.620060
0.137678 0.034667 0.621643
0.137577 0.035936 0.621707
0.137457 0.035711 0.620565
0.137274 0.036474 0.619261
0.136245 0.034419 0.619878
0.136585 0.036517 0.620590
0.136897 0.035169 0.620970
0.136501 0.033624 0.622043
0.135047 0.037658 0.621037
0.138172 0.040378 0.578871
0.135486 0.037712 0.579348
0.135750 0.039906 0.578255
0.137151 0.039916 0.578786
0.138017 0.040950 0.578513
0.137533 0.038492 0.578227
0.139151 0.037735 0.581266
0.136949 0.038243 0.579509
0.138639 0.038936 0.580155
0.137828 0.036846 0.582297
0.137391 0.040323 0.578969
0.136809 0.039302 0.581587
0.138809 0.039628 0.581539
0.138925 0.040772 0.582486
0.137305 0.039839 0.581950
0.140033 0.038060 0.582014
0.138701 0.040824 0.582242
0.138063 0.037747 0.581743
0.136703 0.040590 0.583541
0.138531 0.038597 0.584077
0.138155 0.039739 0.582394
0.139330 0.037879 0.584323
0.138019 0.040272 0.584402
0.140632 0.037469 0.584092
0.139135 0.039833 0.584640
0.139017 0.040191 0.583670
0.140003 0.039299 0.584090
0.138861 0.039389 0.585024
0.139634 0.038150 0.584803
0.139156 0.038359 0.586740
0.139083 0.037182 0.585494
0.139306 0.039729 0.585369
0.139642 0.040198 0.583781
0.140295 0.038367 0.585321
0.139598 0.039246 0.585158
0.140121 0.038061 0.586680
0.140830 0.039461 0.588430
0.141310 0.039639 0.586378
0.140286 0.037627 0.586396
0.138376 0.041062 0.586765
0.139629 0.040919 0.588978
0.140325 0.038982 0.589572
0.141806 0.037855 0.587626
0.141607 0.038732 0.589324
0.141031 0.038349 0.589290
0.140836 0.037555 0.588324
0.142951 0.038724 0.589029
0.139318 0.039319 0.590292
0.141477 0.040689 0.590117
0.142668 0.037656 0.589955
0.142457 0.038491 0.590466
0.141602 0.039671 0.590972
0.140179 0.038652 0.588494
0.140155 0.039096 0.592230
0.140498 0.040086 0.591645
0.141810 0.038387 0.590475
0.140807 0.040849 0.590087
0.142028 0.038700 0.591487
0.141086 0.039651 0.591601
0.141137 0.040975 0.592562
0.142382 0.040400 0.593596
0.140598 0.037996 0.593055
0.142150 0.037963 0.591893
0.141212 0.040251 0.593834
0.144148 0.038029 0.594085
0.142146 0.038072 0.592344
0.143635 0.038227 0.593008
0.141810 0.039261 0.593507
0.142762 0.036838 0.594503
0.140623 0.040792 0.594194
0.143429 0.038939 0.594990
0.142869 0.038260 0.595525
0.140726 0.040278 0.595313
0.140671 0.038858 0.595558
0.142184 0.040919 0.595317
0.144453 0.038302 0.597696
0.144237 0.038986 0.597462
0.143142 0.038840 0.597586
0.143331 0.038891 0.596623
0.142450 0.038233 0.596972
0.142437 0.039957 0.598755
0.141819 0.039399 0.597076
0.143403 0.039153 0.599179
0.143139 0.038479 0.598988
0.143890 0.039310 0.600155
0.144120 0.039993 0.600797
0.143677 0.039908 0.597986
0.143033 0.039075 0.600023
0.143363 0.039489 0.601375
0.142590 0.038886 0.600753
0.143013 0.039428 0.600605
0.142790 0.037414 0.603426
0.143624 0.038035 0.598701
0.143837 0.040946 0.600706
0.144061 0.039532 0.600050
0.141719 0.039884 0.601780
0.143669 0.037308 0.603222
0.142943 0.036554 0.599926
0.140978 0.037965 0.601680
0.141588 0.038860 0.602563
0.143202 0.042555 0.604850
0.143013 0.038275 0.602338
0.143303 0.038583 0.603602
0.143008 0.041148 0.605902
0.143006 0.039051 0.602975
0.141611 0.039205 0.603492
0.142144 0.039455 0.604603
0.141245 0.038880 0.605356
0.142369 0.039329 0.605213
0.143012 0.037771 0.605881
0.143369 0.039059 0.606044
0.143876 0.038146 0.605722
0.140438 0.040436 0.606107
0.143341 0.039945 0.605420
0.141131 0.039550 0.604787
0.142256 0.039742 0.606493
0.142986 0.038781 0.605496
0.143265 0.038275 0.606759
0.140994 0.038398 0.606262
0.142908 0.041908 0.607769
0.142831 0.039290 0.607388
0.142537 0.039284 0.606263
0.143252 0.039236 0.607862
0.140451 0.039360 0.608059
0.141679 0.039092 0.607352
0.143488 0.040124 0.608405
0.140932 0.038949 0.612062
0.140334 0.040756 0.608268
0.142318 0.040813 0.611435
0.140965 0.040304 0.609781
0.142156 0.040784 0.610407
0.140356 0.037976 0.610436
0.140440 0.039363 0.608467
0.141537 0.039495 0.612857
0.141540 0.040686 0.610464
0.140443 0.040570 0.611074
0.140700 0.039941 0.610938
0.140554 0.040781 0.609565
0.141302 0.037976 0.613486
0.140042 0.039909 0.611714
0.141715 0.038748 0.613084
0.141292 0.037489 0.611214
0.143328 0.037928 0.612205
0.139782 0.039380 0.613894
0.140994 0.039486 0.614663
0.139756 0.038801 0.613179
0.139398 0.038597 0.613557
0.140660 0.038919 0.614363
0.139140 0.038195 0.613562
0.140140 0.038086 0.614525
0.139783 0.038213 0.615905
0.139978 0.040195 0.616080
0.138719 0.039552 0.615083
0.138785 0.038337 0.614039
0.139910 0.039314 0.615515
0.138933 0.039092 0.615672
0.140731 0.038467 0.614986
0.139120 0.040232 0.614444
0.138011 0.039812 0.615814
0.139643 0.038555 0.614858
0.137530 0.037366 0.615222
0.137881 0.040267 0.616844
0.138560 0.037891 0.617721
0.138727 0.039261 0.616399
0.138641 0.040935 0.616737
0.140057 0.039144 0.618915
0.139652 0.038888 0.619228
0.138287 0.039699 0.620112
0.138851 0.038502 0.619194
0.137240 0.039227 0.618783
0.138376 0.038946 0.621210
0.136907 0.037822 0.620006
0.137326 0.040409 0.616463
0.138187 0.038977 0.618341
0.138564 0.039050 0.620693
0.138167 0.039051 0.618421
0.137470 0.038743 0.620744
0.135779 0.037640 0.622143
0.137532 0.038668 0.622069
0.136505 0.038173 0.620098
0.137810 0.041765 0.579063
0.137146 0.043591 0.577522
0.137429 0.042724 0.579745
0.138974 0.041720 0.579701
0.137164 0.044025 0.580464
0.137495 0.041899 0.581068
0.137237 0.042617 0.578514
0.138085 0.041743 0.580835
0.138208 0.044185 0.581795
0.137540 0.041734 0.579591
0.139110 0.041311 0.580771
0.137223 0.042549 0.581238
0.138411 0.041022 0.580471
0.138795 0.043310 0.582732
0.136326 0.043064 0.581543
0.138705 0.041899 0.582739
0.138794 0.043552 0.580827
0.140983 0.040915 0.582933
0.138060 0.042512 0.581067
0.139565 0.043686 0.580892
0.138391 0.042114 0.582937
0.139500 0.041961 0.583074
0.139288 0.041764 0.582245
0.139276 0.043939 0.585845
0.139959 0.042083 0.584743
0.139715 0.042438 0.584616
0.139493 0.041913 0.586141
0.136807 0.042017 0.584408
0.141845 0.042135 0.587271
0.140635 0.042703 0.585249
0.140379 0.042976 0.585518
0.138839 0.043149 0.583468
0.137607 0.041553 0.585203
0.141758 0.041879 0.589380
0.140509 0.041811 0.585188
0.139580 0.043333 0.587416
0.141404 0.041937 0.585031
0.139497 0.042080 0.586307
0.140816 0.041295 0.587633
0.140470 0.041083 0.586848
0.139905 0.044373 0.589092
0.141572 0.042535 0.588644
0.141483 0.041399 0.587415
0.141721 0.040193 0.588217
0.141613 0.044014 0.590080
0.142411 0.040536 0.588686
0.138925 0.043203 0.588140
0.140788 0.043189 0.590893
0.140987 0.043165 0.591007
0.142185 0.042652 0.588944
0.142140 0.043883 0.591243
0.141788 0.042019 0.589808
0.141306 0.042864 0.592593
0.141210 0.041911 0.590342
0.141419 0.042458 0.587801
0.141179 0.043673 0.591849
0.141090 0.043281 0.590413
0.142544 0.042190 0.591433
0.142395 0.040159 0.592709
0.141739 0.041799 0.594169
0.140507 0.044591 0.593135
0.142965 0.042546 0.592936
0.142945 0.042418 0.591191
0.142354 0.042512 0.593565
0.142956 0.042513 0.592491
0.141761 0.042465 0.594426
0.140336 0.041236 0.595078
0.140991 0.042263 0.593201
0.141071 0.042157 0.594436
0.142877 0.043039 0.594987
0.140920 0.043398 0.596043
0.143128 0.042293 0.595208
0.143142 0.043649 0.596207
0.142916 0.043988 0.595444
0.141421 0.042366 0.595663
0.143083 0.043109 0.598001
0.142612 0.041533 0.596016
0.141725 0.041280 0.595944
0.141629 0.041447 0.595998
0.141368 0.040326 0.597834
0.143798 0.043088 0.597084
0.141486 0.042448 0.596160
0.143845 0.042615 0.596138
0.143823 0.040978 0.598353
0.143644 0.043334 0.598687
0.140816 0.043254 0.599947
0.142238 0.043336 0.599890
0.142650 0.045011 0.599733
0.141537 0.043401 0.599755
0.142710 0.042950 0.600605
0.142270 0.042792 0.598571
0.143325 0.042951 0.601700
0.143212 0.042937 0.599666
0.141639 0.041618 0.601815
0.142625 0.041415 0.598933
0.142325 0.041162 0.600891
0.140983 0.042495 0.602154
0.141864 0.043498 0.602293
0.142256 0.040596 0.602003
0.142250 0.043547 0.602233
0.143188 0.042429 0.603441
0.141321 0.043896 0.605293
0.142792 0.042041 0.601983
0.141188 0.044796 0.601898
0.142734 0.042119 0.602656
0.141346 0.043776 0.602969
0.141649 0.041377 0.604963
0.144079 0.043221 0.603764
0.140688 0.043718 0.605125
0.144602 0.042019 0.605616
0.141370 0.041625 0.604858
0.142520 0.041628 0.605523
0.142024 0.042416 0.607039
0.143779 0.043150 0.605057
0.142369 0.043084 0.606438
0.141718 0.042983 0.605307
0.142530 0.042248 0.606072
0.142615 0.041749 0.607460
0.142505 0.041709 0.606736
0.140692 0.041478 0.606791
0.141662 0.043521 0.608228
0.141482 0.042455 0.607792
0.143152 0.042604 0.608476
0.141816 0.042846 0.608272
0.143347 0.042711 0.609413
0.142287 0.042886 0.610536
0.142683 0.043586 0.610294
0.140281 0.042896 0.609126
0.140486 0.042212 0.608921
0.142406 0.043152 0.608964
0.141073 0.042900 0.611361
0.143081 0.042504 0.611712
0.139352 0.042286 0.611084
0.143073 0.042395 0.609851
0.141761 0.042922 0.611324
0.137876 0.042658 0.611117
0.141800 0.042549 0.612388
0.140921 0.042095 0.610430
0.139298 0.041315 0.611395
0.140049 0.043092 0.612391
0.139184 0.042917 0.613178
0.141350 0.042960 0.614284
0.142112 0.040585 0.610890
0.141574 0.042905 0.614365
0.139005 0.042270 0.613530
0.139702 0.042651 0.613511
0.141030 0.042021 0.613976
0.140740 0.043422 0.611986
0.139829 0.042786 0.613145
0.139910 0.042600 0.615359
0.139375 0.042044 0.615160
0.138126 0.042962 0.614337
0.139066 0.043788 0.616312
0.139819 0.043678 0.616309
0.140886 0.042903 0.615156
0.139812 0.044169 0.615010
0.139491 0.042270 0.616210
0.139908 0.042963 0.616683
0.140322 0.042839 0.616785
0.138808 0.043255 0.617261
0.139312 0.041946 0.616602
0.139457 0.042163 0.619123
0.138143 0.042491 0.618314
0.139263 0.042154 0.617041
0.137328 0.043606 0.617399
0.138178 0.041323 0.617292
0.139324 0.044114 0.619441
0.138790 0.044143 0.616896
0.138026 0.044042 0.620022
0.138999 0.043038 0.618227
0.138077 0.041633 0.621449
0.138149 0.043463 0.617824
0.139045 0.041971 0.620066
0.137225 0.041802 0.618254
0.138279 0.042508 0.620061
0.135999 0.041383 0.621648
0.137218 0.042208 0.619727
0.138914 0.042019 0.620690
0.139113 0.042552 0.621356
0.134807 0.042710 0.619434
0.136280 0.045030 0.579294
0.135435 0.045129 0.579619
0.136737 0.044345 0.579999
0.137834 0.045067 0.579956
0.138551 0.047118 0.580128
0.137671 0.047697 0.579128
0.138963 0.044039 0.579779
0.138184 0.048016 0.579761
0.137736 0.046378 0.579224
0.136333 0.045904 0.579918
0.138440 0.046214 0.578742
0.137668 0.045093 0.581726
0.138624 0.045727 0.580510
0.137513 0.045025 0.581355
0.139195 0.045587 0.583136
0.137106 0.045695 0.582572
0.138695 0.046108 0.582680
0.137117 0.044120 0.584135
0.139937 0.046683 0.582955
0.139615 0.044594 0.583139
0.140974 0.046601 0.580771
0.139566 0.045465 0.583307
0.139043 0.045785 0.584339
0.139065 0.046714 0.583817
0.141162 0.044750 0.584759
0.137856 0.045965 0.584257
0.139921 0.047085 0.584929
0.140049 0.045597 0.584348
0.139464 0.047734 0.584686
0.137520 0.046709 0.584336
0.138355 0.045878 0.586095
0.139323 0.047091 0.585865
0.139656 0.043964 0.584435
0.140495 0.047340 0.586708
0.139165 0.045939 0.586891
0.140367 0.047033 0.588293
0.140501 0.044964 0.585177
0.141749 0.047022 0.588626
0.139919 0.046038 0.585444
0.138577 0.045723 0.587662
0.140509 0.046311 0.585802
0.139514 0.045068 0.587319
0.140618 0.046648 0.589828
0.138972 0.045774 0.589903
0.140710 0.046917 0.587550
0.140205 0.046067 0.589843
0.141445 0.046566 0.590402
0.142070 0.044881 0.588313
0.141441 0.045834 0.590273
0.142168 0.045846 0.589879
0.139996 0.046622 0.589816
0.141870 0.045588 0.589578
0.141237 0.045705 0.591590
0.142262 0.046626 0.590429
0.140703 0.044177 0.590490
0.141757 0.044837 0.591320
0.141130 0.046038 0.590915
0.141058 0.047690 0.592360
0.142984 0.045869 0.591797
0.140643 0.046140 0.592668
0.141340 0.045261 0.593805
0.142508 0.044496 0.592628
0.142445 0.045500 0.592214
0.140857 0.046287 0.593902
0.141575 0.046086 0.593265
0.141389 0.044781 0.595014
0.141638 0.045492 0.593064
0.141734 0.046075 0.595583
0.141012 0.045945 0.594212
0.143288 0.047225 0.596149
0.143492 0.046266 0.596387
0.141459 0.046660 0.595024
0.142169 0.045099 0.595540
0.143689 0.044724 0.593537
0.140739 0.046156 0.594284
0.141147 0.046422 0.596896
0.141369 0.044041 0.595847
0.142604 0.046329 0.598347
0.142131 0.045127 0.596159
0.141112 0.044941 0.597116
0.141974 0.047495 0.598961
0.141470 0.045584 0.598261
0.143411 0.046702 0.599114
0.144284 0.045977 0.597810
0.142816 0.044011 0.597710
0.142586 0.047820 0.598698
0.142409 0.045067 0.599498
0.144092 0.046494 0.599448
0.140342 0.044144 0.599633
0.142442 0.045427 0.600538
0.143346 0.045181 0.601676
0.141504 0.046441 0.601791
0.142710 0.047260 0.598942
0.142276 0.045243 0.601330
0.142852 0.047893 0.601442
0.141699 0.045860 0.602076
0.142406 0.046666 0.602365
0.144056 0.044776 0.601181
0.144537 0.046228 0.601265
0.143485 0.047035 0.602604
0.143164 0.045955 0.603094
0.142713 0.044862 0.604445
0.141360 0.046562 0.604739
0.141561 0.045686 0.604469
0.142446 0.045289 0.603331
0.143891 0.046535 0.604663
0.143024 0.046800 0.603653
0.142115 0.044901 0.604457
0.143544 0.046858 0.604133
0.141175 0.046635 0.605854
0.141816 0.046426 0.606287
0.141186 0.045428 0.606476
0.142994 0.046308 0.606062
0.143891 0.043979 0.607955
0.142930 0.046339 0.604728
0.142301 0.045155 0.607321
0.139906 0.044847 0.606847
0.139718 0.046198 0.607108
0.142577 0.046117 0.606909
0.140295 0.046361 0.608042
0.141648 0.046873 0.607627
0.143542 0.048084 0.608886
0.141717 0.045972 0.607322
0.142329 0.045403 0.608613
0.140861 0.045737 0.607383
0.142602 0.044887 0.609833
0.140850 0.045735 0.608791
0.138486 0.046102 0.607516
0.141478 0.045596 0.610748
0.141778 0.045884 0.608743
0.141329 0.046136 0.608960
0.141449 0.044969 0.608711
0.142933 0.043964 0.609641
0.143013 0.044357 0.610632
0.141786 0.045353 0.610570
0.140312 0.045864 0.612460
0.140590 0.044765 0.611779
0.141646 0.048184 0.613157
0.141001 0.045095 0.611547
0.142644 0.046802 0.611363
0.140668 0.044830 0.612404
0.142029 0.045536 0.613906
0.141332 0.045165 0.612714
0.140490 0.045591 0.612253
0.141171 0.045783 0.614296
0.139664 0.045265 0.613171
0.141986 0.044476 0.615958
0.140629 0.049463 0.614273
0.140700 0.046717 0.614339
0.141899 0.044707 0.614425
0.140517 0.047012 0.613948
0.139174 0.045511 0.614083
0.138770 0.045589 0.616440
0.139107 0.046046 0.615011
0.140021 0.046696 0.616965
0.138505 0.045019 0.615644
0.141102 0.045042 0.616543
0.138929 0.045527 0.615028
0.139456 0.045186 0.616148
0.138841 0.043641 0.616806
0.138192 0.044373 0.616954
0.138207 0.045048 0.616439
0.138948 0.046378 0.617900
0.139009 0.045386 0.617599
0.138283 0.045788 0.618910
0.139688 0.045436 0.618282
0.137543 0.046421 0.619652
0.137673 0.046488 0.619869
0.138815 0.046566 0.619752
0.137051 0.046189 0.617986
0.138214 0.045873 0.619553
0.137226 0.044904 0.618086
0.137533 0.045813 0.620548
0.137963 0.044731 0.619568
0.137230 0.045969 0.618457
0.137785 0.047183 0.621405
0.139645 0.044980 0.620585
0.138867 0.047355 0.620170
0.137311 0.046459 0.620423
0.138754 0.046442 0.620900
0.135600 0.050698 0.578945
0.136036 0.048967 0.578224
0.138469 0.048673 0.580030
0.136885 0.050202 0.579624
0.135908 0.049468 0.580537
0.137120 0.049770 0.579850
0.136437 0.050486 0.579379
0.137908 0.047973 0.581832
0.136949 0.047742 0.582670
0.138559 0.049170 0.581785
0.137510 0.049994 0.580748
0.137733 0.049962 0.582274
0.139398 0.049925 0.581940
0.138530 0.048446 0.581277
0.137732 0.048989 0.582499
0.137702 0.048274 0.582012
0.139481 0.048784 0.581940
0.138271 0.048788 0.582506
0.139412 0.048555 0.583575
0.139668 0.048608 0.582182
0.139429 0.050701 0.582327
0.138963 0.046905 0.582723
0.140828 0.048931 0.584100
0.138265 0.049087 0.582791
0.139347 0.049186 0.583159
0.138869 0.048817 0.583647
0.139748 0.047690 0.586357
0.140208 0.048640 0.585571
0.140981 0.047955 0.587280
0.138866 0.048737 0.585949
0.139374 0.050191 0.584558
0.139931 0.049074 0.587357
0.141301 0.046859 0.586933
0.139202 0.049761 0.584699
0.138824 0.048311 0.586918
0.138540 0.050754 0.587256
0.139198 0.049894 0.589131
0.140379 0.050206 0.587120
0.141236 0.049583 0.590014
0.139875 0.048877 0.589863
0.137964 0.049276 0.586504
0.141333 0.049745 0.588055
0.142303 0.049472 0.586790
0.141024 0.048127 0.589489
0.141881 0.049520 0.590440
0.140149 0.048903 0.590790
0.140104 0.047602 0.589499
0.140894 0.050071 0.588873
0.143136 0.048198 0.588943
0.142008 0.049304 0.590103
0.142621 0.049517 0.590585
0.141966 0.049411 0.589833
0.141848 0.049141 0.591196
0.143736 0.050016 0.588523
0.141803 0.049653 0.593148
0.141924 0.051092 0.590741
0.142864 0.048339 0.591915
0.141864 0.050404 0.591786
0.143428 0.049633 0.592093
0.141278 0.050370 0.594389
0.141380 0.050670 0.591974
0.142185 0.048432 0.593666
0.141750 0.047890 0.593936
0.141751 0.049622 0.592227
0.142766 0.049593 0.594292
0.142675 0.048361 0.596411
0.142310 0.048564 0.594662
0.142049 0.048761 0.595365
0.141910 0.048369 0.594187
0.141437 0.048550 0.594183
0.142570 0.048061 0.596379
0.140735 0.049804 0.594503
0.142512 0.048076 0.597057
0.143690 0.051056 0.596222
0.142772 0.051656 0.594911
0.141578 0.049092 0.596310
0.145056 0.047921 0.596737
0.142406 0.046958 0.596649
0.141622 0.049236 0.596704
0.140788 0.049465 0.595846
0.141117 0.049747 0.596406
0.141914 0.049811 0.599688
0.143442 0.048376 0.597189
0.141383 0.048951 0.597271
0.143469 0.048730 0.599319
0.143380 0.048556 0.599120
0.141251 0.048992 0.598451
0.143176 0.050428 0.602235
0.144117 0.048527 0.600744
0.144071 0.049586 0.598943
0.141206 0.050039 0.600253
0.142561 0.048032 0.600951
0.143391 0.050933 0.600944
0.143238 0.050372 0.600877
0.142035 0.049843 0.600877
0.142533 0.047342 0.600330
0.140561 0.049086 0.601477
0.141645 0.051610 0.600337
0.143440 0.048111 0.601519
0.141898 0.049181 0.600691
0.140874 0.051082 0.601699
0.141884 0.049399 0.601993
0.142536 0.049655 0.603852
0.142797 0.048347 0.604480
0.142700 0.050338 0.604362
0.141251 0.049740 0.604764
0.142933 0.048390 0.603810
0.142978 0.048890 0.602705
0.143104 0.049775 0.604683
0.141652 0.048881 0.605358
0.142721 0.049109 0.605826
0.140789 0.049761 0.606414
0.142074 0.050474 0.604941
0.141735 0.047188 0.604006
0.142330 0.049921 0.607017
0.141183 0.050157 0.605919
0.141152 0.048887 0.607326
0.143163 0.048337 0.605300
0.142653 0.050288 0.607718
0.142035 0.048635 0.607171
0.142637 0.049682 0.606818
0.141221 0.049172 0.607304
0.141188 0.049349 0.605105
0.141267 0.049895 0.606775
0.140772 0.051450 0.608720
0.142024 0.048518 0.610009
0.141757 0.050587 0.610154
0.142450 0.050384 0.609635
0.139487 0.048975 0.611475
0.140625 0.049228 0.610493
0.141897 0.046519 0.612251
0.142691 0.046986 0.611567
0.141974 0.049917 0.609269
0.141029 0.048303 0.609430
0.139114 0.046979 0.610649
0.141089 0.048876 0.609427
0.140722 0.048688 0.610444
0.141231 0.048589 0.611494
0.140972 0.048982 0.613951
0.139917 0.049431 0.611299
0.139030 0.050838 0.611565
0.140267 0.049463 0.613423
0.141092 0.049122 0.613606
0.139595 0.051076 0.612806
0.140101 0.047926 0.611314
0.141422 0.051545 0.614218
0.138354 0.048685 0.613895
0.139832 0.049046 0.614288
0.139064 0.048191 0.615447
0.140343 0.047752 0.613956
0.140362 0.048403 0.615974
0.141980 0.048595 0.613760
0.139576 0.050533 0.616809
0.140075 0.050058 0.616200
0.138155 0.049484 0.615486
0.139866 0.048779 0.617456
0.139410 0.049901 0.615129
0.139495 0.048650 0.616707
0.138989 0.049777 0.614825
0.138766 0.049714 0.617138
0.140892 0.047962 0.618404
0.138657 0.047882 0.616606
0.139842 0.048321 0.616251
0.137894 0.050189 0.615650
0.137808 0.048923 0.618865
0.141538 0.051392 0.616110
0.138330 0.049283 0.620236
0.138520 0.049134 0.618610
0.137828 0.048918 0.619139
0.139005 0.050625 0.618722
0.137156 0.048689 0.620378
0.136766 0.050040 0.617426
0.138328 0.049814 0.620185
0.138224 0.050498 0.617569
0.135853 0.050530 0.620679
0.136636 0.048561 0.619549
0.138053 0.049644 0.620596
0.135648 0.049433 0.619935
0.137487 0.050044 0.621557
0.136374 0.048111 0.621784
0.136883 0.051733 0.579294
0.136897 0.052190 0.579278
0.136291 0.052262 0.579313
0.137100 0.053469 0.579282
0.136939 0.053541 0.579900
0.139198 0.051669 0.580510
0.137878 0.050007 0.581876
0.138592 0.052536 0.579580
0.139396 0.053065 0.579262
0.136463 0.052169 0.580343
0.138617 0.053303 0.579637
0.140118 0.055011 0.581130
0.139489 0.051563 0.579891
0.139896 0.051714 0.581035
0.137136 0.053488 0.581190
0.139040 0.053969 0.582832
0.138105 0.054200 0.582484
0.138547 0.052202 0.582723
0.138387 0.053552 0.581875
0.137640 0.052105 0.583336
0.137897 0.051566 0.582593
0.138295 0.053107 0.583980
0.140318 0.051977 0.583823
0.140302 0.052024 0.584322
0.139118 0.053728 0.583320
0.140502 0.051973 0.585036
0.139562 0.053396 0.585354
0.139466 0.053017 0.585857
0.140685 0.052989 0.584685
0.138863 0.051749 0.585739
0.140227 0.053771 0.586117
0.138335 0.053148 0.584817
0.142220 0.053606 0.586151
0.139220 0.051316 0.586463
0.139858 0.051917 0.586058
0.140901 0.050188 0.585834
0.141148 0.052982 0.585581
0.139833 0.053225 0.587783
0.138948 0.052648 0.584970
0.140639 0.051486 0.586693
0.139978 0.052933 0.587087
0.139509 0.052024 0.588439
0.140615 0.050985 0.590896
0.140612 0.052953 0.589062
0.141271 0.053863 0.588495
0.141559 0.051631 0.588672
0.141447 0.052322 0.588181
0.140012 0.052796 0.589117
0.140299 0.050107 0.588746
0.140606 0.051319 0.591691
0.141409 0.053767 0.589723
0.141110 0.053321 0.589417
0.141168 0.052276 0.592829
0.140956 0.050728 0.590593
0.141713 0.050930 0.589871
0.140815 0.054096 0.591119
0.143196 0.053296 0.590717
0.142688 0.052427 0.590297
0.139456 0.052923 0.590340
0.143202 0.052009 0.593803
0.140770 0.053635 0.591123
0.142332 0.053433 0.592889
0.142259 0.051197 0.593814
0.141263 0.051811 0.594054
0.143198 0.052924 0.595174
0.141880 0.051243 0.593512
0.142651 0.052887 0.593481
0.144036 0.050998 0.594965
0.142203 0.053495 0.594920
0.142488 0.051408 0.594469
0.142865 0.053015 0.593891
0.143661 0.052954 0.594731
0.141299 0.052288 0.595496
0.141849 0.052331 0.595339
0.142195 0.054088 0.596784
0.142438 0.052419 0.595741
0.142895 0.051706 0.596629
0.142394 0.050779 0.597401
0.143405 0.053370 0.596186
0.145954 0.049569 0.597153
0.141274 0.052874 0.596263
0.144160 0.052035 0.597875
0.142787 0.051715 0.598860
0.140862 0.052977 0.598262
0.141800 0.051676 0.598526
0.142967 0.053327 0.598320
0.141744 0.053753 0.599603
0.142599 0.051506 0.600181
0.142571 0.052402 0.600076
0.141384 0.053702 0.600639
0.143783 0.052409 0.600668
0.144290 0.053689 0.601125
0.142103 0.052780 0.601309
0.141664 0.052117 0.601823
0.142797 0.052617 0.599013
0.143122 0.052878 0.602774
0.140997 0.053221 0.601558
0.142462 0.052918 0.601352
0.142389 0.052515 0.603554
0.141299 0.054396 0.601521
0.142007 0.051959 0.602413
0.142188 0.052814 0.601381
0.144104 0.052609 0.602367
0.142356 0.052209 0.601944
0.142498 0.051890 0.604396
0.140181 0.054116 0.603793
0.141488 0.051836 0.604128
0.141607 0.053346 0.603222
0.143981 0.052229 0.605124
0.141707 0.054157 0.606430
0.140947 0.052505 0.605003
0.142413 0.051614 0.605730
0.142241 0.053226 0.605074
0.141346 0.052545 0.605600
0.143826 0.053716 0.607083
0.142094 0.052975 0.607003
0.141174 0.052368 0.606208
0.142597 0.053313 0.605021
0.141455 0.049845 0.608841
0.142483 0.052582 0.608227
0.142582 0.054456 0.607343
0.142896 0.052440 0.607155
0.141117 0.052398 0.608231
0.140681 0.054241 0.607834
0.141665 0.051342 0.609665
0.141611 0.053620 0.608900
0.142124 0.053060 0.607381
0.142058 0.053176 0.609983
0.142061 0.053111 0.609716
0.139830 0.054054 0.609068
0.140312 0.051912 0.610897
0.143313 0.053088 0.608584
0.140983 0.051343 0.611744
0.142186 0.053324 0.609975
0.140386 0.053227 0.611518
0.140692 0.051708 0.611310
0.140717 0.052409 0.612683
0.140540 0.051656 0.612913
0.138470 0.051788 0.612673
0.141229 0.053300 0.611873
0.140160 0.051677 0.613440
0.140210 0.054121 0.611750
0.139192 0.051670 0.611593
0.139297 0.052016 0.613921
0.140852 0.051635 0.614789
0.140495 0.052801 0.612707
0.138193 0.051784 0.613213
0.140765 0.051827 0.613254
0.141094 0.053906 0.615120
0.140406 0.052172 0.614585
0.139717 0.051361 0.613783
0.140330 0.054191 0.614298
0.139163 0.051437 0.614381
0.139492 0.051958 0.615506
0.140340 0.052808 0.615655
0.139655 0.053423 0.615714
0.140814 0.052487 0.616408
0.140214 0.052822 0.617169
0.138137 0.051267 0.615735
0.140007 0.051663 0.616527
0.138662 0.053927 0.617792
0.138789 0.053831 0.618094
0.138924 0.053616 0.616685
0.140213 0.051777 0.617638
0.137316 0.052017 0.618227
0.138853 0.052720 0.617323
0.138964 0.052453 0.619079
0.137810 0.052176 0.619147
0.137994 0.052590 0.619815
0.138925 0.051778 0.619629
0.137534 0.052364 0.619515
0.138356 0.054215 0.619302
0.136908 0.051222 0.621309
0.138022 0.053081 0.619980
0.137164 0.052844 0.618982
0.137218 0.052882 0.617889
0.137655 0.053057 0.620936
0.136342 0.049910 0.620937
0.136746 0.051730 0.619944
0.136686 0.053952 0.619914
0.137499 0.055455 0.577442
0.136183 0.057625 0.579104
0.136002 0.057304 0.579484
0.136631 0.055845 0.578889
0.138965 0.055226 0.579072
0.137953 0.057112 0.578877
0.135903 0.054732 0.578594
0.137528 0.055962 0.580399
0.138036 0.056092 0.581460
0.137264 0.055167 0.581530
0.137215 0.055759 0.581371
0.138003 0.057448 0.581070
0.139891 0.054894 0.581655
0.137050 0.055756 0.581362
0.138717 0.054575 0.581794
0.138993 0.056238 0.581726
0.139172 0.056207 0.581844
0.139582 0.056098 0.582758
0.138378 0.053416 0.582881
0.139761 0.054397 0.581865
0.140593 0.055685 0.584050
0.139325 0.055845 0.584387
0.138589 0.055711 0.582852
0.139491 0.055969 0.583196
0.139776 0.055670 0.584439
0.139510 0.055687 0.583828
0.139008 0.055393 0.584856
0.138594 0.055381 0.581520
0.139118 0.055579 0.585389
0.140667 0.053812 0.585521
0.140285 0.055408 0.586134
0.140531 0.055520 0.586095
0.141013 0.054174 0.584959
0.138788 0.054606 0.584768
0.139358 0.055473 0.588013
0.141214 0.053716 0.585341
0.142011 0.056895 0.587106
0.137820 0.055511 0.585793
0.139713 0.055672 0.586883
0.139661 0.053973 0.588107
0.140174 0.057299 0.586596
0.140653 0.056401 0.590431
0.139510 0.055295 0.589162
0.139138 0.054825 0.588305
0.140867 0.056863 0.587727
0.140763 0.057398 0.587722
0.139556 0.056782 0.588244
0.141332 0.055683 0.591642
0.141313 0.058727 0.591627
0.142312 0.054332 0.590314
0.139738 0.054955 0.591197
0.140545 0.056265 0.591899
0.142048 0.055112 0.592261
0.140332 0.056562 0.591630
0.141952 0.056693 0.589922
0.141704 0.056133 0.588304
0.142437 0.055955 0.594220
0.141241 0.055146 0.593076
0.142160 0.054850 0.593855
0.141942 0.055869 0.592111
0.143282 0.057849 0.592676
0.142260 0.055632 0.593613
0.143582 0.055344 0.593149
0.141889 0.055955 0.593436
0.141352 0.055604 0.593259
0.142902 0.055506 0.592519
0.141624 0.057461 0.595513
0.141858 0.054182 0.595635
0.140171 0.056348 0.593574
0.141256 0.055628 0.593987
0.140674 0.054631 0.594787
0.141575 0.055705 0.595068
0.142060 0.056472 0.594695
0.141792 0.056492 0.596641
0.143853 0.055450 0.594771
0.141387 0.055135 0.598973
0.143336 0.055899 0.597162
0.141879 0.056701 0.594907
0.141391 0.054744 0.597480
0.143009 0.056999 0.596576
0.144583 0.056806 0.597583
0.143202 0.055344 0.598566
0.142796 0.056180 0.598132
0.142882 0.056663 0.599348
0.143513 0.055038 0.598709
0.144942 0.055464 0.597695
0.142244 0.056812 0.599910
0.140877 0.056157 0.599757
0.142031 0.056832 0.600884
0.143253 0.056495 0.600858
0.141740 0.054603 0.601985
0.141353 0.057758 0.599537
0.140949 0.054135 0.600787
0.143541 0.055461 0.600248
0.143826 0.056590 0.601703
0.143083 0.056336 0.601014
0.143997 0.055767 0.602003
0.143282 0.056119 0.602829
0.142610 0.055277 0.602130
0.142419 0.057580 0.602354
0.143208 0.055858 0.602017
0.141161 0.056839 0.602678
0.141459 0.054149 0.603395
0.140100 0.056103 0.603976
0.140395 0.057269 0.602146
0.142580 0.057495 0.604662
0.142594 0.054309 0.604807
0.143027 0.057661 0.605718
0.140562 0.055631 0.605613
0.143526 0.055683 0.605200
0.143227 0.056388 0.605215
0.140962 0.054586 0.604711
0.142852 0.055483 0.605245
0.141989 0.056283 0.606046
0.141720 0.057041 0.604714
0.139878 0.054891 0.607432
0.142170 0.055653 0.607017
0.141596 0.057617 0.606590
0.141386 0.054756 0.604503
0.141118 0.056389 0.607371
0.142313 0.056894 0.607096
0.142399 0.056160 0.607848
0.141363 0.055680 0.607839
0.143137 0.055161 0.607059
0.141634 0.054700 0.606770
0.141255 0.055668 0.609389
0.141768 0.056140 0.608063
0.141478 0.056483 0.610301
0.143355 0.057217 0.608347
0.142646 0.055997 0.609680
0.143577 0.055961 0.609143
0.141844 0.054969 0.610678
0.140545 0.055829 0.610995
0.141538 0.055256 0.611029
0.140911 0.054724 0.610249
0.139665 0.055079 0.612297
0.141935 0.054633 0.611661
0.143262 0.057435 0.611078
0.140198 0.056272 0.611985
0.140334 0.056064 0.613827
0.139603 0.056453 0.609868
0.140695 0.054593 0.613824
0.140722 0.056468 0.612513
0.139348 0.054899 0.610888
0.140592 0.056144 0.612317
0.140521 0.055511 0.614810
0.139783 0.055797 0.614317
0.140593 0.055358 0.613450
0.141636 0.057588 0.614453
0.140588 0.053377 0.614813
0.137010 0.055221 0.615132
0.140418 0.055767 0.614772
0.138693 0.056077 0.614492
0.139821 0.053931 0.614302
0.138922 0.054285 0.615843
0.138602 0.055677 0.617376
0.138580 0.056186 0.617259
0.139164 0.055313 0.616446
0.141197 0.055552 0.618701
0.140320 0.054831 0.615022
0.139367 0.056765 0.616759
0.138867 0.057151 0.615631
0.138724 0.057289 0.617870
0.138274 0.057645 0.617657
0.139315 0.056488 0.618388
0.137511 0.057220 0.618290
0.139969 0.055921 0.617540
0.138252 0.056675 0.619284
0.138400 0.056877 0.617733
0.138391 0.054576 0.618885
0.138835 0.055063 0.619190
0.136504 0.055432 0.618915
0.138206 0.057334 0.620005
0.136426 0.055100 0.618023
0.137933 0.056918 0.620871
0.136971 0.055703 0.620526
0.138234 0.055124 0.621669
0.135706 0.056372 0.620159
0.138805 0.055291 0.621469
0.136477 0.056140 0.622591
0.136882 0.058182 0.579086
0.136445 0.060722 0.577243
0.136647 0.059121 0.578778
0.136584 0.057658 0.580382
0.136000 0.059846 0.581279
0.135860 0.058514 0.577772
0.138218 0.057971 0.578711
0.137061 0.061680 0.581387
0.138713 0.058912 0.579793
0.139785 0.058914 0.579900
0.137300 0.059957 0.580444
0.138550 0.058915 0.581384
0.138730 0.060793 0.581253
0.137540 0.058867 0.581089
0.138014 0.059970 0.582589
0.139711 0.059500 0.581833
0.141302 0.060595 0.582621
0.139731 0.059578 0.582104
0.138973 0.058890 0.581038
0.139691 0.058459 0.582465
0.138769 0.056747 0.582505
0.139569 0.061228 0.583528
0.138363 0.056459 0.582829
0.138751 0.058668 0.583079
0.139468 0.060221 0.584057
0.139445 0.060411 0.584833
0.140730 0.058259 0.585718
0.139869 0.059493 0.585053
0.139072 0.058868 0.581740
0.140564 0.058681 0.584491
0.138774 0.060184 0.585829
0.140946 0.059937 0.586816
0.140733 0.060162 0.586526
0.139884 0.058843 0.586614
0.141585 0.059005 0.586583
0.140929 0.061464 0.587368
0.139825 0.059081 0.586841
0.140530 0.057594 0.587541
0.140107 0.060125 0.587050
0.141504 0.059638 0.587434
0.140169 0.059073 0.586644
0.140680 0.057504 0.588430
0.140486 0.057863 0.589101
0.141356 0.059290 0.589753
0.141626 0.058199 0.588830
0.140377 0.060333 0.588710
0.139372 0.060014 0.589477
0.139217 0.058868 0.588971
0.141026 0.058889 0.590381
0.142763 0.057667 0.589004
0.141880 0.058811 0.589312
0.141786 0.059902 0.590298
0.142115 0.056841 0.590440
0.140706 0.058721 0.591028
0.139821 0.058847 0.591617
0.142781 0.058079 0.592669
0.142124 0.058963 0.592435
0.140501 0.060957 0.591688
0.141577 0.059651 0.591437
0.140797 0.059320 0.593444
0.143276 0.060717 0.592957
0.142286 0.058887 0.593809
0.142547 0.057937 0.591686
0.142878 0.060210 0.592389
0.139767 0.060085 0.593138
0.142503 0.057770 0.593560
0.139676 0.059903 0.594460
0.142639 0.057655 0.595128
0.142400 0.059485 0.594535
0.139935 0.058167 0.594410
0.143004 0.060392 0.596114
0.141734 0.057907 0.596011
0.142996 0.060500 0.595222
0.143341 0.058168 0.596163
0.141496 0.058119 0.594389
0.142098 0.060719 0.596371
0.142507 0.058979 0.598039
0.142769 0.061392 0.595636
0.141664 0.061090 0.596154
0.142692 0.058301 0.595939
0.143203 0.059270 0.597974
0.142168 0.059282 0.598981
0.142432 0.057518 0.597121
0.142664 0.058771 0.598845
0.143170 0.058098 0.598696
0.143706 0.058489 0.598430
0.141601 0.058989 0.596372
0.141306 0.060449 0.599358
0.142208 0.058018 0.599129
0.142751 0.058473 0.599054
0.143007 0.058629 0.599458
0.143273 0.060574 0.602149
0.143963 0.056196 0.601269
0.142511 0.059681 0.600388
0.142616 0.059978 0.600208
0.142232 0.058426 0.599108
0.141655 0.061532 0.602229
0.142144 0.059604 0.601680
0.142139 0.059001 0.600673
0.142270 0.059947 0.602289
0.141949 0.060689 0.603599
0.140536 0.059786 0.603652
0.142496 0.060209 0.604669
0.143728 0.059009 0.604529
0.142007 0.059335 0.605442
0.141981 0.057979 0.604962
0.141067 0.059120 0.604925
0.142193 0.060366 0.603596
0.140650 0.060421 0.605471
0.141635 0.060317 0.605042
0.141388 0.057436 0.601371
0.141562 0.062295 0.606199
0.143854 0.060010 0.605600
0.142694 0.058343 0.605146
0.142822 0.058741 0.606011
0.141137 0.059210 0.606285
0.142149 0.059392 0.608081
0.144346 0.057589 0.606672
0.142738 0.058560 0.608716
0.140898 0.060116 0.605779
0.143209 0.058384 0.607863
0.143649 0.059494 0.607160
0.141439 0.058929 0.609347
0.142558 0.060909 0.608342
0.143107 0.058964 0.608633
0.140672 0.060512 0.607561
0.140295 0.058650 0.607518
0.140716 0.059463 0.611345
0.139319 0.058550 0.610603
0.140252 0.058517 0.607623
0.142809 0.060833 0.610799
0.142264 0.059023 0.609826
0.140259 0.059038 0.610442
0.142026 0.060315 0.612648
0.140265 0.059703 0.610337
0.140399 0.059002 0.609480
0.140443 0.058589 0.610980
0.141022 0.060117 0.611378
0.141691 0.057547 0.610781
0.139866 0.057960 0.612594
0.139637 0.059453 0.614158
0.140715 0.061287 0.612021
0.139472 0.060258 0.612604
0.141467 0.060137 0.613970
0.140077 0.059235 0.613310
0.140501 0.058568 0.611765
0.141968 0.059886 0.612662
0.139088 0.060125 0.613877
0.138526 0.059495 0.614774
0.139583 0.059317 0.614381
0.139045 0.059647 0.613648
0.139088 0.057860 0.613216
0.140577 0.060403 0.615535
0.140384 0.058859 0.615426
0.140656 0.058849 0.615237
0.139833 0.060602 0.616474
0.138593 0.057951 0.616215
0.139105 0.059455 0.616257
0.138453 0.059938 0.617767
0.137499 0.060167 0.615609
0.138586 0.060649 0.616228
0.139879 0.059739 0.616194
0.138736 0.060273 0.619154
0.138226 0.058788 0.617361
0.138492 0.056620 0.618889
0.138929 0.059157 0.617131
0.136328 0.058655 0.618130
0.140392 0.060455 0.619274
0.138007 0.059326 0.621007
0.136869 0.059480 0.619038
0.137728 0.059450 0.618885
0.136644 0.060505 0.618738
0.136400 0.060096 0.621223
0.136945 0.060394 0.619484
0.137165 0.058429 0.620700
0.137915 0.058627 0.621347
0.134520 0.058005 0.620318
0.136579 0.056814 0.620864
0.136355 0.059182 0.620153
0.134934 0.058747 0.621603
0.137108 0.062054 0.579165
0.137725 0.063227 0.579383
0.139373 0.064247 0.580870
0.137194 0.063036 0.579672
0.136482 0.060047 0.580310
0.138449 0.063287 0.579961
0.137416 0.060698 0.580223
0.137366 0.063339 0.580369
0.137322 0.060674 0.579629
0.139203 0.062677 0.581047
0.138462 0.062451 0.582522
0.137791 0.062884 0.581541
0.137043 0.062591 0.580895
0.135239 0.064256 0.582454
0.139419 0.062847 0.582092
0.138949 0.062873 0.583168
0.139190 0.063743 0.581800
0.138503 0.061736 0.582685
0.138521 0.062228 0.582323
0.138172 0.063123 0.583302
0.139426 0.062636 0.582700
0.139228 0.061729 0.583182
0.140195 0.063413 0.584153
0.139183 0.063063 0.582474
0.137690 0.061375 0.584753
0.139652 0.063511 0.584263
0.139409 0.062018 0.585100
0.139694 0.061480 0.584394
0.139686 0.062341 0.584589
0.139935 0.063030 0.584730
0.140312 0.064243 0.584828
0.140383 0.062114 0.584750
0.140400 0.063552 0.587105
0.138453 0.062662 0.585996
0.140178 0.062410 0.586026
0.140015 0.063462 0.587018
0.139852 0.060760 0.588066
0.141018 0.062059 0.588260
0.142266 0.061654 0.587886
0.140557 0.064460 0.588628
0.143294 0.063108 0.589218
0.140712 0.061696 0.587000
0.139748 0.063990 0.590391
0.142380 0.064107 0.588688
0.141287 0.062485 0.587844
0.140605 0.064222 0.589674
0.140493 0.062027 0.589710
0.141520 0.060781 0.588843
0.140092 0.062632 0.589232
0.143184 0.062274 0.589766
0.142043 0.063263 0.591274
0.140906 0.062377 0.589275
0.141306 0.063103 0.591004
0.140616 0.062534 0.590905
0.141185 0.061576 0.590243
0.140154 0.063706 0.591412
0.141855 0.062080 0.592530
0.143365 0.062039 0.591440
0.142168 0.062553 0.594713
0.140659 0.062481 0.593233
0.140932 0.063566 0.592099
0.142068 0.062397 0.591949
0.143054 0.061428 0.593245
0.143499 0.063107 0.594522
0.143389 0.063946 0.595128
0.142634 0.063193 0.594617
0.142321 0.062203 0.593259
0.142955 0.061031 0.595138
0.142481 0.063508 0.595773
0.142545 0.061709 0.594242
0.141632 0.062754 0.594302
0.141751 0.061252 0.595747
0.143562 0.062840 0.596699
0.141321 0.064650 0.597467
0.141833 0.062516 0.596445
0.143223 0.062395 0.597623
0.142924 0.061683 0.597608
0.143549 0.062636 0.597513
0.142067 0.062869 0.597294
0.143806 0.063744 0.595890
0.141845 0.061399 0.598562
0.142573 0.062046 0.598328
0.143174 0.063718 0.598158
0.142531 0.062253 0.597362
0.143222 0.063263 0.598770
0.142772 0.061808 0.599870
0.142261 0.062240 0.598125
0.143397 0.062262 0.599772
0.143064 0.063072 0.599109
0.142436 0.061939 0.600268
0.142582 0.062291 0.599296
0.142882 0.063506 0.599495
0.143164 0.064540 0.601163
0.143442 0.062131 0.599480
0.141669 0.063086 0.601431
0.142921 0.062326 0.602482
0.140996 0.062886 0.601336
0.141204 0.062570 0.602238
0.142065 0.062872 0.601661
0.140641 0.062064 0.604647
0.142674 0.061811 0.601490
0.142811 0.062288 0.603294
0.140991 0.064517 0.602791
0.141505 0.061905 0.603238
0.141308 0.061513 0.602912
0.142249 0.061081 0.604654
0.142546 0.061835 0.604103
0.143080 0.064057 0.605594
0.141228 0.064768 0.604517
0.144660 0.061915 0.604845
0.140613 0.063345 0.605927
0.142491 0.064526 0.605950
0.141739 0.062565 0.607121
0.143315 0.061542 0.604508
0.141603 0.062095 0.605942
0.141419 0.063012 0.606602
0.143241 0.063809 0.605784
0.141824 0.061835 0.607750
0.141557 0.063937 0.607351
0.142563 0.064049 0.607759
0.141288 0.062475 0.605493
0.139726 0.062816 0.606590
0.140991 0.063661 0.607645
0.141546 0.064607 0.607758
0.141599 0.062529 0.609439
0.141920 0.061457 0.609542
0.141950 0.061360 0.609760
0.141440 0.062651 0.609728
0.141317 0.061174 0.608841
0.141174 0.063881 0.608347
0.140679 0.062033 0.610887
0.140908 0.063421 0.610262
0.140817 0.064603 0.611483
0.142594 0.063224 0.612236
0.140857 0.063278 0.609916
0.141845 0.064780 0.612241
0.139582 0.064300 0.610082
0.140672 0.063316 0.611056
0.140238 0.063059 0.612365
0.141090 0.060870 0.611059
0.140870 0.062599 0.612401
0.140180 0.062783 0.612912
0.141727 0.061376 0.612717
0.139277 0.064562 0.611272
0.140677 0.064164 0.612645
0.138055 0.062535 0.614682
0.138913 0.063887 0.614569
0.140363 0.062920 0.614164
0.140588 0.063095 0.615827
0.140343 0.063088 0.615061
0.139960 0.064665 0.615062
0.137822 0.060077 0.614997
0.137615 0.062765 0.615712
0.140870 0.064160 0.614029
0.139792 0.061705 0.614926
0.140289 0.063843 0.616303
0.138127 0.062587 0.616798
0.139925 0.061982 0.615555
0.137360 0.062053 0.616675
0.139142 0.060760 0.616230
0.139309 0.062614 0.616818
0.137844 0.062715 0.617720
0.140736 0.063245 0.617684
0.136855 0.063026 0.618436
0.138097 0.062571 0.617353
0.139035 0.064271 0.619227
0.139209 0.061856 0.620129
0.138879 0.064177 0.616945
0.138592 0.063709 0.617377
0.138645 0.063339 0.618826
0.137471 0.062752 0.619833
0.139177 0.061372 0.619931
0.137527 0.063199 0.618232
0.135221 0.062093 0.619713
0.136813 0.062182 0.619446
0.136043 0.064851 0.618708
0.137846 0.061586 0.620981
0.137733 0.060604 0.620932
0.137269 0.065466 0.621335
0.136485 0.063616 0.620011
0.137495 0.066624 0.578359
0.137301 0.065830 0.579887
0.136361 0.066343 0.580560
0.137699 0.065998 0.579826
0.137248 0.065671 0.581171
0.136953 0.065933 0.578443
0.137901 0.063135 0.580723
0.139927 0.065469 0.580000
0.137214 0.064021 0.580262
0.139029 0.065837 0.580649
0.137055 0.067189 0.579644
0.139483 0.066038 0.583685
0.138718 0.067397 0.583505
0.138223 0.066754 0.580242
0.138552 0.065604 0.582136
0.138707 0.065677 0.582582
0.137567 0.066253 0.581895
0.138785 0.066461 0.582409
0.138329 0.066601 0.580751
0.138859 0.067016 0.582756
0.138354 0.066793 0.581367
0.138863 0.066108 0.583316
0.140222 0.064901 0.582148
0.139796 0.065878 0.584972
0.139881 0.064621 0.582355
0.139184 0.067219 0.582918
0.139462 0.067471 0.583852
0.141313 0.063841 0.584971
0.139193 0.067511 0.586317
0.140000 0.065509 0.584611
0.140628 0.065812 0.585199
0.139992 0.067754 0.586503
0.139066 0.064531 0.586447
0.139960 0.066822 0.585769
0.139238 0.065214 0.587322
0.141273 0.064852 0.585782
0.140604 0.064532 0.588907
0.139786 0.065244 0.587917
0.140574 0.065954 0.587559
0.142058 0.066601 0.588190
0.140839 0.066563 0.588305
0.141306 0.065593 0.588254
0.143484 0.065939 0.588834
0.141013 0.065120 0.586586
0.141038 0.066404 0.587974
0.141196 0.064837 0.590302
0.142808 0.065806 0.589040
0.142560 0.066750 0.590026
0.141164 0.067043 0.589811
0.141381 0.067120 0.591510
0.141897 0.065195 0.591412
0.140945 0.065773 0.589805
0.142946 0.066228 0.589563
0.141957 0.066456 0.591353
0.143228 0.067749 0.590358
0.141246 0.066115 0.590511
0.140880 0.066892 0.590986
0.142136 0.066766 0.592121
0.141642 0.064616 0.594082
0.142365 0.064798 0.591560
0.142374 0.065645 0.593384
0.140610 0.066216 0.593810
0.140320 0.066443 0.594704
0.141153 0.065306 0.594396
0.141386 0.067421 0.593810
0.139698 0.065989 0.594002
0.142365 0.065822 0.594658
0.141774 0.066743 0.592829
0.141212 0.065962 0.596448
0.143027 0.066282 0.595419
0.141484 0.066542 0.595279
0.142168 0.066607 0.595837
0.140359 0.066115 0.595905
0.142487 0.064726 0.595870
0.142362 0.064776 0.596924
0.141885 0.065566 0.596952
0.143895 0.067462 0.595781
0.142655 0.064678 0.597351
0.143865 0.065435 0.597496
0.142169 0.065141 0.596716
0.143395 0.064991 0.597895
0.140652 0.067839 0.597639
0.142548 0.065760 0.597324
0.142848 0.065804 0.596940
0.143405 0.067468 0.597222
0.142817 0.065638 0.599341
0.143066 0.065340 0.599055
0.142272 0.067497 0.598638
0.142524 0.065190 0.600376
0.143317 0.065986 0.600350
0.143960 0.067307 0.599271
0.144135 0.066781 0.599857
0.143437 0.067703 0.600131
0.141191 0.066779 0.598962
0.142836 0.063852 0.601462
0.142385 0.069332 0.600292
0.142044 0.065466 0.600735
0.143810 0.064683 0.602376
0.142342 0.064697 0.601943
0.142431 0.066303 0.601637
0.142712 0.065607 0.602673
0.142040 0.066394 0.601732
0.142688 0.067210 0.603474
0.142552 0.065926 0.604337
0.144684 0.065592 0.602819
0.140780 0.066258 0.603301
0.142297 0.067599 0.604134
0.141341 0.065806 0.602758
0.141279 0.068277 0.604059
0.142913 0.065615 0.604278
0.141976 0.064752 0.603655
0.142301 0.066770 0.605346
0.142036 0.066490 0.605665
0.144597 0.065319 0.604674
0.141410 0.066564 0.604738
0.141924 0.067557 0.605236
0.142976 0.067364 0.606513
0.142138 0.064839 0.607337
0.142456 0.065037 0.606996
0.140512 0.068000 0.609053
0.142183 0.066985 0.607995
0.142844 0.067339 0.608522
0.142273 0.065823 0.607820
0.142062 0.066438 0.608836
0.141022 0.067463 0.608181
0.141090 0.065787 0.608027
0.141136 0.066275 0.607842
0.139306 0.066799 0.609236
0.142342 0.066736 0.607583
0.141013 0.063936 0.610720
0.139827 0.066579 0.610641
0.141611 0.066219 0.610410
0.142737 0.066094 0.609037
0.142114 0.063670 0.611888
0.141594 0.065699 0.610022
0.141542 0.065798 0.609863
0.140705 0.066095 0.610454
0.141036 0.066881 0.611099
0.140913 0.066028 0.611996
0.140730 0.066545 0.611977
0.140876 0.066352 0.612318
0.140270 0.065090 0.614100
0.140501 0.063686 0.611580
0.140945 0.065874 0.611882
0.140344 0.066713 0.610870
0.141538 0.065876 0.612950
0.141889 0.066031 0.615019
0.140499 0.066202 0.613317
0.140783 0.066908 0.614121
0.139829 0.066882 0.613837
0.139459 0.066261 0.615585
0.140641 0.065928 0.615011
0.138966 0.064961 0.614422
0.139936 0.065332 0.615482
0.140126 0.065219 0.616941
0.139632 0.065423 0.615678
0.139618 0.067867 0.616187
0.140235 0.064942 0.617713
0.138108 0.064402 0.617100
0.141403 0.065388 0.617746
0.137821 0.065692 0.618579
0.138520 0.066693 0.616569
0.140108 0.065631 0.616447
0.137854 0.065762 0.617002
0.140040 0.064926 0.619698
0.137601 0.065123 0.620055
0.138637 0.066735 0.620214
0.137157 0.065168 0.620474
0.138732 0.065004 0.620117
0.138145 0.066303 0.619625
0.138838 0.067323 0.619054
0.137664 0.065509 0.620270
0.137582 0.065886 0.619523
0.138628 0.066825 0.617919
0.136251 0.064796 0.621783
0.136781 0.066424 0.620901
0.136853 0.066535 0.620799
0.136797 0.065624 0.621915
0.136006 0.064863 0.620643
0.135455 0.065657 0.621734
0.137020 0.070435 0.578608
0.137234 0.070059 0.581044
0.136869 0.068890 0.579795
0.135861 0.068915 0.578268
0.136545 0.070000 0.580780
0.136534 0.068370 0.579979
0.137846 0.070475 0.581046
0.137888 0.068686 0.580309
0.138352 0.072439 0.579254
0.137103 0.070549 0.582444
0.138560 0.071434 0.581537
0.138804 0.069287 0.579444
0.139365 0.070240 0.581349
0.139137 0.072115 0.582585
0.140222 0.069833 0.581715
0.138647 0.070342 0.581812
0.138180 0.068916 0.584010
0.138712 0.069552 0.583657
0.138558 0.069460 0.583603
0.139831 0.071881 0.581852
0.139407 0.070023 0.582052
0.139465 0.068403 0.582552
0.140287 0.072571 0.580938
0.138703 0.071379 0.583181
0.139899 0.070278 0.584484
0.140546 0.070695 0.584116
0.139299 0.070002 0.584174
0.140173 0.069933 0.584241
0.138489 0.069116 0.584444
0.141054 0.069619 0.584685
0.140847 0.068529 0.585930
0.139992 0.071318 0.584239
0.137894 0.068805 0.585918
0.143016 0.070258 0.586188
0.140912 0.068755 0.586183
0.139522 0.071219 0.586675
0.140705 0.068936 0.586747
0.139434 0.069617 0.587425
0.142112 0.069018 0.586127
0.142039 0.069778 0.586810
0.141019 0.068198 0.588901
0.141093 0.069608 0.590163
0.141755 0.068162 0.590253
0.138346 0.069116 0.586632
0.140616 0.070784 0.587731
0.140636 0.068914 0.589431
0.141876 0.067238 0.590247
0.142214 0.068452 0.590755
0.139791 0.069717 0.590809
0.141372 0.070966 0.590321
0.141379 0.069588 0.589929
0.141876 0.071093 0.592019
0.141050 0.070718 0.591863
0.143451 0.067278 0.592021
0.141399 0.068237 0.591797
0.142087 0.068677 0.592370
0.142103 0.070409 0.590531
0.140414 0.068442 0.592409
0.141039 0.069244 0.592826
0.143154 0.069816 0.589504
0.142340 0.067520 0.591888
0.141823 0.068355 0.592993
0.141178 0.069806 0.592593
0.141646 0.069952 0.592400
0.141718 0.070770 0.593470
0.142515 0.068664 0.592976
0.141796 0.069048 0.593651
0.141237 0.067876 0.594446
0.141987 0.068680 0.593702
0.143283 0.071587 0.595514
0.143364 0.069138 0.594955
0.142299 0.068584 0.594857
0.141819 0.069689 0.595064
0.141596 0.069375 0.596383
0.143551 0.067830 0.595140
0.141835 0.069932 0.594375
0.141987 0.071071 0.595821
0.141878 0.069394 0.597044
0.144987 0.069671 0.597605
0.142918 0.071214 0.597014
0.143890 0.068242 0.596355
0.142907 0.068966 0.598086
0.142438 0.071256 0.597994
0.140735 0.066924 0.597418
0.142038 0.068941 0.599198
0.141543 0.070670 0.598731
0.142440 0.069021 0.600254
0.143906 0.069850 0.597947
0.142356 0.069626 0.599746
0.143333 0.066309 0.599541
0.143068 0.070633 0.597886
0.141970 0.068169 0.599550
0.141305 0.070017 0.602644
0.142267 0.069217 0.600785
0.142242 0.070021 0.602762
0.143198 0.068768 0.602331
0.142782 0.068628 0.600197
0.142507 0.069761 0.601436
0.143096 0.069973 0.602986
0.141623 0.068389 0.601453
0.143612 0.068050 0.602388
0.142227 0.069603 0.600796
0.142095 0.070011 0.604274
0.142350 0.071365 0.602172
0.141416 0.069952 0.604137
0.141419 0.070313 0.602299
0.141485 0.068430 0.604458
0.141383 0.068206 0.603644
0.141745 0.068069 0.603630
0.143770 0.068784 0.605690
0.142095 0.069610 0.604846
0.142701 0.069145 0.604420
0.139783 0.069268 0.607151
0.140888 0.067944 0.603967
0.141144 0.069174 0.606478
0.141329 0.069480 0.606006
0.140407 0.068821 0.608340
0.142426 0.067083 0.607285
0.142158 0.069655 0.607375
0.141777 0.070414 0.606552
0.141837 0.070720 0.606080
0.142490 0.068551 0.607293
0.142295 0.067669 0.608056
0.141871 0.069539 0.608541
0.143240 0.068914 0.608026
0.141590 0.069765 0.608931
0.140920 0.069429 0.608528
0.143179 0.070263 0.608460
0.141434 0.068417 0.610820
0.141833 0.069873 0.609906
0.143935 0.068930 0.609570
0.142248 0.069430 0.610249
0.140985 0.071109 0.610859
0.140433 0.071465 0.609489
0.140490 0.069122 0.610623
0.141024 0.067053 0.611460
0.141563 0.068796 0.611161
0.142871 0.068723 0.611356
0.141751 0.068930 0.612129
0.139629 0.070935 0.612584
0.140735 0.069570 0.612492
0.141484 0.066812 0.612691
0.141242 0.069491 0.613662
0.141623 0.070791 0.611936
0.141249 0.070217 0.613008
0.138036 0.071040 0.612038
0.140008 0.070115 0.614919
0.140046 0.069620 0.614581
0.141184 0.069753 0.616395
0.138318 0.069332 0.614879
0.139182 0.070537 0.612734
0.141004 0.068933 0.613884
0.139097 0.069154 0.614514
0.139701 0.067961 0.613938
0.139215 0.070203 0.615334
0.138164 0.070261 0.617484
0.138386 0.070117 0.615499
0.138096 0.069541 0.614329
0.138552 0.069805 0.617914
0.138350 0.071071 0.615456
0.140892 0.069600 0.616315
0.136998 0.070751 0.618441
0.138591 0.068745 0.617903
0.137642 0.069440 0.616982
0.138928 0.069702 0.620397
0.137563 0.069288 0.618059
0.138640 0.070932 0.617240
0.138163 0.069168 0.618336
0.138274 0.069466 0.619818
0.138684 0.068261 0.619926
0.137800 0.069675 0.617852
0.138533 0.070404 0.620518
0.136916 0.068997 0.618434
0.139385 0.070569 0.618142
0.136959 0.069867 0.621065
0.137241 0.071756 0.620535
0.135978 0.068827 0.619417
0.137153 0.067982 0.619861
0.137979 0.070164 0.621709
0.135989 0.069401 0.620602
0.135522 0.072219 0.578103
0.136457 0.073614 0.578292
0.136543 0.072730 0.579663
0.139491 0.073261 0.580034
0.136377 0.072828 0.580294
0.138968 0.071566 0.578234
0.137822 0.072826 0.578775
0.136726 0.072318 0.580609
0.136907 0.073074 0.581964
0.137375 0.072524 0.579606
0.137795 0.073861 0.582572
0.138716 0.071781 0.580938
0.135568 0.071605 0.582140
0.136817 0.071326 0.581472
0.135945 0.071335 0.581973
0.138681 0.072197 0.581727
0.138165 0.072710 0.582487
0.139303 0.072700 0.582417
0.138960 0.073624 0.582755
0.138100 0.073213 0.581459
0.138024 0.071699 0.583425
0.139321 0.071052 0.583077
0.139435 0.071241 0.583210
0.140062 0.071565 0.584267
0.141055 0.073725 0.583044
0.138510 0.072483 0.584428
0.139444 0.072167 0.585020
0.136970 0.072931 0.583546
0.141240 0.074257 0.584564
0.140574 0.071886 0.586273
0.139824 0.072912 0.584294
0.140788 0.072088 0.583503
0.142648 0.072664 0.586909
0.140160 0.073215 0.586308
0.139580 0.073028 0.588559
0.138309 0.073750 0.587448
0.139493 0.071974 0.587393
0.140238 0.073438 0.584937
0.139257 0.072753 0.586185
0.140576 0.073530 0.586501
0.140472 0.073148 0.587350
0.140060 0.072149 0.586650
0.141844 0.073232 0.588033
0.141153 0.074416 0.588926
0.141214 0.072052 0.587156
0.141702 0.072072 0.588341
0.143488 0.071920 0.587624
0.140378 0.071132 0.590281
0.140533 0.071363 0.591461
0.141536 0.073150 0.590308
0.143646 0.074153 0.589314
0.142532 0.071970 0.592500
0.141131 0.072876 0.590619
0.139836 0.072217 0.591520
0.141118 0.072118 0.590393
0.141241 0.072955 0.593670
0.141908 0.072747 0.591035
0.141327 0.072818 0.592216
0.140762 0.073895 0.592714
0.140202 0.074730 0.591489
0.141703 0.072573 0.591745
0.141920 0.071686 0.592645
0.141383 0.073337 0.591156
0.141321 0.074380 0.593333
0.143297 0.072654 0.595067
0.141413 0.072501 0.594228
0.141028 0.072971 0.594191
0.143256 0.073913 0.595258
0.142290 0.071354 0.593854
0.142454 0.073397 0.595313
0.141722 0.072993 0.594721
0.143371 0.072940 0.594610
0.141718 0.071580 0.594688
0.140989 0.074414 0.596441
0.141418 0.072626 0.597612
0.141943 0.073418 0.596445
0.141887 0.073848 0.597697
0.141568 0.071732 0.596694
0.141155 0.073314 0.596113
0.142955 0.072791 0.597067
0.143124 0.074736 0.597562
0.141123 0.072595 0.598252
0.141093 0.071822 0.598438
0.142248 0.074683 0.597714
0.142300 0.072054 0.598183
0.141949 0.072941 0.598987
0.145102 0.073164 0.598187
0.144083 0.074304 0.597961
0.140681 0.073056 0.598559
0.141938 0.074032 0.599436
0.142808 0.073563 0.600294
0.144061 0.072985 0.598759
0.142964 0.072189 0.599682
0.140300 0.072070 0.601393
0.142524 0.072786 0.602473
0.143031 0.073837 0.601333
0.143858 0.072785 0.602392
0.143387 0.072415 0.602227
0.141184 0.072733 0.601797
0.141895 0.071612 0.602150
0.141797 0.072269 0.603404
0.144094 0.073866 0.603716
0.143558 0.075488 0.602383
0.144227 0.072552 0.603169
0.141718 0.071946 0.602265
0.142526 0.073409 0.603680
0.142253 0.073067 0.602106
0.143267 0.073318 0.603354
0.142064 0.072719 0.603940
0.140402 0.072975 0.604401
0.141825 0.072658 0.605137
0.144735 0.072170 0.606565
0.141454 0.071929 0.606115
0.142968 0.074133 0.606920
0.142029 0.072530 0.606434
0.142915 0.072204 0.605123
0.142334 0.071643 0.606612
0.143814 0.071252 0.607270
0.141961 0.074204 0.608106
0.141889 0.072206 0.606422
0.141744 0.072687 0.607370
0.140977 0.072861 0.607739
0.141866 0.071782 0.609499
0.142579 0.074117 0.607550
0.142691 0.073656 0.609596
0.142370 0.072740 0.608306
0.140292 0.070986 0.608637
0.142146 0.072789 0.609228
0.142078 0.073073 0.609443
0.141087 0.071369 0.609521
0.140774 0.073200 0.610269
0.140644 0.074282 0.609836
0.141828 0.072393 0.609000
0.139783 0.072318 0.609581
0.142999 0.073603 0.610653
0.140735 0.070487 0.610876
0.139701 0.072280 0.612253
0.142062 0.074086 0.610830
0.139951 0.073399 0.611772
0.141158 0.072167 0.611798
0.141208 0.071505 0.611712
0.140148 0.073261 0.613169
0.140749 0.073311 0.613659
0.141007 0.073033 0.613333
0.143017 0.071744 0.614400
0.140166 0.074242 0.614149
0.139961 0.072157 0.614120
0.142490 0.071891 0.612986
0.139920 0.072222 0.615897
0.139205 0.073622 0.614963
0.138432 0.072088 0.615647
0.139607 0.072952 0.614073
0.139856 0.073482 0.615982
0.140069 0.071209 0.614523
0.138634 0.071777 0.616727
0.138639 0.072878 0.615867
0.138367 0.073244 0.615561
0.138417 0.071998 0.617436
0.137925 0.072739 0.617225
0.137618 0.070571 0.617233
0.139195 0.073080 0.617857
0.139952 0.072064 0.616472
0.139779 0.072522 0.617772
0.139424 0.071696 0.619187
0.139297 0.074256 0.616718
0.139277 0.074130 0.618713
0.139998 0.073601 0.617539
0.137807 0.073769 0.617155
0.137658 0.074336 0.619451
0.136752 0.073183 0.618540
0.138153 0.071860 0.620018
0.136780 0.072856 0.620522
0.137290 0.073487 0.618776
0.137122 0.073317 0.618580
0.136301 0.070904 0.619946
0.136347 0.070891 0.620172
0.139419 0.072919 0.622512
0.136680 0.071762 0.621535
0.137128 0.073312 0.619308
0.135155 0.073874 0.621462
0.136542 0.075850 0.579548
0.138425 0.076359 0.578896
0.138210 0.073327 0.580166
0.135641 0.077023 0.579453
0.138490 0.076885 0.581067
0.139025 0.077825 0.580113
0.137746 0.076099 0.579958
0.137956 0.075313 0.579540
0.138330 0.076620 0.580387
0.138103 0.074410 0.581229
0.136087 0.075803 0.581380
0.137477 0.076959 0.580709
0.137415 0.076531 0.581802
0.137763 0.076698 0.582106
0.137658 0.075377 0.580477
0.138965 0.077908 0.582158
0.138459 0.077306 0.581387
0.138271 0.075978 0.581351
0.139238 0.075918 0.582441
0.139812 0.075603 0.583088
0.138749 0.075964 0.583741
0.139552 0.075762 0.585144
0.138708 0.074465 0.583885
0.139828 0.076149 0.582455
0.138784 0.078041 0.585136
0.138728 0.074080 0.583527
0.140682 0.075352 0.584258
0.138964 0.073904 0.586732
0.139248 0.075341 0.587145
0.140159 0.078033 0.583995
0.140667 0.073703 0.585673
0.140458 0.074215 0.585911
0.140638 0.074983 0.585697
0.141113 0.074806 0.586819
0.140480 0.075774 0.587212
0.140041 0.076537 0.586454
0.139654 0.075365 0.588325
0.140857 0.078527 0.586572
0.140599 0.076307 0.589479
0.142424 0.076803 0.587983
0.140999 0.075843 0.587560
0.141035 0.075441 0.587977
0.140471 0.076416 0.587800
0.140090 0.074147 0.587306
0.141535 0.075212 0.588296
0.141494 0.075351 0.589098
0.139426 0.077197 0.588169
0.141093 0.074751 0.587894
0.141745 0.076213 0.590081
0.141681 0.075709 0.589021
0.140639 0.076749 0.590768
0.142137 0.076217 0.591498
0.141986 0.075325 0.589343
0.141301 0.076069 0.589125
0.140132 0.075956 0.591047
0.140327 0.074642 0.592040
0.141344 0.076220 0.589888
0.144357 0.075257 0.592926
0.142046 0.074876 0.592098
0.140217 0.074863 0.594512
0.142826 0.076096 0.593061
0.140278 0.076878 0.593694
0.140426 0.075307 0.593336
0.142337 0.076106 0.594028
0.142503 0.076875 0.593800
0.141508 0.076102 0.594548
0.141004 0.076916 0.592827
0.144203 0.076448 0.593631
0.143676 0.074403 0.595611
0.142259 0.075982 0.595462
0.142735 0.077138 0.595607
0.142252 0.075791 0.595743
0.141588 0.075084 0.596904
0.143314 0.074459 0.596004
0.143860 0.075393 0.595372
0.141295 0.075636 0.597516
0.142070 0.078006 0.598238
0.143137 0.074719 0.596745
0.143001 0.076665 0.597281
0.141078 0.077151 0.597397
0.142372 0.076838 0.598240
0.142453 0.075988 0.598335
0.143543 0.076952 0.598038
0.143800 0.075823 0.597878
0.142645 0.074792 0.597754
0.142460 0.076073 0.599215
0.144863 0.076821 0.599595
0.142726 0.077362 0.598321
0.143079 0.077150 0.599990
0.141251 0.075173 0.600535
0.144166 0.077103 0.600066
0.142618 0.075194 0.600840
0.140571 0.075689 0.599508
0.141041 0.073631 0.601368
0.140704 0.076564 0.601700
0.142230 0.075968 0.600412
0.145235 0.077477 0.604212
0.142215 0.075173 0.600856
0.142170 0.076075 0.602500
0.143143 0.075929 0.601729
0.142774 0.075513 0.602310
0.143241 0.078179 0.603083
0.143150 0.075775 0.601439
0.140643 0.074774 0.602483
0.143460 0.075207 0.604747
0.142291 0.074903 0.604207
0.142813 0.077161 0.602301
0.142789 0.076035 0.605658
0.140646 0.076561 0.604237
0.144946 0.077393 0.605166
0.140838 0.076615 0.604518
0.143528 0.076288 0.606891
0.142772 0.076211 0.606750
0.140489 0.074987 0.606651
0.144163 0.078089 0.605124
0.142281 0.075961 0.607020
0.142307 0.076987 0.606198
0.141548 0.075864 0.606121
0.141709 0.075256 0.606416
0.142264 0.074527 0.607051
0.141156 0.075278 0.606284
0.142223 0.076244 0.607439
0.142577 0.074275 0.609252
0.141455 0.076188 0.607987
0.140815 0.072592 0.608019
0.141548 0.076570 0.610526
0.141890 0.076531 0.608932
0.139870 0.076468 0.608753
0.141150 0.076791 0.610219
0.141378 0.077569 0.608062
0.140402 0.076154 0.609743
0.141366 0.075169 0.609299
0.140320 0.076874 0.609792
0.139825 0.076860 0.610337
0.138877 0.076396 0.611858
0.139896 0.076598 0.613128
0.140877 0.075366 0.611841
0.141625 0.076980 0.610794
0.140430 0.076822 0.610990
0.143117 0.075193 0.611656
0.140675 0.075606 0.610890
0.139386 0.076841 0.613389
0.139502 0.075131 0.611430
0.139464 0.075060 0.613885
0.141003 0.077099 0.614210
0.139911 0.078393 0.612606
0.141910 0.076656 0.614054
0.142479 0.075647 0.614519
0.140245 0.074769 0.613227
0.140371 0.075721 0.616445
0.140558 0.075577 0.614191
0.139727 0.078033 0.614661
0.139499 0.076225 0.615317
0.139424 0.076839 0.615537
0.138747 0.075893 0.613844
0.139177 0.075753 0.615054
0.140378 0.074595 0.616046
0.140765 0.076548 0.616762
0.138960 0.076791 0.616629
0.139925 0.076051 0.617444
0.138130 0.075527 0.617003
0.139072 0.076922 0.617532
0.141256 0.076582 0.617480
0.136534 0.075971 0.616162
0.139147 0.076315 0.620083
0.139877 0.076539 0.618809
0.137754 0.075592 0.617469
0.140751 0.075660 0.618145
0.138368 0.076231 0.619012
0.140273 0.074808 0.619990
0.137779 0.077182 0.618774
0.137941 0.076425 0.619115
0.138482 0.076165 0.619313
0.137987 0.077234 0.620633
0.138293 0.076358 0.618995
0.139232 0.074948 0.620985
0.136524 0.077406 0.620505
0.138238 0.076081 0.620978
0.138102 0.077841 0.622363
0.136425 0.076045 0.621851
0.134989 0.080573 0.578647
0.135703 0.080187 0.578316
0.137516 0.079902 0.579344
0.136359 0.079500 0.579496
0.137855 0.078988 0.579424
0.137148 0.079627 0.580432
0.136068 0.079406 0.580799
0.137697 0.078372 0.579741
0.138416 0.080351 0.581496
0.137680 0.080821 0.580108
0.139340 0.079399 0.580254
0.137593 0.078305 0.581007
0.138199 0.080819 0.581313
0.138166 0.078716 0.579787
0.139641 0.080018 0.580447
0.139309 0.079607 0.582268
0.137737 0.079614 0.583903
0.139376 0.079560 0.581943
0.138657 0.081026 0.581898
0.139289 0.078515 0.582398
0.140385 0.079136 0.583471
0.141489 0.079938 0.584519
0.139990 0.080025 0.583618
0.139203 0.079162 0.583022
0.138926 0.079641 0.583575
0.140009 0.080111 0.583970
0.139141 0.079146 0.583745
0.140260 0.079996 0.585762
0.139863 0.081248 0.583543
0.138700 0.078385 0.586022
0.139204 0.079474 0.588701
0.139338 0.080027 0.589006
0.139453 0.078830 0.585583
0.140764 0.080482 0.586243
0.138705 0.078741 0.586264
0.140194 0.079980 0.586922
0.139660 0.080159 0.587001
0.141437 0.079479 0.585688
0.141222 0.079587 0.587017
0.140549 0.078764 0.587763
0.140005 0.079301 0.587302
0.140383 0.080010 0.589573
0.140683 0.080787 0.588664
0.139915 0.079336 0.587899
0.141672 0.079064 0.587674
0.140065 0.078563 0.588990
0.141499 0.079202 0.590519
0.140683 0.079551 0.590219
0.140560 0.078499 0.590513
0.140332 0.080242 0.588119
0.142363 0.079670 0.590621
0.140546 0.078849 0.592064
0.140009 0.079207 0.591624
0.143349 0.080136 0.590588
0.140979 0.079691 0.589973
0.140913 0.081439 0.592651
0.141264 0.080784 0.592508
0.141230 0.080352 0.591267
0.142586 0.079487 0.591914
0.142526 0.077951 0.593384
0.141789 0.078241 0.593969
0.142033 0.080477 0.592862
0.143698 0.079407 0.593154
0.142797 0.079542 0.592868
0.142748 0.079483 0.594566
0.141106 0.079576 0.594172
0.142123 0.079522 0.593583
0.142569 0.079470 0.594488
0.142058 0.079616 0.595319
0.142242 0.081181 0.595548
0.141360 0.080206 0.595357
0.143182 0.080606 0.596494
0.141938 0.079191 0.595928
0.143025 0.079342 0.596030
0.140358 0.079961 0.597020
0.142500 0.079394 0.596085
0.142135 0.079752 0.595281
0.143161 0.079647 0.594928
0.140840 0.078567 0.597591
0.142572 0.079239 0.597292
0.142862 0.077559 0.596485
0.142769 0.080014 0.598167
0.143372 0.080547 0.598304
0.141226 0.078705 0.598555
0.143021 0.081435 0.598404
0.142221 0.079507 0.600618
0.142637 0.080692 0.598786
0.143044 0.080751 0.599786
0.142078 0.080804 0.598393
0.142685 0.078981 0.597411
0.143647 0.079326 0.598205
0.142287 0.081108 0.600981
0.142260 0.079788 0.600542
0.142645 0.080816 0.600267
0.142887 0.080531 0.601654
0.143278 0.080404 0.601813
0.143583 0.080832 0.602965
0.142247 0.079710 0.602236
0.144750 0.079677 0.601391
0.142486 0.080456 0.601943
0.139221 0.078772 0.601397
0.143112 0.079040 0.602260
0.143306 0.080679 0.603266
0.142934 0.080391 0.600452
0.143380 0.078803 0.604673
0.141988 0.079099 0.604901
0.141861 0.080189 0.602679
0.143229 0.080186 0.604957
0.141072 0.078108 0.605545
0.143818 0.080112 0.605804
0.142677 0.079360 0.602524
0.141625 0.080370 0.605148
0.141930 0.078665 0.607689
0.141714 0.079019 0.603578
0.139978 0.078830 0.606761
0.142505 0.078976 0.605364
0.141731 0.080465 0.606393
0.141764 0.080447 0.605183
0.139424 0.080343 0.608582
0.140617 0.078445 0.607526
0.140745 0.079441 0.607506
0.141135 0.079537 0.607224
0.142550 0.080613 0.607134
0.143190 0.081265 0.608870
0.143845 0.080475 0.609249
0.142818 0.078379 0.610459
0.138762 0.078831 0.607742
0.142061 0.079921 0.608560
0.140836 0.079516 0.607295
0.140806 0.079004 0.610379
0.141594 0.080019 0.609723
0.142273 0.079967 0.609847
0.140489 0.081048 0.610257
0.141698 0.078488 0.611070
0.140187 0.079824 0.611011
0.140243 0.078106 0.610141
0.140799 0.078874 0.610131
0.139775 0.079757 0.611567
0.141223 0.079603 0.611643
0.139722 0.077850 0.611126
0.140721 0.079229 0.611700
0.140268 0.078447 0.612993
0.138635 0.078910 0.612729
0.141919 0.079525 0.612225
0.138533 0.079333 0.611670
0.140226 0.077066 0.614493
0.140097 0.077779 0.614295
0.140630 0.079787 0.612429
0.139956 0.079175 0.613207
0.139577 0.078258 0.614291
0.139064 0.080395 0.612588
0.139575 0.080892 0.615506
0.139557 0.080209 0.614710
0.139854 0.079435 0.614958
0.140616 0.080250 0.614737
0.138431 0.078635 0.615652
0.140263 0.079112 0.616120
0.138736 0.079007 0.617261
0.139070 0.081031 0.615913
0.140200 0.078721 0.617133
0.139219 0.079110 0.617344
0.138175 0.081688 0.618339
0.137364 0.078591 0.616646
0.138987 0.079815 0.616446
0.139604 0.079157 0.618907
0.136651 0.079227 0.617805
0.138422 0.079453 0.617109
0.137896 0.081061 0.619295
0.139231 0.079745 0.617880
0.138923 0.078777 0.619709
0.137190 0.078914 0.620351
0.138666 0.080813 0.619535
0.135492 0.079951 0.620521
0.138380 0.079121 0.620829
0.136861 0.079964 0.619497
0.137021 0.080110 0.619279
0.136213 0.079947 0.621256
0.138235 0.079493 0.620357
0.137352 0.079488 0.622837
0.138169 0.079996 0.619387
0.136276 0.083925 0.577614
0.139477 0.083318 0.579699
0.136631 0.083309 0.580013
0.136676 0.083398 0.579621
0.136426 0.083275 0.579180
0.137246 0.083501 0.579339
0.138262 0.083724 0.580444
0.136662 0.081362 0.580579
0.137097 0.083012 0.579803
0.137201 0.083173 0.581430
0.138711 0.082613 0.581738
0.139847 0.082767 0.582176
0.139239 0.080566 0.581516
0.137372 0.083280 0.583835
0.137899 0.082101 0.582940
0.137773 0.084446 0.581709
0.139914 0.082262 0.581415
0.138745 0.083484 0.581322
0.140720 0.083541 0.583935
0.139269 0.082433 0.581016
0.140637 0.083245 0.582681
0.139624 0.082646 0.584463
0.140265 0.082078 0.583110
0.139452 0.082388 0.584793
0.138633 0.081883 0.585488
0.139054 0.083099 0.584047
0.139049 0.082036 0.583563
0.138734 0.083445 0.585132
0.139413 0.082375 0.585170
0.138707 0.083889 0.584722
0.139920 0.083744 0.586598
0.140303 0.083110 0.586098
0.141998 0.083292 0.586176
0.142624 0.084029 0.588647
0.140176 0.082473 0.586534
0.141018 0.082949 0.587390
0.139717 0.083149 0.587185
0.140242 0.082417 0.587477
0.139780 0.082356 0.586719
0.142048 0.084140 0.587562
0.142138 0.083870 0.588263
0.141203 0.084596 0.588521
0.140933 0.082761 0.588523
0.141306 0.083160 0.587490
0.140752 0.081229 0.588558
0.140566 0.081612 0.588814
0.141436 0.082191 0.588418
0.141952 0.082731 0.590094
0.139416 0.083778 0.589903
0.141121 0.083804 0.590011
0.140976 0.082967 0.592200
0.140649 0.083340 0.589890
0.140500 0.084313 0.588365
0.141054 0.082046 0.591062
0.142441 0.082787 0.589984
0.141459 0.082504 0.591290
0.141436 0.081992 0.592355
0.142015 0.082829 0.592010
0.142478 0.084102 0.592039
0.141518 0.080714 0.593038
0.141815 0.084273 0.594128
0.144599 0.083573 0.593937
0.143235 0.083542 0.591994
0.143019 0.081529 0.593572
0.140371 0.082491 0.593558
0.141790 0.081771 0.591361
0.141981 0.082697 0.595160
0.144246 0.080045 0.595530
0.140132 0.082858 0.593545
0.141757 0.081806 0.594777
0.143094 0.083588 0.594398
0.140767 0.082031 0.596411
0.141723 0.081441 0.596388
0.141139 0.083103 0.597812
0.142425 0.082891 0.596205
0.140114 0.081015 0.596451
0.142695 0.083755 0.598118
0.142002 0.082996 0.596015
0.141971 0.084829 0.599960
0.143091 0.082908 0.597815
0.141847 0.082268 0.598029
0.141813 0.083122 0.599551
0.142706 0.083130 0.597631
0.143047 0.082147 0.599727
0.142830 0.083160 0.600121
0.141857 0.080560 0.597952
0.141161 0.081352 0.599125
0.141922 0.082947 0.600811
0.141515 0.081916 0.598880
0.141616 0.081853 0.600264
0.143419 0.081446 0.600399
0.141667 0.083103 0.600836
0.143128 0.083768 0.600332
0.142687 0.083558 0.599273
0.142301 0.083692 0.600086
0.142345 0.082533 0.603305
0.144891 0.082694 0.602181
0.143192 0.083513 0.601305
0.142121 0.083163 0.602485
0.142923 0.083952 0.601117
0.142594 0.081669 0.602649
0.141494 0.082443 0.602917
0.141440 0.082584 0.602068
0.143633 0.084514 0.601390
0.142025 0.083343 0.601977
0.142145 0.083932 0.604032
0.142781 0.082495 0.604040
0.143617 0.083201 0.605336
0.141025 0.083446 0.604907
0.143286 0.083334 0.606088
0.141781 0.082125 0.604501
0.144657 0.083271 0.605497
0.142307 0.082433 0.604386
0.141559 0.081681 0.606114
0.142160 0.082870 0.607522
0.141640 0.083612 0.606687
0.141317 0.083015 0.607403
0.143453 0.083216 0.606575
0.142771 0.082416 0.607366
0.140784 0.081391 0.608230
0.142146 0.082723 0.608903
0.140820 0.084053 0.609096
0.142572 0.082778 0.606588
0.141939 0.081436 0.609081
0.142459 0.083029 0.608270
0.141832 0.081106 0.609560
0.142090 0.082858 0.609718
0.142298 0.083762 0.610577
0.142416 0.081691 0.610956
0.141004 0.081776 0.607796
0.140204 0.085373 0.609642
0.142286 0.083657 0.610946
0.141110 0.082639 0.609536
0.140223 0.082890 0.610177
0.140853 0.081692 0.611427
0.141304 0.084372 0.612431
0.140923 0.083689 0.612689
0.140998 0.081988 0.610531
0.141565 0.082650 0.613056
0.141714 0.082981 0.611439
0.141502 0.083129 0.612199
0.139267 0.083088 0.613281
0.139282 0.083846 0.612927
0.139402 0.084242 0.613555
0.138673 0.082325 0.613428
0.141134 0.083177 0.615235
0.141547 0.082345 0.613811
0.139833 0.082538 0.613579
0.139562 0.082881 0.616477
0.139103 0.081400 0.613450
0.142054 0.083856 0.614528
0.140052 0.082168 0.616049
0.136920 0.083965 0.614448
0.139873 0.083094 0.615777
0.139629 0.083280 0.614616
0.139684 0.083358 0.615348
0.138230 0.082421 0.616840
0.141071 0.082966 0.615539
0.139836 0.083204 0.616185
0.137798 0.083382 0.618041
0.138737 0.082344 0.616257
0.138043 0.084366 0.618036
0.137971 0.081395 0.617076
0.137250 0.081447 0.617331
0.139160 0.081553 0.616924
0.137993 0.081601 0.617966
0.139646 0.082979 0.619127
0.138432 0.081520 0.620149
0.138099 0.082214 0.620177
0.136179 0.084334 0.618791
0.139895 0.082122 0.617956
0.137836 0.083384 0.620489
0.137851 0.081655 0.620738
0.137254 0.082586 0.621343
0.138055 0.083581 0.618414
0.135724 0.083973 0.620511
0.136941 0.082045 0.619300
0.136762 0.084759 0.620728
0.136123 0.083551 0.621280
0.138149 0.085084 0.620743
0.135610 0.084390 0.580262
0.136450 0.087253 0.579023
0.136284 0.083572 0.580059
0.137991 0.085694 0.579398
0.135191 0.087629 0.578312
0.137003 0.085542 0.580008
0.138951 0.086455 0.581027
0.137854 0.087787 0.579968
0.137559 0.085658 0.579647
0.137461 0.087349 0.580617
0.138804 0.085101 0.580843
0.137839 0.085245 0.580763
0.138548 0.085693 0.580614
0.135376 0.084834 0.582366
0.139562 0.085968 0.583023
0.138609 0.086710 0.583201
0.138135 0.084863 0.582222
0.139056 0.085254 0.581430
0.138240 0.085418 0.582306
0.139264 0.085643 0.584105
0.137299 0.087167 0.583628
0.139728 0.087151 0.583650
0.137444 0.086600 0.582162
0.138883 0.087223 0.583096
0.140595 0.085178 0.584937
0.140137 0.086465 0.585011
0.138684 0.085861 0.585090
0.140649 0.086914 0.583435
0.139415 0.086052 0.584693
0.140020 0.086751 0.586022
0.140413 0.085175 0.585309
0.140782 0.085140 0.585844
0.142313 0.085840 0.587113
0.137262 0.085576 0.586264
0.140128 0.085645 0.585871
0.139705 0.087176 0.587244
0.140127 0.085693 0.587225
0.141363 0.084877 0.587741
0.141427 0.085705 0.588691
0.139522 0.085296 0.588438
0.139795 0.086695 0.589629
0.138500 0.085724 0.588353
0.141161 0.086552 0.588322
0.142034 0.086274 0.588093
0.140807 0.083926 0.588346
0.140428 0.085501 0.588741
0.142019 0.087153 0.589066
0.139655 0.085807 0.589214
0.140785 0.085071 0.589217
0.143627 0.085432 0.589919
0.140741 0.087427 0.589595
0.141643 0.085482 0.589949
0.141722 0.088652 0.591443
0.141494 0.086386 0.591619
0.141163 0.085900 0.591903
0.141032 0.086660 0.591665
0.141856 0.087195 0.591386
0.140859 0.085430 0.593985
0.140752 0.086812 0.592933
0.141267 0.086913 0.591206
0.141573 0.085975 0.592313
0.142170 0.088260 0.592961
0.141341 0.086683 0.592773
0.140443 0.084694 0.594109
0.141444 0.086841 0.593721
0.141738 0.085343 0.594350
0.144075 0.085871 0.594236
0.141645 0.084645 0.593552
0.141884 0.085497 0.594023
0.142029 0.085666 0.595506
0.141142 0.083915 0.595620
0.142432 0.087607 0.597745
0.141082 0.088173 0.594685
0.142290 0.085236 0.596202
0.140847 0.086242 0.594077
0.143688 0.087330 0.595558
0.142687 0.086216 0.595024
0.143446 0.085786 0.597444
0.142047 0.087631 0.596250
0.142072 0.085684 0.595665
0.141935 0.085487 0.597095
0.141545 0.084919 0.598546
0.142723 0.085561 0.597504
0.141132 0.086640 0.595991
0.142917 0.087600 0.596636
0.142374 0.084097 0.597881
0.140585 0.085123 0.598721
0.142813 0.086494 0.598177
0.141398 0.085850 0.600285
0.143958 0.085973 0.598422
0.144072 0.085568 0.598738
0.141082 0.086801 0.600003
0.143568 0.086758 0.600764
0.139656 0.086547 0.600581
0.143744 0.087401 0.603277
0.142305 0.085200 0.601752
0.142883 0.087544 0.600181
0.142390 0.085474 0.602476
0.141737 0.085497 0.601955
0.141696 0.085294 0.601326
0.142104 0.088236 0.603374
0.141611 0.085797 0.601115
0.142210 0.086828 0.601424
0.141420 0.087600 0.603782
0.143980 0.085175 0.604044
0.141666 0.085125 0.604900
0.142981 0.085429 0.603821
0.143029 0.088003 0.603789
0.141684 0.086955 0.603429
0.142518 0.087293 0.606821
0.141769 0.086376 0.604064
0.141571 0.087153 0.605826
0.140450 0.086051 0.603621
0.142222 0.085690 0.606957
0.140261 0.086241 0.608159
0.141635 0.086248 0.606048
0.143136 0.087237 0.607272
0.141813 0.084499 0.607433
0.142173 0.086647 0.605962
0.143936 0.084724 0.607084
0.141454 0.086696 0.607899
0.141631 0.085983 0.606741
0.142508 0.086759 0.608429
0.141527 0.085520 0.609223
0.142258 0.085907 0.609818
0.140120 0.085613 0.608582
0.142511 0.085599 0.608765
0.141799 0.085723 0.611599
0.142984 0.086973 0.610836
0.141809 0.086913 0.612271
0.141496 0.086908 0.609212
0.142381 0.087114 0.610329
0.140773 0.086527 0.610299
0.140126 0.086777 0.610498
0.142008 0.086045 0.611889
0.142292 0.087286 0.611332
0.141891 0.085838 0.611168
0.140351 0.086775 0.610362
0.139293 0.085884 0.609899
0.139892 0.086375 0.610976
0.141976 0.086016 0.612187
0.141092 0.088091 0.612934
0.140627 0.085783 0.613129
0.141663 0.086067 0.612933
0.139835 0.084814 0.614845
0.139634 0.087507 0.612137
0.141703 0.085013 0.612265
0.139807 0.084019 0.614917
0.140090 0.087120 0.614982
0.140579 0.085381 0.615733
0.140988 0.086557 0.613890
0.141052 0.085822 0.615239
0.139343 0.085746 0.614260
0.140658 0.084329 0.616004
0.139673 0.086177 0.614736
0.138958 0.084440 0.614311
0.140233 0.087253 0.615176
0.139047 0.086263 0.617548
0.139575 0.083246 0.617694
0.139901 0.086427 0.616865
0.139312 0.085100 0.617167
0.138524 0.084823 0.617823
0.138857 0.085044 0.616675
0.138979 0.086225 0.616656
0.139248 0.086578 0.617719
0.139540 0.085874 0.619895
0.137955 0.085268 0.618972
0.137023 0.085766 0.619324
0.138634 0.084687 0.618549
0.135130 0.085643 0.617584
0.139835 0.087263 0.618501
0.138323 0.084769 0.619815
0.136217 0.087429 0.621119
0.138931 0.087392 0.619868
0.138039 0.086809 0.618659
0.137149 0.085696 0.621443
0.138817 0.086967 0.619859
0.137867 0.085932 0.619818
0.136804 0.085463 0.621186
0.135411 0.086652 0.621505
0.135535 0.089130 0.578910
0.135422 0.090162 0.579267
0.137311 0.089635 0.578065
0.136125 0.089644 0.579132
0.137527 0.089201 0.579608
0.137347 0.089338 0.579246
0.137893 0.089032 0.580133
0.137791 0.090069 0.579726
0.138582 0.090407 0.579989
0.137940 0.090223 0.582643
0.138510 0.089174 0.581124
0.136589 0.089236 0.582449
0.138772 0.089954 0.581741
0.136911 0.089865 0.581921
0.138563 0.088219 0.584489
0.138969 0.090240 0.583535
0.139721 0.089355 0.581803
0.139425 0.088790 0.583968
0.138451 0.089768 0.583167
0.138557 0.091017 0.582930
0.138680 0.090600 0.582746
0.136369 0.090054 0.583515
0.138876 0.090514 0.583591
0.139151 0.090232 0.582710
0.140547 0.089444 0.585379
0.138827 0.089328 0.585333
0.141015 0.090072 0.585500
0.140090 0.088390 0.585527
0.139258 0.088915 0.584934
0.140771 0.088967 0.584695
0.138999 0.089144 0.586154
0.141431 0.091643 0.587106
0.139976 0.089619 0.584688
0.139798 0.089258 0.586161
0.139235 0.090298 0.589218
0.140381 0.088737 0.586572
0.140546 0.091120 0.586565
0.142797 0.088936 0.587200
0.140702 0.088318 0.588207
0.141036 0.089116 0.586858
0.141278 0.089466 0.587600
0.141317 0.090008 0.588142
0.140209 0.090909 0.588535
0.140828 0.088548 0.589306
0.142003 0.089693 0.587671
0.140895 0.090872 0.590264
0.139617 0.089947 0.587519
0.140849 0.089824 0.589829
0.141268 0.088334 0.589607
0.141934 0.089888 0.590587
0.139903 0.088903 0.589829
0.141434 0.089938 0.590419
0.141595 0.090550 0.590768
0.141569 0.090652 0.590444
0.141112 0.090293 0.591479
0.142558 0.089580 0.590809
0.141365 0.088645 0.592855
0.141409 0.089590 0.593060
0.140488 0.089952 0.593251
0.142692 0.087827 0.592960
0.140674 0.088941 0.592980
0.142521 0.088086 0.591823
0.140816 0.087817 0.593897
0.140120 0.089650 0.593667
0.141853 0.090324 0.593909
0.142063 0.090061 0.593897
0.142461 0.089926 0.593186
0.143858 0.091561 0.594200
0.139824 0.089591 0.595257
0.141750 0.088112 0.595148
0.142230 0.089227 0.595556
0.140488 0.090508 0.593011
0.142172 0.089126 0.597084
0.141476 0.090658 0.595134
0.141360 0.089352 0.594605
0.142644 0.088293 0.597647
0.141170 0.089790 0.597039
0.142221 0.089975 0.597242
0.141565 0.089442 0.597427
0.142453 0.091069 0.597035
0.142134 0.089644 0.597213
0.142706 0.090275 0.596429
0.142284 0.090005 0.598004
0.143810 0.089434 0.597599
0.144967 0.090437 0.598159
0.142896 0.089603 0.599166
0.144945 0.090089 0.598492
0.141716 0.090376 0.599205
0.143339 0.088507 0.599842
0.140673 0.088349 0.598654
0.141173 0.089771 0.598709
0.140551 0.089561 0.601951
0.141235 0.088622 0.600858
0.141393 0.089486 0.600524
0.143461 0.088275 0.600316
0.142469 0.091615 0.600496
0.144254 0.087494 0.602346
0.142218 0.090156 0.601242
0.142065 0.091320 0.600813
0.142312 0.089450 0.603652
0.143038 0.089218 0.601160
0.142511 0.089220 0.603659
0.142802 0.090878 0.602673
0.142789 0.087585 0.603493
0.143309 0.091799 0.601734
0.143867 0.089748 0.604219
0.141045 0.089602 0.606086
0.142233 0.088850 0.604343
0.142401 0.088396 0.604180
0.143377 0.091920 0.605571
0.141734 0.090949 0.605617
0.143365 0.090535 0.606360
0.143013 0.089464 0.604772
0.142894 0.089271 0.606541
0.141620 0.090073 0.605747
0.141988 0.089908 0.605992
0.141365 0.090158 0.606238
0.141261 0.090333 0.606666
0.140814 0.088748 0.607371
0.141910 0.088205 0.606098
0.142273 0.089417 0.607663
0.142460 0.090875 0.609161
0.141568 0.088542 0.607769
0.141333 0.089355 0.607641
0.141956 0.089311 0.608355
0.141504 0.087952 0.608697
0.141304 0.088898 0.611275
0.141520 0.091077 0.608351
0.141710 0.089889 0.609460
0.140994 0.090081 0.609701
0.141495 0.090263 0.611400
0.140415 0.088738 0.610244
0.142510 0.089278 0.611232
0.141227 0.090265 0.611582
0.140801 0.089897 0.609874
0.139925 0.088625 0.610723
0.140174 0.090554 0.611812
0.141326 0.090208 0.611715
0.140681 0.087423 0.611668
0.142601 0.088954 0.612012
0.141386 0.090030 0.612102
0.141435 0.090320 0.611798
0.140112 0.089174 0.613078
0.138847 0.089119 0.615784
0.142593 0.090208 0.611542
0.141992 0.089630 0.614960
0.141045 0.089362 0.614758
0.139287 0.090252 0.614793
0.140571 0.089389 0.613074
0.140833 0.090182 0.614361
0.138705 0.089950 0.616223
0.140653 0.088648 0.615375
0.139723 0.087663 0.615103
0.139751 0.090177 0.615468
0.140826 0.092482 0.615195
0.138408 0.090089 0.615606
0.139975 0.090039 0.615530
0.140111 0.090869 0.617344
0.139614 0.089072 0.616991
0.139028 0.091185 0.615526
0.140220 0.088733 0.617747
0.140624 0.091397 0.616414
0.139091 0.088822 0.617637
0.138899 0.089160 0.618007
0.139037 0.089548 0.616435
0.139340 0.089771 0.619795
0.137301 0.088906 0.617815
0.135906 0.089620 0.618569
0.139487 0.091392 0.620052
0.137771 0.088827 0.620411
0.136047 0.089064 0.618288
0.137972 0.090774 0.618618
0.137411 0.088526 0.620593
0.136036 0.088735 0.619858
0.137705 0.091803 0.619600
0.137646 0.089492 0.619139
0.137441 0.090603 0.619058
0.136359 0.088825 0.620199
0.136985 0.091615 0.620675
0.138010 0.090703 0.619430
0.135005 0.093854 0.578640
0.135760 0.092192 0.580216
0.138442 0.094233 0.580343
0.137553 0.093822 0.579154
0.137848 0.093691 0.578924
0.136623 0.095037 0.579588
0.135166 0.094468 0.580325
0.137799 0.095102 0.581398
0.139790 0.093554 0.582636
0.137655 0.093804 0.582244
0.137965 0.094705 0.582114
0.136750 0.092265 0.581318
0.139734 0.092784 0.580186
0.138132 0.092078 0.580838
0.138277 0.094256 0.582502
0.137203 0.092621 0.582155
0.137817 0.091155 0.582032
0.139018 0.092815 0.582326
0.138719 0.090718 0.581985
0.139506 0.094042 0.581843
0.139864 0.093991 0.582802
0.140601 0.092758 0.583523
0.139874 0.092834 0.583406
0.139805 0.092388 0.582811
0.139676 0.092831 0.583070
0.139307 0.092726 0.584787
0.139603 0.093219 0.585589
0.138153 0.091562 0.585047
0.139104 0.092499 0.585147
0.139917 0.094015 0.585030
0.138664 0.093919 0.585557
0.137134 0.093432 0.586163
0.139122 0.092670 0.585042
0.139678 0.091901 0.587743
0.141313 0.094432 0.587165
0.141167 0.092875 0.585740
0.138448 0.092512 0.585581
0.141013 0.090357 0.588068
0.143498 0.093891 0.587080
0.140687 0.093510 0.588167
0.141896 0.093970 0.588215
0.140643 0.094069 0.588142
0.140474 0.092627 0.590285
0.141085 0.094187 0.587787
0.141732 0.093985 0.591562
0.140170 0.092616 0.587205
0.141430 0.092338 0.589103
0.143634 0.093471 0.590311
0.140664 0.093581 0.590700
0.141104 0.091640 0.588936
0.140035 0.092897 0.589860
0.140648 0.093783 0.587743
0.143535 0.093606 0.592399
0.141787 0.093432 0.592054
0.141323 0.092977 0.591641
0.143484 0.094387 0.590624
0.140363 0.092565 0.593539
0.140414 0.093099 0.591797
0.142217 0.093037 0.593825
0.141963 0.094012 0.594097
0.141857 0.091491 0.590905
0.143237 0.092219 0.594129
0.141036 0.092843 0.592782
0.142795 0.092267 0.594116
0.140968 0.093678 0.592286
0.141232 0.091742 0.593171
0.143190 0.092856 0.593904
0.141505 0.092768 0.594046
0.143929 0.093165 0.594550
0.142721 0.091892 0.595777
0.141831 0.092964 0.596534
0.140025 0.092454 0.594175
0.144005 0.092951 0.595665
0.140197 0.094677 0.594538
0.141197 0.091026 0.596257
0.141238 0.090610 0.596711
0.141390 0.093341 0.596216
0.143293 0.093900 0.595849
0.142102 0.092255 0.596353
0.142824 0.091614 0.599171
0.140225 0.093138 0.598993
0.142366 0.092512 0.597128
0.143866 0.093666 0.597383
0.142623 0.091187 0.599532
0.143888 0.093575 0.600271
0.141828 0.094940 0.601347
0.141873 0.092792 0.599869
0.141372 0.091780 0.599528
0.142540 0.092569 0.599490
0.144565 0.093795 0.598496
0.141696 0.093703 0.599471
0.142796 0.093006 0.600244
0.143100 0.092578 0.601338
0.143586 0.092764 0.600838
0.143659 0.092331 0.600740
0.143034 0.093202 0.600240
0.143151 0.091218 0.602722
0.144848 0.091764 0.601443
0.142677 0.094632 0.603508
0.142829 0.093540 0.602860
0.144479 0.094322 0.604019
0.142506 0.092682 0.602321
0.141702 0.093558 0.600763
0.142423 0.092360 0.602158
0.139789 0.091360 0.603655
0.143815 0.095009 0.603077
0.140752 0.094378 0.603121
0.142199 0.092558 0.603267
0.142593 0.093101 0.604308
0.142180 0.094744 0.603331
0.143356 0.092026 0.606267
0.141737 0.090809 0.606168
0.141525 0.092373 0.605517
0.142463 0.093886 0.605012
0.140958 0.093574 0.605196
0.142205 0.092802 0.607143
0.142787 0.095029 0.606951
0.141080 0.092360 0.604025
0.142108 0.092944 0.608153
0.141879 0.093712 0.607265
0.141971 0.094430 0.605461
0.141450 0.090996 0.608797
0.142354 0.091802 0.607170
0.140738 0.094177 0.608343
0.143850 0.092044 0.608724
0.140809 0.093305 0.608883
0.142332 0.093985 0.608774
0.140318 0.093120 0.609623
0.141711 0.092989 0.608377
0.141617 0.092265 0.610371
0.141303 0.093384 0.609463
0.143684 0.092883 0.609654
0.140951 0.091635 0.609531
0.141216 0.091762 0.610158
0.142269 0.094175 0.611193
0.139795 0.092763 0.610060
0.139589 0.093400 0.611156
0.140178 0.093134 0.612119
0.141465 0.096641 0.612763
0.141131 0.094577 0.611657
0.141028 0.092651 0.612654
0.139518 0.093332 0.612067
0.142060 0.090459 0.611301
0.141318 0.093014 0.614627
0.140792 0.091617 0.612730
0.138757 0.092890 0.613510
0.139998 0.093673 0.612783
0.139771 0.092804 0.613587
0.139040 0.092858 0.614574
0.139506 0.093991 0.614285
0.139511 0.093087 0.614395
0.140326 0.094589 0.616321
0.139866 0.091459 0.616199
0.137597 0.094679 0.613140
0.139039 0.091075 0.616180
0.142348 0.093189 0.617135
0.140668 0.092577 0.616024
0.139412 0.093091 0.617342
0.139721 0.094366 0.617719
0.139359 0.093028 0.617434
0.138098 0.092828 0.618220
0.138988 0.093920 0.619069
0.138967 0.093794 0.616674
0.139717 0.094161 0.616220
0.140497 0.091635 0.616848
0.137403 0.092960 0.617611
0.136681 0.093251 0.617656
0.139287 0.092057 0.619016
0.139368 0.091137 0.619584
0.136839 0.092675 0.621328
0.137956 0.090449 0.618923
0.137575 0.092912 0.620688
0.137187 0.092340 0.620492
0.136438 0.093663 0.618623
0.137495 0.094278 0.618873
0.138075 0.092683 0.618980
0.136278 0.092349 0.620086
0.137604 0.092792 0.622265
0.136437 0.092487 0.619453
0.137007 0.094258 0.620141
0.137264 0.096894 0.578006
0.134720 0.096037 0.579221
0.136724 0.095408 0.578062
0.135791 0.097658 0.579390
0.135768 0.097127 0.579185
0.136938 0.096539 0.579755
0.137359 0.096947 0.581159
0.136197 0.095897 0.581031
0.138444 0.095664 0.579955
0.136194 0.095055 0.580683
0.138328 0.096769 0.582120
0.137081 0.095674 0.581053
0.137812 0.096216 0.580754
0.138018 0.095777 0.580939
0.138804 0.096489 0.583188
0.139220 0.096797 0.581610
0.138681 0.096454 0.581430
0.140326 0.095637 0.584213
0.137414 0.096424 0.581676
0.139590 0.097880 0.581409
0.140919 0.097531 0.583035
0.138361 0.095191 0.582822
0.140468 0.095226 0.582817
0.140271 0.097544 0.582784
0.137458 0.097134 0.582279
0.139540 0.095025 0.584770
0.140487 0.097356 0.584452
0.140271 0.096314 0.585523
0.137880 0.096183 0.583410
0.139972 0.095476 0.586299
0.140883 0.096419 0.586419
0.139293 0.096201 0.586822
0.140765 0.095368 0.587025
0.141087 0.094275 0.586667
0.139092 0.095941 0.585822
0.139509 0.097235 0.585732
0.140342 0.097155 0.586276
0.139921 0.095942 0.585677
0.141701 0.097294 0.586055
0.139225 0.094626 0.588649
0.140536 0.096301 0.588357
0.140293 0.095529 0.588335
0.140747 0.095727 0.587486
0.139915 0.097095 0.589897
0.140957 0.097990 0.589977
0.140661 0.094856 0.587635
0.140671 0.095791 0.589821
0.142579 0.095421 0.589241
0.140096 0.095575 0.591618
0.141689 0.096824 0.589267
0.141588 0.095135 0.590435
0.141398 0.095064 0.589978
0.141133 0.098281 0.590890
0.142766 0.097343 0.590840
0.140601 0.095596 0.589975
0.140760 0.097722 0.591851
0.141722 0.097325 0.590821
0.140911 0.096145 0.592192
0.142743 0.096184 0.591123
0.141204 0.096721 0.593239
0.142086 0.096030 0.591564
0.141827 0.096183 0.592707
0.142377 0.094992 0.594355
0.141281 0.097099 0.593756
0.143077 0.095354 0.592094
0.142194 0.095330 0.596419
0.140322 0.095272 0.593359
0.142468 0.095996 0.594567
0.140444 0.095852 0.595521
0.142596 0.098026 0.594909
0.140972 0.096090 0.594751
0.142716 0.096260 0.594056
0.140697 0.096305 0.595197
0.141820 0.096312 0.595527
0.141455 0.096095 0.596696
0.143519 0.096451 0.595936
0.142788 0.097126 0.594670
0.142519 0.097129 0.596298
0.141927 0.096107 0.596470
0.142670 0.097809 0.596854
0.142021 0.096434 0.597375
0.144444 0.096342 0.597549
0.141719 0.097447 0.599799
0.141671 0.095466 0.598355
0.143436 0.096587 0.597695
0.142538 0.095940 0.597659
0.143956 0.096899 0.600158
0.141947 0.097924 0.599895
0.142846 0.095727 0.599523
0.144114 0.095450 0.600676
0.144358 0.094719 0.599659
0.141208 0.096442 0.599066
0.142299 0.095766 0.599352
0.142473 0.096715 0.600638
0.142952 0.096640 0.600937
0.141701 0.098505 0.601089
0.143953 0.097874 0.602301
0.140781 0.096308 0.602654
0.142264 0.097487 0.600521
0.141928 0.096887 0.600543
0.142641 0.096738 0.603827
0.144582 0.096046 0.602338
0.141138 0.096596 0.602775
0.142026 0.094977 0.603005
0.142351 0.095905 0.601690
0.142869 0.094891 0.604293
0.142470 0.096002 0.602220
0.143934 0.096980 0.603872
0.142225 0.095433 0.604269
0.139727 0.095466 0.603769
0.142772 0.096674 0.605415
0.143225 0.096378 0.604364
0.140128 0.094819 0.607450
0.142651 0.097754 0.605580
0.142940 0.096661 0.606344
0.143264 0.096479 0.606124
0.143326 0.096840 0.607414
0.141005 0.096901 0.606164
0.141880 0.096158 0.606939
0.141864 0.096192 0.606116
0.141602 0.096609 0.606843
0.141620 0.094381 0.607461
0.144287 0.097854 0.608577
0.142076 0.097247 0.608849
0.141075 0.097398 0.607623
0.140757 0.096415 0.608419
0.141611 0.094913 0.609577
0.141138 0.096742 0.609641
0.141677 0.095698 0.609060
0.142276 0.096006 0.610777
0.141110 0.096287 0.609859
0.141888 0.096077 0.609358
0.140204 0.096440 0.610204
0.141682 0.097559 0.611274
0.142339 0.096640 0.611544
0.141162 0.095458 0.612004
0.141365 0.094889 0.609819
0.141280 0.097987 0.609776
0.140946 0.094607 0.611752
0.140075 0.095863 0.611854
0.141659 0.096181 0.611582
0.140330 0.095450 0.613729
0.140433 0.095874 0.613248
0.141118 0.096601 0.614255
0.139990 0.097584 0.613750
0.140115 0.098291 0.614358
0.140195 0.096497 0.615008
0.138426 0.097452 0.614665
0.139824 0.095751 0.614269
0.142668 0.095554 0.616248
0.141023 0.096918 0.613627
0.139765 0.094039 0.616563
0.139809 0.095227 0.614914
0.137682 0.096643 0.614766
0.138992 0.096975 0.615800
0.139732 0.095573 0.616686
0.138066 0.096643 0.616053
0.139303 0.095404 0.616300
0.139715 0.097017 0.616759
0.138103 0.096160 0.618208
0.139945 0.096852 0.615970
0.139433 0.096848 0.617870
0.138709 0.095909 0.617367
0.137058 0.096320 0.619569
0.138079 0.096485 0.617933
0.139812 0.097709 0.619333
0.139469 0.094331 0.617979
0.137721 0.095672 0.618807
0.140626 0.096934 0.616975
0.137922 0.094824 0.618528
0.139501 0.095686 0.620354
0.138096 0.096450 0.620219
0.137881 0.095998 0.620823
0.139021 0.097174 0.619408
0.136307 0.095826 0.620478
0.136922 0.095915 0.620168
0.136610 0.095969 0.618834
0.136795 0.098202 0.620070
0.136868 0.096739 0.620556
0.137905 0.096724 0.621648
0.135106 0.100502 0.578188
0.136689 0.099692 0.579153
0.136434 0.100413 0.579758
0.137018 0.098699 0.578058
0.139064 0.100241 0.580362
0.138765 0.099838 0.581491
0.137001 0.100567 0.579707
0.138840 0.099749 0.578675
0.138729 0.100905 0.579136
0.137980 0.100834 0.580985
0.137383 0.099437 0.581059
0.137561 0.099995 0.581548
0.138716 0.099757 0.582058
0.138600 0.099594 0.581866
0.138823 0.099576 0.581064
0.139151 0.097865 0.582175
0.138911 0.100343 0.582632
0.138688 0.099601 0.582188
0.138799 0.099796 0.582389
0.139830 0.100642 0.584730
0.142695 0.099938 0.583644
0.138459 0.101812 0.582509
0.139974 0.099679 0.584844
0.138280 0.101032 0.584580
0.138498 0.102182 0.584665
0.138426 0.101368 0.584456
0.139638 0.099517 0.584615
0.141470 0.099872 0.584942
0.139486 0.099589 0.586594
0.141377 0.099207 0.585620
0.140016 0.099337 0.585014
0.139930 0.099770 0.584655
0.140979 0.099449 0.586837
0.141961 0.097264 0.586847
0.141148 0.100727 0.586472
0.138431 0.100662 0.586896
0.140099 0.100280 0.585531
0.140179 0.098216 0.587162
0.140487 0.098914 0.586144
0.142219 0.099693 0.587761
0.142240 0.099211 0.588117
0.142178 0.101087 0.590882
0.141856 0.098689 0.588490
0.141298 0.097324 0.588477
0.139978 0.101253 0.590249
0.140381 0.098704 0.589002
0.141093 0.099150 0.590065
0.142106 0.099574 0.589359
0.140703 0.098725 0.590561
0.139552 0.101978 0.590307
0.141392 0.099178 0.588184
0.142922 0.102138 0.589917
0.142203 0.099349 0.590855
0.141242 0.099311 0.591294
0.141664 0.100219 0.591850
0.141553 0.100093 0.590285
0.142011 0.098921 0.592677
0.141966 0.100014 0.592052
0.141431 0.099839 0.591905
0.140675 0.099952 0.591700
0.140555 0.098824 0.592981
0.140732 0.099562 0.592625
0.140792 0.101105 0.592595
0.142169 0.100111 0.593237
0.141938 0.100387 0.594044
0.143160 0.100328 0.593010
0.140798 0.099194 0.594317
0.143479 0.097974 0.594471
0.142566 0.099914 0.594710
0.144040 0.100057 0.593842
0.142986 0.100148 0.595065
0.142484 0.099821 0.595101
0.143923 0.100796 0.595518
0.141646 0.099639 0.594932
0.143488 0.099973 0.595731
0.143608 0.099512 0.597074
0.141833 0.100688 0.596511
0.142901 0.097833 0.596657
0.142587 0.100357 0.594792
0.143778 0.100136 0.600130
0.143386 0.100276 0.597976
0.141420 0.099256 0.598292
0.143014 0.101480 0.598069
0.140735 0.099683 0.597604
0.143487 0.099711 0.595546
0.143778 0.097817 0.599634
0.141063 0.098947 0.601987
0.142449 0.102516 0.597933
0.141735 0.099498 0.599755
0.141636 0.099407 0.599267
0.142802 0.098896 0.599886
0.141878 0.099623 0.599831
0.142224 0.100683 0.600535
0.142840 0.099820 0.600445
0.144372 0.099481 0.600452
0.141345 0.099921 0.601813
0.140582 0.099400 0.601244
0.141058 0.101007 0.603134
0.142982 0.099969 0.601368
0.142159 0.098740 0.603420
0.142040 0.099811 0.602484
0.141945 0.098968 0.601775
0.141864 0.099608 0.602482
0.143615 0.099610 0.604041
0.141293 0.099800 0.603751
0.140859 0.099689 0.602685
0.140609 0.097499 0.605913
0.143223 0.100298 0.603784
0.142201 0.099681 0.605200
0.140732 0.100711 0.604015
0.142741 0.099162 0.606217
0.141152 0.100068 0.605927
0.141994 0.098956 0.606680
0.143159 0.100701 0.602753
0.142690 0.100412 0.606006
0.142959 0.099891 0.606804
0.140263 0.098474 0.605148
0.142165 0.099921 0.607780
0.140608 0.100018 0.606450
0.142275 0.100353 0.606680
0.141974 0.099102 0.607069
0.141251 0.099315 0.607229
0.139917 0.098695 0.609325
0.140397 0.098704 0.608524
0.140940 0.097982 0.607236
0.141526 0.100773 0.610422
0.139966 0.099636 0.611943
0.143823 0.099753 0.608350
0.141879 0.099077 0.608073
0.141091 0.101156 0.609611
0.141419 0.098764 0.611416
0.141270 0.101151 0.609836
0.139400 0.100071 0.611491
0.141759 0.099584 0.610282
0.139574 0.098971 0.609313
0.140789 0.100711 0.610936
0.140921 0.098548 0.611899
0.140240 0.100897 0.611628
0.141497 0.098265 0.611433
0.140347 0.100640 0.612192
0.141603 0.099504 0.612875
0.140073 0.099857 0.615157
0.141030 0.101170 0.611416
0.139222 0.100084 0.613223
0.140045 0.100566 0.611719
0.138680 0.098157 0.614477
0.138559 0.099202 0.612945
0.138588 0.098942 0.613566
0.140593 0.102362 0.614537
0.140650 0.100355 0.613595
0.139720 0.097950 0.616186
0.139805 0.099941 0.616432
0.140493 0.101165 0.616193
0.139145 0.099469 0.616987
0.139503 0.100763 0.617262
0.138182 0.099293 0.616434
0.137686 0.097891 0.618436
0.139465 0.099819 0.615317
0.140080 0.100963 0.615855
0.137456 0.098834 0.616868
0.138993 0.099621 0.618429
0.140717 0.098931 0.616988
0.139806 0.101675 0.617862
0.138426 0.098896 0.615594
0.139843 0.100171 0.617603
0.138176 0.101032 0.617555
0.137136 0.099203 0.618807
0.138823 0.097714 0.618968
0.138384 0.099037 0.620608
0.137549 0.100229 0.617673
0.139537 0.098652 0.620045
0.139704 0.097336 0.621030
0.135343 0.098800 0.620326
0.136640 0.099008 0.620159
0.138221 0.099091 0.620720
0.134685 0.098745 0.619157
0.136019 0.099985 0.620638
0.137040 0.097866 0.619938
0.136951 0.099399 0.621950
0.136176 0.099871 0.621058
0.137602 0.103746 0.578940
0.137184 0.102513 0.580355
0.136015 0.105327 0.578487
0.134929 0.102708 0.579009
0.138186 0.102827 0.578093
0.137057 0.103531 0.579761
0.138315 0.102897 0.580440
0.136956 0.104183 0.581931
0.138124 0.104085 0.579408
0.138333 0.105300 0.578919
0.136989 0.102721 0.581859
0.138471 0.101007 0.581634
0.140079 0.103070 0.581208
0.138172 0.102034 0.581169
0.137960 0.101329 0.582355
0.136938 0.104887 0.582511
0.138643 0.103789 0.581580
0.138190 0.102196 0.582596
0.138890 0.103685 0.583250
0.139772 0.101682 0.583317
0.137924 0.101816 0.583493
0.140338 0.104927 0.583180
0.138112 0.103860 0.583444
0.138744 0.102350 0.584433
0.140624 0.100907 0.583539
0.138463 0.101783 0.584515
0.139920 0.103583 0.585607
0.140485 0.102803 0.584533
0.138719 0.102083 0.585694
0.138294 0.103038 0.585599
0.140306 0.102811 0.583820
0.139309 0.104475 0.587563
0.139877 0.103163 0.586645
0.140169 0.103195 0.585860
0.139190 0.103017 0.585911
0.141466 0.102176 0.586174
0.140582 0.102423 0.587402
0.139817 0.102496 0.587872
0.141760 0.103813 0.589894
0.140720 0.103159 0.588317
0.142326 0.102118 0.588322
0.139561 0.103327 0.586723
0.143135 0.103628 0.588443
0.140232 0.102628 0.588303
0.141556 0.105035 0.589257
0.142986 0.104352 0.589434
0.142164 0.102941 0.589036
0.144081 0.102091 0.588110
0.141984 0.103457 0.591134
0.141748 0.102647 0.589820
0.141004 0.103167 0.589078
0.142372 0.102707 0.590297
0.141986 0.103979 0.591385
0.140644 0.103406 0.590654
0.139652 0.104023 0.592097
0.142805 0.103258 0.590201
0.142676 0.102188 0.591525
0.142132 0.102404 0.590603
0.142169 0.103191 0.593471
0.141205 0.102309 0.593757
0.140884 0.104330 0.590494
0.140614 0.103722 0.591526
0.142086 0.103043 0.592707
0.140490 0.103958 0.591748
0.140913 0.103482 0.594398
0.143387 0.104754 0.594492
0.141509 0.102560 0.594578
0.144002 0.102564 0.593009
0.140833 0.103394 0.595550
0.142586 0.103650 0.594346
0.141765 0.104480 0.594311
0.142770 0.102956 0.596068
0.141888 0.103746 0.596325
0.141463 0.103440 0.596112
0.143212 0.103539 0.596039
0.141198 0.104358 0.593821
0.143088 0.102783 0.597449
0.142754 0.102824 0.597860
0.144381 0.101017 0.596451
0.143223 0.104181 0.596837
0.142047 0.102534 0.596623
0.145924 0.103855 0.599705
0.141947 0.101704 0.598060
0.143630 0.103510 0.598544
0.144432 0.102224 0.599036
0.142085 0.103810 0.599275
0.144191 0.103058 0.599541
0.142244 0.103474 0.599553
0.143198 0.101379 0.601525
0.141944 0.103374 0.600287
0.142873 0.104331 0.601447
0.143137 0.100661 0.600316
0.141545 0.103352 0.601046
0.141138 0.103133 0.599547
0.142012 0.103064 0.600842
0.142951 0.103461 0.601452
0.141737 0.104221 0.602398
0.143722 0.103721 0.601832
0.141807 0.103059 0.602136
0.141727 0.102326 0.602039
0.142251 0.103346 0.602455
0.143102 0.104207 0.603096
0.143238 0.101452 0.604591
0.140556 0.103133 0.604274
0.142417 0.103378 0.602782
0.143675 0.104264 0.605503
0.142668 0.103669 0.603647
0.142622 0.103251 0.605947
0.142083 0.102230 0.602881
0.141964 0.103620 0.605877
0.141149 0.103092 0.604731
0.141946 0.103360 0.605884
0.142840 0.104251 0.605297
0.141642 0.102873 0.605246
0.142704 0.104430 0.607234
0.141874 0.104744 0.605263
0.140792 0.103963 0.607557
0.142358 0.103540 0.608231
0.140048 0.103200 0.606657
0.141630 0.103331 0.607016
0.141393 0.103779 0.608063
0.141562 0.102778 0.607692
0.142643 0.103019 0.607458
0.139957 0.101008 0.609491
0.141973 0.104879 0.608840
0.142025 0.102751 0.609598
0.143050 0.103705 0.608741
0.140472 0.104798 0.608418
0.142052 0.102889 0.608920
0.140183 0.101437 0.610730
0.142344 0.103354 0.609981
0.141377 0.102361 0.611775
0.139987 0.102723 0.610825
0.141023 0.102556 0.610087
0.140100 0.102171 0.611501
0.141147 0.105202 0.610226
0.140386 0.103377 0.610330
0.140276 0.103624 0.614027
0.138957 0.102616 0.612703
0.141955 0.102241 0.614193
0.140098 0.104241 0.612694
0.140595 0.103951 0.613550
0.140041 0.102099 0.612815
0.141154 0.103116 0.611322
0.140196 0.102405 0.614261
0.139392 0.103149 0.609574
0.140917 0.103566 0.613480
0.141321 0.101892 0.612946
0.141311 0.102669 0.613401
0.141737 0.101386 0.614440
0.138452 0.102462 0.612774
0.139263 0.103821 0.615205
0.140566 0.103615 0.614156
0.139435 0.103639 0.614572
0.139595 0.101383 0.614181
0.138426 0.102900 0.616238
0.139054 0.103654 0.615575
0.138698 0.101222 0.613809
0.139005 0.103208 0.616711
0.139621 0.104015 0.616495
0.139905 0.102957 0.615917
0.138679 0.102114 0.617125
0.138460 0.104721 0.617122
0.140425 0.102317 0.615959
0.138474 0.103422 0.617982
0.139270 0.103884 0.617355
0.138899 0.103150 0.616658
0.137672 0.103318 0.618667
0.137310 0.100852 0.619866
0.138857 0.102067 0.619815
0.137999 0.103389 0.619475
0.138323 0.103589 0.621283
0.138944 0.102383 0.619319
0.137720 0.103170 0.618821
0.136512 0.101336 0.620832
0.138612 0.103306 0.621223
0.136629 0.102795 0.621588
0.135968 0.102758 0.619919
0.136487 0.104039 0.621834
0.135339 0.102908 0.622616
0.137154 0.105869 0.578406
0.137776 0.105624 0.580348
0.137188 0.106385 0.579566
0.134563 0.105263 0.579489
0.138075 0.108188 0.579420
0.134500 0.105759 0.576766
0.137914 0.105018 0.580820
0.136612 0.104328 0.579482
0.136613 0.105590 0.579710
0.135960 0.106467 0.579335
0.138001 0.108810 0.581067
0.137943 0.106736 0.581010
0.139149 0.107039 0.579763
0.138356 0.106399 0.581195
0.138360 0.108102 0.583150
0.138781 0.105036 0.580811
0.137397 0.107741 0.582758
0.138276 0.106870 0.581909
0.137972 0.107603 0.583177
0.139049 0.107691 0.583250
0.136938 0.107237 0.582926
0.139525 0.106041 0.583813
0.138926 0.105522 0.582368
0.141221 0.105615 0.582779
0.138980 0.105059 0.584956
0.138185 0.107447 0.584759
0.140200 0.106565 0.584276
0.140255 0.105807 0.585772
0.138322 0.107218 0.585290
0.140615 0.106203 0.585245
0.140058 0.106272 0.586408
0.140999 0.107381 0.586326
0.140430 0.106674 0.586586
0.141474 0.104698 0.585980
0.139029 0.105882 0.586832
0.140018 0.105987 0.586574
0.141329 0.104694 0.588426
0.140519 0.105277 0.586097
0.139568 0.106165 0.587707
0.140855 0.106808 0.589179
0.140965 0.108842 0.589280
0.139943 0.104892 0.585541
0.140473 0.107075 0.588834
0.140675 0.107508 0.587918
0.139483 0.105197 0.588913
0.140714 0.106964 0.588772
0.141398 0.105546 0.589995
0.141589 0.106331 0.589627
0.139921 0.106285 0.589375
0.141101 0.106856 0.591491
0.141402 0.107631 0.590663
0.141731 0.107873 0.590568
0.142317 0.106764 0.589196
0.139661 0.107854 0.590819
0.141113 0.105717 0.591718
0.139821 0.106333 0.592826
0.142778 0.105107 0.592075
0.141598 0.104957 0.594211
0.140998 0.107475 0.592816
0.140898 0.106315 0.592147
0.141219 0.105546 0.593177
0.142503 0.105619 0.594126
0.142969 0.105476 0.591179
0.141403 0.107506 0.593001
0.139757 0.106712 0.593565
0.140369 0.106414 0.592110
0.142998 0.106763 0.592517
0.143345 0.105037 0.592520
0.142881 0.108734 0.593610
0.142396 0.105284 0.596139
0.142199 0.106874 0.594936
0.142866 0.105467 0.595624
0.142053 0.105822 0.597154
0.142531 0.106563 0.596583
0.142980 0.106093 0.595773
0.142778 0.106008 0.594484
0.143046 0.108556 0.594029
0.140948 0.106248 0.598253
0.143808 0.108140 0.597308
0.142783 0.105026 0.598702
0.143324 0.106262 0.598339
0.143065 0.105453 0.598694
0.141365 0.105325 0.597662
0.140437 0.106522 0.598772
0.143900 0.104304 0.598621
0.141455 0.106819 0.600310
0.143316 0.105881 0.598663
0.142420 0.104692 0.598674
0.142601 0.106625 0.599837
0.141323 0.106417 0.599515
0.143381 0.107414 0.599572
0.141086 0.104661 0.598798
0.141175 0.106238 0.601243
0.143025 0.106567 0.601672
0.142906 0.107378 0.602079
0.143356 0.106756 0.602176
0.143565 0.106989 0.601125
0.142774 0.105755 0.601807
0.142451 0.106265 0.601609
0.140195 0.105781 0.604613
0.143935 0.106994 0.600938
0.141095 0.106285 0.602744
0.142861 0.104197 0.604179
0.141758 0.105010 0.604255
0.142933 0.105559 0.603577
0.141362 0.106199 0.603494
0.142692 0.105964 0.602989
0.142812 0.107406 0.603701
0.143122 0.105789 0.603782
0.142787 0.106772 0.605438
0.141442 0.106303 0.604246
0.143265 0.105454 0.604965
0.141132 0.106640 0.605934
0.144375 0.104813 0.605560
0.143802 0.106862 0.606600
0.142620 0.107629 0.605069
0.141399 0.105970 0.607632
0.142384 0.105423 0.606083
0.142252 0.106967 0.605744
0.142051 0.106032 0.607631
0.144010 0.104368 0.607238
0.140337 0.105575 0.609213
0.141798 0.105251 0.607237
0.142864 0.107318 0.608917
0.140632 0.105476 0.608636
0.142114 0.105844 0.608165
0.140579 0.105942 0.607494
0.140998 0.106601 0.609202
0.140159 0.104609 0.609954
0.140780 0.106367 0.610127
0.142947 0.105843 0.608452
0.141376 0.105353 0.610838
0.141247 0.106907 0.609832
0.142647 0.107341 0.611903
0.141004 0.106960 0.611948
0.141107 0.106526 0.611502
0.140865 0.107720 0.611324
0.141387 0.106886 0.610871
0.141046 0.107916 0.611253
0.140933 0.106711 0.612393
0.138847 0.105721 0.610388
0.140073 0.107345 0.612381
0.140829 0.107422 0.612408
0.142429 0.106014 0.613959
0.139776 0.108199 0.613900
0.141438 0.105823 0.613604
0.140164 0.106330 0.614963
0.141286 0.106656 0.615114
0.140572 0.105641 0.612014
0.142649 0.106243 0.613815
0.139722 0.105174 0.614383
0.138319 0.107386 0.614084
0.138584 0.106229 0.615137
0.140015 0.106621 0.614635
0.140189 0.106519 0.613529
0.140341 0.107077 0.616376
0.140220 0.106475 0.615606
0.138651 0.105850 0.616880
0.139046 0.106755 0.615488
0.139442 0.106559 0.616851
0.138932 0.106921 0.616761
0.141328 0.104812 0.616118
0.139323 0.106059 0.617656
0.137695 0.105436 0.619580
0.138815 0.106896 0.617998
0.136758 0.106905 0.616432
0.135873 0.106515 0.616965
0.136562 0.105185 0.619511
0.137795 0.105222 0.620227
0.136883 0.106399 0.619167
0.138938 0.105685 0.618183
0.138865 0.107582 0.618630
0.137726 0.104030 0.618199
0.138178 0.106870 0.621866
0.137035 0.103574 0.620118
0.137038 0.106873 0.621339
0.136496 0.104978 0.620128
0.138791 0.106287 0.622723
0.136493 0.105964 0.620313
0.135343 0.106752 0.621412
0.138165 0.110826 0.578784
0.136586 0.111001 0.577088
0.137541 0.111232 0.577134
0.136452 0.109086 0.579241
0.137527 0.110402 0.579085
0.136945 0.108178 0.579793
0.138372 0.109336 0.578733
0.137814 0.110627 0.580971
0.138011 0.109149 0.579818
0.137680 0.110406 0.579575
0.138774 0.110757 0.582590
0.137848 0.108812 0.581426
0.138971 0.108961 0.578789
0.137727 0.109514 0.581455
0.138585 0.110643 0.581292
0.138712 0.110181 0.580169
0.138333 0.108823 0.581786
0.137529 0.109565 0.582829
0.137975 0.110185 0.582212
0.137799 0.107904 0.583903
0.139493 0.111451 0.582110
0.140446 0.109394 0.583314
0.138034 0.108156 0.583430
0.139935 0.107790 0.585074
0.139920 0.110384 0.583862
0.141083 0.109927 0.584398
0.139544 0.110208 0.586254
0.138696 0.109003 0.585911
0.139562 0.111189 0.585469
0.141686 0.109163 0.584631
0.140181 0.109823 0.585962
0.139130 0.109897 0.585455
0.140314 0.110552 0.585107
0.138120 0.109323 0.586236
0.141602 0.108819 0.588311
0.140105 0.111368 0.586757
0.139768 0.109745 0.587074
0.139767 0.109079 0.588793
0.139201 0.107892 0.588855
0.141296 0.108886 0.588231
0.138548 0.108349 0.587243
0.142399 0.109480 0.588054
0.141374 0.108422 0.587903
0.140434 0.111391 0.588220
0.142948 0.111006 0.588860
0.140185 0.108666 0.588877
0.141482 0.110759 0.588855
0.141634 0.110622 0.590351
0.138881 0.109291 0.590601
0.141020 0.110901 0.589767
0.141506 0.111076 0.589808
0.140669 0.112293 0.591453
0.141751 0.110301 0.590296
0.144064 0.109078 0.591382
0.141746 0.109702 0.592558
0.140550 0.109622 0.589793
0.141985 0.109468 0.592933
0.141167 0.110261 0.593594
0.141730 0.109505 0.593325
0.143016 0.109042 0.592166
0.143344 0.111273 0.593501
0.143230 0.108552 0.591975
0.140651 0.111198 0.593698
0.141709 0.110846 0.592444
0.141792 0.110422 0.592910
0.142147 0.108030 0.595909
0.142897 0.109450 0.595079
0.141071 0.110518 0.593735
0.141795 0.111090 0.594287
0.142059 0.111651 0.595579
0.143024 0.107857 0.594627
0.142201 0.109289 0.595441
0.144131 0.108136 0.596873
0.143248 0.110452 0.594905
0.144386 0.110395 0.594908
0.142412 0.110493 0.596938
0.141364 0.109096 0.595750
0.141353 0.109045 0.597215
0.143532 0.109438 0.596660
0.141102 0.108770 0.598242
0.141527 0.110499 0.598269
0.141466 0.110541 0.596194
0.141043 0.110420 0.598336
0.143612 0.109712 0.598792
0.143250 0.110068 0.597681
0.142763 0.111163 0.599563
0.144897 0.107611 0.600503
0.141910 0.108325 0.597092
0.142853 0.110048 0.598422
0.141854 0.110008 0.599541
0.140690 0.108917 0.600500
0.142241 0.110005 0.598944
0.142031 0.108550 0.600251
0.141846 0.109299 0.602144
0.141391 0.110230 0.600911
0.141266 0.108152 0.601127
0.141290 0.107152 0.602005
0.141125 0.109876 0.599991
0.140412 0.110647 0.601833
0.142264 0.109754 0.601584
0.142653 0.108086 0.601911
0.142256 0.110853 0.602005
0.142025 0.110539 0.603772
0.143636 0.109980 0.603020
0.142106 0.109977 0.602149
0.142858 0.110098 0.604071
0.141398 0.109709 0.603340
0.142424 0.109321 0.605089
0.141665 0.109571 0.603601
0.141097 0.110112 0.605463
0.141636 0.108887 0.605065
0.142816 0.108838 0.605657
0.141250 0.109350 0.605299
0.142262 0.110175 0.606444
0.140165 0.109546 0.607107
0.142784 0.110951 0.605989
0.141292 0.109781 0.605464
0.140973 0.108681 0.606817
0.143309 0.110572 0.607232
0.142336 0.109359 0.606990
0.141500 0.109767 0.608868
0.142459 0.111619 0.607443
0.141151 0.110231 0.608487
0.142335 0.110604 0.607786
0.140743 0.110047 0.608299
0.143017 0.109352 0.608176
0.139852 0.110010 0.609697
0.142128 0.108868 0.608851
0.142227 0.109545 0.608856
0.143010 0.108923 0.609752
0.142274 0.110164 0.610666
0.142005 0.109496 0.610329
0.141674 0.109396 0.610856
0.139175 0.109383 0.610413
0.140830 0.108099 0.609943
0.141622 0.109795 0.611841
0.141884 0.108333 0.612024
0.140671 0.111128 0.610035
0.140602 0.111782 0.611498
0.140731 0.106904 0.613600
0.140511 0.110146 0.612211
0.140916 0.109403 0.613752
0.140753 0.111138 0.614560
0.142168 0.110842 0.612111
0.139486 0.109314 0.614948
0.140685 0.109871 0.616465
0.140035 0.110102 0.612995
0.138240 0.108876 0.613106
0.139056 0.110791 0.616058
0.141586 0.108922 0.615785
0.140650 0.110434 0.613488
0.139685 0.110044 0.612984
0.139012 0.108328 0.616740
0.140509 0.112518 0.614567
0.140458 0.110372 0.615972
0.138092 0.110026 0.617098
0.139753 0.109542 0.616475
0.138686 0.110906 0.616577
0.139203 0.109385 0.616058
0.140618 0.109943 0.615404
0.138763 0.111674 0.616158
0.137289 0.109755 0.615911
0.140151 0.110834 0.619475
0.139493 0.108633 0.617324
0.139506 0.110474 0.618208
0.138772 0.110738 0.619521
0.137949 0.109232 0.618916
0.137909 0.110178 0.617781
0.136795 0.109874 0.618192
0.139787 0.111099 0.619256
0.138596 0.110429 0.618837
0.138461 0.110809 0.618048
0.137630 0.107954 0.619670
0.137350 0.110198 0.619516
0.137075 0.110825 0.621317
0.137186 0.109842 0.620277
0.136442 0.109661 0.620395
0.137378 0.110273 0.621892
0.136153 0.109573 0.621137
0.136221 0.110090 0.621907
0.136145 0.112375 0.576309
0.136974 0.114153 0.576672
0.139006 0.112654 0.579255
0.137531 0.113082 0.578821
0.137784 0.112836 0.579527
0.137403 0.111868 0.580081
0.137387 0.113197 0.580689
0.138306 0.112995 0.580310
0.136413 0.113349 0.580117
0.136381 0.114531 0.579177
0.139458 0.111489 0.582763
0.137025 0.114186 0.582008
0.138126 0.114794 0.579897
0.139354 0.114681 0.581660
0.138866 0.112203 0.583104
0.138466 0.113183 0.582132
0.138159 0.112916 0.584691
0.137615 0.113882 0.582631
0.137278 0.114796 0.582101
0.140997 0.113093 0.581162
0.138272 0.113058 0.582718
0.139059 0.114728 0.584759
0.139870 0.114630 0.584480
0.138882 0.112766 0.584439
0.139758 0.113770 0.583164
0.139377 0.114624 0.585633
0.138635 0.112475 0.583036
0.139750 0.112490 0.584163
0.140379 0.111074 0.582693
0.138729 0.112832 0.585726
0.140498 0.112616 0.586145
0.140427 0.112595 0.585473
0.140997 0.114903 0.585159
0.139400 0.113480 0.584242
0.141055 0.111926 0.587474
0.141199 0.112957 0.587433
0.141179 0.112817 0.586266
0.142949 0.113858 0.588087
0.140847 0.111734 0.587347
0.141009 0.113293 0.588083
0.141547 0.112762 0.586319
0.139599 0.114001 0.587318
0.141724 0.112628 0.589542
0.140788 0.112451 0.586603
0.141302 0.113612 0.589609
0.140902 0.114548 0.588229
0.141795 0.113530 0.589681
0.142327 0.111944 0.588153
0.141115 0.111440 0.590419
0.141594 0.113723 0.590057
0.141042 0.112780 0.590959
0.141152 0.114912 0.591475
0.141696 0.113311 0.590874
0.141111 0.115225 0.590293
0.139699 0.112159 0.593421
0.141653 0.112391 0.591182
0.140803 0.113053 0.592240
0.140432 0.113381 0.591909
0.141914 0.114741 0.593443
0.141449 0.110723 0.592117
0.141242 0.112341 0.592128
0.141394 0.112078 0.591999
0.140554 0.112851 0.594936
0.142535 0.114994 0.593051
0.141411 0.113802 0.594581
0.142262 0.113919 0.592362
0.143266 0.113439 0.595669
0.142441 0.113016 0.595057
0.142592 0.112783 0.594494
0.142338 0.113206 0.594682
0.143272 0.113635 0.594810
0.140303 0.113308 0.596881
0.142464 0.114952 0.596276
0.140497 0.113193 0.596686
0.143874 0.112447 0.595853
0.142157 0.112432 0.596221
0.142538 0.112768 0.596572
0.141536 0.114441 0.596058
0.140697 0.113107 0.597000
0.144885 0.111591 0.597491
0.143953 0.113737 0.598615
0.141993 0.113107 0.598536
0.143117 0.113522 0.598785
0.142495 0.112732 0.598150
0.141053 0.113989 0.599323
0.143592 0.113696 0.599196
0.142880 0.113640 0.598668
0.143262 0.111607 0.600822
0.143011 0.111555 0.599057
0.142864 0.112412 0.601352
0.142952 0.114247 0.598961
0.142195 0.112429 0.600160
0.140715 0.111315 0.600924
0.142439 0.112929 0.601391
0.143300 0.113968 0.601094
0.141521 0.113024 0.602278
0.142492 0.114100 0.601248
0.142487 0.110935 0.603020
0.142371 0.113970 0.600704
0.142224 0.112092 0.602114
0.142671 0.111757 0.602230
0.143935 0.113882 0.603911
0.140627 0.113365 0.603590
0.141249 0.112571 0.602833
0.141822 0.113136 0.602283
0.142334 0.113583 0.604167
0.142705 0.114046 0.604185
0.144244 0.115129 0.603605
0.141687 0.112356 0.604444
0.140569 0.113695 0.606221
0.142416 0.114953 0.605548
0.140557 0.113141 0.606366
0.142785 0.113563 0.607528
0.142964 0.114376 0.604906
0.142830 0.112214 0.606280
0.142927 0.113976 0.605680
0.141926 0.113026 0.605137
0.139968 0.111936 0.608538
0.142012 0.113083 0.608682
0.141004 0.113736 0.607141
0.141364 0.112746 0.608135
0.142011 0.112705 0.607249
0.141204 0.114934 0.607979
0.140699 0.112931 0.607994
0.142277 0.113720 0.609021
0.140810 0.113403 0.607844
0.141164 0.113342 0.611347
0.141863 0.112843 0.609320
0.141064 0.113911 0.609415
0.140329 0.113544 0.608000
0.142096 0.113048 0.611758
0.141186 0.113326 0.609311
0.139475 0.113363 0.612593
0.139728 0.111852 0.607731
0.142194 0.113345 0.610659
0.142141 0.113038 0.610328
0.139528 0.112822 0.611006
0.139416 0.113706 0.610906
0.141577 0.112180 0.612533
0.141461 0.112375 0.610167
0.139775 0.113864 0.611503
0.139974 0.112907 0.611885
0.141707 0.113061 0.611624
0.141550 0.111304 0.612822
0.141467 0.112485 0.613031
0.138641 0.113861 0.613726
0.140590 0.114248 0.613456
0.138931 0.112660 0.616138
0.141145 0.111453 0.613576
0.140672 0.114239 0.616642
0.139625 0.113207 0.614885
0.140041 0.114062 0.613428
0.140045 0.112957 0.616564
0.138614 0.112675 0.614864
0.136882 0.114601 0.615473
0.140993 0.113812 0.615991
0.137796 0.114625 0.616342
0.137961 0.113144 0.616142
0.139911 0.111470 0.616622
0.138889 0.112407 0.616072
0.140064 0.113082 0.617987
0.138167 0.113162 0.618025
0.138882 0.114496 0.617820
0.139524 0.113544 0.618367
0.136859 0.113473 0.616631
0.140046 0.113935 0.618902
0.138671 0.112150 0.618505
0.137776 0.113219 0.618216
0.136223 0.113278 0.618648
0.138136 0.113361 0.619161
0.137269 0.112248 0.620105
0.136551 0.115464 0.620165
0.136791 0.113996 0.619888
0.138091 0.112865 0.621906
0.135551 0.112901 0.618675
0.137652 0.110932 0.620103
0.136685 0.111417 0.620176
0.136218 0.113558 0.620195
0.135906 0.113144 0.622175
0.136482 0.112490 0.622673
0.135248 0.115488 0.579095
0.137818 0.118503 0.578453
0.136460 0.115457 0.579516
0.137158 0.116910 0.579627
0.137024 0.115981 0.579989
0.139046 0.116184 0.578078
0.139871 0.116880 0.579761
0.138409 0.115756 0.580452
0.136803 0.117154 0.580605
0.136786 0.117338 0.580203
0.136746 0.116118 0.581598
0.138819 0.117771 0.581744
0.139044 0.116397 0.580080
0.138772 0.116392 0.581504
0.140032 0.117856 0.581136
0.140280 0.115223 0.582130
0.138994 0.116462 0.585034
0.139793 0.117417 0.583276
0.139899 0.118061 0.582957
0.138254 0.115872 0.583040
0.138285 0.116467 0.583218
0.139185 0.116520 0.583600
0.139159 0.115577 0.583097
0.140441 0.117481 0.582799
0.139816 0.116863 0.585308
0.140854 0.117514 0.584374
0.139498 0.116864 0.585340
0.139711 0.116393 0.583720
0.139284 0.115629 0.586210
0.139373 0.115886 0.584937
0.138780 0.118249 0.585309
0.139892 0.116329 0.586912
0.140804 0.115839 0.584653
0.138755 0.114990 0.586802
0.140693 0.117988 0.585817
0.138626 0.115937 0.587115
0.140632 0.116804 0.587344
0.141816 0.117274 0.586908
0.140704 0.117052 0.585781
0.140514 0.117267 0.588512
0.140388 0.117280 0.586920
0.143029 0.115996 0.587157
0.140705 0.115918 0.589433
0.140681 0.115474 0.589497
0.140971 0.116388 0.590662
0.139850 0.118261 0.588035
0.139516 0.117666 0.589771
0.142137 0.118522 0.588127
0.140983 0.114072 0.590228
0.140153 0.115773 0.590019
0.141095 0.116713 0.591484
0.141896 0.117522 0.590930
0.140242 0.115755 0.590714
0.142013 0.116505 0.591697
0.140187 0.115205 0.590504
0.142377 0.116403 0.590532
0.141586 0.116593 0.590557
0.143353 0.115004 0.592578
0.142579 0.115020 0.592735
0.141105 0.117976 0.590916
0.142294 0.117660 0.591855
0.142330 0.116238 0.593638
0.141166 0.116674 0.594175
0.142583 0.116812 0.594187
0.141796 0.117229 0.593323
0.142171 0.116117 0.594363
0.143477 0.114497 0.594022
0.139210 0.115716 0.594627
0.141694 0.116639 0.595492
0.143970 0.115760 0.595093
0.142225 0.117203 0.594793
0.142375 0.115541 0.595642
0.142451 0.116567 0.595666
0.141496 0.115598 0.596693
0.142628 0.118145 0.595701
0.143722 0.116620 0.595796
0.142578 0.117255 0.595141
0.144269 0.116325 0.596926
0.142844 0.116097 0.597074
0.143490 0.115237 0.595890
0.143444 0.116546 0.597705
0.142759 0.117738 0.599520
0.143760 0.117507 0.598998
0.142792 0.115388 0.598722
0.142091 0.115628 0.598610
0.142531 0.117652 0.600966
0.143437 0.116517 0.598708
0.143119 0.118147 0.598749
0.143233 0.116511 0.598650
0.142768 0.116682 0.599094
0.140987 0.115969 0.600453
0.143672 0.117015 0.601179
0.142416 0.115832 0.602380
0.143198 0.117256 0.601869
0.144035 0.116249 0.600074
0.141817 0.115570 0.599600
0.144026 0.116162 0.602420
0.142305 0.116346 0.601450
0.141010 0.116040 0.600237
0.144765 0.115973 0.602536
0.142787 0.115981 0.604098
0.142153 0.117541 0.603018
0.143356 0.115668 0.603418
0.141872 0.117491 0.603435
0.142993 0.115091 0.603658
0.141402 0.116192 0.603355
0.142742 0.116599 0.604582
0.140788 0.115639 0.602482
0.143138 0.115879 0.604032
0.142316 0.118445 0.604818
0.141789 0.115451 0.606285
0.143229 0.115485 0.607183
0.142280 0.117008 0.603216
0.140768 0.115757 0.606272
0.143906 0.115679 0.605546
0.143704 0.117731 0.607094
0.142497 0.115189 0.606701
0.141012 0.116341 0.606769
0.141528 0.116111 0.606198
0.143269 0.117631 0.606341
0.141555 0.116168 0.606804
0.142040 0.115036 0.608363
0.141677 0.117306 0.607707
0.140728 0.116956 0.607579
0.140686 0.115596 0.608015
0.141270 0.117199 0.610037
0.140232 0.116343 0.607628
0.142837 0.115684 0.611811
0.141088 0.116771 0.609406
0.140809 0.116007 0.608149
0.141731 0.115472 0.610524
0.141534 0.115367 0.609372
0.142358 0.115004 0.610594
0.139720 0.117124 0.610249
0.139649 0.115702 0.610336
0.141911 0.115087 0.611096
0.140522 0.117505 0.612128
0.139389 0.117542 0.612423
0.140478 0.113906 0.612485
0.141289 0.115855 0.613329
0.140169 0.115007 0.613789
0.140097 0.116114 0.613428
0.140593 0.115484 0.612710
0.139939 0.116876 0.612664
0.140470 0.116858 0.611564
0.141815 0.116882 0.612858
0.140150 0.115135 0.614211
0.139239 0.116918 0.613835
0.141103 0.117554 0.613922
0.141911 0.116590 0.614963
0.139312 0.117547 0.612675
0.140603 0.116561 0.614409
0.139577 0.114948 0.612880
0.140101 0.118026 0.615501
0.138547 0.116988 0.613641
0.140351 0.116015 0.614876
0.139554 0.114930 0.617298
0.139206 0.117719 0.616735
0.137721 0.117495 0.615065
0.137517 0.117671 0.616833
0.139821 0.116606 0.618912
0.138697 0.116075 0.616392
0.138204 0.116610 0.617403
0.138322 0.117340 0.617628
0.138883 0.115924 0.617420
0.138600 0.118080 0.617083
0.138917 0.114235 0.619154
0.139443 0.116765 0.619445
0.139043 0.115362 0.618697
0.137894 0.117037 0.619182
0.138073 0.114788 0.619468
0.137365 0.117482 0.618404
0.139570 0.117515 0.620167
0.136774 0.117511 0.620606
0.138212 0.117424 0.618598
0.137172 0.115832 0.620530
0.135443 0.117888 0.618892
0.136888 0.116419 0.621604
0.137256 0.118070 0.622501
0.137278 0.117976 0.619348
0.137397 0.119985 0.579760
0.137076 0.119694 0.578719
0.137684 0.119773 0.579479
0.135180 0.119211 0.580157
0.134932 0.118487 0.578946
0.136956 0.118853 0.578293
0.140444 0.120793 0.580652
0.139950 0.120975 0.581676
0.138931 0.120774 0.581557
0.136520 0.120700 0.581009
0.136957 0.122344 0.579970
0.138163 0.119701 0.581107
0.138004 0.121521 0.581982
0.138346 0.120400 0.581836
0.138299 0.119604 0.581952
0.137417 0.120096 0.580016
0.139634 0.119770 0.581883
0.138856 0.119038 0.581443
0.138847 0.121116 0.583330
0.140306 0.119332 0.584067
0.138532 0.120699 0.580689
0.140383 0.119988 0.584648
0.139154 0.120083 0.584517
0.141195 0.120160 0.584959
0.142178 0.119507 0.584588
0.140698 0.120267 0.585919
0.138861 0.121226 0.585807
0.138471 0.119663 0.585650
0.139125 0.118856 0.586042
0.139424 0.119332 0.585619
0.138521 0.120416 0.587440
0.138696 0.119825 0.583988
0.140647 0.120172 0.585547
0.139755 0.120102 0.587191
0.141638 0.120303 0.585963
0.140842 0.121190 0.587064
0.140644 0.119721 0.587996
0.140048 0.120511 0.586699
0.141267 0.119841 0.588399
0.141413 0.119555 0.587393
0.139570 0.118872 0.587697
0.140801 0.120048 0.588178
0.141273 0.120028 0.588104
0.141055 0.119526 0.587302
0.141798 0.118534 0.588198
0.140919 0.120846 0.588701
0.141685 0.119972 0.589182
0.141773 0.120474 0.587687
0.140836 0.119753 0.589574
0.142074 0.117995 0.589568
0.142747 0.121879 0.590516
0.139438 0.120174 0.588365
0.142568 0.119669 0.591955
0.140658 0.120080 0.591198
0.142914 0.119377 0.591452
0.140512 0.119750 0.593071
0.141376 0.119004 0.591492
0.141386 0.117956 0.593830
0.142178 0.120175 0.591501
0.143993 0.119279 0.591881
0.141831 0.120833 0.591819
0.142911 0.118802 0.593414
0.141151 0.118798 0.594186
0.140428 0.118811 0.593422
0.143095 0.119049 0.593513
0.140812 0.118982 0.592507
0.143989 0.119702 0.592719
0.141611 0.119182 0.593958
0.140825 0.120303 0.594860
0.142925 0.119257 0.596123
0.141670 0.120789 0.594843
0.143236 0.119091 0.592950
0.141805 0.119587 0.595756
0.142676 0.120186 0.596388
0.142889 0.120890 0.596905
0.142495 0.122287 0.596680
0.141683 0.118820 0.596999
0.140106 0.120554 0.597298
0.142347 0.118757 0.596430
0.143510 0.120632 0.597970
0.142592 0.120323 0.599249
0.142906 0.120893 0.599179
0.142355 0.118287 0.596190
0.142366 0.117601 0.598173
0.139649 0.120982 0.597292
0.139456 0.120038 0.597839
0.142071 0.120341 0.600355
0.142596 0.119214 0.599655
0.142555 0.120029 0.600499
0.142034 0.118075 0.599032
0.141083 0.121279 0.600701
0.142455 0.120733 0.599204
0.143510 0.119361 0.599941
0.141835 0.121519 0.598385
0.143615 0.118351 0.600406
0.142746 0.120350 0.601633
0.142451 0.120003 0.602194
0.143401 0.119845 0.601224
0.141577 0.121903 0.601638
0.142283 0.118887 0.603785
0.142483 0.119473 0.603342
0.141813 0.119392 0.604119
0.142137 0.119965 0.603602
0.142451 0.118395 0.603329
0.142502 0.120287 0.603866
0.143134 0.120643 0.603916
0.143132 0.121922 0.604014
0.142939 0.120339 0.604933
0.140291 0.120385 0.603212
0.141795 0.119002 0.605387
0.141746 0.119369 0.605209
0.142442 0.121110 0.606042
0.141914 0.119578 0.604910
0.142260 0.119671 0.605746
0.142431 0.119179 0.605990
0.144041 0.119166 0.604407
0.142718 0.120490 0.604840
0.141599 0.120732 0.608142
0.143059 0.118765 0.606873
0.139668 0.120231 0.607343
0.143749 0.118567 0.607838
0.142367 0.119685 0.609288
0.141837 0.119502 0.607991
0.143133 0.118032 0.608207
0.143175 0.120672 0.607539
0.140644 0.119285 0.608998
0.142505 0.119003 0.609479
0.141910 0.120288 0.609310
0.140932 0.120389 0.608558
0.140670 0.120663 0.608362
0.140440 0.118349 0.610226
0.140918 0.120176 0.610954
0.139545 0.119741 0.611386
0.140104 0.119771 0.611803
0.140622 0.119306 0.611218
0.141068 0.120142 0.611267
0.140666 0.120145 0.610441
0.141596 0.118936 0.611012
0.142423 0.119661 0.613025
0.140528 0.119984 0.611727
0.138674 0.121138 0.612314
0.139969 0.119801 0.613015
0.139858 0.120409 0.610717
0.139832 0.119323 0.614169
0.140215 0.120212 0.613942
0.139777 0.118823 0.615758
0.140101 0.119085 0.613934
0.138857 0.120454 0.616133
0.138064 0.118099 0.614903
0.138967 0.120193 0.613513
0.139543 0.120282 0.615496
0.138497 0.120448 0.614662
0.138474 0.119069 0.615713
0.139656 0.120224 0.613294
0.138777 0.120416 0.617133
0.140625 0.119494 0.616107
0.139054 0.120117 0.616581
0.139908 0.119360 0.617174
0.139475 0.120949 0.614671
0.138705 0.117439 0.615472
0.138814 0.117924 0.615882
0.138251 0.121069 0.617317
0.137555 0.117739 0.617441
0.138385 0.120788 0.617867
0.138710 0.118327 0.619559
0.137668 0.121033 0.620190
0.138843 0.120423 0.618094
0.139578 0.122227 0.618205
0.137786 0.119962 0.619294
0.137538 0.119578 0.620675
0.137398 0.121400 0.619574
0.138484 0.120091 0.619106
0.136193 0.119787 0.619598
0.137352 0.118579 0.620584
0.137284 0.120326 0.620656
0.136487 0.118439 0.621130
0.139007 0.118111 0.619920
0.135668 0.119635 0.620958
0.136583 0.120029 0.619513
0.135958 0.120563 0.620749
0.137767 0.123703 0.579922
0.138182 0.124299 0.578496
0.136172 0.123116 0.579051
0.136527 0.123656 0.578952
0.137516 0.122872 0.579556
0.139751 0.119884 0.581647
0.138570 0.122821 0.579824
0.137556 0.120947 0.579094
0.138681 0.122629 0.580948
0.138807 0.122539 0.580474
0.137363 0.124374 0.580920
0.139105 0.124000 0.580270
0.137958 0.123009 0.581009
0.139347 0.122322 0.581640
0.139936 0.120283 0.581736
0.139408 0.122800 0.580170
0.138949 0.122348 0.582171
0.138116 0.122072 0.582980
0.137157 0.121740 0.583349
0.139253 0.124174 0.583126
0.138759 0.123420 0.582208
0.138105 0.123789 0.583255
0.141183 0.124472 0.583918
0.137004 0.121883 0.584275
0.138907 0.123688 0.584042
0.140176 0.121997 0.583146
0.138978 0.123236 0.584530
0.139166 0.122507 0.584160
0.139124 0.125217 0.584877
0.140477 0.121913 0.585998
0.139665 0.123065 0.584494
0.140516 0.123139 0.584806
0.140789 0.122299 0.586057
0.139122 0.124343 0.585343
0.140699 0.124165 0.587045
0.140656 0.122493 0.587013
0.139479 0.124073 0.587079
0.140808 0.123067 0.586850
0.140976 0.122123 0.587033
0.140711 0.124280 0.586537
0.139205 0.123243 0.588879
0.142617 0.121764 0.587992
0.142235 0.123824 0.588851
0.141149 0.122208 0.588295
0.140055 0.122420 0.589034
0.139998 0.123837 0.590216
0.139504 0.122286 0.587921
0.140871 0.123792 0.590050
0.140136 0.122949 0.591131
0.141023 0.125039 0.590723
0.140453 0.123392 0.590041
0.141268 0.122854 0.590654
0.140618 0.122833 0.591149
0.140124 0.121967 0.590434
0.140665 0.122383 0.591236
0.141434 0.124561 0.590794
0.141648 0.120946 0.591814
0.141715 0.123902 0.592743
0.141614 0.124912 0.593322
0.141712 0.122960 0.590800
0.141037 0.124870 0.593428
0.142313 0.123088 0.592523
0.142485 0.124601 0.593103
0.141176 0.123365 0.592627
0.142535 0.122677 0.594559
0.142523 0.122842 0.594831
0.140485 0.122884 0.592881
0.140297 0.123087 0.595024
0.142014 0.122457 0.594530
0.141220 0.124542 0.593083
0.142717 0.125530 0.594390
0.142370 0.124041 0.596763
0.139776 0.122618 0.595562
0.143685 0.123494 0.596362
0.142772 0.123884 0.594778
0.143454 0.123054 0.596586
0.142455 0.122793 0.599216
0.141971 0.124221 0.597719
0.140487 0.122362 0.598154
0.143448 0.125913 0.596551
0.141609 0.123410 0.597536
0.142044 0.121600 0.598833
0.141840 0.123779 0.597358
0.141748 0.123876 0.598380
0.142030 0.124074 0.597536
0.142190 0.123364 0.597978
0.141874 0.123342 0.598862
0.142919 0.123752 0.599421
0.142621 0.122977 0.600121
0.141391 0.123011 0.599702
0.142201 0.123292 0.597976
0.142234 0.125083 0.599487
0.141461 0.122155 0.601773
0.142031 0.125665 0.602377
0.141718 0.123214 0.601322
0.141495 0.123925 0.603756
0.142670 0.122284 0.601844
0.142355 0.123646 0.602266
0.142566 0.122448 0.601785
0.142743 0.124532 0.603814
0.142588 0.122412 0.602429
0.142274 0.122031 0.602864
0.142788 0.124698 0.603127
0.142089 0.122704 0.603480
0.141756 0.123320 0.604340
0.144664 0.122933 0.604840
0.144611 0.122928 0.603147
0.141014 0.122535 0.605268
0.142037 0.123573 0.604646
0.141554 0.121831 0.603973
0.142125 0.124287 0.603883
0.141971 0.123851 0.605263
0.140396 0.121838 0.607369
0.142650 0.124232 0.606231
0.142837 0.122129 0.605604
0.142295 0.121352 0.606971
0.142603 0.123455 0.607239
0.144150 0.121642 0.606976
0.141521 0.123769 0.608003
0.142316 0.121896 0.606756
0.142130 0.124096 0.606901
0.140834 0.123792 0.608555
0.142129 0.122790 0.608296
0.141232 0.123818 0.606972
0.143319 0.123197 0.610234
0.141613 0.123565 0.608536
0.141461 0.123198 0.609559
0.143537 0.122986 0.609699
0.140617 0.123525 0.609659
0.141990 0.124241 0.608474
0.140084 0.122782 0.609896
0.142723 0.124574 0.610831
0.143568 0.120227 0.609659
0.140466 0.124631 0.609374
0.142154 0.122842 0.611189
0.141738 0.122567 0.612025
0.138592 0.122675 0.612115
0.139845 0.124428 0.613228
0.138951 0.123106 0.613691
0.140326 0.124205 0.612420
0.138366 0.123906 0.612194
0.140638 0.122584 0.612889
0.142395 0.124985 0.612513
0.141219 0.123249 0.612733
0.139686 0.124307 0.613205
0.139691 0.123127 0.612156
0.141724 0.123703 0.614349
0.140537 0.124593 0.613923
0.140337 0.122874 0.614123
0.140000 0.123042 0.613928
0.140937 0.122552 0.613081
0.139194 0.122773 0.614496
0.140498 0.123802 0.616321
0.140778 0.123554 0.614462
0.139232 0.121536 0.614452
0.138682 0.121998 0.616319
0.141858 0.123265 0.616075
0.138704 0.124350 0.616790
0.139106 0.125528 0.615381
0.137591 0.123774 0.616678
0.138200 0.124004 0.615275
0.139160 0.122305 0.616674
0.138366 0.122373 0.617256
0.138616 0.124255 0.616447
0.138545 0.123161 0.619176
0.139346 0.122501 0.618123
0.139418 0.123358 0.619786
0.139323 0.122068 0.619560
0.137008 0.122431 0.619115
0.137709 0.123516 0.619530
0.139121 0.123319 0.619072
0.137084 0.122606 0.619918
0.138393 0.122819 0.619660
0.137486 0.123054 0.618064
0.138983 0.122337 0.620823
0.135871 0.122707 0.619802
0.135290 0.125341 0.619153
0.136782 0.125204 0.620134
0.136433 0.124403 0.620735
0.136267 0.122129 0.621261
0.136733 0.124734 0.579001
0.136307 0.126270 0.579150
0.135808 0.125785 0.579213
0.139022 0.125791 0.578916
0.136796 0.126607 0.579006
0.136589 0.123487 0.579464
0.136814 0.126743 0.581428
0.138607 0.127271 0.579885
0.137798 0.127261 0.579545
0.139029 0.127366 0.581749
0.137773 0.126251 0.580668
0.138156 0.127510 0.581703
0.138046 0.128911 0.582660
0.139802 0.125786 0.580807
0.138657 0.128053 0.582441
0.138253 0.129744 0.580866
0.138124 0.125264 0.580535
0.139756 0.126239 0.582534
0.138584 0.127731 0.583926
0.139899 0.128533 0.582933
0.136973 0.125518 0.582561
0.138977 0.128887 0.583494
0.139472 0.125883 0.584913
0.140114 0.128746 0.584277
0.139210 0.126043 0.584569
0.138592 0.125612 0.584529
0.140189 0.123673 0.582740
0.139054 0.127092 0.583989
0.141075 0.127664 0.586450
0.141197 0.126132 0.585085
0.140757 0.126902 0.585650
0.141002 0.127135 0.585768
0.139602 0.127089 0.587660
0.139758 0.124813 0.586939
0.140844 0.126502 0.584288
0.139922 0.126610 0.584926
0.140858 0.125532 0.587028
0.140161 0.126474 0.587986
0.142202 0.125887 0.587623
0.140588 0.128006 0.586479
0.142699 0.126763 0.587572
0.139978 0.125762 0.587586
0.139965 0.123931 0.589411
0.140193 0.126758 0.587807
0.141096 0.125724 0.588639
0.139569 0.127807 0.587133
0.143314 0.127290 0.589711
0.142720 0.127204 0.590458
0.140690 0.124490 0.590733
0.140344 0.127477 0.588626
0.141360 0.126865 0.589609
0.141663 0.126635 0.590881
0.140310 0.126074 0.588250
0.140345 0.127245 0.590490
0.140513 0.127244 0.590748
0.142948 0.127381 0.591147
0.142399 0.125816 0.591965
0.143140 0.125159 0.592998
0.142008 0.127167 0.592669
0.141866 0.126236 0.591726
0.144049 0.126423 0.592205
0.144026 0.125229 0.594337
0.142565 0.126151 0.591472
0.141524 0.128977 0.593450
0.141900 0.127789 0.593302
0.141074 0.126133 0.594773
0.141629 0.126668 0.595884
0.143115 0.126459 0.593891
0.140567 0.127278 0.592521
0.142493 0.127964 0.594545
0.141472 0.126507 0.596498
0.142378 0.126247 0.594929
0.142359 0.126389 0.594016
0.140365 0.128431 0.595307
0.141427 0.127241 0.595992
0.143007 0.126654 0.596132
0.140682 0.126082 0.597488
0.142497 0.127444 0.596139
0.142805 0.125796 0.597103
0.141964 0.126335 0.597386
0.140551 0.126995 0.597186
0.142771 0.125212 0.597030
0.142689 0.124811 0.599124
0.142852 0.125905 0.598279
0.141813 0.123528 0.598953
0.143825 0.126746 0.598214
0.143307 0.126541 0.599376
0.142340 0.125953 0.599822
0.143809 0.125098 0.601011
0.141959 0.127340 0.600053
0.143027 0.127396 0.600329
0.143413 0.126292 0.601205
0.142667 0.126061 0.600642
0.142643 0.128726 0.602615
0.141992 0.127001 0.601693
0.144888 0.127684 0.601838
0.141546 0.126860 0.603157
0.140743 0.126615 0.601248
0.141357 0.127113 0.601978
0.142645 0.126379 0.601789
0.143964 0.128185 0.603495
0.141260 0.125358 0.603119
0.142956 0.125771 0.602302
0.142959 0.125748 0.602406
0.142325 0.126928 0.604582
0.143146 0.127114 0.604526
0.141238 0.126200 0.601691
0.140082 0.128100 0.603336
0.141205 0.126378 0.604630
0.140221 0.126860 0.605798
0.141975 0.125289 0.603613
0.142583 0.124565 0.605816
0.144215 0.126266 0.607346
0.143447 0.128012 0.605889
0.141494 0.127400 0.605308
0.140664 0.129055 0.606261
0.142218 0.125437 0.605853
0.141187 0.126670 0.606538
0.142481 0.126568 0.606202
0.140836 0.127431 0.608486
0.142274 0.125657 0.606772
0.141702 0.126663 0.606619
0.140667 0.127738 0.608610
0.141953 0.128045 0.609878
0.140990 0.126976 0.607167
0.140640 0.126146 0.610221
0.140217 0.127379 0.609356
0.140896 0.126772 0.609254
0.142791 0.124987 0.609395
0.141799 0.124632 0.608818
0.141084 0.126411 0.609987
0.139888 0.126019 0.609552
0.142527 0.127850 0.610796
0.141851 0.127408 0.612240
0.141614 0.125122 0.610990
0.139423 0.126597 0.611202
0.140730 0.127477 0.613572
0.140684 0.127354 0.611272
0.142698 0.127927 0.611385
0.140248 0.126210 0.612222
0.140673 0.124899 0.612325
0.141078 0.125977 0.613883
0.140295 0.128213 0.612445
0.141503 0.127730 0.614313
0.141218 0.124235 0.612727
0.141322 0.125967 0.612883
0.140762 0.126164 0.613247
0.140658 0.125601 0.615145
0.140656 0.128037 0.613562
0.141482 0.125557 0.614064
0.137166 0.127452 0.615850
0.140655 0.126438 0.615594
0.137310 0.126336 0.615395
0.137457 0.126075 0.613898
0.138834 0.126529 0.614737
0.138432 0.126033 0.615928
0.140260 0.125515 0.616629
0.140635 0.125197 0.615955
0.138436 0.125922 0.616013
0.137432 0.127422 0.617976
0.139498 0.126763 0.616838
0.137684 0.126408 0.615562
0.138213 0.126478 0.619074
0.140079 0.126566 0.618436
0.138509 0.128014 0.617766
0.137307 0.126735 0.619572
0.138117 0.125649 0.617173
0.138954 0.127498 0.619770
0.138420 0.125509 0.617278
0.136790 0.127498 0.619644
0.136859 0.127058 0.619745
0.139725 0.128008 0.618413
0.139018 0.126323 0.619742
0.136955 0.127996 0.618671
0.137945 0.126848 0.621082
0.136342 0.126344 0.621275
0.137213 0.126000 0.619937
0.138159 0.125509 0.621464
0.137971 0.127836 0.622959
0.136364 0.124894 0.622010
0.134743 0.130779 0.578994
0.138014 0.129783 0.577902
0.138189 0.129080 0.579243
0.135943 0.129444 0.579443
0.137403 0.130417 0.579690
0.139214 0.130407 0.579561
0.137889 0.130959 0.580377
0.138056 0.129422 0.580528
0.138923 0.130049 0.580976
0.136217 0.128660 0.580745
0.136126 0.131628 0.580883
0.138612 0.130560 0.579856
0.137565 0.129383 0.581433
0.138188 0.128747 0.580213
0.137899 0.128521 0.582308
0.139012 0.128419 0.579994
0.139098 0.130423 0.582064
0.138338 0.129478 0.581123
0.138492 0.129456 0.584206
0.139306 0.130267 0.583272
0.138908 0.130614 0.583759
0.139150 0.129758 0.583951
0.137883 0.129256 0.586754
0.139144 0.131126 0.584126
0.140033 0.128981 0.584298
0.140574 0.130742 0.583207
0.141438 0.131046 0.584404
0.138031 0.130648 0.585125
0.139425 0.130556 0.583448
0.139623 0.129523 0.586510
0.139441 0.131446 0.585424
0.139377 0.129654 0.587517
0.141954 0.130421 0.586119
0.140596 0.129746 0.583898
0.139318 0.129731 0.585583
0.139464 0.128887 0.588467
0.139323 0.129878 0.586811
0.139229 0.129954 0.588817
0.140943 0.128313 0.585458
0.140795 0.131127 0.588244
0.139593 0.130606 0.587230
0.139217 0.131425 0.588008
0.140018 0.129911 0.587072
0.141486 0.129841 0.587978
0.141151 0.130699 0.589498
0.142479 0.129350 0.587997
0.141228 0.129736 0.588512
0.140447 0.128082 0.590427
0.140471 0.129705 0.589479
0.141529 0.128836 0.590782
0.141257 0.128824 0.590756
0.139337 0.129525 0.588681
0.141289 0.129793 0.588720
0.141360 0.129230 0.589328
0.140770 0.129118 0.590022
0.142413 0.127440 0.591041
0.142215 0.131477 0.593567
0.139917 0.129761 0.592238
0.143468 0.131652 0.592734
0.142968 0.128326 0.591534
0.141247 0.130349 0.594416
0.141577 0.130875 0.591543
0.141345 0.128989 0.592001
0.141343 0.130131 0.591688
0.141256 0.130880 0.594424
0.142202 0.130407 0.592602
0.143856 0.129296 0.593782
0.141839 0.131436 0.596631
0.141298 0.130383 0.593928
0.141235 0.130207 0.595846
0.140741 0.127684 0.595850
0.141297 0.129629 0.594508
0.142966 0.131516 0.594598
0.141812 0.129847 0.596411
0.142185 0.129458 0.595000
0.143965 0.129523 0.595951
0.143723 0.129546 0.596485
0.143375 0.130479 0.597642
0.142921 0.128903 0.596233
0.143398 0.130982 0.596108
0.142100 0.130199 0.599399
0.142789 0.130991 0.598711
0.142213 0.128691 0.599560
0.141734 0.131379 0.598800
0.142016 0.128548 0.599283
0.141807 0.131241 0.597569
0.143043 0.131294 0.599276
0.141716 0.129595 0.599739
0.142113 0.129073 0.600222
0.142294 0.130933 0.599067
0.140952 0.130790 0.601232
0.141734 0.130991 0.599323
0.142296 0.129350 0.600077
0.142297 0.128526 0.601691
0.140863 0.130118 0.601847
0.140474 0.129105 0.600439
0.142548 0.129624 0.602234
0.140802 0.129188 0.600796
0.143339 0.128694 0.602541
0.143241 0.129771 0.601159
0.143266 0.130747 0.602501
0.141561 0.130718 0.602412
0.143347 0.129857 0.602052
0.143896 0.129440 0.603075
0.140666 0.129978 0.605010
0.140091 0.130852 0.603971
0.142008 0.130824 0.604391
0.140999 0.130255 0.603742
0.143234 0.128806 0.604439
0.143175 0.132267 0.604727
0.144038 0.130556 0.605793
0.142832 0.128966 0.604902
0.142859 0.130518 0.606724
0.141895 0.129918 0.605558
0.142292 0.129917 0.605538
0.141722 0.130619 0.605467
0.141705 0.131098 0.606656
0.142509 0.130301 0.608864
0.140718 0.128977 0.606115
0.141398 0.128538 0.609316
0.142181 0.129124 0.607684
0.141781 0.131339 0.607584
0.141814 0.129492 0.609086
0.142735 0.129149 0.607183
0.142224 0.130495 0.608922
0.142336 0.130829 0.608790
0.142120 0.131735 0.608516
0.143306 0.130662 0.609527
0.141702 0.129963 0.608364
0.140979 0.129836 0.611162
0.141725 0.131797 0.609695
0.139670 0.130364 0.608322
0.141577 0.130890 0.609122
0.140945 0.130575 0.612524
0.139261 0.129613 0.610882
0.139945 0.130599 0.611441
0.140677 0.131690 0.610479
0.141297 0.129409 0.611532
0.141829 0.129957 0.612885
0.140561 0.130823 0.611845
0.139842 0.131259 0.611631
0.141149 0.128959 0.613554
0.140438 0.128815 0.612879
0.139883 0.128900 0.613694
0.140482 0.130134 0.614390
0.140070 0.129411 0.611085
0.140060 0.129359 0.615646
0.139685 0.127933 0.615678
0.140965 0.130545 0.613925
0.139483 0.128744 0.612527
0.139540 0.131615 0.615138
0.139410 0.128765 0.614320
0.138884 0.130693 0.613778
0.139702 0.128783 0.616356
0.140154 0.128463 0.613955
0.139395 0.130550 0.615049
0.139200 0.131242 0.615800
0.139537 0.130019 0.616034
0.139754 0.130940 0.616367
0.136594 0.129001 0.616276
0.139188 0.131213 0.615739
0.137751 0.130763 0.618122
0.138014 0.131429 0.617781
0.140636 0.128215 0.616304
0.138795 0.131025 0.617113
0.138707 0.129496 0.618116
0.138277 0.129762 0.618847
0.139282 0.129211 0.617992
0.137144 0.130539 0.619238
0.137090 0.128821 0.620637
0.139067 0.129134 0.619308
0.139280 0.128165 0.620053
0.137122 0.129349 0.620563
0.137736 0.130849 0.618591
0.137371 0.130002 0.620330
0.137968 0.129256 0.619776
0.137310 0.130332 0.620289
0.136804 0.128391 0.620816
0.137615 0.130233 0.619636
0.138115 0.131411 0.619668
0.138207 0.134408 0.580726
0.137868 0.133408 0.578663
0.135067 0.135079 0.579486
0.135643 0.132635 0.579262
0.137602 0.132169 0.581598
0.136140 0.132959 0.580059
0.137634 0.133919 0.581445
0.137459 0.133228 0.579869
0.136992 0.133738 0.582132
0.138459 0.134788 0.582004
0.137242 0.133596 0.580852
0.136365 0.133070 0.581381
0.137884 0.134173 0.580029
0.139206 0.133150 0.584392
0.138226 0.133342 0.581660
0.139451 0.134411 0.582287
0.137495 0.132749 0.581183
0.137943 0.134047 0.583375
0.139619 0.132346 0.582711
0.139516 0.134056 0.582220
0.138180 0.131907 0.582341
0.137751 0.132821 0.581495
0.139090 0.132620 0.584138
0.139166 0.134687 0.584532
0.138904 0.134235 0.586292
0.140376 0.132713 0.582791
0.140361 0.133314 0.584503
0.140895 0.133538 0.583710
0.139409 0.132900 0.586336
0.139860 0.131895 0.585203
0.139904 0.131691 0.585821
0.140668 0.134639 0.585862
0.141292 0.135335 0.586866
0.140299 0.133532 0.587805
0.140566 0.134132 0.585364
0.139495 0.134253 0.586286
0.140278 0.134207 0.587956
0.141829 0.133183 0.588030
0.139873 0.134860 0.587101
0.138825 0.134120 0.588015
0.140620 0.131851 0.587158
0.139413 0.134809 0.589138
0.139342 0.133664 0.590403
0.141811 0.130809 0.590292
0.140795 0.135366 0.590065
0.141166 0.133327 0.588053
0.141954 0.133073 0.589616
0.141855 0.133185 0.589637
0.140976 0.132946 0.591999
0.140874 0.133017 0.589038
0.140883 0.133038 0.590630
0.142963 0.133026 0.590014
0.141652 0.133050 0.590335
0.142573 0.131225 0.589821
0.142525 0.132565 0.592783
0.140491 0.135657 0.590364
0.142206 0.132457 0.591217
0.142560 0.134539 0.590733
0.141346 0.133387 0.592717
0.142236 0.133360 0.591991
0.141900 0.134215 0.593241
0.142664 0.133186 0.594541
0.141446 0.134917 0.593407
0.142825 0.132079 0.592497
0.140228 0.133341 0.594494
0.140497 0.133005 0.593417
0.142456 0.134047 0.593975
0.141856 0.133009 0.594208
0.142863 0.133380 0.593743
0.141229 0.133488 0.595161
0.142146 0.133945 0.595185
0.141137 0.133559 0.596008
0.141767 0.133037 0.595728
0.144089 0.133337 0.596203
0.142128 0.131823 0.594644
0.140510 0.131082 0.598382
0.144550 0.134263 0.597453
0.143886 0.135083 0.596703
0.142266 0.133921 0.597487
0.142047 0.134015 0.597518
0.142907 0.135435 0.597316
0.143160 0.133773 0.598441
0.143726 0.133986 0.597373
0.141355 0.134031 0.598351
0.141802 0.134056 0.598600
0.141733 0.134200 0.599640
0.144885 0.132686 0.600988
0.143530 0.132392 0.600173
0.142698 0.134212 0.600468
0.142437 0.133569 0.598445
0.142445 0.131520 0.600865
0.142124 0.133139 0.601114
0.142377 0.132077 0.601080
0.143199 0.133239 0.602348
0.144087 0.136074 0.601206
0.142776 0.132154 0.601097
0.143532 0.133099 0.602374
0.143474 0.135463 0.601448
0.142437 0.133161 0.603660
0.141630 0.133741 0.603275
0.143258 0.134652 0.602799
0.143339 0.131038 0.602868
0.141789 0.135594 0.601800
0.142731 0.132453 0.604567
0.143572 0.132661 0.603152
0.141728 0.134394 0.604906
0.143856 0.132801 0.605912
0.141365 0.133920 0.603429
0.141813 0.133324 0.602919
0.142547 0.132784 0.605859
0.142472 0.134592 0.604293
0.142199 0.133211 0.604232
0.141357 0.133210 0.604756
0.143021 0.134664 0.607137
0.143105 0.134808 0.606140
0.142495 0.134873 0.607608
0.140497 0.134337 0.608020
0.143278 0.133883 0.606159
0.143491 0.133960 0.607788
0.141053 0.132163 0.607915
0.141316 0.133670 0.608055
0.141030 0.132545 0.607101
0.143644 0.132943 0.608432
0.141374 0.134061 0.607249
0.141317 0.133946 0.609716
0.140647 0.133250 0.607746
0.142057 0.131866 0.608594
0.141359 0.132904 0.609123
0.140886 0.130391 0.610485
0.140944 0.133102 0.610502
0.139535 0.134390 0.609052
0.141037 0.131902 0.611284
0.141155 0.133530 0.610016
0.140785 0.133316 0.611822
0.141975 0.135305 0.610973
0.141622 0.133647 0.610119
0.140861 0.131719 0.611913
0.141175 0.134634 0.611656
0.141759 0.133382 0.612209
0.141161 0.134355 0.613381
0.140482 0.132704 0.612785
0.142015 0.132627 0.612431
0.141368 0.133398 0.612860
0.140771 0.132870 0.612635
0.141703 0.134540 0.612875
0.142270 0.131751 0.615758
0.139821 0.133734 0.612799
0.139570 0.131955 0.613234
0.140873 0.133299 0.615550
0.141173 0.132452 0.613583
0.140303 0.132522 0.614382
0.137904 0.130933 0.616652
0.139785 0.132668 0.614354
0.139363 0.133124 0.616484
0.140063 0.132757 0.616662
0.138772 0.134953 0.616402
0.139993 0.132808 0.616014
0.139273 0.132016 0.617434
0.139807 0.131834 0.615453
0.140795 0.133369 0.617535
0.140333 0.132080 0.617007
0.138895 0.133174 0.618268
0.139956 0.131048 0.618833
0.139237 0.132409 0.619057
0.137266 0.133728 0.617279
0.137917 0.132575 0.618444
0.138659 0.134517 0.617993
0.138731 0.132809 0.618613
0.138831 0.133222 0.616901
0.136093 0.133869 0.618762
0.137683 0.134843 0.619148
0.137829 0.133990 0.621777
0.135768 0.130791 0.620208
0.137331 0.135153 0.618556
0.138591 0.132498 0.619516
0.138697 0.131692 0.620242
0.135776 0.133840 0.619592
0.135955 0.132407 0.620805
0.136810 0.132738 0.618898
0.137364 0.133630 0.621974
0.134994 0.136883 0.578934
0.135599 0.135738 0.578453
0.137247 0.138505 0.579243
0.138500 0.135496 0.580075
0.137562 0.136632 0.578899
0.137264 0.135097 0.583317
0.136847 0.136162 0.580712
0.138203 0.136118 0.579412
0.139191 0.136737 0.581251
0.137546 0.137557 0.579447
0.138259 0.137491 0.580197
0.136962 0.137635 0.581923
0.139933 0.136759 0.582540
0.138614 0.137122 0.579518
0.138254 0.137409 0.582235
0.139089 0.136844 0.581746
0.137150 0.134775 0.581987
0.137688 0.137600 0.583379
0.140073 0.135677 0.583351
0.138260 0.135051 0.583575
0.140903 0.137981 0.584485
0.137583 0.135263 0.582205
0.138004 0.138389 0.584099
0.139465 0.136895 0.583958
0.139500 0.135039 0.585535
0.139972 0.136309 0.585146
0.139658 0.137460 0.584738
0.137071 0.137197 0.587171
0.141204 0.137349 0.585389
0.138676 0.136120 0.585529
0.139295 0.135656 0.584980
0.141047 0.136283 0.586494
0.140970 0.135162 0.586822
0.140452 0.139081 0.587265
0.140407 0.135821 0.585312
0.141659 0.136787 0.586508
0.141176 0.137952 0.586964
0.142205 0.136068 0.585576
0.141335 0.137383 0.587869
0.142486 0.137673 0.588420
0.141409 0.136756 0.587700
0.141541 0.137556 0.588384
0.142394 0.137580 0.591395
0.140299 0.136650 0.589443
0.141437 0.133654 0.588086
0.141271 0.136515 0.590746
0.141043 0.137424 0.587987
0.142234 0.135432 0.590180
0.140607 0.135771 0.588962
0.142866 0.137694 0.591880
0.141322 0.136742 0.590739
0.140315 0.136807 0.590281
0.140957 0.135692 0.590368
0.141056 0.135509 0.591014
0.142158 0.136618 0.590570
0.141698 0.136026 0.591637
0.139555 0.135549 0.589923
0.142802 0.134612 0.590796
0.142812 0.135809 0.592698
0.141358 0.138662 0.592971
0.142031 0.137579 0.592186
0.140312 0.136564 0.592361
0.139895 0.136375 0.592123
0.142636 0.136137 0.594094
0.141535 0.138050 0.593787
0.142532 0.137542 0.594379
0.142075 0.137274 0.593180
0.142522 0.135721 0.594755
0.142841 0.136260 0.593562
0.140836 0.134920 0.595837
0.142486 0.136091 0.596541
0.142758 0.137388 0.596646
0.139638 0.138049 0.594075
0.142925 0.137298 0.595626
0.142736 0.136299 0.596046
0.142582 0.136435 0.598084
0.142753 0.135885 0.597812
0.142879 0.138041 0.597026
0.143033 0.136063 0.596860
0.143562 0.137576 0.597714
0.143373 0.136172 0.599102
0.142811 0.136445 0.598093
0.142936 0.136178 0.598270
0.142623 0.134692 0.597925
0.142487 0.137439 0.598039
0.142486 0.137829 0.599254
0.142492 0.136162 0.599448
0.144556 0.137123 0.600081
0.143365 0.136402 0.599824
0.142887 0.136966 0.602162
0.143129 0.137431 0.599884
0.141229 0.136463 0.600248
0.143314 0.137147 0.602539
0.142443 0.136630 0.602832
0.140976 0.136867 0.602090
0.143098 0.136993 0.600664
0.142199 0.137344 0.600437
0.143098 0.135783 0.602442
0.144075 0.136222 0.602742
0.142111 0.137480 0.601080
0.142314 0.135478 0.604263
0.144477 0.135235 0.602994
0.141293 0.136465 0.603540
0.141839 0.136872 0.603972
0.143093 0.136055 0.603681
0.142412 0.137377 0.602573
0.143243 0.137288 0.602988
0.142503 0.136777 0.605775
0.142237 0.134912 0.604927
0.141818 0.137329 0.603971
0.141868 0.136872 0.604441
0.143819 0.137534 0.606177
0.141391 0.137127 0.605093
0.143858 0.135903 0.603959
0.141544 0.135281 0.605426
0.142643 0.137817 0.607373
0.141172 0.135035 0.605883
0.142038 0.134709 0.606196
0.142658 0.135898 0.606740
0.141627 0.135688 0.606778
0.141260 0.135873 0.608220
0.141150 0.137022 0.606997
0.141098 0.137177 0.608072
0.141653 0.135722 0.608352
0.143126 0.136854 0.607555
0.141983 0.136422 0.609754
0.140644 0.137432 0.609826
0.142646 0.136829 0.609226
0.141196 0.137857 0.609706
0.139411 0.136269 0.611203
0.141303 0.135666 0.610846
0.141588 0.136426 0.611545
0.141856 0.136819 0.608960
0.140720 0.136604 0.612833
0.139874 0.137166 0.610434
0.142168 0.135949 0.611221
0.141400 0.136564 0.610230
0.141981 0.135959 0.612242
0.139317 0.137090 0.612727
0.141418 0.137932 0.611018
0.141593 0.135516 0.611328
0.140026 0.137002 0.613215
0.139979 0.137637 0.613525
0.139926 0.137120 0.613771
0.139191 0.136741 0.614874
0.140981 0.137035 0.614796
0.140861 0.135431 0.613839
0.139483 0.136327 0.613842
0.139210 0.137067 0.613422
0.139985 0.135104 0.615062
0.138508 0.138259 0.616288
0.139381 0.136741 0.615363
0.140299 0.135283 0.613934
0.138483 0.137295 0.616691
0.140478 0.137364 0.615886
0.139968 0.137641 0.618034
0.140103 0.135878 0.616869
0.137787 0.136631 0.615900
0.140392 0.137869 0.615581
0.139185 0.135460 0.616535
0.139682 0.135829 0.616795
0.138290 0.136164 0.616535
0.137582 0.136863 0.617562
0.138564 0.135921 0.617643
0.138707 0.135936 0.617470
0.137835 0.137068 0.618005
0.138972 0.136518 0.618796
0.138391 0.135830 0.618268
0.138516 0.136510 0.620864
0.136415 0.136288 0.619254
0.137335 0.135887 0.618260
0.136225 0.137485 0.621176
0.137232 0.135975 0.619839
0.137560 0.134365 0.621584
0.137448 0.135670 0.620338
0.139106 0.134950 0.619776
0.138420 0.135667 0.621194
0.136627 0.135509 0.618480
0.136954 0.137672 0.619386
0.137883 0.135996 0.622383
0.137467 0.140206 0.578025
0.138928 0.140416 0.579891
0.137426 0.137771 0.579788
0.136150 0.140217 0.579926
0.135797 0.140419 0.579445
0.135986 0.139922 0.582360
0.138243 0.140101 0.580084
0.138991 0.140845 0.579374
0.136656 0.141125 0.582148
0.136729 0.137793 0.579714
0.137059 0.139173 0.580644
0.138207 0.139780 0.579667
0.137789 0.139225 0.581325
0.139099 0.139068 0.580147
0.140016 0.140181 0.582312
0.138343 0.138896 0.581788
0.139660 0.139809 0.580890
0.137741 0.140111 0.583870
0.136627 0.142717 0.584009
0.138829 0.141335 0.584109
0.139359 0.138759 0.583449
0.140298 0.140788 0.584383
0.140031 0.138356 0.582872
0.140858 0.138954 0.584667
0.139900 0.141567 0.585024
0.139437 0.138592 0.585329
0.138770 0.140049 0.583829
0.140362 0.139906 0.584786
0.139479 0.140330 0.584925
0.139467 0.140065 0.587850
0.138032 0.140057 0.586653
0.139000 0.139463 0.584040
0.140589 0.139093 0.585761
0.139931 0.140791 0.587667
0.140293 0.140097 0.587128
0.140935 0.140533 0.586056
0.139673 0.139268 0.587597
0.140585 0.140759 0.585874
0.140254 0.140483 0.586355
0.137987 0.139431 0.588251
0.141310 0.140123 0.589052
0.141556 0.141042 0.585727
0.140749 0.137720 0.587707
0.141461 0.140497 0.586199
0.141702 0.140038 0.588111
0.139605 0.140830 0.588692
0.140195 0.140307 0.586995
0.138892 0.139199 0.591043
0.140304 0.139268 0.590642
0.141476 0.140048 0.589186
0.142530 0.140053 0.590778
0.141473 0.140705 0.589990
0.142618 0.138685 0.589903
0.140929 0.140376 0.590226
0.142039 0.139118 0.591369
0.141025 0.138995 0.592911
0.142075 0.138270 0.589978
0.140761 0.138758 0.590052
0.142443 0.138246 0.590435
0.141589 0.142356 0.592374
0.141558 0.139821 0.591418
0.142083 0.139267 0.592902
0.140425 0.142616 0.595136
0.144099 0.140241 0.593362
0.141991 0.140759 0.593146
0.141430 0.139228 0.593253
0.141508 0.140186 0.595407
0.141235 0.140126 0.594420
0.141425 0.138912 0.595455
0.141620 0.138959 0.594996
0.142942 0.140789 0.594745
0.143308 0.140830 0.595666
0.142403 0.140836 0.595347
0.143508 0.139884 0.594814
0.140908 0.139053 0.596679
0.142755 0.138101 0.597996
0.142365 0.139640 0.596523
0.142232 0.140872 0.596681
0.142202 0.141910 0.597498
0.142336 0.139888 0.597624
0.143193 0.140402 0.597666
0.140820 0.139543 0.595499
0.141378 0.140768 0.598606
0.142765 0.138219 0.599585
0.143432 0.139851 0.598372
0.141574 0.140824 0.597094
0.144267 0.139727 0.598282
0.142198 0.141120 0.599175
0.142823 0.141546 0.599194
0.141953 0.139255 0.600205
0.141270 0.140110 0.599460
0.143816 0.140630 0.599275
0.141894 0.139888 0.600580
0.142475 0.140582 0.602070
0.142625 0.138817 0.601982
0.142271 0.139354 0.600558
0.142137 0.139709 0.602593
0.141181 0.140761 0.601308
0.141324 0.138582 0.601532
0.143543 0.139649 0.604054
0.143668 0.139468 0.601888
0.141994 0.141703 0.602086
0.144017 0.140259 0.604295
0.143076 0.140056 0.604090
0.142540 0.139405 0.604965
0.142333 0.141308 0.605443
0.142169 0.139451 0.603502
0.141323 0.137118 0.603768
0.140367 0.139660 0.603379
0.142951 0.141011 0.604284
0.142299 0.139233 0.604068
0.141608 0.140002 0.604544
0.142103 0.140499 0.606137
0.141459 0.140893 0.606278
0.142163 0.139288 0.604827
0.142019 0.140997 0.605703
0.142054 0.137384 0.605526
0.142492 0.141813 0.605866
0.142640 0.141554 0.607339
0.142723 0.140741 0.607825
0.140455 0.138961 0.608308
0.141106 0.139752 0.606709
0.141830 0.140981 0.607505
0.141252 0.140274 0.607312
0.141862 0.139877 0.608500
0.142374 0.142366 0.607840
0.142344 0.138640 0.608316
0.141832 0.140127 0.609922
0.141084 0.139157 0.608794
0.141547 0.139692 0.610098
0.141308 0.139350 0.611116
0.140364 0.138387 0.611384
0.142037 0.140598 0.610890
0.140867 0.140967 0.611305
0.140456 0.139788 0.610394
0.141631 0.140892 0.611718
0.141332 0.138833 0.611759
0.141490 0.139080 0.611785
0.140366 0.141358 0.613103
0.141661 0.139077 0.612112
0.140598 0.140616 0.613023
0.140371 0.140752 0.612792
0.141203 0.140093 0.612901
0.141187 0.138862 0.611205
0.141709 0.140282 0.615789
0.141436 0.138025 0.615260
0.140325 0.141274 0.614313
0.139500 0.140061 0.612836
0.141113 0.139081 0.615660
0.140208 0.140684 0.614358
0.141349 0.140592 0.613219
0.140241 0.140859 0.617089
0.140996 0.140814 0.615853
0.139669 0.142089 0.616189
0.138271 0.140416 0.615025
0.138058 0.141588 0.616709
0.139199 0.140646 0.615796
0.139077 0.139825 0.615750
0.139020 0.140297 0.616681
0.139017 0.140676 0.616964
0.138888 0.138526 0.616845
0.136808 0.141419 0.618892
0.139044 0.140934 0.618891
0.138953 0.140163 0.616239
0.139006 0.140071 0.616499
0.138960 0.140111 0.617840
0.138413 0.139224 0.619696
0.139205 0.141115 0.618081
0.136825 0.139444 0.616512
0.137778 0.140760 0.616494
0.136788 0.141122 0.620125
0.140115 0.139939 0.619557
0.138471 0.140516 0.619490
0.138460 0.140724 0.620211
0.136907 0.139831 0.619780
0.136327 0.138837 0.623140
0.138513 0.138353 0.621447
0.136280 0.141647 0.621256
0.135270 0.139480 0.620922
0.136916 0.139443 0.620548
