# .PCD v0.7
VERSION 0.7
FIELDS x y z
SIZE 4 4 4
TYPE F F F
COUNT 1 1 1
WIDTH 21600
HEIGHT 1
VIEWPOINT 0 0 0 1 0 0 0
POINTS 21600
DATA ascii
0.123324 -0.255070 0.565177
0.113860 -0.254568 0.566123
0.118884 -0.256513 0.565889
0.124293 -0.259829 0.567243
0.118530 -0.260977 0.561336
0.126959 -0.259762 0.562745
0.119088 -0.261543 0.564824
0.122536 -0.252236 0.571096
0.108330 -0.271334 0.564293
0.122468 -0.258718 0.566935
0.138108 -0.266672 0.563661
0.138055 -0.256120 0.570204
0.123108 -0.269888 0.567535
0.127236 -0.267364 0.562739
0.126535 -0.265669 0.566562
0.127923 -0.259786 0.564432
0.131291 -0.254653 0.569717
0.123195 -0.255610 0.565110
0.133750 -0.266431 0.573936
0.128722 -0.267492 0.566902
0.129530 -0.258363 0.563231
0.122920 -0.258802 0.566668
0.131333 -0.255443 0.559924
0.131797 -0.252652 0.568383
0.125753 -0.255487 0.572045
0.136336 -0.262071 0.561994
0.130639 -0.262675 0.575901
0.132795 -0.269785 0.564446
0.137266 -0.255921 0.568148
0.132283 -0.257327 0.575176
0.137868 -0.258461 0.572176
0.131374 -0.253666 0.559623
0.132407 -0.259802 0.564963
0.135543 -0.263908 0.579081
0.133096 -0.255985 0.581614
0.136445 -0.265254 0.565612
0.144962 -0.260668 0.570968
0.135596 -0.261148 0.580617
0.135218 -0.259918 0.571625
0.138112 -0.266203 0.580319
0.144712 -0.269148 0.561941
0.139540 -0.244713 0.571150
0.128599 -0.256466 0.572533
0.133327 -0.262089 0.581193
0.134186 -0.258333 0.577369
0.131800 -0.261919 0.573155
0.137152 -0.266743 0.572733
0.146094 -0.260319 0.579403
0.140657 -0.262525 0.578793
0.140368 -0.258306 0.573650
0.143041 -0.263543 0.574713
0.132857 -0.262343 0.591260
0.131421 -0.259040 0.569118
0.138673 -0.254603 0.580976
0.135110 -0.258611 0.587051
0.143066 -0.248165 0.584561
0.135722 -0.260756 0.583330
0.140116 -0.260180 0.585269
0.129621 -0.255022 0.581240
0.132783 -0.256173 0.593057
0.142951 -0.259033 0.580027
0.157388 -0.254718 0.579253
0.135641 -0.259478 0.577231
0.141485 -0.262754 0.594390
0.146395 -0.276268 0.587757
0.131061 -0.253342 0.588992
0.144194 -0.266391 0.599431
0.153156 -0.266389 0.591177
0.137122 -0.260141 0.581827
0.152486 -0.265815 0.588127
0.144407 -0.263885 0.588951
0.138126 -0.260801 0.583849
0.138984 -0.261241 0.589356
0.142051 -0.261759 0.596365
0.139864 -0.260820 0.588346
0.138731 -0.267587 0.595937
0.135116 -0.264475 0.595470
0.144462 -0.262401 0.581691
0.144639 -0.258443 0.585824
0.146802 -0.264207 0.588035
0.142812 -0.261071 0.596501
0.132655 -0.249127 0.592164
0.133099 -0.256287 0.594146
0.144326 -0.262038 0.596412
0.143887 -0.264480 0.601339
0.139622 -0.265218 0.598226
0.145135 -0.261374 0.593085
0.146201 -0.270562 0.592572
0.142731 -0.268166 0.599422
0.142170 -0.254608 0.594263
0.138744 -0.258001 0.585503
0.161094 -0.264192 0.596367
0.147649 -0.260239 0.590566
0.146226 -0.254868 0.599040
0.140752 -0.257084 0.596784
0.145042 -0.258804 0.598684
0.134025 -0.261354 0.597977
0.148345 -0.259135 0.608417
0.143098 -0.258423 0.599522
0.146246 -0.249292 0.602856
0.138623 -0.260947 0.602321
0.137907 -0.259171 0.603956
0.150679 -0.259999 0.608137
0.147683 -0.261805 0.615306
0.138094 -0.264850 0.604978
0.141115 -0.268408 0.607455
0.131706 -0.251647 0.607668
0.137760 -0.265450 0.606335
0.140170 -0.266267 0.603609
0.140276 -0.263125 0.615248
0.148110 -0.259904 0.612938
0.133151 -0.256175 0.610395
0.143944 -0.250398 0.597375
0.142469 -0.266595 0.615092
0.132886 -0.262972 0.613233
0.144303 -0.259551 0.607736
0.137152 -0.254693 0.612935
0.130216 -0.254938 0.615938
0.145399 -0.262020 0.618880
0.133627 -0.256580 0.611438
0.143868 -0.253966 0.610431
0.139339 -0.259766 0.622450
0.143727 -0.267316 0.618520
0.143747 -0.247257 0.606160
0.135866 -0.252000 0.608563
0.131689 -0.256898 0.623260
0.134671 -0.256759 0.618305
0.147587 -0.260009 0.623997
0.132842 -0.261109 0.617924
0.144876 -0.256522 0.614440
0.141909 -0.255376 0.618724
0.136041 -0.261163 0.609665
0.138485 -0.258593 0.615081
0.141568 -0.268238 0.617399
0.134017 -0.248075 0.611547
0.139994 -0.254347 0.623839
0.143454 -0.266016 0.608318
0.140704 -0.267175 0.620465
0.128765 -0.253686 0.628035
0.131248 -0.254579 0.623989
0.134458 -0.259656 0.622460
0.138705 -0.258138 0.621991
0.140768 -0.263669 0.626217
0.136975 -0.251127 0.621868
0.144606 -0.258943 0.624138
0.129815 -0.256482 0.625993
0.126925 -0.266767 0.622761
0.129183 -0.253458 0.634738
0.138138 -0.257853 0.624302
0.132937 -0.254692 0.640041
0.137766 -0.261682 0.627863
0.129068 -0.264694 0.626905
0.132807 -0.248985 0.628695
0.139443 -0.249395 0.629224
0.140608 -0.255710 0.626610
0.132209 -0.259863 0.628081
0.129078 -0.259135 0.632437
0.124611 -0.260056 0.621049
0.131129 -0.256258 0.631515
0.130921 -0.256460 0.626885
0.127408 -0.256934 0.637226
0.130845 -0.244683 0.631002
0.134102 -0.252400 0.631079
0.122806 -0.267096 0.633182
0.134012 -0.258370 0.633567
0.124692 -0.256634 0.620033
0.127976 -0.259831 0.624939
0.139245 -0.268324 0.627005
0.118593 -0.253338 0.628446
0.129413 -0.256475 0.635632
0.117156 -0.263673 0.644407
0.116853 -0.264990 0.633685
0.129044 -0.258490 0.639396
0.117376 -0.254331 0.638639
0.113798 -0.250761 0.649255
0.118337 -0.259666 0.644156
0.113641 -0.271939 0.628256
0.118703 -0.263471 0.639943
0.123290 -0.267476 0.639959
0.132494 -0.252818 0.642753
0.121371 -0.250737 0.557397
0.126185 -0.257162 0.570231
0.124901 -0.263178 0.564469
0.129838 -0.263414 0.560608
0.118337 -0.265613 0.569996
0.131232 -0.251838 0.565955
0.123467 -0.255202 0.560386
0.129553 -0.250366 0.570651
0.121411 -0.256168 0.564347
0.135732 -0.255560 0.554339
0.127792 -0.245345 0.570037
0.131075 -0.256422 0.554397
0.115330 -0.264114 0.565769
0.128442 -0.252502 0.564796
0.132709 -0.258317 0.562925
0.132460 -0.262125 0.551095
0.121369 -0.256074 0.549311
0.125961 -0.258631 0.559560
0.119580 -0.259413 0.565167
0.136402 -0.254389 0.559300
0.124078 -0.252408 0.580500
0.131884 -0.254774 0.580633
0.129784 -0.258493 0.561337
0.127193 -0.243566 0.561638
0.130685 -0.265089 0.571296
0.136287 -0.258101 0.575267
0.135624 -0.253957 0.581547
0.136307 -0.258468 0.567532
0.126892 -0.253783 0.570047
0.148664 -0.245584 0.571078
0.130635 -0.246498 0.561445
0.130217 -0.250934 0.567656
0.130378 -0.258746 0.577480
0.134372 -0.254226 0.577478
0.134029 -0.249975 0.569927
0.125531 -0.267300 0.564972
0.131138 -0.250458 0.576145
0.131139 -0.263058 0.572331
0.132593 -0.260029 0.567317
0.132439 -0.250536 0.563276
0.134125 -0.269367 0.577837
0.131354 -0.269153 0.577760
0.147008 -0.255985 0.584548
0.135934 -0.269584 0.580944
0.134109 -0.265411 0.583137
0.138589 -0.259791 0.584066
0.131880 -0.252778 0.573648
0.140556 -0.263243 0.588661
0.139113 -0.248041 0.575230
0.134960 -0.251601 0.564143
0.131640 -0.250440 0.583840
0.144133 -0.258497 0.584880
0.134089 -0.264870 0.571776
0.135373 -0.259932 0.578620
0.117593 -0.268630 0.579654
0.140806 -0.260111 0.578045
0.125426 -0.244510 0.577158
0.149564 -0.247275 0.585869
0.136210 -0.255845 0.577770
0.141387 -0.256621 0.588345
0.145696 -0.246242 0.583290
0.146419 -0.261389 0.580722
0.136611 -0.262530 0.592441
0.146013 -0.249005 0.586881
0.142269 -0.260109 0.580601
0.143448 -0.255028 0.581341
0.144415 -0.267089 0.587387
0.137254 -0.259814 0.582439
0.146877 -0.253243 0.596522
0.142066 -0.264427 0.587629
0.134249 -0.253958 0.597579
0.143405 -0.260314 0.588572
0.142755 -0.265401 0.592166
0.142811 -0.260000 0.589242
0.142726 -0.261668 0.587292
0.146450 -0.255418 0.602776
0.135923 -0.267444 0.598827
0.147651 -0.261212 0.584849
0.141683 -0.267306 0.592085
0.128914 -0.258246 0.581884
0.140625 -0.247732 0.593481
0.146701 -0.260701 0.590209
0.133126 -0.250625 0.595693
0.151871 -0.263958 0.595180
0.142629 -0.248430 0.607928
0.138274 -0.263720 0.587060
0.150197 -0.257455 0.594075
0.141873 -0.272292 0.588097
0.147796 -0.254574 0.599843
0.136177 -0.253427 0.610107
0.134836 -0.256868 0.597320
0.144339 -0.256875 0.599542
0.136867 -0.257056 0.597233
0.141262 -0.257344 0.605342
0.138623 -0.258903 0.608344
0.140778 -0.258534 0.607595
0.143688 -0.256415 0.604226
0.134578 -0.254189 0.611368
0.145469 -0.266276 0.605631
0.136521 -0.258279 0.605218
0.134757 -0.248886 0.604538
0.146618 -0.253078 0.613522
0.148957 -0.265718 0.606223
0.128936 -0.259541 0.610756
0.147160 -0.249116 0.604705
0.143519 -0.256257 0.615068
0.151042 -0.258988 0.630664
0.141396 -0.259032 0.612049
0.145871 -0.253545 0.605050
0.150061 -0.256484 0.618676
0.149483 -0.264432 0.604071
0.135017 -0.255276 0.610772
0.142521 -0.261635 0.613503
0.149214 -0.264760 0.610256
0.142152 -0.257521 0.610732
0.151136 -0.249036 0.617494
0.135810 -0.243285 0.615043
0.136761 -0.258753 0.610414
0.152798 -0.255492 0.614207
0.126994 -0.252296 0.607951
0.132965 -0.253041 0.609588
0.144583 -0.249985 0.604497
0.138569 -0.266160 0.615325
0.144672 -0.264900 0.626970
0.137136 -0.263824 0.615858
0.143547 -0.264996 0.617064
0.130344 -0.249513 0.618431
0.135818 -0.250534 0.610215
0.135790 -0.245674 0.617646
0.146067 -0.255584 0.614633
0.136220 -0.256297 0.616814
0.132519 -0.261453 0.610809
0.137887 -0.254406 0.624638
0.126147 -0.251935 0.620475
0.128164 -0.256184 0.625898
0.139621 -0.252419 0.627112
0.141607 -0.256983 0.609374
0.131416 -0.254631 0.619478
0.139825 -0.251978 0.623008
0.146724 -0.262612 0.628728
0.132339 -0.261441 0.627089
0.131201 -0.251603 0.616970
0.134824 -0.261816 0.622969
0.132093 -0.263526 0.628718
0.126562 -0.262633 0.630538
0.139578 -0.252742 0.627632
0.147108 -0.264003 0.621528
0.127171 -0.251350 0.628110
0.139491 -0.250904 0.625422
0.127598 -0.262689 0.640429
0.138000 -0.253173 0.625509
0.130683 -0.258793 0.625978
0.117123 -0.257096 0.626000
0.132949 -0.255470 0.633783
0.130795 -0.251944 0.613662
0.123924 -0.246370 0.622074
0.128511 -0.252483 0.624451
0.134170 -0.265292 0.618619
0.121504 -0.266646 0.630340
0.127214 -0.254753 0.624576
0.144015 -0.257296 0.630856
0.131125 -0.258184 0.627677
0.128535 -0.251210 0.635792
0.133297 -0.260105 0.627478
0.139297 -0.258150 0.635324
0.131323 -0.248188 0.624669
0.123629 -0.259310 0.631283
0.111646 -0.257284 0.616039
0.127521 -0.253478 0.637299
0.118111 -0.250968 0.628830
0.117580 -0.262578 0.629226
0.125578 -0.251743 0.621998
0.120894 -0.251275 0.636121
0.126790 -0.265667 0.640917
0.113952 -0.255498 0.643668
0.134225 -0.253569 0.641057
0.118891 -0.259527 0.643054
0.122115 -0.257403 0.627835
0.122583 -0.252763 0.631790
0.118208 -0.247156 0.637876
0.119518 -0.260099 0.559476
0.120179 -0.245063 0.559782
0.132871 -0.258849 0.561556
0.127590 -0.254718 0.558981
0.122158 -0.250585 0.553934
0.121874 -0.253933 0.562077
0.128192 -0.256689 0.562588
0.124416 -0.248904 0.563729
0.133697 -0.258724 0.573060
0.119854 -0.254256 0.567816
0.137730 -0.247902 0.563491
0.133593 -0.254560 0.561477
0.128884 -0.252710 0.572252
0.123283 -0.250988 0.570646
0.128636 -0.253451 0.562966
0.132773 -0.252454 0.570448
0.125624 -0.253199 0.561569
0.128617 -0.248686 0.568677
0.133631 -0.251400 0.576633
0.127702 -0.263109 0.571380
0.128214 -0.259123 0.573032
0.131151 -0.250605 0.567474
0.131102 -0.251751 0.580464
0.126167 -0.253340 0.572352
0.120269 -0.262895 0.583520
0.120358 -0.249828 0.565796
0.126720 -0.265172 0.565845
0.136340 -0.261610 0.575190
0.133843 -0.241167 0.569142
0.139869 -0.247944 0.570645
0.122632 -0.244221 0.564559
0.130086 -0.247978 0.579824
0.128166 -0.253469 0.571964
0.140636 -0.238250 0.562927
0.139348 -0.270426 0.574385
0.127495 -0.241326 0.575697
0.130021 -0.256273 0.571648
0.135860 -0.254226 0.579440
0.144256 -0.249069 0.568556
0.125551 -0.257810 0.582643
0.133559 -0.257283 0.577568
0.127345 -0.260113 0.580218
0.134284 -0.255997 0.579483
0.132854 -0.257395 0.575242
0.140234 -0.252918 0.571260
0.135050 -0.249388 0.590082
0.130259 -0.251246 0.577738
0.142306 -0.250580 0.588559
0.140704 -0.256548 0.576933
0.140250 -0.250908 0.594993
0.148099 -0.260319 0.583151
0.130274 -0.263211 0.585957
0.141785 -0.259509 0.591807
0.132817 -0.260284 0.586312
0.140212 -0.254240 0.582448
0.140427 -0.254115 0.582271
0.127901 -0.261329 0.587430
0.135238 -0.250006 0.591638
0.137516 -0.251579 0.597147
0.143992 -0.242226 0.594354
0.144513 -0.253949 0.580568
0.133489 -0.250359 0.588898
0.139271 -0.248187 0.582933
0.147135 -0.253037 0.586814
0.140621 -0.253869 0.602436
0.131097 -0.252214 0.595448
0.145209 -0.255090 0.598902
0.134625 -0.261115 0.592349
0.132435 -0.267545 0.594718
0.145851 -0.248884 0.586979
0.142496 -0.259069 0.600793
0.146254 -0.248824 0.579172
0.146456 -0.244313 0.598656
0.146445 -0.253283 0.589795
0.145413 -0.250981 0.593753
0.140034 -0.243190 0.585817
0.141835 -0.256758 0.599507
0.150629 -0.245813 0.598339
0.133700 -0.240790 0.597399
0.141529 -0.253148 0.592755
0.144781 -0.251416 0.593125
0.126871 -0.253488 0.598641
0.145493 -0.254198 0.598995
0.148547 -0.256099 0.605569
0.130681 -0.260844 0.591836
0.127774 -0.259276 0.605254
0.149914 -0.252693 0.608586
0.143919 -0.256264 0.600207
0.141671 -0.248862 0.590236
0.148496 -0.256034 0.604883
0.133253 -0.255793 0.600717
0.147902 -0.260582 0.610751
0.145378 -0.256432 0.608547
0.143081 -0.246328 0.615679
0.147052 -0.256437 0.599682
0.145907 -0.251550 0.597735
0.138368 -0.249283 0.617309
0.126554 -0.248934 0.602458
0.146966 -0.248071 0.604537
0.136142 -0.261660 0.593469
0.149514 -0.254536 0.601967
0.140450 -0.261314 0.607529
0.149958 -0.246447 0.596799
0.150152 -0.257863 0.595208
0.134513 -0.259076 0.607134
0.135611 -0.262339 0.606079
0.153254 -0.257491 0.610940
0.142092 -0.237329 0.597252
0.148081 -0.260966 0.605573
0.140818 -0.234161 0.605035
0.129950 -0.245493 0.605061
0.139705 -0.253422 0.611161
0.140015 -0.251671 0.613384
0.146027 -0.255841 0.607047
0.134384 -0.249721 0.611739
0.143942 -0.250048 0.622608
0.141718 -0.248763 0.605752
0.133837 -0.255148 0.606140
0.144296 -0.261276 0.614321
0.125245 -0.259906 0.612346
0.138268 -0.264027 0.615499
0.145495 -0.249388 0.611360
0.135940 -0.260395 0.619553
0.147927 -0.256433 0.606048
0.140284 -0.249031 0.600361
0.139716 -0.240291 0.622074
0.141986 -0.250865 0.623975
0.132827 -0.258349 0.620501
0.134148 -0.251725 0.607029
0.142589 -0.248195 0.619212
0.138803 -0.243553 0.612896
0.132108 -0.259840 0.617287
0.131286 -0.253055 0.616369
0.128418 -0.262578 0.627979
0.136455 -0.254641 0.621302
0.136124 -0.248741 0.624946
0.132825 -0.258218 0.615479
0.128597 -0.244864 0.616924
0.123724 -0.258338 0.618114
0.137548 -0.258593 0.626470
0.137625 -0.245676 0.636678
0.152108 -0.245172 0.617129
0.132305 -0.251791 0.636904
0.138501 -0.246057 0.623857
0.137690 -0.248968 0.622564
0.138513 -0.246852 0.624749
0.139655 -0.243390 0.626492
0.133241 -0.255135 0.622769
0.133864 -0.255748 0.625000
0.127969 -0.262494 0.621631
0.134263 -0.260376 0.623747
0.141816 -0.246518 0.623850
0.135254 -0.257179 0.638148
0.127785 -0.252787 0.637060
0.125993 -0.245450 0.624210
0.132047 -0.255051 0.628944
0.131232 -0.253723 0.623727
0.135119 -0.248954 0.637923
0.137874 -0.261341 0.638245
0.136992 -0.256471 0.637100
0.137652 -0.256510 0.622942
0.126318 -0.236521 0.632968
0.120819 -0.254795 0.625917
0.125333 -0.252706 0.616838
0.129513 -0.244789 0.631346
0.124672 -0.246716 0.625248
0.119106 -0.261621 0.632217
0.128556 -0.253821 0.636769
0.130783 -0.250298 0.628922
0.123793 -0.245788 0.627794
0.123480 -0.255781 0.633288
0.118143 -0.261373 0.649995
0.129865 -0.257553 0.634590
0.127840 -0.255339 0.638924
0.119674 -0.255428 0.634992
0.120204 -0.267994 0.635899
0.124098 -0.250420 0.630074
0.124171 -0.251983 0.625686
0.108468 -0.250418 0.630830
0.127263 -0.240435 0.633310
0.117114 -0.249986 0.567242
0.114864 -0.242443 0.569392
0.126072 -0.253155 0.569199
0.127672 -0.257122 0.576503
0.121146 -0.247701 0.561083
0.125675 -0.242955 0.559655
0.113847 -0.252616 0.556939
0.119639 -0.250675 0.564671
0.132342 -0.256005 0.567457
0.121956 -0.241726 0.580798
0.127222 -0.239871 0.562745
0.116202 -0.257538 0.556751
0.120463 -0.251357 0.573431
0.130781 -0.247133 0.564296
0.122636 -0.249716 0.567978
0.128887 -0.247687 0.566764
0.116181 -0.256607 0.562838
0.138284 -0.252480 0.572169
0.137260 -0.247916 0.566093
0.127083 -0.256050 0.570624
0.135974 -0.246497 0.573752
0.133871 -0.237892 0.565666
0.130865 -0.245683 0.577300
0.115705 -0.253050 0.568918
0.124441 -0.244833 0.571839
0.128582 -0.259721 0.562942
0.125387 -0.247187 0.563934
0.119217 -0.258631 0.568066
0.142003 -0.234904 0.569101
0.137952 -0.241509 0.580073
0.131909 -0.257728 0.569815
0.121755 -0.248484 0.577793
0.121881 -0.250227 0.575270
0.141042 -0.241644 0.578714
0.129729 -0.252126 0.581526
0.130512 -0.250169 0.584063
0.135209 -0.258163 0.573326
0.138567 -0.251058 0.582472
0.142707 -0.253821 0.572890
0.134668 -0.257127 0.578591
0.134487 -0.245205 0.573138
0.130560 -0.238889 0.571880
0.132590 -0.254311 0.575749
0.130867 -0.250186 0.573772
0.134117 -0.247739 0.582637
0.139670 -0.254332 0.581241
0.136390 -0.250554 0.568956
0.141381 -0.250754 0.589964
0.141428 -0.256615 0.571931
0.144723 -0.255165 0.584713
0.136237 -0.237293 0.581531
0.147355 -0.241911 0.578730
0.136518 -0.240979 0.581987
0.133519 -0.242634 0.597905
0.138745 -0.241405 0.582011
0.147371 -0.251185 0.591488
0.142744 -0.250797 0.585420
0.136460 -0.256412 0.578161
0.139594 -0.255960 0.587649
0.143346 -0.246743 0.582531
0.140703 -0.249691 0.593944
0.135708 -0.251828 0.585087
0.139866 -0.254006 0.583196
0.146984 -0.253332 0.592956
0.153258 -0.241820 0.577079
0.145834 -0.246618 0.591677
0.131567 -0.244935 0.582346
0.149223 -0.243067 0.604652
0.139247 -0.258669 0.596107
0.146918 -0.251828 0.598453
0.145915 -0.257267 0.588654
0.139206 -0.250201 0.592397
0.137808 -0.250731 0.595266
0.141636 -0.251171 0.590383
0.141566 -0.261047 0.593661
0.136081 -0.248916 0.584353
0.147867 -0.248131 0.585569
0.143833 -0.254111 0.604979
0.145427 -0.254331 0.596018
0.142355 -0.242352 0.597313
0.145703 -0.256241 0.600431
0.155249 -0.245696 0.595942
0.143721 -0.255232 0.597795
0.136191 -0.249245 0.594849
0.137835 -0.246024 0.588739
0.142610 -0.257455 0.609159
0.154730 -0.244421 0.610060
0.146457 -0.246247 0.596618
0.137532 -0.248739 0.596450
0.140280 -0.245135 0.599391
0.133538 -0.250815 0.596066
0.141121 -0.256110 0.608339
0.154290 -0.256196 0.605523
0.146440 -0.255977 0.602732
0.151292 -0.244453 0.612331
0.135764 -0.254025 0.604846
0.144863 -0.249415 0.601256
0.140216 -0.253225 0.606762
0.126058 -0.239996 0.601370
0.133966 -0.246343 0.596583
0.144791 -0.252038 0.609035
0.147129 -0.241877 0.602994
0.140558 -0.249737 0.597953
0.145773 -0.248904 0.598877
0.149385 -0.241491 0.599500
0.145460 -0.242190 0.612924
0.136040 -0.258087 0.607670
0.138841 -0.249762 0.608223
0.144868 -0.253087 0.608346
0.159393 -0.250513 0.614211
0.143189 -0.248437 0.604792
0.144488 -0.250065 0.615641
0.153497 -0.248657 0.615778
0.134910 -0.249069 0.620992
0.140548 -0.253598 0.613395
0.139652 -0.251223 0.610393
0.152528 -0.255008 0.610624
0.137029 -0.242343 0.611898
0.148116 -0.248787 0.613901
0.131358 -0.242519 0.617754
0.142380 -0.250493 0.612474
0.132165 -0.244114 0.617053
0.137436 -0.253571 0.616598
0.138859 -0.239931 0.621006
0.135636 -0.256421 0.615407
0.133546 -0.249330 0.619706
0.142635 -0.247281 0.616603
0.142222 -0.255101 0.617738
0.143292 -0.248028 0.611040
0.131277 -0.259436 0.629949
0.128696 -0.250564 0.630598
0.144237 -0.241823 0.617034
0.141981 -0.231447 0.620253
0.139794 -0.251606 0.620834
0.139316 -0.241388 0.615949
0.128258 -0.249549 0.623018
0.145047 -0.245393 0.618470
0.139722 -0.243000 0.624360
0.134019 -0.245637 0.620933
0.124583 -0.241715 0.615736
0.133495 -0.251607 0.621866
0.133504 -0.258364 0.627432
0.135081 -0.249499 0.631105
0.141214 -0.241711 0.636173
0.137036 -0.258977 0.626746
0.134094 -0.249335 0.622265
0.128381 -0.244970 0.632081
0.126700 -0.246511 0.625638
0.130767 -0.245643 0.626730
0.129449 -0.249420 0.615433
0.128888 -0.252406 0.619388
0.133161 -0.248174 0.624516
0.130723 -0.245773 0.634840
0.126832 -0.247795 0.635055
0.130855 -0.254477 0.624577
0.128741 -0.256064 0.641596
0.126889 -0.247614 0.630959
0.133766 -0.252209 0.622405
0.139403 -0.250381 0.631234
0.130408 -0.242346 0.635490
0.135887 -0.244979 0.632138
0.130007 -0.254367 0.619927
0.126677 -0.256344 0.647413
0.137091 -0.242883 0.628913
0.139712 -0.260132 0.625289
0.122292 -0.255655 0.633652
0.127754 -0.238447 0.639155
0.133526 -0.247396 0.632596
0.121689 -0.258961 0.628565
0.123126 -0.245330 0.623965
0.116813 -0.248590 0.628084
0.126619 -0.252377 0.630157
0.116201 -0.250471 0.630581
0.120110 -0.253731 0.636351
0.124261 -0.260193 0.634538
0.125341 -0.243679 0.640471
0.123786 -0.256771 0.631418
0.127593 -0.254129 0.642456
0.129323 -0.256289 0.639199
0.120578 -0.237750 0.641834
0.118187 -0.244111 0.557688
0.120770 -0.245325 0.564341
0.123952 -0.251996 0.552582
0.120351 -0.251909 0.559761
0.135773 -0.239577 0.563182
0.114765 -0.254344 0.566667
0.130196 -0.248286 0.565586
0.125719 -0.240157 0.553773
0.125533 -0.244121 0.571042
0.127378 -0.253159 0.562148
0.116256 -0.245395 0.567080
0.128869 -0.252374 0.559384
0.135345 -0.245462 0.577006
0.129218 -0.255325 0.571671
0.134379 -0.249259 0.555604
0.131342 -0.247397 0.569135
0.111610 -0.243812 0.551289
0.122899 -0.241239 0.557172
0.117292 -0.249253 0.578330
0.138536 -0.250204 0.574782
0.132679 -0.244989 0.571251
0.125208 -0.241754 0.575828
0.146119 -0.241063 0.555088
0.123028 -0.244574 0.570559
0.119432 -0.247418 0.568348
0.130635 -0.247318 0.576379
0.140056 -0.242483 0.564557
0.126424 -0.250556 0.571252
0.129376 -0.248681 0.566428
0.137959 -0.241472 0.578068
0.132104 -0.243849 0.567255
0.126833 -0.249840 0.576616
0.132324 -0.253427 0.574055
0.136066 -0.245593 0.569892
0.134222 -0.249098 0.572334
0.133598 -0.242046 0.585638
0.143782 -0.242794 0.572690
0.132870 -0.248157 0.582411
0.118423 -0.245008 0.563957
0.135271 -0.238607 0.570858
0.121872 -0.238772 0.585773
0.138830 -0.239023 0.572341
0.143139 -0.236351 0.581418
0.138050 -0.238855 0.584793
0.132125 -0.238394 0.582896
0.137820 -0.238732 0.584410
0.141589 -0.249602 0.584291
0.130702 -0.247313 0.569567
0.127361 -0.243896 0.579673
0.138325 -0.243003 0.582706
0.132723 -0.246114 0.580647
0.135140 -0.247302 0.579303
0.134580 -0.248560 0.583355
0.151062 -0.251457 0.585528
0.130118 -0.237014 0.580850
0.139917 -0.238890 0.589232
0.130326 -0.243223 0.582400
0.143179 -0.245640 0.588642
0.141398 -0.247394 0.591750
0.130558 -0.249153 0.579419
0.139130 -0.249134 0.584732
0.137216 -0.249372 0.576225
0.140093 -0.244705 0.582982
0.136532 -0.250422 0.597107
0.141750 -0.244228 0.585704
0.137766 -0.251826 0.597236
0.130701 -0.244755 0.588317
0.139502 -0.255953 0.581530
0.147052 -0.250717 0.594696
0.145302 -0.243078 0.594472
0.134137 -0.249399 0.594459
0.133934 -0.236567 0.587514
0.141226 -0.252705 0.593553
0.137308 -0.248010 0.585014
0.148954 -0.256350 0.595041
0.143312 -0.243928 0.586700
0.148173 -0.240768 0.594272
0.143922 -0.247499 0.597665
0.137189 -0.243225 0.596737
0.133719 -0.262299 0.594088
0.141268 -0.239246 0.595631
0.139303 -0.254713 0.595251
0.138833 -0.253171 0.595553
0.148719 -0.245998 0.590476
0.144376 -0.253143 0.587801
0.145407 -0.249857 0.604445
0.144331 -0.251393 0.599576
0.150255 -0.247687 0.592390
0.138525 -0.251433 0.592168
0.134744 -0.244020 0.606408
0.140328 -0.241835 0.605698
0.152597 -0.247673 0.598649
0.145009 -0.245969 0.603055
0.150244 -0.249130 0.603039
0.136554 -0.247511 0.598197
0.137867 -0.247873 0.600054
0.144607 -0.241732 0.594275
0.148357 -0.259913 0.605209
0.146552 -0.250459 0.602845
0.137547 -0.241186 0.585681
0.136352 -0.258177 0.606339
0.149911 -0.239405 0.609710
0.143536 -0.251151 0.613504
0.145711 -0.251620 0.599008
0.138118 -0.240064 0.614681
0.151498 -0.251207 0.605506
0.150007 -0.245234 0.612739
0.133686 -0.248771 0.608547
0.139385 -0.249037 0.599334
0.151185 -0.245661 0.600893
0.147768 -0.246120 0.614440
0.140057 -0.251192 0.606095
0.143172 -0.241825 0.614085
0.144868 -0.239235 0.613373
0.146910 -0.239778 0.613917
0.140322 -0.248996 0.605452
0.131316 -0.238481 0.613093
0.137240 -0.236869 0.619496
0.140753 -0.240276 0.613024
0.142415 -0.235352 0.621019
0.138476 -0.242087 0.622252
0.139266 -0.248722 0.626918
0.138058 -0.254083 0.617047
0.153453 -0.242294 0.622499
0.126631 -0.249277 0.624565
0.137130 -0.237964 0.620724
0.141796 -0.235721 0.615345
0.136439 -0.245130 0.620162
0.128874 -0.238375 0.620681
0.137854 -0.242017 0.617387
0.145878 -0.245346 0.624542
0.133090 -0.247404 0.622881
0.132488 -0.249711 0.620755
0.144577 -0.241204 0.626914
0.139465 -0.240371 0.631154
0.138392 -0.243181 0.625833
0.125107 -0.246404 0.625249
0.141364 -0.247749 0.629001
0.132719 -0.246898 0.633648
0.128166 -0.246341 0.623050
0.135413 -0.249107 0.628209
0.129220 -0.253867 0.627566
0.128166 -0.243736 0.625184
0.130878 -0.248085 0.624832
0.137352 -0.249846 0.624527
0.125732 -0.247743 0.614640
0.133697 -0.248875 0.639037
0.141322 -0.247088 0.632522
0.134967 -0.253110 0.612647
0.139555 -0.243934 0.615805
0.136370 -0.240825 0.623781
0.136936 -0.256641 0.626919
0.132059 -0.241655 0.630976
0.132832 -0.243028 0.625019
0.140014 -0.248414 0.634055
0.130770 -0.247859 0.633156
0.133114 -0.238334 0.636437
0.126678 -0.243387 0.630959
0.124955 -0.252994 0.632219
0.126155 -0.254716 0.630462
0.130321 -0.245808 0.624137
0.125143 -0.238203 0.627072
0.126279 -0.232597 0.634099
0.124841 -0.258099 0.634172
0.119125 -0.246605 0.627427
0.117018 -0.236557 0.632288
0.132167 -0.242055 0.628841
0.126782 -0.248644 0.639303
0.128426 -0.248640 0.643763
0.128549 -0.243750 0.629408
0.127474 -0.255314 0.637167
0.119011 -0.245431 0.633016
0.125581 -0.244392 0.634613
0.123454 -0.255475 0.623837
0.130935 -0.243111 0.626626
0.134404 -0.250841 0.638837
0.125080 -0.245903 0.639688
0.113862 -0.246771 0.634774
0.122205 -0.248200 0.632703
0.116863 -0.241247 0.631718
0.123425 -0.241094 0.562607
0.124219 -0.239941 0.560252
0.124122 -0.231760 0.557276
0.120714 -0.247795 0.575872
0.114532 -0.243151 0.569803
0.118156 -0.244009 0.560228
0.115737 -0.243620 0.567734
0.121799 -0.242215 0.569150
0.131751 -0.250601 0.569009
0.121273 -0.254498 0.560964
0.129241 -0.241356 0.559347
0.135424 -0.240782 0.565811
0.122940 -0.240694 0.564203
0.133376 -0.241318 0.570521
0.125133 -0.252043 0.570308
0.121307 -0.243830 0.567385
0.123054 -0.237874 0.559245
0.137023 -0.246727 0.573880
0.136206 -0.248349 0.564050
0.134460 -0.242078 0.569277
0.118274 -0.253007 0.572333
0.138134 -0.247428 0.564303
0.131169 -0.240422 0.573174
0.127643 -0.254803 0.578870
0.127655 -0.235696 0.558652
0.133175 -0.246175 0.564413
0.137088 -0.235493 0.567755
0.135490 -0.249598 0.567932
0.130502 -0.245263 0.575795
0.125099 -0.237424 0.578124
0.131313 -0.250247 0.558582
0.132551 -0.247458 0.573738
0.126955 -0.243177 0.573149
0.133613 -0.241494 0.575643
0.139621 -0.247851 0.578585
0.135105 -0.245673 0.568783
0.143115 -0.241764 0.572040
0.135173 -0.243153 0.572412
0.126839 -0.242270 0.574960
0.133636 -0.237331 0.568551
0.129924 -0.242220 0.581704
0.139487 -0.238856 0.564128
0.139071 -0.240696 0.581654
0.132310 -0.240142 0.583976
0.146171 -0.241656 0.570579
0.137232 -0.239331 0.581944
0.148508 -0.244338 0.573302
0.133629 -0.239250 0.575025
0.131461 -0.248099 0.587385
0.139281 -0.245132 0.585698
0.142173 -0.248912 0.586037
0.139766 -0.255353 0.574528
0.140088 -0.240243 0.580313
0.132837 -0.241647 0.571625
0.142265 -0.244006 0.582773
0.135310 -0.238185 0.569585
0.134229 -0.239662 0.579697
0.148240 -0.240561 0.579816
0.146348 -0.243596 0.588293
0.136334 -0.246578 0.589546
0.140783 -0.247475 0.580617
0.144226 -0.232534 0.581353
0.144588 -0.260178 0.578595
0.144740 -0.233513 0.587673
0.144129 -0.241378 0.593766
0.134628 -0.239137 0.585700
0.139186 -0.242928 0.587538
0.136780 -0.244410 0.583632
0.150239 -0.238745 0.587273
0.151012 -0.235267 0.593101
0.138539 -0.241355 0.594089
0.150057 -0.243949 0.587828
0.155515 -0.234654 0.593527
0.136571 -0.239989 0.598790
0.146594 -0.237991 0.592907
0.148951 -0.246457 0.590528
0.139316 -0.246711 0.605186
0.132301 -0.241490 0.588256
0.135028 -0.242308 0.585285
0.141919 -0.229297 0.594399
0.145221 -0.247979 0.598407
0.133680 -0.241815 0.595257
0.155456 -0.243511 0.594299
0.139214 -0.250173 0.601496
0.151182 -0.245277 0.601623
0.140449 -0.240682 0.600609
0.134034 -0.247696 0.603939
0.131206 -0.243063 0.596790
0.137033 -0.242818 0.601168
0.145791 -0.258837 0.609854
0.139714 -0.236899 0.599584
0.139076 -0.243521 0.619772
0.151903 -0.245219 0.602650
0.149230 -0.239672 0.602287
0.141356 -0.249602 0.606773
0.149051 -0.229791 0.599492
0.146307 -0.243358 0.610789
0.141772 -0.247051 0.593618
0.146601 -0.242206 0.610983
0.138960 -0.227616 0.600491
0.145281 -0.240681 0.611852
0.141148 -0.248671 0.599796
0.146949 -0.242549 0.608271
0.137095 -0.242346 0.608000
0.145590 -0.251963 0.602573
0.152178 -0.245551 0.607162
0.139320 -0.252174 0.601700
0.143836 -0.247226 0.620804
0.132519 -0.254847 0.606776
0.134141 -0.234909 0.607056
0.144381 -0.251705 0.614061
0.144964 -0.235793 0.611858
0.144093 -0.242236 0.616560
0.138379 -0.239976 0.608072
0.144951 -0.244911 0.608062
0.136493 -0.234426 0.603085
0.131517 -0.239432 0.606930
0.137460 -0.246216 0.627056
0.136059 -0.247587 0.611515
0.141325 -0.240245 0.605500
0.142454 -0.231516 0.604083
0.143064 -0.238613 0.616205
0.138255 -0.257358 0.622940
0.137297 -0.244464 0.623566
0.125008 -0.243636 0.620236
0.143173 -0.239571 0.629356
0.140355 -0.237110 0.622213
0.129566 -0.247821 0.630538
0.136616 -0.243602 0.610593
0.135976 -0.251079 0.615291
0.141133 -0.248185 0.615701
0.145610 -0.240376 0.622927
0.143315 -0.246505 0.617927
0.124757 -0.238797 0.619462
0.136838 -0.249738 0.624857
0.140373 -0.242108 0.612034
0.131304 -0.243404 0.616973
0.138416 -0.237161 0.617888
0.134748 -0.247307 0.629029
0.140948 -0.227224 0.623304
0.129690 -0.240736 0.622282
0.136162 -0.235729 0.622380
0.139070 -0.255889 0.630851
0.135256 -0.244618 0.621913
0.142664 -0.246213 0.632933
0.130834 -0.242886 0.627866
0.145733 -0.241654 0.627562
0.132890 -0.244945 0.622907
0.143841 -0.234307 0.622817
0.133648 -0.250178 0.632981
0.136493 -0.242434 0.622877
0.136646 -0.239402 0.627025
0.136148 -0.251166 0.624881
0.125682 -0.242421 0.638846
0.131338 -0.236285 0.629010
0.128262 -0.237036 0.632807
0.138859 -0.237278 0.625024
0.114699 -0.242307 0.623184
0.121166 -0.252024 0.626737
0.128056 -0.243113 0.643190
0.121613 -0.243213 0.623792
0.122544 -0.242755 0.634099
0.120427 -0.236295 0.626334
0.133511 -0.243476 0.637674
0.130779 -0.244885 0.635425
0.118937 -0.250970 0.630735
0.134839 -0.247654 0.629590
0.136201 -0.242915 0.633492
0.119516 -0.242812 0.637351
0.125082 -0.238591 0.636062
0.131317 -0.238219 0.633583
0.129829 -0.232349 0.636496
0.116880 -0.242034 0.633761
0.139338 -0.238657 0.628587
0.122234 -0.234429 0.628519
0.119981 -0.243208 0.634854
0.118937 -0.242446 0.627527
0.118582 -0.246842 0.634429
0.119817 -0.243286 0.634385
0.118655 -0.241122 0.642105
0.126917 -0.246853 0.564565
0.126046 -0.241549 0.566129
0.120665 -0.237694 0.554440
0.125169 -0.242854 0.559420
0.121020 -0.234050 0.569750
0.124718 -0.234788 0.561916
0.116168 -0.251170 0.564440
0.123161 -0.239767 0.565308
0.131752 -0.245509 0.560541
0.136341 -0.235379 0.563660
0.113010 -0.245101 0.563596
0.125120 -0.238871 0.564681
0.132887 -0.247138 0.564636
0.122312 -0.235388 0.567698
0.131496 -0.239573 0.589458
0.131469 -0.244553 0.567232
0.125117 -0.235488 0.573417
0.130209 -0.241094 0.563936
0.137932 -0.233288 0.550724
0.129104 -0.245004 0.566400
0.139240 -0.246750 0.562768
0.144185 -0.242779 0.567969
0.136707 -0.242954 0.569978
0.131700 -0.231418 0.560442
0.125589 -0.240623 0.575973
0.127096 -0.237064 0.567800
0.128929 -0.232188 0.569834
0.149403 -0.237676 0.578373
0.136416 -0.249168 0.562748
0.135212 -0.246467 0.569079
0.130591 -0.245334 0.579845
0.137601 -0.238783 0.576496
0.127798 -0.234585 0.568412
0.142912 -0.243839 0.570577
0.140838 -0.235936 0.568571
0.137771 -0.239836 0.574809
0.138162 -0.236125 0.581223
0.137638 -0.237857 0.574913
0.144011 -0.244491 0.587403
0.148412 -0.226794 0.575523
0.148229 -0.232906 0.583211
0.155643 -0.238599 0.580643
0.128610 -0.253111 0.579368
0.139002 -0.235534 0.579891
0.124730 -0.237518 0.585230
0.146369 -0.245465 0.573562
0.132997 -0.243622 0.569604
0.133280 -0.230292 0.573391
0.126380 -0.241479 0.577134
0.141902 -0.244293 0.579515
0.132991 -0.245686 0.583260
0.138982 -0.240171 0.584590
0.133493 -0.239735 0.583153
0.145764 -0.251228 0.580254
0.141555 -0.243334 0.583367
0.143175 -0.236983 0.572905
0.131992 -0.256835 0.587654
0.140697 -0.231774 0.584501
0.132731 -0.233420 0.576713
0.139767 -0.241117 0.589787
0.145432 -0.242420 0.581173
0.139822 -0.243349 0.591774
0.142558 -0.231472 0.602240
0.135227 -0.243488 0.589883
0.143012 -0.241947 0.577138
0.156056 -0.239355 0.580908
0.126401 -0.231414 0.590418
0.141027 -0.246129 0.588282
0.138779 -0.254940 0.605534
0.143900 -0.241941 0.584026
0.137703 -0.225232 0.592729
0.133400 -0.234497 0.593834
0.144748 -0.240678 0.590284
0.142955 -0.241155 0.583257
0.135690 -0.239837 0.582595
0.141014 -0.241818 0.597198
0.142886 -0.241699 0.591459
0.144595 -0.234218 0.587246
0.132773 -0.244411 0.580250
0.137357 -0.234857 0.600663
0.151473 -0.239495 0.596164
0.138644 -0.243062 0.597457
0.147786 -0.237303 0.583924
0.145303 -0.239889 0.593108
0.143185 -0.234477 0.598033
0.137964 -0.219629 0.593839
0.145175 -0.232305 0.592938
0.145705 -0.245080 0.597039
0.137788 -0.229284 0.590809
0.145509 -0.239728 0.587635
0.152879 -0.243393 0.598547
0.143688 -0.245441 0.595933
0.142136 -0.245277 0.601715
0.150010 -0.246095 0.592032
0.141515 -0.237529 0.606164
0.135653 -0.254209 0.607921
0.146557 -0.230818 0.597265
0.145611 -0.233873 0.592485
0.148540 -0.231322 0.607594
0.145362 -0.235484 0.603009
0.133362 -0.245548 0.603999
0.136858 -0.233780 0.603099
0.141229 -0.250648 0.608446
0.137585 -0.230869 0.596162
0.143706 -0.242415 0.604851
0.151922 -0.234194 0.602396
0.149975 -0.243898 0.612811
0.131016 -0.241913 0.606757
0.139388 -0.249542 0.597576
0.141160 -0.236315 0.609683
0.139098 -0.249030 0.608344
0.137680 -0.244289 0.611517
0.141947 -0.237546 0.609391
0.135767 -0.241147 0.609541
0.130767 -0.242061 0.601898
0.128627 -0.244921 0.608485
0.144510 -0.241838 0.616001
0.148838 -0.239259 0.615573
0.135858 -0.235050 0.614112
0.140235 -0.246754 0.608609
0.135629 -0.239361 0.621241
0.130400 -0.242183 0.613295
0.152975 -0.241194 0.612387
0.143585 -0.246658 0.619315
0.128860 -0.227860 0.616248
0.136143 -0.247896 0.616066
0.139005 -0.244393 0.624584
0.136328 -0.239442 0.619593
0.146257 -0.242290 0.618764
0.139647 -0.236304 0.607787
0.144574 -0.240706 0.614922
0.137271 -0.251498 0.615101
0.138356 -0.231796 0.619663
0.139376 -0.241708 0.625774
0.134366 -0.237170 0.619032
0.130711 -0.245890 0.617606
0.143234 -0.220761 0.620706
0.131592 -0.236717 0.625282
0.132584 -0.228368 0.628042
0.141182 -0.239488 0.624008
0.141109 -0.248222 0.618815
0.135528 -0.248641 0.633944
0.130980 -0.242417 0.626438
0.143494 -0.240091 0.620290
0.128543 -0.238436 0.621821
0.148098 -0.232277 0.606685
0.127968 -0.237712 0.639983
0.121122 -0.242490 0.633716
0.128766 -0.239404 0.623869
0.136639 -0.246427 0.627393
0.123558 -0.233969 0.631266
0.131745 -0.239610 0.628175
0.129418 -0.238890 0.630584
0.130886 -0.243399 0.626311
0.128210 -0.237107 0.630042
0.142456 -0.240871 0.629928
0.126496 -0.239225 0.627163
0.124765 -0.238863 0.639731
0.124372 -0.243740 0.630294
0.130726 -0.232032 0.626985
0.127997 -0.244623 0.625934
0.125598 -0.246576 0.634171
0.134345 -0.243014 0.627571
0.135565 -0.241233 0.641000
0.109855 -0.240959 0.626285
0.123623 -0.235139 0.639188
0.125388 -0.234366 0.626285
0.127663 -0.240918 0.623106
0.131052 -0.244023 0.636213
0.120653 -0.238934 0.637603
0.124836 -0.242842 0.637857
0.125728 -0.242488 0.634790
0.123573 -0.241999 0.640234
0.134093 -0.243009 0.634406
0.117621 -0.247921 0.642203
0.118824 -0.237893 0.627547
0.118601 -0.237089 0.638789
0.123414 -0.237479 0.637505
0.127599 -0.229739 0.639840
0.120483 -0.246093 0.633792
0.119209 -0.227933 0.553810
0.116799 -0.242757 0.568533
0.117823 -0.247598 0.551255
0.124244 -0.246408 0.570407
0.129164 -0.243443 0.562012
0.123304 -0.245630 0.556884
0.119756 -0.236925 0.566180
0.112677 -0.235287 0.564105
0.122743 -0.239504 0.571236
0.134099 -0.239492 0.564331
0.115598 -0.239169 0.569770
0.124913 -0.234604 0.565301
0.126529 -0.232712 0.570897
0.114695 -0.237953 0.549220
0.126903 -0.239877 0.563474
0.136595 -0.234422 0.574168
0.131413 -0.226424 0.566267
0.126537 -0.237060 0.582772
0.125831 -0.236335 0.576676
0.134364 -0.239458 0.579239
0.132082 -0.227793 0.572756
0.134231 -0.240926 0.577978
0.125714 -0.236009 0.576340
0.128235 -0.235754 0.570218
0.131558 -0.232929 0.561536
0.127816 -0.224078 0.559163
0.127478 -0.231680 0.560203
0.126463 -0.241292 0.581021
0.126751 -0.232678 0.568210
0.132352 -0.243268 0.563538
0.129799 -0.244728 0.571686
0.133636 -0.234018 0.582291
0.141749 -0.243096 0.569016
0.143682 -0.236802 0.571587
0.140271 -0.240224 0.579897
0.132331 -0.228708 0.573821
0.139355 -0.230122 0.584789
0.129946 -0.238778 0.566997
0.124672 -0.239459 0.576865
0.142808 -0.238972 0.587784
0.136655 -0.231191 0.575194
0.128283 -0.226977 0.575402
0.142763 -0.238704 0.581081
0.135388 -0.238571 0.577084
0.140687 -0.243747 0.572555
0.142737 -0.240914 0.579920
0.128978 -0.237815 0.585833
0.137803 -0.235280 0.577302
0.138112 -0.247241 0.570275
0.140188 -0.247166 0.588349
0.143030 -0.243800 0.567836
0.123604 -0.234739 0.580801
0.146433 -0.233772 0.591166
0.143808 -0.242286 0.581143
0.133669 -0.238514 0.579598
0.137530 -0.228480 0.579825
0.131935 -0.240433 0.580728
0.135799 -0.237652 0.581479
0.146172 -0.231143 0.579966
0.145595 -0.228194 0.585059
0.134815 -0.233961 0.585042
0.142087 -0.242930 0.598591
0.139060 -0.233358 0.582924
0.141354 -0.250278 0.579183
0.125755 -0.230559 0.579161
0.131409 -0.229696 0.585051
0.139928 -0.229990 0.591450
0.142965 -0.232481 0.577312
0.148996 -0.228417 0.600601
0.128791 -0.241481 0.586625
0.151745 -0.232961 0.601157
0.144346 -0.240185 0.583212
0.138328 -0.227927 0.586392
0.131174 -0.234628 0.600235
0.156583 -0.228801 0.598319
0.131325 -0.238577 0.590713
0.142945 -0.241906 0.598227
0.149721 -0.235668 0.592199
0.143391 -0.234057 0.599192
0.137126 -0.227664 0.595113
0.141299 -0.232215 0.591183
0.147655 -0.223478 0.598490
0.143658 -0.239259 0.605332
0.149259 -0.245504 0.602685
0.138439 -0.243514 0.596846
0.138466 -0.229483 0.590180
0.134709 -0.242178 0.597401
0.146015 -0.243035 0.594380
0.133037 -0.237693 0.593072
0.155501 -0.224941 0.594109
0.143279 -0.233998 0.596917
0.140088 -0.232686 0.599057
0.140612 -0.236716 0.608596
0.140834 -0.234208 0.603110
0.146669 -0.237700 0.599222
0.138219 -0.235105 0.603510
0.140775 -0.235196 0.617367
0.147012 -0.247539 0.611486
0.143099 -0.242623 0.612234
0.141712 -0.230416 0.600983
0.148473 -0.238212 0.610903
0.146983 -0.243432 0.607860
0.144820 -0.236878 0.595455
0.143606 -0.238441 0.613807
0.135451 -0.230628 0.607943
0.157007 -0.242571 0.613347
0.138447 -0.242219 0.614555
0.145177 -0.230233 0.598930
0.134263 -0.232989 0.603996
0.149277 -0.226500 0.608817
0.141460 -0.236318 0.608339
0.140935 -0.237869 0.613147
0.139035 -0.239598 0.609260
0.137230 -0.236954 0.614774
0.153103 -0.246243 0.603749
0.140212 -0.236281 0.612224
0.151707 -0.247425 0.612037
0.132683 -0.238286 0.616529
0.131497 -0.230328 0.608835
0.133705 -0.246346 0.610182
0.135370 -0.231500 0.605475
0.140924 -0.231423 0.613800
0.144075 -0.240629 0.618260
0.137274 -0.223517 0.614532
0.137288 -0.234048 0.613520
0.137710 -0.234440 0.622401
0.135108 -0.236106 0.616578
0.142660 -0.231542 0.620479
0.139858 -0.225718 0.613273
0.147867 -0.233239 0.609755
0.138598 -0.244953 0.618659
0.125418 -0.232089 0.615105
0.147270 -0.240807 0.620611
0.128978 -0.237230 0.620985
0.139921 -0.221628 0.631049
0.141346 -0.238391 0.619910
0.134570 -0.241530 0.626101
0.135853 -0.233206 0.621048
0.138199 -0.225780 0.625107
0.141298 -0.241370 0.622578
0.133240 -0.233220 0.625712
0.131251 -0.234067 0.625156
0.125681 -0.236284 0.632008
0.129517 -0.229492 0.629530
0.135641 -0.233319 0.620972
0.138596 -0.244479 0.619493
0.137320 -0.242539 0.638704
0.135835 -0.230452 0.632895
0.131171 -0.235707 0.630338
0.133274 -0.226380 0.634104
0.134259 -0.228206 0.628733
0.137301 -0.234823 0.627074
0.126663 -0.240129 0.629325
0.134487 -0.248665 0.626865
0.135006 -0.236888 0.623013
0.125045 -0.225879 0.620390
0.128738 -0.231060 0.618293
0.134393 -0.245375 0.636652
0.145966 -0.243572 0.630529
0.131812 -0.239491 0.634554
0.124966 -0.239467 0.626711
0.128557 -0.233236 0.637773
0.127836 -0.242518 0.629356
0.125007 -0.238452 0.636069
0.126867 -0.235563 0.633176
0.126757 -0.238983 0.637540
0.126352 -0.236847 0.626723
0.122243 -0.239803 0.637130
0.115515 -0.231867 0.634719
0.121329 -0.241398 0.637301
0.126460 -0.248192 0.630391
0.119260 -0.236742 0.631000
0.127100 -0.239444 0.633444
0.131378 -0.237758 0.632390
0.123738 -0.244113 0.626062
0.122896 -0.239893 0.627303
0.128163 -0.232293 0.637439
0.118957 -0.237625 0.632883
0.126859 -0.245072 0.638197
0.121366 -0.243249 0.640523
0.119216 -0.221891 0.570240
0.121350 -0.235362 0.559358
0.117784 -0.231214 0.555106
0.128358 -0.228917 0.563161
0.127449 -0.219322 0.566011
0.133682 -0.234869 0.560864
0.129790 -0.244602 0.570533
0.124185 -0.235991 0.565571
0.125265 -0.225624 0.570392
0.126206 -0.234433 0.559964
0.126596 -0.248560 0.571722
0.125792 -0.243081 0.569615
0.120858 -0.235905 0.555813
0.122088 -0.232152 0.566332
0.128701 -0.237497 0.570517
0.118448 -0.236549 0.551540
0.125845 -0.236440 0.566571
0.131466 -0.225306 0.560983
0.126956 -0.244940 0.579335
0.136561 -0.230396 0.575983
0.134290 -0.236978 0.573391
0.136565 -0.228308 0.568929
0.127588 -0.218875 0.571441
0.133548 -0.241524 0.574265
0.132100 -0.238280 0.578262
0.130945 -0.229220 0.573649
0.127104 -0.231373 0.579554
0.124999 -0.239330 0.566147
0.136406 -0.235884 0.573753
0.139140 -0.239866 0.581202
0.132779 -0.234166 0.581917
0.135663 -0.241008 0.572766
0.128603 -0.231522 0.570686
0.131503 -0.227365 0.563737
0.135527 -0.234521 0.576231
0.119910 -0.238845 0.572243
0.144347 -0.240655 0.568345
0.133572 -0.231213 0.571817
0.135521 -0.242933 0.586039
0.133252 -0.232351 0.592529
0.132187 -0.240562 0.570796
0.145858 -0.234252 0.572452
0.135881 -0.233402 0.583614
0.140685 -0.230846 0.580899
0.131783 -0.240663 0.580866
0.140030 -0.232077 0.580589
0.140914 -0.239944 0.577264
0.132165 -0.244259 0.582932
0.136232 -0.230653 0.583965
0.132404 -0.224055 0.582436
0.144106 -0.222935 0.578201
0.134572 -0.232024 0.588164
0.145333 -0.244922 0.590567
0.136013 -0.230163 0.574454
0.133593 -0.230911 0.572144
0.143932 -0.236342 0.584967
0.140166 -0.236434 0.591645
0.153512 -0.229325 0.573931
0.140377 -0.234464 0.590151
0.140191 -0.220250 0.589312
0.143584 -0.235167 0.580284
0.139650 -0.231891 0.588964
0.141526 -0.234789 0.586857
0.137698 -0.239047 0.581827
0.143580 -0.228756 0.586207
0.139946 -0.229832 0.587165
0.159754 -0.232338 0.585344
0.130171 -0.231848 0.595090
0.140824 -0.225662 0.585863
0.140677 -0.234221 0.585395
0.132503 -0.238826 0.578976
0.146063 -0.234138 0.590250
0.138166 -0.227399 0.586281
0.151819 -0.226599 0.587651
0.140600 -0.229334 0.599843
0.137136 -0.236103 0.607854
0.147488 -0.227730 0.604916
0.144721 -0.235847 0.583433
0.147287 -0.239909 0.598323
0.130331 -0.235955 0.594684
0.134729 -0.236390 0.590295
0.143069 -0.240664 0.594208
0.150581 -0.224704 0.607618
0.144868 -0.235552 0.598743
0.146674 -0.231430 0.605968
0.138496 -0.234352 0.588645
0.139939 -0.225669 0.598575
0.146970 -0.230543 0.604543
0.137481 -0.229900 0.603332
0.149444 -0.224743 0.596769
0.133911 -0.236961 0.608190
0.136534 -0.241368 0.592880
0.134680 -0.228785 0.596638
0.138717 -0.226251 0.607355
0.147730 -0.237701 0.592016
0.144524 -0.222577 0.600597
0.140746 -0.252598 0.613624
0.141141 -0.243556 0.603370
0.138717 -0.229342 0.617139
0.137407 -0.232176 0.602406
0.138193 -0.230348 0.614493
0.144756 -0.235669 0.608812
0.143466 -0.228218 0.602884
0.142798 -0.223225 0.606800
0.147752 -0.233172 0.607600
0.137348 -0.216011 0.614854
0.148794 -0.226163 0.602035
0.137062 -0.234197 0.598554
0.136087 -0.228130 0.596317
0.135996 -0.233734 0.609029
0.141065 -0.237713 0.615535
0.126955 -0.230632 0.601474
0.136655 -0.233574 0.620697
0.135409 -0.241825 0.617373
0.140244 -0.233052 0.615369
0.146630 -0.232168 0.599797
0.139220 -0.232998 0.605993
0.134151 -0.229292 0.614898
0.134703 -0.229739 0.614707
0.132213 -0.234771 0.606469
0.134615 -0.231312 0.607472
0.132139 -0.230856 0.609237
0.137809 -0.234637 0.614790
0.141554 -0.235724 0.611563
0.136295 -0.226120 0.622288
0.138557 -0.225715 0.621414
0.132229 -0.224017 0.634447
0.140658 -0.242852 0.627080
0.141927 -0.233753 0.606275
0.137417 -0.234915 0.617050
0.135282 -0.227325 0.616862
0.140184 -0.244574 0.613892
0.137311 -0.238469 0.620508
0.136821 -0.231963 0.618735
0.140719 -0.241285 0.618754
0.145811 -0.235600 0.630818
0.138484 -0.234522 0.622562
0.145740 -0.234976 0.615759
0.138876 -0.228760 0.628018
0.126431 -0.230685 0.623697
0.133830 -0.235930 0.626510
0.134624 -0.233374 0.636119
0.135085 -0.240064 0.618963
0.129864 -0.242806 0.631420
0.145314 -0.236910 0.630743
0.129322 -0.237249 0.615155
0.133167 -0.225725 0.633659
0.136388 -0.234743 0.633702
0.143363 -0.237731 0.628461
0.132289 -0.236985 0.620181
0.127280 -0.232450 0.629164
0.132801 -0.225421 0.623868
0.124069 -0.240196 0.630755
0.128062 -0.243008 0.634302
0.139363 -0.232024 0.632976
0.122238 -0.241593 0.630451
0.131529 -0.234266 0.628097
0.126149 -0.224453 0.625044
0.128765 -0.226874 0.624410
0.130071 -0.233796 0.634582
0.114171 -0.234889 0.626502
0.135023 -0.233444 0.628173
0.133421 -0.229270 0.637982
0.134230 -0.228491 0.628775
0.129140 -0.231329 0.634698
0.128998 -0.232553 0.630337
0.126151 -0.238997 0.627775
0.130534 -0.235026 0.634024
0.122568 -0.242904 0.631369
0.135092 -0.233732 0.629982
0.129158 -0.236016 0.630688
0.115213 -0.243411 0.637150
0.125012 -0.232887 0.639091
0.121018 -0.233002 0.630010
0.118189 -0.237612 0.641295
0.127179 -0.239163 0.633847
0.123238 -0.237956 0.640077
0.117375 -0.235138 0.634271
0.110581 -0.243639 0.631355
0.128337 -0.229648 0.639488
0.117470 -0.232582 0.563433
0.123264 -0.238906 0.559146
0.117462 -0.221916 0.560393
0.117581 -0.224900 0.561272
0.128488 -0.235592 0.575481
0.122822 -0.228966 0.563015
0.123444 -0.229681 0.562742
0.131582 -0.243326 0.557725
0.122299 -0.230596 0.573932
0.128262 -0.229803 0.560762
0.137135 -0.224573 0.581188
0.116811 -0.219447 0.565594
0.121040 -0.229007 0.567217
0.124676 -0.238473 0.564721
0.119245 -0.229234 0.558960
0.128641 -0.232246 0.573175
0.122975 -0.237919 0.559307
0.129638 -0.206157 0.559765
0.124641 -0.220586 0.572275
0.136361 -0.228029 0.571560
0.129369 -0.236586 0.570227
0.123537 -0.226176 0.552891
0.117203 -0.230923 0.570035
0.140980 -0.235075 0.573514
0.119316 -0.215978 0.554359
0.139489 -0.232538 0.559338
0.127217 -0.225159 0.569637
0.125795 -0.229485 0.570758
0.136625 -0.226487 0.568292
0.126771 -0.230374 0.570536
0.133295 -0.236820 0.572589
0.127090 -0.227272 0.573828
0.130843 -0.240136 0.579372
0.127523 -0.233520 0.572490
0.135410 -0.233919 0.570269
0.124688 -0.224355 0.570866
0.130755 -0.243118 0.570696
0.139156 -0.224248 0.568426
0.134529 -0.226795 0.566526
0.132200 -0.226311 0.582113
0.126080 -0.237179 0.582922
0.132616 -0.228384 0.569373
0.142313 -0.228207 0.585271
0.129897 -0.233839 0.569859
0.128363 -0.238622 0.578501
0.130298 -0.231024 0.573506
0.138025 -0.226004 0.582887
0.141347 -0.231824 0.582753
0.134804 -0.235845 0.571507
0.136351 -0.229287 0.589306
0.134056 -0.221991 0.570610
0.136672 -0.216671 0.578489
0.132098 -0.236832 0.594431
0.145282 -0.233971 0.578777
0.123072 -0.231696 0.591351
0.126627 -0.224064 0.586272
0.148013 -0.233706 0.584665
0.146962 -0.227435 0.587879
0.137146 -0.231433 0.580599
0.139962 -0.230098 0.583069
0.126574 -0.238826 0.584655
0.146652 -0.235633 0.582356
0.139511 -0.224455 0.596057
0.141621 -0.230241 0.581696
0.142446 -0.232036 0.587902
0.134880 -0.223731 0.585005
0.131103 -0.230502 0.581240
0.143732 -0.222282 0.591707
0.139719 -0.235261 0.585998
0.153619 -0.223828 0.583347
0.135285 -0.227901 0.590593
0.141812 -0.226360 0.584070
0.136484 -0.223953 0.593029
0.139989 -0.230536 0.595523
0.143436 -0.233965 0.585162
0.146497 -0.237212 0.604932
0.134899 -0.233609 0.599685
0.150589 -0.229473 0.577671
0.141236 -0.242455 0.591136
0.147134 -0.225122 0.595416
0.143599 -0.226128 0.592798
0.139925 -0.222627 0.598576
0.149492 -0.227425 0.598496
0.147255 -0.225549 0.606959
0.145898 -0.232658 0.594825
0.136676 -0.228458 0.593465
0.134532 -0.225964 0.607032
0.132806 -0.224036 0.599955
0.136254 -0.233978 0.598012
0.156166 -0.228414 0.609154
0.138811 -0.223466 0.605021
0.138366 -0.233300 0.603602
0.132923 -0.229988 0.593388
0.142406 -0.227272 0.605813
0.144756 -0.230943 0.598946
0.137230 -0.233458 0.600100
0.139201 -0.228761 0.599078
0.132736 -0.225799 0.599114
0.132197 -0.235381 0.602056
0.140800 -0.228606 0.616103
0.134183 -0.220224 0.606105
0.140098 -0.243317 0.603856
0.145842 -0.236192 0.596902
0.133993 -0.228864 0.606758
0.151320 -0.232798 0.611841
0.134307 -0.231257 0.614082
0.139807 -0.226778 0.600330
0.135788 -0.233201 0.601657
0.138535 -0.221126 0.607561
0.142747 -0.220494 0.609612
0.140258 -0.232799 0.616695
0.146528 -0.217508 0.622932
0.131992 -0.225193 0.623739
0.142822 -0.228735 0.604667
0.147686 -0.235765 0.613131
0.138682 -0.226890 0.609970
0.138019 -0.223447 0.612828
0.145889 -0.233666 0.622449
0.143409 -0.222283 0.618677
0.130628 -0.245137 0.620844
0.137003 -0.232115 0.609878
0.136352 -0.227891 0.620681
0.137743 -0.242859 0.619375
0.141081 -0.233436 0.608454
0.131039 -0.222220 0.612993
0.146125 -0.231246 0.622424
0.133115 -0.237351 0.616388
0.128025 -0.237820 0.620857
0.147655 -0.228674 0.608560
0.131857 -0.228691 0.618088
0.152236 -0.218380 0.617601
0.150219 -0.235468 0.614130
0.145992 -0.236040 0.616913
0.146783 -0.232219 0.628957
0.141188 -0.232250 0.625080
0.143485 -0.224688 0.616552
0.142131 -0.243835 0.620147
0.136397 -0.224058 0.630721
0.127667 -0.233159 0.622025
0.132626 -0.227567 0.627085
0.139351 -0.231893 0.642929
0.127932 -0.231027 0.633480
0.139704 -0.224924 0.632214
0.133408 -0.228981 0.631884
0.144132 -0.237299 0.622379
0.134149 -0.224000 0.618526
0.139545 -0.233565 0.630960
0.135114 -0.220448 0.620610
0.136721 -0.231149 0.622968
0.138659 -0.235272 0.632021
0.126343 -0.236608 0.632095
0.145227 -0.226676 0.622536
0.133872 -0.231380 0.624542
0.132756 -0.226351 0.633804
0.124904 -0.219773 0.627439
0.121037 -0.234767 0.630285
0.125170 -0.228493 0.624400
0.136115 -0.228710 0.628583
0.135439 -0.235485 0.629508
0.132666 -0.227585 0.631121
0.134012 -0.233007 0.630982
0.123069 -0.230281 0.624392
0.120899 -0.229988 0.625549
0.132143 -0.224077 0.635528
0.131713 -0.226823 0.623265
0.120141 -0.227947 0.626154
0.122306 -0.230155 0.634851
0.116528 -0.229770 0.638439
0.127892 -0.220894 0.630799
0.132914 -0.216903 0.638236
0.130853 -0.223794 0.621157
0.120255 -0.223338 0.626868
0.125851 -0.226595 0.642415
0.122849 -0.224659 0.634981
0.132731 -0.233732 0.632139
0.125191 -0.219853 0.637152
0.122181 -0.233655 0.642175
0.117791 -0.231408 0.634430
0.128199 -0.235059 0.631324
0.122287 -0.229686 0.627734
0.115742 -0.230431 0.563241
0.116433 -0.214742 0.564880
0.129175 -0.224598 0.564973
0.126748 -0.228637 0.552887
0.125406 -0.231055 0.571934
0.117754 -0.225646 0.564500
0.120197 -0.228854 0.563547
0.125095 -0.225006 0.565187
0.124367 -0.239906 0.573481
0.128960 -0.234120 0.560446
0.112434 -0.244267 0.562985
0.135677 -0.225602 0.567429
0.126537 -0.222959 0.566191
0.121535 -0.230012 0.570884
0.124517 -0.237919 0.570400
0.128672 -0.218387 0.568068
0.127775 -0.227069 0.563003
0.129717 -0.229523 0.561881
0.127821 -0.225849 0.570593
0.132845 -0.213270 0.567133
0.137259 -0.226389 0.569847
0.134406 -0.231544 0.568969
0.134015 -0.235100 0.564133
0.127533 -0.226605 0.574746
0.122860 -0.218086 0.574688
0.134547 -0.238251 0.572791
0.126558 -0.222045 0.570627
0.128979 -0.231983 0.570137
0.135919 -0.236288 0.567396
0.130681 -0.227667 0.569455
0.133683 -0.226014 0.560053
0.138963 -0.235012 0.580047
0.137797 -0.237048 0.574073
0.141646 -0.218130 0.574932
0.129142 -0.219193 0.565218
0.125123 -0.221792 0.567352
0.137700 -0.232872 0.571254
0.141654 -0.226889 0.579314
0.133840 -0.229163 0.571722
0.129709 -0.224024 0.578999
0.145539 -0.224690 0.575152
0.138822 -0.217742 0.568495
0.146100 -0.231279 0.572731
0.151793 -0.219836 0.574725
0.141767 -0.218232 0.582547
0.143458 -0.224222 0.581975
0.130260 -0.232560 0.580438
0.129289 -0.222355 0.579227
0.144683 -0.221023 0.577703
0.121655 -0.235067 0.580609
0.150331 -0.226283 0.584560
0.138131 -0.242372 0.585125
0.136969 -0.235407 0.586120
0.138387 -0.208685 0.569070
0.134068 -0.226089 0.580551
0.142991 -0.221043 0.586190
0.139677 -0.230549 0.584865
0.144838 -0.225652 0.571638
0.149775 -0.229350 0.589989
0.136851 -0.219877 0.583204
0.148971 -0.218515 0.581776
0.122673 -0.224280 0.580184
0.146238 -0.224093 0.584348
0.134808 -0.231462 0.595871
0.146437 -0.227656 0.589477
0.146315 -0.227465 0.577170
0.150907 -0.228291 0.584816
0.141238 -0.232087 0.582471
0.142546 -0.230599 0.592039
0.143762 -0.214447 0.588367
0.142014 -0.229567 0.597629
0.144525 -0.223993 0.602322
0.143448 -0.224655 0.583592
0.131332 -0.229360 0.592562
0.135351 -0.232014 0.596997
0.138602 -0.229779 0.590895
0.135522 -0.221085 0.602033
0.148423 -0.217015 0.582098
0.147696 -0.227037 0.602728
0.138456 -0.221328 0.605680
0.146140 -0.225351 0.594585
0.145745 -0.227214 0.589103
0.146414 -0.216041 0.599027
0.149241 -0.218653 0.597436
0.142435 -0.230808 0.599091
0.145898 -0.231579 0.596454
0.149240 -0.229923 0.603154
0.145163 -0.227790 0.604563
0.146646 -0.226281 0.600301
0.145317 -0.222945 0.602834
0.147225 -0.228911 0.609543
0.142355 -0.226983 0.609061
0.148961 -0.237063 0.601696
0.147542 -0.222649 0.592194
0.138693 -0.230554 0.606478
0.148097 -0.223739 0.603005
0.137996 -0.219477 0.590492
0.146071 -0.222298 0.606041
0.142731 -0.225064 0.608695
0.138724 -0.221534 0.605187
0.143205 -0.241906 0.597650
0.141194 -0.229939 0.611557
0.133501 -0.218760 0.611418
0.143664 -0.228945 0.600065
0.134975 -0.230339 0.607456
0.146166 -0.221780 0.614488
0.148210 -0.230205 0.605303
0.148394 -0.230868 0.615115
0.142182 -0.234287 0.612159
0.143113 -0.230851 0.595627
0.143332 -0.223356 0.615412
0.144070 -0.230289 0.600949
0.140641 -0.220210 0.610850
0.133964 -0.236059 0.596135
0.142280 -0.223314 0.599399
0.137324 -0.217527 0.600075
0.149782 -0.219050 0.618510
0.143696 -0.222952 0.617674
0.150472 -0.232611 0.603733
0.128514 -0.224605 0.620940
0.135925 -0.223411 0.616557
0.147070 -0.221547 0.618271
0.135898 -0.228242 0.621538
0.140700 -0.218074 0.612892
0.145226 -0.227086 0.619609
0.128988 -0.221882 0.612134
0.146174 -0.220847 0.614214
0.147707 -0.216915 0.628922
0.146109 -0.228061 0.627657
0.131111 -0.227789 0.621502
0.128742 -0.218656 0.623674
0.137359 -0.238615 0.616387
0.142700 -0.221963 0.615427
0.129888 -0.225709 0.614275
0.127680 -0.217243 0.621660
0.139285 -0.227397 0.627758
0.142606 -0.226877 0.619865
0.134139 -0.220562 0.623673
0.129151 -0.217992 0.623440
0.138981 -0.217427 0.626740
0.140632 -0.226443 0.627702
0.140854 -0.223581 0.623998
0.134151 -0.227561 0.626422
0.132006 -0.222637 0.622591
0.140498 -0.225273 0.621867
0.136819 -0.232432 0.643902
0.129829 -0.226823 0.634826
0.130313 -0.231458 0.621058
0.139990 -0.232717 0.637237
0.136630 -0.226780 0.634322
0.132615 -0.227718 0.620476
0.123773 -0.224648 0.616288
0.122609 -0.235279 0.628180
0.123218 -0.227396 0.643780
0.131120 -0.215985 0.629975
0.124013 -0.229825 0.625443
0.132706 -0.222509 0.630683
0.127351 -0.231264 0.627503
0.124041 -0.231347 0.644991
0.134232 -0.232892 0.630678
0.130532 -0.226945 0.626861
0.130259 -0.225938 0.634088
0.134409 -0.230003 0.632682
0.124522 -0.231871 0.628642
0.128225 -0.230111 0.626480
0.122272 -0.225866 0.640954
0.133921 -0.236048 0.631036
0.129360 -0.229118 0.632303
0.119977 -0.225704 0.632728
0.120033 -0.223530 0.639971
0.127644 -0.233379 0.635746
0.129013 -0.219996 0.641577
0.129566 -0.227656 0.637803
0.127732 -0.225881 0.636995
0.117138 -0.224760 0.632721
0.121906 -0.216454 0.636940
0.124206 -0.230258 0.627103
0.114801 -0.228530 0.634783
0.110864 -0.230524 0.636387
0.116244 -0.228802 0.637311
0.128266 -0.221221 0.571988
0.113345 -0.215580 0.562220
0.127789 -0.211452 0.569167
0.124882 -0.213743 0.560980
0.128969 -0.220853 0.566378
0.119687 -0.221162 0.566550
0.123566 -0.221162 0.556479
0.129633 -0.224602 0.566406
0.120771 -0.225186 0.561441
0.132316 -0.227994 0.561118
0.124268 -0.230309 0.559794
0.126928 -0.221420 0.570571
0.128719 -0.228266 0.560266
0.132561 -0.236065 0.567623
0.130856 -0.216228 0.575083
0.133584 -0.211855 0.556675
0.125875 -0.221115 0.554305
0.123486 -0.216207 0.564094
0.134304 -0.219339 0.575385
0.133668 -0.219884 0.572771
0.123989 -0.213140 0.567736
0.124773 -0.220321 0.561239
0.142228 -0.208939 0.576919
0.124855 -0.220221 0.571961
0.127651 -0.224581 0.573387
0.128231 -0.222982 0.571406
0.124096 -0.224668 0.569114
0.141631 -0.221798 0.574513
0.133816 -0.222611 0.572957
0.132087 -0.235029 0.573054
0.129386 -0.224320 0.567536
0.127968 -0.222524 0.570848
0.134006 -0.221199 0.573913
0.134661 -0.226098 0.573055
0.138041 -0.223621 0.578240
0.134975 -0.216542 0.569390
0.136552 -0.217571 0.571013
0.136079 -0.220531 0.575234
0.140949 -0.220528 0.574949
0.140692 -0.220376 0.593449
0.126700 -0.221664 0.576854
0.136179 -0.234550 0.578018
0.133043 -0.218544 0.571344
0.146664 -0.223105 0.575270
0.138612 -0.231493 0.572360
0.140391 -0.224822 0.579359
0.123763 -0.231179 0.569099
0.146981 -0.224180 0.587079
0.135702 -0.217144 0.576623
0.134714 -0.224248 0.580717
0.125716 -0.223553 0.574950
0.133713 -0.225229 0.578587
0.137543 -0.217183 0.588018
0.148519 -0.227432 0.581269
0.136653 -0.226084 0.586081
0.143142 -0.223927 0.583941
0.146432 -0.224009 0.590157
0.139469 -0.220243 0.595215
0.136544 -0.220760 0.592276
0.140857 -0.214938 0.600536
0.148725 -0.222999 0.581281
0.141818 -0.225831 0.582014
0.145092 -0.218671 0.577312
0.137885 -0.228621 0.591394
0.143362 -0.216946 0.587861
0.144371 -0.218371 0.588221
0.146638 -0.233155 0.594969
0.133607 -0.224696 0.590827
0.142373 -0.230781 0.589998
0.128617 -0.224156 0.587353
0.150468 -0.224643 0.586139
0.137426 -0.227962 0.590869
0.142910 -0.213421 0.583783
0.145167 -0.231298 0.590122
0.148440 -0.215832 0.597393
0.138568 -0.217342 0.601817
0.133882 -0.226200 0.593926
0.143617 -0.221041 0.592722
0.138351 -0.219791 0.590124
0.141325 -0.220102 0.597616
0.147579 -0.217398 0.599624
0.151494 -0.230651 0.597303
0.143857 -0.224048 0.596569
0.144911 -0.224692 0.609152
0.154582 -0.225424 0.603820
0.147863 -0.221179 0.597127
0.145973 -0.221615 0.595585
0.148157 -0.221531 0.605832
0.135316 -0.227168 0.581324
0.140470 -0.229414 0.603516
0.148786 -0.222103 0.605905
0.138677 -0.230017 0.609164
0.148642 -0.218413 0.599544
0.148789 -0.219119 0.617537
0.127006 -0.229949 0.607550
0.147098 -0.220822 0.601934
0.138762 -0.213041 0.610228
0.144637 -0.220284 0.614058
0.136672 -0.229555 0.603817
0.136400 -0.217570 0.609189
0.146755 -0.224113 0.601987
0.144852 -0.235119 0.596825
0.136239 -0.231064 0.606435
0.135332 -0.218939 0.606202
0.132212 -0.237531 0.618283
0.143690 -0.220432 0.604755
0.135928 -0.215082 0.601148
0.139116 -0.223056 0.603374
0.138218 -0.226276 0.606119
0.150512 -0.222797 0.615432
0.135986 -0.226398 0.606254
0.131675 -0.223079 0.601993
0.133933 -0.223146 0.612696
0.136050 -0.222249 0.618533
0.149286 -0.217693 0.610085
0.148129 -0.224794 0.610606
0.146154 -0.220856 0.615911
0.135324 -0.224663 0.615321
0.143284 -0.219702 0.603312
0.153380 -0.218229 0.609503
0.146897 -0.223732 0.612629
0.149526 -0.229581 0.609380
0.134388 -0.226372 0.635264
0.136719 -0.228904 0.617389
0.143701 -0.215352 0.611710
0.150771 -0.221752 0.612173
0.134239 -0.219948 0.617892
0.136111 -0.221913 0.632250
0.147132 -0.225767 0.614461
0.144240 -0.229175 0.608112
0.132202 -0.230838 0.610598
0.136203 -0.227789 0.617786
0.139487 -0.226229 0.611511
0.131493 -0.217960 0.614175
0.130019 -0.220544 0.615479
0.130937 -0.221562 0.620722
0.132974 -0.225546 0.628426
0.138083 -0.227226 0.619870
0.145382 -0.224374 0.624971
0.137443 -0.226023 0.624334
0.129670 -0.224540 0.630723
0.134131 -0.213708 0.625432
0.137956 -0.222145 0.619337
0.141006 -0.214390 0.626888
0.134356 -0.224327 0.628454
0.140438 -0.217429 0.627455
0.133867 -0.222012 0.625334
0.126975 -0.210732 0.621749
0.127377 -0.214331 0.629992
0.136005 -0.226063 0.627305
0.137084 -0.206294 0.630988
0.132923 -0.218883 0.628430
0.127072 -0.233614 0.631483
0.122679 -0.215775 0.625619
0.128179 -0.230236 0.622609
0.126565 -0.221373 0.626341
0.129093 -0.226532 0.632611
0.131988 -0.220498 0.623759
0.124496 -0.231200 0.634424
0.113049 -0.214246 0.628704
0.124579 -0.222299 0.629243
0.125949 -0.221088 0.634726
0.124615 -0.213761 0.623653
0.132521 -0.221817 0.625725
0.132182 -0.215451 0.622776
0.130220 -0.223908 0.633908
0.116257 -0.219639 0.639906
0.127599 -0.227397 0.631128
0.127441 -0.224507 0.625316
0.118031 -0.232257 0.634000
0.135737 -0.215357 0.632685
0.123084 -0.217699 0.638463
0.131488 -0.220653 0.632327
0.127076 -0.212741 0.636639
0.135526 -0.228456 0.633487
0.124161 -0.223823 0.641132
0.124286 -0.219216 0.644905
0.114831 -0.224869 0.648101
0.119525 -0.229572 0.631363
0.114168 -0.224120 0.638176
0.123080 -0.215308 0.562090
0.126376 -0.213179 0.554886
0.115974 -0.217049 0.556472
0.128794 -0.223451 0.559986
0.123584 -0.205895 0.557268
0.122886 -0.224357 0.567700
0.122688 -0.220263 0.567311
0.122546 -0.219706 0.567933
0.124145 -0.221429 0.559853
0.127288 -0.219118 0.564556
0.121384 -0.222804 0.559886
0.136148 -0.216155 0.578019
0.115657 -0.229425 0.568048
0.125240 -0.222690 0.562960
0.125196 -0.235335 0.581563
0.125135 -0.221125 0.572933
0.126500 -0.217841 0.571903
0.132625 -0.216532 0.574667
0.135165 -0.218775 0.571903
0.125939 -0.214593 0.561285
0.121153 -0.223940 0.572469
0.126424 -0.221239 0.577341
0.140137 -0.206172 0.576967
0.134823 -0.215936 0.564330
0.132159 -0.219680 0.577483
0.134841 -0.224588 0.569755
0.135172 -0.217997 0.568184
0.137338 -0.230347 0.575505
0.127305 -0.228085 0.570339
0.139383 -0.228810 0.571551
0.132790 -0.222190 0.570417
0.132319 -0.218358 0.581931
0.116950 -0.218074 0.578887
0.123151 -0.215848 0.579733
0.131485 -0.218110 0.570806
0.126773 -0.222882 0.570637
0.140046 -0.223442 0.579093
0.140076 -0.212522 0.575801
0.138100 -0.224323 0.569885
0.144859 -0.213224 0.570295
0.130459 -0.209381 0.578586
0.142936 -0.210654 0.576355
0.141668 -0.226542 0.577447
0.141215 -0.211299 0.578170
0.139920 -0.224561 0.584029
0.129131 -0.221684 0.578067
0.131627 -0.223211 0.577479
0.143100 -0.215841 0.581824
0.139803 -0.217286 0.574534
0.135877 -0.220956 0.585144
0.139952 -0.216354 0.574098
0.147724 -0.223444 0.575635
0.138684 -0.218060 0.580750
0.147422 -0.222993 0.579500
0.130918 -0.211955 0.580632
0.136645 -0.230608 0.578144
0.135992 -0.217513 0.589088
0.145969 -0.224245 0.585372
0.148597 -0.215960 0.589584
0.147497 -0.216326 0.585844
0.155213 -0.228231 0.587246
0.144423 -0.218636 0.586510
0.138384 -0.212722 0.576269
0.134062 -0.227653 0.583186
0.137633 -0.217257 0.593670
0.136075 -0.219180 0.600668
0.145845 -0.228852 0.593203
0.141880 -0.219030 0.591383
0.146497 -0.217574 0.595730
0.143767 -0.213973 0.593622
0.136576 -0.228215 0.601977
0.136697 -0.225827 0.597384
0.148590 -0.220426 0.599365
0.138844 -0.221636 0.583988
0.154331 -0.218632 0.596992
0.132686 -0.216357 0.582466
0.138355 -0.215206 0.602354
0.152109 -0.219400 0.586499
0.144875 -0.221833 0.599164
0.145607 -0.208654 0.599188
0.141973 -0.216305 0.594074
0.140082 -0.222591 0.594895
0.139172 -0.218905 0.587874
0.140054 -0.215683 0.592583
0.136737 -0.208514 0.594566
0.153331 -0.219694 0.601159
0.148143 -0.223094 0.593944
0.143380 -0.219635 0.603672
0.140042 -0.223233 0.601030
0.138429 -0.224800 0.601851
0.140457 -0.227303 0.605739
0.141429 -0.232789 0.596436
0.148697 -0.219410 0.597422
0.143974 -0.223474 0.599808
0.144891 -0.225215 0.613238
0.127032 -0.228800 0.608229
0.144536 -0.208253 0.607316
0.149297 -0.215386 0.602819
0.131784 -0.221131 0.607055
0.143993 -0.224926 0.610658
0.139916 -0.225339 0.605886
0.141996 -0.226459 0.600157
0.143290 -0.208871 0.591579
0.127791 -0.223692 0.604274
0.146896 -0.229165 0.609023
0.144042 -0.214043 0.604188
0.137152 -0.220821 0.605289
0.138867 -0.222350 0.613259
0.140335 -0.220488 0.613087
0.140157 -0.217903 0.601195
0.142202 -0.218990 0.606750
0.138328 -0.224193 0.617974
0.140650 -0.223403 0.607641
0.135620 -0.218003 0.612754
0.136298 -0.223673 0.613908
0.134117 -0.210717 0.613534
0.137517 -0.217942 0.602426
0.143823 -0.222977 0.619317
0.145608 -0.224084 0.622819
0.138463 -0.221093 0.620882
0.145759 -0.223129 0.616164
0.136389 -0.224898 0.611547
0.141988 -0.230118 0.617370
0.134735 -0.221137 0.623675
0.141839 -0.221700 0.627369
0.129681 -0.219265 0.622883
0.130977 -0.216743 0.616241
0.148254 -0.214389 0.621449
0.129482 -0.221171 0.628423
0.142884 -0.223765 0.617802
0.127320 -0.218859 0.613551
0.129176 -0.225507 0.624472
0.128234 -0.236376 0.632945
0.134428 -0.222368 0.613845
0.143729 -0.215605 0.625621
0.139433 -0.214300 0.624104
0.135321 -0.213623 0.623426
0.132889 -0.217560 0.611000
0.136709 -0.223662 0.613947
0.139012 -0.207845 0.630743
0.138933 -0.224233 0.615304
0.132998 -0.223718 0.625488
0.145035 -0.214708 0.626683
0.136811 -0.228711 0.629254
0.135325 -0.223962 0.624947
0.132718 -0.216003 0.622855
0.140351 -0.219323 0.623304
0.141710 -0.220527 0.626592
0.126742 -0.212547 0.626802
0.136015 -0.221233 0.629025
0.124780 -0.222276 0.620136
0.130167 -0.215167 0.625052
0.131242 -0.218431 0.638384
0.136215 -0.229313 0.636802
0.120970 -0.228455 0.630395
0.139939 -0.224411 0.622274
0.128292 -0.218743 0.637860
0.130319 -0.222040 0.627648
0.130295 -0.216888 0.624536
0.127984 -0.215333 0.643986
0.131572 -0.233025 0.627637
0.130779 -0.221826 0.638438
0.126421 -0.216594 0.634655
0.124880 -0.222903 0.629946
0.120708 -0.219538 0.628303
0.126835 -0.226173 0.642279
0.129572 -0.211570 0.629248
0.123866 -0.216885 0.635418
0.127540 -0.214954 0.636646
0.132131 -0.222898 0.639953
0.103965 -0.217830 0.632769
0.121591 -0.219871 0.633971
0.126365 -0.225796 0.631268
0.125910 -0.222846 0.632604
0.126369 -0.218564 0.632086
0.118187 -0.216575 0.640189
0.126117 -0.216690 0.634254
0.117163 -0.220187 0.635247
0.117831 -0.218354 0.653560
0.118113 -0.221869 0.640859
0.116795 -0.218951 0.560450
0.121137 -0.211623 0.566411
0.113475 -0.218376 0.557624
0.124212 -0.219401 0.570111
0.134182 -0.218277 0.565159
0.127714 -0.220546 0.555633
0.126398 -0.214675 0.553450
0.123441 -0.219593 0.560974
0.124460 -0.225172 0.556775
0.132022 -0.212924 0.564793
0.125699 -0.214833 0.565802
0.139335 -0.220031 0.569471
0.119126 -0.212920 0.576609
0.125971 -0.221112 0.557024
0.133309 -0.220628 0.568193
0.131250 -0.222097 0.567638
0.135479 -0.221448 0.565898
0.128077 -0.226017 0.565399
0.133601 -0.204536 0.562777
0.129069 -0.214313 0.566952
0.125499 -0.217671 0.566405
0.124545 -0.217816 0.568560
0.116428 -0.215619 0.568555
0.130558 -0.228187 0.581723
0.130571 -0.225951 0.576779
0.134596 -0.219605 0.578068
0.134489 -0.222298 0.567244
0.134029 -0.206657 0.568941
0.140203 -0.215343 0.567664
0.140102 -0.221670 0.571189
0.120028 -0.218313 0.577523
0.125432 -0.225435 0.582316
0.137035 -0.220734 0.573054
0.144931 -0.223346 0.579693
0.137068 -0.214165 0.573800
0.138781 -0.221793 0.575237
0.142559 -0.217272 0.576015
0.140060 -0.226093 0.563026
0.143297 -0.214387 0.578880
0.132715 -0.215892 0.581084
0.135087 -0.219618 0.571418
0.126839 -0.230848 0.574688
0.133350 -0.201642 0.573789
0.129503 -0.205144 0.573560
0.134529 -0.210463 0.584428
0.142944 -0.212260 0.573328
0.133339 -0.218971 0.583171
0.135977 -0.209660 0.581485
0.139855 -0.229272 0.581430
0.131944 -0.210654 0.579937
0.142762 -0.211970 0.578100
0.134378 -0.209529 0.589908
0.134119 -0.225518 0.587542
0.130472 -0.216149 0.570376
0.145802 -0.213582 0.580901
0.132135 -0.232609 0.583213
0.143741 -0.214507 0.576337
0.144306 -0.213813 0.575152
0.129847 -0.221716 0.592483
0.136468 -0.205303 0.593153
0.130386 -0.217346 0.606074
0.140633 -0.211501 0.588788
0.139193 -0.220206 0.588778
0.143614 -0.212158 0.592671
0.134505 -0.221410 0.592617
0.142224 -0.227358 0.582642
0.155666 -0.218006 0.587247
0.143628 -0.212984 0.580994
0.137362 -0.206555 0.583956
0.142045 -0.207230 0.589667
0.141334 -0.221363 0.586169
0.148722 -0.212408 0.592851
0.139029 -0.206015 0.602417
0.143064 -0.220972 0.585660
0.155878 -0.200317 0.588783
0.143461 -0.228118 0.588286
0.153905 -0.211200 0.598726
0.140392 -0.222219 0.592221
0.149246 -0.213615 0.598569
0.146463 -0.220454 0.595847
0.137039 -0.222425 0.598534
0.134596 -0.206937 0.597396
0.134450 -0.219527 0.589954
0.148391 -0.212576 0.597377
0.152762 -0.215723 0.596065
0.137143 -0.223296 0.600389
0.147696 -0.216547 0.600302
0.143136 -0.205672 0.600372
0.149822 -0.217107 0.594370
0.133335 -0.222666 0.602471
0.136611 -0.209535 0.598011
0.131347 -0.215165 0.597825
0.153892 -0.212077 0.595189
0.143040 -0.224886 0.592396
0.141992 -0.213098 0.599235
0.149363 -0.227307 0.606109
0.143868 -0.225307 0.605844
0.140467 -0.209141 0.594277
0.146345 -0.218036 0.613439
0.157756 -0.218588 0.603033
0.141580 -0.216804 0.611260
0.138730 -0.220913 0.605326
0.141966 -0.207638 0.602872
0.138284 -0.212839 0.609783
0.135695 -0.218557 0.598818
0.146289 -0.221437 0.603444
0.139073 -0.222011 0.608268
0.146716 -0.214792 0.621253
0.142152 -0.226628 0.608685
0.137545 -0.210846 0.608090
0.143193 -0.224933 0.605587
0.141780 -0.218569 0.610452
0.150615 -0.224032 0.603531
0.148599 -0.215191 0.607151
0.142888 -0.210903 0.607434
0.146026 -0.217359 0.620810
0.127121 -0.205176 0.612247
0.147300 -0.219979 0.616372
0.146763 -0.215771 0.611452
0.135597 -0.220647 0.619137
0.134030 -0.212069 0.615068
0.138250 -0.220496 0.612480
0.127270 -0.212597 0.612976
0.146632 -0.221031 0.611300
0.138690 -0.218747 0.609711
0.126566 -0.221477 0.613288
0.142791 -0.211914 0.611383
0.143061 -0.222554 0.613840
0.135581 -0.221741 0.622964
0.147302 -0.222516 0.621225
0.137694 -0.213423 0.615920
0.145093 -0.212344 0.623089
0.149779 -0.220471 0.619971
0.141390 -0.210080 0.621244
0.140931 -0.207434 0.620103
0.135165 -0.215807 0.606833
0.139926 -0.212947 0.633997
0.127864 -0.214355 0.625041
0.140116 -0.223428 0.604356
0.135895 -0.214685 0.624891
0.131249 -0.221285 0.623088
0.129386 -0.221966 0.625735
0.138075 -0.222921 0.613512
0.128309 -0.212160 0.623006
0.138294 -0.212580 0.632285
0.131763 -0.215567 0.630898
0.130958 -0.222156 0.632710
0.142333 -0.221475 0.629681
0.135648 -0.214941 0.624580
0.127607 -0.223409 0.633117
0.132286 -0.212823 0.616754
0.137901 -0.210548 0.629792
0.144056 -0.215005 0.629367
0.125648 -0.220154 0.631602
0.132903 -0.209289 0.625568
0.133597 -0.221833 0.628393
0.126465 -0.229702 0.634503
0.124380 -0.221678 0.631005
0.122499 -0.222086 0.614997
0.128959 -0.212595 0.628064
0.135308 -0.207640 0.635166
0.126445 -0.212115 0.635791
0.128802 -0.209724 0.634387
0.120381 -0.217974 0.632648
0.119828 -0.225094 0.632823
0.129718 -0.222612 0.635709
0.120587 -0.223869 0.638351
0.126873 -0.227469 0.623432
0.125992 -0.221883 0.628335
0.116724 -0.218218 0.647602
0.114878 -0.206674 0.628729
0.117017 -0.211517 0.632839
0.122159 -0.209907 0.646528
0.125719 -0.223116 0.628308
0.122305 -0.210678 0.637594
0.124214 -0.210005 0.622064
0.127446 -0.216282 0.635699
0.124228 -0.218460 0.629424
0.109263 -0.214646 0.628868
0.120336 -0.226918 0.636215
0.123788 -0.215561 0.565320
0.116930 -0.216184 0.564313
0.121873 -0.210324 0.564238
0.128231 -0.203216 0.567706
0.128624 -0.210817 0.557864
0.128466 -0.207747 0.557852
0.122758 -0.222236 0.566704
0.133152 -0.211998 0.560833
0.131132 -0.209768 0.566555
0.129977 -0.214254 0.572171
0.112777 -0.209756 0.561006
0.128035 -0.217681 0.556422
0.129236 -0.221067 0.551874
0.125090 -0.205111 0.577417
0.136108 -0.224471 0.566705
0.121314 -0.211877 0.555862
0.131379 -0.211910 0.575372
0.135290 -0.212477 0.558290
0.131798 -0.217074 0.568580
0.135813 -0.224687 0.566901
0.123066 -0.211767 0.571664
0.131367 -0.210611 0.564429
0.126156 -0.213648 0.570807
0.129403 -0.218771 0.567986
0.131438 -0.220020 0.564710
0.133730 -0.199396 0.571664
0.124412 -0.203526 0.574364
0.125286 -0.211356 0.573916
0.138065 -0.218684 0.578203
0.129801 -0.211371 0.564880
0.139909 -0.211745 0.567291
0.135394 -0.208766 0.578724
0.138177 -0.224426 0.566789
0.132882 -0.212070 0.566198
0.140077 -0.210390 0.563233
0.126479 -0.206090 0.563394
0.146728 -0.203330 0.567223
0.136839 -0.207017 0.566719
0.123108 -0.204236 0.573935
0.124486 -0.206884 0.582290
0.137582 -0.214039 0.570192
0.124987 -0.208994 0.579423
0.126529 -0.219304 0.571792
0.132709 -0.214395 0.585979
0.136163 -0.207107 0.578155
0.142029 -0.214625 0.583679
0.131810 -0.224217 0.584903
0.128751 -0.220714 0.588010
0.134748 -0.213254 0.581066
0.140133 -0.207627 0.578245
0.131530 -0.207760 0.579555
0.134393 -0.209822 0.585055
0.139015 -0.226419 0.593868
0.137613 -0.222316 0.585039
0.146162 -0.206518 0.584566
0.141313 -0.224533 0.566024
0.146226 -0.212231 0.584390
0.129271 -0.203457 0.579691
0.143885 -0.222328 0.570784
0.140393 -0.210548 0.577445
0.154129 -0.216930 0.593372
0.146352 -0.222372 0.588339
0.134498 -0.212255 0.585263
0.145968 -0.217927 0.589926
0.144776 -0.206527 0.582152
0.144675 -0.208773 0.594147
0.126175 -0.225084 0.575997
0.137201 -0.221316 0.585655
0.138945 -0.207168 0.594353
0.137536 -0.214595 0.578492
0.137000 -0.214892 0.586569
0.152723 -0.228989 0.586511
0.140774 -0.208502 0.592842
0.130625 -0.219630 0.594091
0.141797 -0.206883 0.595116
0.139910 -0.215766 0.596470
0.137048 -0.215276 0.599589
0.138766 -0.210830 0.577470
0.136599 -0.213582 0.596880
0.140546 -0.213271 0.588975
0.141089 -0.208933 0.588868
0.133244 -0.207540 0.606150
0.150209 -0.217564 0.594030
0.139211 -0.210177 0.601027
0.137417 -0.209743 0.599045
0.150830 -0.214379 0.599296
0.131317 -0.216034 0.601628
0.134320 -0.218443 0.597984
0.139925 -0.219053 0.595381
0.145246 -0.204890 0.604856
0.143880 -0.205160 0.590583
0.148959 -0.212804 0.599788
0.138221 -0.213401 0.603558
0.138093 -0.219023 0.603933
0.151314 -0.206394 0.608599
0.138057 -0.216222 0.600018
0.153485 -0.216026 0.609992
0.146934 -0.218372 0.606156
0.150275 -0.209031 0.605575
0.148656 -0.221611 0.601466
0.142273 -0.208722 0.612551
0.138250 -0.212754 0.612909
0.148885 -0.216801 0.600475
0.139643 -0.210921 0.592003
0.150238 -0.214368 0.613228
0.150544 -0.215611 0.598634
0.131334 -0.203160 0.603987
0.141170 -0.221409 0.605281
0.142939 -0.210038 0.608778
0.135000 -0.214511 0.607669
0.148339 -0.216781 0.602344
0.143369 -0.218683 0.618215
0.148702 -0.215458 0.608427
0.144615 -0.222993 0.617581
0.148511 -0.211731 0.612388
0.136583 -0.218289 0.614642
0.142170 -0.216609 0.618906
0.137969 -0.207202 0.607354
0.142014 -0.209291 0.619784
0.138096 -0.212790 0.615029
0.146411 -0.218355 0.613459
0.128834 -0.203144 0.616386
0.137335 -0.213724 0.620335
0.137258 -0.211410 0.607478
0.131361 -0.206008 0.616880
0.129060 -0.212439 0.621706
0.147937 -0.217767 0.618537
0.133456 -0.223276 0.611924
0.137775 -0.216325 0.616790
0.134821 -0.211876 0.632259
0.141049 -0.207029 0.631111
0.129060 -0.220468 0.614778
0.129392 -0.206577 0.612943
0.132920 -0.207319 0.615479
0.138289 -0.208101 0.617043
0.143671 -0.209062 0.624056
0.135414 -0.218836 0.633590
0.132627 -0.214569 0.621670
0.134808 -0.209560 0.618137
0.135345 -0.207172 0.616772
0.135054 -0.220568 0.622751
0.136371 -0.218034 0.635411
0.126134 -0.205965 0.623484
0.136289 -0.218924 0.628479
0.136645 -0.222869 0.624224
0.132389 -0.207916 0.618258
0.137924 -0.211027 0.635220
0.125173 -0.207163 0.610226
0.125006 -0.214970 0.619801
0.137008 -0.216098 0.627652
0.131908 -0.208861 0.623255
0.138011 -0.214208 0.630517
0.135225 -0.209926 0.623600
0.127888 -0.216555 0.630131
0.132109 -0.226050 0.616603
0.135144 -0.219908 0.632088
0.125398 -0.210703 0.631353
0.123468 -0.206003 0.637198
0.132779 -0.223943 0.625993
0.132040 -0.207362 0.625843
0.113328 -0.219186 0.635119
0.123524 -0.204357 0.629526
0.137768 -0.219912 0.631536
0.132205 -0.218367 0.652847
0.134653 -0.215547 0.635401
0.124867 -0.214234 0.640695
0.127677 -0.202841 0.632753
0.131456 -0.209274 0.640526
0.123805 -0.210261 0.636211
0.116620 -0.208030 0.635905
0.120205 -0.208778 0.639966
0.122037 -0.210037 0.643022
0.126309 -0.212567 0.633867
0.118096 -0.206722 0.634348
0.117783 -0.230436 0.635343
0.118876 -0.214358 0.635707
0.121054 -0.210538 0.641843
0.119403 -0.211176 0.632953
0.126354 -0.214412 0.634913
0.122979 -0.212924 0.633140
0.122627 -0.205488 0.562707
0.118193 -0.202607 0.563812
0.116952 -0.215151 0.562362
0.129279 -0.202363 0.568078
0.115675 -0.211886 0.571977
0.128242 -0.208166 0.569300
0.122167 -0.207414 0.567719
0.119426 -0.203502 0.562913
0.128641 -0.215348 0.574039
0.138246 -0.212748 0.569901
0.119974 -0.198251 0.558155
0.123922 -0.212526 0.576538
0.120082 -0.207359 0.573079
0.128450 -0.212216 0.568696
0.124015 -0.205630 0.570609
0.128739 -0.204010 0.564934
0.125975 -0.208100 0.571063
0.125439 -0.206182 0.571780
0.128859 -0.210476 0.565594
0.136601 -0.214038 0.578406
0.127226 -0.218438 0.573011
0.130405 -0.212364 0.568563
0.128484 -0.205659 0.562790
0.124127 -0.202471 0.573242
0.129350 -0.200740 0.567406
0.143269 -0.213949 0.572561
0.132621 -0.200800 0.574938
0.134608 -0.205722 0.577387
0.138225 -0.213133 0.568986
0.133776 -0.218973 0.562340
0.134398 -0.207206 0.570507
0.128192 -0.214989 0.574169
0.143389 -0.211845 0.575842
0.132863 -0.211291 0.578438
0.124439 -0.213038 0.576076
0.134626 -0.219173 0.584841
0.148644 -0.213346 0.580555
0.137426 -0.209095 0.567469
0.139127 -0.207571 0.570299
0.141052 -0.213352 0.582855
0.136326 -0.212200 0.589009
0.144271 -0.205397 0.571762
0.133805 -0.206236 0.574408
0.132476 -0.206964 0.579749
0.128908 -0.204640 0.578627
0.149133 -0.209830 0.578082
0.132825 -0.205852 0.577272
0.138009 -0.203236 0.588032
0.139128 -0.211170 0.579364
0.131682 -0.201488 0.584368
0.130314 -0.216683 0.577190
0.147710 -0.217904 0.580917
0.139351 -0.215995 0.580096
0.147683 -0.202703 0.573791
0.141258 -0.209662 0.589401
0.131792 -0.209142 0.587366
0.132636 -0.209919 0.583345
0.141876 -0.213236 0.599687
0.143488 -0.215959 0.579902
0.133236 -0.209041 0.585447
0.144291 -0.207766 0.581542
0.137439 -0.206120 0.590497
0.132627 -0.212607 0.591441
0.136712 -0.208903 0.581905
0.147361 -0.211449 0.584765
0.143528 -0.210380 0.589750
0.148390 -0.209444 0.589195
0.150286 -0.210183 0.588049
0.146894 -0.216579 0.596826
0.140693 -0.213195 0.587520
0.137347 -0.205124 0.587069
0.129341 -0.213365 0.594985
0.140238 -0.213382 0.584968
0.148499 -0.213027 0.595338
0.129791 -0.211384 0.586967
0.140145 -0.208796 0.590167
0.144156 -0.202982 0.593819
0.135040 -0.203851 0.589573
0.141936 -0.203286 0.594914
0.141194 -0.210922 0.587421
0.139647 -0.217005 0.597788
0.139446 -0.209703 0.601956
0.147110 -0.207834 0.601191
0.146584 -0.209647 0.600519
0.150634 -0.211179 0.598762
0.132959 -0.214619 0.598403
0.139933 -0.208220 0.596539
0.141372 -0.209921 0.595041
0.146479 -0.213901 0.599509
0.150009 -0.208843 0.596085
0.139414 -0.206217 0.604233
0.138328 -0.213321 0.612609
0.137461 -0.200573 0.602376
0.138656 -0.211044 0.599612
0.140307 -0.207353 0.592091
0.148707 -0.206884 0.597928
0.133029 -0.199552 0.593691
0.144129 -0.206293 0.596503
0.149400 -0.218858 0.593579
0.134654 -0.214636 0.612952
0.134797 -0.198350 0.606222
0.148053 -0.206555 0.601114
0.140178 -0.206915 0.608640
0.153831 -0.215134 0.598528
0.134430 -0.217621 0.605984
0.143656 -0.198001 0.608215
0.137888 -0.208853 0.620065
0.138444 -0.214939 0.611453
0.145771 -0.205263 0.612794
0.147359 -0.198630 0.620687
0.147453 -0.207294 0.605190
0.137382 -0.217850 0.607107
0.141936 -0.204587 0.603824
0.149056 -0.210772 0.600277
0.142699 -0.215243 0.606682
0.140126 -0.216355 0.612719
0.141407 -0.202963 0.607219
0.132915 -0.194244 0.609611
0.148081 -0.210491 0.611609
0.152819 -0.204472 0.611717
0.138317 -0.205200 0.613917
0.142896 -0.211537 0.614445
0.141089 -0.210610 0.607634
0.139945 -0.215465 0.613893
0.136363 -0.215936 0.628126
0.129807 -0.202437 0.609639
0.135705 -0.204313 0.617697
0.139680 -0.198168 0.622000
0.145753 -0.208356 0.618954
0.138289 -0.199743 0.600079
0.140241 -0.206497 0.609261
0.138976 -0.211025 0.614038
0.138528 -0.216421 0.629067
0.129338 -0.216826 0.617975
0.136689 -0.205768 0.622880
0.136963 -0.225227 0.618801
0.135742 -0.204004 0.615671
0.138350 -0.212066 0.617511
0.135602 -0.211003 0.623514
0.135035 -0.204301 0.628033
0.128810 -0.200562 0.631867
0.140139 -0.208475 0.635668
0.132527 -0.208078 0.618833
0.135651 -0.202434 0.622443
0.139056 -0.215194 0.628501
0.143876 -0.210923 0.625275
0.140297 -0.203326 0.625904
0.134800 -0.209215 0.632341
0.136998 -0.207705 0.622663
0.123798 -0.220755 0.629914
0.150736 -0.205725 0.633271
0.131766 -0.206987 0.621934
0.132406 -0.216519 0.632143
0.124017 -0.203299 0.628931
0.135290 -0.206844 0.620921
0.123243 -0.202951 0.632272
0.135531 -0.196738 0.634404
0.140036 -0.210145 0.626706
0.131134 -0.208451 0.632832
0.134414 -0.204038 0.639031
0.126862 -0.213088 0.634428
0.133832 -0.207248 0.633691
0.139869 -0.206112 0.626054
0.125123 -0.199226 0.637742
0.119321 -0.214545 0.635148
0.125246 -0.206359 0.626704
0.126714 -0.207484 0.637244
0.127101 -0.209531 0.633297
0.129365 -0.205187 0.629961
0.121151 -0.208621 0.627845
0.123731 -0.195116 0.637578
0.122005 -0.212463 0.630774
0.118022 -0.211090 0.639486
0.129591 -0.204634 0.623535
0.124993 -0.214085 0.636454
0.122493 -0.211619 0.628337
0.121922 -0.209745 0.638904
0.122399 -0.215048 0.645250
0.131445 -0.211421 0.628659
0.135158 -0.199776 0.641391
0.111860 -0.195863 0.569845
0.117946 -0.220568 0.572214
0.118484 -0.205304 0.567924
0.129458 -0.207356 0.568125
0.125044 -0.206926 0.567818
0.122342 -0.207241 0.563806
0.114663 -0.209947 0.558170
0.128471 -0.215355 0.576701
0.125639 -0.206361 0.557699
0.122000 -0.196339 0.566004
0.115800 -0.201063 0.575839
0.122973 -0.206544 0.575531
0.111620 -0.198814 0.562581
0.129078 -0.198755 0.571822
0.130245 -0.198366 0.563288
0.128548 -0.210676 0.569606
0.124879 -0.211814 0.562217
0.133866 -0.216830 0.559989
0.117141 -0.213850 0.556974
0.120506 -0.213815 0.577620
0.129158 -0.211618 0.557068
0.124473 -0.198550 0.566434
0.134468 -0.204799 0.569527
0.128008 -0.207772 0.567311
0.125741 -0.206587 0.576051
0.133705 -0.216080 0.573858
0.133055 -0.210163 0.575890
0.134825 -0.195507 0.558224
0.135924 -0.213297 0.572302
0.134939 -0.197807 0.573137
0.127306 -0.201806 0.575381
0.139466 -0.222844 0.573015
0.114811 -0.205082 0.572841
0.128086 -0.204153 0.574683
0.139873 -0.198039 0.574551
0.132534 -0.211206 0.581820
0.133630 -0.207893 0.578554
0.130835 -0.207913 0.575225
0.140562 -0.212856 0.568518
0.131257 -0.210764 0.571213
0.139698 -0.209591 0.587307
0.141336 -0.206364 0.576136
0.139933 -0.192052 0.579949
0.130362 -0.206224 0.598103
0.130811 -0.208208 0.578512
0.133344 -0.198304 0.574727
0.136300 -0.203318 0.582542
0.135735 -0.205511 0.579047
0.116773 -0.201947 0.581262
0.136718 -0.200924 0.569611
0.145483 -0.209916 0.575078
0.131858 -0.204131 0.577464
0.142714 -0.214962 0.589062
0.137239 -0.195351 0.584755
0.136168 -0.207933 0.571253
0.137438 -0.213984 0.579126
0.152020 -0.212798 0.587044
0.142504 -0.208184 0.583388
0.135432 -0.195395 0.587941
0.145969 -0.217122 0.584015
0.133132 -0.199708 0.583698
0.135271 -0.205839 0.586906
0.139586 -0.196722 0.592359
0.141563 -0.202682 0.584728
0.131929 -0.206522 0.572943
0.146220 -0.209027 0.576226
0.141470 -0.190170 0.584144
0.140048 -0.203444 0.581573
0.150344 -0.208652 0.591345
0.146397 -0.207039 0.594210
0.131786 -0.214802 0.591528
0.137284 -0.210073 0.590853
0.145332 -0.198236 0.603058
0.150481 -0.200322 0.586884
0.136577 -0.213543 0.589990
0.143627 -0.193671 0.588746
0.146225 -0.209148 0.593305
0.131594 -0.191056 0.595663
0.142416 -0.205417 0.586021
0.147923 -0.203434 0.600880
0.152687 -0.200739 0.592978
0.141142 -0.214334 0.610925
0.134538 -0.197976 0.591552
0.144760 -0.205563 0.591534
0.148847 -0.200871 0.598878
0.148599 -0.194619 0.591600
0.140206 -0.213744 0.594326
0.141390 -0.207220 0.599883
0.153195 -0.200169 0.597531
0.146505 -0.209077 0.606361
0.140470 -0.206505 0.592238
0.139871 -0.193567 0.585627
0.142223 -0.209849 0.598184
0.150386 -0.210728 0.592400
0.141230 -0.207003 0.606218
0.150988 -0.201791 0.607938
0.138356 -0.211551 0.604909
0.145596 -0.201229 0.606834
0.138821 -0.210587 0.611526
0.147556 -0.217713 0.607788
0.144735 -0.211257 0.597485
0.147207 -0.203585 0.597304
0.141573 -0.198980 0.603489
0.152184 -0.214659 0.614616
0.140458 -0.212125 0.605204
0.147031 -0.214188 0.614473
0.145869 -0.220721 0.609844
0.148948 -0.210761 0.592316
0.146452 -0.199852 0.618472
0.135380 -0.212883 0.605997
0.148972 -0.212271 0.610382
0.130772 -0.197200 0.610363
0.141671 -0.185340 0.617389
0.144424 -0.206214 0.610310
0.131346 -0.200757 0.610586
0.139359 -0.216064 0.620233
0.141409 -0.205135 0.609946
0.143835 -0.200677 0.617155
0.133545 -0.217105 0.613177
0.143041 -0.221774 0.608538
0.136458 -0.206071 0.621685
0.136927 -0.200700 0.613225
0.145378 -0.210350 0.615602
0.144627 -0.206382 0.601187
0.136929 -0.203549 0.616717
0.131903 -0.209661 0.621380
0.143980 -0.203532 0.613024
0.132448 -0.193180 0.610867
0.145427 -0.205621 0.621856
0.140166 -0.208051 0.622752
0.131744 -0.208658 0.620379
0.121223 -0.198057 0.618527
0.135311 -0.213095 0.618680
0.127907 -0.213202 0.615851
0.136386 -0.207085 0.616342
0.132896 -0.203108 0.616414
0.145159 -0.202770 0.617442
0.127213 -0.206063 0.628328
0.136104 -0.206155 0.613139
0.140034 -0.213546 0.632331
0.135082 -0.196634 0.627360
0.122427 -0.207243 0.627303
0.143056 -0.207506 0.627192
0.123636 -0.205440 0.623214
0.137529 -0.207165 0.623484
0.132673 -0.202680 0.634152
0.138802 -0.199680 0.619655
0.124215 -0.213234 0.619608
0.135932 -0.207281 0.624836
0.146370 -0.208139 0.632554
0.132431 -0.213148 0.617052
0.128068 -0.203830 0.631102
0.139310 -0.203067 0.639772
0.126860 -0.210592 0.633587
0.130018 -0.199598 0.639041
0.132986 -0.208267 0.614211
0.128753 -0.204330 0.621623
0.132674 -0.204559 0.631446
0.135457 -0.196575 0.624314
0.128392 -0.204077 0.640736
0.129544 -0.202047 0.632176
0.130074 -0.204425 0.638881
0.131708 -0.200215 0.632934
0.126246 -0.206352 0.638550
0.128229 -0.215442 0.635586
0.119969 -0.219872 0.632294
0.137107 -0.200959 0.636914
0.121097 -0.212997 0.626971
0.123236 -0.210931 0.634195
0.126662 -0.211940 0.637126
0.111371 -0.210035 0.630788
0.119758 -0.207769 0.632994
0.125529 -0.204017 0.624058
0.129137 -0.203706 0.642709
0.132108 -0.195538 0.643432
0.122888 -0.197144 0.636067
0.120459 -0.205495 0.647413
0.128860 -0.204961 0.636690
0.116543 -0.200341 0.614569
0.122125 -0.208113 0.633199
0.126729 -0.204492 0.572606
0.114114 -0.189664 0.559992
0.126666 -0.206172 0.560239
0.122886 -0.198191 0.560885
0.118640 -0.206058 0.556177
0.115580 -0.201763 0.569600
0.128648 -0.203287 0.565892
0.108636 -0.208085 0.562182
0.127038 -0.200324 0.564547
0.125093 -0.189572 0.560269
0.125752 -0.205732 0.561796
0.123709 -0.202068 0.561549
0.137516 -0.204030 0.565367
0.136025 -0.193532 0.574757
0.133920 -0.214325 0.563812
0.125533 -0.207582 0.576463
0.133474 -0.208321 0.559153
0.118200 -0.210786 0.568809
0.132019 -0.206562 0.577447
0.127278 -0.200605 0.561548
0.127170 -0.210973 0.569067
0.134302 -0.204274 0.568420
0.136935 -0.205685 0.576426
0.132064 -0.207008 0.564674
0.131715 -0.197292 0.569132
0.122880 -0.206260 0.576482
0.133137 -0.204379 0.570706
0.143706 -0.219154 0.563671
0.138487 -0.198949 0.574428
0.127179 -0.197357 0.567413
0.128935 -0.208525 0.576019
0.125236 -0.199620 0.569532
0.137132 -0.205806 0.583367
0.131524 -0.203763 0.570394
0.130117 -0.203467 0.575024
0.124141 -0.207534 0.575068
0.129464 -0.203393 0.579911
0.139964 -0.195573 0.578731
0.143292 -0.212944 0.571847
0.129143 -0.206702 0.580582
0.134805 -0.214992 0.587981
0.141045 -0.202657 0.573974
0.130079 -0.209917 0.570124
0.140306 -0.212580 0.581524
0.144008 -0.203519 0.585569
0.140955 -0.203007 0.578536
0.147461 -0.191958 0.571517
0.138066 -0.212645 0.577265
0.145211 -0.201662 0.575756
0.142491 -0.198579 0.584392
0.143960 -0.201206 0.582621
0.141385 -0.198872 0.596485
0.131862 -0.208728 0.576120
0.127290 -0.209204 0.574807
0.143062 -0.197497 0.573779
0.137785 -0.211668 0.578198
0.139874 -0.205210 0.581589
0.147298 -0.200792 0.578868
0.133848 -0.212754 0.583071
0.147194 -0.197050 0.582763
0.132529 -0.206944 0.575852
0.123867 -0.219229 0.586031
0.134626 -0.213366 0.590246
0.144020 -0.195381 0.586402
0.135511 -0.199331 0.579890
0.137564 -0.196749 0.580160
0.140511 -0.206116 0.579833
0.150648 -0.211247 0.583682
0.139541 -0.197238 0.590985
0.135731 -0.208899 0.593471
0.140074 -0.204716 0.589771
0.142534 -0.205140 0.597814
0.153397 -0.208793 0.588437
0.145902 -0.201063 0.588389
0.135817 -0.207387 0.595959
0.146735 -0.209031 0.594004
0.134567 -0.195987 0.590627
0.138214 -0.209419 0.596755
0.147505 -0.211666 0.600691
0.136844 -0.205736 0.589743
0.147795 -0.191610 0.590606
0.148063 -0.204770 0.605930
0.143673 -0.206382 0.605676
0.143364 -0.200585 0.602355
0.139852 -0.200718 0.599868
0.144705 -0.213629 0.597461
0.147555 -0.197952 0.595431
0.142965 -0.206541 0.595020
0.134835 -0.202196 0.603653
0.143474 -0.198395 0.600712
0.144449 -0.202378 0.601468
0.135833 -0.204408 0.594345
0.135369 -0.191366 0.596249
0.135941 -0.225884 0.600805
0.142238 -0.215847 0.600646
0.145301 -0.209838 0.608046
0.141419 -0.200220 0.597932
0.142659 -0.199830 0.608203
0.138441 -0.206266 0.611054
0.138485 -0.206458 0.604192
0.135715 -0.196538 0.595738
0.137460 -0.200077 0.605168
0.135419 -0.199084 0.608544
0.142513 -0.208430 0.608498
0.129693 -0.197893 0.610923
0.130699 -0.212120 0.601638
0.140848 -0.193675 0.606168
0.148827 -0.200280 0.607817
0.135152 -0.197335 0.612016
0.132740 -0.207320 0.616712
0.136175 -0.197370 0.612006
0.143392 -0.205056 0.610728
0.148522 -0.198846 0.593631
0.135480 -0.196312 0.603309
0.137692 -0.207960 0.619278
0.134190 -0.199499 0.615603
0.150885 -0.199565 0.613835
0.142336 -0.203130 0.612750
0.145516 -0.214771 0.606895
0.142361 -0.193595 0.614822
0.137430 -0.204839 0.606256
0.141363 -0.196492 0.619692
0.142502 -0.195682 0.614710
0.142684 -0.202157 0.610418
0.137380 -0.203223 0.625710
0.140603 -0.201915 0.625589
0.129628 -0.212344 0.617440
0.141416 -0.201094 0.621202
0.140422 -0.217113 0.617897
0.131869 -0.197793 0.623628
0.131398 -0.205352 0.612979
0.147892 -0.200335 0.628895
0.143832 -0.203200 0.621804
0.129885 -0.203050 0.619228
0.131633 -0.212863 0.623940
0.130914 -0.223042 0.619147
0.142656 -0.196676 0.623993
0.132307 -0.203146 0.624722
0.130120 -0.208620 0.618061
0.134027 -0.204445 0.617930
0.136951 -0.202362 0.628253
0.126265 -0.194932 0.610107
0.134902 -0.199935 0.630035
0.137869 -0.190964 0.623033
0.124515 -0.218172 0.622377
0.131759 -0.211987 0.630361
0.139258 -0.202329 0.626502
0.125052 -0.200361 0.633067
0.130221 -0.204981 0.620116
0.135711 -0.208677 0.628854
0.125318 -0.205763 0.629618
0.129923 -0.202901 0.625017
0.122981 -0.198021 0.616643
0.128577 -0.199367 0.626436
0.132529 -0.210011 0.631912
0.137957 -0.201982 0.621172
0.125375 -0.193518 0.633784
0.127329 -0.206179 0.631038
0.129480 -0.198287 0.632442
0.132263 -0.193211 0.628383
0.120345 -0.206285 0.637856
0.128556 -0.205080 0.629590
0.116089 -0.203263 0.624852
0.137222 -0.208831 0.625965
0.123589 -0.198963 0.625455
0.127394 -0.209190 0.647134
0.131648 -0.203825 0.631140
0.128117 -0.211904 0.634497
0.134914 -0.212031 0.625704
0.117299 -0.201580 0.630368
0.125706 -0.195140 0.636569
0.122241 -0.196060 0.626396
0.120801 -0.197983 0.634578
0.135793 -0.212445 0.628800
0.123238 -0.202567 0.641183
0.125422 -0.198491 0.639568
0.115725 -0.204681 0.632947
0.134650 -0.202190 0.642602
0.120519 -0.201375 0.639937
0.116739 -0.206687 0.639340
0.124021 -0.192872 0.559995
0.126705 -0.193347 0.561123
0.117491 -0.203829 0.565977
0.110119 -0.191034 0.551141
0.117683 -0.202354 0.563823
0.118788 -0.208290 0.561817
0.133526 -0.200747 0.570525
0.117986 -0.196596 0.574807
0.125783 -0.205889 0.572057
0.132667 -0.193012 0.563617
0.124534 -0.201811 0.562759
0.111342 -0.195926 0.565473
0.116180 -0.195802 0.556385
0.129140 -0.195400 0.575204
0.117541 -0.200772 0.569549
0.121701 -0.195039 0.563932
0.134322 -0.198804 0.573668
0.131242 -0.203439 0.569532
0.131297 -0.197318 0.574349
0.131750 -0.193565 0.564578
0.137266 -0.196507 0.566682
0.130075 -0.205236 0.565282
0.135165 -0.193437 0.568284
0.118337 -0.205553 0.574336
0.133023 -0.196894 0.563578
0.128891 -0.197698 0.573798
0.128624 -0.200846 0.573242
0.127066 -0.205495 0.575501
0.132412 -0.207187 0.579077
0.141535 -0.196193 0.570922
0.133437 -0.196812 0.569797
0.135157 -0.204581 0.572490
0.125060 -0.202953 0.571204
0.120916 -0.199351 0.575639
0.137874 -0.196330 0.574305
0.126808 -0.192382 0.572903
0.123342 -0.205318 0.573662
0.136548 -0.199053 0.583626
0.125662 -0.201140 0.567321
0.128275 -0.193726 0.576233
0.146243 -0.192223 0.581937
0.139996 -0.204279 0.573571
0.134338 -0.203587 0.576742
0.147056 -0.197331 0.576072
0.133664 -0.198646 0.586465
0.137630 -0.201687 0.587510
0.135129 -0.205037 0.575683
0.134314 -0.204769 0.580783
0.147479 -0.200492 0.569940
0.140298 -0.195671 0.576104
0.132764 -0.194877 0.593709
0.135435 -0.187420 0.591159
0.141014 -0.201662 0.570811
0.140255 -0.205424 0.589731
0.136702 -0.193145 0.579056
0.142923 -0.201968 0.588445
0.131773 -0.203236 0.578975
0.138864 -0.185930 0.585923
0.137586 -0.204551 0.598858
0.152663 -0.199407 0.578225
0.128311 -0.193486 0.594061
0.134743 -0.199593 0.588495
0.144270 -0.205812 0.583286
0.136428 -0.207978 0.589357
0.136983 -0.190631 0.589993
0.138252 -0.200466 0.585254
0.156639 -0.200897 0.583103
0.138932 -0.202769 0.583849
0.144948 -0.197693 0.590641
0.147022 -0.193225 0.587451
0.148386 -0.197027 0.589793
0.144123 -0.199219 0.583706
0.140466 -0.209759 0.594562
0.134971 -0.198814 0.592821
0.136001 -0.193248 0.589050
0.143189 -0.204277 0.598121
0.151368 -0.196573 0.596795
0.137893 -0.197487 0.591824
0.151072 -0.203207 0.597871
0.143627 -0.190647 0.598925
0.130697 -0.191334 0.589621
0.147250 -0.209577 0.595987
0.145818 -0.214557 0.587123
0.156272 -0.201103 0.607933
0.143616 -0.203136 0.594618
0.140380 -0.200296 0.601254
0.142492 -0.191641 0.598280
0.137457 -0.196623 0.596783
0.148870 -0.198067 0.595900
0.145033 -0.203663 0.599604
0.135642 -0.186276 0.598487
0.136036 -0.213084 0.609295
0.152089 -0.197688 0.596615
0.143577 -0.202986 0.596404
0.145367 -0.195426 0.597231
0.148353 -0.202511 0.584195
0.134250 -0.195479 0.604267
0.147762 -0.196327 0.612044
0.136180 -0.194320 0.616343
0.139820 -0.207094 0.604152
0.144996 -0.195371 0.608598
0.160644 -0.204605 0.601240
0.146385 -0.202744 0.603491
0.142643 -0.189770 0.603019
0.133516 -0.197215 0.610019
0.151156 -0.199549 0.607082
0.139913 -0.199880 0.602792
0.141398 -0.206988 0.612328
0.141023 -0.197688 0.605140
0.141273 -0.202948 0.620487
0.144646 -0.200958 0.613302
0.145177 -0.198646 0.603120
0.152094 -0.199814 0.608679
0.138259 -0.194739 0.609535
0.144047 -0.197910 0.615064
0.146784 -0.202892 0.602422
0.137667 -0.198414 0.615738
0.142991 -0.205556 0.610823
0.138282 -0.209154 0.603596
0.147893 -0.206937 0.613592
0.135540 -0.200203 0.613726
0.135101 -0.207758 0.613664
0.155299 -0.195821 0.611992
0.143782 -0.191892 0.610865
0.138668 -0.196252 0.615149
0.136230 -0.195559 0.616194
0.136721 -0.201687 0.619717
0.143654 -0.202359 0.625546
0.122248 -0.199150 0.622506
0.149132 -0.190900 0.608193
0.136921 -0.198984 0.611299
0.129630 -0.204551 0.615942
0.139772 -0.198729 0.610443
0.131972 -0.210049 0.628491
0.133746 -0.201655 0.621208
0.133352 -0.191903 0.624033
0.141045 -0.201136 0.625349
0.131780 -0.195555 0.623288
0.141415 -0.203237 0.623574
0.120888 -0.208317 0.623411
0.129317 -0.200436 0.634782
0.130005 -0.193960 0.619261
0.134302 -0.196980 0.622528
0.130988 -0.194065 0.632637
0.126225 -0.202893 0.627617
0.142598 -0.186965 0.624492
0.140128 -0.191779 0.622482
0.133131 -0.202586 0.630711
0.131674 -0.196166 0.622262
0.125990 -0.198368 0.626499
0.141912 -0.195863 0.635993
0.137003 -0.193989 0.615053
0.126824 -0.204346 0.627755
0.132614 -0.194790 0.629813
0.117144 -0.189616 0.628949
0.132476 -0.201606 0.635207
0.134464 -0.206728 0.628042
0.134021 -0.195271 0.637878
0.128136 -0.197504 0.630226
0.130531 -0.201834 0.637313
0.123091 -0.198174 0.625423
0.132215 -0.198373 0.647210
0.125139 -0.186680 0.630036
0.132694 -0.195336 0.625538
0.128528 -0.192924 0.625764
0.135170 -0.208070 0.635859
0.121820 -0.204082 0.637919
0.131792 -0.195514 0.631611
0.128778 -0.200371 0.639523
0.114477 -0.198135 0.641364
0.122773 -0.202298 0.628414
0.125065 -0.201500 0.639378
0.117370 -0.197660 0.631154
0.114969 -0.206027 0.624265
0.109138 -0.204059 0.648040
0.118032 -0.197996 0.632954
0.114996 -0.197731 0.626204
0.128361 -0.205495 0.646340
0.126852 -0.198050 0.635805
0.119442 -0.200740 0.638687
0.124728 -0.194878 0.561002
0.123478 -0.199995 0.570118
0.118217 -0.191085 0.560295
0.125739 -0.195465 0.566015
0.129361 -0.197747 0.559845
0.123147 -0.189122 0.577436
0.121159 -0.207821 0.559675
0.130345 -0.192021 0.574313
0.130234 -0.184572 0.572256
0.129178 -0.183651 0.568617
0.127275 -0.188956 0.558733
0.122788 -0.199140 0.568710
0.127957 -0.205043 0.574438
0.130522 -0.210767 0.570209
0.121231 -0.203477 0.561263
0.139421 -0.200354 0.572114
0.129558 -0.181305 0.570020
0.124836 -0.190148 0.577937
0.129702 -0.189799 0.563092
0.121297 -0.189518 0.568846
0.132809 -0.199282 0.563726
0.127065 -0.198836 0.567719
0.127453 -0.200446 0.572652
0.124763 -0.211479 0.570702
0.138337 -0.190508 0.575055
0.128059 -0.202456 0.561643
0.131047 -0.197051 0.576956
0.140426 -0.203806 0.569506
0.127436 -0.193909 0.574695
0.131267 -0.191897 0.568001
0.141283 -0.190489 0.580159
0.140114 -0.195978 0.559606
0.146758 -0.203899 0.570275
0.142889 -0.195109 0.574895
0.141134 -0.207571 0.579105
0.123960 -0.198350 0.583373
0.136908 -0.194030 0.567842
0.136078 -0.200363 0.571540
0.141983 -0.196712 0.578472
0.132746 -0.190338 0.566531
0.128084 -0.197600 0.567011
0.137044 -0.193493 0.575901
0.137946 -0.195789 0.591849
0.139919 -0.205688 0.582416
0.127495 -0.188200 0.588056
0.127483 -0.196769 0.575041
0.134169 -0.200884 0.582741
0.138898 -0.200708 0.565056
0.136667 -0.200714 0.592351
0.137010 -0.193336 0.575926
0.123714 -0.197472 0.570196
0.145233 -0.193635 0.592067
0.135669 -0.197361 0.592522
0.141617 -0.195266 0.583574
0.135836 -0.201924 0.582372
0.135561 -0.203279 0.579243
0.135627 -0.204894 0.583023
0.144027 -0.201988 0.585684
0.136513 -0.201095 0.585033
0.130020 -0.194153 0.581853
0.136786 -0.196087 0.595419
0.138735 -0.193024 0.582397
0.133606 -0.197825 0.590837
0.142610 -0.197655 0.595277
0.140605 -0.186770 0.582854
0.140424 -0.198151 0.587799
0.143107 -0.194115 0.583667
0.132570 -0.200263 0.585454
0.140192 -0.195021 0.587290
0.146363 -0.198848 0.580298
0.149093 -0.190737 0.588285
0.146903 -0.213065 0.588041
0.130613 -0.196011 0.589718
0.140875 -0.196852 0.588433
0.140148 -0.202168 0.592638
0.141768 -0.203475 0.603200
0.133967 -0.199755 0.585143
0.128124 -0.198083 0.600579
0.148777 -0.198606 0.601516
0.144005 -0.198139 0.585773
0.149647 -0.186631 0.598840
0.139138 -0.192865 0.597354
0.140270 -0.197159 0.592994
0.147346 -0.201504 0.584600
0.145273 -0.195517 0.602423
0.139530 -0.194704 0.604647
0.139437 -0.202631 0.594174
0.149361 -0.201200 0.598659
0.141958 -0.192642 0.599607
0.146453 -0.201617 0.610000
0.166101 -0.194719 0.599098
0.133687 -0.189574 0.594936
0.148296 -0.186444 0.607985
0.152377 -0.203609 0.591668
0.151061 -0.195196 0.604413
0.137466 -0.201380 0.596603
0.131995 -0.191556 0.609169
0.145200 -0.190995 0.601297
0.130564 -0.201331 0.611263
0.148106 -0.199257 0.604767
0.148054 -0.195858 0.599976
0.138034 -0.194324 0.602009
0.145762 -0.197938 0.608429
0.138556 -0.195118 0.609450
0.145550 -0.191489 0.620528
0.144846 -0.197159 0.609278
0.131371 -0.198372 0.603977
0.147751 -0.194931 0.617049
0.143626 -0.199770 0.610423
0.136780 -0.193787 0.612881
0.140130 -0.199483 0.603992
0.144468 -0.202636 0.617589
0.147930 -0.195398 0.614575
0.148732 -0.192842 0.611223
0.137928 -0.195676 0.613481
0.141039 -0.192692 0.601531
0.133489 -0.203016 0.613660
0.136096 -0.199391 0.621645
0.152522 -0.195578 0.609529
0.134617 -0.195431 0.603821
0.141921 -0.202389 0.624363
0.135882 -0.197382 0.609244
0.144925 -0.204545 0.615994
0.136992 -0.196453 0.615691
0.138669 -0.193767 0.617360
0.139184 -0.199945 0.610889
0.133065 -0.201084 0.606276
0.136819 -0.199066 0.616067
0.140518 -0.191837 0.614667
0.134530 -0.200052 0.625736
0.136155 -0.203548 0.615221
0.144120 -0.193256 0.620133
0.138703 -0.204075 0.616164
0.146539 -0.201053 0.620247
0.141541 -0.201430 0.623570
0.123302 -0.199023 0.615388
0.129655 -0.201627 0.618721
0.120637 -0.191887 0.616467
0.145016 -0.194732 0.624061
0.142530 -0.198303 0.628359
0.127267 -0.191843 0.617811
0.137276 -0.191032 0.626898
0.130605 -0.191344 0.618721
0.136610 -0.196543 0.629801
0.140430 -0.196544 0.619951
0.128728 -0.199168 0.623088
0.131622 -0.197448 0.621428
0.127108 -0.208823 0.622894
0.140906 -0.204174 0.625289
0.127817 -0.205548 0.626894
0.130676 -0.193761 0.637218
0.123858 -0.176082 0.631706
0.133865 -0.191672 0.629554
0.138436 -0.201793 0.619566
0.123923 -0.196676 0.629749
0.127454 -0.188252 0.634032
0.134124 -0.192250 0.631895
0.140968 -0.202709 0.638702
0.135932 -0.207107 0.628710
0.129393 -0.188416 0.631264
0.129249 -0.198710 0.630254
0.136135 -0.198172 0.626023
0.126212 -0.197506 0.622117
0.123395 -0.195962 0.634222
0.126589 -0.190983 0.626728
0.128310 -0.195417 0.618399
0.131502 -0.194470 0.634190
0.130060 -0.203900 0.623636
0.116511 -0.201357 0.640622
0.129562 -0.196524 0.630406
0.129034 -0.206228 0.640798
0.121136 -0.193505 0.633745
0.117078 -0.192741 0.647724
0.124487 -0.197234 0.630215
0.122460 -0.190457 0.625048
0.125124 -0.203768 0.639167
0.129321 -0.198237 0.627382
0.119553 -0.191126 0.633038
0.118648 -0.199389 0.642447
0.122195 -0.195188 0.628464
0.130416 -0.186783 0.555593
0.110523 -0.193003 0.561558
0.126092 -0.193530 0.572678
0.129600 -0.192962 0.563185
0.130915 -0.192028 0.564446
0.126213 -0.189683 0.573071
0.113656 -0.196872 0.559669
0.135631 -0.189161 0.565285
0.130682 -0.206681 0.563620
0.122577 -0.203957 0.564662
0.119381 -0.197595 0.570562
0.132034 -0.191956 0.568889
0.121653 -0.187944 0.569446
0.122269 -0.200647 0.571515
0.123980 -0.193728 0.572672
0.126767 -0.182090 0.566508
0.111264 -0.186952 0.566180
0.118068 -0.192618 0.566476
0.126386 -0.181323 0.559117
0.125517 -0.199545 0.560939
0.130365 -0.188922 0.573875
0.129935 -0.203382 0.569713
0.130733 -0.200996 0.569510
0.139198 -0.186311 0.568880
0.128628 -0.193321 0.568152
0.135763 -0.201263 0.569899
0.131995 -0.198604 0.577654
0.134063 -0.186238 0.574231
0.127047 -0.197386 0.578675
0.128827 -0.185546 0.575948
0.130875 -0.192325 0.577719
0.133112 -0.195715 0.579975
0.135196 -0.187840 0.572342
0.135289 -0.196548 0.568821
0.130186 -0.200206 0.576731
0.135084 -0.184957 0.578961
0.127687 -0.191693 0.578386
0.119219 -0.194966 0.574755
0.132943 -0.183856 0.573740
0.141336 -0.198396 0.577313
0.134700 -0.185111 0.573713
0.127872 -0.181705 0.567106
0.137954 -0.196472 0.577471
0.139562 -0.205872 0.582755
0.135777 -0.187044 0.577113
0.145586 -0.190658 0.574611
0.139956 -0.189940 0.578398
0.131224 -0.199098 0.574860
0.133376 -0.196688 0.574075
0.134437 -0.197771 0.588921
0.132264 -0.193550 0.573554
0.146018 -0.193676 0.587378
0.131434 -0.194672 0.574474
0.147244 -0.179549 0.581254
0.142718 -0.193200 0.592075
0.136999 -0.190750 0.578086
0.137624 -0.193694 0.589291
0.141568 -0.195869 0.587264
0.141651 -0.197582 0.582412
0.143782 -0.195160 0.581403
0.147736 -0.192927 0.585238
0.150465 -0.196376 0.587674
0.132675 -0.188330 0.579593
0.131403 -0.192235 0.587861
0.151581 -0.191087 0.585214
0.138742 -0.195572 0.591222
0.137526 -0.196400 0.586283
0.146179 -0.195373 0.590302
0.129461 -0.191630 0.593622
0.134847 -0.202485 0.598067
0.145178 -0.201827 0.588993
0.142307 -0.186151 0.597427
0.146748 -0.184102 0.589764
0.142370 -0.195660 0.596398
0.155675 -0.191100 0.589336
0.132135 -0.185634 0.599072
0.150630 -0.202561 0.596284
0.132522 -0.205965 0.590883
0.138728 -0.196429 0.592873
0.142126 -0.183999 0.589473
0.134996 -0.200498 0.594029
0.130788 -0.188752 0.588984
0.137502 -0.199257 0.595953
0.135939 -0.194827 0.600265
0.148865 -0.185646 0.593446
0.144151 -0.200453 0.599748
0.142076 -0.194958 0.603704
0.149444 -0.201699 0.600481
0.139816 -0.190258 0.596568
0.143444 -0.183162 0.604532
0.134140 -0.182984 0.588755
0.136210 -0.196869 0.600491
0.145354 -0.191473 0.601555
0.142055 -0.195334 0.604293
0.137548 -0.182727 0.594325
0.138719 -0.182677 0.604652
0.136407 -0.188266 0.607937
0.142785 -0.192784 0.612726
0.136480 -0.190779 0.604495
0.131011 -0.193046 0.598971
0.145009 -0.188450 0.615353
0.137221 -0.184768 0.594566
0.134529 -0.183085 0.603667
0.143987 -0.196427 0.595889
0.147471 -0.196346 0.613129
0.141180 -0.187752 0.622477
0.143365 -0.190464 0.599819
0.145564 -0.201309 0.603562
0.137673 -0.192448 0.601384
0.145135 -0.201233 0.619396
0.142347 -0.193600 0.610384
0.139521 -0.191952 0.602839
0.142616 -0.185819 0.595087
0.129597 -0.182059 0.614557
0.134554 -0.198225 0.607030
0.134436 -0.188390 0.609210
0.133648 -0.202112 0.612035
0.142304 -0.182343 0.601587
0.140927 -0.202272 0.621469
0.128319 -0.191634 0.619005
0.137497 -0.197722 0.616821
0.146961 -0.188230 0.617933
0.151694 -0.191364 0.617427
0.134158 -0.193814 0.620556
0.134343 -0.194372 0.619056
0.136051 -0.204476 0.618059
0.143865 -0.194368 0.620003
0.129257 -0.187392 0.615055
0.138152 -0.198283 0.628203
0.139414 -0.179590 0.616007
0.140418 -0.190207 0.609028
0.134502 -0.195336 0.629609
0.139273 -0.197972 0.622633
0.125934 -0.191479 0.621259
0.145232 -0.193099 0.610923
0.140289 -0.179497 0.617657
0.136901 -0.197335 0.622713
0.126757 -0.185551 0.636393
0.129929 -0.190733 0.619605
0.136200 -0.186099 0.627903
0.144908 -0.190090 0.625475
0.152362 -0.185556 0.626626
0.132352 -0.189381 0.631855
0.138988 -0.192531 0.625398
0.134848 -0.197698 0.619597
0.124927 -0.195887 0.634313
0.134381 -0.199474 0.621237
0.121971 -0.191636 0.632402
0.127101 -0.198123 0.625585
0.135322 -0.190562 0.627146
0.136006 -0.194253 0.629102
0.140885 -0.195368 0.625864
0.137566 -0.194734 0.628460
0.122151 -0.196486 0.628827
0.132908 -0.188438 0.634182
0.133394 -0.191783 0.633131
0.134003 -0.183978 0.629442
0.130970 -0.183122 0.635539
0.123120 -0.194104 0.630372
0.129986 -0.199556 0.621116
0.133842 -0.192792 0.632564
0.124634 -0.186631 0.627498
0.140129 -0.193510 0.643154
0.129689 -0.191261 0.639965
0.126882 -0.190674 0.637607
0.117857 -0.191329 0.631310
0.131635 -0.195676 0.637911
0.122919 -0.198143 0.631148
0.135477 -0.200087 0.628906
0.128609 -0.200752 0.638631
0.121644 -0.195979 0.624971
0.122094 -0.186594 0.632424
0.125861 -0.189907 0.639904
0.119683 -0.188899 0.643649
0.124120 -0.197672 0.635366
0.115394 -0.189807 0.627803
0.120132 -0.188034 0.629216
0.120479 -0.187491 0.628906
0.119093 -0.193659 0.628389
0.123653 -0.187266 0.641590
0.116516 -0.182808 0.567437
0.120753 -0.186119 0.561349
0.123024 -0.183123 0.565738
0.129637 -0.191620 0.563392
0.117766 -0.188655 0.566545
0.109137 -0.197447 0.565724
0.122283 -0.199655 0.562380
0.132912 -0.187582 0.556646
0.123425 -0.200593 0.563982
0.122356 -0.184935 0.562437
0.119945 -0.189436 0.577815
0.121543 -0.185701 0.561146
0.120586 -0.188010 0.564077
0.130782 -0.186003 0.570621
0.126799 -0.184252 0.567098
0.130658 -0.199353 0.567420
0.128606 -0.186552 0.567668
0.132151 -0.192751 0.562436
0.129382 -0.190931 0.568770
0.118610 -0.197571 0.576997
0.133386 -0.187146 0.577902
0.129784 -0.182598 0.566958
0.142805 -0.203089 0.569594
0.116251 -0.188035 0.575201
0.133244 -0.188223 0.570970
0.128873 -0.192513 0.572112
0.132529 -0.180515 0.573391
0.135181 -0.187287 0.568329
0.127065 -0.182295 0.565428
0.134747 -0.184502 0.568328
0.143479 -0.186199 0.572460
0.130908 -0.180542 0.565033
0.136063 -0.191192 0.582621
0.134703 -0.191898 0.580901
0.131605 -0.181521 0.578852
0.136141 -0.183589 0.572554
0.138409 -0.192221 0.576924
0.127322 -0.181904 0.563932
0.128076 -0.187009 0.576814
0.140424 -0.198384 0.573236
0.137468 -0.191089 0.576804
0.138527 -0.189223 0.571416
0.125860 -0.192840 0.570937
0.126007 -0.186370 0.583574
0.135674 -0.181247 0.586265
0.139795 -0.200354 0.577469
0.145700 -0.192374 0.584510
0.141211 -0.193032 0.576563
0.139175 -0.197544 0.581155
0.138209 -0.193221 0.577481
0.130227 -0.199906 0.574570
0.151922 -0.189539 0.581629
0.135787 -0.187236 0.590345
0.135537 -0.191648 0.585614
0.140625 -0.185726 0.570169
0.134675 -0.177671 0.579052
0.142761 -0.181836 0.588252
0.143708 -0.193123 0.570825
0.138437 -0.185487 0.585245
0.141743 -0.192723 0.581428
0.138403 -0.186290 0.601463
0.140658 -0.191391 0.587043
0.144325 -0.186901 0.586788
0.136511 -0.191115 0.592547
0.146611 -0.195631 0.592790
0.134739 -0.176346 0.590972
0.146733 -0.189488 0.589537
0.150168 -0.201667 0.586815
0.149369 -0.191948 0.590203
0.135944 -0.181023 0.578967
0.126894 -0.188391 0.592735
0.137893 -0.200634 0.592237
0.141260 -0.189810 0.586827
0.137423 -0.183038 0.597245
0.141977 -0.188574 0.596581
0.152105 -0.201716 0.599321
0.140876 -0.195219 0.591433
0.143811 -0.191504 0.593841
0.141827 -0.194860 0.595143
0.141790 -0.189149 0.597928
0.145088 -0.189805 0.597174
0.146373 -0.187749 0.603458
0.138175 -0.194881 0.584880
0.146439 -0.191252 0.594675
0.151234 -0.184055 0.595310
0.140942 -0.188142 0.604726
0.142106 -0.188525 0.587724
0.145337 -0.190647 0.592255
0.133210 -0.185529 0.590189
0.155938 -0.202458 0.596547
0.133027 -0.192416 0.609039
0.136871 -0.199978 0.603100
0.146528 -0.188609 0.590148
0.144992 -0.196162 0.600861
0.152591 -0.196469 0.608973
0.144859 -0.199078 0.614315
0.135761 -0.190376 0.600358
0.147576 -0.193757 0.596674
0.149271 -0.192260 0.605849
0.144509 -0.183684 0.603014
0.139726 -0.190194 0.603680
0.145285 -0.190676 0.599397
0.137016 -0.189220 0.606808
0.138715 -0.191473 0.607378
0.143273 -0.192938 0.603096
0.148561 -0.195869 0.607077
0.143429 -0.193213 0.612140
0.135098 -0.182818 0.612894
0.140809 -0.186833 0.606542
0.145594 -0.183398 0.605348
0.143496 -0.190446 0.617441
0.136684 -0.183816 0.611527
0.142226 -0.192522 0.615600
0.149721 -0.193600 0.617631
0.152786 -0.202151 0.619632
0.142067 -0.192437 0.604677
0.138121 -0.189838 0.618010
0.131815 -0.184075 0.608834
0.147720 -0.189909 0.607889
0.139746 -0.193200 0.620841
0.138191 -0.193091 0.615893
0.150373 -0.191160 0.612732
0.131674 -0.183820 0.609382
0.135501 -0.192129 0.617838
0.144190 -0.196863 0.611944
0.141996 -0.186062 0.619890
0.146727 -0.178414 0.615842
0.130705 -0.196129 0.614852
0.141160 -0.196768 0.616781
0.139092 -0.186261 0.628778
0.149326 -0.203944 0.614537
0.143860 -0.180922 0.619886
0.139021 -0.187682 0.618144
0.142953 -0.196642 0.614768
0.144540 -0.188561 0.614438
0.125664 -0.178433 0.624986
0.129341 -0.194459 0.620532
0.141461 -0.185777 0.612463
0.145241 -0.184272 0.621008
0.126107 -0.190969 0.627562
0.129397 -0.184574 0.626655
0.132122 -0.186456 0.631644
0.136403 -0.194286 0.622994
0.130654 -0.190317 0.633435
0.128440 -0.176008 0.617947
0.151908 -0.181425 0.625785
0.129272 -0.186751 0.612252
0.126991 -0.178804 0.625548
0.133503 -0.204014 0.624018
0.122678 -0.194186 0.622485
0.126064 -0.179990 0.622476
0.132880 -0.183827 0.636087
0.134370 -0.198723 0.635480
0.132039 -0.183090 0.632365
0.134021 -0.189244 0.628195
0.121057 -0.197264 0.630392
0.131154 -0.187910 0.632324
0.129194 -0.193765 0.623866
0.130177 -0.192884 0.625041
0.126960 -0.188340 0.624384
0.132493 -0.178042 0.629986
0.134778 -0.185764 0.627198
0.140887 -0.189603 0.632131
0.127996 -0.187983 0.635084
0.130566 -0.189516 0.630538
0.135280 -0.188716 0.625476
0.125956 -0.186332 0.635578
0.123680 -0.190484 0.626655
0.127454 -0.185583 0.645247
0.120797 -0.187784 0.634572
0.112277 -0.181435 0.641191
0.127559 -0.187137 0.633565
0.126353 -0.188041 0.636586
0.118310 -0.201112 0.624844
0.129040 -0.178149 0.642257
0.122857 -0.196851 0.636693
0.118228 -0.187495 0.636616
0.114559 -0.184784 0.640029
0.127348 -0.188792 0.633750
0.128186 -0.189066 0.641502
0.120926 -0.192445 0.560768
0.113880 -0.191547 0.560866
0.118405 -0.172501 0.558148
0.120121 -0.183621 0.576219
0.123343 -0.182585 0.562855
0.117900 -0.189844 0.569934
0.123136 -0.185875 0.564599
0.131722 -0.176549 0.565340
0.121631 -0.188351 0.556599
0.123271 -0.182514 0.568991
0.121949 -0.186146 0.563515
0.126043 -0.180061 0.567805
0.121794 -0.188438 0.562425
0.127290 -0.188033 0.558885
0.123416 -0.181903 0.560435
0.121258 -0.184365 0.579594
0.129559 -0.191070 0.565867
0.130958 -0.177188 0.577134
0.122358 -0.189031 0.567023
0.128859 -0.182344 0.570824
0.128536 -0.177109 0.569620
0.120904 -0.185991 0.566684
0.128803 -0.175016 0.572803
0.122528 -0.185175 0.572947
0.128046 -0.180880 0.567663
0.135069 -0.189475 0.566093
0.136388 -0.194891 0.583393
0.130766 -0.198229 0.564324
0.126618 -0.199261 0.581061
0.148120 -0.190221 0.575298
0.144670 -0.188735 0.576731
0.138780 -0.195744 0.574971
0.139924 -0.185297 0.574711
0.140927 -0.178002 0.573554
0.122387 -0.187962 0.574032
0.134357 -0.184921 0.570575
0.134687 -0.194657 0.588709
0.132736 -0.188714 0.583744
0.134137 -0.184818 0.589131
0.129940 -0.185786 0.578398
0.140983 -0.190487 0.573850
0.125667 -0.180843 0.574976
0.132887 -0.184275 0.584235
0.131859 -0.197511 0.572127
0.139779 -0.184753 0.573535
0.138782 -0.188393 0.578966
0.132053 -0.194346 0.580450
0.140068 -0.186122 0.569994
0.141370 -0.180100 0.576540
0.136957 -0.186723 0.578459
0.137862 -0.180452 0.584291
0.127448 -0.188006 0.580192
0.131704 -0.201215 0.586911
0.140897 -0.183670 0.580533
0.146221 -0.176056 0.589947
0.143202 -0.176401 0.584492
0.142821 -0.193426 0.581579
0.145569 -0.180645 0.588144
0.139308 -0.196146 0.581586
0.144879 -0.195709 0.587132
0.135420 -0.189303 0.578691
0.148017 -0.185085 0.585921
0.155058 -0.190256 0.587987
0.144737 -0.184773 0.587868
0.132081 -0.190195 0.582937
0.134074 -0.184267 0.579046
0.146714 -0.180520 0.587155
0.141382 -0.183784 0.582232
0.139911 -0.179326 0.588429
0.149829 -0.182072 0.588093
0.139409 -0.180613 0.589581
0.146777 -0.199301 0.588165
0.132174 -0.183604 0.590814
0.148925 -0.191413 0.600122
0.148144 -0.190196 0.600954
0.148172 -0.191850 0.594915
0.142655 -0.183776 0.592951
0.148594 -0.187137 0.596077
0.140672 -0.189414 0.583174
0.144541 -0.186702 0.596172
0.142294 -0.190146 0.589114
0.142027 -0.195420 0.590811
0.142624 -0.187350 0.596251
0.134558 -0.189311 0.590109
0.148379 -0.186422 0.596646
0.146238 -0.178802 0.590775
0.144359 -0.191839 0.593086
0.139685 -0.190503 0.603188
0.143626 -0.193003 0.595345
0.139064 -0.179507 0.607215
0.156164 -0.195982 0.598701
0.154343 -0.185309 0.603200
0.143309 -0.187426 0.613415
0.135693 -0.173738 0.601088
0.154454 -0.189941 0.601718
0.134598 -0.186578 0.606013
0.143917 -0.184518 0.600886
0.146228 -0.181657 0.619400
0.138422 -0.179577 0.613925
0.152136 -0.184094 0.605663
0.144861 -0.181053 0.603635
0.143660 -0.179926 0.612184
0.143330 -0.191137 0.610397
0.140742 -0.190731 0.609397
0.138848 -0.190839 0.606438
0.130810 -0.186453 0.610331
0.140008 -0.187731 0.606657
0.148125 -0.172263 0.602952
0.133133 -0.179944 0.601333
0.136071 -0.182674 0.608832
0.135999 -0.181412 0.601033
0.149812 -0.191294 0.611723
0.139035 -0.178168 0.605329
0.136050 -0.182025 0.620596
0.140300 -0.184563 0.617585
0.140334 -0.181928 0.603165
0.135451 -0.182108 0.613805
0.134730 -0.189583 0.620178
0.131692 -0.190581 0.621765
0.143950 -0.188734 0.612980
0.142407 -0.195440 0.623803
0.133284 -0.187416 0.618838
0.136921 -0.177378 0.614946
0.139272 -0.175930 0.612102
0.136009 -0.179806 0.610719
0.138585 -0.182382 0.618540
0.143399 -0.186184 0.620722
0.131644 -0.194551 0.630712
0.137421 -0.175909 0.611019
0.137149 -0.182793 0.632100
0.146867 -0.190266 0.628010
0.142222 -0.183267 0.631553
0.138384 -0.186415 0.607871
0.140876 -0.194818 0.626465
0.126870 -0.189543 0.631389
0.135481 -0.189157 0.626373
0.126377 -0.180663 0.623685
0.140698 -0.190476 0.619987
0.125639 -0.174774 0.622540
0.127211 -0.188668 0.614181
0.125924 -0.188357 0.621356
0.130863 -0.177083 0.619307
0.137990 -0.190832 0.625035
0.122675 -0.190102 0.616850
0.141531 -0.187670 0.619787
0.140236 -0.176004 0.625234
0.130760 -0.183251 0.628298
0.126998 -0.191840 0.645118
0.129358 -0.182605 0.625319
0.124266 -0.184076 0.624221
0.128897 -0.177316 0.628276
0.132648 -0.199926 0.629942
0.131514 -0.190446 0.625772
0.134376 -0.191700 0.628325
0.119537 -0.190613 0.625115
0.129979 -0.170836 0.648903
0.122132 -0.177281 0.636018
0.138326 -0.179399 0.630068
0.132956 -0.179779 0.624573
0.129056 -0.183663 0.641950
0.134453 -0.191771 0.634213
0.128309 -0.187311 0.631701
0.125998 -0.181794 0.635526
0.128461 -0.182693 0.626599
0.130759 -0.182681 0.631368
0.128877 -0.190417 0.634487
0.121924 -0.174506 0.630063
0.130172 -0.186652 0.639470
0.122639 -0.185276 0.631754
0.125421 -0.183744 0.648518
0.134591 -0.191287 0.636010
0.131723 -0.177642 0.639784
0.125741 -0.184461 0.639854
0.121934 -0.181200 0.639957
0.123378 -0.194165 0.637747
0.120406 -0.184008 0.634363
0.123694 -0.187435 0.642624
0.117020 -0.177680 0.638055
0.119898 -0.178969 0.651382
0.115648 -0.189344 0.638139
0.125222 -0.180495 0.567851
0.119705 -0.174647 0.564797
0.136767 -0.185749 0.564108
0.124396 -0.184335 0.570166
0.116155 -0.186015 0.576951
0.122871 -0.182825 0.573197
0.120106 -0.192697 0.562469
0.117451 -0.172307 0.567632
0.121958 -0.176703 0.571140
0.117178 -0.180088 0.560768
0.131388 -0.174834 0.571733
0.127676 -0.183287 0.575259
0.123535 -0.168888 0.564729
0.126090 -0.191869 0.573174
0.124749 -0.183471 0.565274
0.131166 -0.188486 0.560720
0.127226 -0.181943 0.566528
0.124868 -0.168251 0.563981
0.127841 -0.180635 0.576481
0.130904 -0.199278 0.577741
0.127944 -0.183640 0.566714
0.127352 -0.176840 0.572434
0.132158 -0.183894 0.573655
0.134409 -0.183765 0.564284
0.140893 -0.176723 0.564287
0.132763 -0.178606 0.577442
0.136704 -0.183740 0.574104
0.144065 -0.181398 0.577346
0.139122 -0.179426 0.569055
0.127100 -0.180056 0.573877
0.132374 -0.191815 0.566142
0.133271 -0.172936 0.569541
0.131802 -0.187814 0.584498
0.139608 -0.189577 0.572409
0.128753 -0.182273 0.573420
0.144238 -0.189025 0.571184
0.133075 -0.184357 0.576402
0.134903 -0.178317 0.565191
0.134126 -0.183086 0.588325
0.137209 -0.190197 0.576853
0.130162 -0.180622 0.570582
0.139757 -0.184003 0.570282
0.133778 -0.172587 0.568819
0.134672 -0.179097 0.583379
0.132468 -0.179135 0.584791
0.134444 -0.177125 0.571101
0.143009 -0.179950 0.572995
0.127603 -0.174453 0.575804
0.146730 -0.178564 0.582486
0.139759 -0.179297 0.580653
0.131398 -0.181584 0.582760
0.137499 -0.188756 0.575696
0.135253 -0.183320 0.577258
0.146373 -0.185146 0.584486
0.133296 -0.180858 0.584830
0.140078 -0.188950 0.587321
0.136220 -0.178528 0.581212
0.138107 -0.177475 0.584431
0.139996 -0.188640 0.587962
0.142321 -0.177503 0.589183
0.143493 -0.177927 0.586275
0.135939 -0.185639 0.584237
0.137265 -0.188048 0.590120
0.128218 -0.177676 0.584369
0.143434 -0.184434 0.585291
0.127956 -0.189246 0.586390
0.139363 -0.180615 0.586812
0.146577 -0.174047 0.584856
0.132139 -0.186536 0.593171
0.148037 -0.183961 0.593095
0.139688 -0.197529 0.583246
0.139137 -0.173950 0.584254
0.139196 -0.183483 0.589240
0.141540 -0.172267 0.583360
0.146186 -0.180939 0.591713
0.137988 -0.186340 0.602015
0.150166 -0.185779 0.589415
0.142508 -0.180173 0.596796
0.139037 -0.190728 0.584976
0.138666 -0.175385 0.590686
0.143775 -0.185814 0.595233
0.148473 -0.178837 0.595269
0.144000 -0.188880 0.587091
0.143133 -0.188296 0.595688
0.139598 -0.183671 0.606959
0.145490 -0.170895 0.598643
0.142100 -0.183645 0.611749
0.146807 -0.173290 0.607166
0.145133 -0.183660 0.594205
0.141774 -0.176001 0.605176
0.139335 -0.186638 0.601727
0.146284 -0.175097 0.614675
0.135098 -0.189573 0.595157
0.145378 -0.176980 0.603335
0.143305 -0.186668 0.600396
0.139673 -0.179632 0.597031
0.144615 -0.181885 0.597224
0.140564 -0.174813 0.611146
0.146047 -0.178984 0.592178
0.138112 -0.174121 0.604719
0.148100 -0.174030 0.590922
0.143287 -0.177201 0.604440
0.149280 -0.183355 0.606063
0.143730 -0.177261 0.604879
0.144933 -0.181766 0.606495
0.136931 -0.184781 0.607648
0.132207 -0.190434 0.607670
0.142983 -0.177958 0.603874
0.138811 -0.179221 0.611700
0.138829 -0.172085 0.601144
0.140275 -0.181465 0.605666
0.145333 -0.174051 0.614122
0.141564 -0.178511 0.609120
0.143672 -0.178137 0.617744
0.130000 -0.186998 0.614780
0.144773 -0.182318 0.609371
0.139672 -0.188373 0.606545
0.143324 -0.186532 0.607531
0.152084 -0.184431 0.608846
0.140173 -0.164290 0.613857
0.146104 -0.171985 0.620064
0.135693 -0.183723 0.622483
0.148850 -0.197632 0.622640
0.138063 -0.180215 0.622157
0.136615 -0.179482 0.631410
0.150046 -0.190237 0.620842
0.129359 -0.190144 0.622330
0.132789 -0.185479 0.619423
0.142371 -0.189949 0.613364
0.137708 -0.190598 0.623571
0.143056 -0.175060 0.614638
0.140915 -0.191023 0.619637
0.132106 -0.180784 0.618478
0.127526 -0.176212 0.610130
0.145688 -0.176198 0.626893
0.138004 -0.178617 0.617566
0.131287 -0.196836 0.624884
0.128061 -0.186152 0.617310
0.140703 -0.181286 0.610673
0.137624 -0.178702 0.619110
0.128026 -0.180976 0.617048
0.134832 -0.180275 0.631706
0.121979 -0.185320 0.615062
0.133407 -0.189801 0.615435
0.130108 -0.179930 0.619584
0.130801 -0.184992 0.638712
0.139871 -0.193506 0.623514
0.136431 -0.176768 0.635487
0.139791 -0.186939 0.624643
0.142176 -0.188083 0.619416
0.132331 -0.186853 0.624684
0.129711 -0.179445 0.636637
0.127706 -0.184944 0.625378
0.127513 -0.179335 0.623785
0.140976 -0.190372 0.634443
0.143108 -0.177806 0.627028
0.125179 -0.190675 0.627430
0.129245 -0.187038 0.636399
0.126610 -0.183112 0.627684
0.131011 -0.182159 0.622257
0.120435 -0.178867 0.634230
0.126970 -0.193747 0.634641
0.132381 -0.170424 0.630686
0.126881 -0.175156 0.628690
0.132134 -0.184916 0.635176
0.132554 -0.187493 0.634629
0.130180 -0.186746 0.636814
0.129882 -0.185329 0.627542
0.129754 -0.184507 0.634840
0.136960 -0.184940 0.642462
0.130980 -0.180215 0.627782
0.123599 -0.181744 0.635165
0.123196 -0.191408 0.619827
0.120006 -0.194122 0.628623
0.120418 -0.179899 0.633355
0.118313 -0.183361 0.623442
0.122936 -0.187379 0.635706
0.122011 -0.185155 0.646731
0.118465 -0.181795 0.640536
0.122307 -0.168413 0.633737
0.119830 -0.180801 0.568265
0.116532 -0.182046 0.560666
0.125932 -0.176417 0.565307
0.126606 -0.174746 0.562028
0.122926 -0.176135 0.575103
0.118732 -0.178304 0.560807
0.124026 -0.177067 0.563990
0.138145 -0.176391 0.551464
0.122672 -0.184365 0.580235
0.121868 -0.177102 0.562012
0.124735 -0.181367 0.563639
0.120337 -0.171841 0.568974
0.127122 -0.173230 0.570510
0.125608 -0.177287 0.569224
0.120155 -0.187045 0.566391
0.121248 -0.173818 0.570811
0.122878 -0.176175 0.564920
0.135063 -0.183534 0.561397
0.140093 -0.190091 0.569075
0.122160 -0.176684 0.567832
0.134678 -0.174260 0.560223
0.125606 -0.187075 0.556048
0.125750 -0.184939 0.561216
0.138224 -0.171711 0.567681
0.134104 -0.168677 0.570120
0.127740 -0.177833 0.570724
0.137403 -0.178991 0.565091
0.127914 -0.180797 0.565107
0.129403 -0.192195 0.574466
0.136864 -0.176193 0.562538
0.127403 -0.177971 0.555820
0.133042 -0.175673 0.577045
0.126350 -0.172943 0.582290
0.134935 -0.174009 0.580416
0.139817 -0.186730 0.581732
0.132005 -0.181928 0.568161
0.131173 -0.184664 0.573889
0.139507 -0.183025 0.567898
0.138874 -0.166039 0.572576
0.126738 -0.182163 0.580131
0.136067 -0.184007 0.574716
0.134560 -0.173091 0.570751
0.142552 -0.183032 0.582146
0.139733 -0.182395 0.577859
0.135137 -0.178710 0.578429
0.140802 -0.188825 0.574918
0.146764 -0.184826 0.578276
0.126074 -0.166384 0.585889
0.144005 -0.174720 0.588959
0.143039 -0.187745 0.574483
0.128827 -0.185105 0.585310
0.135852 -0.179571 0.581080
0.146117 -0.176417 0.593554
0.145296 -0.183552 0.576399
0.135593 -0.177904 0.579214
0.131586 -0.174623 0.582226
0.150127 -0.181240 0.593379
0.135776 -0.190611 0.580442
0.152901 -0.173184 0.589305
0.140662 -0.183879 0.595432
0.140064 -0.178322 0.582596
0.139545 -0.178413 0.589806
0.144601 -0.178626 0.589595
0.131761 -0.179166 0.582573
0.138727 -0.169400 0.585346
0.136232 -0.175975 0.581300
0.132309 -0.176907 0.588958
0.136352 -0.185428 0.581856
0.137213 -0.164000 0.585024
0.135596 -0.178743 0.597216
0.128161 -0.185219 0.593450
0.137879 -0.177006 0.587745
0.141183 -0.185283 0.589070
0.142350 -0.180195 0.602231
0.142352 -0.184450 0.586060
0.133414 -0.179088 0.595150
0.145595 -0.192266 0.582673
0.147023 -0.163285 0.599574
0.146950 -0.182505 0.591184
0.144372 -0.184386 0.585966
0.143507 -0.186540 0.588515
0.127637 -0.176386 0.598479
0.142346 -0.185145 0.591471
0.140264 -0.178891 0.593901
0.138628 -0.182089 0.590802
0.135514 -0.178680 0.593620
0.142487 -0.175751 0.592962
0.143928 -0.177709 0.597970
0.153248 -0.181613 0.609347
0.148476 -0.179312 0.604784
0.141821 -0.169266 0.603633
0.153561 -0.183665 0.596764
0.158257 -0.178399 0.598570
0.135978 -0.177140 0.607243
0.149235 -0.178263 0.597216
0.144373 -0.181370 0.592921
0.146062 -0.184225 0.599276
0.145935 -0.180376 0.599485
0.133383 -0.168378 0.594621
0.144796 -0.179546 0.598126
0.140824 -0.180185 0.607865
0.143516 -0.171377 0.609752
0.136157 -0.171562 0.607586
0.131961 -0.170427 0.601984
0.140068 -0.177490 0.611863
0.143156 -0.169212 0.601854
0.139241 -0.180839 0.619033
0.151170 -0.186846 0.614894
0.140549 -0.195000 0.614224
0.130597 -0.191532 0.613941
0.145201 -0.181365 0.603337
0.141118 -0.184521 0.608910
0.137767 -0.180445 0.603861
0.136244 -0.176296 0.602028
0.143689 -0.178800 0.605769
0.133770 -0.185312 0.609689
0.135423 -0.174377 0.607233
0.141880 -0.183028 0.616351
0.143929 -0.185838 0.610612
0.140487 -0.174162 0.614743
0.143581 -0.181282 0.613071
0.132069 -0.191245 0.609410
0.142807 -0.177017 0.612902
0.145195 -0.176565 0.606270
0.143683 -0.179631 0.614217
0.134665 -0.177874 0.621070
0.134690 -0.177501 0.608722
0.135534 -0.174779 0.623634
0.135032 -0.174251 0.616209
0.137914 -0.183397 0.640430
0.136773 -0.180846 0.616148
0.144669 -0.167356 0.614453
0.138406 -0.182081 0.621923
0.134548 -0.168419 0.618241
0.142790 -0.172909 0.618785
0.144934 -0.179299 0.618592
0.130902 -0.177157 0.624702
0.129220 -0.179824 0.613801
0.124148 -0.170987 0.614833
0.127397 -0.177959 0.618406
0.133060 -0.182079 0.620858
0.139468 -0.175156 0.626947
0.143561 -0.184840 0.624716
0.143782 -0.180146 0.635416
0.136827 -0.187857 0.622246
0.135965 -0.177926 0.627320
0.135192 -0.186510 0.626193
0.135583 -0.178056 0.634098
0.129447 -0.168010 0.634075
0.137697 -0.182085 0.629834
0.140686 -0.173746 0.639552
0.121778 -0.183451 0.613851
0.130991 -0.176659 0.627699
0.137742 -0.172432 0.619303
0.130913 -0.179090 0.617619
0.135900 -0.182471 0.618051
0.128739 -0.177051 0.628706
0.131590 -0.177523 0.624375
0.133308 -0.188091 0.625258
0.120210 -0.173680 0.646630
0.125326 -0.172250 0.630239
0.124191 -0.182197 0.627382
0.125858 -0.184858 0.628503
0.124841 -0.172339 0.636542
0.136001 -0.163942 0.618819
0.110762 -0.176004 0.635429
0.122219 -0.180071 0.623643
0.125356 -0.184672 0.649306
0.125634 -0.175528 0.646063
0.126961 -0.181372 0.634604
0.119537 -0.171488 0.624500
0.117729 -0.172085 0.627845
0.115788 -0.181867 0.632950
0.126366 -0.178602 0.637741
0.130740 -0.186023 0.639483
0.134080 -0.176238 0.639181
0.122540 -0.180538 0.630646
0.114601 -0.173564 0.637148
0.125237 -0.183393 0.638450
0.125341 -0.178998 0.640402
0.111621 -0.174943 0.552304
0.118844 -0.173952 0.570047
0.129806 -0.177016 0.561022
0.124608 -0.169226 0.568395
0.124517 -0.177757 0.558796
0.119759 -0.174634 0.567696
0.109949 -0.174129 0.563554
0.128406 -0.176940 0.571116
0.121693 -0.180120 0.569501
0.123281 -0.179303 0.551747
0.119125 -0.162279 0.566829
0.126182 -0.181343 0.566305
0.124973 -0.172015 0.570184
0.121184 -0.182199 0.563061
0.132195 -0.179850 0.569019
0.133643 -0.183793 0.558105
0.121412 -0.180096 0.576452
0.123173 -0.174227 0.571460
0.132436 -0.183652 0.568703
0.122918 -0.183885 0.560231
0.125559 -0.178018 0.580265
0.138169 -0.188202 0.567060
0.133335 -0.170011 0.581691
0.130784 -0.171492 0.572781
0.136268 -0.181204 0.562002
0.140628 -0.183491 0.571512
0.125983 -0.175104 0.568104
0.138271 -0.180484 0.568180
0.130478 -0.181584 0.567174
0.133849 -0.172487 0.582386
0.127260 -0.168685 0.575868
0.137751 -0.171030 0.576087
0.136505 -0.165869 0.573296
0.134252 -0.176651 0.578640
0.144041 -0.186467 0.582455
0.138276 -0.163406 0.574979
0.127099 -0.169306 0.574095
0.137452 -0.171466 0.586038
0.130940 -0.189915 0.582492
0.132440 -0.177825 0.576183
0.130085 -0.174268 0.576561
0.137671 -0.189061 0.569692
0.151788 -0.184890 0.585498
0.142576 -0.179360 0.578021
0.135330 -0.187871 0.565291
0.141860 -0.179003 0.573686
0.131416 -0.172324 0.579939
0.137514 -0.176383 0.578894
0.130758 -0.174668 0.587160
0.133637 -0.175598 0.579442
0.137479 -0.172448 0.579025
0.129886 -0.171056 0.573295
0.133961 -0.177739 0.584053
0.136353 -0.173524 0.586045
0.136037 -0.181251 0.580720
0.134140 -0.177388 0.596209
0.138441 -0.182154 0.590229
0.143133 -0.169768 0.575897
0.137941 -0.178503 0.588982
0.130806 -0.169748 0.580012
0.150417 -0.178052 0.591181
0.143262 -0.180185 0.578819
0.140181 -0.176019 0.587303
0.134116 -0.181777 0.577005
0.140298 -0.169351 0.588730
0.134714 -0.178323 0.590450
0.149472 -0.183637 0.592138
0.140024 -0.179141 0.594323
0.142766 -0.179969 0.584908
0.154187 -0.180929 0.587052
0.156310 -0.177224 0.592922
0.145226 -0.173439 0.590181
0.154076 -0.181660 0.579158
0.155773 -0.179848 0.585247
0.148775 -0.169469 0.595785
0.143260 -0.180519 0.598041
0.144328 -0.182374 0.591134
0.139964 -0.179247 0.582443
0.130859 -0.176698 0.596137
0.139564 -0.169808 0.583907
0.140796 -0.172020 0.593615
0.134632 -0.171106 0.596733
0.140788 -0.166767 0.586615
0.138016 -0.178118 0.601471
0.137441 -0.176068 0.586571
0.142171 -0.181052 0.589082
0.141763 -0.180920 0.595235
0.140473 -0.174883 0.597611
0.136459 -0.177776 0.589996
0.136288 -0.179767 0.602023
0.150891 -0.162448 0.598996
0.130976 -0.179454 0.609333
0.147247 -0.173971 0.601251
0.145657 -0.184987 0.593701
0.143147 -0.180410 0.599094
0.143214 -0.181867 0.605126
0.140850 -0.174921 0.606489
0.141106 -0.174960 0.599877
0.134650 -0.180390 0.605953
0.139399 -0.174163 0.618806
0.140280 -0.173901 0.603640
0.146454 -0.176184 0.600828
0.141948 -0.175637 0.605329
0.141485 -0.176971 0.608727
0.137986 -0.172263 0.608459
0.136150 -0.182637 0.609504
0.141858 -0.172149 0.607300
0.140762 -0.185368 0.601465
0.143445 -0.178208 0.607671
0.144118 -0.182459 0.604016
0.133109 -0.175494 0.608862
0.130062 -0.162660 0.614057
0.146794 -0.175227 0.617252
0.134889 -0.184172 0.608955
0.136094 -0.174912 0.616614
0.137544 -0.176486 0.609716
0.139818 -0.170101 0.616183
0.145536 -0.162393 0.614373
0.142120 -0.173456 0.611435
0.141917 -0.184205 0.606748
0.139773 -0.176265 0.613858
0.143146 -0.172877 0.619392
0.139320 -0.179254 0.615688
0.129189 -0.179882 0.613788
0.130907 -0.181365 0.611875
0.129263 -0.174502 0.614158
0.144831 -0.180944 0.624282
0.134124 -0.177323 0.609246
0.126427 -0.171654 0.615358
0.133112 -0.174391 0.609141
0.140028 -0.175523 0.619956
0.130834 -0.184839 0.621504
0.142331 -0.172938 0.624996
0.137558 -0.179765 0.627126
0.139785 -0.168568 0.616924
0.137150 -0.170459 0.615732
0.139856 -0.177082 0.613749
0.124580 -0.172945 0.614158
0.140861 -0.175580 0.620046
0.139665 -0.173122 0.622053
0.129901 -0.186319 0.624450
0.129596 -0.184427 0.624148
0.127968 -0.166286 0.609719
0.139061 -0.180329 0.610559
0.139363 -0.182845 0.640126
0.124143 -0.179604 0.631504
0.128531 -0.160686 0.628133
0.124616 -0.176008 0.619443
0.139631 -0.169016 0.630338
0.125638 -0.176541 0.635516
0.127887 -0.183694 0.621066
0.137953 -0.169030 0.619061
0.124614 -0.184780 0.632221
0.126299 -0.172438 0.632367
0.129348 -0.166159 0.624992
0.136127 -0.179859 0.625810
0.125446 -0.168835 0.634432
0.133771 -0.173157 0.628611
0.136571 -0.171009 0.631436
0.146351 -0.174670 0.624330
0.124791 -0.170499 0.639568
0.138853 -0.169091 0.627788
0.128280 -0.167075 0.630705
0.134680 -0.166456 0.638817
0.136495 -0.174319 0.637850
0.112109 -0.169738 0.640217
0.125393 -0.169337 0.641535
0.128131 -0.173609 0.629849
0.125150 -0.178167 0.632564
0.119719 -0.170000 0.637156
0.120347 -0.175896 0.636447
0.126798 -0.179019 0.633993
0.126300 -0.178024 0.630060
0.120728 -0.171576 0.634982
0.124665 -0.172260 0.634987
0.124698 -0.181393 0.626174
0.128697 -0.183920 0.629674
0.121958 -0.171644 0.634057
0.120089 -0.176754 0.630609
0.127779 -0.166025 0.637498
0.120339 -0.170288 0.564068
0.117879 -0.173266 0.564807
0.125697 -0.183042 0.559848
0.121883 -0.176670 0.568953
0.124484 -0.180583 0.569894
0.116572 -0.172056 0.565349
0.127026 -0.176163 0.561025
0.125666 -0.177711 0.560514
0.127623 -0.185205 0.571774
0.118524 -0.167555 0.563655
0.122094 -0.182423 0.570427
0.115120 -0.178710 0.561721
0.111744 -0.169008 0.572571
0.127751 -0.176696 0.576402
0.127367 -0.171813 0.568384
0.123993 -0.172396 0.555752
0.127903 -0.179917 0.574178
0.128257 -0.170023 0.564292
0.133097 -0.172819 0.567118
0.131047 -0.177687 0.579316
0.121487 -0.172558 0.572839
0.137838 -0.180066 0.559465
0.126135 -0.166784 0.567239
0.130521 -0.174492 0.570069
0.128138 -0.168375 0.565723
0.143627 -0.179353 0.570377
0.132083 -0.174351 0.566769
0.140981 -0.179568 0.553486
0.139554 -0.175018 0.576673
0.139156 -0.165532 0.569637
0.124337 -0.172999 0.578549
0.141649 -0.185206 0.577484
0.144504 -0.159890 0.585895
0.130244 -0.178822 0.573972
0.135873 -0.174673 0.571559
0.137603 -0.173177 0.575880
0.143674 -0.169006 0.569185
0.148169 -0.170918 0.582786
0.131937 -0.180073 0.582588
0.130717 -0.174359 0.573511
0.139747 -0.170072 0.573088
0.130326 -0.177744 0.592844
0.140919 -0.176542 0.577915
0.135143 -0.173205 0.580232
0.135019 -0.180880 0.579059
0.148700 -0.166608 0.584137
0.139007 -0.171696 0.579508
0.142271 -0.169823 0.578307
0.135472 -0.174012 0.579636
0.140895 -0.177756 0.587133
0.146249 -0.171446 0.592744
0.132661 -0.186334 0.577451
0.137709 -0.182388 0.589492
0.131762 -0.187452 0.592366
0.132425 -0.173028 0.585423
0.129168 -0.174468 0.570001
0.137807 -0.172174 0.579887
0.139625 -0.180036 0.574357
0.141706 -0.169663 0.584946
0.134042 -0.178516 0.585360
0.139736 -0.178758 0.575915
0.142219 -0.164819 0.594238
0.138982 -0.178920 0.585048
0.127035 -0.174156 0.580965
0.135585 -0.180345 0.593076
0.128814 -0.173615 0.580888
0.135139 -0.170153 0.588501
0.136227 -0.168459 0.586832
0.141779 -0.172796 0.585849
0.140859 -0.173966 0.589944
0.136800 -0.166705 0.594145
0.138850 -0.167270 0.588237
0.136545 -0.172400 0.589868
0.137065 -0.172529 0.590871
0.135149 -0.176336 0.603243
0.140497 -0.171914 0.585220
0.148234 -0.175582 0.587940
0.137741 -0.168160 0.589724
0.132686 -0.166925 0.591848
0.129106 -0.169985 0.593155
0.138374 -0.180876 0.598716
0.145942 -0.176297 0.597968
0.149257 -0.166709 0.598396
0.135065 -0.172016 0.592897
0.146949 -0.165669 0.596319
0.149595 -0.160442 0.598263
0.143910 -0.174334 0.604347
0.139173 -0.181237 0.607808
0.138614 -0.164781 0.601668
0.144541 -0.162972 0.598157
0.150664 -0.161456 0.594608
0.157764 -0.169454 0.608505
0.134637 -0.178231 0.603981
0.131672 -0.177316 0.599171
0.161926 -0.173565 0.597274
0.131534 -0.176560 0.599647
0.131771 -0.167365 0.608122
0.138918 -0.173065 0.620627
0.134422 -0.161999 0.601526
0.136908 -0.184394 0.609811
0.136076 -0.172847 0.604974
0.135564 -0.177870 0.595335
0.154459 -0.177250 0.609401
0.142690 -0.170789 0.617433
0.134200 -0.177629 0.599904
0.151671 -0.179272 0.605762
0.150547 -0.177460 0.608654
0.140025 -0.183539 0.612434
0.142158 -0.179758 0.608458
0.135398 -0.167234 0.613352
0.136018 -0.188031 0.611154
0.147339 -0.170962 0.615645
0.141465 -0.177048 0.607413
0.141365 -0.165618 0.614225
0.141977 -0.165531 0.612345
0.143891 -0.163994 0.608505
0.136161 -0.167440 0.610022
0.132532 -0.173324 0.622815
0.133543 -0.178341 0.615491
0.141484 -0.175011 0.614664
0.133924 -0.161105 0.616398
0.132425 -0.161280 0.622389
0.139653 -0.168655 0.621517
0.136586 -0.172763 0.621539
0.133995 -0.177808 0.610618
0.139233 -0.177875 0.616869
0.138322 -0.167716 0.603914
0.146397 -0.162578 0.622166
0.125992 -0.170456 0.619030
0.123767 -0.178739 0.620036
0.121526 -0.167699 0.617272
0.147184 -0.170592 0.614750
0.140709 -0.179498 0.613642
0.145293 -0.169652 0.619430
0.134117 -0.164709 0.615630
0.138335 -0.170507 0.636480
0.133723 -0.160104 0.631451
0.131236 -0.174936 0.622468
0.133776 -0.174408 0.625586
0.123789 -0.182239 0.628930
0.146518 -0.179455 0.621205
0.132952 -0.179484 0.630901
0.147854 -0.175525 0.626069
0.132573 -0.171414 0.613371
0.143742 -0.171468 0.627460
0.134188 -0.161286 0.619622
0.126697 -0.178863 0.630469
0.142332 -0.163226 0.634297
0.120063 -0.164413 0.633951
0.134318 -0.177742 0.619798
0.135296 -0.172820 0.618819
0.134246 -0.166525 0.620078
0.129305 -0.179739 0.630723
0.128144 -0.173328 0.626222
0.134798 -0.167579 0.636042
0.129077 -0.172767 0.628111
0.129185 -0.172650 0.621450
0.122163 -0.171541 0.616500
0.123454 -0.169525 0.630952
0.132773 -0.175905 0.632091
0.123524 -0.169462 0.633648
0.124733 -0.181402 0.624448
0.129163 -0.171301 0.630560
0.124340 -0.175995 0.626493
0.116173 -0.167023 0.635925
0.131763 -0.178787 0.642689
0.126959 -0.169461 0.627773
0.121126 -0.170879 0.633731
0.123512 -0.168677 0.625310
0.122518 -0.166767 0.636357
0.131506 -0.175046 0.638074
0.129458 -0.177114 0.635093
0.129420 -0.167102 0.639986
0.109479 -0.171220 0.640010
0.114369 -0.171818 0.638715
0.129239 -0.173627 0.635460
0.126742 -0.174412 0.641567
0.124574 -0.170425 0.633288
0.122258 -0.173683 0.643336
0.116491 -0.179884 0.631928
0.129350 -0.165944 0.566973
0.118841 -0.164471 0.565546
0.113638 -0.171741 0.565612
0.125316 -0.175167 0.554821
0.124779 -0.161205 0.562059
0.126419 -0.161224 0.559719
0.122241 -0.165219 0.567554
0.122478 -0.168629 0.565453
0.114151 -0.173071 0.575183
0.126532 -0.173204 0.562967
0.130034 -0.166583 0.565422
0.129309 -0.170668 0.572187
0.131234 -0.170408 0.575480
0.121182 -0.163803 0.576091
0.124321 -0.174634 0.558655
0.120687 -0.172187 0.561574
0.123870 -0.160267 0.562845
0.129351 -0.163703 0.566788
0.125185 -0.164241 0.576012
0.124646 -0.174336 0.580809
0.130260 -0.158794 0.566215
0.130323 -0.174942 0.563902
0.128437 -0.175417 0.576421
0.141664 -0.169378 0.569554
0.133819 -0.175025 0.566364
0.136618 -0.175802 0.579963
0.133401 -0.179062 0.581117
0.133704 -0.177206 0.567573
0.128167 -0.188124 0.581900
0.130581 -0.161503 0.569549
0.131400 -0.171300 0.573299
0.138473 -0.173183 0.571286
0.121826 -0.181245 0.580649
0.131870 -0.180141 0.576804
0.136063 -0.169100 0.570281
0.130043 -0.171296 0.592461
0.130508 -0.174232 0.579966
0.142953 -0.167078 0.572676
0.133845 -0.172806 0.570929
0.138563 -0.162878 0.574782
0.140183 -0.165949 0.575967
0.143519 -0.163160 0.571383
0.141777 -0.167156 0.581364
0.126898 -0.176996 0.573469
0.141699 -0.163613 0.569596
0.142147 -0.165234 0.578153
0.153945 -0.176801 0.574151
0.134886 -0.167030 0.569165
0.130120 -0.167640 0.570662
0.135563 -0.162681 0.571989
0.130868 -0.166459 0.589169
0.145537 -0.174830 0.589817
0.143230 -0.172873 0.581495
0.140275 -0.174605 0.585896
0.137650 -0.165266 0.586025
0.138503 -0.168580 0.591637
0.141716 -0.170640 0.587810
0.135003 -0.165779 0.592076
0.149336 -0.169506 0.586957
0.144722 -0.183274 0.573732
0.136994 -0.170768 0.595010
0.151524 -0.168149 0.586591
0.137579 -0.168094 0.580903
0.139651 -0.166918 0.581252
0.139046 -0.172501 0.587440
0.142741 -0.164344 0.591983
0.136642 -0.168099 0.590581
0.143384 -0.166259 0.586400
0.141603 -0.179797 0.593035
0.144135 -0.168610 0.596174
0.138916 -0.169778 0.597874
0.148622 -0.165188 0.589561
0.149640 -0.164310 0.583295
0.128390 -0.168649 0.603941
0.146753 -0.184303 0.587482
0.140028 -0.177321 0.602626
0.143067 -0.168715 0.598543
0.143662 -0.175522 0.591551
0.142929 -0.167267 0.590299
0.150096 -0.155331 0.595240
0.142845 -0.168454 0.599183
0.144355 -0.184686 0.609350
0.144726 -0.187062 0.586216
0.131349 -0.156793 0.592031
0.141234 -0.166034 0.590349
0.143062 -0.173843 0.598105
0.142164 -0.162648 0.590594
0.148392 -0.166066 0.604067
0.140291 -0.172613 0.599255
0.139954 -0.165487 0.592683
0.147331 -0.167566 0.591295
0.147239 -0.162613 0.600876
0.135740 -0.177949 0.598862
0.143562 -0.169369 0.600960
0.134197 -0.172655 0.597262
0.135877 -0.173176 0.617592
0.131037 -0.168810 0.603401
0.134373 -0.159607 0.601266
0.138127 -0.172037 0.604792
0.141188 -0.178721 0.609946
0.142083 -0.161070 0.612732
0.137729 -0.175515 0.611850
0.138801 -0.174287 0.601081
0.138393 -0.177658 0.601218
0.144649 -0.161373 0.601461
0.146163 -0.166687 0.605996
0.151003 -0.159755 0.612002
0.133310 -0.175774 0.616851
0.141046 -0.166523 0.621148
0.147666 -0.167706 0.617345
0.147338 -0.168926 0.602234
0.151632 -0.175478 0.609992
0.145891 -0.162798 0.618544
0.137063 -0.170071 0.611467
0.130504 -0.175003 0.604743
0.136268 -0.168588 0.609713
0.138358 -0.175514 0.609047
0.134898 -0.168897 0.619024
0.133605 -0.173665 0.612844
0.134953 -0.167186 0.623342
0.140015 -0.163136 0.626604
0.148262 -0.176688 0.616616
0.141112 -0.170403 0.616992
0.137238 -0.178469 0.606318
0.126726 -0.166337 0.609655
0.144291 -0.172605 0.618961
0.151693 -0.176932 0.620546
0.137352 -0.169398 0.617769
0.142640 -0.168655 0.623028
0.130422 -0.161996 0.618456
0.130614 -0.168066 0.625994
0.140177 -0.167487 0.623333
0.143030 -0.172942 0.624217
0.133350 -0.162093 0.616706
0.145425 -0.170058 0.619533
0.132474 -0.178918 0.614423
0.144654 -0.173787 0.623294
0.133616 -0.175968 0.611135
0.136634 -0.166145 0.615908
0.123907 -0.155213 0.619416
0.128689 -0.172446 0.624673
0.139843 -0.157447 0.625705
0.128744 -0.168013 0.632166
0.131352 -0.163914 0.617019
0.137250 -0.166430 0.634215
0.131000 -0.167726 0.636423
0.140258 -0.171609 0.622303
0.131971 -0.170313 0.623340
0.138905 -0.168086 0.637852
0.128928 -0.162978 0.631658
0.134385 -0.169431 0.635731
0.123126 -0.177034 0.630159
0.150504 -0.162226 0.622472
0.142613 -0.164753 0.623872
0.121867 -0.168914 0.627075
0.135790 -0.175793 0.632755
0.136835 -0.172553 0.623344
0.137623 -0.173435 0.635150
0.141727 -0.168066 0.635736
0.132429 -0.168322 0.636847
0.140299 -0.166486 0.637311
0.127343 -0.168227 0.635457
0.129891 -0.167379 0.627187
0.131770 -0.165653 0.640525
0.123984 -0.172122 0.635767
0.127642 -0.168203 0.633711
0.120764 -0.169692 0.628220
0.128396 -0.173585 0.638759
0.120222 -0.163665 0.632841
0.126358 -0.174352 0.631299
0.112052 -0.167627 0.638963
0.123070 -0.180497 0.630353
0.132083 -0.164439 0.633092
0.114628 -0.161609 0.639627
0.115688 -0.167890 0.638681
0.128907 -0.170039 0.635549
0.132334 -0.163630 0.627071
0.120670 -0.165624 0.633467
0.116291 -0.172305 0.633799
0.119676 -0.172941 0.624731
0.129712 -0.165848 0.564365
0.119166 -0.178585 0.562019
0.121367 -0.163875 0.571145
0.121283 -0.155363 0.559629
0.125997 -0.179805 0.574484
0.123634 -0.170886 0.562918
0.123383 -0.151462 0.565716
0.121780 -0.158279 0.563070
0.123013 -0.160657 0.563639
0.125222 -0.162159 0.561020
0.129385 -0.163645 0.563706
0.124433 -0.165668 0.559714
0.122529 -0.163702 0.570877
0.121426 -0.163019 0.565789
0.122084 -0.163773 0.562198
0.140693 -0.167274 0.568104
0.119847 -0.167990 0.569075
0.137956 -0.167748 0.575835
0.118885 -0.167495 0.570824
0.129059 -0.166689 0.572897
0.117684 -0.171328 0.581523
0.139146 -0.161672 0.559810
0.134575 -0.175270 0.574104
0.130764 -0.171423 0.580491
0.132984 -0.162540 0.571108
0.124821 -0.171325 0.572390
0.135364 -0.158275 0.577214
0.130945 -0.175755 0.573262
0.129377 -0.168607 0.575546
0.134693 -0.158432 0.572926
0.137157 -0.154885 0.582796
0.129924 -0.166979 0.565657
0.131817 -0.177900 0.562242
0.134682 -0.161155 0.580495
0.132120 -0.165965 0.579219
0.145271 -0.173168 0.565853
0.131859 -0.178730 0.573883
0.135762 -0.168179 0.571947
0.131613 -0.165884 0.578186
0.132414 -0.166880 0.577182
0.141387 -0.168028 0.576248
0.150293 -0.169650 0.571818
0.137854 -0.156700 0.575107
0.141689 -0.166122 0.580827
0.124794 -0.161943 0.589488
0.141468 -0.168628 0.585924
0.133452 -0.168328 0.581885
0.140646 -0.166430 0.589347
0.139896 -0.174787 0.590480
0.142529 -0.169411 0.571646
0.140967 -0.159964 0.590293
0.143760 -0.170745 0.575608
0.141472 -0.158434 0.581232
0.141975 -0.153982 0.577803
0.138313 -0.151411 0.585596
0.140949 -0.167216 0.576896
0.130240 -0.172070 0.585963
0.144568 -0.170180 0.585590
0.140473 -0.171303 0.582291
0.145172 -0.166582 0.580377
0.143746 -0.167905 0.582515
0.139608 -0.164102 0.579685
0.148673 -0.166410 0.582261
0.142215 -0.153199 0.583900
0.144043 -0.163078 0.582729
0.138044 -0.166465 0.584463
0.137402 -0.162356 0.594701
0.131425 -0.167646 0.600088
0.138110 -0.166522 0.586970
0.147453 -0.159261 0.593199
0.147174 -0.158541 0.593191
0.141086 -0.171574 0.584215
0.133245 -0.163526 0.588859
0.143909 -0.163777 0.606432
0.140621 -0.170116 0.594772
0.140158 -0.164868 0.588720
0.150744 -0.163367 0.595083
0.143500 -0.168457 0.586932
0.136673 -0.168171 0.600835
0.148351 -0.174490 0.602048
0.154808 -0.168124 0.597688
0.145947 -0.161960 0.591025
0.140950 -0.164413 0.593559
0.138398 -0.164093 0.603239
0.126960 -0.169625 0.596364
0.144904 -0.169246 0.589780
0.146555 -0.164800 0.598423
0.143870 -0.167473 0.608189
0.144407 -0.173896 0.603910
0.135696 -0.166284 0.599704
0.133344 -0.172457 0.605800
0.141608 -0.156887 0.589766
0.147348 -0.167528 0.605502
0.142471 -0.172025 0.594944
0.148949 -0.176010 0.593244
0.148911 -0.158036 0.601550
0.133288 -0.156821 0.594839
0.146456 -0.157812 0.594819
0.134727 -0.170746 0.600681
0.151418 -0.168631 0.608019
0.153793 -0.175604 0.596634
0.137343 -0.169739 0.607999
0.136048 -0.163845 0.609444
0.138719 -0.166434 0.605188
0.133584 -0.160225 0.615760
0.147852 -0.169142 0.603644
0.142002 -0.171855 0.606644
0.137406 -0.165866 0.601512
0.145903 -0.167580 0.603165
0.147597 -0.167310 0.606586
0.137026 -0.162805 0.603033
0.146096 -0.158777 0.615458
0.140443 -0.172113 0.614409
0.139327 -0.172664 0.619182
0.137273 -0.165933 0.612646
0.152062 -0.166775 0.603377
0.136727 -0.169819 0.601272
0.146328 -0.151193 0.618888
0.135605 -0.161606 0.606474
0.147473 -0.170545 0.609859
0.143516 -0.163604 0.618706
0.144178 -0.158551 0.615070
0.132966 -0.175059 0.617443
0.151800 -0.159829 0.617286
0.144328 -0.158736 0.611670
0.145588 -0.162295 0.613635
0.135291 -0.169655 0.620992
0.154124 -0.173600 0.615455
0.129255 -0.168579 0.609400
0.142728 -0.165868 0.615313
0.136592 -0.159695 0.622174
0.131791 -0.167133 0.607513
0.134763 -0.175925 0.615351
0.140827 -0.169343 0.615503
0.136204 -0.167349 0.619732
0.127906 -0.158947 0.624972
0.137455 -0.168391 0.613345
0.146079 -0.164205 0.609379
0.137809 -0.173511 0.624262
0.120334 -0.169306 0.616299
0.138600 -0.161532 0.620595
0.142270 -0.162701 0.631759
0.126907 -0.169169 0.613623
0.131470 -0.163077 0.627130
0.140124 -0.159887 0.621543
0.136058 -0.163649 0.634734
0.131423 -0.172022 0.623959
0.128099 -0.165699 0.628020
0.147820 -0.166993 0.628703
0.120860 -0.161522 0.625445
0.128488 -0.175671 0.629770
0.121082 -0.166361 0.629794
0.127125 -0.155445 0.629819
0.123152 -0.156342 0.643223
0.121915 -0.166218 0.631500
0.130847 -0.159657 0.630890
0.132159 -0.160936 0.621837
0.129050 -0.179551 0.624289
0.123067 -0.168870 0.634369
0.125823 -0.163311 0.627441
0.116005 -0.172284 0.626389
0.125995 -0.161640 0.631391
0.129719 -0.174544 0.636614
0.137525 -0.167146 0.636901
0.127151 -0.167046 0.631811
0.130356 -0.172877 0.634699
0.123024 -0.159243 0.629381
0.125160 -0.171859 0.636073
0.133337 -0.180527 0.635742
0.123817 -0.165663 0.631262
0.119977 -0.158776 0.634423
0.118158 -0.170627 0.626215
0.129826 -0.163011 0.623668
0.118260 -0.166821 0.635844
0.122083 -0.171037 0.635788
0.122426 -0.170434 0.638638
0.116732 -0.175239 0.630178
0.132319 -0.169941 0.634562
0.115609 -0.164764 0.628709
0.113110 -0.171251 0.624926
0.112543 -0.156606 0.565356
0.124196 -0.165736 0.564818
0.112805 -0.161708 0.564148
0.115782 -0.166767 0.559191
0.130675 -0.168132 0.557244
0.130262 -0.158702 0.558115
0.128038 -0.159427 0.570305
0.120021 -0.160683 0.562493
0.134887 -0.171274 0.559013
0.123810 -0.166869 0.563247
0.131296 -0.162545 0.567374
0.136598 -0.169580 0.578888
0.119166 -0.165892 0.569922
0.133137 -0.162377 0.578689
0.109139 -0.159067 0.573101
0.139141 -0.155982 0.572114
0.136194 -0.166831 0.562570
0.128338 -0.164112 0.556525
0.127965 -0.159231 0.574502
0.134490 -0.163465 0.568047
0.124288 -0.161906 0.555658
0.134785 -0.165157 0.570940
0.132110 -0.157722 0.571582
0.142451 -0.168494 0.564891
0.128937 -0.162889 0.568780
0.131174 -0.168208 0.587138
0.136694 -0.167333 0.569974
0.131882 -0.168525 0.575433
0.121883 -0.156654 0.571637
0.130493 -0.155031 0.565520
0.138902 -0.163751 0.578128
0.134447 -0.160173 0.574576
0.140558 -0.167880 0.571982
0.138880 -0.159587 0.574363
0.130185 -0.164341 0.565139
0.134924 -0.156803 0.574225
0.136947 -0.161653 0.577822
0.139522 -0.170326 0.570358
0.138860 -0.169609 0.581458
0.129589 -0.158745 0.580817
0.131593 -0.163324 0.564938
0.142114 -0.166398 0.569164
0.143909 -0.165896 0.582517
0.134887 -0.162893 0.578077
0.122771 -0.164266 0.583112
0.126349 -0.162151 0.578801
0.128606 -0.172832 0.582047
0.136396 -0.155661 0.578111
0.137184 -0.160522 0.585688
0.141242 -0.151875 0.585249
0.145389 -0.159779 0.578686
0.138387 -0.156586 0.568659
0.147637 -0.168922 0.582197
0.127206 -0.160103 0.587018
0.138750 -0.166788 0.582515
0.136090 -0.164178 0.586802
0.140748 -0.154283 0.584483
0.140116 -0.167059 0.582826
0.141965 -0.172297 0.591280
0.137752 -0.155781 0.588282
0.147120 -0.168014 0.590315
0.140522 -0.174999 0.577873
0.142164 -0.166742 0.585894
0.128653 -0.155447 0.589759
0.146115 -0.165926 0.587119
0.140849 -0.157887 0.589967
0.135611 -0.144138 0.595007
0.152058 -0.161361 0.591133
0.135680 -0.169672 0.589028
0.134651 -0.153787 0.594389
0.142166 -0.155211 0.589738
0.131087 -0.156435 0.599769
0.141228 -0.165238 0.585043
0.152925 -0.168648 0.599759
0.133192 -0.168344 0.589804
0.145960 -0.156153 0.595800
0.134629 -0.171565 0.596499
0.148276 -0.164824 0.587679
0.143299 -0.173252 0.586000
0.136015 -0.173028 0.588198
0.144020 -0.157975 0.596324
0.138673 -0.161167 0.590126
0.142337 -0.159305 0.603534
0.143415 -0.167502 0.600816
0.143234 -0.157223 0.594864
0.135328 -0.165216 0.597725
0.142192 -0.173562 0.605848
0.140057 -0.165768 0.592172
0.137670 -0.157269 0.613473
0.138927 -0.155042 0.595161
0.145610 -0.163640 0.610815
0.135427 -0.174367 0.602405
0.148435 -0.162782 0.595730
0.142091 -0.158795 0.595427
0.145046 -0.160419 0.612517
0.144398 -0.153925 0.596598
0.143989 -0.156272 0.605227
0.151352 -0.150097 0.599727
0.149047 -0.167315 0.604661
0.147048 -0.156668 0.607248
0.144946 -0.168857 0.601582
0.146559 -0.161242 0.605890
0.133455 -0.157687 0.597804
0.152257 -0.149910 0.601363
0.140903 -0.160371 0.598094
0.147677 -0.174913 0.607884
0.138958 -0.158080 0.602515
0.139544 -0.149077 0.607576
0.144804 -0.169963 0.606158
0.137899 -0.165403 0.612252
0.141406 -0.162057 0.616854
0.144483 -0.161259 0.611975
0.148622 -0.165211 0.606443
0.145310 -0.156170 0.615796
0.143544 -0.159149 0.620717
0.134519 -0.166910 0.613190
0.143670 -0.155295 0.613387
0.141078 -0.163151 0.618222
0.145383 -0.157803 0.620630
0.148498 -0.163403 0.621260
0.128149 -0.165230 0.617194
0.147780 -0.160893 0.618868
0.137500 -0.153746 0.612025
0.133833 -0.166880 0.609092
0.145656 -0.152210 0.622545
0.138963 -0.167546 0.620153
0.142682 -0.174169 0.623625
0.134961 -0.165507 0.611532
0.146108 -0.155962 0.617188
0.135522 -0.151643 0.610961
0.136461 -0.171193 0.625389
0.127349 -0.159905 0.626220
0.125169 -0.161099 0.622877
0.140857 -0.162173 0.624281
0.131683 -0.151743 0.622503
0.135168 -0.164679 0.623750
0.136274 -0.154055 0.618479
0.134062 -0.157035 0.625266
0.141388 -0.159315 0.618897
0.126744 -0.157777 0.625862
0.141067 -0.166127 0.628456
0.137580 -0.164361 0.626576
0.125395 -0.149697 0.618268
0.128635 -0.153028 0.626366
0.140491 -0.164904 0.622133
0.141693 -0.162410 0.629092
0.134540 -0.146484 0.631023
0.146255 -0.155820 0.621458
0.136850 -0.158168 0.638478
0.140166 -0.158327 0.623862
0.133595 -0.155704 0.625979
0.130432 -0.167299 0.623572
0.131975 -0.163832 0.628878
0.133593 -0.165434 0.621109
0.129580 -0.159259 0.624899
0.133446 -0.172301 0.631096
0.123835 -0.163785 0.628752
0.138476 -0.166894 0.635008
0.130893 -0.157974 0.629368
0.136100 -0.170894 0.634405
0.131214 -0.161896 0.638597
0.125608 -0.155544 0.633045
0.122581 -0.160588 0.638552
0.137066 -0.154153 0.635280
0.124070 -0.162849 0.622773
0.136508 -0.153024 0.638593
0.125403 -0.157198 0.625333
0.133842 -0.161583 0.636624
0.118543 -0.158342 0.624283
0.117994 -0.157032 0.637048
0.115580 -0.162958 0.627896
0.123024 -0.160514 0.643488
0.120977 -0.167176 0.638416
0.123695 -0.158287 0.628109
0.123197 -0.154889 0.631600
0.114151 -0.156683 0.632355
0.128304 -0.168367 0.631913
0.127596 -0.164944 0.625856
0.111150 -0.165537 0.630046
0.117271 -0.160604 0.641501
0.125872 -0.164999 0.560615
0.118743 -0.162979 0.552966
0.119726 -0.150113 0.556518
0.116353 -0.159182 0.563430
0.113281 -0.152940 0.570737
0.122990 -0.152698 0.558232
0.127395 -0.172578 0.561656
0.119754 -0.165757 0.566717
0.124483 -0.149395 0.568503
0.112474 -0.161299 0.559712
0.123803 -0.152932 0.567917
0.126835 -0.156842 0.567146
0.128193 -0.157010 0.562601
0.123457 -0.164952 0.567027
0.125830 -0.155890 0.570466
0.137444 -0.158748 0.564361
0.111696 -0.153576 0.562843
0.131646 -0.152841 0.563723
0.133757 -0.171884 0.573100
0.128764 -0.165599 0.573982
0.134286 -0.149989 0.564504
0.137612 -0.169977 0.571005
0.130176 -0.162421 0.574558
0.136068 -0.166908 0.571752
0.127111 -0.154330 0.568106
0.139483 -0.166330 0.579554
0.140275 -0.158501 0.572549
0.123038 -0.155965 0.570821
0.128799 -0.156550 0.577554
0.130925 -0.155222 0.571810
0.140189 -0.165909 0.573184
0.121074 -0.155748 0.575927
0.142326 -0.163697 0.570622
0.128326 -0.151448 0.586531
0.129842 -0.159724 0.572964
0.130518 -0.154105 0.577109
0.135335 -0.153480 0.580092
0.126869 -0.151469 0.566580
0.141071 -0.161887 0.580467
0.129936 -0.154859 0.582547
0.143415 -0.162841 0.577106
0.132901 -0.157643 0.577981
0.128308 -0.153304 0.582060
0.132818 -0.160082 0.575176
0.130051 -0.156716 0.578444
0.136446 -0.152786 0.579867
0.142624 -0.160672 0.587471
0.126805 -0.163291 0.584069
0.139233 -0.161054 0.578200
0.134158 -0.154852 0.579854
0.131759 -0.156467 0.585831
0.142725 -0.153387 0.587017
0.138838 -0.160551 0.589751
0.150099 -0.159913 0.588816
0.143161 -0.169149 0.576373
0.135378 -0.163791 0.594817
0.137218 -0.155174 0.585949
0.148301 -0.165355 0.592546
0.135210 -0.162718 0.586732
0.147908 -0.160803 0.592238
0.141966 -0.162366 0.582685
0.139043 -0.149889 0.573973
0.143355 -0.162373 0.582244
0.139872 -0.155701 0.575605
0.145050 -0.155805 0.596729
0.130655 -0.151620 0.583970
0.133065 -0.155205 0.589975
0.130370 -0.173206 0.580061
0.139263 -0.151756 0.593355
0.139338 -0.162492 0.591557
0.136872 -0.161563 0.595317
0.137419 -0.152156 0.589955
0.150617 -0.155163 0.595722
0.140349 -0.164111 0.587237
0.145638 -0.157984 0.597696
0.144800 -0.157684 0.588522
0.136305 -0.159516 0.591205
0.145753 -0.158858 0.591667
0.132164 -0.164524 0.607353
0.145111 -0.158709 0.596651
0.139683 -0.158033 0.587299
0.144316 -0.151694 0.598146
0.133895 -0.154167 0.598796
0.143418 -0.157199 0.590187
0.150082 -0.164282 0.600272
0.145358 -0.165642 0.598888
0.133881 -0.168035 0.595995
0.152684 -0.155453 0.592138
0.144343 -0.148738 0.592121
0.143037 -0.161311 0.600778
0.144030 -0.160760 0.599599
0.144388 -0.154732 0.605969
0.144298 -0.155955 0.610223
0.146829 -0.162367 0.596244
0.140991 -0.153140 0.605892
0.142188 -0.160123 0.602315
0.137979 -0.165931 0.599996
0.130980 -0.162144 0.601171
0.142720 -0.158923 0.607553
0.146822 -0.164271 0.600586
0.142249 -0.162634 0.609419
0.147935 -0.166561 0.610410
0.133630 -0.161940 0.608789
0.148483 -0.152069 0.598486
0.137911 -0.154319 0.609157
0.145411 -0.162250 0.615919
0.150408 -0.159140 0.615837
0.141827 -0.164275 0.609047
0.142343 -0.155215 0.608675
0.139474 -0.155415 0.607334
0.140177 -0.161528 0.606261
0.141142 -0.167653 0.608437
0.148436 -0.161552 0.613141
0.133545 -0.156558 0.616977
0.144468 -0.168386 0.606165
0.143366 -0.160306 0.616581
0.135430 -0.152839 0.611738
0.131172 -0.154461 0.603887
0.140394 -0.167791 0.614955
0.137167 -0.159350 0.628244
0.141303 -0.162987 0.615040
0.132017 -0.163187 0.617492
0.144740 -0.163469 0.628866
0.135974 -0.155471 0.615344
0.142072 -0.159551 0.618197
0.141603 -0.158727 0.618907
0.137952 -0.160106 0.617215
0.139778 -0.158017 0.621681
0.137058 -0.146954 0.618800
0.137090 -0.164726 0.613814
0.136189 -0.148351 0.617686
0.136032 -0.152255 0.620392
0.146660 -0.167469 0.624752
0.141459 -0.164707 0.622754
0.132034 -0.156358 0.627039
0.134259 -0.167635 0.606334
0.127778 -0.160795 0.622799
0.126160 -0.157038 0.638526
0.144920 -0.145140 0.629896
0.147347 -0.160378 0.630653
0.132963 -0.169627 0.623717
0.133442 -0.158537 0.626361
0.133626 -0.158777 0.614810
0.132113 -0.163933 0.622789
0.139113 -0.165940 0.631354
0.139555 -0.169365 0.624290
0.139916 -0.158840 0.624689
0.128513 -0.164360 0.630039
0.133504 -0.157599 0.626848
0.126988 -0.149066 0.624105
0.138173 -0.159878 0.636532
0.132711 -0.166817 0.628601
0.131162 -0.150749 0.619132
0.123327 -0.167566 0.634555
0.124353 -0.155587 0.630104
0.118702 -0.156486 0.633748
0.118319 -0.166805 0.630273
0.127889 -0.161952 0.629451
0.131861 -0.166575 0.623325
0.135902 -0.157364 0.621898
0.144752 -0.155354 0.621939
0.119869 -0.155897 0.639772
0.124542 -0.161022 0.629866
0.114971 -0.154633 0.637521
0.134296 -0.162156 0.626965
0.128907 -0.149097 0.632680
0.128179 -0.158324 0.621936
0.129803 -0.153113 0.628358
0.112842 -0.161350 0.637364
0.128448 -0.153138 0.627498
0.128727 -0.162210 0.629958
0.115668 -0.150866 0.631400
0.122964 -0.169252 0.639792
0.124989 -0.160233 0.640736
0.120341 -0.159893 0.631108
0.120103 -0.156641 0.630999
0.137431 -0.160575 0.625627
0.124686 -0.162825 0.635133
0.124465 -0.165894 0.639247
0.109598 -0.147566 0.640669
0.122114 -0.159284 0.558316
0.127132 -0.158115 0.558032
0.116217 -0.160388 0.561202
0.127179 -0.156072 0.559548
0.120700 -0.163745 0.556224
0.112029 -0.160400 0.564444
0.124359 -0.153780 0.570573
0.118217 -0.151366 0.575191
0.132330 -0.153410 0.572613
0.134797 -0.158283 0.565547
0.123963 -0.166391 0.559942
0.130939 -0.154948 0.565525
0.121542 -0.161340 0.578829
0.127492 -0.157964 0.571692
0.132538 -0.162028 0.557365
0.126719 -0.154137 0.570404
0.127652 -0.161959 0.570677
0.129406 -0.153422 0.563155
0.133305 -0.160415 0.573126
0.127364 -0.154546 0.565190
0.132019 -0.149818 0.560567
0.132085 -0.162566 0.572129
0.126764 -0.162469 0.567246
0.130256 -0.152119 0.562453
0.126032 -0.146006 0.569379
0.134764 -0.165094 0.581809
0.125115 -0.160019 0.576589
0.139457 -0.157712 0.576737
0.128094 -0.153751 0.573198
0.128890 -0.157925 0.572675
0.125877 -0.163413 0.578661
0.139995 -0.154710 0.574325
0.134400 -0.152706 0.566131
0.128965 -0.151980 0.573523
0.137237 -0.146540 0.561762
0.130351 -0.165941 0.574518
0.141065 -0.158177 0.574251
0.137557 -0.163622 0.580019
0.129101 -0.166094 0.577337
0.145887 -0.162335 0.578485
0.128991 -0.147646 0.572795
0.140272 -0.155283 0.576811
0.140088 -0.156993 0.578834
0.129643 -0.159708 0.573773
0.139902 -0.171042 0.577174
0.125482 -0.149538 0.576080
0.136232 -0.154543 0.585726
0.133886 -0.158763 0.577823
0.136043 -0.153939 0.582846
0.137916 -0.161209 0.581794
0.141931 -0.160850 0.580705
0.135542 -0.161208 0.580159
0.145796 -0.155525 0.588415
0.129361 -0.152858 0.581430
0.130179 -0.165889 0.582643
0.133957 -0.159719 0.590311
0.138341 -0.165820 0.593240
0.149240 -0.160010 0.581541
0.139855 -0.155430 0.576917
0.151284 -0.150826 0.588240
0.138264 -0.158265 0.598443
0.144202 -0.149224 0.578722
0.141260 -0.162597 0.586665
0.145714 -0.163239 0.585852
0.148292 -0.152841 0.591063
0.135304 -0.157992 0.593285
0.128575 -0.153742 0.584571
0.138659 -0.142225 0.592366
0.139647 -0.149633 0.584947
0.143356 -0.150778 0.583134
0.145409 -0.163256 0.585315
0.149221 -0.164760 0.594462
0.148294 -0.144635 0.594755
0.150421 -0.161493 0.597114
0.139498 -0.151880 0.591850
0.143464 -0.155994 0.585470
0.135667 -0.160221 0.580311
0.128538 -0.143043 0.582308
0.139934 -0.155080 0.598656
0.148933 -0.155013 0.589939
0.144936 -0.145205 0.595076
0.147142 -0.147954 0.590643
0.141470 -0.153045 0.605157
0.140933 -0.156432 0.589600
0.138373 -0.152141 0.599831
0.134897 -0.150864 0.599031
0.143219 -0.154956 0.597053
0.140807 -0.149943 0.604985
0.145167 -0.153902 0.602969
0.136344 -0.162291 0.599732
0.142142 -0.166885 0.598149
0.142761 -0.140211 0.593289
0.134761 -0.153296 0.597778
0.149624 -0.165628 0.603649
0.138997 -0.163079 0.606292
0.147112 -0.149736 0.607212
0.137608 -0.156250 0.603433
0.146932 -0.149226 0.607899
0.144938 -0.167863 0.603127
0.146609 -0.154112 0.604076
0.151078 -0.151915 0.604546
0.154159 -0.162677 0.608027
0.145020 -0.169734 0.606378
0.139092 -0.159480 0.611884
0.138680 -0.155687 0.605478
0.131415 -0.144999 0.608109
0.147581 -0.150595 0.611095
0.155700 -0.155188 0.609357
0.142849 -0.162805 0.607655
0.143551 -0.163255 0.614397
0.140764 -0.162022 0.603460
0.145217 -0.157450 0.620093
0.133009 -0.159689 0.611990
0.137943 -0.154103 0.612391
0.154702 -0.147295 0.613377
0.139746 -0.154330 0.609252
0.142561 -0.157687 0.617001
0.138051 -0.161813 0.617629
0.137158 -0.152528 0.618785
0.140965 -0.156610 0.610581
0.135413 -0.152858 0.601357
0.138267 -0.148523 0.621520
0.144506 -0.145173 0.618663
0.141494 -0.159186 0.623177
0.134956 -0.153908 0.623333
0.143007 -0.147313 0.616706
0.125627 -0.157975 0.618996
0.138687 -0.159827 0.616066
0.134912 -0.150425 0.611223
0.132966 -0.164788 0.615588
0.135026 -0.145723 0.617674
0.142870 -0.147679 0.608523
0.130342 -0.164454 0.621948
0.137928 -0.166654 0.608211
0.138958 -0.159158 0.614767
0.133002 -0.156732 0.623621
0.151259 -0.163104 0.621215
0.146842 -0.150713 0.627532
0.130957 -0.154374 0.616136
0.139206 -0.158189 0.624310
0.134219 -0.155052 0.631372
0.137751 -0.150477 0.639243
0.136200 -0.153037 0.622741
0.131454 -0.170214 0.628518
0.138461 -0.154784 0.626184
0.134540 -0.162709 0.639221
0.130887 -0.157968 0.621259
0.130230 -0.147834 0.631611
0.125353 -0.154720 0.628226
0.153326 -0.165141 0.625100
0.134012 -0.161453 0.626239
0.129421 -0.150604 0.628247
0.137686 -0.154612 0.629008
0.139987 -0.160574 0.632823
0.131978 -0.165071 0.631142
0.134852 -0.155891 0.636905
0.120983 -0.153449 0.631881
0.136820 -0.160025 0.624280
0.129334 -0.164460 0.630929
0.135498 -0.149214 0.631985
0.122279 -0.161934 0.637840
0.132636 -0.157380 0.630037
0.120900 -0.159431 0.625182
0.141232 -0.158813 0.633435
0.114602 -0.149567 0.630098
0.119528 -0.159732 0.635278
0.129751 -0.161248 0.628370
0.124598 -0.159455 0.632661
0.125976 -0.156661 0.615842
0.124237 -0.154498 0.624766
0.122120 -0.165933 0.630525
0.120602 -0.145214 0.642360
0.121778 -0.158089 0.633345
0.122681 -0.142761 0.646309
0.109974 -0.156844 0.623382
0.130232 -0.162175 0.635649
0.115985 -0.156191 0.636377
0.123003 -0.154023 0.632131
0.118418 -0.149830 0.634854
0.111755 -0.154124 0.629875
0.117411 -0.141191 0.572128
0.121184 -0.157423 0.574046
0.105911 -0.160933 0.560311
0.125581 -0.166630 0.560952
0.119871 -0.143524 0.556718
0.144457 -0.142055 0.562922
0.125984 -0.152810 0.566782
0.116515 -0.146391 0.570280
0.126262 -0.143319 0.558468
0.119974 -0.144415 0.566522
0.118884 -0.144595 0.559969
0.135400 -0.147121 0.566673
0.132640 -0.157569 0.563056
0.131850 -0.155160 0.572072
0.130844 -0.154883 0.553656
0.126639 -0.146032 0.560203
0.132830 -0.154383 0.561427
0.127177 -0.162904 0.572052
0.141071 -0.148611 0.568483
0.123750 -0.154960 0.573928
0.132634 -0.152719 0.574199
0.136297 -0.159923 0.571953
0.121109 -0.154004 0.573343
0.138399 -0.153664 0.566724
0.127858 -0.148939 0.569520
0.127978 -0.147242 0.566695
0.141145 -0.152322 0.560907
0.137629 -0.148933 0.571783
0.133115 -0.151774 0.563209
0.122118 -0.153330 0.574966
0.124996 -0.150762 0.572148
0.125374 -0.158561 0.568192
0.124612 -0.153305 0.565392
0.138260 -0.154135 0.573256
0.145206 -0.158663 0.577550
0.126344 -0.154612 0.567839
0.129843 -0.146986 0.570801
0.126230 -0.155634 0.574852
0.135378 -0.152270 0.560960
0.135091 -0.137277 0.575176
0.133543 -0.149564 0.563646
0.130703 -0.146289 0.579088
0.131166 -0.155217 0.571896
0.140558 -0.146049 0.568974
0.142278 -0.155302 0.582194
0.143557 -0.152339 0.585412
0.136249 -0.148095 0.576245
0.139586 -0.150042 0.576176
0.131381 -0.157956 0.586203
0.134948 -0.152060 0.593340
0.128761 -0.158862 0.578613
0.138243 -0.154603 0.592089
0.134388 -0.158122 0.583734
0.137221 -0.153834 0.581497
0.136896 -0.148170 0.573424
0.152831 -0.145958 0.586310
0.147261 -0.156008 0.583881
0.146562 -0.150944 0.584867
0.144341 -0.154328 0.577634
0.131468 -0.153089 0.587536
0.131846 -0.149439 0.591443
0.149510 -0.153848 0.577123
0.136713 -0.162176 0.580209
0.134008 -0.143246 0.580872
0.141034 -0.149207 0.581491
0.156991 -0.155898 0.576496
0.139105 -0.159097 0.586816
0.138937 -0.147468 0.590594
0.156220 -0.159187 0.599266
0.154019 -0.153542 0.604132
0.146808 -0.149595 0.602277
0.144851 -0.155045 0.597656
0.141337 -0.147641 0.596351
0.136711 -0.150852 0.595754
0.136195 -0.163413 0.588223
0.144502 -0.148468 0.592787
0.145562 -0.148188 0.589255
0.142374 -0.154806 0.597658
0.149028 -0.147827 0.591174
0.146416 -0.147661 0.587217
0.142670 -0.156515 0.597609
0.150581 -0.156847 0.589834
0.132655 -0.154455 0.596546
0.153630 -0.160258 0.597562
0.146566 -0.145668 0.592229
0.145651 -0.161703 0.594672
0.145861 -0.156636 0.596826
0.148637 -0.157743 0.592959
0.137148 -0.148015 0.602652
0.136083 -0.155914 0.599724
0.145751 -0.148536 0.600004
0.140469 -0.158585 0.602288
0.148695 -0.151594 0.599237
0.149577 -0.150067 0.591674
0.120955 -0.157391 0.600006
0.147574 -0.149841 0.599224
0.138333 -0.150305 0.596567
0.141444 -0.146427 0.602880
0.134720 -0.158896 0.598505
0.140052 -0.163590 0.603644
0.140669 -0.142940 0.607570
0.130884 -0.148227 0.608737
0.130893 -0.148928 0.605668
0.142259 -0.160923 0.601751
0.148887 -0.146733 0.611166
0.137942 -0.145192 0.600035
0.136724 -0.148741 0.600987
0.141861 -0.161491 0.598395
0.145218 -0.159523 0.602169
0.143296 -0.153290 0.614104
0.145181 -0.153630 0.605478
0.137900 -0.154239 0.613392
0.138511 -0.154306 0.614373
0.140115 -0.155168 0.607644
0.153529 -0.149889 0.602927
0.141981 -0.151369 0.617533
0.139725 -0.159158 0.605111
0.139362 -0.155909 0.609884
0.143971 -0.154788 0.615857
0.142128 -0.149268 0.617720
0.147952 -0.160947 0.607337
0.141346 -0.148716 0.622263
0.135876 -0.161923 0.613650
0.136592 -0.155756 0.616093
0.136423 -0.152391 0.614023
0.144055 -0.140318 0.616385
0.137430 -0.147022 0.610197
0.130185 -0.142650 0.607315
0.129432 -0.146558 0.626089
0.128980 -0.154181 0.619538
0.127642 -0.151650 0.616788
0.148279 -0.159385 0.617928
0.136532 -0.156017 0.619961
0.137114 -0.155344 0.624713
0.134432 -0.159207 0.614533
0.147814 -0.144815 0.619657
0.136316 -0.154021 0.623715
0.142298 -0.157640 0.632830
0.133450 -0.152881 0.619420
0.142861 -0.156657 0.627557
0.143200 -0.158441 0.618149
0.142968 -0.152180 0.615985
0.142167 -0.142999 0.627648
0.138772 -0.142126 0.628027
0.128258 -0.154947 0.632396
0.130433 -0.157610 0.625353
0.137272 -0.152722 0.626739
0.140379 -0.158050 0.625091
0.129592 -0.159382 0.624355
0.134448 -0.148460 0.627003
0.131648 -0.154586 0.632203
0.133653 -0.148021 0.628763
0.133682 -0.149950 0.623846
0.129334 -0.145679 0.622221
0.123944 -0.165718 0.617617
0.136604 -0.157708 0.623526
0.122205 -0.149049 0.633221
0.132803 -0.161318 0.635505
0.128651 -0.161777 0.641163
0.133198 -0.153478 0.615357
0.125095 -0.158994 0.643065
0.130252 -0.150473 0.638225
0.132332 -0.150990 0.633440
0.132302 -0.150847 0.636516
0.129445 -0.161023 0.639800
0.127538 -0.156294 0.637153
0.128251 -0.149697 0.631647
0.128028 -0.151983 0.640949
0.126646 -0.149192 0.632231
0.126681 -0.160998 0.640562
0.129647 -0.152975 0.630617
0.119368 -0.149449 0.641807
0.113807 -0.157099 0.634826
0.131771 -0.155932 0.627105
0.122968 -0.147976 0.638427
0.120099 -0.156161 0.647092
0.118542 -0.148365 0.643610
0.118478 -0.146910 0.644890
0.123841 -0.154312 0.644020
0.122056 -0.161839 0.637811
0.119980 -0.138083 0.573850
0.125333 -0.140288 0.553608
0.127415 -0.149995 0.567448
0.136062 -0.146856 0.568119
0.114759 -0.153956 0.566978
0.119089 -0.145321 0.555340
0.129708 -0.148346 0.566567
0.130943 -0.142112 0.557998
0.128886 -0.150043 0.570389
0.125989 -0.144702 0.569400
0.135115 -0.149998 0.555156
0.124282 -0.159106 0.564519
0.113795 -0.150478 0.568958
0.130671 -0.152349 0.560932
0.125466 -0.153033 0.555360
0.123209 -0.148307 0.568192
0.132075 -0.149328 0.567475
0.135575 -0.153003 0.564172
0.129710 -0.151004 0.573877
0.131959 -0.152083 0.561016
0.119778 -0.157681 0.572353
0.128327 -0.157503 0.575513
0.133617 -0.151520 0.583093
0.115107 -0.144167 0.561239
0.135506 -0.143409 0.569951
0.123708 -0.145527 0.566376
0.139511 -0.148725 0.574134
0.133079 -0.137091 0.570675
0.127896 -0.144336 0.556406
0.124727 -0.136788 0.576274
0.131117 -0.138335 0.580870
0.132245 -0.148326 0.585139
0.137834 -0.149087 0.568740
0.135188 -0.152918 0.579303
0.128154 -0.153345 0.567078
0.137035 -0.148324 0.577303
0.137886 -0.146442 0.576037
0.126359 -0.145160 0.577315
0.143395 -0.151734 0.581446
0.127809 -0.151261 0.578733
0.140046 -0.137619 0.581609
0.131195 -0.138938 0.578838
0.139553 -0.147081 0.579276
0.129675 -0.147206 0.581426
0.138299 -0.150298 0.587372
0.129506 -0.143361 0.591583
0.137664 -0.143830 0.581094
0.143393 -0.149570 0.575476
0.127204 -0.153227 0.582120
0.139172 -0.154847 0.579374
0.144684 -0.136977 0.581340
0.124896 -0.148794 0.587727
0.144166 -0.148948 0.586881
0.138818 -0.135700 0.572750
0.138228 -0.153586 0.577080
0.134141 -0.155141 0.562682
0.153999 -0.159969 0.579738
0.133197 -0.157144 0.583583
0.137265 -0.143590 0.579465
0.140074 -0.161240 0.586571
0.147381 -0.147818 0.594969
0.138479 -0.150053 0.583192
0.137285 -0.152012 0.592411
0.150781 -0.150032 0.583767
0.148329 -0.142262 0.593378
0.139486 -0.153743 0.593544
0.152291 -0.149339 0.596619
0.149183 -0.139442 0.589495
0.146828 -0.141622 0.594508
0.148217 -0.150621 0.586557
0.123611 -0.144576 0.592379
0.147754 -0.152893 0.595201
0.144888 -0.150787 0.588655
0.133859 -0.151306 0.589268
0.129718 -0.158917 0.589168
0.152792 -0.146076 0.582862
0.136557 -0.144966 0.598397
0.141280 -0.148226 0.589291
0.147808 -0.139954 0.592448
0.142329 -0.146589 0.599986
0.150288 -0.142569 0.597342
0.134963 -0.153426 0.592012
0.140097 -0.145237 0.587984
0.138200 -0.150393 0.609691
0.151566 -0.147993 0.598705
0.144676 -0.148962 0.595439
0.141770 -0.148045 0.597058
0.147750 -0.153696 0.600761
0.134754 -0.147426 0.593784
0.143531 -0.148561 0.604192
0.146168 -0.147752 0.605674
0.138644 -0.138400 0.594799
0.142950 -0.148395 0.598577
0.147614 -0.153196 0.600007
0.142216 -0.152636 0.601914
0.141578 -0.143463 0.605515
0.139369 -0.148462 0.608576
0.133930 -0.146970 0.609120
0.134783 -0.158612 0.597035
0.137520 -0.160070 0.606735
0.137522 -0.154649 0.606023
0.143325 -0.150053 0.605733
0.148680 -0.141257 0.611007
0.151257 -0.143170 0.610431
0.140124 -0.144249 0.598922
0.143365 -0.147769 0.604157
0.144179 -0.147178 0.602787
0.138067 -0.159286 0.608242
0.146392 -0.154105 0.610006
0.137295 -0.157588 0.614186
0.142203 -0.157838 0.614115
0.140589 -0.158053 0.622775
0.135102 -0.143249 0.616066
0.146691 -0.156871 0.616440
0.152236 -0.153961 0.620657
0.146379 -0.148448 0.609336
0.141610 -0.138729 0.613285
0.144313 -0.150537 0.603380
0.128243 -0.136918 0.625898
0.146238 -0.148452 0.612116
0.150055 -0.147217 0.622240
0.145427 -0.160878 0.606898
0.145388 -0.146976 0.608257
0.145726 -0.144803 0.615097
0.144381 -0.148007 0.620558
0.144627 -0.138776 0.618749
0.143730 -0.146870 0.614717
0.130207 -0.152063 0.619561
0.139068 -0.155565 0.618974
0.141533 -0.149776 0.628001
0.135404 -0.135950 0.617543
0.153378 -0.143356 0.624894
0.142050 -0.141826 0.618031
0.134609 -0.152897 0.623776
0.139378 -0.141068 0.611055
0.137883 -0.153277 0.634958
0.139610 -0.159147 0.617362
0.122547 -0.139084 0.622845
0.131384 -0.145508 0.623108
0.135836 -0.155065 0.621913
0.125916 -0.145060 0.625388
0.131360 -0.158047 0.625537
0.140181 -0.143457 0.620526
0.126932 -0.153058 0.621008
0.137996 -0.148169 0.630983
0.135112 -0.149415 0.628774
0.136197 -0.151588 0.627475
0.122915 -0.149930 0.616518
0.136278 -0.157228 0.629075
0.131230 -0.149164 0.616466
0.127566 -0.144899 0.623642
0.127155 -0.154559 0.624774
0.137347 -0.140186 0.626478
0.129607 -0.148109 0.629090
0.124178 -0.151639 0.629822
0.128012 -0.146458 0.634732
0.123829 -0.154454 0.628886
0.121416 -0.140557 0.631084
0.131785 -0.143986 0.617816
0.130498 -0.156099 0.631544
0.128256 -0.153326 0.631528
0.134996 -0.141690 0.633752
0.120087 -0.146250 0.627693
0.124601 -0.145779 0.633642
0.129960 -0.145364 0.632246
0.132500 -0.149952 0.623359
0.131243 -0.155903 0.631651
0.130241 -0.139421 0.630655
0.120633 -0.151752 0.643346
0.125251 -0.149389 0.635230
0.126841 -0.157792 0.634173
0.128936 -0.151351 0.634916
0.124139 -0.150480 0.628829
0.121317 -0.152375 0.639312
0.133443 -0.159453 0.633665
0.121749 -0.154353 0.647257
0.121035 -0.158881 0.631620
0.131208 -0.154846 0.633792
0.115872 -0.156833 0.639237
0.127552 -0.157214 0.649765
0.122476 -0.153829 0.566381
0.122556 -0.146630 0.565766
0.121202 -0.143776 0.567223
0.116480 -0.134610 0.566045
0.118482 -0.150370 0.567830
0.123410 -0.147911 0.559454
0.123038 -0.145695 0.566522
0.131983 -0.149244 0.565203
0.121551 -0.158187 0.560712
0.122109 -0.138760 0.569028
0.113977 -0.130463 0.573811
0.119735 -0.147985 0.571670
0.127358 -0.145230 0.565746
0.132154 -0.145080 0.576275
0.124984 -0.146540 0.574640
0.125208 -0.148063 0.568154
0.123675 -0.147276 0.567863
0.129965 -0.154653 0.561797
0.130938 -0.139347 0.569234
0.129397 -0.146782 0.567251
0.133984 -0.144578 0.568207
0.123673 -0.144168 0.565165
0.137248 -0.148955 0.558240
0.134208 -0.145658 0.572598
0.131222 -0.145657 0.576436
0.128353 -0.150465 0.563815
0.134375 -0.132227 0.569329
0.135235 -0.129582 0.569116
0.124646 -0.147346 0.571247
0.130613 -0.145295 0.575405
0.132413 -0.137540 0.577808
0.131513 -0.142829 0.561808
0.137653 -0.140966 0.582177
0.125914 -0.144346 0.572930
0.126777 -0.141711 0.571339
0.144268 -0.143994 0.580504
0.136647 -0.142222 0.570431
0.130905 -0.144442 0.579141
0.130367 -0.148066 0.571996
0.130757 -0.146749 0.570813
0.131656 -0.138658 0.581495
0.120330 -0.140479 0.590021
0.137959 -0.146586 0.575604
0.126642 -0.144025 0.573581
0.132653 -0.140844 0.576321
0.143670 -0.140140 0.569887
0.142258 -0.143639 0.573734
0.130555 -0.141854 0.578932
0.131407 -0.152531 0.575235
0.146555 -0.142784 0.576091
0.141333 -0.143791 0.582088
0.137779 -0.145080 0.584309
0.125810 -0.150813 0.576130
0.140501 -0.145594 0.579923
0.143565 -0.148602 0.579351
0.136964 -0.146315 0.568777
0.150403 -0.146283 0.583235
0.135786 -0.142510 0.588560
0.138235 -0.146272 0.591204
0.145924 -0.142072 0.578114
0.137868 -0.146692 0.570450
0.125616 -0.159123 0.592840
0.142662 -0.148673 0.584535
0.143624 -0.137630 0.587648
0.132564 -0.144350 0.590702
0.142637 -0.155175 0.588575
0.136343 -0.153170 0.581723
0.142166 -0.144018 0.590313
0.141772 -0.149453 0.579477
0.146774 -0.141364 0.583318
0.147281 -0.145494 0.591671
0.128984 -0.149587 0.589319
0.138003 -0.144881 0.597521
0.152067 -0.137671 0.580754
0.147373 -0.151287 0.586597
0.147705 -0.148166 0.592729
0.133595 -0.149292 0.592144
0.145391 -0.141035 0.598606
0.127881 -0.148338 0.591001
0.136784 -0.145380 0.592742
0.136158 -0.152225 0.594208
0.160603 -0.138144 0.586472
0.140982 -0.146325 0.594304
0.149716 -0.150184 0.594411
0.146232 -0.144825 0.599201
0.136496 -0.149256 0.602065
0.143201 -0.135476 0.586706
0.136105 -0.141285 0.605787
0.146308 -0.143046 0.595591
0.139980 -0.152640 0.597142
0.133961 -0.146127 0.596176
0.140473 -0.150467 0.604555
0.143959 -0.151273 0.604523
0.141698 -0.150442 0.592483
0.149077 -0.149939 0.607474
0.146629 -0.148789 0.604013
0.137511 -0.145312 0.599490
0.138618 -0.138230 0.606938
0.140740 -0.146079 0.609665
0.137483 -0.145180 0.604279
0.134862 -0.141137 0.602094
0.129481 -0.144313 0.603613
0.129870 -0.148409 0.613292
0.143244 -0.151949 0.609663
0.142124 -0.144148 0.609412
0.135948 -0.150122 0.617787
0.147391 -0.139334 0.605523
0.139738 -0.143490 0.613726
0.137439 -0.135880 0.599311
0.141809 -0.148501 0.595731
0.141881 -0.147728 0.602395
0.138207 -0.143704 0.615974
0.136666 -0.143798 0.602671
0.142369 -0.149688 0.612695
0.149549 -0.139645 0.603220
0.140815 -0.151977 0.610082
0.145996 -0.153365 0.619904
0.143992 -0.151378 0.616608
0.137773 -0.147570 0.611900
0.150229 -0.143179 0.616073
0.144908 -0.148779 0.620783
0.141017 -0.150258 0.614513
0.141727 -0.144778 0.624233
0.145523 -0.142672 0.615085
0.142527 -0.144179 0.617621
0.133495 -0.151210 0.614397
0.130078 -0.150645 0.614615
0.143315 -0.146863 0.629348
0.150419 -0.144918 0.621788
0.138107 -0.144862 0.621619
0.141690 -0.147057 0.614800
0.144157 -0.152523 0.626045
0.150969 -0.145628 0.621607
0.135014 -0.153587 0.618646
0.128082 -0.142123 0.618863
0.140864 -0.148285 0.617867
0.140669 -0.139936 0.617171
0.138944 -0.134885 0.614612
0.138022 -0.148191 0.624082
0.140160 -0.146239 0.616160
0.139516 -0.145695 0.633661
0.138532 -0.145768 0.627707
0.140541 -0.152618 0.620699
0.137587 -0.142745 0.621660
0.135355 -0.141554 0.626206
0.128313 -0.160604 0.622369
0.132712 -0.149319 0.628503
0.135591 -0.153616 0.628113
0.136828 -0.140793 0.627824
0.133754 -0.149084 0.636328
0.136035 -0.143129 0.630663
0.137673 -0.148412 0.617951
0.125719 -0.136671 0.625438
0.133646 -0.143531 0.636449
0.130832 -0.139988 0.636016
0.127658 -0.147294 0.629440
0.126932 -0.145316 0.629028
0.137978 -0.143071 0.635572
0.137600 -0.135261 0.627420
0.137107 -0.136457 0.627495
0.119538 -0.143697 0.616656
0.129052 -0.147788 0.634380
0.122933 -0.146622 0.630306
0.121624 -0.142768 0.635183
0.132637 -0.151112 0.632874
0.112480 -0.149637 0.631476
0.131031 -0.143524 0.646220
0.123537 -0.148315 0.634255
0.134933 -0.148930 0.635021
0.128271 -0.145703 0.627489
0.125266 -0.148935 0.627145
0.126555 -0.143974 0.640073
0.119908 -0.150487 0.640128
0.125360 -0.149699 0.630770
0.126335 -0.154852 0.639493
0.119698 -0.150215 0.649079
0.132710 -0.156766 0.628044
0.123049 -0.140849 0.635368
0.116929 -0.146964 0.636698
0.113308 -0.154284 0.625921
0.127959 -0.139088 0.566319
0.120191 -0.135984 0.562712
0.127128 -0.148288 0.566549
0.125902 -0.139614 0.562161
0.118060 -0.140600 0.566583
0.126188 -0.143405 0.564120
0.116692 -0.146015 0.576122
0.123969 -0.143092 0.568025
0.128765 -0.147960 0.567768
0.125130 -0.141625 0.567123
0.113754 -0.146753 0.566797
0.127516 -0.131523 0.570384
0.138795 -0.149203 0.571897
0.139215 -0.135826 0.571318
0.128788 -0.135428 0.566292
0.119602 -0.149039 0.551589
0.125933 -0.141922 0.554137
0.135638 -0.142395 0.561839
0.122246 -0.146052 0.573772
0.132649 -0.142265 0.570358
0.126049 -0.145750 0.571856
0.130390 -0.140513 0.568553
0.136371 -0.138685 0.569053
0.138384 -0.149421 0.558722
0.116998 -0.139864 0.572077
0.131673 -0.130451 0.570874
0.124616 -0.134990 0.563894
0.125663 -0.126890 0.574439
0.131144 -0.139353 0.566574
0.140359 -0.148206 0.573593
0.121412 -0.140803 0.576806
0.143529 -0.135867 0.571467
0.133179 -0.141220 0.571181
0.129294 -0.142556 0.581522
0.125465 -0.142041 0.582284
0.128668 -0.154802 0.575691
0.123391 -0.139934 0.572784
0.136401 -0.150311 0.565935
0.144674 -0.133367 0.579410
0.134219 -0.144750 0.568397
0.134302 -0.134300 0.574268
0.138481 -0.138789 0.575092
0.131050 -0.148888 0.581966
0.122003 -0.138079 0.575287
0.131600 -0.137881 0.571559
0.136819 -0.134017 0.574934
0.127940 -0.145594 0.582073
0.132320 -0.137427 0.568015
0.141202 -0.135393 0.572963
0.139024 -0.149748 0.569472
0.144581 -0.148795 0.570849
0.138615 -0.142791 0.577794
0.140503 -0.137984 0.579885
0.134858 -0.140275 0.580496
0.122333 -0.146000 0.581132
0.148525 -0.152811 0.588507
0.130365 -0.136234 0.578680
0.145894 -0.129123 0.578128
0.134566 -0.148804 0.586373
0.145384 -0.142170 0.579973
0.134087 -0.147678 0.582174
0.127667 -0.137556 0.578371
0.139129 -0.130540 0.586819
0.131950 -0.137468 0.586199
0.132692 -0.138073 0.589312
0.146011 -0.135103 0.576884
0.143253 -0.148286 0.595146
0.128335 -0.141121 0.592705
0.149879 -0.140311 0.599455
0.139593 -0.147419 0.586571
0.137457 -0.142545 0.581990
0.139936 -0.140979 0.604105
0.133332 -0.141278 0.595595
0.138144 -0.136956 0.589071
0.139248 -0.136650 0.594792
0.125734 -0.147688 0.593166
0.128886 -0.137043 0.603743
0.150116 -0.146792 0.587003
0.136515 -0.149310 0.588362
0.142491 -0.151006 0.594480
0.139951 -0.143420 0.594043
0.141056 -0.148800 0.592606
0.139543 -0.140573 0.596896
0.145485 -0.148859 0.595111
0.143857 -0.144878 0.596946
0.149495 -0.136515 0.593629
0.143747 -0.148122 0.596843
0.131543 -0.141524 0.595408
0.143618 -0.135821 0.598143
0.144588 -0.146088 0.604690
0.141959 -0.129068 0.609767
0.137988 -0.136217 0.596277
0.146169 -0.132364 0.600556
0.131241 -0.144542 0.595509
0.138527 -0.137969 0.611344
0.149122 -0.144964 0.607903
0.130607 -0.130743 0.605565
0.142846 -0.142505 0.617919
0.145081 -0.146327 0.603069
0.135227 -0.138035 0.610184
0.136424 -0.139828 0.605215
0.147862 -0.136921 0.613778
0.142969 -0.151203 0.601909
0.139630 -0.147387 0.609220
0.139074 -0.139539 0.603720
0.142024 -0.137071 0.618639
0.146354 -0.140930 0.604536
0.137846 -0.136522 0.610607
0.147254 -0.142978 0.608736
0.134600 -0.145707 0.612452
0.153853 -0.132103 0.608336
0.143102 -0.148124 0.604303
0.128934 -0.138343 0.610882
0.124944 -0.144622 0.622587
0.143031 -0.150613 0.614966
0.143935 -0.147225 0.605331
0.138739 -0.143312 0.617127
0.134711 -0.144645 0.615964
0.147440 -0.143255 0.616120
0.149980 -0.137854 0.619135
0.133228 -0.140056 0.609303
0.134406 -0.136169 0.610882
0.140922 -0.141591 0.610461
0.129810 -0.156867 0.612438
0.139793 -0.147327 0.620747
0.132516 -0.128161 0.611511
0.141666 -0.142178 0.616078
0.134389 -0.154883 0.609492
0.133004 -0.155206 0.621729
0.128971 -0.141813 0.615837
0.130800 -0.137196 0.628127
0.132117 -0.139907 0.617988
0.136653 -0.140577 0.607028
0.131122 -0.148516 0.618583
0.139635 -0.153042 0.625333
0.137942 -0.141582 0.616004
0.137866 -0.139508 0.623265
0.142650 -0.136847 0.617675
0.135845 -0.141300 0.623643
0.126393 -0.150540 0.626589
0.139355 -0.143755 0.612054
0.133111 -0.150134 0.633189
0.135484 -0.144735 0.639529
0.129693 -0.141282 0.630990
0.140089 -0.146218 0.621730
0.137705 -0.144368 0.632616
0.135772 -0.140382 0.624701
0.131237 -0.140180 0.632350
0.136090 -0.146989 0.626216
0.125585 -0.148832 0.619663
0.136161 -0.131395 0.633871
0.133014 -0.149979 0.621931
0.138161 -0.127625 0.633397
0.125390 -0.140637 0.644481
0.132559 -0.145547 0.628797
0.136240 -0.143874 0.620400
0.127340 -0.140254 0.626343
0.117246 -0.140609 0.631122
0.118806 -0.154847 0.637113
0.133468 -0.139906 0.640624
0.130815 -0.154035 0.635311
0.124540 -0.137158 0.640277
0.126396 -0.139541 0.639771
0.126502 -0.148061 0.629597
0.121818 -0.132065 0.637132
0.124171 -0.138047 0.646165
0.127462 -0.132599 0.622712
0.120050 -0.144963 0.637314
0.124284 -0.152793 0.631692
0.129676 -0.138415 0.627426
0.121093 -0.143462 0.634408
0.127181 -0.138883 0.621773
0.127314 -0.146310 0.636696
0.120066 -0.132330 0.630028
0.118909 -0.150974 0.629420
0.122690 -0.134068 0.629896
0.125023 -0.140457 0.650180
0.111702 -0.135344 0.648591
0.124854 -0.147886 0.647537
0.119339 -0.148615 0.645748
0.117716 -0.132749 0.566145
0.122809 -0.137790 0.567597
0.110610 -0.148819 0.561897
0.131817 -0.136953 0.563812
0.124435 -0.143421 0.565090
0.127406 -0.134581 0.572876
0.119386 -0.141902 0.568703
0.134419 -0.142507 0.575627
0.121969 -0.140178 0.572976
0.125519 -0.138142 0.559160
0.124897 -0.127493 0.564685
0.127127 -0.148151 0.565996
0.125562 -0.142486 0.565909
0.125882 -0.137931 0.564472
0.124482 -0.139829 0.561649
0.123029 -0.138296 0.564933
0.130843 -0.142131 0.575041
0.131239 -0.128353 0.559001
0.116300 -0.127469 0.564035
0.121441 -0.133200 0.578930
0.145144 -0.128737 0.564461
0.125481 -0.137216 0.563791
0.132733 -0.141723 0.573735
0.126678 -0.152135 0.566486
0.124777 -0.140377 0.571663
0.128112 -0.138037 0.568370
0.136001 -0.147905 0.574983
0.133581 -0.145311 0.579636
0.138181 -0.134942 0.571567
0.133293 -0.142735 0.572530
0.138614 -0.145260 0.565256
0.135351 -0.134327 0.571931
0.143365 -0.126942 0.561994
0.128811 -0.149266 0.581393
0.121538 -0.138641 0.566927
0.123398 -0.132107 0.574861
0.130950 -0.142062 0.576913
0.143314 -0.138274 0.579344
0.130092 -0.139740 0.575680
0.125553 -0.130978 0.572780
0.137552 -0.138875 0.584870
0.128677 -0.138940 0.578329
0.133701 -0.133018 0.569446
0.139386 -0.141939 0.579198
0.129979 -0.134992 0.589164
0.135903 -0.142541 0.571367
0.134614 -0.135650 0.570253
0.132359 -0.135655 0.588414
0.156232 -0.135527 0.583407
0.145557 -0.148923 0.584869
0.136090 -0.142597 0.579542
0.135255 -0.156593 0.578520
0.144498 -0.142378 0.586597
0.138226 -0.138429 0.582193
0.138538 -0.143671 0.580899
0.148629 -0.152885 0.584833
0.146576 -0.147962 0.591331
0.136543 -0.139795 0.576356
0.149671 -0.135583 0.591961
0.144037 -0.137197 0.591137
0.134914 -0.140402 0.589443
0.145514 -0.139199 0.586761
0.134760 -0.127523 0.587501
0.140487 -0.131653 0.584761
0.145033 -0.152072 0.589477
0.141446 -0.137625 0.596182
0.146787 -0.138045 0.589630
0.139865 -0.140456 0.587592
0.141277 -0.146180 0.592198
0.131640 -0.135609 0.586138
0.134536 -0.135467 0.593919
0.138837 -0.136795 0.587368
0.149169 -0.133082 0.591233
0.145703 -0.135891 0.589717
0.140328 -0.137527 0.600232
0.122893 -0.144235 0.596949
0.142370 -0.137041 0.590127
0.138615 -0.135904 0.586257
0.141822 -0.130435 0.583612
0.144427 -0.145662 0.594744
0.136385 -0.135238 0.595824
0.146798 -0.136263 0.599444
0.143311 -0.150136 0.590250
0.135489 -0.135976 0.608323
0.130818 -0.134586 0.594572
0.138961 -0.142219 0.594867
0.148213 -0.137315 0.597839
0.140085 -0.148330 0.595057
0.136712 -0.146662 0.599412
0.139628 -0.136594 0.600039
0.145299 -0.140641 0.602815
0.140487 -0.149955 0.597075
0.145980 -0.144727 0.610475
0.157822 -0.142055 0.612190
0.136493 -0.128137 0.606656
0.151432 -0.128030 0.604782
0.149524 -0.145999 0.600749
0.138338 -0.141776 0.603646
0.142210 -0.140974 0.607741
0.145919 -0.137925 0.606463
0.144478 -0.151712 0.599140
0.156020 -0.150530 0.605781
0.132516 -0.152047 0.608041
0.139260 -0.145494 0.599980
0.138252 -0.135924 0.609639
0.141459 -0.123439 0.609300
0.143444 -0.135143 0.594642
0.138613 -0.143926 0.605428
0.134397 -0.138736 0.608735
0.146930 -0.146477 0.612046
0.132602 -0.135384 0.611232
0.147141 -0.134691 0.618001
0.148465 -0.142069 0.605393
0.144323 -0.139614 0.615697
0.142724 -0.141801 0.610423
0.134696 -0.139749 0.608023
0.140679 -0.141560 0.621604
0.134836 -0.151598 0.615925
0.134769 -0.137573 0.620555
0.140748 -0.145878 0.619808
0.139195 -0.142393 0.617948
0.140762 -0.133904 0.617024
0.143966 -0.129095 0.607130
0.129177 -0.136197 0.620264
0.138428 -0.138036 0.620345
0.145162 -0.145250 0.617910
0.137341 -0.143218 0.610992
0.139609 -0.146565 0.612651
0.138534 -0.145044 0.618163
0.137054 -0.136124 0.619972
0.140021 -0.135813 0.629243
0.136736 -0.153299 0.620494
0.133562 -0.127760 0.624540
0.143966 -0.138705 0.618457
0.136124 -0.139875 0.610426
0.143977 -0.144834 0.622648
0.126926 -0.135757 0.623239
0.132353 -0.140070 0.611521
0.135716 -0.142259 0.640718
0.121865 -0.138717 0.621431
0.137903 -0.135137 0.633429
0.129726 -0.132221 0.628955
0.138004 -0.121713 0.627701
0.137360 -0.140026 0.622164
0.127886 -0.136507 0.626184
0.130129 -0.141437 0.623622
0.135383 -0.136478 0.623945
0.127780 -0.138715 0.639027
0.130321 -0.135093 0.629249
0.126288 -0.140029 0.628037
0.142123 -0.137401 0.629083
0.133715 -0.135662 0.631222
0.127673 -0.145785 0.628689
0.135123 -0.140855 0.628197
0.130785 -0.138650 0.639616
0.131178 -0.125095 0.637423
0.122522 -0.142778 0.627446
0.129985 -0.143560 0.631064
0.131047 -0.146716 0.633742
0.127794 -0.144121 0.634341
0.121929 -0.128086 0.629134
0.132849 -0.128487 0.624737
0.126273 -0.136759 0.632752
0.138787 -0.138789 0.633735
0.124727 -0.134635 0.625520
0.131650 -0.137792 0.625131
0.124217 -0.137603 0.634661
0.119016 -0.153074 0.624594
0.134285 -0.142348 0.621343
0.129083 -0.140215 0.640382
0.123853 -0.142297 0.637875
0.124463 -0.151241 0.644139
0.123620 -0.128977 0.629579
0.129571 -0.133990 0.625968
0.128012 -0.137488 0.622775
0.124713 -0.132121 0.635301
0.118531 -0.131426 0.639498
0.130628 -0.135187 0.638133
0.119450 -0.141842 0.636963
0.135574 -0.139101 0.641084
0.115895 -0.136452 0.565482
0.113924 -0.138768 0.569030
0.136197 -0.131537 0.562424
0.124954 -0.144798 0.560143
0.116383 -0.135930 0.565972
0.120795 -0.139760 0.575639
0.134064 -0.134257 0.562157
0.133515 -0.126132 0.562489
0.123964 -0.142893 0.553369
0.120940 -0.129883 0.556213
0.127873 -0.134490 0.556912
0.125756 -0.135112 0.567031
0.124187 -0.136228 0.561947
0.123150 -0.138233 0.563854
0.125479 -0.135388 0.572822
0.121780 -0.135825 0.575426
0.137581 -0.134991 0.569030
0.137322 -0.141973 0.568278
0.128502 -0.137471 0.581347
0.132825 -0.139710 0.565357
0.141180 -0.131934 0.567812
0.130800 -0.134978 0.568164
0.129060 -0.133010 0.571619
0.128131 -0.132245 0.576242
0.133824 -0.120984 0.572783
0.138341 -0.139169 0.565839
0.136586 -0.137767 0.570071
0.131471 -0.141874 0.573360
0.134868 -0.138873 0.569637
0.117139 -0.132506 0.577326
0.129839 -0.140905 0.573941
0.144984 -0.128554 0.575987
0.131110 -0.134330 0.578952
0.147755 -0.135064 0.583420
0.136709 -0.131411 0.569402
0.126285 -0.133078 0.570196
0.133298 -0.140180 0.584298
0.135019 -0.144096 0.571142
0.143360 -0.137222 0.578214
0.127962 -0.134371 0.573083
0.136981 -0.142266 0.577362
0.139039 -0.142461 0.582406
0.133798 -0.134319 0.569346
0.127633 -0.137142 0.583912
0.130383 -0.133422 0.570574
0.124872 -0.131483 0.582557
0.138546 -0.136209 0.583986
0.136861 -0.138551 0.575479
0.123174 -0.136897 0.583147
0.129819 -0.133201 0.588230
0.136130 -0.136526 0.588010
0.147858 -0.135513 0.575618
0.136935 -0.134565 0.586917
0.147267 -0.137780 0.583491
0.140988 -0.129210 0.569510
0.138744 -0.137672 0.588834
0.135039 -0.133010 0.592108
0.134613 -0.142779 0.577077
0.138851 -0.143372 0.588561
0.138131 -0.133950 0.584485
0.148866 -0.129259 0.573846
0.146816 -0.134479 0.582514
0.145069 -0.131719 0.588947
0.139795 -0.136293 0.584909
0.146423 -0.143087 0.598320
0.149831 -0.137264 0.587787
0.142894 -0.131614 0.589513
0.137633 -0.141914 0.586263
0.134102 -0.134443 0.593028
0.153912 -0.139987 0.584850
0.140543 -0.137734 0.585894
0.145958 -0.134181 0.590020
0.134625 -0.142786 0.591408
0.140369 -0.142977 0.597591
0.139803 -0.136316 0.592639
0.133909 -0.138907 0.579606
0.146097 -0.140339 0.586642
0.138446 -0.129029 0.596345
0.150908 -0.127433 0.595943
0.147683 -0.136228 0.581157
0.145707 -0.134187 0.593512
0.135564 -0.134413 0.589468
0.146617 -0.131594 0.595364
0.133461 -0.135330 0.595798
0.140116 -0.130325 0.600618
0.128009 -0.131307 0.603545
0.138007 -0.136347 0.592997
0.149230 -0.140362 0.595255
0.137439 -0.138678 0.602688
0.132923 -0.133585 0.598520
0.142512 -0.129393 0.595965
0.136806 -0.135507 0.595133
0.144308 -0.136900 0.595314
0.141947 -0.133792 0.592242
0.148304 -0.141612 0.607427
0.136737 -0.135751 0.602937
0.152246 -0.130686 0.600429
0.144904 -0.136078 0.603304
0.137784 -0.135837 0.603891
0.135635 -0.134653 0.601450
0.149067 -0.147106 0.608558
0.133815 -0.134527 0.605455
0.135893 -0.140343 0.611180
0.144179 -0.135340 0.611323
0.145470 -0.134847 0.609374
0.138925 -0.133554 0.603002
0.141494 -0.136210 0.608029
0.141450 -0.132203 0.608952
0.133865 -0.141985 0.611527
0.140525 -0.138107 0.613561
0.140504 -0.137723 0.610310
0.147474 -0.130845 0.617205
0.136767 -0.137823 0.615481
0.126380 -0.128616 0.601433
0.131897 -0.143340 0.606705
0.138423 -0.124171 0.610594
0.140314 -0.138090 0.598708
0.133411 -0.120340 0.615531
0.145782 -0.150428 0.612163
0.138795 -0.134879 0.616488
0.140309 -0.135060 0.614028
0.130365 -0.132696 0.614815
0.144199 -0.133729 0.608750
0.146495 -0.147989 0.609916
0.140199 -0.136709 0.613157
0.132854 -0.131795 0.612661
0.138975 -0.129823 0.623493
0.147074 -0.139650 0.617318
0.148766 -0.131595 0.618745
0.129652 -0.136970 0.613404
0.143407 -0.134156 0.606447
0.130348 -0.139039 0.623604
0.138950 -0.136254 0.611706
0.137853 -0.127767 0.623230
0.139918 -0.137656 0.619238
0.138218 -0.122217 0.621997
0.138118 -0.141087 0.618493
0.123619 -0.131315 0.639659
0.132631 -0.138278 0.612270
0.136301 -0.128034 0.620845
0.134282 -0.125214 0.618739
0.141964 -0.137571 0.614859
0.129680 -0.132930 0.626985
0.138094 -0.130729 0.626550
0.136999 -0.136393 0.636286
0.126117 -0.140895 0.637775
0.138375 -0.126856 0.629686
0.150663 -0.139950 0.618953
0.129009 -0.141884 0.632960
0.126287 -0.140620 0.621443
0.143546 -0.133353 0.644484
0.133457 -0.140222 0.622946
0.116177 -0.122746 0.627694
0.135247 -0.138714 0.633345
0.139205 -0.139519 0.618605
0.133907 -0.137993 0.640081
0.136740 -0.135724 0.628252
0.140571 -0.135096 0.628006
0.137263 -0.130534 0.629628
0.143764 -0.123707 0.632248
0.136713 -0.140943 0.628622
0.127087 -0.135184 0.627930
0.116881 -0.125897 0.625815
0.125696 -0.132010 0.627856
0.132130 -0.135535 0.632409
0.124011 -0.130161 0.636890
0.125701 -0.134720 0.635603
0.124176 -0.136976 0.623864
0.124775 -0.136932 0.633281
0.133195 -0.133672 0.633303
0.130340 -0.132098 0.639775
0.134031 -0.145130 0.626706
0.127998 -0.141153 0.632836
0.110821 -0.132777 0.641498
0.127632 -0.133624 0.636036
0.119331 -0.132071 0.635851
0.120909 -0.137885 0.647990
0.116550 -0.129062 0.636772
0.124896 -0.136085 0.636226
0.127633 -0.131541 0.625129
0.123989 -0.132684 0.577861
0.113749 -0.136940 0.560165
0.119824 -0.131911 0.560401
0.134165 -0.126843 0.566537
0.127984 -0.130991 0.563682
0.125363 -0.139703 0.565059
0.118003 -0.135759 0.578676
0.114092 -0.133654 0.571668
0.125465 -0.128954 0.576889
0.125096 -0.131678 0.566447
0.135174 -0.131263 0.572892
0.130839 -0.138745 0.564235
0.118051 -0.125689 0.574328
0.133535 -0.140802 0.563439
0.132950 -0.139047 0.577185
0.122462 -0.137967 0.564711
0.129193 -0.136410 0.567397
0.127057 -0.129999 0.558195
0.119702 -0.136120 0.567480
0.133982 -0.123606 0.559955
0.136672 -0.131314 0.575951
0.127622 -0.125880 0.559784
0.123077 -0.121149 0.580470
0.130881 -0.139593 0.564639
0.134471 -0.125078 0.572011
0.135462 -0.135683 0.561951
0.131548 -0.137082 0.570986
0.135554 -0.133346 0.572359
0.131963 -0.131014 0.574782
0.134366 -0.130765 0.570060
0.134179 -0.132936 0.565601
0.134828 -0.138085 0.567611
0.136496 -0.137730 0.570129
0.126779 -0.131064 0.572612
0.136312 -0.131462 0.575115
0.140693 -0.127484 0.571553
0.146074 -0.140371 0.583999
0.132476 -0.128341 0.573799
0.130058 -0.124947 0.577545
0.141263 -0.125829 0.576379
0.132998 -0.129618 0.582743
0.122995 -0.118769 0.577011
0.138313 -0.132012 0.576075
0.138779 -0.134848 0.573949
0.133207 -0.134496 0.578562
0.127270 -0.126758 0.576449
0.143717 -0.134426 0.568856
0.142803 -0.140202 0.569317
0.124906 -0.133601 0.577734
0.129872 -0.128879 0.581145
0.136786 -0.137989 0.574037
0.143435 -0.122862 0.570674
0.147167 -0.126235 0.592850
0.133458 -0.135830 0.582509
0.134355 -0.130678 0.589962
0.142370 -0.126289 0.593625
0.133357 -0.128197 0.583766
0.134827 -0.134081 0.586836
0.142793 -0.130249 0.595282
0.145887 -0.124836 0.589542
0.135241 -0.120552 0.583470
0.133812 -0.132520 0.579521
0.139829 -0.133375 0.587532
0.132440 -0.118786 0.597511
0.139891 -0.138320 0.587844
0.140537 -0.135191 0.580676
0.134307 -0.146456 0.587722
0.131658 -0.128392 0.590532
0.142518 -0.143918 0.594177
0.145678 -0.133949 0.597304
0.134321 -0.126325 0.591742
0.137746 -0.135015 0.592259
0.135881 -0.134446 0.594730
0.133108 -0.137401 0.589348
0.143089 -0.139136 0.586119
0.137362 -0.142146 0.592252
0.144256 -0.135705 0.602528
0.141445 -0.110522 0.600543
0.136917 -0.130115 0.602370
0.139172 -0.139554 0.595214
0.145214 -0.127674 0.594796
0.148105 -0.128275 0.599409
0.141926 -0.128355 0.598369
0.143646 -0.128782 0.606469
0.143697 -0.134943 0.603107
0.137589 -0.133898 0.599057
0.145004 -0.132123 0.600820
0.135553 -0.139270 0.601208
0.137460 -0.130495 0.597713
0.154844 -0.144697 0.612020
0.145537 -0.130022 0.597539
0.150163 -0.127572 0.594060
0.144258 -0.141950 0.588705
0.139894 -0.123776 0.608175
0.135726 -0.128491 0.599917
0.141186 -0.132217 0.597262
0.152835 -0.135432 0.599348
0.143252 -0.138263 0.604125
0.148829 -0.123646 0.610172
0.144029 -0.129353 0.588877
0.131449 -0.130547 0.604081
0.136519 -0.137828 0.601809
0.136764 -0.128073 0.608474
0.147105 -0.131665 0.612062
0.148230 -0.142911 0.598180
0.137997 -0.125950 0.612700
0.137467 -0.141288 0.591359
0.140216 -0.140797 0.600922
0.150364 -0.123886 0.615669
0.137508 -0.141170 0.610776
0.145988 -0.133169 0.608803
0.140172 -0.136863 0.603752
0.143547 -0.127825 0.613369
0.124399 -0.128752 0.619706
0.140123 -0.128312 0.616721
0.135832 -0.124957 0.604982
0.133546 -0.118256 0.602295
0.135937 -0.131896 0.612127
0.144492 -0.132104 0.610619
0.142301 -0.130929 0.609961
0.137284 -0.119948 0.613402
0.146991 -0.142134 0.614140
0.131414 -0.140826 0.609904
0.139058 -0.138241 0.617277
0.136750 -0.137668 0.615291
0.130327 -0.132051 0.612867
0.132211 -0.133518 0.615057
0.138675 -0.131440 0.618804
0.131183 -0.116821 0.616463
0.126377 -0.128109 0.625451
0.141416 -0.127581 0.616830
0.139614 -0.130682 0.632875
0.136167 -0.131276 0.616368
0.147136 -0.132597 0.624256
0.132657 -0.135532 0.616614
0.142144 -0.136917 0.631393
0.129986 -0.127466 0.623057
0.131146 -0.128560 0.627727
0.132815 -0.131429 0.615480
0.138201 -0.132949 0.632851
0.135447 -0.139633 0.623715
0.134779 -0.136127 0.609211
0.130999 -0.133515 0.627558
0.148962 -0.138618 0.623182
0.139343 -0.127556 0.632733
0.152414 -0.123952 0.626891
0.129426 -0.130061 0.633914
0.134358 -0.131148 0.625381
0.136281 -0.136551 0.628000
0.136929 -0.126762 0.626684
0.136260 -0.132175 0.631114
0.131572 -0.133234 0.633661
0.127021 -0.128627 0.632862
0.125607 -0.136378 0.620441
0.129638 -0.133315 0.619644
0.129965 -0.139272 0.623752
0.138967 -0.133403 0.631773
0.130440 -0.144247 0.625138
0.131027 -0.130299 0.629093
0.135343 -0.135019 0.645717
0.138458 -0.134348 0.644062
0.134790 -0.137884 0.629647
0.131038 -0.127289 0.639152
0.135289 -0.129224 0.634783
0.133502 -0.130885 0.641149
0.132442 -0.136360 0.631834
0.131836 -0.134237 0.631550
0.122520 -0.131592 0.633460
0.132394 -0.125924 0.632903
0.122928 -0.132407 0.631532
0.119987 -0.146570 0.642828
0.118451 -0.138467 0.627144
0.136189 -0.128682 0.638706
0.129935 -0.128572 0.640911
0.130084 -0.127359 0.629022
0.124239 -0.132186 0.640492
0.129743 -0.123917 0.641632
0.120678 -0.130540 0.633207
0.121064 -0.133938 0.629628
0.120079 -0.134930 0.645094
0.118943 -0.126349 0.567945
0.126096 -0.132776 0.563285
0.132218 -0.133187 0.569668
0.116618 -0.120252 0.566362
0.129247 -0.126569 0.560567
0.116878 -0.126309 0.560020
0.127422 -0.129120 0.563728
0.132463 -0.130223 0.567173
0.121729 -0.126977 0.563818
0.124957 -0.115910 0.562900
0.118965 -0.131091 0.556155
0.123461 -0.133198 0.567697
0.129467 -0.123019 0.574111
0.126077 -0.129591 0.564125
0.131901 -0.117585 0.567981
0.124306 -0.126826 0.569877
0.123776 -0.124346 0.576946
0.119775 -0.131175 0.566528
0.137547 -0.132573 0.577441
0.127424 -0.128747 0.566094
0.125525 -0.138232 0.572019
0.128763 -0.141720 0.568810
0.134743 -0.117928 0.562552
0.130688 -0.120649 0.566032
0.134178 -0.133207 0.566149
0.127191 -0.135736 0.577278
0.132872 -0.126224 0.565546
0.120259 -0.142018 0.573542
0.133482 -0.132006 0.573663
0.139273 -0.122922 0.563854
0.126464 -0.129205 0.577273
0.129859 -0.127482 0.579147
0.128317 -0.145452 0.572829
0.132521 -0.123373 0.572286
0.128351 -0.128132 0.578024
0.137657 -0.134913 0.583410
0.128100 -0.129019 0.584415
0.142023 -0.135365 0.574778
0.148344 -0.124619 0.567387
0.142707 -0.134558 0.580935
0.129646 -0.126808 0.578614
0.139239 -0.124835 0.575504
0.129259 -0.124711 0.582063
0.137872 -0.129284 0.588872
0.146361 -0.124946 0.579435
0.133549 -0.116586 0.587994
0.139602 -0.146423 0.577938
0.135594 -0.139643 0.583378
0.136636 -0.129480 0.593138
0.135642 -0.128363 0.583220
0.145273 -0.128840 0.583381
0.150375 -0.131348 0.581413
0.139439 -0.136639 0.589291
0.139868 -0.135614 0.580177
0.135466 -0.124707 0.584433
0.142710 -0.117783 0.583781
0.138061 -0.131920 0.582191
0.133544 -0.124026 0.593740
0.141355 -0.128606 0.598437
0.137836 -0.126938 0.589244
0.130502 -0.132601 0.588040
0.133335 -0.130886 0.596118
0.139187 -0.130861 0.575915
0.145673 -0.131375 0.584170
0.139725 -0.124082 0.598256
0.129446 -0.126582 0.601048
0.147599 -0.125903 0.595662
0.134953 -0.127713 0.592176
0.139316 -0.130346 0.596764
0.143017 -0.134631 0.587891
0.139992 -0.123368 0.594810
0.132718 -0.137686 0.589039
0.142751 -0.133332 0.587772
0.144986 -0.137614 0.592990
0.138218 -0.125636 0.584522
0.126489 -0.128758 0.599789
0.145756 -0.135730 0.588288
0.144002 -0.114898 0.602773
0.140317 -0.134945 0.602621
0.132028 -0.139492 0.586904
0.132192 -0.127699 0.594956
0.138561 -0.136172 0.591910
0.149004 -0.129924 0.596728
0.141622 -0.132014 0.604182
0.143879 -0.130711 0.589250
0.137597 -0.135224 0.592650
0.139735 -0.125064 0.596294
0.144022 -0.130204 0.601689
0.137534 -0.125167 0.612112
0.147325 -0.122383 0.599868
0.149361 -0.122721 0.597275
0.141515 -0.132061 0.607721
0.149250 -0.134263 0.613457
0.143518 -0.136402 0.596848
0.141814 -0.126338 0.601493
0.148830 -0.131187 0.602049
0.144782 -0.132119 0.602090
0.146456 -0.134974 0.600523
0.136791 -0.130148 0.604127
0.142704 -0.125324 0.609964
0.144641 -0.127255 0.605155
0.142810 -0.122846 0.610278
0.152181 -0.140522 0.608059
0.137448 -0.137959 0.595556
0.147207 -0.131068 0.612582
0.127756 -0.129735 0.601202
0.140001 -0.120430 0.604341
0.136425 -0.132919 0.601101
0.129995 -0.138629 0.607546
0.142828 -0.128537 0.605848
0.147704 -0.123382 0.622218
0.141759 -0.123258 0.612407
0.147553 -0.130229 0.623227
0.150340 -0.137059 0.605865
0.137577 -0.131829 0.606344
0.140025 -0.122107 0.613218
0.135420 -0.136600 0.619442
0.136471 -0.120310 0.607632
0.143713 -0.128084 0.617409
0.145315 -0.129657 0.624500
0.149591 -0.127216 0.619108
0.135859 -0.131055 0.625071
0.137437 -0.121528 0.624922
0.131941 -0.146396 0.607458
0.148050 -0.131328 0.612255
0.145348 -0.131860 0.619198
0.129717 -0.140310 0.619209
0.129079 -0.131442 0.611414
0.150405 -0.129764 0.619546
0.145472 -0.130553 0.621209
0.141210 -0.131607 0.615806
0.145137 -0.134271 0.623429
0.127242 -0.139439 0.628051
0.137187 -0.126386 0.629931
0.135442 -0.128519 0.620000
0.130840 -0.128777 0.631148
0.145466 -0.130812 0.627679
0.142246 -0.115441 0.639220
0.142042 -0.123731 0.623250
0.128364 -0.120890 0.621643
0.133257 -0.132317 0.627671
0.142001 -0.127823 0.619619
0.137905 -0.134199 0.630218
0.126733 -0.136123 0.624715
0.129029 -0.133585 0.624532
0.137696 -0.131826 0.632817
0.135862 -0.131918 0.623556
0.121370 -0.124615 0.624766
0.133990 -0.128252 0.629704
0.123183 -0.141701 0.631664
0.126820 -0.131342 0.627227
0.138464 -0.133921 0.627614
0.116881 -0.129017 0.630114
0.131944 -0.128619 0.617540
0.131367 -0.130943 0.625717
0.134802 -0.137943 0.626235
0.131590 -0.129687 0.628776
0.120503 -0.120294 0.619991
0.129767 -0.123466 0.629775
0.132919 -0.123164 0.635529
0.119677 -0.126678 0.632639
0.139000 -0.131379 0.643267
0.118176 -0.131305 0.646661
0.129949 -0.123328 0.638276
0.132782 -0.122358 0.621973
0.119761 -0.130979 0.633474
0.126652 -0.128640 0.624808
0.125938 -0.135798 0.626161
0.125712 -0.132437 0.632505
0.122425 -0.135199 0.633717
0.124324 -0.136592 0.624744
0.122763 -0.120381 0.632625
0.127927 -0.135174 0.636641
0.107691 -0.129287 0.625918
0.121928 -0.134037 0.638416
0.131052 -0.134626 0.626052
0.129673 -0.137736 0.629743
0.121514 -0.133607 0.634308
0.116719 -0.132266 0.647622
0.118943 -0.132226 0.644186
0.129486 -0.122210 0.566482
0.128740 -0.120927 0.568815
0.120453 -0.128586 0.571013
0.124902 -0.116144 0.575451
0.123522 -0.128004 0.564896
0.125383 -0.131521 0.578225
0.133197 -0.123699 0.559017
0.114817 -0.120760 0.562566
0.126834 -0.121334 0.563875
0.132149 -0.132987 0.562876
0.118528 -0.122585 0.564002
0.112739 -0.117410 0.569458
0.122083 -0.140775 0.568390
0.116791 -0.124572 0.564385
0.132236 -0.130937 0.575437
0.135886 -0.128425 0.559158
0.125469 -0.133989 0.568205
0.118273 -0.123823 0.578362
0.117618 -0.130807 0.566021
0.129263 -0.124281 0.563996
0.130220 -0.127822 0.574348
0.131329 -0.122404 0.570020
0.132475 -0.123256 0.565933
0.131600 -0.119136 0.567160
0.130059 -0.125614 0.567752
0.129472 -0.122028 0.563717
0.132744 -0.123738 0.568822
0.128383 -0.132384 0.580071
0.128600 -0.122252 0.557141
0.129344 -0.120308 0.575871
0.137739 -0.127260 0.580995
0.134818 -0.127139 0.575465
0.131597 -0.126677 0.569928
0.139099 -0.125008 0.568649
0.134808 -0.137783 0.571629
0.134280 -0.131857 0.573061
0.136651 -0.128175 0.571554
0.136215 -0.137012 0.575795
0.138065 -0.129137 0.575428
0.130969 -0.123690 0.571880
0.142447 -0.136058 0.575401
0.136781 -0.125415 0.584599
0.144035 -0.114151 0.578307
0.131180 -0.129416 0.579991
0.142132 -0.128902 0.574567
0.131415 -0.137089 0.583299
0.151275 -0.129397 0.588123
0.130456 -0.119872 0.578142
0.149499 -0.122563 0.578499
0.133307 -0.120981 0.575510
0.133260 -0.136631 0.567778
0.140384 -0.124733 0.591452
0.143567 -0.130506 0.575631
0.141520 -0.122116 0.583076
0.143413 -0.133740 0.578945
0.134057 -0.110746 0.579603
0.135952 -0.128839 0.576145
0.135736 -0.125959 0.578010
0.151061 -0.122364 0.595206
0.133096 -0.127804 0.589494
0.151927 -0.132908 0.590851
0.131930 -0.117977 0.593829
0.150557 -0.125805 0.593890
0.139764 -0.137870 0.598717
0.150633 -0.123402 0.589735
0.149273 -0.113505 0.605736
0.126201 -0.125484 0.590478
0.141206 -0.119891 0.585330
0.146452 -0.132681 0.600698
0.140765 -0.130250 0.588382
0.142458 -0.129838 0.581166
0.134957 -0.118659 0.594050
0.131278 -0.131589 0.605958
0.152479 -0.121737 0.589984
0.142372 -0.123121 0.594702
0.144339 -0.130829 0.605743
0.134468 -0.126510 0.589849
0.140371 -0.117970 0.589113
0.149770 -0.125256 0.597550
0.139722 -0.131510 0.586115
0.147846 -0.124381 0.596761
0.145651 -0.126050 0.594634
0.140392 -0.129569 0.599394
0.148130 -0.134317 0.595803
0.133877 -0.118433 0.601786
0.142618 -0.132410 0.605594
0.136601 -0.115872 0.597069
0.149882 -0.118031 0.592021
0.142478 -0.128307 0.606218
0.137744 -0.122314 0.600106
0.142321 -0.119241 0.603978
0.139596 -0.129113 0.592582
0.142106 -0.134440 0.608078
0.146158 -0.132695 0.605021
0.141594 -0.119628 0.600198
0.147409 -0.127385 0.600630
0.133418 -0.125118 0.602120
0.137667 -0.131555 0.600473
0.137296 -0.127628 0.609983
0.145900 -0.132151 0.596436
0.143107 -0.122649 0.605155
0.141150 -0.123303 0.607232
0.145922 -0.130273 0.600626
0.150490 -0.123054 0.621545
0.144309 -0.121765 0.613003
0.132515 -0.130201 0.613783
0.137208 -0.125814 0.611600
0.136147 -0.125893 0.611565
0.143581 -0.127415 0.615606
0.142682 -0.126524 0.611080
0.141634 -0.118819 0.607515
0.134862 -0.130462 0.621631
0.138180 -0.120243 0.609852
0.133973 -0.129307 0.610297
0.141521 -0.134636 0.626434
0.134021 -0.113586 0.613372
0.136400 -0.124571 0.617352
0.141356 -0.122316 0.617602
0.143728 -0.128130 0.619089
0.133314 -0.119366 0.624931
0.128621 -0.114832 0.617787
0.137805 -0.126001 0.608213
0.144367 -0.122091 0.628193
0.140554 -0.131151 0.626217
0.148669 -0.131518 0.618858
0.140568 -0.123017 0.619325
0.135462 -0.128830 0.625164
0.140281 -0.123849 0.612242
0.141157 -0.116223 0.625487
0.134783 -0.122326 0.617507
0.133716 -0.122280 0.626124
0.143700 -0.121857 0.614280
0.131416 -0.122169 0.621814
0.130747 -0.123925 0.615897
0.138359 -0.128089 0.623152
0.142735 -0.124537 0.619295
0.126457 -0.130856 0.622111
0.137972 -0.130140 0.617320
0.143769 -0.127350 0.616147
0.134270 -0.128029 0.630858
0.138479 -0.131653 0.630255
0.134915 -0.127007 0.623039
0.134606 -0.129378 0.620174
0.128961 -0.129393 0.620335
0.133333 -0.120738 0.614310
0.128139 -0.121284 0.626715
0.130755 -0.128889 0.629261
0.127602 -0.125651 0.626715
0.127696 -0.134897 0.627675
0.125785 -0.124639 0.618887
0.134670 -0.132571 0.643109
0.126203 -0.117171 0.620819
0.117420 -0.121800 0.622386
0.134850 -0.122958 0.624322
0.128738 -0.134295 0.621603
0.124004 -0.123701 0.629010
0.124980 -0.133345 0.631115
0.127283 -0.126164 0.627867
0.134931 -0.136614 0.625490
0.123113 -0.124468 0.627021
0.125256 -0.130830 0.629454
0.121456 -0.131647 0.630280
0.128169 -0.117924 0.631226
0.128613 -0.122461 0.635694
0.126326 -0.127078 0.632603
0.139380 -0.128690 0.633575
0.131027 -0.123144 0.639159
0.122301 -0.127387 0.640100
0.121962 -0.119476 0.644017
0.123657 -0.122560 0.628685
0.118406 -0.128506 0.622388
0.131087 -0.123293 0.642690
0.123336 -0.132283 0.633598
0.117131 -0.129022 0.628482
0.120554 -0.127120 0.641514
0.116113 -0.127305 0.628043
0.115817 -0.123449 0.630383
0.122551 -0.118510 0.633441
0.119359 -0.123028 0.646881
0.135980 -0.127852 0.636159
0.120700 -0.118254 0.567425
0.122167 -0.117442 0.556678
0.129177 -0.125749 0.568970
0.126335 -0.124398 0.572571
0.122527 -0.125252 0.568664
0.117569 -0.111817 0.568600
0.124794 -0.123366 0.572198
0.119999 -0.113611 0.571856
0.123976 -0.135395 0.561018
0.127054 -0.120705 0.569251
0.122379 -0.120593 0.567667
0.122067 -0.115822 0.564812
0.111630 -0.124025 0.565699
0.124370 -0.124750 0.569367
0.128257 -0.123858 0.562283
0.117370 -0.119016 0.561791
0.125046 -0.118991 0.562209
0.129839 -0.128493 0.577389
0.128370 -0.125000 0.554285
0.122321 -0.118272 0.575888
0.135497 -0.125795 0.564930
0.132805 -0.119861 0.566333
0.126556 -0.127762 0.577604
0.129412 -0.122401 0.578955
0.124499 -0.118877 0.567419
0.140650 -0.108691 0.576921
0.134850 -0.119470 0.569731
0.127747 -0.124366 0.573291
0.136120 -0.132352 0.573455
0.121584 -0.116246 0.571743
0.152133 -0.111029 0.571369
0.135886 -0.117659 0.576385
0.125366 -0.123712 0.573030
0.132924 -0.121825 0.570788
0.149624 -0.124191 0.572974
0.124203 -0.124445 0.568995
0.135820 -0.128364 0.581576
0.130276 -0.128696 0.570873
0.125681 -0.125517 0.580612
0.124577 -0.124232 0.575635
0.120079 -0.128237 0.575225
0.139428 -0.116442 0.575025
0.132485 -0.119444 0.588029
0.132619 -0.117648 0.576660
0.132199 -0.110857 0.573198
0.135140 -0.132788 0.574649
0.144454 -0.132289 0.584931
0.136010 -0.123969 0.574260
0.138211 -0.129003 0.573901
0.145811 -0.127269 0.574704
0.130203 -0.117009 0.579998
0.130197 -0.121355 0.582054
0.142400 -0.109774 0.581125
0.134042 -0.106234 0.580200
0.148880 -0.119316 0.582385
0.149935 -0.118009 0.582173
0.142790 -0.123783 0.586765
0.141951 -0.120597 0.590190
0.123552 -0.118551 0.583184
0.140908 -0.118784 0.580796
0.134932 -0.122960 0.586250
0.140781 -0.126967 0.586182
0.136672 -0.129998 0.584690
0.136918 -0.117326 0.582765
0.135929 -0.119059 0.580676
0.136632 -0.124237 0.597232
0.145763 -0.121078 0.592187
0.135466 -0.121443 0.582364
0.150258 -0.120563 0.590001
0.136171 -0.117331 0.586264
0.137977 -0.121797 0.584389
0.138775 -0.119894 0.590721
0.147699 -0.120027 0.599261
0.126064 -0.123324 0.601517
0.149383 -0.120892 0.584880
0.134278 -0.129188 0.598828
0.139207 -0.129395 0.585073
0.134800 -0.121125 0.588755
0.143128 -0.116009 0.597206
0.144490 -0.114838 0.588405
0.145304 -0.118065 0.593906
0.132509 -0.124664 0.599995
0.148963 -0.118009 0.592991
0.145109 -0.120560 0.601047
0.146997 -0.115385 0.602362
0.143643 -0.122402 0.603564
0.138715 -0.117370 0.595293
0.144449 -0.120032 0.596376
0.141617 -0.114296 0.608395
0.146273 -0.111093 0.597864
0.139844 -0.120878 0.606265
0.145308 -0.125653 0.601841
0.141494 -0.123405 0.604478
0.134270 -0.122311 0.609050
0.142993 -0.133404 0.596666
0.143666 -0.119859 0.601958
0.132516 -0.115618 0.592291
0.134714 -0.122398 0.604108
0.144969 -0.134523 0.594499
0.145924 -0.122086 0.602403
0.143311 -0.128725 0.603785
0.151928 -0.125404 0.608351
0.136692 -0.126018 0.611229
0.147227 -0.119305 0.606906
0.144469 -0.122993 0.607214
0.137169 -0.114134 0.600660
0.142644 -0.127110 0.604494
0.144946 -0.117578 0.601620
0.141221 -0.114017 0.611606
0.132493 -0.130825 0.597043
0.148320 -0.131142 0.617186
0.132985 -0.116634 0.606172
0.135450 -0.135542 0.602465
0.131231 -0.133220 0.614369
0.153483 -0.136346 0.608881
0.142406 -0.124396 0.611110
0.139202 -0.124966 0.616685
0.138467 -0.123418 0.612422
0.147245 -0.129477 0.610667
0.141392 -0.125472 0.606155
0.146196 -0.121124 0.616854
0.139802 -0.124007 0.623127
0.140543 -0.118389 0.619330
0.134438 -0.123598 0.612751
0.155686 -0.124699 0.617277
0.134831 -0.123258 0.622960
0.140672 -0.124641 0.624114
0.145803 -0.114705 0.610305
0.132103 -0.127463 0.618292
0.145688 -0.128826 0.622364
0.142091 -0.119077 0.615393
0.139467 -0.122812 0.620492
0.130869 -0.109666 0.621888
0.133283 -0.121946 0.619054
0.130549 -0.125081 0.625696
0.134939 -0.126699 0.609482
0.140446 -0.113910 0.619852
0.139009 -0.118354 0.621463
0.138113 -0.124822 0.621481
0.138983 -0.121298 0.616157
0.132578 -0.113236 0.622059
0.128636 -0.114834 0.616919
0.138163 -0.102253 0.633225
0.136178 -0.116463 0.637157
0.135992 -0.112044 0.624044
0.121667 -0.123167 0.622313
0.133078 -0.117997 0.626187
0.135097 -0.109512 0.623906
0.139790 -0.124143 0.638288
0.140567 -0.119447 0.626016
0.136714 -0.132522 0.617838
0.130083 -0.129713 0.616300
0.130150 -0.113122 0.621596
0.136988 -0.112010 0.628371
0.124785 -0.122142 0.632059
0.119389 -0.115278 0.634244
0.126590 -0.118905 0.627683
0.134869 -0.123130 0.631589
0.132697 -0.119369 0.623448
0.125245 -0.127394 0.626186
0.134403 -0.131756 0.630141
0.131389 -0.131829 0.623294
0.129832 -0.131178 0.635651
0.130732 -0.116626 0.634432
0.122013 -0.113301 0.636399
0.124351 -0.121312 0.644300
0.123111 -0.121588 0.628815
0.120899 -0.119716 0.629596
0.134674 -0.121387 0.626788
0.119524 -0.136923 0.635549
0.130255 -0.122014 0.638550
0.126287 -0.129585 0.631467
0.126583 -0.127163 0.633399
0.120714 -0.122550 0.632466
0.132753 -0.115404 0.649311
0.120612 -0.123387 0.638211
0.134181 -0.123427 0.632465
0.127819 -0.128779 0.636354
0.132311 -0.127922 0.639703
0.124755 -0.127152 0.635276
0.127320 -0.123129 0.563319
0.124486 -0.120289 0.561420
0.124763 -0.127369 0.558667
0.114185 -0.116719 0.564754
0.123902 -0.121711 0.569886
0.126862 -0.127422 0.563426
0.129825 -0.127985 0.556627
0.125793 -0.109562 0.577269
0.135242 -0.134653 0.567132
0.128423 -0.125501 0.555727
0.120837 -0.120253 0.567467
0.116063 -0.118779 0.563351
0.127487 -0.119732 0.565163
0.125688 -0.111762 0.579465
0.123494 -0.117289 0.562166
0.123076 -0.122215 0.555449
0.127308 -0.105631 0.567051
0.136471 -0.117410 0.568209
0.138520 -0.120106 0.569432
0.123501 -0.115172 0.562024
0.136391 -0.114838 0.570100
0.134633 -0.129019 0.568859
0.137311 -0.125773 0.579416
0.133424 -0.120303 0.562611
0.135292 -0.117407 0.560120
0.126635 -0.115665 0.586001
0.127237 -0.122183 0.573274
0.132724 -0.117315 0.577576
0.119862 -0.119183 0.569933
0.136150 -0.119233 0.562419
0.134437 -0.125308 0.569437
0.135567 -0.114420 0.566751
0.134037 -0.104512 0.583449
0.127404 -0.130064 0.572318
0.135441 -0.117921 0.581347
0.134445 -0.118883 0.577161
0.125966 -0.116598 0.568492
0.128687 -0.116472 0.575232
0.138527 -0.117004 0.574592
0.142352 -0.113879 0.581799
0.137162 -0.119577 0.582694
0.138799 -0.120578 0.573690
0.142708 -0.112223 0.581898
0.124782 -0.118594 0.583438
0.121964 -0.112138 0.581424
0.139895 -0.120530 0.575383
0.140211 -0.115498 0.573665
0.135248 -0.113061 0.583592
0.143955 -0.121727 0.571853
0.132233 -0.114580 0.584663
0.136861 -0.120923 0.574521
0.143487 -0.124366 0.582785
0.143506 -0.129702 0.579235
0.152265 -0.125928 0.587053
0.135408 -0.112116 0.591913
0.143177 -0.119986 0.577444
0.146070 -0.116185 0.578664
0.139980 -0.120858 0.577778
0.140267 -0.114880 0.585060
0.139276 -0.128995 0.586713
0.146625 -0.120032 0.582560
0.146142 -0.116325 0.586784
0.146374 -0.125608 0.589554
0.134183 -0.127982 0.578400
0.148336 -0.120779 0.591406
0.130548 -0.118775 0.590635
0.143337 -0.108164 0.584711
0.142607 -0.120052 0.578573
0.144860 -0.125460 0.583646
0.135432 -0.120645 0.589001
0.150667 -0.124089 0.594687
0.146413 -0.118571 0.589714
0.147403 -0.116846 0.587162
0.139807 -0.122765 0.598665
0.138172 -0.129379 0.591236
0.144443 -0.112043 0.590904
0.139707 -0.126623 0.590115
0.146452 -0.120347 0.593052
0.141056 -0.116062 0.599607
0.141157 -0.112443 0.595139
0.138511 -0.120632 0.608025
0.145281 -0.123610 0.588114
0.146453 -0.118836 0.588916
0.148905 -0.120910 0.599198
0.134780 -0.113780 0.602338
0.150275 -0.107245 0.604145
0.146283 -0.105989 0.595464
0.146077 -0.116535 0.602976
0.143628 -0.118442 0.599270
0.143000 -0.117394 0.598439
0.137850 -0.117110 0.595545
0.147112 -0.115043 0.599487
0.142586 -0.119077 0.597394
0.143894 -0.133167 0.606219
0.134810 -0.115953 0.603002
0.137394 -0.105845 0.590944
0.142159 -0.127831 0.591158
0.133122 -0.118511 0.591288
0.137626 -0.121400 0.602156
0.140859 -0.115262 0.612442
0.147352 -0.108231 0.602495
0.144575 -0.120707 0.607950
0.137453 -0.110708 0.596855
0.133686 -0.122685 0.602938
0.155793 -0.116405 0.610366
0.139325 -0.113438 0.593499
0.145658 -0.117033 0.608941
0.146738 -0.125325 0.607358
0.147549 -0.121845 0.606938
0.149452 -0.113555 0.614493
0.129635 -0.111409 0.610110
0.139714 -0.116080 0.620067
0.140752 -0.126328 0.611388
0.136603 -0.114628 0.604388
0.135204 -0.122448 0.608068
0.144370 -0.122508 0.608613
0.140630 -0.128582 0.611948
0.140153 -0.117695 0.610184
0.137581 -0.118205 0.609850
0.147756 -0.124143 0.616483
0.153008 -0.121609 0.621638
0.142322 -0.111445 0.625698
0.137178 -0.114462 0.620725
0.136983 -0.110366 0.610561
0.141865 -0.123060 0.617097
0.139592 -0.117336 0.625931
0.127932 -0.129279 0.619570
0.151091 -0.112667 0.617826
0.138086 -0.121752 0.614160
0.138803 -0.125036 0.615613
0.139936 -0.110964 0.614480
0.141477 -0.113237 0.617865
0.138563 -0.117317 0.617067
0.142804 -0.115865 0.626016
0.138236 -0.113553 0.615387
0.137767 -0.123488 0.616158
0.134277 -0.126682 0.625482
0.142892 -0.113251 0.618319
0.139255 -0.124824 0.622986
0.136207 -0.113694 0.622573
0.130253 -0.104722 0.629546
0.134675 -0.115828 0.614696
0.134886 -0.116808 0.624209
0.119639 -0.114402 0.616374
0.139835 -0.117054 0.625830
0.138889 -0.110971 0.632399
0.122643 -0.126399 0.623473
0.125041 -0.118874 0.628473
0.141824 -0.115920 0.631201
0.135582 -0.125894 0.629739
0.123737 -0.120143 0.634784
0.128078 -0.125849 0.632967
0.123797 -0.119257 0.625041
0.118849 -0.121196 0.637379
0.121827 -0.115730 0.623361
0.125117 -0.109684 0.641401
0.128835 -0.123983 0.628998
0.129931 -0.110362 0.627405
0.140577 -0.119805 0.628477
0.119989 -0.117251 0.633021
0.124122 -0.119074 0.628628
0.125321 -0.117602 0.633936
0.117334 -0.111396 0.638549
0.126321 -0.114774 0.630249
0.133701 -0.121701 0.630991
0.134254 -0.114402 0.622624
0.122886 -0.108704 0.621535
0.122827 -0.113932 0.639547
0.128148 -0.122671 0.623435
0.123208 -0.121836 0.631641
0.121784 -0.117194 0.624791
0.120247 -0.120288 0.637763
0.131167 -0.119539 0.638228
0.115214 -0.105042 0.631562
0.128828 -0.114938 0.635233
0.119210 -0.115324 0.633222
0.120895 -0.121517 0.636008
0.124382 -0.119012 0.636566
0.126198 -0.119267 0.646013
0.116725 -0.116976 0.630855
0.126068 -0.120385 0.558903
0.126338 -0.119023 0.561302
0.120988 -0.119200 0.557944
0.131827 -0.127543 0.554559
0.121682 -0.107080 0.574908
0.111879 -0.102847 0.565638
0.112851 -0.117272 0.558501
0.117011 -0.116284 0.570535
0.129318 -0.111591 0.560407
0.123137 -0.108292 0.559411
0.120607 -0.123672 0.564270
0.122040 -0.117051 0.573659
0.119485 -0.121377 0.564904
0.128253 -0.115144 0.578219
0.124350 -0.116002 0.570168
0.122986 -0.120334 0.567533
0.132310 -0.118916 0.564766
0.130491 -0.117576 0.563686
0.126685 -0.119077 0.573442
0.130467 -0.105109 0.570666
0.127360 -0.106844 0.563510
0.128869 -0.105427 0.575870
0.128465 -0.106633 0.571397
0.122413 -0.118283 0.574765
0.134041 -0.112956 0.573095
0.133167 -0.114428 0.577948
0.131963 -0.104752 0.572955
0.124622 -0.117021 0.573677
0.127442 -0.123967 0.560136
0.134733 -0.122002 0.575877
0.124357 -0.108971 0.574248
0.135842 -0.117804 0.565284
0.127128 -0.110276 0.571162
0.123972 -0.123123 0.566498
0.135440 -0.115476 0.579836
0.143539 -0.120883 0.572586
0.128784 -0.113376 0.581313
0.126173 -0.113162 0.578276
0.136470 -0.115912 0.572636
0.139661 -0.111136 0.579897
0.133563 -0.111031 0.579451
0.138888 -0.108652 0.571251
0.137536 -0.111632 0.568861
0.145975 -0.117527 0.579031
0.132715 -0.107799 0.573157
0.134424 -0.123251 0.587296
0.131695 -0.113894 0.575295
0.130186 -0.130674 0.576201
0.128991 -0.122513 0.578926
0.139417 -0.110469 0.577306
0.136910 -0.101169 0.577502
0.154224 -0.115940 0.580647
0.149298 -0.119002 0.578791
0.139822 -0.114178 0.577952
0.126917 -0.114811 0.575044
0.134896 -0.116029 0.589965
0.135534 -0.120981 0.583707
0.145603 -0.112816 0.581916
0.137773 -0.122070 0.583739
0.141990 -0.115678 0.577526
0.136315 -0.110401 0.585899
0.136715 -0.105012 0.588960
0.136684 -0.104383 0.590124
0.141870 -0.108918 0.598074
0.143108 -0.116983 0.586840
0.144604 -0.119734 0.592933
0.127829 -0.123965 0.585362
0.130941 -0.115567 0.589021
0.132485 -0.122391 0.589507
0.144757 -0.118968 0.589248
0.140475 -0.127842 0.589347
0.133719 -0.107859 0.592901
0.136399 -0.118328 0.594569
0.133071 -0.110979 0.586702
0.131206 -0.116691 0.606873
0.143585 -0.111734 0.593948
0.143690 -0.115580 0.592210
0.142686 -0.121797 0.595322
0.144738 -0.118877 0.603198
0.146406 -0.110385 0.584885
0.135958 -0.117851 0.601862
0.141982 -0.114587 0.585189
0.141229 -0.116428 0.597954
0.143754 -0.121831 0.593538
0.145099 -0.107960 0.596592
0.136957 -0.112201 0.602576
0.144283 -0.112794 0.595675
0.145512 -0.114017 0.593210
0.155587 -0.110043 0.596281
0.143881 -0.117460 0.597574
0.160130 -0.102264 0.597785
0.142955 -0.110610 0.603187
0.147817 -0.110881 0.604611
0.139046 -0.119513 0.603020
0.149359 -0.112724 0.604071
0.136713 -0.105550 0.604097
0.139929 -0.113951 0.608410
0.143939 -0.112400 0.602803
0.145440 -0.109642 0.602892
0.145400 -0.129760 0.601851
0.134088 -0.121303 0.607519
0.137667 -0.112443 0.609597
0.147545 -0.119434 0.605910
0.135678 -0.115579 0.610285
0.153557 -0.116712 0.604519
0.140003 -0.117476 0.607090
0.135093 -0.129024 0.612215
0.140491 -0.122510 0.617846
0.144290 -0.110805 0.614342
0.138739 -0.122699 0.608529
0.143807 -0.113810 0.615816
0.147719 -0.122706 0.608369
0.134653 -0.112784 0.612188
0.146386 -0.120228 0.613742
0.144240 -0.118598 0.609617
0.129971 -0.123716 0.619933
0.142529 -0.124369 0.609687
0.134274 -0.120603 0.603919
0.136894 -0.122419 0.620136
0.142752 -0.111976 0.618935
0.133025 -0.105187 0.618720
0.135554 -0.117934 0.616363
0.135658 -0.122051 0.614814
0.147559 -0.112362 0.627453
0.131726 -0.107844 0.609629
0.134463 -0.117826 0.624090
0.136210 -0.111028 0.608231
0.144861 -0.111666 0.621513
0.130727 -0.114396 0.624572
0.139901 -0.123044 0.627123
0.147472 -0.125589 0.621489
0.139165 -0.122917 0.630903
0.128817 -0.118785 0.624623
0.132743 -0.122517 0.620037
0.131187 -0.115046 0.620365
0.138934 -0.122174 0.616045
0.144694 -0.124761 0.617211
0.143227 -0.113506 0.614760
0.126437 -0.110416 0.621901
0.144168 -0.095547 0.618654
0.138448 -0.099672 0.624238
0.141078 -0.118109 0.627739
0.138140 -0.116821 0.625549
0.135263 -0.115414 0.621265
0.137441 -0.121697 0.635133
0.126749 -0.109878 0.626326
0.135110 -0.117927 0.621858
0.131193 -0.115703 0.618054
0.124301 -0.114134 0.622895
0.132743 -0.122571 0.637884
0.128100 -0.115059 0.630231
0.140955 -0.115988 0.613578
0.123392 -0.104301 0.636222
0.132080 -0.107436 0.627266
0.138330 -0.112035 0.618741
0.136890 -0.117705 0.627405
0.133690 -0.132507 0.636546
0.125291 -0.115136 0.632272
0.126727 -0.113914 0.634539
0.132185 -0.107459 0.635713
0.113151 -0.113021 0.639479
0.126420 -0.119309 0.630472
0.132565 -0.120520 0.634140
0.130343 -0.109385 0.627178
0.131209 -0.118950 0.632852
0.137396 -0.113287 0.630119
0.118424 -0.123677 0.633945
0.133792 -0.124444 0.629730
0.123893 -0.110493 0.633307
0.118586 -0.111460 0.629974
0.132511 -0.114192 0.629227
0.136306 -0.117850 0.639233
0.125450 -0.109227 0.626979
0.127366 -0.112766 0.639168
0.115297 -0.114004 0.639263
0.120367 -0.116951 0.636694
0.134600 -0.116366 0.629279
0.125061 -0.115465 0.639292
0.127369 -0.113233 0.629821
0.120068 -0.117908 0.633192
0.108705 -0.103504 0.560928
0.118330 -0.111337 0.555960
0.134729 -0.109362 0.567616
0.115978 -0.115465 0.562794
0.117510 -0.111617 0.562648
0.122179 -0.120063 0.568689
0.134513 -0.109801 0.559911
0.122673 -0.106991 0.569226
0.116896 -0.110842 0.573559
0.118821 -0.121381 0.573146
0.120475 -0.108994 0.565542
0.137522 -0.112150 0.575466
0.122183 -0.118218 0.566823
0.127476 -0.110378 0.563107
0.128964 -0.105235 0.570064
0.126230 -0.119735 0.567441
0.135039 -0.103338 0.567563
0.124483 -0.103040 0.574946
0.124971 -0.115117 0.564419
0.133391 -0.107090 0.574289
0.120436 -0.109512 0.571404
0.127578 -0.109646 0.572531
0.138492 -0.103914 0.579469
0.148941 -0.114887 0.569478
0.128320 -0.113907 0.569116
0.124012 -0.112035 0.569396
0.132270 -0.116777 0.571002
0.131632 -0.110995 0.561067
0.142319 -0.113069 0.571352
0.127881 -0.117172 0.578733
0.140293 -0.112341 0.559480
0.126116 -0.111964 0.566417
0.133853 -0.114723 0.578498
0.142404 -0.117593 0.574836
0.140558 -0.110758 0.567529
0.145235 -0.109205 0.576441
0.131909 -0.114374 0.565038
0.137307 -0.121782 0.585994
0.137037 -0.107572 0.573550
0.139141 -0.115882 0.577244
0.142153 -0.119364 0.579262
0.134544 -0.114939 0.583105
0.131726 -0.126414 0.581466
0.137393 -0.114088 0.584512
0.126639 -0.116411 0.572361
0.131191 -0.115004 0.575309
0.143671 -0.112282 0.574504
0.144404 -0.117923 0.583630
0.136149 -0.115295 0.578559
0.133189 -0.105344 0.583332
0.140572 -0.106878 0.581918
0.137479 -0.120414 0.576617
0.143617 -0.109505 0.577017
0.143768 -0.110704 0.587826
0.147201 -0.110960 0.581625
0.143202 -0.125243 0.574734
0.134875 -0.121524 0.585402
0.152776 -0.114188 0.591740
0.141206 -0.124398 0.584306
0.138444 -0.114772 0.577586
0.130637 -0.104195 0.579401
0.145882 -0.110748 0.588930
0.141742 -0.110661 0.581643
0.143211 -0.115949 0.585588
0.144012 -0.113156 0.592457
0.150706 -0.104998 0.590398
0.137872 -0.106311 0.595855
0.142658 -0.104387 0.588121
0.133491 -0.118182 0.585791
0.140355 -0.113989 0.585513
0.145456 -0.113007 0.588476
0.148769 -0.109737 0.590676
0.147152 -0.102953 0.591300
0.137504 -0.116355 0.598072
0.143077 -0.112286 0.583734
0.138802 -0.100677 0.591139
0.145589 -0.110662 0.585981
0.145706 -0.111917 0.581442
0.148687 -0.107433 0.594833
0.140634 -0.116341 0.603479
0.132971 -0.105434 0.598910
0.142342 -0.108299 0.606380
0.153179 -0.115098 0.582573
0.133636 -0.114116 0.591275
0.144007 -0.110633 0.594482
0.147001 -0.109668 0.595699
0.137401 -0.105899 0.600927
0.143992 -0.115811 0.597819
0.147087 -0.113187 0.605137
0.135448 -0.106405 0.595914
0.149941 -0.110073 0.598413
0.147771 -0.104727 0.599419
0.128252 -0.104577 0.603954
0.145570 -0.104499 0.603352
0.136649 -0.115069 0.601057
0.139003 -0.102355 0.606664
0.140773 -0.112403 0.606649
0.147919 -0.119987 0.604516
0.145532 -0.114920 0.594607
0.142518 -0.116549 0.603892
0.137199 -0.112615 0.603723
0.147804 -0.102951 0.598344
0.144375 -0.115771 0.598658
0.135482 -0.111722 0.610760
0.129910 -0.112412 0.611636
0.146745 -0.109327 0.605792
0.155375 -0.115506 0.616591
0.135400 -0.124206 0.617926
0.140514 -0.123827 0.604535
0.146061 -0.113219 0.600395
0.140895 -0.109864 0.609051
0.146596 -0.105049 0.611024
0.134627 -0.115033 0.607889
0.140360 -0.104079 0.610323
0.140900 -0.096418 0.610969
0.137723 -0.111597 0.611894
0.141719 -0.107994 0.612958
0.136986 -0.107287 0.616441
0.148613 -0.110957 0.620605
0.150131 -0.093551 0.611467
0.139215 -0.110550 0.608675
0.139904 -0.104662 0.606856
0.135355 -0.117280 0.612003
0.133539 -0.116251 0.624477
0.130157 -0.122111 0.615711
0.139028 -0.107866 0.611461
0.136566 -0.102808 0.615887
0.140210 -0.117054 0.610008
0.135811 -0.106304 0.614957
0.133065 -0.114693 0.630031
0.139954 -0.109268 0.624322
0.139492 -0.109945 0.619704
0.133361 -0.112343 0.623336
0.140726 -0.120285 0.631098
0.136109 -0.118468 0.625292
0.129578 -0.106231 0.630747
0.129270 -0.117753 0.626165
0.124546 -0.111786 0.619585
0.127611 -0.106434 0.621343
0.135438 -0.108227 0.624486
0.126991 -0.116948 0.637704
0.125181 -0.115154 0.619512
0.135349 -0.106621 0.627783
0.133789 -0.109264 0.626042
0.137720 -0.108297 0.622724
0.129470 -0.114635 0.634063
0.130135 -0.102126 0.619996
0.132960 -0.115782 0.626631
0.128890 -0.115711 0.624619
0.124211 -0.107043 0.630882
0.135254 -0.104504 0.637124
0.134115 -0.119168 0.634885
0.138239 -0.116017 0.632746
0.124604 -0.111380 0.624254
0.132142 -0.116095 0.631348
0.135764 -0.111957 0.632258
0.125440 -0.121960 0.618761
0.123632 -0.104637 0.623645
0.132464 -0.111713 0.621733
0.133582 -0.109841 0.631699
0.121056 -0.115066 0.628557
0.135154 -0.114845 0.637448
0.131291 -0.118521 0.638781
0.132818 -0.108564 0.623008
0.124843 -0.112268 0.633276
0.139746 -0.106433 0.629883
0.129918 -0.112573 0.626484
0.123536 -0.112436 0.626521
0.132729 -0.118560 0.637011
0.127795 -0.109934 0.647188
0.119609 -0.114190 0.647685
0.123518 -0.110620 0.645188
0.133124 -0.102592 0.635956
0.119547 -0.111124 0.630974
0.124544 -0.113225 0.631479
0.124997 -0.113988 0.630221
0.115526 -0.115480 0.646866
0.125264 -0.103484 0.626497
0.122936 -0.107490 0.637913
0.117703 -0.116369 0.639292
0.119340 -0.103634 0.565919
0.119987 -0.111414 0.561374
0.114541 -0.094142 0.576966
0.121944 -0.099454 0.564930
0.122130 -0.109389 0.560797
0.125346 -0.107595 0.557631
0.126211 -0.104038 0.565459
0.128248 -0.120586 0.556440
0.130429 -0.107965 0.569120
0.111058 -0.103384 0.568864
0.121109 -0.114682 0.566630
0.124070 -0.115554 0.565623
0.127132 -0.113043 0.565273
0.124204 -0.109598 0.556506
0.122980 -0.105763 0.553636
0.124390 -0.114418 0.583530
0.130312 -0.120386 0.567294
0.127409 -0.108291 0.561629
0.129085 -0.109919 0.578037
0.123191 -0.112269 0.569371
0.127199 -0.108072 0.578383
0.128000 -0.105755 0.565721
0.127590 -0.116759 0.573954
0.132893 -0.105095 0.558537
0.128222 -0.104950 0.570167
0.129011 -0.110761 0.570776
0.122369 -0.107405 0.575288
0.135282 -0.113363 0.578524
0.138277 -0.097325 0.572806
0.129811 -0.109154 0.568263
0.131889 -0.106724 0.566390
0.131485 -0.113550 0.571204
0.136796 -0.101537 0.571186
0.134429 -0.109026 0.568703
0.128133 -0.108791 0.579812
0.135006 -0.096924 0.572951
0.133103 -0.104768 0.580962
0.140383 -0.112786 0.566964
0.139461 -0.107988 0.581610
0.141863 -0.104562 0.575125
0.137002 -0.111549 0.583951
0.139766 -0.112844 0.577835
0.130319 -0.104644 0.573402
0.134872 -0.113259 0.580162
0.145932 -0.113597 0.580438
0.126975 -0.099726 0.583693
0.126754 -0.113298 0.570380
0.131653 -0.111969 0.584691
0.137823 -0.118095 0.589263
0.141141 -0.105675 0.585132
0.141524 -0.105633 0.575162
0.129336 -0.112780 0.580360
0.144020 -0.112386 0.585887
0.142740 -0.110708 0.580653
0.140056 -0.114956 0.585810
0.139104 -0.105036 0.575759
0.133631 -0.104728 0.582649
0.137845 -0.115713 0.580116
0.142904 -0.112265 0.579481
0.150094 -0.118357 0.594817
0.136050 -0.100739 0.586401
0.144563 -0.115123 0.594409
0.137024 -0.116633 0.584650
0.141993 -0.106003 0.577431
0.137462 -0.114118 0.592334
0.138559 -0.113098 0.579448
0.139055 -0.112316 0.595496
0.138420 -0.110527 0.593000
0.148944 -0.107272 0.585672
0.143280 -0.116781 0.593373
0.128561 -0.109198 0.587512
0.136672 -0.107853 0.587815
0.151873 -0.118860 0.587829
0.148679 -0.104649 0.608054
0.133912 -0.102618 0.599599
0.154984 -0.112037 0.589567
0.142615 -0.097954 0.587348
0.142981 -0.116136 0.578656
0.138411 -0.109017 0.588838
0.147595 -0.103231 0.596142
0.138574 -0.104499 0.595617
0.137390 -0.110348 0.588862
0.143884 -0.104739 0.592756
0.145604 -0.109481 0.596093
0.143943 -0.103033 0.595382
0.153433 -0.102264 0.588413
0.136872 -0.105629 0.592670
0.156888 -0.104215 0.601055
0.136093 -0.129166 0.597095
0.133890 -0.110885 0.601576
0.142508 -0.087130 0.592617
0.143259 -0.104618 0.597189
0.153323 -0.105234 0.601387
0.146758 -0.104165 0.589014
0.148694 -0.121047 0.604980
0.150104 -0.099291 0.589105
0.139699 -0.107479 0.592653
0.143181 -0.108655 0.597166
0.143105 -0.117650 0.600126
0.141544 -0.119542 0.600880
0.134643 -0.115172 0.599835
0.146821 -0.109921 0.617617
0.138370 -0.104348 0.606627
0.138227 -0.115691 0.611485
0.144210 -0.100231 0.606617
0.143132 -0.111277 0.598306
0.147875 -0.117710 0.621307
0.139884 -0.112723 0.606450
0.136899 -0.106142 0.602176
0.141050 -0.111418 0.619589
0.153263 -0.115427 0.607579
0.149054 -0.101520 0.610261
0.134077 -0.100675 0.609041
0.137092 -0.113544 0.614070
0.145372 -0.105364 0.618832
0.141181 -0.103464 0.613674
0.129345 -0.122218 0.602332
0.145215 -0.100834 0.606615
0.141756 -0.099225 0.620993
0.139912 -0.108050 0.615427
0.140278 -0.113718 0.617677
0.135098 -0.106558 0.625935
0.152138 -0.114828 0.625053
0.144437 -0.124254 0.621028
0.143377 -0.108803 0.600368
0.136684 -0.092581 0.615066
0.133704 -0.110801 0.615489
0.134780 -0.120741 0.615192
0.134709 -0.108032 0.620188
0.141174 -0.094066 0.624701
0.137233 -0.100005 0.611522
0.134921 -0.104231 0.618981
0.135114 -0.105831 0.629618
0.131702 -0.105443 0.611187
0.141164 -0.112082 0.617967
0.139351 -0.109125 0.619537
0.142312 -0.117383 0.626917
0.138545 -0.104717 0.614024
0.141276 -0.102696 0.620149
0.135800 -0.112971 0.618214
0.134108 -0.108152 0.621755
0.137545 -0.107611 0.631239
0.132771 -0.112509 0.628480
0.142677 -0.123894 0.624539
0.135394 -0.112221 0.626208
0.136773 -0.105777 0.618602
0.134159 -0.094781 0.617363
0.127689 -0.103028 0.610255
0.133521 -0.106637 0.628465
0.130742 -0.116889 0.632897
0.129697 -0.100518 0.632147
0.127152 -0.112599 0.627208
0.135334 -0.108074 0.626061
0.130672 -0.111513 0.636983
0.129299 -0.110052 0.635111
0.120270 -0.105267 0.626102
0.144659 -0.105591 0.624393
0.133082 -0.113921 0.628977
0.129670 -0.115376 0.622245
0.130429 -0.104787 0.629729
0.125499 -0.112838 0.635261
0.120756 -0.103771 0.637378
0.132622 -0.105348 0.632438
0.129562 -0.103537 0.630194
0.124123 -0.111921 0.622806
0.128541 -0.115336 0.637785
0.124134 -0.105754 0.643977
0.127572 -0.113439 0.617945
0.128208 -0.103535 0.622262
0.125368 -0.110894 0.634328
0.119372 -0.117399 0.630723
0.115062 -0.102928 0.626844
0.117273 -0.095762 0.630203
0.111300 -0.116350 0.619758
0.119985 -0.104500 0.629418
0.123857 -0.106503 0.640086
0.123614 -0.102214 0.626676
0.121829 -0.106542 0.622124
0.126917 -0.103417 0.634956
0.127130 -0.095939 0.645473
0.121487 -0.106572 0.564887
0.112227 -0.108539 0.562131
0.117214 -0.102559 0.555086
0.124897 -0.113322 0.569892
0.120421 -0.109696 0.563802
0.129432 -0.108895 0.567689
0.124637 -0.114433 0.566293
0.121472 -0.102830 0.571025
0.119236 -0.106821 0.564817
0.121831 -0.101746 0.557225
0.127307 -0.108938 0.566083
0.121749 -0.112940 0.565153
0.127199 -0.100860 0.571419
0.123628 -0.102935 0.580507
0.124166 -0.094970 0.554285
0.133313 -0.106327 0.569372
0.117776 -0.102294 0.566225
0.127672 -0.109746 0.557316
0.120214 -0.106156 0.567274
0.131143 -0.110207 0.563843
0.137268 -0.100449 0.576030
0.134331 -0.107065 0.573793
0.122023 -0.098404 0.575364
0.126895 -0.094711 0.579318
0.131995 -0.104572 0.577803
0.123099 -0.101804 0.572520
0.123415 -0.115008 0.569706
0.136735 -0.099469 0.577685
0.129322 -0.101643 0.567374
0.121435 -0.105364 0.586067
0.155459 -0.107810 0.568533
0.131631 -0.106317 0.567364
0.138730 -0.110889 0.574785
0.129484 -0.107934 0.578005
0.138653 -0.107277 0.563092
0.130724 -0.106845 0.576927
0.136880 -0.101049 0.574921
0.132911 -0.103898 0.568319
0.136919 -0.107376 0.581492
0.146864 -0.107144 0.585349
0.132361 -0.101655 0.570976
0.134879 -0.101901 0.589771
0.140639 -0.109441 0.584762
0.138350 -0.102769 0.576282
0.153626 -0.097615 0.575030
0.137277 -0.102044 0.584712
0.134314 -0.108664 0.576752
0.134979 -0.111205 0.579225
0.138993 -0.105156 0.575337
0.139016 -0.096222 0.574315
0.128993 -0.116122 0.575658
0.138249 -0.105868 0.584969
0.149355 -0.100631 0.581174
0.139329 -0.106224 0.584813
0.136921 -0.105821 0.572588
0.142160 -0.108282 0.572900
0.137921 -0.100148 0.588539
0.138866 -0.099950 0.579140
0.135606 -0.108136 0.578880
0.142277 -0.111122 0.585059
0.135862 -0.110305 0.579518
0.136135 -0.107649 0.591087
0.146698 -0.107072 0.581275
0.139337 -0.108969 0.588739
0.136958 -0.128683 0.577689
0.147194 -0.110547 0.597236
0.132300 -0.101839 0.591154
0.141623 -0.105846 0.594666
0.140451 -0.106922 0.584991
0.144145 -0.118822 0.593488
0.135839 -0.107304 0.589862
0.153052 -0.105108 0.590398
0.140529 -0.105470 0.590753
0.144078 -0.100517 0.580921
0.145401 -0.105685 0.597348
0.144414 -0.119338 0.585956
0.159383 -0.106747 0.592039
0.138481 -0.112960 0.588780
0.144685 -0.099750 0.594071
0.142596 -0.102916 0.589758
0.137172 -0.103220 0.598578
0.144695 -0.099668 0.599170
0.141190 -0.111143 0.591939
0.133473 -0.107163 0.593546
0.138388 -0.099542 0.596331
0.150102 -0.101633 0.590800
0.156260 -0.103403 0.595721
0.144121 -0.103884 0.587448
0.138747 -0.108603 0.593162
0.148843 -0.105986 0.594409
0.138265 -0.109557 0.599062
0.141187 -0.107008 0.598069
0.150769 -0.106712 0.597232
0.152483 -0.104568 0.606189
0.143548 -0.110669 0.601484
0.142314 -0.109413 0.593946
0.135339 -0.107067 0.604011
0.143571 -0.113259 0.608520
0.145648 -0.105218 0.599580
0.136420 -0.103227 0.620358
0.135706 -0.098151 0.610940
0.133145 -0.106917 0.608098
0.143590 -0.098333 0.614751
0.132063 -0.095614 0.601911
0.136695 -0.103753 0.603448
0.135442 -0.100398 0.607084
0.133229 -0.099081 0.608618
0.141987 -0.107861 0.598492
0.142367 -0.104711 0.603560
0.135812 -0.103885 0.606615
0.139652 -0.101711 0.611713
0.148249 -0.094956 0.608185
0.145309 -0.107210 0.609912
0.133045 -0.094977 0.611928
0.140877 -0.114567 0.613108
0.139228 -0.103926 0.608588
0.139966 -0.110297 0.611120
0.139295 -0.099674 0.609057
0.135603 -0.095664 0.607548
0.139524 -0.109916 0.614008
0.143231 -0.103534 0.625885
0.151742 -0.110674 0.607054
0.150489 -0.106478 0.618408
0.138298 -0.107603 0.608689
0.128284 -0.102702 0.617154
0.131859 -0.103525 0.614677
0.135164 -0.104524 0.611912
0.133816 -0.108336 0.617757
0.139577 -0.102008 0.619587
0.125318 -0.116325 0.622298
0.138826 -0.106862 0.613449
0.135133 -0.103346 0.615714
0.139763 -0.097797 0.624287
0.140752 -0.097297 0.622718
0.140710 -0.100357 0.616894
0.139470 -0.089951 0.623796
0.128246 -0.109906 0.621749
0.133927 -0.107111 0.612810
0.128885 -0.108174 0.616787
0.142593 -0.110177 0.622350
0.136076 -0.105807 0.618908
0.136541 -0.105972 0.625478
0.132791 -0.105117 0.633187
0.141165 -0.100583 0.623424
0.141117 -0.099905 0.621658
0.134614 -0.095383 0.631614
0.136150 -0.101362 0.614882
0.138015 -0.103878 0.623725
0.141676 -0.106491 0.620392
0.127364 -0.105237 0.625688
0.136786 -0.100831 0.635804
0.132899 -0.101727 0.628688
0.134206 -0.101863 0.633239
0.128454 -0.102865 0.629530
0.135447 -0.101340 0.628899
0.130483 -0.108957 0.630669
0.120632 -0.094882 0.632032
0.125716 -0.105877 0.635658
0.132982 -0.101370 0.625787
0.138732 -0.103047 0.624182
0.128375 -0.106898 0.633466
0.127546 -0.108263 0.627188
0.126120 -0.107585 0.630413
0.122799 -0.090189 0.634006
0.134031 -0.098681 0.637957
0.130755 -0.098788 0.647881
0.119559 -0.113384 0.636612
0.106081 -0.107842 0.641761
0.117376 -0.100362 0.625836
0.134069 -0.110975 0.633736
0.124732 -0.109204 0.634780
0.123673 -0.105002 0.641035
0.119713 -0.106702 0.635698
0.121496 -0.092862 0.630820
0.129046 -0.105210 0.638289
0.120154 -0.106220 0.647523
0.126976 -0.109979 0.628214
0.122184 -0.108818 0.639638
0.111830 -0.103280 0.631999
0.129840 -0.104392 0.643590
0.129275 -0.106473 0.552247
0.121006 -0.111603 0.563059
0.126822 -0.093811 0.565936
0.118949 -0.102454 0.560234
0.129019 -0.101950 0.573262
0.130031 -0.096964 0.561677
0.132577 -0.102563 0.566827
0.130279 -0.096100 0.562655
0.135264 -0.108594 0.575105
0.128978 -0.103683 0.562376
0.135081 -0.092976 0.571290
0.115898 -0.098080 0.554596
0.129972 -0.109025 0.568426
0.136912 -0.108303 0.565856
0.123261 -0.105535 0.559220
0.137624 -0.096071 0.573776
0.123974 -0.103369 0.578039
0.133327 -0.104614 0.578901
0.133301 -0.096732 0.576052
0.130668 -0.102954 0.571111
0.122171 -0.108107 0.562469
0.130007 -0.106329 0.566407
0.130070 -0.100296 0.570723
0.133965 -0.101351 0.575079
0.129584 -0.095272 0.576236
0.131409 -0.100782 0.569951
0.128298 -0.104254 0.566434
0.124190 -0.104138 0.575966
0.128909 -0.111307 0.562715
0.129378 -0.102996 0.576906
0.137149 -0.100169 0.571624
0.122674 -0.099535 0.566831
0.136844 -0.102194 0.578086
0.143646 -0.101734 0.577823
0.140759 -0.101069 0.587561
0.126973 -0.101822 0.565603
0.148129 -0.094339 0.584122
0.138105 -0.100700 0.574061
0.124406 -0.098092 0.582251
0.132342 -0.106528 0.588737
0.131711 -0.093896 0.573362
0.138782 -0.110238 0.590712
0.139054 -0.101939 0.583591
0.131529 -0.097678 0.580493
0.127198 -0.096162 0.581105
0.137811 -0.105766 0.583231
0.139117 -0.109954 0.570895
0.137147 -0.103105 0.573896
0.137572 -0.113950 0.583020
0.130209 -0.110578 0.582307
0.150382 -0.092266 0.582147
0.136281 -0.106593 0.588808
0.141387 -0.099227 0.586694
0.147062 -0.101973 0.581566
0.137750 -0.096381 0.583322
0.152455 -0.105582 0.573448
0.134772 -0.090779 0.589909
0.140171 -0.112390 0.580233
0.135939 -0.097126 0.579133
0.133411 -0.110103 0.579061
0.144302 -0.098808 0.588875
0.141134 -0.104044 0.587909
0.136853 -0.108751 0.586823
0.142755 -0.105672 0.593961
0.147724 -0.103952 0.584110
0.138707 -0.103957 0.583781
0.143987 -0.103204 0.595100
0.141634 -0.108663 0.580367
0.138187 -0.104064 0.588927
0.147262 -0.097199 0.597129
0.145722 -0.111551 0.601140
0.138421 -0.094508 0.591154
0.132529 -0.101580 0.578591
0.133984 -0.103338 0.584013
0.138769 -0.095884 0.591128
0.138416 -0.103132 0.597754
0.133906 -0.090844 0.599314
0.140089 -0.100413 0.590444
0.144515 -0.104445 0.593132
0.142690 -0.106972 0.589151
0.150394 -0.107536 0.588576
0.147209 -0.107326 0.588141
0.129480 -0.105050 0.589504
0.142741 -0.092788 0.596836
0.149326 -0.095094 0.599043
0.143006 -0.094786 0.589988
0.140376 -0.097282 0.607133
0.146576 -0.095066 0.593252
0.138756 -0.094256 0.587780
0.144448 -0.089020 0.595837
0.139033 -0.103149 0.599053
0.144504 -0.099318 0.602052
0.143519 -0.111058 0.592929
0.148701 -0.098975 0.596934
0.140961 -0.100925 0.610595
0.144694 -0.097661 0.603335
0.138685 -0.089297 0.601161
0.152957 -0.103246 0.598290
0.143048 -0.101896 0.600948
0.139405 -0.101042 0.603754
0.143479 -0.104500 0.605455
0.142267 -0.097750 0.603859
0.139001 -0.098591 0.606704
0.147302 -0.113720 0.611661
0.142509 -0.101676 0.616794
0.147988 -0.098471 0.611432
0.147311 -0.092908 0.606136
0.141534 -0.100501 0.598676
0.134204 -0.102183 0.606569
0.142970 -0.108524 0.608183
0.140614 -0.099072 0.609648
0.139150 -0.097804 0.603620
0.128396 -0.108516 0.605576
0.144003 -0.114936 0.592483
0.136615 -0.102136 0.620172
0.140085 -0.103921 0.612357
0.139938 -0.110488 0.627523
0.146883 -0.096597 0.608009
0.141606 -0.100841 0.631710
0.135740 -0.107081 0.610697
0.151962 -0.092485 0.619507
0.140639 -0.103659 0.607200
0.135479 -0.096974 0.614684
0.137858 -0.099542 0.608957
0.142515 -0.091773 0.620729
0.141693 -0.108254 0.617385
0.143552 -0.100895 0.615507
0.145752 -0.092097 0.614092
0.135276 -0.105356 0.611968
0.134943 -0.095044 0.623619
0.136048 -0.106601 0.623241
0.129505 -0.104352 0.625940
0.130121 -0.097155 0.618207
0.126436 -0.096460 0.623070
0.132768 -0.104083 0.615776
0.144878 -0.103175 0.620778
0.132299 -0.096131 0.622555
0.133586 -0.103471 0.627472
0.140748 -0.097086 0.629209
0.134587 -0.092947 0.627034
0.132223 -0.099358 0.607513
0.138062 -0.105960 0.633526
0.135764 -0.102697 0.631353
0.139886 -0.098916 0.626710
0.141332 -0.099619 0.621709
0.134638 -0.099549 0.620995
0.140488 -0.095955 0.622882
0.123867 -0.102615 0.626177
0.129208 -0.097873 0.626231
0.139014 -0.110261 0.626445
0.142438 -0.110628 0.635322
0.130563 -0.090163 0.620477
0.137261 -0.098261 0.613794
0.125313 -0.103438 0.633281
0.125578 -0.095268 0.635267
0.119257 -0.101941 0.645836
0.133267 -0.099815 0.636732
0.132022 -0.105354 0.634719
0.135640 -0.095695 0.623308
0.126347 -0.102325 0.631934
0.130187 -0.113644 0.635771
0.117561 -0.092019 0.635617
0.122796 -0.105864 0.625753
0.131843 -0.108796 0.631464
0.125733 -0.096832 0.621920
0.125020 -0.100960 0.635000
0.131239 -0.102695 0.620519
0.135663 -0.100939 0.637078
0.121200 -0.100707 0.617676
0.123280 -0.102184 0.627452
0.115502 -0.091243 0.636359
0.122243 -0.105588 0.631402
0.123456 -0.100716 0.631291
0.125286 -0.111973 0.640016
0.112327 -0.102474 0.638192
0.119762 -0.105692 0.638397
0.124388 -0.097771 0.634720
0.126604 -0.090986 0.636594
0.124832 -0.096771 0.634769
0.119731 -0.104004 0.641129
0.117391 -0.096687 0.561299
0.110664 -0.089646 0.560329
0.127720 -0.097137 0.566255
0.115433 -0.100478 0.560854
0.120345 -0.106110 0.560897
0.131414 -0.101842 0.562422
0.120622 -0.091086 0.563720
0.116863 -0.102736 0.559774
0.132488 -0.095559 0.565423
0.140983 -0.096658 0.566920
0.134406 -0.109540 0.562286
0.105842 -0.089516 0.561754
0.120222 -0.087168 0.570308
0.127073 -0.091520 0.571780
0.140396 -0.101325 0.576705
0.129671 -0.098592 0.561116
0.137192 -0.099073 0.571238
0.130346 -0.091140 0.561996
0.139118 -0.106593 0.569147
0.131614 -0.093184 0.567654
0.130243 -0.100798 0.559699
0.125141 -0.090700 0.567669
0.141281 -0.094526 0.564011
0.137303 -0.108194 0.576625
0.139717 -0.095013 0.577667
0.124636 -0.097251 0.578967
0.134000 -0.097320 0.579627
0.144607 -0.091553 0.569089
0.130769 -0.099416 0.574081
0.129239 -0.099814 0.573522
0.130905 -0.101513 0.560017
0.124236 -0.088052 0.570396
0.132741 -0.098545 0.578131
0.129777 -0.097914 0.572274
0.133183 -0.106434 0.572127
0.120421 -0.101181 0.564446
0.141407 -0.096490 0.577233
0.133908 -0.094177 0.577622
0.135841 -0.096704 0.575039
0.135731 -0.096646 0.565369
0.142035 -0.094844 0.579423
0.136278 -0.094327 0.573459
0.135094 -0.103804 0.588336
0.126281 -0.088705 0.578177
0.130323 -0.100635 0.582928
0.132739 -0.089639 0.583375
0.140838 -0.088045 0.590414
0.131953 -0.102255 0.586993
0.138932 -0.099111 0.581688
0.145232 -0.090617 0.574669
0.139079 -0.096326 0.582245
0.149673 -0.099381 0.576518
0.136165 -0.092310 0.594433
0.130012 -0.097289 0.591905
0.143502 -0.093006 0.583114
0.151320 -0.095755 0.588515
0.138579 -0.089367 0.579062
0.139459 -0.098323 0.588333
0.146034 -0.105386 0.581435
0.132913 -0.106140 0.577903
0.132255 -0.095504 0.584648
0.139845 -0.096451 0.579596
0.144478 -0.098513 0.588375
0.151670 -0.105280 0.582754
0.144554 -0.108419 0.585018
0.136062 -0.103634 0.580475
0.143106 -0.091682 0.591993
0.142358 -0.097991 0.590354
0.139220 -0.099151 0.581628
0.133429 -0.089543 0.598098
0.141459 -0.091230 0.584760
0.139133 -0.097402 0.592611
0.149841 -0.095942 0.588885
0.146987 -0.092629 0.577767
0.139889 -0.099144 0.591810
0.134754 -0.087787 0.593560
0.132877 -0.106468 0.595033
0.146444 -0.104771 0.592829
0.134056 -0.103647 0.588086
0.139617 -0.091129 0.599589
0.143806 -0.100350 0.595095
0.148245 -0.098482 0.596547
0.138252 -0.109456 0.606859
0.137862 -0.105792 0.602671
0.135367 -0.095307 0.587169
0.141507 -0.101498 0.595985
0.151009 -0.096614 0.598930
0.142880 -0.109276 0.596069
0.145293 -0.103734 0.598319
0.137031 -0.096941 0.602987
0.135687 -0.095153 0.606579
0.129693 -0.097341 0.594884
0.143051 -0.100991 0.592039
0.138282 -0.094716 0.599726
0.150810 -0.106626 0.582635
0.145437 -0.106919 0.601557
0.137005 -0.085506 0.601328
0.144575 -0.097564 0.607927
0.141588 -0.098076 0.601904
0.148998 -0.094948 0.605661
0.141514 -0.101454 0.600318
0.138930 -0.105522 0.601124
0.132647 -0.098183 0.602774
0.137387 -0.099950 0.615841
0.138424 -0.094447 0.608334
0.148121 -0.098683 0.597320
0.142568 -0.097328 0.614791
0.135704 -0.107141 0.611588
0.140998 -0.111001 0.603840
0.127344 -0.087679 0.601112
0.141516 -0.105758 0.607128
0.140736 -0.098151 0.610046
0.137970 -0.105593 0.604092
0.145361 -0.106965 0.610052
0.152065 -0.102514 0.611918
0.142415 -0.102200 0.604311
0.143923 -0.087213 0.613256
0.145368 -0.098814 0.609204
0.145483 -0.103298 0.618190
0.143417 -0.100250 0.622382
0.139653 -0.104457 0.614735
0.137447 -0.093046 0.621322
0.142831 -0.099708 0.620500
0.141138 -0.099936 0.616709
0.136126 -0.104950 0.616841
0.127944 -0.093884 0.615309
0.134478 -0.104577 0.620067
0.133811 -0.101076 0.617452
0.136028 -0.095807 0.615761
0.139004 -0.100959 0.616488
0.145045 -0.091928 0.622604
0.139097 -0.107636 0.614658
0.135003 -0.102686 0.628784
0.130624 -0.106779 0.618664
0.135384 -0.103651 0.629257
0.140985 -0.097469 0.617190
0.145625 -0.113051 0.622223
0.129973 -0.110157 0.625194
0.139558 -0.095378 0.629594
0.124952 -0.094966 0.628371
0.137850 -0.110130 0.624658
0.134444 -0.099014 0.621849
0.129186 -0.106213 0.623309
0.125581 -0.114496 0.610313
0.136599 -0.103674 0.638277
0.129929 -0.094404 0.636382
0.138803 -0.096107 0.638605
0.137251 -0.103976 0.638514
0.128989 -0.096638 0.620949
0.132819 -0.108755 0.623890
0.130129 -0.101394 0.628814
0.125844 -0.095493 0.624779
0.137126 -0.101370 0.636392
0.139881 -0.102027 0.632026
0.124944 -0.111921 0.619887
0.122883 -0.093538 0.631338
0.130718 -0.095040 0.632298
0.130177 -0.097103 0.627966
0.132149 -0.101869 0.636477
0.129376 -0.104308 0.629229
0.133062 -0.095991 0.635752
0.129518 -0.099041 0.634693
0.124605 -0.090775 0.631995
0.122914 -0.102203 0.634266
0.124572 -0.091484 0.628412
0.128877 -0.104844 0.640894
0.133678 -0.100368 0.628624
0.129275 -0.103660 0.643468
0.129996 -0.097458 0.635114
0.123368 -0.106845 0.633127
0.123154 -0.104767 0.623788
0.126047 -0.101125 0.623680
0.118423 -0.104642 0.644416
0.126686 -0.102299 0.624130
0.128973 -0.098066 0.635136
0.125596 -0.103750 0.630899
0.111531 -0.095734 0.644833
0.124544 -0.098772 0.639992
0.122771 -0.089096 0.638323
0.125482 -0.104176 0.638745
0.120545 -0.097246 0.561463
0.122829 -0.098343 0.558079
0.113717 -0.094758 0.573341
0.107506 -0.099751 0.573440
0.125428 -0.100711 0.562041
0.123943 -0.096763 0.564186
0.125248 -0.097953 0.565127
0.122154 -0.105854 0.564234
0.128048 -0.100786 0.570293
0.133748 -0.090167 0.571582
0.116297 -0.090036 0.568417
0.125226 -0.093500 0.562463
0.127959 -0.102887 0.572923
0.144450 -0.092822 0.573831
0.123804 -0.084839 0.562119
0.127469 -0.090934 0.563137
0.128206 -0.090066 0.588028
0.133472 -0.089106 0.564391
0.139306 -0.102235 0.577807
0.129410 -0.102834 0.568077
0.130791 -0.093069 0.570752
0.130465 -0.093037 0.563205
0.131354 -0.098839 0.563969
0.125435 -0.104552 0.562115
0.129402 -0.090949 0.581097
0.127863 -0.090356 0.580145
0.134680 -0.092304 0.573518
0.142285 -0.091278 0.569737
0.131844 -0.102435 0.579833
0.133962 -0.092368 0.573155
0.136205 -0.092609 0.579878
0.111279 -0.101727 0.577447
0.141994 -0.091126 0.562157
0.132659 -0.083255 0.567981
0.136936 -0.093781 0.563423
0.134031 -0.095168 0.569402
0.130704 -0.088333 0.574282
0.137021 -0.080403 0.569337
0.133573 -0.094828 0.573576
0.131793 -0.093137 0.575792
0.137776 -0.094575 0.588636
0.132118 -0.093213 0.578249
0.133702 -0.110569 0.583200
0.143270 -0.090961 0.571988
0.144814 -0.090644 0.581898
0.137079 -0.095579 0.571808
0.148038 -0.086240 0.579116
0.147713 -0.096502 0.572383
0.138069 -0.100409 0.575114
0.148010 -0.106708 0.578864
0.129987 -0.085671 0.573070
0.135181 -0.093396 0.590305
0.135811 -0.099653 0.583316
0.131879 -0.093756 0.583205
0.145296 -0.095215 0.583036
0.136071 -0.094636 0.585735
0.135696 -0.106499 0.584036
0.143920 -0.097138 0.580400
0.136075 -0.098850 0.575066
0.127442 -0.099414 0.585251
0.130109 -0.093125 0.585778
0.140920 -0.098862 0.575006
0.143871 -0.103016 0.592599
0.138250 -0.092734 0.580338
0.146342 -0.091186 0.592039
0.146382 -0.090774 0.591709
0.144405 -0.092720 0.585281
0.140058 -0.081256 0.583705
0.142732 -0.089101 0.592671
0.146357 -0.092206 0.589713
0.149008 -0.097447 0.581101
0.138183 -0.107391 0.589981
0.133493 -0.092389 0.603302
0.154994 -0.089336 0.584867
0.147562 -0.098207 0.599952
0.137478 -0.094087 0.594128
0.138657 -0.094640 0.605651
0.145576 -0.085758 0.614031
0.142274 -0.101012 0.588369
0.142306 -0.103467 0.594994
0.135047 -0.090320 0.602774
0.141840 -0.095528 0.594098
0.143432 -0.092812 0.605500
0.143855 -0.096681 0.591131
0.137423 -0.101234 0.593627
0.144522 -0.104414 0.589227
0.134171 -0.093400 0.595823
0.141830 -0.087306 0.587568
0.140821 -0.096816 0.604662
0.144356 -0.098786 0.595390
0.136287 -0.092061 0.592064
0.138191 -0.095556 0.603331
0.141165 -0.099975 0.599236
0.140395 -0.096094 0.600500
0.149987 -0.094512 0.604494
0.141040 -0.080847 0.606553
0.134597 -0.087270 0.593634
0.131331 -0.091248 0.594428
0.140941 -0.096344 0.608186
0.138106 -0.088244 0.604355
0.140979 -0.094644 0.611141
0.141435 -0.098459 0.614796
0.132615 -0.089800 0.610574
0.142927 -0.103362 0.600749
0.129926 -0.090496 0.605674
0.146464 -0.091560 0.601679
0.143738 -0.087883 0.606576
0.139458 -0.091397 0.601899
0.137248 -0.095292 0.609114
0.136371 -0.098241 0.602242
0.147913 -0.085662 0.612810
0.128730 -0.092033 0.611178
0.138101 -0.110465 0.613768
0.144196 -0.095116 0.620386
0.129608 -0.083180 0.615697
0.128320 -0.101087 0.627694
0.144161 -0.096277 0.611383
0.141110 -0.091575 0.617271
0.144043 -0.100313 0.612032
0.143155 -0.086808 0.620209
0.140681 -0.102941 0.608288
0.139098 -0.102290 0.605134
0.146339 -0.099033 0.622266
0.144678 -0.086741 0.608796
0.125868 -0.100467 0.617403
0.132516 -0.090081 0.611760
0.135647 -0.096318 0.616427
0.139506 -0.093382 0.623237
0.147467 -0.098836 0.628966
0.133823 -0.088993 0.620574
0.145626 -0.101132 0.623319
0.139491 -0.088972 0.619382
0.139405 -0.091337 0.618077
0.152253 -0.100246 0.628413
0.140332 -0.088982 0.618973
0.127146 -0.092073 0.628564
0.127860 -0.094406 0.604227
0.148624 -0.091562 0.621879
0.133435 -0.087951 0.613430
0.135074 -0.085029 0.623096
0.127903 -0.091458 0.623889
0.136200 -0.102926 0.622838
0.130786 -0.097910 0.618579
0.141073 -0.086850 0.633469
0.122721 -0.099657 0.619952
0.127371 -0.088826 0.620997
0.136417 -0.098194 0.633398
0.138958 -0.100244 0.629158
0.128931 -0.098542 0.622465
0.138527 -0.097908 0.620809
0.129878 -0.092447 0.626640
0.140472 -0.102293 0.633519
0.130439 -0.088032 0.638202
0.125849 -0.096371 0.626302
0.138859 -0.098785 0.625239
0.135238 -0.099187 0.631219
0.130712 -0.091977 0.621787
0.134169 -0.098604 0.636048
0.123942 -0.098417 0.628048
0.121895 -0.090732 0.642367
0.134568 -0.096624 0.636337
0.126035 -0.101971 0.629779
0.126700 -0.095128 0.630729
0.126162 -0.102834 0.625781
0.128729 -0.100746 0.630275
0.129803 -0.101538 0.635808
0.131862 -0.089075 0.632132
0.127601 -0.092672 0.632097
0.125474 -0.095645 0.634854
0.123417 -0.092553 0.631384
0.124834 -0.102427 0.630170
0.127867 -0.083474 0.643204
0.132477 -0.091210 0.630082
0.124624 -0.088031 0.646782
0.114156 -0.097826 0.626981
0.120060 -0.095469 0.632783
0.120606 -0.095819 0.635849
0.127581 -0.092664 0.640906
0.110241 -0.095094 0.617707
0.108691 -0.092993 0.636097
0.121150 -0.099168 0.562907
0.118127 -0.083075 0.560546
0.132471 -0.102442 0.562518
0.125272 -0.090437 0.566462
0.122566 -0.086569 0.566989
0.125021 -0.097039 0.567533
0.131153 -0.087748 0.563087
0.121064 -0.092901 0.567240
0.124692 -0.096255 0.564422
0.127445 -0.093301 0.580768
0.129762 -0.103473 0.569849
0.128212 -0.095527 0.563247
0.133481 -0.095338 0.573568
0.130191 -0.090176 0.563960
0.112733 -0.086646 0.559274
0.133242 -0.093777 0.560145
0.130657 -0.091939 0.564523
0.133238 -0.100059 0.566492
0.138944 -0.088817 0.564351
0.140003 -0.085197 0.579298
0.127931 -0.089317 0.568955
0.139021 -0.089577 0.570932
0.131391 -0.096970 0.562071
0.131696 -0.092940 0.565283
0.128329 -0.085828 0.567542
0.127158 -0.097382 0.563321
0.139547 -0.091476 0.563984
0.127317 -0.094663 0.563168
0.130814 -0.095274 0.568722
0.127502 -0.097805 0.578907
0.141696 -0.099441 0.570204
0.135763 -0.087968 0.569839
0.135837 -0.104048 0.568900
0.137801 -0.094699 0.568111
0.132328 -0.100029 0.569424
0.140210 -0.085557 0.578946
0.137335 -0.091869 0.565293
0.141899 -0.094957 0.574028
0.126015 -0.087474 0.573608
0.126253 -0.088473 0.590896
0.128943 -0.090015 0.572730
0.138937 -0.104181 0.579070
0.152825 -0.098113 0.582592
0.134122 -0.087083 0.577372
0.139554 -0.090936 0.571003
0.136001 -0.095468 0.568124
0.137903 -0.087034 0.581168
0.135108 -0.089011 0.575041
0.136067 -0.081368 0.579203
0.135026 -0.083754 0.582119
0.133992 -0.088795 0.578423
0.130987 -0.084442 0.584247
0.143902 -0.096771 0.584257
0.135102 -0.099073 0.584735
0.140336 -0.101844 0.587693
0.129948 -0.100489 0.578697
0.157921 -0.090762 0.580766
0.142357 -0.091468 0.585211
0.146236 -0.079041 0.587602
0.125285 -0.091345 0.577743
0.144439 -0.098941 0.579702
0.140012 -0.084357 0.589093
0.139068 -0.097266 0.577868
0.150718 -0.087296 0.582138
0.140818 -0.092362 0.593915
0.140264 -0.092519 0.591407
0.140082 -0.102760 0.596138
0.145516 -0.079873 0.586648
0.137630 -0.099824 0.588096
0.141218 -0.091597 0.598825
0.136779 -0.093107 0.590687
0.143778 -0.097944 0.587612
0.139034 -0.092376 0.594965
0.135375 -0.083475 0.594838
0.141779 -0.090066 0.586930
0.152069 -0.083911 0.589352
0.150032 -0.089287 0.583260
0.134425 -0.094508 0.601081
0.137402 -0.088796 0.590520
0.137965 -0.097192 0.597131
0.143769 -0.086955 0.592100
0.153443 -0.093481 0.584121
0.149799 -0.087599 0.597642
0.147327 -0.088656 0.598129
0.145485 -0.093998 0.593912
0.146087 -0.100473 0.605359
0.131854 -0.098451 0.583546
0.146454 -0.094031 0.601037
0.148590 -0.097571 0.605227
0.137714 -0.081684 0.600363
0.144219 -0.085103 0.600412
0.140084 -0.088868 0.609200
0.126439 -0.092022 0.599437
0.138078 -0.096909 0.603726
0.143558 -0.088296 0.599157
0.143457 -0.091778 0.602360
0.143268 -0.085461 0.604942
0.141484 -0.090324 0.612542
0.129541 -0.097798 0.606905
0.142466 -0.102915 0.610522
0.136297 -0.094620 0.602726
0.138208 -0.094572 0.613956
0.136019 -0.090157 0.607289
0.139130 -0.089562 0.611880
0.133907 -0.089217 0.608855
0.137967 -0.094791 0.618131
0.134408 -0.083574 0.607973
0.141458 -0.102583 0.606510
0.140954 -0.098098 0.603486
0.145744 -0.093006 0.605538
0.139776 -0.079336 0.600712
0.139378 -0.093025 0.603169
0.145097 -0.099010 0.608376
0.138317 -0.100575 0.611091
0.143768 -0.090049 0.611480
0.137668 -0.092348 0.614129
0.144136 -0.087142 0.607864
0.137387 -0.095570 0.610436
0.141639 -0.087749 0.609491
0.143071 -0.085363 0.605402
0.132935 -0.087993 0.613362
0.146762 -0.099725 0.618100
0.137622 -0.088538 0.616039
0.145039 -0.093284 0.616562
0.145447 -0.088176 0.613704
0.133165 -0.098325 0.622230
0.141616 -0.098333 0.606352
0.141495 -0.091055 0.617199
0.139978 -0.095406 0.615368
0.134630 -0.088739 0.624015
0.143721 -0.089309 0.615428
0.132058 -0.085565 0.616093
0.141068 -0.093155 0.629483
0.143822 -0.078724 0.615953
0.135520 -0.093214 0.615683
0.143544 -0.094052 0.631976
0.134585 -0.090753 0.628996
0.140623 -0.093317 0.608739
0.132398 -0.087254 0.613048
0.130324 -0.091990 0.625929
0.140087 -0.083233 0.619460
0.129974 -0.091382 0.624452
0.130475 -0.092272 0.622214
0.127573 -0.098962 0.624509
0.133366 -0.089503 0.621273
0.127132 -0.083648 0.626354
0.130748 -0.098601 0.623624
0.142059 -0.094201 0.614321
0.135732 -0.092628 0.628557
0.136733 -0.083404 0.630277
0.125366 -0.089490 0.622250
0.128413 -0.090438 0.636009
0.130522 -0.094976 0.618117
0.139344 -0.085663 0.634009
0.134567 -0.091903 0.635697
0.131735 -0.096715 0.632726
0.131619 -0.095769 0.630758
0.130875 -0.087386 0.628116
0.130810 -0.081174 0.626362
0.130475 -0.092084 0.640296
0.119930 -0.095715 0.633426
0.132857 -0.084947 0.627883
0.137917 -0.096916 0.627484
0.123021 -0.095052 0.631264
0.125958 -0.085538 0.630789
0.140573 -0.101040 0.643725
0.125818 -0.087106 0.614315
0.134758 -0.095706 0.635057
0.129498 -0.088641 0.630554
0.131230 -0.098163 0.635180
0.126843 -0.082071 0.639683
0.122134 -0.086015 0.626619
0.123467 -0.095791 0.642266
0.126021 -0.096659 0.635152
0.127781 -0.091004 0.641760
0.123089 -0.094149 0.646355
0.120256 -0.095308 0.642214
0.122716 -0.091706 0.639789
0.124397 -0.095179 0.635209
0.113290 -0.093214 0.639698
0.127461 -0.089337 0.561733
0.141116 -0.088609 0.556972
0.109642 -0.089514 0.565048
0.122201 -0.084701 0.563310
0.120883 -0.079697 0.561501
0.123746 -0.091381 0.556594
0.127116 -0.085620 0.568174
0.124435 -0.093418 0.567381
0.126262 -0.083836 0.569716
0.119634 -0.088772 0.572413
0.124940 -0.082559 0.557046
0.127260 -0.088916 0.569261
0.129991 -0.093954 0.561110
0.124001 -0.097536 0.567482
0.121454 -0.084272 0.565637
0.118431 -0.097275 0.569235
0.123861 -0.082274 0.566773
0.119694 -0.092562 0.573122
0.119891 -0.088393 0.561654
0.128952 -0.091649 0.558919
0.127540 -0.080902 0.564468
0.119846 -0.090756 0.572037
0.139502 -0.087953 0.571141
0.118328 -0.089534 0.576489
0.134578 -0.087068 0.575696
0.138616 -0.083409 0.564254
0.122735 -0.086499 0.568104
0.138329 -0.088148 0.575183
0.125670 -0.091047 0.577025
0.126680 -0.092311 0.578313
0.124165 -0.083301 0.564154
0.130127 -0.091152 0.581590
0.135615 -0.088967 0.575059
0.120446 -0.097615 0.574419
0.125642 -0.083586 0.578851
0.127873 -0.097834 0.571890
0.138678 -0.093114 0.573631
0.135668 -0.083088 0.578850
0.133401 -0.088047 0.566180
0.137745 -0.080031 0.569825
0.132589 -0.084528 0.583884
0.139540 -0.087739 0.580070
0.133143 -0.079745 0.572368
0.131141 -0.091807 0.576264
0.141382 -0.091997 0.579570
0.140661 -0.082274 0.579534
0.129717 -0.086514 0.584532
0.150334 -0.087087 0.580644
0.139568 -0.097820 0.583601
0.140313 -0.086316 0.581349
0.146200 -0.097243 0.577067
0.131544 -0.101982 0.584340
0.136881 -0.091094 0.583961
0.136601 -0.070172 0.576581
0.135109 -0.089291 0.584264
0.142158 -0.083776 0.584686
0.134239 -0.086164 0.584887
0.136976 -0.092312 0.579677
0.141902 -0.090218 0.580163
0.148479 -0.094378 0.592268
0.139293 -0.081627 0.591759
0.138539 -0.079255 0.582567
0.146294 -0.096812 0.591094
0.144885 -0.094494 0.580316
0.135966 -0.086592 0.590197
0.134235 -0.097126 0.602399
0.138486 -0.092115 0.598539
0.141697 -0.090131 0.593727
0.148685 -0.098037 0.585765
0.144303 -0.090497 0.590212
0.135230 -0.084124 0.590971
0.148102 -0.098870 0.584071
0.146866 -0.090965 0.594595
0.142159 -0.077534 0.596247
0.137628 -0.086702 0.583618
0.147018 -0.090266 0.594770
0.141554 -0.087304 0.599255
0.144316 -0.084597 0.592074
0.133045 -0.085100 0.591813
0.142003 -0.088930 0.599748
0.139361 -0.082225 0.596252
0.153591 -0.085173 0.597625
0.134550 -0.078949 0.592211
0.140694 -0.086472 0.596036
0.144736 -0.092408 0.589246
0.150838 -0.080325 0.604792
0.141357 -0.085153 0.594479
0.156035 -0.090669 0.598624
0.140650 -0.090672 0.603992
0.137727 -0.089446 0.606560
0.148814 -0.087589 0.608311
0.137569 -0.089898 0.603382
0.142419 -0.085488 0.608550
0.141715 -0.094252 0.604472
0.147402 -0.091235 0.596725
0.147292 -0.079097 0.601243
0.130912 -0.083576 0.611496
0.151117 -0.079143 0.605235
0.149578 -0.087619 0.600937
0.135314 -0.089036 0.605570
0.148092 -0.090046 0.606944
0.136165 -0.093118 0.600954
0.136248 -0.087630 0.598757
0.146171 -0.076862 0.623314
0.134882 -0.095075 0.601200
0.131775 -0.079064 0.601316
0.151694 -0.092600 0.603853
0.131315 -0.083901 0.610142
0.150768 -0.095880 0.604808
0.139774 -0.087356 0.608692
0.149128 -0.082790 0.613387
0.131609 -0.082814 0.608462
0.142872 -0.090774 0.617058
0.140170 -0.078458 0.617544
0.148100 -0.085638 0.610732
0.131574 -0.097841 0.607618
0.137965 -0.083446 0.618429
0.144059 -0.096632 0.612825
0.142344 -0.092058 0.622690
0.145522 -0.083723 0.620983
0.137678 -0.097987 0.612032
0.136987 -0.086483 0.597968
0.134725 -0.096572 0.620709
0.130169 -0.095299 0.617030
0.133607 -0.095264 0.618353
0.139932 -0.089479 0.616710
0.142412 -0.091968 0.615144
0.140688 -0.078227 0.619919
0.128024 -0.091535 0.617866
0.136386 -0.076510 0.612264
0.143923 -0.093369 0.624327
0.132787 -0.091524 0.623046
0.142223 -0.075154 0.630204
0.132316 -0.095654 0.633181
0.141114 -0.096259 0.620096
0.138361 -0.088255 0.630410
0.134816 -0.088735 0.605200
0.136629 -0.084980 0.618350
0.152522 -0.084355 0.630088
0.139343 -0.103004 0.621794
0.146162 -0.090259 0.617742
0.134435 -0.088365 0.617670
0.145348 -0.098805 0.625134
0.136099 -0.089793 0.631069
0.132644 -0.082450 0.624528
0.135521 -0.085439 0.633191
0.132079 -0.091824 0.625221
0.132537 -0.087143 0.622811
0.130949 -0.082869 0.621759
0.136926 -0.078246 0.630705
0.128537 -0.088434 0.628114
0.121500 -0.088405 0.634584
0.134376 -0.084060 0.625257
0.140497 -0.088167 0.635933
0.124941 -0.092022 0.625773
0.135012 -0.088466 0.632439
0.136442 -0.096407 0.637543
0.126550 -0.098716 0.636951
0.126536 -0.080870 0.634359
0.144649 -0.091295 0.619693
0.128090 -0.091165 0.629259
0.130307 -0.092721 0.626234
0.124748 -0.082321 0.634373
0.145546 -0.087409 0.622268
0.131624 -0.082649 0.632526
0.119341 -0.083900 0.626237
0.132584 -0.090938 0.627867
0.125081 -0.073861 0.632783
0.119550 -0.076516 0.636388
0.125559 -0.088543 0.633871
0.130812 -0.084449 0.630887
0.130010 -0.089679 0.637643
0.113028 -0.094273 0.637894
0.130767 -0.091532 0.635176
0.125860 -0.086232 0.642093
0.123950 -0.088091 0.637487
0.127781 -0.081033 0.637819
0.124781 -0.089551 0.632452
0.129953 -0.091611 0.629015
0.120818 -0.082236 0.640687
0.122252 -0.083015 0.565283
0.120984 -0.083499 0.562458
0.125182 -0.085700 0.554482
0.118071 -0.084156 0.565439
0.127573 -0.090720 0.564668
0.119004 -0.094899 0.561945
0.124858 -0.086557 0.568403
0.127847 -0.095405 0.575262
0.127915 -0.088800 0.558022
0.126747 -0.085017 0.560664
0.125021 -0.092483 0.559254
0.123690 -0.086106 0.564423
0.129923 -0.079322 0.578238
0.127820 -0.086955 0.562049
0.126409 -0.089701 0.567442
0.136100 -0.078137 0.573434
0.125286 -0.086699 0.572934
0.131023 -0.089004 0.558889
0.129458 -0.081524 0.563999
0.129278 -0.086544 0.563135
0.131977 -0.089702 0.562625
0.119872 -0.089930 0.560461
0.131338 -0.092115 0.564829
0.130860 -0.087281 0.567403
0.133850 -0.078276 0.575401
0.130299 -0.082750 0.567202
0.136009 -0.088493 0.577079
0.135474 -0.087646 0.566960
0.119856 -0.086007 0.569137
0.128007 -0.084660 0.573790
0.136806 -0.085316 0.570065
0.124672 -0.096882 0.574846
0.130700 -0.083968 0.574664
0.133315 -0.083910 0.577280
0.141369 -0.084339 0.580206
0.137537 -0.082548 0.575189
0.136500 -0.087809 0.569960
0.136256 -0.084946 0.593351
0.142875 -0.091959 0.580708
0.134472 -0.087765 0.567061
0.135479 -0.088514 0.571583
0.134684 -0.079428 0.589852
0.140492 -0.097582 0.583099
0.124190 -0.090938 0.584386
0.136677 -0.085301 0.572331
0.134135 -0.085222 0.573333
0.126375 -0.086043 0.577735
0.139749 -0.086188 0.580830
0.128792 -0.090571 0.568492
0.139655 -0.087221 0.584250
0.140785 -0.088046 0.574119
0.132964 -0.086621 0.580149
0.139387 -0.091658 0.587420
0.134769 -0.096079 0.589005
0.141740 -0.085667 0.589334
0.137506 -0.092101 0.584894
0.134765 -0.092406 0.579014
0.129514 -0.086303 0.588924
0.135240 -0.091113 0.587962
0.137740 -0.078825 0.591518
0.138479 -0.083937 0.578357
0.143635 -0.078888 0.590646
0.130898 -0.092741 0.580226
0.140515 -0.085396 0.579900
0.144762 -0.077959 0.600171
0.132980 -0.088122 0.580390
0.141865 -0.079291 0.585406
0.140226 -0.082826 0.594187
0.146977 -0.074787 0.588076
0.138011 -0.094935 0.585393
0.143761 -0.084840 0.597046
0.131477 -0.077457 0.587798
0.145265 -0.079289 0.589872
0.139964 -0.095594 0.591824
0.130163 -0.093562 0.594767
0.157007 -0.095252 0.596828
0.146225 -0.073588 0.595142
0.138436 -0.083972 0.591011
0.132306 -0.088756 0.586931
0.142070 -0.085207 0.585075
0.148457 -0.079582 0.589333
0.142355 -0.078468 0.588175
0.138895 -0.094973 0.594414
0.149069 -0.085575 0.609062
0.142965 -0.083858 0.592652
0.138410 -0.078340 0.596494
0.143366 -0.071980 0.608338
0.138606 -0.090196 0.598648
0.145348 -0.082142 0.604703
0.154806 -0.090662 0.603499
0.141147 -0.086105 0.598750
0.134578 -0.084295 0.590604
0.139239 -0.079512 0.604182
0.130253 -0.091484 0.607586
0.144282 -0.081630 0.599806
0.137383 -0.085418 0.612398
0.157278 -0.083606 0.603191
0.146479 -0.084490 0.596212
0.138577 -0.088143 0.605711
0.148657 -0.090436 0.606601
0.133298 -0.080401 0.604911
0.140413 -0.096030 0.613366
0.148587 -0.095637 0.608747
0.140507 -0.076197 0.603878
0.141152 -0.088513 0.613855
0.152612 -0.083363 0.613077
0.138309 -0.082232 0.616991
0.135827 -0.085046 0.613988
0.133948 -0.076863 0.608019
0.148555 -0.081762 0.615065
0.145522 -0.094332 0.607807
0.142315 -0.078509 0.616433
0.150582 -0.080118 0.609790
0.141038 -0.082007 0.613589
0.137323 -0.093213 0.619307
0.128247 -0.089413 0.604468
0.147123 -0.087197 0.611087
0.143381 -0.074628 0.612541
0.128453 -0.082617 0.617034
0.133092 -0.086069 0.617487
0.144448 -0.088655 0.612539
0.143599 -0.089535 0.619792
0.135080 -0.089427 0.616438
0.135207 -0.081840 0.617513
0.152124 -0.095553 0.616140
0.142272 -0.082674 0.607258
0.131788 -0.086757 0.619555
0.141246 -0.086759 0.610521
0.133874 -0.087589 0.622705
0.142872 -0.079825 0.617649
0.135957 -0.080671 0.618360
0.136164 -0.078532 0.614773
0.143826 -0.088342 0.619844
0.143147 -0.094498 0.624516
0.141129 -0.082571 0.624275
0.130790 -0.084009 0.625342
0.133755 -0.095119 0.618346
0.140184 -0.091219 0.613688
0.134005 -0.088085 0.620475
0.135553 -0.086567 0.619983
0.142358 -0.077576 0.617343
0.141169 -0.084259 0.615624
0.133126 -0.084563 0.619963
0.134156 -0.079575 0.622790
0.136373 -0.083158 0.617835
0.136146 -0.089195 0.624388
0.134201 -0.083125 0.629991
0.130374 -0.091850 0.622934
0.126300 -0.085935 0.623494
0.141525 -0.079985 0.630610
0.131554 -0.087112 0.632007
0.123287 -0.078527 0.623341
0.130567 -0.084802 0.620581
0.134958 -0.089229 0.634374
0.135925 -0.079332 0.630933
0.132304 -0.099498 0.627857
0.130240 -0.086069 0.624922
0.135829 -0.087062 0.635029
0.129422 -0.087031 0.634330
0.121293 -0.079659 0.631588
0.123150 -0.086660 0.638056
0.120212 -0.085340 0.638366
0.129854 -0.078681 0.631403
0.125731 -0.089569 0.633371
0.131503 -0.080785 0.632823
0.121474 -0.082962 0.623692
0.127091 -0.089383 0.635669
0.125585 -0.089660 0.631782
0.117655 -0.066515 0.648383
0.128106 -0.086239 0.629850
0.132221 -0.082753 0.638730
0.124072 -0.085643 0.640790
0.119024 -0.097478 0.647989
0.126128 -0.077842 0.636192
0.122698 -0.088407 0.631194
0.113864 -0.080413 0.628554
0.128824 -0.085376 0.627875
0.119727 -0.086824 0.633796
0.126120 -0.088621 0.631079
0.118627 -0.082133 0.641504
0.123442 -0.084681 0.570932
0.120845 -0.089061 0.565063
0.128374 -0.072666 0.565532
0.135698 -0.083455 0.579540
0.125340 -0.084202 0.550694
0.128477 -0.086748 0.558929
0.142757 -0.088671 0.558263
0.123437 -0.072496 0.563814
0.117116 -0.078698 0.562028
0.127013 -0.081239 0.566217
0.123186 -0.078672 0.562725
0.119877 -0.074861 0.557063
0.118025 -0.082997 0.566287
0.130655 -0.091254 0.562389
0.128105 -0.087936 0.571558
0.117924 -0.082517 0.571318
0.131819 -0.088988 0.559070
0.123545 -0.083198 0.583333
0.125392 -0.082438 0.567898
0.134782 -0.079010 0.568561
0.130788 -0.094312 0.557818
0.136352 -0.075338 0.570278
0.127890 -0.085107 0.555344
0.125511 -0.081798 0.580166
0.127904 -0.079214 0.571930
0.135185 -0.083888 0.582585
0.121167 -0.072628 0.580480
0.130032 -0.079710 0.565719
0.135450 -0.085988 0.576617
0.125495 -0.090963 0.575371
0.137233 -0.076357 0.574392
0.134720 -0.081672 0.573834
0.133290 -0.082667 0.575886
0.132911 -0.074759 0.572828
0.125789 -0.087189 0.562803
0.139953 -0.088097 0.561992
0.127269 -0.076230 0.565756
0.136411 -0.084346 0.574571
0.133151 -0.072753 0.569844
0.130782 -0.075088 0.577925
0.132034 -0.084340 0.573729
0.128702 -0.085999 0.575350
0.136377 -0.085997 0.585667
0.139263 -0.080899 0.569907
0.139880 -0.084534 0.576684
0.134672 -0.085590 0.587926
0.134194 -0.072101 0.579197
0.134088 -0.079742 0.573609
0.141530 -0.088223 0.579938
0.139974 -0.077093 0.587158
0.139038 -0.079629 0.579471
0.141284 -0.078030 0.574413
0.135925 -0.080824 0.576803
0.141931 -0.092487 0.585019
0.132549 -0.084340 0.585328
0.141812 -0.074925 0.585483
0.136400 -0.095232 0.580819
0.140435 -0.089168 0.584656
0.137362 -0.072254 0.579594
0.132590 -0.077641 0.588215
0.133288 -0.065930 0.581416
0.136649 -0.078068 0.589413
0.139318 -0.074803 0.585783
0.138863 -0.082221 0.580996
0.142879 -0.078065 0.578819
0.153862 -0.078548 0.575788
0.154232 -0.079692 0.593305
0.151232 -0.067424 0.589453
0.140859 -0.093981 0.590904
0.131769 -0.100567 0.595582
0.139080 -0.078201 0.593720
0.147499 -0.079342 0.574448
0.137298 -0.078966 0.595612
0.142180 -0.085810 0.594287
0.139534 -0.070942 0.582284
0.134548 -0.081762 0.589971
0.137771 -0.069612 0.601422
0.145300 -0.077868 0.592507
0.143689 -0.071629 0.596843
0.145643 -0.076182 0.587977
0.138687 -0.088039 0.592824
0.135924 -0.087535 0.596567
0.135862 -0.078587 0.593345
0.130524 -0.078324 0.599915
0.141392 -0.083303 0.591129
0.133854 -0.085770 0.606666
0.135390 -0.091948 0.592502
0.131027 -0.075835 0.600874
0.147239 -0.074885 0.612031
0.141771 -0.089635 0.601741
0.152206 -0.075365 0.602111
0.135680 -0.070309 0.604568
0.138618 -0.080395 0.599503
0.139475 -0.076520 0.610309
0.143693 -0.088952 0.603049
0.139594 -0.083741 0.609245
0.141232 -0.082263 0.609896
0.138428 -0.091045 0.615146
0.139652 -0.082366 0.608640
0.135839 -0.082440 0.602018
0.133373 -0.088644 0.604758
0.141919 -0.091924 0.617777
0.144697 -0.092991 0.608551
0.140394 -0.080518 0.610468
0.144311 -0.073525 0.606095
0.143394 -0.089916 0.603714
0.140575 -0.084220 0.606378
0.146219 -0.091133 0.617865
0.148382 -0.085177 0.598488
0.137347 -0.085169 0.604913
0.145490 -0.087369 0.619320
0.138181 -0.083684 0.610875
0.136057 -0.079032 0.615429
0.141369 -0.077632 0.603445
0.142361 -0.083935 0.602287
0.136491 -0.082373 0.609722
0.139766 -0.083697 0.626360
0.149646 -0.074746 0.606300
0.144080 -0.071234 0.601090
0.135581 -0.078774 0.613498
0.136157 -0.085712 0.610432
0.131822 -0.071527 0.609339
0.135316 -0.080400 0.615103
0.136221 -0.082361 0.616583
0.144668 -0.081660 0.616838
0.147791 -0.078804 0.619995
0.134445 -0.075981 0.618416
0.142265 -0.085628 0.626022
0.138252 -0.080137 0.609612
0.135350 -0.075672 0.621019
0.142027 -0.079390 0.621113
0.145745 -0.080383 0.609950
0.138221 -0.081340 0.617103
0.139823 -0.070455 0.619836
0.133676 -0.090122 0.614523
0.131784 -0.085039 0.618478
0.134651 -0.078818 0.612396
0.140153 -0.084670 0.621705
0.124238 -0.070703 0.618400
0.140483 -0.083022 0.625415
0.134337 -0.076334 0.632906
0.135355 -0.076951 0.611667
0.137116 -0.087884 0.613358
0.130296 -0.085843 0.624207
0.121771 -0.075726 0.626373
0.133584 -0.085662 0.634143
0.121241 -0.092725 0.625841
0.133018 -0.079383 0.625840
0.135457 -0.081249 0.634598
0.123563 -0.080072 0.618557
0.143419 -0.069800 0.628244
0.135711 -0.075312 0.636144
0.140183 -0.086596 0.626274
0.126300 -0.085008 0.619820
0.127354 -0.075631 0.622824
0.140614 -0.080183 0.630359
0.123657 -0.076425 0.623161
0.123929 -0.073486 0.636884
0.132867 -0.073046 0.631579
0.127398 -0.082912 0.623578
0.138231 -0.077814 0.620269
0.122327 -0.076582 0.635643
0.133559 -0.076260 0.625454
0.122905 -0.072349 0.631018
0.116177 -0.079315 0.629920
0.126595 -0.086063 0.629591
0.121780 -0.080642 0.634742
0.140642 -0.071006 0.634882
0.123992 -0.073774 0.635459
0.132939 -0.072630 0.637865
0.124466 -0.081745 0.642709
0.126246 -0.082388 0.633203
0.115571 -0.081138 0.637246
0.117975 -0.074927 0.642807
0.121243 -0.090597 0.644970
0.113812 -0.088189 0.641700
0.111197 -0.083240 0.640189
0.117005 -0.076440 0.637163
0.121749 -0.095612 0.645568
0.123587 -0.077170 0.643279
0.122969 -0.073567 0.561248
0.124026 -0.084057 0.556284
0.114780 -0.087241 0.564801
0.118293 -0.082080 0.557418
0.118670 -0.078390 0.556607
0.134491 -0.073786 0.570244
0.114672 -0.080120 0.557802
0.133841 -0.082832 0.562014
0.127657 -0.072375 0.561188
0.121048 -0.083754 0.569009
0.126334 -0.087022 0.571620
0.132198 -0.071500 0.570801
0.123519 -0.075963 0.555874
0.132060 -0.084329 0.566229
0.131883 -0.068755 0.564386
0.116992 -0.071973 0.567980
0.126887 -0.088374 0.555018
0.125094 -0.076670 0.561369
0.111560 -0.080395 0.561178
0.133806 -0.073522 0.568943
0.126402 -0.077452 0.571547
0.129578 -0.076825 0.568691
0.131252 -0.076871 0.569057
0.133704 -0.080253 0.575814
0.129105 -0.081496 0.566215
0.124283 -0.078587 0.572347
0.130126 -0.075567 0.576456
0.133524 -0.070244 0.568062
0.129863 -0.082256 0.577476
0.123470 -0.072560 0.574870
0.127891 -0.082024 0.565659
0.133419 -0.082244 0.571532
0.115779 -0.067803 0.586794
0.124073 -0.079119 0.570918
0.127175 -0.082192 0.569105
0.147019 -0.075078 0.568147
0.147130 -0.089018 0.580105
0.132951 -0.072944 0.576793
0.136005 -0.075820 0.571529
0.141276 -0.074881 0.586011
0.143782 -0.075111 0.578969
0.133335 -0.069966 0.585892
0.137504 -0.081912 0.573704
0.132335 -0.069963 0.572845
0.132304 -0.077036 0.587625
0.138301 -0.079759 0.587619
0.138653 -0.075123 0.575332
0.146757 -0.077401 0.578628
0.144790 -0.083429 0.581370
0.129810 -0.070791 0.578444
0.139074 -0.090572 0.588162
0.144831 -0.080684 0.579430
0.147922 -0.081975 0.581244
0.139520 -0.081996 0.581045
0.142806 -0.069787 0.578945
0.130312 -0.078957 0.584825
0.131456 -0.062181 0.587717
0.140784 -0.074949 0.578788
0.132616 -0.068993 0.573705
0.151261 -0.082828 0.569340
0.131500 -0.067821 0.583363
0.138452 -0.082556 0.588121
0.142491 -0.078631 0.580647
0.139412 -0.076993 0.590168
0.138925 -0.072330 0.581241
0.141708 -0.082689 0.580019
0.142312 -0.081725 0.594846
0.138000 -0.080471 0.580958
0.134015 -0.086742 0.604464
0.140050 -0.074991 0.585232
0.142331 -0.081224 0.594615
0.143748 -0.082300 0.583005
0.150363 -0.065439 0.583524
0.135730 -0.090431 0.594008
0.148112 -0.072744 0.598020
0.143287 -0.079429 0.591492
0.142050 -0.073754 0.596864
0.146504 -0.082848 0.601589
0.142952 -0.080055 0.597877
0.146951 -0.080518 0.593799
0.136833 -0.081535 0.604692
0.137481 -0.073948 0.594185
0.138527 -0.078715 0.592820
0.144269 -0.080910 0.609166
0.139058 -0.076589 0.597202
0.151263 -0.079162 0.593848
0.137358 -0.070909 0.598127
0.148946 -0.071437 0.596922
0.141651 -0.070255 0.594151
0.136386 -0.079496 0.601194
0.139398 -0.077868 0.605687
0.148313 -0.081468 0.602358
0.144592 -0.076383 0.609620
0.137869 -0.089977 0.594509
0.149240 -0.085967 0.604301
0.147487 -0.076256 0.601034
0.139361 -0.083448 0.600639
0.148019 -0.068379 0.609677
0.142138 -0.085519 0.615067
0.146563 -0.062687 0.605700
0.137409 -0.077609 0.598157
0.126191 -0.076642 0.601655
0.148214 -0.084208 0.597346
0.149994 -0.067928 0.600770
0.141492 -0.075228 0.602465
0.146908 -0.077378 0.605931
0.141025 -0.065524 0.602644
0.132214 -0.089340 0.610091
0.150527 -0.081602 0.604439
0.141957 -0.073877 0.612942
0.150009 -0.076222 0.612998
0.150608 -0.078091 0.600168
0.143837 -0.075502 0.617933
0.136047 -0.082337 0.608462
0.139505 -0.080644 0.609138
0.140710 -0.071178 0.605325
0.129413 -0.076675 0.601650
0.141236 -0.076609 0.612931
0.143789 -0.080398 0.608913
0.140103 -0.070466 0.626547
0.142905 -0.077251 0.616341
0.130393 -0.076369 0.611170
0.139503 -0.075310 0.608650
0.146122 -0.076796 0.609487
0.140528 -0.071373 0.614425
0.154592 -0.080557 0.619016
0.131748 -0.073634 0.620229
0.125017 -0.080926 0.624560
0.144060 -0.090503 0.610807
0.136138 -0.071821 0.615888
0.136254 -0.090126 0.612613
0.141331 -0.071335 0.619513
0.130282 -0.074863 0.626759
0.140907 -0.086522 0.622521
0.146138 -0.078590 0.629140
0.137127 -0.080338 0.610630
0.141277 -0.094258 0.621441
0.136156 -0.084389 0.622434
0.134231 -0.079107 0.613629
0.136263 -0.076265 0.623672
0.138848 -0.090440 0.628292
0.131217 -0.078392 0.617650
0.130162 -0.083867 0.620266
0.146747 -0.062983 0.630429
0.133895 -0.074902 0.630134
0.139390 -0.073458 0.623504
0.134082 -0.087913 0.624007
0.131636 -0.084501 0.641843
0.129348 -0.083107 0.621051
0.129618 -0.082477 0.631629
0.133622 -0.080498 0.625944
0.133227 -0.081915 0.623230
0.126394 -0.077822 0.623974
0.139901 -0.068889 0.623780
0.127390 -0.074963 0.622098
0.143612 -0.068981 0.626932
0.127988 -0.077733 0.634766
0.143638 -0.072667 0.629956
0.125940 -0.075232 0.632499
0.121831 -0.073677 0.625994
0.128671 -0.077607 0.631082
0.122571 -0.077664 0.626709
0.127285 -0.086539 0.636915
0.118028 -0.094428 0.634653
0.121965 -0.068133 0.633512
0.127074 -0.086677 0.635975
0.142538 -0.079837 0.631040
0.123832 -0.073891 0.631451
0.131618 -0.079478 0.626297
0.126940 -0.074873 0.634157
0.127842 -0.079656 0.639027
0.116373 -0.081289 0.625095
0.125348 -0.076026 0.629392
0.124945 -0.079825 0.634484
0.124126 -0.076354 0.629215
0.123628 -0.082378 0.634911
0.120640 -0.076267 0.629863
0.123978 -0.085477 0.630446
0.117617 -0.086497 0.643919
0.122395 -0.073009 0.633655
0.124416 -0.075567 0.556434
0.132735 -0.078418 0.564457
0.125506 -0.070730 0.568564
0.122503 -0.081669 0.565341
0.127798 -0.060824 0.566287
0.120478 -0.075606 0.574156
0.117588 -0.070124 0.561382
0.125278 -0.058970 0.572965
0.122647 -0.084346 0.574165
0.127035 -0.083501 0.567101
0.125169 -0.079200 0.561545
0.126591 -0.083695 0.565080
0.119753 -0.076827 0.577260
0.115782 -0.071476 0.565246
0.138101 -0.080850 0.568264
0.141841 -0.073896 0.568208
0.122080 -0.082488 0.563700
0.124826 -0.067967 0.574232
0.134129 -0.076761 0.564281
0.131241 -0.076176 0.566702
0.120196 -0.070883 0.573415
0.134543 -0.080400 0.562472
0.129752 -0.080423 0.560237
0.124168 -0.074278 0.573842
0.133750 -0.070862 0.573055
0.123446 -0.072496 0.573126
0.132089 -0.076678 0.573825
0.136956 -0.064345 0.589704
0.133551 -0.070500 0.569040
0.131167 -0.067937 0.566925
0.134599 -0.081802 0.578131
0.134593 -0.069033 0.574327
0.146649 -0.077486 0.579941
0.141349 -0.073173 0.570340
0.121847 -0.072307 0.568258
0.124170 -0.075464 0.579863
0.145220 -0.083219 0.573899
0.143526 -0.076090 0.575868
0.131496 -0.072424 0.569606
0.129152 -0.077250 0.580614
0.133953 -0.076032 0.578741
0.130540 -0.082562 0.578833
0.144491 -0.073315 0.580381
0.133127 -0.070615 0.582007
0.138339 -0.080322 0.582071
0.138406 -0.082480 0.578016
0.136702 -0.065607 0.591540
0.128952 -0.074272 0.572677
0.130437 -0.082511 0.574736
0.145020 -0.076814 0.570683
0.130890 -0.073594 0.579805
0.144836 -0.072418 0.584762
0.132047 -0.076001 0.591446
0.138082 -0.074658 0.588297
0.130272 -0.084149 0.593664
0.146026 -0.074300 0.591797
0.139382 -0.070863 0.574019
0.129139 -0.072363 0.577692
0.137319 -0.082883 0.587606
0.134624 -0.068329 0.576084
0.146035 -0.079357 0.591325
0.137071 -0.077555 0.591195
0.132942 -0.069920 0.585125
0.132903 -0.080521 0.577851
0.134548 -0.079219 0.586607
0.135237 -0.088804 0.588038
0.147360 -0.081632 0.589918
0.142237 -0.064553 0.600471
0.138244 -0.071405 0.587273
0.142777 -0.068149 0.580881
0.148000 -0.068820 0.589404
0.143305 -0.062020 0.587132
0.142730 -0.089614 0.589108
0.146226 -0.078964 0.585879
0.130622 -0.081602 0.591358
0.140266 -0.079832 0.583909
0.133611 -0.086768 0.594725
0.138603 -0.074941 0.595073
0.132484 -0.076734 0.600600
0.142723 -0.069274 0.595983
0.138036 -0.074247 0.592144
0.143964 -0.069603 0.588699
0.146602 -0.088130 0.604458
0.136914 -0.080835 0.600644
0.145335 -0.072683 0.598907
0.131811 -0.079499 0.602544
0.136661 -0.070517 0.593933
0.138566 -0.077795 0.599957
0.146550 -0.076204 0.597737
0.147491 -0.062775 0.599100
0.146399 -0.074280 0.602525
0.137267 -0.069298 0.605104
0.146823 -0.072618 0.599863
0.141702 -0.066276 0.598746
0.142170 -0.082160 0.597945
0.139732 -0.075361 0.600779
0.123174 -0.072631 0.591877
0.140388 -0.077511 0.611590
0.150000 -0.074235 0.609285
0.141962 -0.070655 0.610941
0.141228 -0.082565 0.581026
0.150260 -0.073184 0.598364
0.140334 -0.069347 0.603004
0.138054 -0.074155 0.602318
0.136819 -0.059779 0.608333
0.138896 -0.079747 0.600757
0.141680 -0.065709 0.607565
0.142576 -0.081467 0.606260
0.138913 -0.081029 0.606979
0.152829 -0.065305 0.618417
0.139039 -0.071608 0.601631
0.152092 -0.078265 0.607053
0.147165 -0.072097 0.616000
0.147387 -0.075860 0.608222
0.132547 -0.063845 0.622091
0.136221 -0.057720 0.599260
0.146155 -0.069057 0.608572
0.146041 -0.069919 0.611287
0.146541 -0.075885 0.620775
0.134519 -0.079099 0.618350
0.145012 -0.069810 0.611633
0.141576 -0.079440 0.620282
0.140393 -0.079289 0.613846
0.141486 -0.086485 0.611978
0.146543 -0.087754 0.618600
0.143076 -0.085771 0.609854
0.129837 -0.083840 0.615565
0.125760 -0.072082 0.618341
0.140376 -0.079804 0.610686
0.138766 -0.077199 0.618441
0.129701 -0.079599 0.614220
0.132171 -0.076224 0.617428
0.137052 -0.076337 0.618521
0.141921 -0.075184 0.626565
0.137604 -0.077358 0.621681
0.138099 -0.075554 0.619157
0.132235 -0.074271 0.620348
0.151780 -0.076883 0.625191
0.138535 -0.066948 0.619706
0.136010 -0.067541 0.623002
0.131252 -0.074434 0.623968
0.137124 -0.094388 0.624470
0.134939 -0.070622 0.623137
0.129228 -0.076060 0.617503
0.122013 -0.077292 0.628741
0.135656 -0.080602 0.638877
0.135576 -0.066194 0.630196
0.132641 -0.077513 0.622683
0.128079 -0.075193 0.614851
0.132957 -0.080534 0.621948
0.122881 -0.077151 0.624592
0.132878 -0.070862 0.620346
0.126964 -0.082648 0.637709
0.115020 -0.070941 0.629800
0.132317 -0.074680 0.627826
0.124079 -0.066914 0.621522
0.121637 -0.072939 0.633412
0.112761 -0.078073 0.633515
0.120238 -0.072534 0.635134
0.138478 -0.083474 0.633032
0.127117 -0.067226 0.635823
0.133406 -0.079388 0.638846
0.129317 -0.088342 0.627378
0.132254 -0.070717 0.633193
0.123695 -0.076615 0.634288
0.131302 -0.077103 0.627163
0.122511 -0.069920 0.632762
0.117923 -0.084003 0.636164
0.120422 -0.081464 0.633822
0.117484 -0.072050 0.637291
0.120516 -0.077235 0.632436
0.123464 -0.074795 0.635594
0.123065 -0.074920 0.634298
0.133145 -0.076050 0.640959
0.125535 -0.077527 0.638620
0.121478 -0.070642 0.633221
0.122698 -0.078963 0.629545
0.126480 -0.078839 0.641412
0.124334 -0.071641 0.640966
0.137277 -0.069459 0.633465
0.115692 -0.063335 0.556615
0.113716 -0.080738 0.576019
0.131456 -0.066645 0.573575
0.116716 -0.065980 0.572069
0.129227 -0.063897 0.565482
0.128773 -0.074165 0.569062
0.117764 -0.073585 0.571240
0.119087 -0.069029 0.569777
0.130144 -0.078034 0.591779
0.127223 -0.076262 0.564869
0.116947 -0.071535 0.562360
0.120373 -0.065203 0.575221
0.132474 -0.071787 0.564819
0.127419 -0.060578 0.572898
0.123533 -0.071934 0.568424
0.118107 -0.065760 0.557026
0.124710 -0.074599 0.569251
0.123385 -0.073772 0.554957
0.121469 -0.064244 0.581142
0.125439 -0.073637 0.572674
0.130229 -0.073553 0.563646
0.144268 -0.071498 0.573009
0.125591 -0.075216 0.566167
0.126540 -0.073475 0.573861
0.135550 -0.075279 0.572652
0.122569 -0.080620 0.566230
0.122016 -0.063501 0.577120
0.134022 -0.064873 0.576250
0.117633 -0.071444 0.575517
0.126019 -0.069241 0.572310
0.126838 -0.058879 0.573827
0.134739 -0.075876 0.576865
0.136461 -0.070782 0.571528
0.128953 -0.079038 0.572296
0.124741 -0.076272 0.569782
0.140507 -0.073267 0.574280
0.133942 -0.069858 0.574738
0.136320 -0.076799 0.578648
0.140930 -0.079149 0.566481
0.132861 -0.071990 0.574169
0.135735 -0.060845 0.573596
0.122084 -0.070008 0.578576
0.136675 -0.062176 0.582909
0.133982 -0.073816 0.575619
0.139668 -0.065243 0.565018
0.145509 -0.078176 0.575649
0.138177 -0.077412 0.577705
0.140458 -0.066385 0.582965
0.136068 -0.072697 0.581553
0.142152 -0.071582 0.581171
0.125905 -0.065354 0.577206
0.140574 -0.072646 0.571329
0.131951 -0.067815 0.575247
0.136438 -0.071928 0.582334
0.142554 -0.075153 0.575328
0.138364 -0.075633 0.577567
0.135264 -0.072178 0.574636
0.146236 -0.069766 0.589295
0.151007 -0.065863 0.584708
0.135034 -0.070741 0.589342
0.138421 -0.076235 0.595134
0.146216 -0.076701 0.588922
0.143194 -0.067396 0.600389
0.135288 -0.079994 0.580462
0.138103 -0.069451 0.584263
0.145419 -0.082171 0.608640
0.143041 -0.071925 0.594754
0.137315 -0.076998 0.593660
0.142793 -0.065716 0.594213
0.126888 -0.075691 0.598925
0.146505 -0.079912 0.590458
0.139205 -0.069475 0.599294
0.137246 -0.068203 0.597995
0.133379 -0.072976 0.591382
0.146746 -0.071639 0.594063
0.144151 -0.062609 0.597169
0.146057 -0.071059 0.592353
0.136176 -0.080288 0.585540
0.148273 -0.075309 0.590482
0.137980 -0.078860 0.598636
0.147634 -0.072319 0.597581
0.149686 -0.070788 0.600099
0.139749 -0.070231 0.600348
0.145023 -0.078144 0.589973
0.144800 -0.070530 0.600012
0.136246 -0.078838 0.589444
0.143720 -0.065552 0.610395
0.152167 -0.064118 0.604462
0.146868 -0.073883 0.603137
0.142150 -0.076086 0.595732
0.137495 -0.068487 0.600343
0.141998 -0.057555 0.608228
0.134967 -0.072671 0.594281
0.150039 -0.074346 0.596937
0.152063 -0.077625 0.603481
0.152980 -0.077740 0.595133
0.157340 -0.071806 0.610767
0.147759 -0.070247 0.599987
0.152290 -0.075885 0.610875
0.137051 -0.064287 0.606998
0.144620 -0.071891 0.598344
0.148598 -0.068799 0.605191
0.138847 -0.063476 0.602042
0.137582 -0.074647 0.609086
0.149356 -0.067369 0.615170
0.131694 -0.072772 0.598475
0.149465 -0.073575 0.611777
0.144386 -0.071564 0.610407
0.134950 -0.072780 0.607763
0.133028 -0.074468 0.618067
0.143736 -0.069755 0.607969
0.139245 -0.069765 0.603786
0.142201 -0.068368 0.611791
0.144132 -0.065181 0.605277
0.133930 -0.071731 0.612034
0.149984 -0.070683 0.610603
0.148623 -0.077261 0.607560
0.140439 -0.061303 0.614474
0.146030 -0.079581 0.620710
0.142028 -0.066359 0.621661
0.145879 -0.067915 0.612078
0.137067 -0.066724 0.613340
0.144026 -0.062144 0.610833
0.142455 -0.069851 0.625719
0.137517 -0.074296 0.609656
0.133069 -0.073516 0.620685
0.144941 -0.076895 0.621647
0.139696 -0.064827 0.628348
0.145554 -0.072670 0.624468
0.143482 -0.068464 0.619333
0.136864 -0.079122 0.621122
0.137958 -0.070423 0.613689
0.140757 -0.078138 0.620860
0.135654 -0.071531 0.622402
0.136205 -0.075925 0.619433
0.137815 -0.069222 0.623464
0.145839 -0.074523 0.619726
0.128486 -0.066749 0.625524
0.136937 -0.064820 0.623204
0.137510 -0.069123 0.623640
0.128177 -0.077032 0.623655
0.132867 -0.081451 0.611628
0.134098 -0.081884 0.627665
0.136341 -0.076197 0.624484
0.136221 -0.075577 0.624404
0.130827 -0.068406 0.627252
0.132480 -0.060944 0.624335
0.139307 -0.073777 0.630532
0.122661 -0.060677 0.628040
0.130515 -0.062645 0.636104
0.123500 -0.066618 0.625818
0.131798 -0.075548 0.624634
0.125238 -0.072237 0.630898
0.134265 -0.070335 0.629138
0.132979 -0.074645 0.631347
0.138132 -0.074046 0.623106
0.130570 -0.075200 0.633255
0.125503 -0.077658 0.629087
0.127679 -0.060822 0.620524
0.134008 -0.063416 0.642737
0.127213 -0.072437 0.632341
0.127023 -0.057286 0.637512
0.134208 -0.069860 0.634531
0.131711 -0.063813 0.637328
0.123187 -0.065996 0.630720
0.128840 -0.060051 0.619908
0.129821 -0.081415 0.630691
0.125145 -0.070042 0.634134
0.130546 -0.072753 0.628439
0.121196 -0.071906 0.643668
0.117633 -0.070891 0.630457
0.118360 -0.066303 0.635456
0.126330 -0.076275 0.638856
0.130810 -0.069860 0.639494
0.123764 -0.074694 0.632348
0.120003 -0.066733 0.629377
0.124387 -0.070125 0.623640
0.128941 -0.062743 0.642792
0.133368 -0.057860 0.637512
0.122101 -0.061506 0.638419
0.123289 -0.063367 0.555246
0.115004 -0.068635 0.564167
0.122745 -0.069029 0.571096
0.115852 -0.074851 0.573306
0.114723 -0.071983 0.570489
0.116925 -0.071369 0.566156
0.122421 -0.072156 0.567639
0.118220 -0.060457 0.559182
0.110149 -0.071313 0.569726
0.130280 -0.073866 0.567863
0.123185 -0.069830 0.565094
0.128168 -0.064971 0.568607
0.128907 -0.065072 0.570485
0.138552 -0.078225 0.574163
0.117445 -0.063513 0.569477
0.127005 -0.067120 0.569056
0.130863 -0.063444 0.573783
0.138186 -0.065417 0.577379
0.127297 -0.068643 0.566556
0.123248 -0.061405 0.581940
0.124243 -0.070888 0.559435
0.135289 -0.078669 0.567296
0.136833 -0.064553 0.564838
0.137092 -0.069171 0.560828
0.121465 -0.064574 0.571979
0.129235 -0.064335 0.571535
0.142290 -0.070688 0.563312
0.128526 -0.072572 0.574746
0.138662 -0.068163 0.577347
0.138331 -0.060233 0.566984
0.128423 -0.065899 0.579468
0.135928 -0.074415 0.586791
0.141190 -0.069698 0.569292
0.128398 -0.061683 0.572299
0.130354 -0.061185 0.570624
0.139192 -0.066060 0.576968
0.148117 -0.071809 0.578328
0.139021 -0.077166 0.582812
0.138393 -0.071495 0.573376
0.132659 -0.063305 0.579337
0.132088 -0.058586 0.577400
0.142189 -0.063705 0.577834
0.130055 -0.071720 0.580301
0.132121 -0.066573 0.574088
0.131205 -0.058651 0.574846
0.136992 -0.075735 0.580788
0.138126 -0.073754 0.574399
0.133109 -0.074122 0.577117
0.141185 -0.078918 0.570779
0.127739 -0.065886 0.579178
0.139013 -0.061428 0.578942
0.139306 -0.071883 0.573180
0.139019 -0.071037 0.583868
0.132263 -0.076594 0.586830
0.139762 -0.080309 0.573884
0.146921 -0.073761 0.579790
0.144226 -0.073517 0.581787
0.136027 -0.056697 0.577375
0.134643 -0.068531 0.583629
0.147061 -0.065786 0.574956
0.144101 -0.075306 0.588313
0.140417 -0.077258 0.584282
0.134012 -0.074535 0.595986
0.145962 -0.072625 0.586519
0.134141 -0.066469 0.575109
0.150913 -0.059418 0.594005
0.136646 -0.065436 0.588105
0.132495 -0.062506 0.587608
0.138505 -0.064898 0.588972
0.137849 -0.065897 0.604233
0.139200 -0.073958 0.587840
0.140193 -0.066126 0.581215
0.144015 -0.068406 0.595671
0.140483 -0.077113 0.586916
0.145117 -0.068216 0.594124
0.152777 -0.064690 0.596812
0.150232 -0.076016 0.610394
0.139628 -0.066652 0.595842
0.135425 -0.057006 0.588837
0.146202 -0.077050 0.591949
0.144250 -0.070460 0.599759
0.141595 -0.072084 0.593737
0.141893 -0.065047 0.597740
0.132144 -0.071055 0.587697
0.155001 -0.066283 0.594365
0.145175 -0.057239 0.594441
0.134736 -0.059521 0.606912
0.144784 -0.068629 0.600668
0.136491 -0.060340 0.597695
0.141538 -0.048306 0.607986
0.139297 -0.052371 0.606871
0.140875 -0.060685 0.595634
0.147332 -0.070922 0.606674
0.147501 -0.072343 0.598996
0.138791 -0.072696 0.601941
0.141665 -0.069927 0.608069
0.136480 -0.076558 0.598843
0.145780 -0.066571 0.592199
0.143238 -0.067272 0.606002
0.136606 -0.068035 0.603313
0.150143 -0.076141 0.603715
0.143798 -0.074049 0.610541
0.136343 -0.072362 0.602524
0.137954 -0.069429 0.603651
0.141563 -0.068981 0.600555
0.138864 -0.063988 0.609185
0.143160 -0.079079 0.610524
0.146047 -0.063094 0.617583
0.152366 -0.078709 0.605114
0.146983 -0.064336 0.606311
0.140788 -0.061887 0.595018
0.145409 -0.068274 0.606509
0.143336 -0.071551 0.614144
0.148596 -0.070447 0.604722
0.133134 -0.076211 0.612852
0.127343 -0.066015 0.607062
0.145549 -0.068247 0.614262
0.144774 -0.077386 0.610895
0.133015 -0.062292 0.611600
0.141077 -0.065020 0.618006
0.138677 -0.064931 0.617000
0.142032 -0.064135 0.615635
0.134839 -0.065522 0.617864
0.140973 -0.069478 0.614650
0.140884 -0.073030 0.619071
0.134815 -0.055325 0.626651
0.136727 -0.068692 0.623707
0.134328 -0.061370 0.621062
0.145731 -0.079437 0.618039
0.142902 -0.060085 0.606570
0.124965 -0.073610 0.614922
0.145836 -0.059503 0.625703
0.138097 -0.067019 0.624528
0.134026 -0.070885 0.609404
0.134305 -0.061325 0.625652
0.134028 -0.059051 0.616668
0.125270 -0.078994 0.619587
0.130987 -0.069695 0.620818
0.129632 -0.064334 0.620337
0.124990 -0.075656 0.619902
0.129220 -0.058595 0.622459
0.128450 -0.079092 0.622065
0.137608 -0.073159 0.618841
0.141983 -0.068974 0.623450
0.130904 -0.072233 0.622882
0.135352 -0.062577 0.630771
0.135946 -0.076573 0.632890
0.128649 -0.064615 0.621929
0.142196 -0.072886 0.618822
0.131893 -0.066224 0.619515
0.128802 -0.075619 0.625137
0.126282 -0.074683 0.631852
0.134694 -0.063220 0.625316
0.130551 -0.062704 0.629302
0.127846 -0.064015 0.626922
0.121264 -0.072124 0.629109
0.131919 -0.074099 0.628160
0.126721 -0.064904 0.632357
0.126180 -0.075592 0.631765
0.125216 -0.067058 0.632641
0.122727 -0.075190 0.629911
0.125770 -0.067670 0.634624
0.131387 -0.065786 0.637492
0.131169 -0.065964 0.638966
0.114717 -0.074913 0.635263
0.135637 -0.072211 0.625148
0.117739 -0.065136 0.627744
0.131121 -0.075556 0.647772
0.115050 -0.067130 0.637913
0.124644 -0.071307 0.630555
0.119770 -0.063102 0.640785
0.119054 -0.072942 0.631525
0.120293 -0.067439 0.634222
0.118917 -0.067592 0.628448
0.118936 -0.079863 0.636837
0.127230 -0.076116 0.636192
0.118167 -0.059335 0.629405
0.126571 -0.068579 0.640325
0.118248 -0.065083 0.641258
0.120363 -0.073705 0.646542
0.115438 -0.059524 0.564186
0.119429 -0.070309 0.559539
0.124771 -0.064781 0.563428
0.118821 -0.056263 0.571665
0.122924 -0.069554 0.567743
0.119274 -0.076092 0.568059
0.132052 -0.060913 0.570556
0.113622 -0.069294 0.565480
0.127387 -0.067889 0.567446
0.128710 -0.061529 0.562084
0.125334 -0.073859 0.562487
0.124059 -0.077267 0.552675
0.135156 -0.061842 0.568101
0.123009 -0.065123 0.568975
0.124333 -0.062916 0.578152
0.111943 -0.073924 0.567276
0.120121 -0.072652 0.572717
0.137305 -0.064725 0.553969
0.138554 -0.065125 0.560057
0.127520 -0.063257 0.557213
0.135307 -0.058677 0.574707
0.129376 -0.071428 0.564568
0.130641 -0.058882 0.574160
0.131861 -0.070313 0.579328
0.140429 -0.048574 0.569555
0.136859 -0.070705 0.574840
0.131548 -0.062876 0.579112
0.125934 -0.058222 0.568405
0.145881 -0.051857 0.569886
0.125498 -0.063193 0.576685
0.133313 -0.067326 0.561522
0.134072 -0.053611 0.584199
0.130699 -0.066184 0.561759
0.128925 -0.068766 0.576701
0.123057 -0.069475 0.572062
0.146567 -0.072105 0.572702
0.136567 -0.063844 0.577249
0.132129 -0.066891 0.579331
0.121841 -0.061882 0.573669
0.134738 -0.069079 0.580693
0.143442 -0.067534 0.579800
0.138883 -0.069205 0.584046
0.138882 -0.080722 0.581514
0.144853 -0.065836 0.568377
0.140472 -0.069139 0.579644
0.131482 -0.060519 0.585953
0.132195 -0.071607 0.573488
0.131475 -0.061153 0.567295
0.142940 -0.063605 0.571231
0.139021 -0.061090 0.577339
0.133726 -0.056448 0.576031
0.137186 -0.076770 0.585611
0.125380 -0.066924 0.588405
0.126392 -0.057026 0.583556
0.136303 -0.063622 0.590187
0.140882 -0.064741 0.582403
0.144831 -0.059510 0.585282
0.141351 -0.061684 0.588793
0.142991 -0.057602 0.578154
0.134013 -0.075183 0.583734
0.144158 -0.061475 0.582307
0.131998 -0.064284 0.581566
0.140863 -0.067070 0.593249
0.148097 -0.067179 0.592803
0.143077 -0.058285 0.576799
0.158641 -0.076391 0.592978
0.134819 -0.061590 0.586222
0.138771 -0.066846 0.578741
0.130838 -0.062057 0.591146
0.133045 -0.064604 0.595687
0.139339 -0.079238 0.587829
0.143540 -0.062267 0.606029
0.149768 -0.064401 0.599373
0.142117 -0.059463 0.586657
0.151110 -0.070981 0.595888
0.143582 -0.069880 0.599144
0.147785 -0.075360 0.595239
0.136256 -0.069883 0.605520
0.133435 -0.073092 0.597114
0.140816 -0.072766 0.593956
0.140154 -0.060198 0.587940
0.141938 -0.061550 0.590909
0.134170 -0.061769 0.596838
0.140016 -0.063388 0.595124
0.132360 -0.058998 0.596100
0.141928 -0.072495 0.594124
0.144414 -0.071633 0.594539
0.145617 -0.064285 0.584933
0.154180 -0.059283 0.600852
0.142317 -0.062081 0.605440
0.138715 -0.068778 0.598232
0.140813 -0.066984 0.602347
0.128398 -0.071758 0.607656
0.151025 -0.062694 0.608378
0.140332 -0.062599 0.607409
0.144162 -0.065345 0.606403
0.138799 -0.072710 0.600738
0.128802 -0.065078 0.595890
0.139487 -0.061890 0.599244
0.131800 -0.055521 0.612833
0.137583 -0.058972 0.605368
0.146110 -0.063772 0.603152
0.137143 -0.057380 0.624155
0.137095 -0.066305 0.613067
0.132844 -0.070716 0.608415
0.140782 -0.056650 0.610214
0.139181 -0.059471 0.605584
0.144593 -0.067499 0.615871
0.138714 -0.062502 0.616342
0.145691 -0.069247 0.610642
0.145728 -0.056146 0.609509
0.135152 -0.065450 0.607961
0.141780 -0.060049 0.607406
0.144101 -0.074602 0.609237
0.132403 -0.073864 0.604988
0.142138 -0.072256 0.604981
0.140694 -0.069968 0.613918
0.138548 -0.063576 0.605804
0.129818 -0.068302 0.605155
0.138442 -0.064857 0.613042
0.138132 -0.062575 0.614005
0.151034 -0.075470 0.612079
0.140788 -0.070605 0.612609
0.142169 -0.067880 0.615011
0.140019 -0.067023 0.614425
0.141689 -0.073829 0.621206
0.143821 -0.058126 0.624312
0.137908 -0.059725 0.612913
0.127811 -0.077389 0.623750
0.141073 -0.063072 0.611839
0.131214 -0.053113 0.611582
0.135944 -0.066974 0.619069
0.139855 -0.056139 0.623577
0.137738 -0.065467 0.615901
0.130943 -0.068669 0.626049
0.134310 -0.061540 0.621841
0.139820 -0.070849 0.618914
0.146482 -0.054636 0.621393
0.140340 -0.059312 0.620268
0.128288 -0.064029 0.622889
0.127103 -0.061653 0.605403
0.135660 -0.058904 0.623118
0.126928 -0.069019 0.614923
0.138815 -0.064729 0.625292
0.136173 -0.059911 0.617237
0.124518 -0.057246 0.620297
0.130122 -0.062005 0.628779
0.137806 -0.068778 0.631024
0.129504 -0.071572 0.634439
0.132061 -0.066531 0.621090
0.140520 -0.067084 0.621892
0.128884 -0.066137 0.625289
0.132327 -0.056171 0.632859
0.141199 -0.064822 0.636450
0.134208 -0.068863 0.621797
0.135166 -0.061329 0.629458
0.131238 -0.069691 0.621632
0.141411 -0.054680 0.636337
0.133371 -0.064592 0.621637
0.120874 -0.067875 0.630108
0.130296 -0.062779 0.638164
0.131035 -0.058481 0.628395
0.131874 -0.067720 0.625968
0.127029 -0.071318 0.630727
0.134395 -0.063818 0.641293
0.127886 -0.065577 0.634438
0.123905 -0.076690 0.631334
0.123848 -0.058843 0.629584
0.124115 -0.064977 0.629186
0.127058 -0.066884 0.633698
0.118605 -0.072658 0.639910
0.132310 -0.068502 0.637263
0.128033 -0.059004 0.634370
0.123142 -0.064550 0.634310
0.109111 -0.069436 0.628003
0.122410 -0.060363 0.640813
0.127888 -0.066738 0.632944
0.130038 -0.074037 0.633481
0.117070 -0.068322 0.630241
0.125613 -0.065594 0.639097
0.121718 -0.059924 0.559572
0.124288 -0.065061 0.561670
0.118619 -0.060777 0.565206
0.131928 -0.068072 0.569064
0.118708 -0.063973 0.559643
0.111394 -0.054245 0.558302
0.121972 -0.053789 0.578494
0.126467 -0.054238 0.562096
0.124277 -0.061684 0.565254
0.116268 -0.072120 0.567916
0.127084 -0.061885 0.570248
0.126544 -0.059841 0.559987
0.128491 -0.054581 0.573179
0.126736 -0.067921 0.570956
0.120929 -0.055912 0.565370
0.117540 -0.048474 0.567733
0.130804 -0.061072 0.562698
0.124214 -0.067571 0.570304
0.117114 -0.055071 0.568982
0.139223 -0.054315 0.582270
0.135232 -0.057369 0.566248
0.126059 -0.065774 0.568590
0.142613 -0.057618 0.570873
0.125223 -0.063391 0.572767
0.138640 -0.069610 0.574971
0.125757 -0.064359 0.570584
0.121056 -0.062630 0.558649
0.133902 -0.065367 0.575449
0.139999 -0.069065 0.578628
0.131331 -0.057999 0.577641
0.141187 -0.056839 0.565488
0.139542 -0.061063 0.580753
0.135731 -0.063207 0.576326
0.139400 -0.072569 0.577414
0.134251 -0.064341 0.572115
0.121691 -0.063020 0.564533
0.124815 -0.055080 0.575192
0.133413 -0.051990 0.573383
0.135356 -0.063104 0.581292
0.130532 -0.060863 0.571773
0.141372 -0.060556 0.569214
0.140614 -0.064589 0.568471
0.132133 -0.072557 0.577139
0.145021 -0.056336 0.575022
0.137371 -0.057038 0.579106
0.149130 -0.058160 0.587395
0.136941 -0.057075 0.577478
0.136080 -0.066705 0.567445
0.137944 -0.061219 0.577730
0.130649 -0.078645 0.585281
0.147740 -0.061914 0.588426
0.137439 -0.065104 0.575045
0.133433 -0.073359 0.571421
0.143469 -0.070302 0.579086
0.150675 -0.054162 0.577486
0.137481 -0.057719 0.576409
0.139524 -0.067436 0.594152
0.137843 -0.057272 0.593329
0.133775 -0.062967 0.570880
0.139511 -0.067671 0.575178
0.138891 -0.064648 0.584197
0.147985 -0.064020 0.592440
0.143268 -0.046644 0.588489
0.136043 -0.068139 0.595832
0.136699 -0.055589 0.587901
0.145480 -0.052840 0.587435
0.142984 -0.055126 0.583022
0.140195 -0.057391 0.594536
0.151900 -0.065199 0.582426
0.129901 -0.065604 0.587202
0.146417 -0.073482 0.588763
0.149281 -0.055378 0.582893
0.139413 -0.070725 0.595647
0.138678 -0.054586 0.601635
0.136352 -0.061775 0.592478
0.139629 -0.063838 0.591277
0.142179 -0.049969 0.586995
0.151445 -0.057416 0.589689
0.142601 -0.055401 0.595967
0.144917 -0.061957 0.589414
0.141896 -0.063217 0.594257
0.142816 -0.057903 0.595753
0.147946 -0.065371 0.600214
0.138858 -0.061281 0.592136
0.132824 -0.071022 0.597859
0.148628 -0.056709 0.598891
0.143382 -0.056510 0.598425
0.134954 -0.055379 0.599262
0.147155 -0.063136 0.597695
0.135388 -0.056005 0.594437
0.144892 -0.069330 0.604089
0.138277 -0.058809 0.603399
0.146000 -0.063196 0.609408
0.141809 -0.060717 0.594934
0.145781 -0.067414 0.601912
0.147056 -0.068239 0.608290
0.149075 -0.056717 0.600157
0.135186 -0.051342 0.598287
0.136116 -0.063977 0.597123
0.144740 -0.069107 0.610113
0.149337 -0.059550 0.610582
0.136760 -0.058430 0.607540
0.136841 -0.057788 0.600466
0.154555 -0.065263 0.605351
0.145260 -0.061830 0.610552
0.133152 -0.048595 0.618260
0.135420 -0.059029 0.606973
0.135271 -0.057601 0.611651
0.160649 -0.051528 0.611260
0.156446 -0.064366 0.608822
0.144033 -0.062524 0.617033
0.146381 -0.072759 0.606325
0.140944 -0.059835 0.609958
0.149677 -0.067598 0.608894
0.146444 -0.058882 0.615051
0.131772 -0.055435 0.607149
0.145436 -0.061212 0.620136
0.137026 -0.066481 0.616846
0.131378 -0.054663 0.610519
0.130092 -0.058741 0.611450
0.138854 -0.050598 0.612014
0.139698 -0.068674 0.612371
0.139516 -0.055548 0.611699
0.142649 -0.070955 0.612550
0.132290 -0.066480 0.608333
0.138207 -0.043130 0.608911
0.127800 -0.065457 0.611731
0.138140 -0.066941 0.629005
0.133098 -0.060110 0.624705
0.136568 -0.058486 0.624751
0.130425 -0.061091 0.619206
0.132489 -0.065415 0.626453
0.147545 -0.061926 0.618683
0.142860 -0.061900 0.626824
0.128809 -0.069770 0.625518
0.126783 -0.062810 0.614563
0.138631 -0.059936 0.622907
0.131434 -0.063350 0.620345
0.139319 -0.061893 0.626019
0.135743 -0.065003 0.620619
0.126202 -0.076292 0.616835
0.137743 -0.053932 0.629378
0.125911 -0.069280 0.635841
0.141010 -0.061484 0.624197
0.128605 -0.072238 0.625415
0.130498 -0.062356 0.622134
0.139379 -0.053926 0.620805
0.140965 -0.061060 0.625992
0.136429 -0.063562 0.619640
0.133115 -0.054341 0.627149
0.146412 -0.071432 0.621388
0.134291 -0.074177 0.627575
0.130634 -0.049161 0.631918
0.127428 -0.072505 0.631638
0.129364 -0.054586 0.634890
0.128073 -0.061346 0.631925
0.133788 -0.074704 0.626705
0.124769 -0.069296 0.623348
0.135595 -0.057437 0.630484
0.134737 -0.069053 0.629853
0.136251 -0.067443 0.640935
0.140605 -0.064424 0.635762
0.124874 -0.064959 0.627977
0.129236 -0.052595 0.633526
0.118029 -0.068444 0.635731
0.126370 -0.059322 0.630958
0.131397 -0.067092 0.639204
0.126724 -0.051413 0.632511
0.111824 -0.064100 0.631188
0.125663 -0.062672 0.640729
0.125246 -0.054045 0.636051
0.129077 -0.065901 0.626902
0.122424 -0.061293 0.631132
0.130179 -0.060877 0.640397
0.135795 -0.054441 0.636648
0.126635 -0.058918 0.636842
0.128528 -0.060863 0.631214
0.123997 -0.061890 0.637321
0.124262 -0.062172 0.638100
0.129400 -0.070225 0.637316
0.114160 -0.065655 0.568701
0.106728 -0.056287 0.567959
0.112628 -0.064203 0.562684
0.121873 -0.056583 0.554005
0.120680 -0.063786 0.565074
0.120248 -0.049702 0.570373
0.122239 -0.054326 0.563208
0.136278 -0.065140 0.578870
0.113558 -0.063974 0.558954
0.130839 -0.060593 0.571752
0.137577 -0.058124 0.572705
0.124313 -0.062185 0.562213
0.126826 -0.048899 0.564112
0.124565 -0.057956 0.565938
0.134687 -0.066156 0.568693
0.143604 -0.063093 0.575467
0.131793 -0.063874 0.575050
0.123475 -0.058509 0.567067
0.125447 -0.062577 0.565275
0.125775 -0.054399 0.569853
0.125459 -0.063549 0.564388
0.122012 -0.056765 0.568575
0.128913 -0.070953 0.569450
0.130251 -0.061955 0.567502
0.123329 -0.063103 0.566430
0.124878 -0.060115 0.577043
0.132506 -0.067859 0.580314
0.143870 -0.061876 0.568164
0.133058 -0.063012 0.563767
0.135530 -0.055683 0.564207
0.121631 -0.059984 0.573714
0.128637 -0.060265 0.575101
0.126815 -0.057646 0.569659
0.129041 -0.065002 0.566136
0.143081 -0.068716 0.581256
0.133793 -0.055296 0.574745
0.133337 -0.057627 0.575077
0.143101 -0.062401 0.576829
0.135385 -0.059188 0.570533
0.134856 -0.050878 0.578527
0.132416 -0.055119 0.576053
0.124335 -0.052629 0.580677
0.140595 -0.057242 0.570738
0.139175 -0.070789 0.586999
0.131123 -0.054969 0.582544
0.135834 -0.069004 0.575739
0.135374 -0.050183 0.589994
0.136416 -0.056397 0.586083
0.125078 -0.057826 0.564705
0.135167 -0.067554 0.574100
0.136688 -0.062046 0.575485
0.133880 -0.068928 0.582012
0.138476 -0.050327 0.581246
0.142627 -0.048118 0.575483
0.136758 -0.062891 0.567891
0.133617 -0.061203 0.588299
0.140501 -0.060652 0.580669
0.148200 -0.056999 0.582362
0.147500 -0.057306 0.587151
0.155462 -0.062154 0.585485
0.137174 -0.049895 0.578246
0.133182 -0.072258 0.573111
0.133778 -0.057041 0.577108
0.131970 -0.064643 0.593203
0.142642 -0.055857 0.577361
0.136542 -0.061714 0.580037
0.137904 -0.063245 0.582950
0.130578 -0.064032 0.591127
0.145666 -0.052649 0.589691
0.143219 -0.057910 0.586854
0.136122 -0.053537 0.590875
0.135645 -0.059049 0.579892
0.143009 -0.061494 0.590054
0.151427 -0.062842 0.589209
0.151800 -0.063569 0.590100
0.137602 -0.061971 0.594190
0.141570 -0.063060 0.602034
0.150305 -0.053143 0.602079
0.145410 -0.060857 0.592932
0.132970 -0.058341 0.596672
0.144556 -0.059355 0.599839
0.144257 -0.054202 0.591928
0.135861 -0.055584 0.607297
0.151649 -0.058457 0.601948
0.147865 -0.069557 0.597745
0.142052 -0.065304 0.597002
0.148020 -0.061485 0.600906
0.145885 -0.056465 0.596254
0.146188 -0.055364 0.598301
0.141197 -0.058828 0.605284
0.141283 -0.050759 0.607324
0.148454 -0.050382 0.609131
0.139390 -0.061597 0.595959
0.152405 -0.053376 0.599743
0.141055 -0.054421 0.594830
0.136465 -0.069002 0.604691
0.142826 -0.053722 0.608028
0.134230 -0.057169 0.601507
0.144835 -0.062010 0.603634
0.132489 -0.061846 0.595147
0.144669 -0.062685 0.596228
0.140709 -0.049483 0.606309
0.135328 -0.061864 0.606340
0.144093 -0.059869 0.602066
0.138521 -0.054037 0.600536
0.136907 -0.058337 0.626244
0.151637 -0.062622 0.609731
0.140866 -0.057719 0.615490
0.134644 -0.059619 0.612849
0.148055 -0.068422 0.615968
0.133972 -0.059549 0.609990
0.142238 -0.062061 0.613515
0.137010 -0.062988 0.617804
0.143566 -0.052225 0.615889
0.141481 -0.044762 0.606810
0.131489 -0.048548 0.602360
0.145297 -0.064233 0.602894
0.146023 -0.057402 0.613980
0.134653 -0.058017 0.617201
0.144151 -0.055401 0.607289
0.139282 -0.070013 0.616519
0.136977 -0.065509 0.615179
0.134923 -0.059229 0.610678
0.141546 -0.060300 0.604329
0.145840 -0.056720 0.613656
0.140314 -0.054693 0.601634
0.132563 -0.054743 0.617490
0.130580 -0.058565 0.609342
0.143250 -0.054855 0.616559
0.137073 -0.058754 0.622386
0.135898 -0.053668 0.627826
0.148629 -0.057303 0.612778
0.140126 -0.058864 0.614504
0.134577 -0.065730 0.618139
0.135498 -0.063798 0.616580
0.133169 -0.056805 0.615460
0.134209 -0.055518 0.611679
0.134730 -0.050193 0.607259
0.139238 -0.048908 0.622506
0.131521 -0.052280 0.628225
0.137705 -0.048383 0.615824
0.143161 -0.058846 0.631790
0.144320 -0.054993 0.625515
0.131426 -0.059925 0.616255
0.140885 -0.055452 0.626400
0.135199 -0.055834 0.637387
0.136134 -0.059951 0.629816
0.130140 -0.057716 0.627974
0.138301 -0.059448 0.631338
0.133657 -0.064851 0.623888
0.133115 -0.045849 0.627481
0.132256 -0.058006 0.617184
0.121930 -0.058404 0.628770
0.128201 -0.055360 0.626510
0.135853 -0.071427 0.632903
0.139403 -0.058243 0.616558
0.128524 -0.074093 0.636520
0.126936 -0.052040 0.621671
0.128523 -0.060800 0.633483
0.138385 -0.057595 0.629010
0.123263 -0.056688 0.634828
0.125329 -0.056742 0.634229
0.129298 -0.058223 0.632088
0.141652 -0.051819 0.636584
0.128413 -0.059426 0.632465
0.127449 -0.070178 0.631151
0.125550 -0.066183 0.634764
0.123292 -0.058401 0.644524
0.123111 -0.048391 0.628005
0.128227 -0.053836 0.633218
0.124823 -0.061682 0.627426
0.120061 -0.067984 0.634387
0.136205 -0.051411 0.633158
0.110640 -0.050267 0.634993
0.130639 -0.066595 0.622555
0.125052 -0.054517 0.639253
0.115451 -0.068567 0.634349
0.127869 -0.066953 0.639741
0.116154 -0.069083 0.637652
0.113138 -0.053372 0.634671
0.133742 -0.055930 0.557517
0.120533 -0.060729 0.558110
0.125844 -0.050022 0.575857
0.119657 -0.059710 0.568703
0.137198 -0.061342 0.557088
0.119379 -0.045420 0.565515
0.125883 -0.061281 0.569059
0.128529 -0.055894 0.564625
0.123933 -0.064402 0.569868
0.128935 -0.054720 0.556144
0.122019 -0.054671 0.559268
0.113344 -0.055815 0.561230
0.121364 -0.059077 0.567692
0.127748 -0.052438 0.564665
0.125101 -0.053241 0.572329
0.136376 -0.060946 0.568921
0.126742 -0.051391 0.555673
0.127364 -0.064987 0.580125
0.140338 -0.053111 0.579142
0.132724 -0.053017 0.566127
0.128012 -0.060151 0.579640
0.133972 -0.059824 0.571269
0.131454 -0.049061 0.568846
0.128414 -0.048502 0.568787
0.138935 -0.051249 0.564428
0.132123 -0.058690 0.578856
0.129762 -0.064420 0.573449
0.139775 -0.055236 0.577443
0.128610 -0.057670 0.565991
0.127173 -0.056624 0.571550
0.129697 -0.049602 0.557434
0.137550 -0.052327 0.572531
0.137785 -0.058294 0.575886
0.133677 -0.061211 0.563124
0.132223 -0.057882 0.581871
0.127925 -0.050512 0.574715
0.132081 -0.053313 0.572362
0.144627 -0.065260 0.582256
0.136732 -0.054630 0.575854
0.133796 -0.055427 0.583777
0.146951 -0.056952 0.577921
0.134302 -0.056770 0.566694
0.134886 -0.050720 0.581227
0.135287 -0.054479 0.593645
0.139059 -0.055046 0.586266
0.130585 -0.042276 0.585270
0.139119 -0.043285 0.579922
0.131266 -0.062056 0.574054
0.140951 -0.052346 0.568054
0.143879 -0.052289 0.590007
0.149014 -0.055956 0.576814
0.133515 -0.047172 0.580798
0.127916 -0.061109 0.593191
0.141180 -0.047555 0.583361
0.136907 -0.062857 0.588092
0.125308 -0.044617 0.574825
0.134360 -0.052281 0.577353
0.134229 -0.045097 0.585608
0.141209 -0.061857 0.583368
0.144300 -0.050157 0.577405
0.136726 -0.065875 0.582910
0.132533 -0.055705 0.596019
0.143714 -0.050180 0.595241
0.142145 -0.053136 0.571143
0.142652 -0.050722 0.593263
0.142593 -0.054205 0.586829
0.149353 -0.052337 0.592718
0.131718 -0.047051 0.599440
0.141008 -0.057901 0.594254
0.141255 -0.046561 0.592856
0.143380 -0.060049 0.591432
0.143418 -0.050299 0.592657
0.148307 -0.046843 0.589793
0.144757 -0.055050 0.596659
0.136291 -0.046944 0.588073
0.147205 -0.061933 0.602376
0.144472 -0.054602 0.581257
0.133457 -0.055482 0.587022
0.136920 -0.065286 0.596183
0.144273 -0.050624 0.589415
0.151179 -0.057512 0.596608
0.140685 -0.058155 0.594637
0.143610 -0.047528 0.598441
0.143429 -0.056218 0.619451
0.141393 -0.055110 0.603074
0.152590 -0.053321 0.595087
0.147875 -0.045253 0.588397
0.145518 -0.043976 0.596143
0.148682 -0.057397 0.597370
0.152900 -0.052260 0.600599
0.143499 -0.045046 0.596726
0.140305 -0.046328 0.610845
0.134287 -0.055671 0.600062
0.133857 -0.045201 0.603538
0.140528 -0.061255 0.601699
0.148896 -0.063086 0.597855
0.139349 -0.047099 0.603745
0.149643 -0.060938 0.610200
0.151574 -0.062375 0.603004
0.146035 -0.051849 0.593784
0.154226 -0.056857 0.613493
0.141692 -0.057350 0.602507
0.138223 -0.057533 0.612201
0.136332 -0.048029 0.610159
0.138120 -0.055137 0.610800
0.145356 -0.059789 0.603637
0.148442 -0.055685 0.600119
0.141883 -0.046147 0.607661
0.133300 -0.047364 0.607098
0.130374 -0.051193 0.600154
0.145386 -0.052121 0.614475
0.142995 -0.056576 0.625014
0.130627 -0.053361 0.606043
0.139145 -0.051843 0.609902
0.144592 -0.060659 0.607155
0.149798 -0.043779 0.615495
0.140468 -0.043190 0.597271
0.145185 -0.042876 0.620398
0.150030 -0.052784 0.610437
0.126383 -0.053162 0.618192
0.136279 -0.061488 0.614034
0.138994 -0.050135 0.609868
0.144922 -0.055282 0.622189
0.134481 -0.050213 0.613925
0.149183 -0.054919 0.607511
0.135346 -0.054367 0.620232
0.136608 -0.058137 0.625978
0.141186 -0.052725 0.616220
0.134565 -0.052681 0.614254
0.138274 -0.057326 0.609330
0.127968 -0.047668 0.620709
0.142068 -0.063384 0.620498
0.134029 -0.062102 0.610733
0.140645 -0.053758 0.623485
0.143835 -0.055350 0.622748
0.130334 -0.055912 0.621818
0.138308 -0.050005 0.632396
0.131438 -0.062487 0.632967
0.140422 -0.048596 0.617371
0.140283 -0.052764 0.630888
0.141091 -0.044417 0.610633
0.133370 -0.045643 0.623695
0.136172 -0.062402 0.623625
0.128397 -0.054120 0.617452
0.131614 -0.051285 0.618633
0.129352 -0.060153 0.622282
0.136254 -0.058904 0.624428
0.136580 -0.070212 0.628195
0.134940 -0.058778 0.623970
0.135637 -0.051355 0.628246
0.137570 -0.067151 0.616299
0.135509 -0.050023 0.632773
0.129192 -0.056696 0.639137
0.122049 -0.054514 0.622590
0.127994 -0.053412 0.631552
0.126161 -0.048846 0.638469
0.125630 -0.053684 0.621938
0.133942 -0.049243 0.625467
0.134924 -0.055734 0.615641
0.135838 -0.053887 0.629610
0.129331 -0.052771 0.624658
0.126855 -0.051827 0.634335
0.125996 -0.057559 0.637672
0.124784 -0.047526 0.617768
0.118976 -0.043874 0.623041
0.119401 -0.064703 0.643768
0.125686 -0.052898 0.627540
0.124812 -0.058572 0.637210
0.134801 -0.045958 0.623566
0.122225 -0.051213 0.642306
0.122915 -0.055180 0.639604
0.124620 -0.045931 0.628209
0.118192 -0.062335 0.631340
0.121214 -0.052331 0.630275
0.124849 -0.056909 0.631204
0.126013 -0.039560 0.629009
0.120692 -0.062033 0.638392
0.117923 -0.041291 0.637057
0.115346 -0.064677 0.644592
0.126614 -0.045621 0.629708
0.122350 -0.057559 0.573823
0.113364 -0.045106 0.565285
0.123407 -0.050793 0.565817
0.126541 -0.055429 0.559907
0.121269 -0.051222 0.565877
0.123208 -0.048993 0.566821
0.129429 -0.049393 0.555661
0.117889 -0.053706 0.568097
0.115286 -0.046514 0.559530
0.133910 -0.045796 0.567855
0.134094 -0.045841 0.561807
0.133433 -0.065271 0.562187
0.117501 -0.048641 0.572193
0.118369 -0.059699 0.562970
0.124543 -0.054167 0.569196
0.135508 -0.039396 0.581548
0.132100 -0.053173 0.566659
0.124894 -0.052829 0.574569
0.126422 -0.055643 0.569817
0.123789 -0.056876 0.571569
0.122688 -0.043409 0.561535
0.125657 -0.049693 0.567295
0.134288 -0.049819 0.567821
0.125279 -0.040447 0.572645
0.129386 -0.054795 0.568671
0.131043 -0.047138 0.572250
0.129370 -0.058926 0.566676
0.118896 -0.048107 0.574157
0.139712 -0.058603 0.579323
0.137688 -0.037735 0.557864
0.123321 -0.060966 0.573029
0.132461 -0.051394 0.571653
0.132876 -0.048496 0.570535
0.130481 -0.054186 0.561975
0.136988 -0.055374 0.572789
0.134043 -0.046321 0.580978
0.142847 -0.051727 0.574286
0.135675 -0.051955 0.578612
0.131741 -0.055657 0.567999
0.135494 -0.062935 0.575479
0.133341 -0.036867 0.584987
0.134338 -0.045398 0.579755
0.135672 -0.057797 0.578871
0.124742 -0.054319 0.577543
0.133558 -0.050070 0.570597
0.135660 -0.055065 0.575205
0.143724 -0.058517 0.584525
0.129563 -0.055977 0.584106
0.137260 -0.054673 0.582077
0.127772 -0.053352 0.587364
0.128085 -0.054595 0.576677
0.141060 -0.059919 0.582818
0.131252 -0.059470 0.576209
0.141670 -0.055173 0.573498
0.135158 -0.050052 0.583293
0.133990 -0.052300 0.595359
0.144430 -0.041659 0.590588
0.136082 -0.047083 0.586601
0.138513 -0.052645 0.579743
0.128672 -0.049991 0.585955
0.130489 -0.048971 0.598022
0.137779 -0.051790 0.585444
0.139710 -0.051373 0.591790
0.144025 -0.058973 0.578248
0.150289 -0.047610 0.580914
0.141015 -0.055410 0.592769
0.142708 -0.050915 0.588177
0.154104 -0.048095 0.590078
0.137847 -0.056698 0.597084
0.140183 -0.048527 0.595476
0.139368 -0.050518 0.587322
0.128966 -0.053721 0.586313
0.139872 -0.042895 0.592933
0.147544 -0.050506 0.589599
0.135554 -0.054846 0.591081
0.137232 -0.052424 0.590050
0.139475 -0.055395 0.600298
0.141102 -0.058295 0.584374
0.148495 -0.050700 0.593939
0.146903 -0.064044 0.590082
0.136329 -0.061438 0.588345
0.144597 -0.059603 0.593292
0.141551 -0.051299 0.606278
0.153767 -0.042886 0.590584
0.129864 -0.043502 0.605870
0.134261 -0.055391 0.599341
0.136864 -0.058021 0.590440
0.142053 -0.056481 0.599695
0.136253 -0.052076 0.587229
0.146174 -0.047190 0.603731
0.150027 -0.061911 0.609864
0.135664 -0.056170 0.593930
0.144268 -0.043692 0.612936
0.143118 -0.058771 0.600983
0.137212 -0.052039 0.605548
0.150271 -0.066065 0.603525
0.151189 -0.053650 0.607726
0.140253 -0.050757 0.603302
0.146403 -0.047845 0.599401
0.145266 -0.054404 0.599902
0.138992 -0.060591 0.602181
0.138638 -0.050074 0.602858
0.142295 -0.052542 0.602039
0.137605 -0.054829 0.594139
0.146927 -0.051313 0.612311
0.142750 -0.046602 0.611587
0.126884 -0.054256 0.615326
0.140180 -0.043852 0.614136
0.133881 -0.056219 0.607727
0.134888 -0.053665 0.610194
0.141806 -0.050578 0.609223
0.140445 -0.032521 0.614893
0.137320 -0.047723 0.604099
0.130420 -0.060178 0.615230
0.148390 -0.064153 0.618348
0.133502 -0.039760 0.617131
0.141909 -0.050978 0.613625
0.137462 -0.053100 0.614736
0.140610 -0.054219 0.606622
0.142808 -0.058044 0.615128
0.138664 -0.049224 0.614671
0.134808 -0.046176 0.609686
0.133904 -0.061160 0.614771
0.134517 -0.047685 0.615057
0.141339 -0.048688 0.620303
0.141694 -0.049835 0.619429
0.137608 -0.054852 0.604240
0.140945 -0.045331 0.619740
0.131880 -0.048800 0.606827
0.134229 -0.036832 0.624015
0.138611 -0.050221 0.605897
0.132440 -0.041813 0.622537
0.140361 -0.044144 0.621043
0.135567 -0.052720 0.626456
0.130314 -0.041624 0.619120
0.140079 -0.034884 0.623332
0.134576 -0.058895 0.623406
0.143262 -0.046218 0.613168
0.141724 -0.047302 0.621710
0.121965 -0.051240 0.616451
0.142097 -0.055833 0.622495
0.139416 -0.046036 0.620939
0.134693 -0.050327 0.621123
0.129684 -0.054104 0.622683
0.134725 -0.044417 0.624461
0.133836 -0.051678 0.620927
0.129120 -0.053558 0.640428
0.133919 -0.046707 0.629822
0.139634 -0.055047 0.621017
0.134042 -0.049960 0.635275
0.131357 -0.061620 0.623875
0.135715 -0.045112 0.629038
0.133378 -0.052667 0.627652
0.133976 -0.053385 0.613184
0.135895 -0.054792 0.617215
0.123158 -0.049152 0.643530
0.138145 -0.050459 0.625944
0.124428 -0.042424 0.628046
0.133607 -0.054840 0.627646
0.127939 -0.049147 0.626579
0.139452 -0.055214 0.637903
0.132247 -0.049159 0.636017
0.131003 -0.059049 0.634860
0.140359 -0.049325 0.617082
0.127225 -0.043687 0.636864
0.118658 -0.048272 0.637641
0.112361 -0.049126 0.641056
0.120799 -0.042458 0.627611
0.132819 -0.052603 0.636018
0.126995 -0.043636 0.634650
0.120390 -0.052984 0.632477
0.136442 -0.059247 0.636949
0.128415 -0.053205 0.630036
0.129732 -0.050226 0.635087
0.129928 -0.046961 0.637982
0.119690 -0.049299 0.627686
0.122286 -0.040759 0.643098
0.125796 -0.054023 0.641016
0.125304 -0.050538 0.645130
0.124667 -0.047425 0.632209
0.127952 -0.052245 0.562432
0.126192 -0.045881 0.559694
0.114618 -0.038020 0.557033
0.114144 -0.056165 0.568221
0.124775 -0.042430 0.564615
0.109012 -0.045582 0.566842
0.134303 -0.050619 0.561777
0.120550 -0.050278 0.564638
0.127834 -0.044986 0.558656
0.121170 -0.040930 0.567606
0.125399 -0.045099 0.561015
0.120884 -0.045058 0.562088
0.125931 -0.058028 0.568125
0.118648 -0.051572 0.562053
0.126874 -0.057210 0.574235
0.125555 -0.042908 0.562163
0.126441 -0.047781 0.567196
0.121724 -0.043018 0.563512
0.134699 -0.050897 0.575744
0.131180 -0.044730 0.567478
0.114905 -0.051166 0.572186
0.121372 -0.052001 0.573119
0.122071 -0.049582 0.559776
0.126107 -0.041961 0.572953
0.136096 -0.056095 0.578017
0.130409 -0.058202 0.568670
0.139712 -0.050926 0.563844
0.125154 -0.045315 0.574934
0.131350 -0.045733 0.573663
0.130579 -0.052162 0.573134
0.144242 -0.057045 0.566468
0.131962 -0.046104 0.592534
0.145205 -0.043517 0.571993
0.129561 -0.051294 0.569155
0.131593 -0.047490 0.587552
0.127561 -0.045878 0.573932
0.141872 -0.054114 0.571190
0.131563 -0.049241 0.573102
0.137751 -0.052914 0.582486
0.132754 -0.055600 0.583221
0.132484 -0.055918 0.574154
0.135882 -0.059107 0.584454
0.141445 -0.046174 0.583279
0.131883 -0.046692 0.576429
0.141074 -0.046827 0.582058
0.136183 -0.056202 0.580424
0.136934 -0.050825 0.577269
0.143078 -0.050165 0.579754
0.138963 -0.053038 0.589777
0.148152 -0.051141 0.576435
0.127401 -0.059177 0.570498
0.133758 -0.054317 0.589929
0.131861 -0.044020 0.583406
0.142360 -0.041056 0.579102
0.133102 -0.055020 0.573748
0.129239 -0.064191 0.589828
0.122912 -0.046099 0.582198
0.139101 -0.043314 0.586726
0.133545 -0.053424 0.583288
0.143840 -0.047837 0.579217
0.139750 -0.028726 0.575405
0.130754 -0.050683 0.595149
0.141216 -0.039846 0.583846
0.138564 -0.049165 0.595268
0.135931 -0.049392 0.587311
0.135512 -0.048273 0.583060
0.144641 -0.047065 0.581528
0.144902 -0.038912 0.598113
0.129554 -0.051661 0.592153
0.144175 -0.034564 0.584064
0.134300 -0.041241 0.576400
0.140659 -0.046644 0.608128
0.139930 -0.037212 0.598632
0.146765 -0.060310 0.606710
0.136073 -0.043007 0.592944
0.150166 -0.051314 0.596465
0.146097 -0.036732 0.592294
0.127284 -0.048956 0.586901
0.137748 -0.040364 0.584493
0.142433 -0.043110 0.589093
0.142299 -0.050891 0.594523
0.137660 -0.045788 0.594488
0.144801 -0.058103 0.593679
0.145933 -0.042940 0.589834
0.145043 -0.048988 0.592631
0.134344 -0.051379 0.600586
0.143896 -0.056663 0.599425
0.144013 -0.050898 0.591747
0.141369 -0.054166 0.597036
0.148597 -0.046150 0.594935
0.139876 -0.036892 0.604330
0.154216 -0.054583 0.607795
0.135030 -0.043429 0.612330
0.143964 -0.050023 0.613022
0.140669 -0.042203 0.606266
0.142154 -0.046224 0.594044
0.140554 -0.041845 0.595640
0.141648 -0.053150 0.598960
0.143937 -0.040485 0.606492
0.147676 -0.042672 0.599648
0.130948 -0.055684 0.614491
0.155965 -0.044257 0.602938
0.142678 -0.059260 0.600828
0.144466 -0.051856 0.601921
0.136716 -0.055007 0.606601
0.143584 -0.047751 0.615316
0.135917 -0.054694 0.610890
0.146595 -0.050190 0.609308
0.138635 -0.054860 0.600162
0.138248 -0.037359 0.606361
0.148568 -0.048157 0.607807
0.143133 -0.048870 0.608785
0.144742 -0.058865 0.606514
0.141880 -0.047127 0.611354
0.144937 -0.050317 0.618048
0.141280 -0.055668 0.611425
0.142791 -0.044165 0.609850
0.127284 -0.053096 0.615564
0.148181 -0.048393 0.612638
0.136221 -0.059017 0.618344
0.156165 -0.046652 0.611241
0.140444 -0.052809 0.622919
0.138918 -0.052694 0.617680
0.133489 -0.045591 0.615405
0.132636 -0.053870 0.618720
0.139435 -0.037816 0.624137
0.136334 -0.055399 0.619484
0.138369 -0.047957 0.614061
0.130286 -0.048308 0.606207
0.135462 -0.057972 0.612892
0.140895 -0.055903 0.615562
0.146522 -0.043940 0.614766
0.139853 -0.048946 0.618569
0.139721 -0.057717 0.619759
0.143728 -0.044909 0.624570
0.126221 -0.041736 0.622879
0.125498 -0.051687 0.623767
0.142043 -0.051610 0.609608
0.136674 -0.052189 0.616911
0.131759 -0.045297 0.628961
0.143852 -0.047092 0.614082
0.134116 -0.044809 0.626331
0.140026 -0.057796 0.624111
0.140036 -0.047752 0.615168
0.134991 -0.053162 0.618756
0.135014 -0.043393 0.610158
0.144291 -0.051856 0.633955
0.136476 -0.049248 0.621581
0.135154 -0.042993 0.621743
0.141952 -0.047835 0.630902
0.129171 -0.052361 0.634557
0.134314 -0.049079 0.629899
0.135633 -0.046200 0.624577
0.132661 -0.041418 0.632097
0.133918 -0.047772 0.625344
0.126302 -0.052851 0.621274
0.118293 -0.055533 0.633267
0.140708 -0.037350 0.626552
0.119169 -0.044688 0.635450
0.135946 -0.045016 0.626924
0.123871 -0.067045 0.615070
0.123116 -0.050435 0.629466
0.119005 -0.040515 0.641214
0.132221 -0.048344 0.628005
0.131607 -0.046662 0.629994
0.125331 -0.036675 0.620938
0.127277 -0.045156 0.634143
0.125107 -0.050054 0.635166
0.125042 -0.051644 0.640257
0.127947 -0.052855 0.620285
0.129961 -0.033812 0.641537
0.124827 -0.050682 0.617204
0.119671 -0.039480 0.622047
0.134008 -0.056344 0.636587
0.125978 -0.047153 0.636629
0.121395 -0.054009 0.645264
0.124121 -0.044707 0.635250
0.122341 -0.060287 0.632577
0.128742 -0.048822 0.637315
0.110625 -0.055740 0.634402
0.112405 -0.049688 0.563177
0.118773 -0.034956 0.566659
0.122785 -0.042133 0.564966
0.128393 -0.035487 0.566892
0.113531 -0.054903 0.569769
0.130634 -0.051664 0.555523
0.125607 -0.056939 0.569014
0.120048 -0.056491 0.567066
0.133674 -0.051932 0.580032
0.123624 -0.041243 0.563721
0.127575 -0.043750 0.561704
0.119664 -0.043590 0.560251
0.132656 -0.047310 0.562862
0.129750 -0.048454 0.552293
0.123884 -0.043653 0.566627
0.131974 -0.042126 0.570127
0.127711 -0.062026 0.575002
0.134101 -0.041293 0.567580
0.130797 -0.048050 0.578553
0.125398 -0.045053 0.569531
0.131231 -0.042330 0.565792
0.131798 -0.044601 0.568026
0.134827 -0.053059 0.573648
0.129142 -0.041864 0.569704
0.129615 -0.044786 0.575546
0.120282 -0.044727 0.563379
0.135556 -0.042790 0.565721
0.128913 -0.047166 0.575040
0.130927 -0.048441 0.576597
0.130842 -0.052405 0.571425
0.126705 -0.055274 0.577915
0.125475 -0.041083 0.569406
0.135670 -0.048892 0.566426
0.133531 -0.036781 0.572244
0.122223 -0.049085 0.582880
0.127147 -0.055018 0.570208
0.126180 -0.041537 0.576279
0.132704 -0.041891 0.571686
0.139661 -0.045696 0.582879
0.128139 -0.050570 0.570767
0.130437 -0.055092 0.577960
0.135419 -0.036819 0.583617
0.128329 -0.053680 0.581874
0.137137 -0.052373 0.577035
0.131258 -0.031157 0.576946
0.137875 -0.043715 0.580486
0.143704 -0.037950 0.573955
0.129438 -0.035349 0.581294
0.122117 -0.047904 0.580915
0.124483 -0.038498 0.575556
0.130598 -0.048889 0.573547
0.142043 -0.052523 0.585996
0.147956 -0.050540 0.581830
0.147373 -0.046375 0.577261
0.142128 -0.037012 0.590177
0.141631 -0.044450 0.585621
0.140524 -0.049897 0.581705
0.146370 -0.044386 0.584287
0.131027 -0.045581 0.585214
0.138803 -0.051998 0.583410
0.138574 -0.045880 0.585147
0.144671 -0.046374 0.593654
0.138256 -0.043115 0.582868
0.147037 -0.047955 0.596998
0.142899 -0.038561 0.591216
0.135223 -0.048980 0.588188
0.130149 -0.041259 0.578026
0.145161 -0.049114 0.596212
0.145092 -0.042370 0.604588
0.135219 -0.051280 0.587492
0.136066 -0.044583 0.597176
0.142406 -0.035953 0.588802
0.143345 -0.047427 0.584354
0.145640 -0.036263 0.593889
0.138785 -0.059610 0.587965
0.146334 -0.035679 0.584493
0.146359 -0.040280 0.583198
0.135851 -0.041125 0.594327
0.143518 -0.042036 0.590802
0.128850 -0.048124 0.586647
0.140149 -0.037591 0.598141
0.145161 -0.033179 0.576903
0.152493 -0.049959 0.585156
0.149225 -0.046897 0.594228
0.145428 -0.045448 0.603874
0.135203 -0.055305 0.589828
0.138953 -0.034771 0.593625
0.143177 -0.048033 0.595570
0.138949 -0.047382 0.600191
0.151942 -0.037500 0.582806
0.143374 -0.052456 0.596097
0.132349 -0.050816 0.609802
0.155073 -0.051752 0.603677
0.135673 -0.038825 0.601856
0.141336 -0.036936 0.598411
0.143326 -0.046349 0.604465
0.143101 -0.046188 0.601804
0.141000 -0.051687 0.602900
0.144743 -0.041196 0.610145
0.145852 -0.042064 0.600941
0.149377 -0.056343 0.604411
0.153844 -0.053731 0.608061
0.143050 -0.052855 0.594879
0.148395 -0.042295 0.609735
0.141653 -0.054860 0.614482
0.147058 -0.043615 0.617425
0.140690 -0.041141 0.603768
0.138962 -0.034494 0.620142
0.142618 -0.039975 0.618525
0.141546 -0.043860 0.609270
0.153455 -0.045382 0.619348
0.135002 -0.050260 0.608854
0.145539 -0.041276 0.608864
0.140049 -0.039420 0.612466
0.139279 -0.041655 0.611359
0.144615 -0.042487 0.605104
0.138990 -0.050705 0.612313
0.136417 -0.047139 0.609362
0.142660 -0.046856 0.619990
0.143199 -0.045954 0.608973
0.149215 -0.043525 0.620363
0.145408 -0.047898 0.618386
0.151916 -0.034426 0.616972
0.133789 -0.045457 0.615320
0.150597 -0.048924 0.619815
0.143630 -0.048780 0.611678
0.129937 -0.045946 0.619469
0.131221 -0.037580 0.620451
0.137280 -0.050714 0.613420
0.135201 -0.045990 0.614194
0.134995 -0.047877 0.624877
0.136917 -0.040832 0.601033
0.136007 -0.043577 0.626625
0.133259 -0.043316 0.625052
0.129359 -0.049013 0.619943
0.143671 -0.041926 0.622217
0.137329 -0.044351 0.625042
0.133981 -0.050624 0.628888
0.137179 -0.036067 0.622493
0.139841 -0.054936 0.619489
0.128891 -0.038225 0.614348
0.141193 -0.050052 0.631024
0.141979 -0.047257 0.624545
0.128676 -0.037826 0.626198
0.138414 -0.042848 0.630438
0.136958 -0.055729 0.626165
0.135704 -0.047934 0.622728
0.135369 -0.044247 0.628396
0.133172 -0.040903 0.625788
0.125894 -0.045413 0.630917
0.121970 -0.050626 0.634669
0.132094 -0.045440 0.626307
0.117403 -0.048871 0.622527
0.137893 -0.043487 0.634675
0.145875 -0.048758 0.632243
0.147647 -0.036203 0.627362
0.137050 -0.055186 0.634397
0.113542 -0.054596 0.639748
0.122885 -0.055116 0.635594
0.130940 -0.034635 0.627473
0.125741 -0.045511 0.621591
0.134982 -0.053677 0.628595
0.136436 -0.039969 0.628358
0.122351 -0.056555 0.627050
0.133686 -0.039281 0.629151
0.127038 -0.052019 0.637712
0.126058 -0.040678 0.626543
0.115387 -0.042619 0.631229
0.136693 -0.047752 0.632018
0.124568 -0.046574 0.635671
0.124248 -0.049109 0.632637
0.125755 -0.036292 0.634369
0.123572 -0.046451 0.643593
0.113436 -0.046884 0.643041
0.117076 -0.050415 0.623762
0.125732 -0.049433 0.626620
0.122410 -0.040104 0.634649
0.127953 -0.045019 0.641395
0.119823 -0.042828 0.632908
0.120802 -0.046471 0.643897
0.124245 -0.031373 0.565513
0.119924 -0.041551 0.563994
0.119462 -0.045003 0.554783
0.130230 -0.043153 0.570459
0.123990 -0.037410 0.567198
0.120500 -0.033384 0.562440
0.112662 -0.043360 0.562797
0.132548 -0.054181 0.570756
0.113554 -0.033807 0.561866
0.124042 -0.040321 0.565045
0.136003 -0.042154 0.567831
0.125340 -0.042896 0.571421
0.129640 -0.043521 0.556484
0.129515 -0.046347 0.580531
0.127808 -0.036549 0.565009
0.129355 -0.042766 0.571966
0.133025 -0.049260 0.573954
0.132525 -0.044722 0.566738
0.133831 -0.044547 0.556178
0.128433 -0.039393 0.568532
0.124623 -0.044797 0.566061
0.140132 -0.039837 0.564582
0.129126 -0.046301 0.577188
0.134864 -0.046786 0.572717
0.132649 -0.049930 0.568081
0.129854 -0.044864 0.568602
0.115653 -0.045607 0.564427
0.141240 -0.044155 0.572756
0.139630 -0.045406 0.574402
0.141758 -0.040981 0.568133
0.128620 -0.040648 0.571395
0.140912 -0.037228 0.576517
0.131539 -0.044558 0.575810
0.126423 -0.044712 0.576940
0.124232 -0.032593 0.574370
0.127722 -0.049247 0.561268
0.128641 -0.047935 0.575776
0.136996 -0.038327 0.569814
0.135841 -0.037036 0.576403
0.124016 -0.046944 0.580547
0.130014 -0.033769 0.573904
0.138119 -0.050742 0.567711
0.137694 -0.040960 0.581188
0.135721 -0.039382 0.584515
0.126876 -0.044702 0.585408
0.136093 -0.034081 0.582458
0.144545 -0.044994 0.584107
0.147816 -0.033698 0.576035
0.137388 -0.047048 0.587258
0.138157 -0.039489 0.574615
0.134943 -0.035630 0.595420
0.149997 -0.042893 0.566317
0.134644 -0.041305 0.596150
0.146285 -0.048908 0.573437
0.149276 -0.041089 0.583947
0.144895 -0.051052 0.585385
0.143277 -0.044496 0.586194
0.144492 -0.043826 0.587819
0.135500 -0.039381 0.583097
0.134214 -0.035735 0.586717
0.144749 -0.040839 0.586190
0.137628 -0.041351 0.589944
0.128635 -0.050551 0.589227
0.131942 -0.047045 0.586719
0.138198 -0.045641 0.581809
0.149831 -0.051807 0.592433
0.145151 -0.049784 0.582221
0.147441 -0.052496 0.585134
0.137958 -0.045589 0.608832
0.148143 -0.050467 0.587511
0.134959 -0.035630 0.575597
0.134306 -0.043356 0.595831
0.133202 -0.052557 0.579236
0.149838 -0.030508 0.588782
0.137775 -0.040305 0.595722
0.135921 -0.050452 0.598432
0.139656 -0.032405 0.593715
0.137505 -0.039410 0.607339
0.162362 -0.044109 0.597274
0.142602 -0.041799 0.591374
0.135600 -0.039477 0.601584
0.153326 -0.043924 0.589983
0.151602 -0.041300 0.602167
0.139648 -0.038253 0.593259
0.136604 -0.049414 0.608892
0.147945 -0.052386 0.594810
0.139931 -0.045889 0.587958
0.142559 -0.043369 0.597388
0.138394 -0.040660 0.599972
0.147690 -0.044007 0.597801
0.142742 -0.035170 0.598140
0.136677 -0.055782 0.591310
0.139146 -0.040563 0.597537
0.145769 -0.033744 0.590218
0.138108 -0.035668 0.598897
0.151541 -0.061091 0.601372
0.144519 -0.039092 0.594249
0.129320 -0.036217 0.606696
0.145109 -0.043275 0.591431
0.136077 -0.042994 0.610972
0.135842 -0.030874 0.613248
0.143810 -0.045395 0.604876
0.148872 -0.046549 0.606263
0.137432 -0.038556 0.600493
0.146937 -0.042484 0.608643
0.146446 -0.039153 0.603004
0.146407 -0.042884 0.602691
0.137830 -0.043145 0.606088
0.135899 -0.040508 0.612398
0.142269 -0.041294 0.612710
0.143006 -0.041304 0.604783
0.137815 -0.034345 0.603199
0.137782 -0.044920 0.616024
0.147504 -0.035906 0.619690
0.149252 -0.035701 0.616339
0.133818 -0.039642 0.607960
0.145423 -0.036611 0.608241
0.141840 -0.049986 0.610051
0.143580 -0.046856 0.613255
0.132584 -0.041574 0.618674
0.133976 -0.042447 0.623708
0.138202 -0.045634 0.616974
0.140857 -0.040995 0.614452
0.148524 -0.041997 0.616663
0.150485 -0.039996 0.615309
0.146629 -0.035831 0.623203
0.138304 -0.036973 0.623426
0.142718 -0.037841 0.621355
0.137960 -0.044643 0.624313
0.143182 -0.041572 0.610826
0.142286 -0.052840 0.619039
0.122293 -0.038465 0.617566
0.135653 -0.038442 0.617646
0.137007 -0.046124 0.628916
0.134075 -0.034662 0.624552
0.132130 -0.035857 0.616244
0.138148 -0.038605 0.626986
0.144676 -0.040609 0.617331
0.128405 -0.042746 0.609075
0.138986 -0.037810 0.614220
0.121023 -0.049603 0.629447
0.136423 -0.038732 0.615982
0.133292 -0.034182 0.622213
0.134673 -0.046931 0.619422
0.133246 -0.047085 0.625109
0.130603 -0.041702 0.630322
0.125799 -0.038747 0.632935
0.142307 -0.044115 0.625147
0.133255 -0.048377 0.626918
0.138279 -0.044296 0.629236
0.139315 -0.046940 0.633401
0.128236 -0.032670 0.635822
0.124932 -0.037044 0.630294
0.132798 -0.043984 0.621732
0.139919 -0.051374 0.635089
0.129686 -0.045927 0.612521
0.137159 -0.042719 0.621737
0.121295 -0.046049 0.646347
0.129597 -0.042774 0.621338
0.130654 -0.040737 0.632662
0.130547 -0.032914 0.637669
0.120867 -0.045270 0.631553
0.127590 -0.042234 0.646197
0.121840 -0.056661 0.635046
0.130947 -0.050500 0.638169
0.122176 -0.042749 0.625408
0.123289 -0.048605 0.627496
0.116162 -0.045051 0.628384
0.129918 -0.047338 0.635041
0.120996 -0.051901 0.632597
0.121030 -0.040739 0.626289
0.128247 -0.040677 0.638235
0.121647 -0.048373 0.624285
0.130707 -0.037669 0.632457
0.121267 -0.045097 0.634377
0.124383 -0.039127 0.633288
0.118076 -0.039457 0.641783
0.125703 -0.042300 0.641055
0.115918 -0.039416 0.642591
0.128161 -0.044858 0.645785
0.116755 -0.040224 0.565559
0.118119 -0.037502 0.563934
0.135770 -0.030228 0.564350
0.112907 -0.032114 0.565683
0.122333 -0.031788 0.557826
0.122393 -0.028297 0.570103
0.114219 -0.032408 0.572858
0.119632 -0.034012 0.567919
0.118108 -0.039249 0.567391
0.131464 -0.036203 0.567486
0.138421 -0.034705 0.575851
0.125398 -0.029819 0.558028
0.113134 -0.034990 0.559363
0.118700 -0.036519 0.571506
0.130160 -0.032316 0.565596
0.131092 -0.040840 0.565375
0.129058 -0.040109 0.573746
0.127201 -0.047454 0.565509
0.135728 -0.041568 0.565357
0.147453 -0.034316 0.570398
0.132274 -0.036251 0.559864
0.129886 -0.034398 0.571512
0.126879 -0.039179 0.572911
0.125525 -0.037891 0.574769
0.124276 -0.046521 0.559025
0.129807 -0.043756 0.567072
0.138589 -0.046873 0.562197
0.128615 -0.040793 0.575075
0.139498 -0.029836 0.575760
0.135671 -0.034378 0.574604
0.133099 -0.048488 0.572614
0.121035 -0.044030 0.566360
0.125958 -0.037860 0.576747
0.140579 -0.046601 0.580794
0.132627 -0.036021 0.577729
0.137569 -0.032834 0.576637
0.130347 -0.041995 0.581740
0.133619 -0.027143 0.568161
0.135682 -0.043877 0.572326
0.134777 -0.046375 0.573043
0.144351 -0.035376 0.582244
0.148698 -0.032938 0.577095
0.141194 -0.035510 0.573732
0.139039 -0.038317 0.575410
0.136498 -0.040842 0.568074
0.133315 -0.036080 0.572824
0.133534 -0.047520 0.574546
0.134638 -0.034737 0.575545
0.135679 -0.038791 0.590102
0.139261 -0.044477 0.570709
0.135074 -0.025674 0.592222
0.135693 -0.043993 0.581561
0.131740 -0.029815 0.582870
0.145696 -0.042116 0.591129
0.148194 -0.040001 0.584507
0.151982 -0.041082 0.581275
0.141547 -0.043036 0.579628
0.129423 -0.030632 0.589336
0.141387 -0.032774 0.583547
0.131840 -0.048226 0.581747
0.140059 -0.047767 0.586410
0.139143 -0.045871 0.589287
0.137429 -0.033207 0.592661
0.137793 -0.047057 0.589621
0.148260 -0.049276 0.589470
0.149551 -0.035303 0.591906
0.140806 -0.036853 0.587675
0.139787 -0.043081 0.594389
0.137205 -0.034424 0.576142
0.151455 -0.024585 0.585846
0.147748 -0.033646 0.594054
0.143974 -0.033857 0.601062
0.140539 -0.038710 0.589324
0.144456 -0.047559 0.597798
0.137405 -0.037364 0.597099
0.148443 -0.034831 0.591804
0.140604 -0.035277 0.597097
0.150344 -0.044731 0.595369
0.139963 -0.045342 0.598968
0.144607 -0.031050 0.586347
0.139490 -0.037626 0.583937
0.145135 -0.022341 0.605927
0.146017 -0.043675 0.602031
0.130103 -0.035482 0.590941
0.135170 -0.042363 0.598307
0.153778 -0.041784 0.586696
0.147963 -0.031432 0.589611
0.134693 -0.043745 0.596166
0.144400 -0.044348 0.594779
0.145225 -0.048198 0.599420
0.134325 -0.040693 0.598891
0.149977 -0.045846 0.598552
0.147009 -0.037373 0.609775
0.146043 -0.031788 0.611417
0.148018 -0.042135 0.611207
0.134735 -0.043373 0.601569
0.138281 -0.036340 0.594536
0.139975 -0.039196 0.606834
0.133506 -0.042147 0.605869
0.136712 -0.053344 0.608056
0.126924 -0.034882 0.601514
0.153730 -0.041940 0.611014
0.151301 -0.039001 0.608419
0.143709 -0.039204 0.603240
0.141896 -0.034897 0.603801
0.146232 -0.053124 0.610171
0.139184 -0.032825 0.606819
0.149596 -0.034144 0.606890
0.138608 -0.042433 0.610997
0.143120 -0.039696 0.611482
0.137104 -0.041351 0.617793
0.134484 -0.034703 0.607818
0.141904 -0.036334 0.612983
0.146187 -0.046063 0.606086
0.148151 -0.035924 0.613338
0.149568 -0.036975 0.612790
0.142654 -0.041805 0.615367
0.141717 -0.036931 0.606512
0.138913 -0.053017 0.613439
0.141729 -0.037771 0.607758
0.148834 -0.034895 0.615954
0.140086 -0.032122 0.617431
0.140490 -0.040598 0.611277
0.140578 -0.031833 0.606678
0.151264 -0.044312 0.615592
0.134718 -0.041653 0.613910
0.139651 -0.035220 0.622582
0.130619 -0.034307 0.608410
0.142895 -0.044295 0.613710
0.137403 -0.041586 0.608433
0.125166 -0.037772 0.622767
0.134399 -0.042911 0.623964
0.133693 -0.034035 0.617743
0.136359 -0.031598 0.619162
0.130762 -0.034715 0.625139
0.134044 -0.039339 0.619657
0.135701 -0.032826 0.610933
0.128473 -0.035277 0.622418
0.138536 -0.044440 0.616238
0.128707 -0.037214 0.634463
0.143016 -0.032347 0.636899
0.130764 -0.046925 0.619154
0.134697 -0.028374 0.627763
0.137422 -0.029343 0.623953
0.128746 -0.045031 0.625554
0.127973 -0.036851 0.626248
0.140500 -0.037947 0.627099
0.139457 -0.037474 0.630851
0.136005 -0.031216 0.635329
0.126066 -0.039202 0.628610
0.128886 -0.040555 0.631695
0.131305 -0.043072 0.627954
0.145186 -0.027396 0.628762
0.134542 -0.032662 0.627163
0.134871 -0.034835 0.629869
0.130659 -0.040280 0.618700
0.134149 -0.037705 0.628758
0.135959 -0.035935 0.632516
0.130785 -0.034928 0.628170
0.130182 -0.027867 0.618434
0.118086 -0.040846 0.634761
0.128222 -0.039024 0.627600
0.133064 -0.043984 0.622531
0.132921 -0.048202 0.634267
0.127249 -0.036010 0.633543
0.124789 -0.035984 0.640159
0.131814 -0.029219 0.635433
0.132903 -0.039326 0.639964
0.122798 -0.042025 0.630350
0.122046 -0.037483 0.644068
0.119042 -0.040207 0.634200
0.132912 -0.033080 0.621565
0.133690 -0.040325 0.640118
0.119304 -0.035685 0.634618
0.131446 -0.040036 0.626977
0.127232 -0.039735 0.642064
0.134811 -0.027070 0.630901
0.119587 -0.039254 0.646761
0.122945 -0.044991 0.643251
0.119541 -0.035966 0.635599
0.113824 -0.031209 0.556968
0.118109 -0.039049 0.566214
0.114013 -0.032046 0.566428
0.116285 -0.039255 0.565957
0.120439 -0.030119 0.571796
0.122419 -0.034788 0.560103
0.119370 -0.033855 0.568968
0.120970 -0.041239 0.561662
0.130750 -0.029774 0.559555
0.122751 -0.038049 0.574110
0.120727 -0.039776 0.559800
0.122572 -0.035250 0.564797
0.126586 -0.035407 0.567100
0.126845 -0.033983 0.572819
0.131160 -0.040591 0.561174
0.116890 -0.041644 0.570315
0.129841 -0.026572 0.570199
0.141752 -0.034043 0.572854
0.131688 -0.044613 0.576518
0.134762 -0.039494 0.563197
0.123680 -0.029246 0.568480
0.135163 -0.030251 0.564662
0.131981 -0.044202 0.575116
0.135973 -0.031520 0.567143
0.134171 -0.039573 0.572461
0.120367 -0.034692 0.572585
0.126191 -0.044975 0.570013
0.131374 -0.028049 0.573027
0.125256 -0.043192 0.564611
0.130453 -0.031377 0.578398
0.130846 -0.027373 0.565425
0.124203 -0.039042 0.580220
0.125232 -0.028992 0.568729
0.134448 -0.034254 0.582178
0.131873 -0.037204 0.582869
0.134450 -0.041254 0.568818
0.128982 -0.031606 0.576031
0.126391 -0.041024 0.578887
0.135707 -0.037539 0.586563
0.139564 -0.032965 0.581208
0.136764 -0.034674 0.574425
0.142607 -0.032791 0.569142
0.143034 -0.023869 0.578892
0.139503 -0.039043 0.580811
0.129642 -0.027430 0.586675
0.132922 -0.036494 0.585541
0.136754 -0.030509 0.588304
0.130468 -0.036573 0.574609
0.135651 -0.034191 0.582294
0.127358 -0.037394 0.596256
0.137297 -0.043039 0.586671
0.134634 -0.038695 0.587724
0.139518 -0.027053 0.581510
0.139173 -0.038013 0.585764
0.147256 -0.035713 0.578841
0.134906 -0.031425 0.578009
0.142111 -0.019400 0.575343
0.130340 -0.032890 0.584609
0.140908 -0.032746 0.571685
0.140046 -0.033457 0.593479
0.145141 -0.043433 0.582440
0.136851 -0.024378 0.587507
0.138034 -0.021604 0.582386
0.141601 -0.033860 0.593654
0.135618 -0.021671 0.591668
0.131272 -0.037829 0.589682
0.137869 -0.035072 0.599753
0.144774 -0.033398 0.592675
0.142078 -0.030996 0.582649
0.134147 -0.030849 0.591680
0.124847 -0.047145 0.591440
0.144263 -0.036036 0.598085
0.150062 -0.024339 0.591133
0.134262 -0.027307 0.579699
0.138490 -0.049272 0.591324
0.145000 -0.036312 0.584498
0.138865 -0.028989 0.595293
0.145973 -0.046383 0.587537
0.139370 -0.021973 0.595563
0.134258 -0.028379 0.603234
0.133027 -0.038155 0.599594
0.140674 -0.039815 0.602582
0.138696 -0.020722 0.603618
0.143825 -0.034183 0.594249
0.148338 -0.033181 0.606787
0.142786 -0.035076 0.586917
0.146531 -0.033426 0.592869
0.144700 -0.040220 0.604220
0.162684 -0.037858 0.611069
0.144632 -0.041832 0.594885
0.139925 -0.030431 0.598230
0.149903 -0.024002 0.594968
0.144173 -0.037556 0.605827
0.140492 -0.036295 0.603959
0.149228 -0.031783 0.606705
0.150762 -0.031889 0.608413
0.144957 -0.027212 0.600252
0.136681 -0.037735 0.606088
0.143295 -0.035640 0.601560
0.148624 -0.026199 0.612138
0.137555 -0.043240 0.609556
0.146753 -0.027250 0.600578
0.134075 -0.036009 0.607510
0.141367 -0.037350 0.607771
0.148912 -0.040660 0.596794
0.141270 -0.019971 0.610459
0.135203 -0.044152 0.606369
0.148950 -0.039939 0.599555
0.136993 -0.037670 0.602572
0.144351 -0.030170 0.595390
0.144943 -0.039391 0.620028
0.135757 -0.025856 0.607824
0.142490 -0.036434 0.614369
0.147795 -0.031382 0.614001
0.143695 -0.036434 0.622179
0.138540 -0.037128 0.609278
0.138318 -0.033275 0.620888
0.139467 -0.029528 0.615450
0.142541 -0.028771 0.619366
0.143041 -0.032665 0.608754
0.142751 -0.037307 0.619617
0.129761 -0.040812 0.614890
0.146148 -0.032266 0.615490
0.138732 -0.031400 0.610419
0.147666 -0.034607 0.620371
0.138771 -0.039163 0.614717
0.141943 -0.044237 0.611823
0.135658 -0.036572 0.619321
0.140570 -0.028878 0.620715
0.140421 -0.031541 0.615846
0.136672 -0.034286 0.623392
0.135540 -0.040727 0.627834
0.138368 -0.026975 0.608020
0.136164 -0.031896 0.619724
0.136924 -0.030376 0.620509
0.130601 -0.038016 0.621493
0.140390 -0.038846 0.617644
0.144255 -0.026649 0.612317
0.133598 -0.039639 0.621593
0.136410 -0.033231 0.627697
0.132938 -0.030907 0.621434
0.140329 -0.037241 0.619654
0.130723 -0.038895 0.627647
0.140579 -0.051775 0.630708
0.140599 -0.036174 0.625943
0.131825 -0.018215 0.620264
0.138551 -0.035240 0.629863
0.131084 -0.034278 0.635141
0.150951 -0.037440 0.613595
0.133701 -0.045422 0.628213
0.124453 -0.045471 0.644212
0.132784 -0.040248 0.625461
0.126711 -0.038305 0.638230
0.129093 -0.037700 0.626357
0.123944 -0.036095 0.632288
0.125472 -0.036986 0.632280
0.131452 -0.037435 0.640210
0.138202 -0.020430 0.642672
0.129089 -0.024922 0.637577
0.134364 -0.037642 0.629696
0.121609 -0.025670 0.629174
0.140213 -0.024789 0.626363
0.123040 -0.034637 0.637504
0.131513 -0.034160 0.629015
0.129821 -0.027915 0.632967
0.131526 -0.039184 0.629091
0.136368 -0.024299 0.625234
0.123662 -0.037161 0.636584
0.127313 -0.038417 0.635277
0.121055 -0.027820 0.636253
0.127258 -0.019736 0.625781
0.131371 -0.031977 0.621725
0.128606 -0.035334 0.639449
0.123077 -0.030384 0.631340
0.127094 -0.029989 0.637639
0.125894 -0.036357 0.639652
0.125295 -0.034504 0.639214
0.111740 -0.036691 0.648825
0.118435 -0.029879 0.631325
0.120870 -0.041219 0.636239
0.116054 -0.027355 0.560236
0.132832 -0.040328 0.572516
0.114843 -0.033573 0.561179
0.122618 -0.032781 0.561634
0.119533 -0.030599 0.563576
0.123274 -0.040043 0.562541
0.130592 -0.025133 0.557054
0.118873 -0.024748 0.556598
0.127737 -0.033852 0.564296
0.124607 -0.023529 0.560899
0.121277 -0.025145 0.561833
0.120639 -0.022797 0.562480
0.137802 -0.039479 0.571683
0.119643 -0.030842 0.575442
0.122466 -0.021751 0.568226
0.127438 -0.028391 0.561246
0.126889 -0.041798 0.571190
0.117192 -0.034854 0.579347
0.124559 -0.031925 0.574852
0.124285 -0.026544 0.567178
0.124649 -0.026218 0.576298
0.136834 -0.032551 0.566929
0.139638 -0.042004 0.576916
0.128621 -0.040961 0.570242
0.139890 -0.033845 0.567305
0.130932 -0.029050 0.569494
0.126342 -0.032704 0.568370
0.134468 -0.028269 0.565462
0.134951 -0.028114 0.571139
0.119416 -0.030845 0.579632
0.135584 -0.028334 0.563771
0.118318 -0.036773 0.562297
0.124854 -0.020077 0.572487
0.137940 -0.038276 0.571232
0.131589 -0.026191 0.571111
0.130245 -0.031251 0.567911
0.126970 -0.021199 0.572739
0.146826 -0.032140 0.579807
0.125967 -0.031811 0.572656
0.136308 -0.044401 0.584229
0.146044 -0.030516 0.571915
0.140478 -0.036969 0.573184
0.137424 -0.035314 0.574249
0.134019 -0.029091 0.576386
0.135803 -0.032516 0.563084
0.142220 -0.037188 0.592409
0.142589 -0.029737 0.576123
0.148208 -0.019478 0.576188
0.135462 -0.037654 0.577172
0.130816 -0.022821 0.583471
0.144833 -0.032143 0.577495
0.132707 -0.027839 0.585939
0.141798 -0.029683 0.579983
0.145831 -0.024570 0.590930
0.134496 -0.041501 0.585324
0.135534 -0.022158 0.595694
0.144055 -0.031090 0.575992
0.143884 -0.023599 0.570690
0.129206 -0.023253 0.586392
0.141299 -0.031285 0.579488
0.123482 -0.031528 0.580009
0.137194 -0.045358 0.587699
0.128540 -0.027387 0.580447
0.132052 -0.039015 0.585310
0.135452 -0.025769 0.580761
0.148781 -0.039553 0.588435
0.143456 -0.036305 0.587467
0.137717 -0.038554 0.597081
0.131500 -0.037906 0.589038
0.147775 -0.032592 0.584063
0.138419 -0.020799 0.587435
0.141123 -0.031888 0.583933
0.142913 -0.029399 0.590944
0.140190 -0.042794 0.588285
0.140045 -0.032686 0.588533
0.141565 -0.031000 0.592584
0.135666 -0.020129 0.587262
0.145096 -0.034656 0.587538
0.139885 -0.043139 0.598243
0.144378 -0.032286 0.587121
0.143904 -0.043897 0.595600
0.145751 -0.028216 0.593045
0.149665 -0.039410 0.601158
0.131259 -0.026241 0.596848
0.139429 -0.033587 0.597320
0.141092 -0.028827 0.603312
0.140688 -0.032388 0.597312
0.141119 -0.034378 0.590652
0.136719 -0.027405 0.592543
0.138521 -0.021998 0.596495
0.129212 -0.036293 0.598116
0.145990 -0.028662 0.598609
0.137738 -0.032359 0.594495
0.137059 -0.032983 0.608962
0.139611 -0.038902 0.611812
0.143714 -0.037012 0.601418
0.148474 -0.023120 0.603784
0.147089 -0.034924 0.603539
0.146704 -0.027331 0.601589
0.141923 -0.028299 0.604682
0.143016 -0.027634 0.613756
0.149132 -0.030382 0.602194
0.136236 -0.030057 0.605570
0.132935 -0.028967 0.600908
0.144021 -0.039897 0.604452
0.139183 -0.036220 0.606132
0.145053 -0.025311 0.613510
0.143386 -0.033346 0.602114
0.141033 -0.038982 0.612138
0.148247 -0.029893 0.605165
0.145514 -0.032135 0.606299
0.140751 -0.039552 0.619511
0.145389 -0.040073 0.611987
0.147811 -0.033510 0.616011
0.118639 -0.041288 0.607156
0.131589 -0.022441 0.609826
0.138523 -0.030059 0.617056
0.132886 -0.010882 0.608158
0.135462 -0.029988 0.622307
0.138617 -0.031947 0.622045
0.142707 -0.036143 0.610895
0.142645 -0.039507 0.614116
0.145621 -0.039944 0.609651
0.146086 -0.034098 0.623221
0.140285 -0.022330 0.612538
0.142569 -0.028240 0.616043
0.136691 -0.029208 0.617683
0.141911 -0.031803 0.618219
0.135760 -0.030923 0.605984
0.136815 -0.021908 0.628965
0.133513 -0.032151 0.612180
0.137764 -0.030897 0.619745
0.132453 -0.028475 0.624072
0.139579 -0.041676 0.629950
0.150140 -0.024022 0.618398
0.141445 -0.037950 0.620952
0.138223 -0.025125 0.621650
0.134318 -0.041114 0.617662
0.134876 -0.033808 0.619107
0.131102 -0.021922 0.618620
0.126983 -0.022372 0.627224
0.144812 -0.038058 0.615816
0.136946 -0.038882 0.618718
0.143861 -0.027695 0.617053
0.141360 -0.019802 0.629894
0.126677 -0.031415 0.624427
0.132439 -0.032125 0.629368
0.122691 -0.028479 0.635441
0.126362 -0.040512 0.624612
0.126556 -0.034761 0.628036
0.144502 -0.042751 0.633403
0.133462 -0.028268 0.614285
0.122999 -0.022587 0.627608
0.136453 -0.028953 0.627003
0.135259 -0.028165 0.620681
0.128040 -0.029641 0.637293
0.133592 -0.041628 0.630429
0.122511 -0.038739 0.625906
0.122214 -0.034292 0.630434
0.131012 -0.035940 0.641486
0.118797 -0.030679 0.636685
0.129679 -0.026892 0.633419
0.134120 -0.033932 0.629275
0.130931 -0.033319 0.646185
0.135490 -0.029255 0.633682
0.119507 -0.034705 0.627139
0.125532 -0.039498 0.626758
0.127407 -0.035887 0.634656
0.140487 -0.033285 0.629244
0.135593 -0.037137 0.637606
0.126538 -0.037326 0.622766
0.125204 -0.025212 0.636456
0.123643 -0.029291 0.647255
0.120617 -0.033639 0.627681
0.132602 -0.027796 0.639305
0.128235 -0.036288 0.627424
0.125231 -0.033424 0.638201
0.109778 -0.026535 0.634071
0.109545 -0.030376 0.632223
0.113027 -0.021349 0.631059
0.124821 -0.036045 0.566402
0.122257 -0.029364 0.561571
0.122309 -0.029804 0.569079
0.128332 -0.027272 0.561432
0.131084 -0.028588 0.557529
0.121565 -0.024866 0.570845
0.128975 -0.029824 0.559903
0.131841 -0.017498 0.568547
0.127076 -0.028296 0.559205
0.127542 -0.032350 0.558289
0.128568 -0.019998 0.559106
0.132266 -0.023499 0.553059
0.122922 -0.034580 0.565498
0.129332 -0.023056 0.576645
0.127011 -0.040137 0.573496
0.130052 -0.034343 0.574875
0.127305 -0.037414 0.559741
0.130288 -0.035457 0.568808
0.124619 -0.021944 0.581293
0.133414 -0.029361 0.573397
0.113843 -0.028123 0.562607
0.132222 -0.023845 0.578822
0.133892 -0.032097 0.563590
0.133153 -0.024259 0.572179
0.140189 -0.038257 0.566893
0.128842 -0.040968 0.567253
0.135626 -0.033645 0.574490
0.123897 -0.016078 0.570978
0.133680 -0.035540 0.565972
0.134305 -0.022482 0.581212
0.124525 -0.036748 0.578361
0.126944 -0.020197 0.591414
0.130351 -0.030082 0.576872
0.123429 -0.022693 0.565513
0.135446 -0.022442 0.573929
0.119072 -0.036111 0.570097
0.126487 -0.029218 0.589050
0.132262 -0.026321 0.584514
0.137698 -0.019397 0.575152
0.127568 -0.029316 0.575470
0.143935 -0.027944 0.589942
0.137233 -0.038524 0.568524
0.132824 -0.036487 0.573446
0.139632 -0.030107 0.577513
0.134111 -0.028854 0.577345
0.136385 -0.032414 0.560580
0.138474 -0.035488 0.575384
0.146165 -0.033248 0.576951
0.138209 -0.018379 0.586553
0.145515 -0.037048 0.580804
0.139256 -0.012579 0.585011
0.124388 -0.024883 0.580987
0.136497 -0.026733 0.590247
0.143517 -0.037549 0.579813
0.138143 -0.025661 0.582557
0.131628 -0.022193 0.579915
0.148131 -0.027700 0.580217
0.144553 -0.024614 0.598370
0.146472 -0.033627 0.584716
0.140263 -0.033890 0.578108
0.145942 -0.027223 0.579907
0.144114 -0.032578 0.598441
0.143763 -0.032882 0.588296
0.148036 -0.033244 0.582525
0.149367 -0.017670 0.584816
0.138608 -0.030520 0.581891
0.141072 -0.025282 0.594087
0.139111 -0.026130 0.587078
0.154227 -0.032936 0.599993
0.140554 -0.026780 0.582482
0.137855 -0.019657 0.598080
0.132762 -0.024980 0.595231
0.140667 -0.031612 0.580866
0.138565 -0.015408 0.599081
0.133847 -0.026163 0.589687
0.139390 -0.030851 0.585524
0.138966 -0.032164 0.605107
0.137331 -0.049537 0.590168
0.138826 -0.029645 0.592850
0.140807 -0.022008 0.586714
0.142652 -0.025877 0.595069
0.145396 -0.015368 0.584062
0.133485 -0.035002 0.593583
0.150075 -0.027913 0.598444
0.135341 -0.029344 0.598276
0.145248 -0.027748 0.591574
0.135253 -0.030738 0.591806
0.136617 -0.037798 0.599032
0.135930 -0.027147 0.601276
0.141128 -0.024179 0.606800
0.142508 -0.039783 0.610089
0.144792 -0.014200 0.599074
0.144094 -0.017092 0.607399
0.141957 -0.027190 0.593136
0.139525 -0.026371 0.607051
0.136028 -0.030670 0.597708
0.154745 -0.020484 0.595229
0.146811 -0.028677 0.605077
0.140442 -0.028527 0.608253
0.133254 -0.029831 0.610898
0.136818 -0.025002 0.616039
0.142887 -0.031711 0.596318
0.150169 -0.030255 0.613088
0.141681 -0.027925 0.617108
0.135106 -0.033058 0.607388
0.141293 -0.023879 0.605793
0.145632 -0.027303 0.609156
0.128401 -0.033070 0.599068
0.143212 -0.032559 0.612210
0.142206 -0.018533 0.606769
0.142266 -0.016379 0.612436
0.150112 -0.027425 0.621546
0.136298 -0.019111 0.614083
0.143378 -0.029645 0.613987
0.142496 -0.029443 0.616359
0.133705 -0.026314 0.616694
0.137319 -0.024955 0.611616
0.136880 -0.033647 0.620207
0.138153 -0.035600 0.615082
0.128496 -0.034889 0.619353
0.133418 -0.021670 0.619609
0.142813 -0.025150 0.620500
0.138800 -0.030466 0.613723
0.138503 -0.026238 0.617958
0.146007 -0.010973 0.605628
0.141668 -0.021218 0.612479
0.143210 -0.022672 0.623690
0.134313 -0.038288 0.616919
0.139574 -0.027844 0.627041
0.144581 -0.036964 0.619572
0.144841 -0.028154 0.609310
0.140424 -0.032133 0.627008
0.125605 -0.022249 0.623807
0.153341 -0.031343 0.622509
0.131520 -0.024763 0.620239
0.133048 -0.030086 0.622175
0.133314 -0.026105 0.624981
0.137987 -0.026177 0.617868
0.136197 -0.034117 0.620631
0.132840 -0.034061 0.625808
0.138561 -0.022837 0.622359
0.136705 -0.027292 0.622034
0.135727 -0.033164 0.634431
0.129652 -0.038864 0.631517
0.139226 -0.019406 0.619064
0.135143 -0.026673 0.618760
0.134991 -0.034217 0.619615
0.131821 -0.036403 0.636785
0.145394 -0.026985 0.627909
0.129041 -0.040419 0.635916
0.134904 -0.025601 0.626943
0.133727 -0.028663 0.626146
0.125500 -0.023743 0.634301
0.141024 -0.026991 0.629761
0.131172 -0.026981 0.629935
0.133147 -0.033358 0.632934
0.134933 -0.028674 0.619649
0.128555 -0.036480 0.624384
0.139770 -0.037008 0.622448
0.126803 -0.031693 0.634838
0.130076 -0.031540 0.626846
0.124308 -0.029646 0.642731
0.123302 -0.022810 0.635966
0.143146 -0.030667 0.626789
0.127156 -0.031968 0.632520
0.124421 -0.033432 0.625956
0.124921 -0.020734 0.641189
0.130162 -0.025115 0.637660
0.128495 -0.023142 0.633884
0.120771 -0.029756 0.636912
0.118782 -0.028448 0.626275
0.125200 -0.024891 0.643164
0.131165 -0.026908 0.637327
0.135875 -0.015559 0.643423
0.120977 -0.030258 0.633580
0.120141 -0.022724 0.640400
0.131037 -0.019831 0.639808
0.129128 -0.037542 0.636804
0.123597 -0.028068 0.632310
0.115174 -0.025166 0.630931
0.125184 -0.021866 0.559267
0.128524 -0.035250 0.569433
0.129130 -0.026757 0.561403
0.123743 -0.028903 0.562907
0.127838 -0.028170 0.562355
0.122461 -0.024985 0.561603
0.120541 -0.023727 0.571078
0.121351 -0.030014 0.570176
0.120669 -0.041846 0.579650
0.122181 -0.032003 0.566588
0.120251 -0.034037 0.553913
0.132832 -0.032495 0.567245
0.120564 -0.023689 0.564734
0.124149 -0.019593 0.561947
0.126506 -0.017424 0.570394
0.130922 -0.029150 0.560425
0.129174 -0.028958 0.569089
0.127211 -0.015434 0.576966
0.130938 -0.029094 0.578569
0.113602 -0.029602 0.570793
0.128617 -0.033642 0.573478
0.143159 -0.023988 0.578792
0.134041 -0.019110 0.563759
0.123553 -0.025509 0.565211
0.134597 -0.031452 0.575747
0.137969 -0.025207 0.574219
0.135084 -0.024020 0.574979
0.132211 -0.028954 0.582368
0.136782 -0.023957 0.564804
0.130244 -0.022755 0.572970
0.130667 -0.027404 0.574717
0.129385 -0.018584 0.572108
0.133868 -0.032883 0.563871
0.124916 -0.014579 0.571081
0.143074 -0.017226 0.568896
0.126385 -0.030645 0.573759
0.133485 -0.024221 0.570605
0.129907 -0.021917 0.584062
0.131319 -0.031039 0.574445
0.136241 -0.010707 0.573721
0.135149 -0.028929 0.580941
0.140069 -0.028621 0.583423
0.137162 -0.018295 0.578787
0.121332 -0.030535 0.579501
0.140886 -0.021281 0.571766
0.143735 -0.018702 0.577433
0.138670 -0.022307 0.570454
0.133105 -0.017581 0.585025
0.126722 -0.031696 0.583027
0.149191 -0.022941 0.582231
0.130609 -0.020437 0.589038
0.145885 -0.023286 0.579628
0.137667 -0.041167 0.581783
0.132106 -0.026113 0.585279
0.139797 -0.020923 0.588630
0.146161 -0.027564 0.577459
0.143133 -0.029156 0.587888
0.132927 -0.022332 0.576428
0.134560 -0.038045 0.592955
0.146534 -0.023118 0.584459
0.141740 -0.020917 0.575635
0.141610 -0.018996 0.586251
0.141560 -0.026372 0.586212
0.145190 -0.025891 0.584270
0.136562 -0.036924 0.583423
0.145094 -0.025160 0.580996
0.144430 -0.025519 0.581363
0.144355 -0.020989 0.590259
0.144543 -0.022446 0.596875
0.144993 -0.015958 0.589467
0.133974 -0.030740 0.590091
0.135966 -0.024969 0.593199
0.145292 -0.025985 0.580202
0.138078 -0.022903 0.592505
0.143759 -0.032109 0.590487
0.142901 -0.028152 0.599387
0.142590 -0.016100 0.594643
0.140589 -0.030072 0.589611
0.135735 -0.032022 0.594607
0.125624 -0.023592 0.591796
0.149921 -0.033136 0.600109
0.136114 -0.021028 0.597643
0.161936 -0.021261 0.583848
0.139363 -0.026072 0.603883
0.137621 -0.020040 0.596328
0.134088 -0.010631 0.591196
0.139378 -0.018752 0.592142
0.144343 -0.015199 0.587006
0.142953 -0.022111 0.593517
0.155920 -0.014669 0.600254
0.146897 -0.029739 0.600213
0.146713 -0.026506 0.591763
0.140273 -0.027448 0.604338
0.143443 -0.021737 0.599364
0.135904 -0.018426 0.609815
0.133149 -0.025236 0.600581
0.144798 -0.028792 0.597617
0.142910 -0.025846 0.604724
0.135502 -0.024319 0.602586
0.144254 -0.018960 0.605155
0.134742 -0.023179 0.612640
0.147678 -0.020658 0.598996
0.141847 -0.028775 0.601695
0.141374 -0.019665 0.607436
0.154502 -0.029256 0.610952
0.151393 -0.009935 0.606949
0.144297 -0.031966 0.614461
0.148479 -0.021508 0.611607
0.141197 -0.021456 0.610861
0.143019 -0.028551 0.611294
0.147370 -0.021576 0.616097
0.132140 -0.029891 0.614073
0.135833 -0.022211 0.610844
0.135313 -0.027388 0.604029
0.146043 -0.023743 0.609851
0.146088 -0.020580 0.610265
0.142013 -0.011265 0.606009
0.134375 -0.020964 0.622903
0.151388 -0.023010 0.616673
0.133292 -0.027012 0.616228
0.146874 -0.021175 0.625333
0.142496 -0.021809 0.612761
0.133116 -0.022516 0.611378
0.137964 -0.028664 0.618758
0.127426 -0.024224 0.601202
0.140751 -0.018687 0.616529
0.143456 -0.031166 0.622956
0.141622 -0.025203 0.621500
0.145294 -0.015226 0.616929
0.137862 -0.038062 0.610918
0.141020 -0.030175 0.608976
0.132189 -0.034854 0.633089
0.134356 -0.015831 0.629541
0.136811 -0.019356 0.615188
0.142033 -0.025524 0.627304
0.141691 -0.017662 0.624143
0.138102 -0.025345 0.630409
0.136785 -0.030146 0.621068
0.126239 -0.022159 0.625881
0.134219 -0.020986 0.626260
0.131159 -0.023921 0.632715
0.124894 -0.029444 0.635214
0.125063 -0.025194 0.623777
0.135217 -0.025100 0.631343
0.141922 -0.025835 0.607535
0.127368 -0.031399 0.621624
0.129866 -0.023080 0.630651
0.133688 -0.024829 0.614495
0.123037 -0.019565 0.620828
0.133428 -0.020075 0.625166
0.130141 -0.024646 0.626841
0.138901 -0.022756 0.628483
0.132366 -0.017513 0.628722
0.130348 -0.034119 0.634083
0.140505 -0.027499 0.621035
0.127645 -0.016493 0.624452
0.137997 -0.029224 0.630487
0.125620 -0.030800 0.629548
0.129693 -0.025530 0.638648
0.119000 -0.025461 0.637233
0.128646 -0.013787 0.618239
0.125411 -0.016432 0.638238
0.123092 -0.038099 0.636254
0.118298 -0.025496 0.639564
0.130938 -0.024480 0.629983
0.131248 -0.021096 0.635617
0.136611 -0.029271 0.629647
0.130924 -0.027006 0.640108
0.128065 -0.026339 0.619357
0.129440 -0.031921 0.639392
0.124830 -0.019970 0.638082
0.119299 -0.014240 0.635749
0.124045 -0.020111 0.622900
0.126319 -0.029115 0.631143
0.128204 -0.029684 0.640729
0.127596 -0.022694 0.627570
0.118252 -0.023397 0.636085
0.119119 -0.030777 0.637556
0.113544 -0.019110 0.643239
0.126191 -0.022375 0.633896
0.120726 -0.023925 0.559306
0.125874 -0.019786 0.565228
0.124663 -0.015372 0.566626
0.116074 -0.008444 0.559784
0.118083 -0.030191 0.566010
0.123361 -0.024076 0.563217
0.137188 -0.007468 0.559082
0.126914 -0.018373 0.566069
0.122870 -0.018725 0.565804
0.115525 -0.025489 0.566161
0.130595 -0.022994 0.568916
0.117295 -0.015052 0.565337
0.114389 -0.006243 0.560708
0.126153 -0.022145 0.567147
0.128716 -0.009376 0.574130
0.130810 -0.017818 0.565603
0.114799 -0.020331 0.565980
0.135558 -0.023545 0.566162
0.127470 -0.015503 0.566656
0.133956 -0.022554 0.564041
0.129242 -0.018976 0.560041
0.128138 -0.027220 0.562868
0.133764 -0.016525 0.571784
0.123668 -0.024352 0.563492
0.136308 -0.018691 0.565673
0.127142 -0.021765 0.571499
0.134763 -0.014549 0.561482
0.127156 -0.028117 0.576486
0.133273 -0.024231 0.577455
0.120268 -0.021993 0.573139
0.134003 -0.026270 0.566425
0.124851 -0.024274 0.580458
0.132783 -0.029793 0.585191
0.142983 -0.016096 0.557878
0.131582 -0.008938 0.576121
0.139513 -0.031034 0.565152
0.121693 -0.026010 0.589452
0.143171 -0.014070 0.573958
0.140161 -0.026596 0.573306
0.134898 -0.019290 0.565971
0.138592 -0.016705 0.579725
0.138565 -0.025644 0.569802
0.136037 -0.016942 0.588746
0.127798 -0.026537 0.579287
0.144515 -0.015851 0.572953
0.139525 -0.025437 0.581023
0.137093 -0.021147 0.578035
0.133220 -0.028067 0.575547
0.137171 -0.024903 0.571790
0.147854 -0.025617 0.585067
0.138327 -0.013464 0.580705
0.134517 -0.024068 0.575145
0.134407 -0.015081 0.585752
0.138480 -0.035250 0.575136
0.134667 -0.029461 0.588040
0.140898 -0.034287 0.581163
0.137099 -0.021716 0.586995
0.136450 -0.027167 0.588424
0.145563 -0.029329 0.581748
0.136114 -0.020005 0.578772
0.125547 -0.018436 0.571776
0.151477 -0.023969 0.596415
0.139073 -0.009754 0.587506
0.137846 -0.026519 0.583747
0.147380 -0.026828 0.585088
0.145577 -0.013401 0.600474
0.140356 -0.015944 0.584687
0.138284 -0.031059 0.591481
0.133809 -0.030358 0.579483
0.139516 -0.024894 0.581163
0.145643 -0.019603 0.599385
0.129008 -0.018797 0.595882
0.138216 -0.019080 0.591487
0.145103 -0.024806 0.589246
0.137758 -0.016486 0.595715
0.148578 -0.026223 0.593579
0.145932 -0.026291 0.597487
0.151936 -0.024156 0.590152
0.134885 -0.021199 0.594847
0.138276 -0.019132 0.600771
0.149847 -0.024529 0.595623
0.132587 -0.027806 0.589923
0.150883 -0.019326 0.600238
0.139287 -0.042637 0.589613
0.135681 -0.021641 0.597474
0.134042 -0.016182 0.595044
0.140266 -0.021350 0.605155
0.150605 -0.028465 0.600137
0.145612 -0.016289 0.599483
0.147355 -0.022065 0.602972
0.134502 -0.017989 0.608539
0.150939 -0.016950 0.604633
0.135086 -0.027032 0.602716
0.139356 -0.021495 0.602621
0.146694 -0.031379 0.601204
0.154877 -0.022426 0.603680
0.143848 -0.020226 0.609725
0.139914 -0.028564 0.595586
0.153539 -0.028370 0.600775
0.151931 -0.019580 0.598559
0.138275 -0.012509 0.606589
0.140627 -0.022469 0.610008
0.136185 -0.007297 0.603179
0.138361 -0.028470 0.612249
0.148762 -0.015867 0.605934
0.139779 -0.014089 0.603952
0.134514 -0.027679 0.611705
0.132824 -0.029159 0.611014
0.141138 -0.029137 0.606465
0.148072 -0.023808 0.610157
0.137312 -0.022531 0.606363
0.137146 -0.021914 0.618078
0.131607 -0.027655 0.617971
0.129833 -0.019257 0.616176
0.151343 -0.008728 0.608933
0.150266 -0.020985 0.601755
0.142334 -0.019661 0.618320
0.137758 -0.024250 0.616174
0.146577 -0.011058 0.616995
0.134929 -0.020709 0.627956
0.143915 -0.017391 0.614331
0.139447 -0.029554 0.619567
0.132418 -0.018753 0.617330
0.150754 -0.009009 0.616936
0.143912 -0.017398 0.619056
0.138698 -0.014824 0.614327
0.140989 -0.023929 0.613572
0.134200 -0.017607 0.613421
0.131512 -0.028827 0.609363
0.136685 -0.020457 0.622348
0.129187 -0.025020 0.628523
0.151425 -0.022182 0.618890
0.137008 -0.024237 0.619647
0.143855 -0.016976 0.612830
0.135120 -0.018850 0.629006
0.146330 -0.029013 0.633037
0.133780 -0.022204 0.611965
0.139980 -0.016939 0.611988
0.138008 -0.019621 0.622241
0.142939 -0.030450 0.623092
0.143118 -0.028518 0.620862
0.131233 -0.010067 0.638313
0.139756 -0.015089 0.619666
0.137802 -0.015062 0.625439
0.135735 -0.030985 0.619907
0.124280 -0.022639 0.641344
0.131265 -0.027238 0.627992
0.131978 -0.017542 0.618826
0.136365 -0.019510 0.622750
0.138196 -0.028533 0.629326
0.124088 -0.012307 0.626427
0.128594 -0.027954 0.636876
0.130307 -0.029137 0.617457
0.125300 -0.029367 0.621487
0.123457 -0.010268 0.627111
0.131610 -0.021764 0.634828
0.127568 -0.017912 0.634444
0.127392 -0.025875 0.625449
0.129656 -0.026381 0.624818
0.134657 -0.026306 0.624037
0.122890 -0.019907 0.629205
0.132967 -0.015882 0.634906
0.123385 -0.015314 0.621895
0.139660 -0.022221 0.634146
0.132848 -0.014983 0.633346
0.129077 -0.017123 0.635438
0.124737 -0.014940 0.625941
0.116297 -0.016968 0.636013
0.124673 -0.012466 0.626834
0.114480 -0.023917 0.632852
0.124764 -0.019160 0.636909
0.115733 -0.015099 0.632982
0.118155 -0.026942 0.627592
0.124297 -0.027512 0.641870
0.116435 -0.026418 0.642639
0.124343 -0.006572 0.642167
0.124761 -0.011495 0.625671
0.121849 -0.018233 0.632644
0.113700 -0.019275 0.634046
0.121445 -0.020894 0.631049
0.128405 -0.029788 0.558897
0.121889 -0.025334 0.564910
0.106547 -0.017611 0.566086
0.113560 -0.013678 0.561679
0.121441 -0.021477 0.567458
0.125210 -0.016568 0.575774
0.116124 -0.022469 0.573234
0.133554 -0.020479 0.553403
0.119775 -0.019642 0.567513
0.122235 -0.019415 0.578068
0.123446 -0.011123 0.565891
0.130130 -0.019422 0.562887
0.127018 -0.020975 0.567495
0.112782 -0.005710 0.577450
0.136695 -0.020763 0.567306
0.127948 -0.021343 0.565235
0.135837 -0.015275 0.568582
0.118008 -0.013094 0.560900
0.118496 -0.011930 0.570238
0.132981 -0.003153 0.567157
0.127062 -0.011828 0.581550
0.123283 -0.015138 0.569081
0.127722 -0.018039 0.573368
0.131963 -0.010651 0.582401
0.130077 -0.017184 0.570598
0.126087 -0.013605 0.578337
0.135387 -0.033264 0.567362
0.139048 -0.020109 0.569324
0.143112 -0.022815 0.569790
0.134321 -0.014102 0.578476
0.140818 -0.011807 0.579877
0.129095 -0.028574 0.566555
0.132329 -0.011241 0.580452
0.144247 -0.011292 0.574134
0.126206 -0.036762 0.581522
0.140262 -0.028122 0.576082
0.130029 -0.010439 0.583215
0.133987 -0.019402 0.578644
0.140741 -0.027341 0.578413
0.144705 -0.016293 0.577772
0.124023 -0.023884 0.568818
0.144402 -0.011068 0.571046
0.152174 -0.025177 0.572648
0.139346 -0.020498 0.568419
0.139552 -0.002013 0.575623
0.136517 -0.028663 0.584087
0.126761 -0.013257 0.580216
0.145770 -0.020660 0.576998
0.145866 -0.033477 0.581051
0.127560 -0.011934 0.594887
0.139661 -0.024594 0.575946
0.138127 -0.018942 0.585216
0.150417 -0.025255 0.586110
0.144494 -0.029587 0.584904
0.139983 -0.006117 0.583864
0.137624 -0.008315 0.580186
0.133248 -0.026374 0.577358
0.133588 -0.011366 0.581685
0.139617 -0.017067 0.581539
0.132496 -0.013558 0.576192
0.136716 -0.013956 0.583837
0.144987 -0.010977 0.602292
0.142606 -0.024969 0.580496
0.139261 -0.034150 0.583719
0.133746 -0.017545 0.586073
0.133937 -0.025269 0.584527
0.149162 -0.014911 0.591174
0.142213 -0.011795 0.589630
0.147341 -0.015366 0.585557
0.133607 -0.012304 0.581388
0.133664 -0.023488 0.590196
0.138781 -0.019521 0.583972
0.138842 -0.019523 0.602496
0.153386 -0.026416 0.588210
0.135509 -0.017073 0.592465
0.142754 -0.022513 0.604298
0.145518 -0.012934 0.598404
0.145257 -0.015690 0.594281
0.144683 -0.006975 0.585554
0.143935 -0.016001 0.593455
0.136007 -0.013970 0.597515
0.133488 -0.021658 0.593006
0.146344 -0.023299 0.603173
0.132671 -0.013657 0.601571
0.122481 -0.007197 0.601221
0.144307 -0.014789 0.589144
0.148870 -0.010949 0.595633
0.144063 -0.025403 0.596456
0.152484 -0.012613 0.587121
0.146794 -0.018570 0.609650
0.147112 -0.008877 0.604519
0.140850 -0.012625 0.602916
0.138372 -0.027649 0.599926
0.140309 -0.021634 0.600514
0.143066 -0.006932 0.604151
0.132910 -0.014654 0.612800
0.145070 -0.037057 0.599885
0.146222 -0.020718 0.597228
0.138638 -0.019440 0.601744
0.150856 -0.018479 0.600767
0.148913 -0.012789 0.603090
0.163012 -0.020459 0.608487
0.135918 -0.020708 0.615340
0.140976 -0.022952 0.612947
0.151458 -0.012714 0.609655
0.151054 -0.026884 0.608584
0.134892 -0.028463 0.610475
0.138095 -0.022333 0.603205
0.143931 -0.014770 0.614069
0.146022 -0.018795 0.608308
0.144689 -0.006470 0.618574
0.152096 -0.012463 0.608392
0.147314 -0.023045 0.611432
0.141726 -0.018832 0.619589
0.144005 -0.019724 0.614818
0.147071 -0.018469 0.615045
0.141599 -0.017138 0.611380
0.143508 -0.024980 0.608392
0.146674 -0.012296 0.621240
0.130635 -0.020927 0.620291
0.141913 -0.019400 0.612878
0.142290 -0.022544 0.609703
0.146878 -0.019627 0.614472
0.139783 -0.018740 0.613173
0.134910 -0.010693 0.616288
0.137890 -0.020065 0.616638
0.134104 -0.015207 0.612327
0.142788 -0.020010 0.615033
0.136783 -0.012616 0.609944
0.142088 -0.019763 0.608513
0.134860 -0.023630 0.621215
0.131088 -0.025360 0.615392
0.130236 -0.018107 0.616202
0.140913 -0.026068 0.630510
0.132539 -0.024471 0.614155
0.119565 -0.027487 0.625676
0.140264 -0.017662 0.631988
0.125779 -0.024817 0.630832
0.137189 -0.016255 0.632161
0.147018 -0.008558 0.628461
0.141605 -0.014678 0.618623
0.130553 -0.019991 0.620578
0.135606 -0.023863 0.624183
0.139977 -0.025149 0.623062
0.136469 -0.009676 0.628083
0.129750 -0.023930 0.622892
0.120168 -0.015559 0.635714
0.132124 -0.020483 0.631004
0.138704 -0.021268 0.634883
0.141011 -0.017853 0.634290
0.129902 -0.023953 0.632143
0.132425 -0.014813 0.617938
0.140687 -0.014752 0.622365
0.137771 -0.019110 0.625192
0.124618 -0.018181 0.621225
0.130609 -0.007315 0.632187
0.139433 -0.023923 0.634066
0.132929 -0.018193 0.628050
0.132965 -0.017615 0.641965
0.131116 -0.011203 0.638049
0.138587 -0.018144 0.639973
0.123887 -0.011009 0.633062
0.133144 -0.023316 0.623236
0.125905 -0.018455 0.631716
0.127108 -0.021864 0.642308
0.123294 -0.016099 0.627674
0.129911 -0.018740 0.631191
0.123118 -0.026075 0.634025
0.133303 -0.013112 0.625997
0.126113 -0.011195 0.634617
0.117428 -0.028813 0.633492
0.122375 -0.010649 0.638025
0.120119 -0.016428 0.627667
0.119484 -0.023369 0.627960
0.124218 -0.019311 0.642023
0.125100 -0.018273 0.638080
0.116576 -0.016953 0.642918
0.128098 -0.023105 0.636708
0.126666 0.002448 0.636469
0.119607 -0.010952 0.646230
0.113536 -0.012528 0.564782
0.119456 -0.010374 0.564213
0.119775 -0.001235 0.571197
0.122523 -0.018237 0.565894
0.125346 -0.016723 0.563789
0.120640 -0.011988 0.557953
0.123716 -0.011908 0.562302
0.123818 -0.017085 0.572324
0.129073 -0.002113 0.569808
0.113585 -0.012662 0.565370
0.131492 -0.016452 0.558227
0.126399 -0.022802 0.571275
0.122111 -0.005616 0.571281
0.127345 -0.016855 0.566464
0.132659 -0.010726 0.573192
0.132746 -0.023603 0.560243
0.125053 -0.007695 0.564408
0.123236 -0.003735 0.567998
0.127538 -0.007823 0.559883
0.126344 -0.018184 0.574649
0.134039 -0.020068 0.566065
0.125637 -0.013503 0.577249
0.127438 -0.013784 0.576621
0.132306 -0.019562 0.569269
0.128055 -0.010314 0.583269
0.137479 -0.011332 0.576266
0.135430 -0.011435 0.572359
0.133326 -0.018340 0.587628
0.122745 -0.021336 0.567386
0.132891 -0.017991 0.570955
0.120348 -0.015072 0.566521
0.132103 -0.010242 0.564729
0.130046 -0.008643 0.583118
0.136442 -0.002822 0.579330
0.129270 -0.013064 0.578204
0.132741 -0.016003 0.587915
0.138903 -0.017265 0.570592
0.125364 -0.005944 0.568998
0.139395 -0.021105 0.581840
0.132987 -0.017377 0.582014
0.133251 -0.009174 0.581093
0.128373 -0.011425 0.577309
0.130639 -0.000844 0.576507
0.144560 -0.020556 0.574756
0.132770 -0.020127 0.575890
0.131802 -0.006997 0.576482
0.144017 -0.025915 0.573674
0.140774 -0.012255 0.573614
0.141884 -0.020524 0.584788
0.143956 -0.015925 0.582045
0.145344 -0.008371 0.595617
0.129559 -0.008332 0.585076
0.139661 -0.022264 0.585937
0.149556 -0.019034 0.575723
0.142593 -0.012488 0.589485
0.140397 -0.014575 0.575590
0.138746 -0.014003 0.590490
0.142903 -0.016854 0.584466
0.146927 -0.005492 0.601165
0.148694 -0.012792 0.576558
0.136892 -0.022345 0.575163
0.136108 -0.016377 0.589350
0.138899 -0.020848 0.583343
0.134485 -0.017606 0.583630
0.137903 -0.013495 0.594384
0.147081 -0.013675 0.589268
0.141696 -0.012783 0.591383
0.141258 -0.012106 0.576554
0.147044 -0.019311 0.586683
0.148206 -0.013419 0.584548
0.146901 -0.011595 0.574788
0.151574 -0.011974 0.583907
0.143187 -0.019158 0.590053
0.149727 -0.007254 0.598913
0.139844 -0.017770 0.594890
0.143716 -0.011158 0.589195
0.146937 -0.014848 0.593238
0.132643 -0.018108 0.591956
0.136213 -0.017119 0.598832
0.139401 -0.010790 0.605173
0.141930 -0.009502 0.591743
0.143536 -0.020685 0.591729
0.138536 -0.006921 0.588903
0.141607 -0.011359 0.591464
0.135620 -0.016620 0.597270
0.143836 -0.013463 0.596784
0.139826 -0.009092 0.603125
0.146079 -0.018054 0.591035
0.135264 -0.009311 0.607664
0.148201 -0.018875 0.600180
0.147098 -0.024849 0.592903
0.142673 -0.011126 0.591377
0.138440 -0.016880 0.604647
0.148120 -0.013348 0.601128
0.143110 -0.012165 0.610034
0.143843 -0.009785 0.601177
0.146188 -0.014307 0.615748
0.131506 -0.019409 0.594027
0.139121 -0.015993 0.605807
0.147600 -0.020264 0.609100
0.136045 -0.016700 0.610707
0.126106 -0.020638 0.619590
0.141035 -0.018007 0.615837
0.139648 -0.004319 0.611696
0.140514 -0.006701 0.600246
0.147528 -0.015291 0.608967
0.135177 -0.009643 0.597613
0.140692 -0.016352 0.607681
0.143080 -0.017318 0.606485
0.149506 -0.023554 0.616893
0.144289 -0.014856 0.614143
0.133182 -0.004236 0.615503
0.137122 -0.015197 0.614650
0.146509 -0.013788 0.608062
0.139133 -0.016543 0.618198
0.137509 -0.026262 0.618470
0.135299 -0.025214 0.606860
0.131414 -0.020501 0.616593
0.144457 -0.013463 0.621997
0.133964 -0.012373 0.613814
0.146692 -0.016317 0.607324
0.141011 -0.004650 0.616976
0.141512 -0.004461 0.617825
0.141379 -0.002230 0.613717
0.137211 -0.004517 0.627808
0.136226 -0.015671 0.610299
0.133962 -0.011913 0.621309
0.135971 -0.014340 0.611658
0.141380 -0.015416 0.618314
0.149458 -0.012370 0.622672
0.138623 -0.020187 0.618682
0.136961 -0.021690 0.626925
0.137129 -0.015200 0.620425
0.135116 0.000870 0.634340
0.132909 -0.021938 0.626752
0.131031 -0.013094 0.617577
0.133249 -0.015327 0.620444
0.131619 -0.009079 0.609340
0.136150 -0.017742 0.624556
0.130770 -0.009127 0.631739
0.141101 -0.016453 0.626890
0.142080 -0.005793 0.618673
0.134612 -0.031509 0.633111
0.138409 -0.014008 0.612824
0.131381 -0.015316 0.620414
0.121114 -0.013220 0.618542
0.135588 -0.009183 0.629574
0.129131 -0.014069 0.632723
0.137514 -0.002490 0.625555
0.135916 -0.016344 0.622848
0.133955 -0.021548 0.639060
0.133111 -0.014533 0.629127
0.139978 -0.027776 0.626987
0.129612 -0.025415 0.633623
0.136856 -0.021755 0.633932
0.140506 -0.013663 0.613959
0.120797 -0.012895 0.616800
0.130907 -0.017420 0.637500
0.131440 -0.012489 0.632536
0.131195 -0.028648 0.634019
0.127535 -0.016265 0.620934
0.124967 -0.007049 0.631661
0.124255 -0.018664 0.635134
0.130498 -0.012217 0.641934
0.129672 -0.007206 0.636067
0.124878 -0.017169 0.624544
0.127160 -0.008053 0.627025
0.114931 -0.012513 0.639876
0.124774 -0.012993 0.633133
0.126368 -0.006454 0.623473
0.126471 -0.020477 0.636350
0.135485 -0.011809 0.633155
0.119682 -0.010749 0.638518
0.123582 -0.020773 0.632306
0.112243 -0.012049 0.631075
0.119467 -0.018215 0.628810
0.120674 -0.005458 0.628316
0.122710 -0.029915 0.628719
0.119590 -0.015197 0.637143
0.117623 -0.008322 0.635069
0.122677 -0.006795 0.571274
0.118430 -0.001600 0.571289
0.132087 -0.015774 0.566394
0.129174 -0.005118 0.568330
0.121172 -0.006531 0.568547
0.120677 -0.013774 0.570221
0.118995 -0.003956 0.569436
0.126714 -0.005689 0.563686
0.120476 -0.020541 0.567437
0.133175 -0.005298 0.564441
0.123776 -0.007256 0.567520
0.123732 -0.011416 0.561716
0.122502 -0.007485 0.561935
0.133867 -0.010269 0.576714
0.135042 -0.017061 0.560253
0.128824 -0.006872 0.562053
0.135352 0.000926 0.569670
0.118777 -0.004196 0.563055
0.127176 -0.018841 0.569151
0.128538 -0.012719 0.564525
0.131285 -0.005119 0.568284
0.127224 -0.010791 0.563485
0.131483 -0.010886 0.576035
0.123523 -0.005692 0.572989
0.120048 -0.007902 0.563132
0.121848 -0.025169 0.570817
0.127579 -0.013189 0.582391
0.126145 -0.014050 0.570973
0.132485 -0.007284 0.555252
0.126027 -0.008443 0.562310
0.128451 -0.007231 0.570947
0.137656 -0.020986 0.577120
0.118028 -0.007058 0.576981
0.131700 -0.018171 0.577220
0.137853 -0.004882 0.564703
0.126232 -0.007683 0.576014
0.128408 -0.014908 0.582861
0.118700 -0.021804 0.582821
0.129349 -0.016676 0.572889
0.129859 -0.016554 0.568570
0.124471 -0.009866 0.578442
0.140017 -0.011094 0.581967
0.131093 -0.004844 0.583736
0.130647 -0.000985 0.587109
0.134845 -0.018097 0.581147
0.136949 -0.017638 0.576557
0.134892 -0.011912 0.579767
0.136796 -0.021451 0.583844
0.138549 -0.018759 0.574795
0.136154 -0.012801 0.585848
0.131664 -0.024925 0.585889
0.130784 -0.010287 0.583265
0.133669 -0.008913 0.585637
0.137184 -0.012750 0.572936
0.138529 -0.007698 0.584946
0.139854 -0.004908 0.581814
0.141548 -0.015123 0.585641
0.128010 -0.013093 0.577141
0.138399 -0.009442 0.588300
0.141809 -0.010551 0.588774
0.138476 -0.013774 0.592203
0.144540 -0.005987 0.590971
0.124258 -0.016842 0.587460
0.132580 -0.013229 0.594667
0.139288 -0.008965 0.587409
0.141289 -0.002745 0.586378
0.134653 -0.005422 0.591873
0.144782 -0.004419 0.589896
0.145052 -0.004623 0.591861
0.139056 -0.007154 0.589087
0.142807 -0.024054 0.585712
0.142464 -0.019805 0.584454
0.152384 -0.007071 0.591409
0.139045 -0.008050 0.596566
0.139753 -0.002722 0.585674
0.134292 -0.000566 0.582951
0.151396 0.002048 0.586026
0.144447 -0.002478 0.589799
0.141507 -0.008262 0.592870
0.141205 -0.021345 0.598064
0.134420 -0.009919 0.606148
0.148342 -0.008306 0.600363
0.144199 -0.013139 0.602184
0.148184 -0.012223 0.595523
0.148683 -0.009142 0.603324
0.141905 0.002548 0.596168
0.149433 -0.013627 0.603387
0.139680 -0.004521 0.597645
0.128129 -0.009367 0.599581
0.143150 -0.009960 0.600096
0.135742 -0.012280 0.601462
0.139422 -0.003814 0.605315
0.141786 -0.007345 0.595928
0.141343 -0.014780 0.602921
0.141302 -0.001237 0.594721
0.152549 -0.017213 0.596228
0.138870 -0.006107 0.601444
0.134011 -0.026279 0.610549
0.139195 0.000614 0.601210
0.144723 -0.014535 0.607962
0.132045 -0.009872 0.611868
0.145257 -0.009592 0.606314
0.143187 -0.013876 0.612525
0.136132 -0.009550 0.598193
0.133288 -0.013238 0.603274
0.137536 -0.008176 0.607296
0.140286 -0.016343 0.602562
0.135392 -0.020789 0.602972
0.141184 -0.006877 0.603435
0.135682 -0.021718 0.616976
0.138269 -0.008185 0.604708
0.142250 -0.015719 0.611859
0.141285 -0.002668 0.610766
0.131867 -0.002809 0.612898
0.145083 -0.015226 0.619836
0.159014 -0.012190 0.606863
0.154963 -0.014479 0.601695
0.130593 -0.010361 0.620622
0.140911 -0.008825 0.618075
0.144612 -0.010982 0.620166
0.136228 -0.012851 0.599114
0.141285 -0.008742 0.611710
0.144919 -0.010383 0.617320
0.135141 -0.003193 0.625416
0.132818 -0.012447 0.602417
0.142887 -0.018959 0.619011
0.140075 0.003143 0.614699
0.140552 -0.011056 0.629268
0.130940 -0.010896 0.613128
0.137400 -0.010233 0.614923
0.137925 -0.011037 0.624241
0.131259 -0.003626 0.605221
0.135135 -0.006562 0.614027
0.133872 -0.009866 0.625071
0.124055 -0.013214 0.627643
0.150301 -0.013324 0.632572
0.138729 -0.014619 0.616644
0.139816 -0.003109 0.619596
0.134313 -0.006769 0.634724
0.138496 -0.012467 0.623185
0.134671 -0.018757 0.625486
0.138790 -0.013731 0.636084
0.131815 -0.007555 0.629185
0.134634 -0.013096 0.610387
0.132770 -0.007054 0.629821
0.136485 -0.017611 0.622309
0.129188 -0.007991 0.641378
0.129152 -0.008663 0.631620
0.125703 -0.013614 0.633458
0.129437 -0.009135 0.626301
0.132360 -0.013725 0.623252
0.136029 -0.007464 0.626938
0.126851 -0.020537 0.626617
0.131432 -0.021252 0.631794
0.136679 -0.009751 0.640049
0.135841 -0.011895 0.623182
0.123957 -0.012100 0.624098
0.133570 -0.009025 0.635423
0.127078 -0.003170 0.641347
0.130992 -0.020188 0.636303
0.133676 -0.003682 0.623062
0.135200 -0.024088 0.638416
0.135932 -0.000999 0.634493
0.130841 -0.014719 0.621644
0.117904 -0.022960 0.630154
0.133062 -0.012195 0.640312
0.121164 -0.011832 0.635785
0.131090 -0.022548 0.635442
0.127355 -0.014447 0.641823
0.122347 -0.000581 0.641130
0.130039 -0.007512 0.619173
0.129643 -0.002017 0.644820
0.123642 -0.012428 0.633254
0.116905 -0.009899 0.624816
0.122810 -0.017572 0.639206
0.114474 -0.001053 0.649341
0.124288 -0.006798 0.639640
0.124401 -0.014856 0.639024
0.127281 -0.011515 0.635816
0.119766 -0.024225 0.632253
0.130608 -0.003522 0.550861
0.116380 -0.007485 0.566378
0.126873 -0.019565 0.569955
0.126432 -0.011471 0.562917
0.125952 -0.000599 0.567388
0.110718 -0.006766 0.566375
0.122426 -0.019173 0.570157
0.120842 -0.014816 0.565468
0.115587 -0.006910 0.568759
0.113700 -0.002211 0.567945
0.129372 -0.017421 0.571012
0.116480 -0.008758 0.566713
0.116585 -0.031589 0.568747
0.130462 -0.004744 0.576750
0.133538 -0.004053 0.560771
0.128509 -0.015418 0.560284
0.130484 -0.011629 0.562992
0.131667 -0.009480 0.559665
0.124469 -0.009161 0.559654
0.130044 0.009960 0.563833
0.118128 -0.009797 0.563944
0.130396 -0.004701 0.562270
0.130977 -0.016633 0.569074
0.116889 -0.005218 0.571763
0.116704 -0.004402 0.569924
0.127184 -0.008899 0.569005
0.126268 -0.022563 0.562835
0.133304 -0.013213 0.571889
0.132885 -0.011117 0.571206
0.128838 -0.008647 0.574113
0.136658 0.001478 0.573222
0.133856 0.001320 0.570213
0.147311 -0.004618 0.576472
0.126737 -0.011065 0.581024
0.130164 -0.018004 0.571209
0.136340 -0.014985 0.582714
0.132055 -0.008387 0.573366
0.130298 -0.005979 0.566831
0.133176 -0.012031 0.572486
0.126837 -0.011210 0.585235
0.125874 -0.002506 0.573222
0.146676 -0.015808 0.569883
0.144044 -0.015666 0.578001
0.135556 -0.004711 0.580424
0.149022 -0.007835 0.584284
0.139554 -0.020611 0.586117
0.135833 0.003486 0.573556
0.126603 0.001436 0.575635
0.132944 -0.001077 0.571784
0.133640 -0.005547 0.577285
0.144720 -0.002722 0.586868
0.132683 -0.012927 0.582884
0.147557 -0.013468 0.583703
0.130073 -0.005306 0.592222
0.136633 -0.011077 0.584714
0.139531 -0.005404 0.595345
0.131166 0.001833 0.586764
0.138661 -0.011026 0.575084
0.145462 -0.003230 0.586589
0.145422 -0.004935 0.596359
0.147348 0.011427 0.586960
0.142769 -0.011461 0.590257
0.134144 -0.002851 0.582506
0.131762 -0.012871 0.587024
0.142975 -0.002430 0.582003
0.135200 -0.007281 0.588875
0.147519 -0.016309 0.598078
0.129793 -0.008234 0.585918
0.139830 -0.007647 0.586259
0.139044 -0.003119 0.585171
0.141548 0.000275 0.595847
0.133289 -0.002100 0.599920
0.132069 -0.011284 0.585772
0.145474 -0.012030 0.591602
0.145691 -0.009041 0.588308
0.145084 -0.009500 0.588715
0.138943 0.000360 0.593598
0.152450 -0.004038 0.594708
0.138665 -0.006292 0.597587
0.147956 -0.010981 0.594581
0.142447 -0.009522 0.602348
0.143447 -0.002904 0.597902
0.141589 -0.005395 0.592960
0.138851 -0.011141 0.601719
0.145817 -0.004117 0.597570
0.139654 -0.005862 0.588230
0.146436 -0.004637 0.594235
0.144825 0.001121 0.596539
0.139743 -0.021475 0.596497
0.145533 -0.009361 0.602456
0.146837 -0.008163 0.608718
0.133426 -0.016317 0.596797
0.130181 -0.009275 0.602659
0.144365 -0.007324 0.602435
0.145795 -0.016144 0.599256
0.145678 -0.002197 0.602608
0.146155 -0.006719 0.599420
0.142039 -0.012805 0.608702
0.141798 -0.009921 0.613427
0.143886 -0.006500 0.602834
0.152329 0.001223 0.595349
0.148353 -0.004125 0.605939
0.136125 -0.013988 0.613368
0.143192 -0.001462 0.597921
0.149892 -0.009281 0.610249
0.142619 -0.011294 0.610358
0.131403 -0.005200 0.614271
0.130436 -0.002999 0.605145
0.131625 -0.010305 0.611199
0.149344 0.001059 0.598339
0.147333 -0.010841 0.617809
0.142630 -0.005817 0.607154
0.137925 -0.004991 0.613579
0.148140 -0.009579 0.618190
0.147010 -0.009432 0.603045
0.138453 -0.000537 0.605800
0.143719 -0.011874 0.610665
0.149587 0.004769 0.619263
0.140134 -0.002384 0.622378
0.131183 -0.006748 0.599204
0.128895 -0.004758 0.601473
0.139006 -0.006035 0.612102
0.133916 0.002119 0.609422
0.138437 -0.010372 0.612186
0.126723 0.002281 0.612856
0.139376 -0.001887 0.612557
0.144476 -0.007123 0.620166
0.144161 -0.019035 0.622318
0.138904 -0.013000 0.618163
0.135991 -0.014502 0.621084
0.138560 -0.005011 0.632550
0.137469 -0.006347 0.623868
0.135165 -0.009700 0.602341
0.144030 -0.005824 0.616327
0.129037 -0.007838 0.629754
0.139545 -0.004488 0.617537
0.135423 -0.006527 0.622745
0.136254 -0.008911 0.624238
0.136838 0.000964 0.629216
0.136491 -0.012281 0.627951
0.132084 -0.005157 0.614085
0.130570 0.003824 0.627911
0.132928 -0.006060 0.619127
0.127351 -0.010155 0.623749
0.138624 -0.008169 0.626521
0.132991 -0.003779 0.627651
0.140858 0.001076 0.620281
0.135301 -0.012727 0.623646
0.128078 -0.000986 0.629587
0.148213 -0.005347 0.624793
0.131098 -0.006008 0.636302
0.124382 -0.009252 0.624608
0.145485 -0.009283 0.629029
0.135729 -0.008314 0.617360
0.135637 0.009441 0.634812
0.124933 -0.016439 0.628229
0.132384 -0.009767 0.625973
0.130455 -0.013637 0.628706
0.132381 -0.015210 0.624719
0.132865 -0.007208 0.635079
0.130436 -0.011518 0.635138
0.130806 -0.005570 0.627365
0.136142 -0.010478 0.643756
0.126747 -0.014127 0.639645
0.123134 -0.015403 0.635780
0.129179 -0.024652 0.637520
0.128359 -0.013009 0.634537
0.126585 -0.012555 0.628480
0.129587 -0.010470 0.642631
0.117133 -0.004201 0.637125
0.109985 -0.003440 0.641156
0.123100 -0.008963 0.625583
0.125771 0.003184 0.632598
0.125476 -0.013745 0.635400
0.125983 -0.008668 0.635852
0.119739 0.004833 0.637251
0.111096 -0.003516 0.638993
0.119009 0.005574 0.638097
0.119284 -0.009336 0.632635
0.112551 -0.003207 0.637081
0.120649 -0.009127 0.564361
0.125501 -0.008892 0.570628
0.119693 -0.001030 0.555248
0.125486 -0.001569 0.565085
0.117134 0.001240 0.561360
0.117606 -0.006201 0.575427
0.123005 -0.007962 0.567155
0.126486 -0.006177 0.563543
0.136413 -0.003022 0.570211
0.127667 -0.007931 0.563001
0.120433 -0.002702 0.560258
0.116322 -0.002577 0.569225
0.121696 -0.009404 0.567373
0.121737 -0.000475 0.562485
0.136392 0.003965 0.564610
0.118700 -0.010034 0.568226
0.121061 -0.009198 0.557116
0.123924 -0.006465 0.565206
0.125299 -0.006756 0.569323
0.119848 -0.015551 0.560548
0.116438 -0.009586 0.573669
0.132076 -0.002954 0.564683
0.137005 -0.003519 0.574602
0.127140 -0.001262 0.575010
0.127185 0.003686 0.573691
0.125967 0.005105 0.578705
0.140609 0.001958 0.572969
0.134984 0.000026 0.575021
0.134734 -0.005070 0.568074
0.135109 -0.006960 0.570230
0.126852 -0.001159 0.573623
0.127586 0.001737 0.569271
0.131213 -0.013082 0.578980
0.136238 -0.006719 0.579453
0.136763 -0.013021 0.566873
0.133931 -0.007747 0.566789
0.126531 -0.005220 0.571371
0.141184 -0.002315 0.567033
0.133032 0.008487 0.572064
0.137811 -0.010440 0.571622
0.140108 -0.006695 0.575289
0.140979 0.002713 0.581027
0.125099 0.005952 0.592635
0.136563 -0.013306 0.580646
0.135210 -0.006880 0.588433
0.133714 -0.006665 0.572541
0.141278 0.001340 0.574594
0.140389 -0.014344 0.575041
0.133382 -0.000774 0.580503
0.139649 -0.007243 0.578886
0.132889 -0.006447 0.583545
0.131104 0.001447 0.583253
0.146383 -0.005558 0.577756
0.146465 -0.004862 0.581608
0.140257 -0.003018 0.589682
0.139400 -0.009663 0.586860
0.142452 0.002249 0.584235
0.129225 -0.006984 0.590521
0.143623 0.000622 0.582068
0.143683 -0.002702 0.583125
0.145092 -0.009650 0.581314
0.138173 -0.013007 0.587368
0.134195 0.000780 0.581080
0.127864 -0.007467 0.598364
0.152950 -0.018027 0.592639
0.138338 -0.011900 0.580634
0.138301 0.001874 0.587410
0.146923 0.003196 0.587667
0.136830 -0.003151 0.591224
0.142633 -0.005793 0.584591
0.136334 -0.001414 0.595572
0.144796 -0.001670 0.588505
0.135461 -0.007772 0.595762
0.133470 -0.003660 0.592185
0.139515 -0.014465 0.594046
0.140963 -0.003562 0.587797
0.139365 -0.005600 0.581607
0.142203 -0.010424 0.593845
0.129100 -0.004717 0.595130
0.136036 -0.016987 0.600930
0.134714 -0.002248 0.596876
0.153313 0.012079 0.592991
0.137878 -0.005198 0.597502
0.151556 -0.012771 0.603392
0.139164 -0.014495 0.594445
0.137785 -0.006990 0.593502
0.139769 -0.007336 0.597795
0.154097 -0.000471 0.603271
0.144163 0.001533 0.592954
0.149079 -0.003487 0.606910
0.156420 -0.004980 0.605490
0.133712 -0.004187 0.595629
0.140511 -0.003236 0.598757
0.138355 -0.012803 0.610517
0.142326 -0.002254 0.598690
0.138279 0.004917 0.611646
0.135469 -0.008982 0.611138
0.148915 0.005576 0.605903
0.137439 -0.009521 0.609162
0.145654 -0.003725 0.607567
0.148807 0.000075 0.600905
0.153687 -0.004777 0.598941
0.149510 -0.008136 0.614147
0.139533 -0.011237 0.607724
0.141543 0.002651 0.611598
0.141795 0.000703 0.611165
0.146439 -0.004904 0.598382
0.137269 0.002441 0.596337
0.134984 -0.001168 0.610098
0.151410 0.009129 0.619697
0.138153 -0.007061 0.612260
0.132684 -0.007907 0.617496
0.127847 -0.011955 0.605052
0.126689 -0.003137 0.616615
0.140897 -0.006826 0.611764
0.140163 -0.012712 0.618425
0.138698 -0.004016 0.601169
0.134098 -0.015065 0.618083
0.143297 -0.006543 0.616372
0.132303 -0.004586 0.616635
0.139456 -0.002807 0.616306
0.134747 -0.009461 0.620853
0.138800 0.000454 0.621597
0.145325 -0.008217 0.614668
0.141936 -0.002658 0.618727
0.137377 -0.003591 0.611102
0.131228 -0.001591 0.617925
0.149069 -0.003589 0.619440
0.132946 0.017921 0.620423
0.138230 -0.008546 0.609713
0.137405 -0.003965 0.628554
0.134229 -0.004648 0.618520
0.134404 -0.009130 0.625076
0.144046 -0.010594 0.612901
0.128067 0.000593 0.618880
0.143802 -0.008619 0.618833
0.135418 -0.003998 0.622346
0.138309 -0.001210 0.634239
0.134326 -0.000099 0.635266
0.132795 -0.008623 0.624467
0.136489 -0.006843 0.619748
0.133727 -0.005923 0.632541
0.130770 -0.005089 0.626263
0.134020 -0.002132 0.629745
0.126195 -0.010811 0.623128
0.133493 -0.003024 0.636655
0.137412 -0.004241 0.618767
0.136270 -0.001522 0.631670
0.132804 0.000214 0.627851
0.135580 -0.011838 0.637230
0.131854 0.002700 0.631461
0.126331 -0.008922 0.622152
0.132761 -0.002396 0.627563
0.133988 -0.002346 0.631045
0.132976 -0.012254 0.634609
0.124243 -0.011086 0.620017
0.134348 -0.010521 0.621647
0.129322 -0.011532 0.633833
0.130182 -0.008393 0.624194
0.127322 -0.007805 0.630516
0.129421 -0.004094 0.627916
0.139513 0.008057 0.634201
0.124990 -0.019748 0.624221
0.135447 0.001709 0.637384
0.130047 0.006534 0.634792
0.124615 -0.007802 0.626050
0.131193 -0.010683 0.633073
0.123463 -0.004718 0.639226
0.131442 -0.012908 0.637481
0.130241 -0.012110 0.639912
0.125577 -0.017437 0.632314
0.121528 -0.012999 0.634060
0.123853 -0.018282 0.638161
0.118814 -0.000042 0.634914
0.134646 -0.009948 0.638277
0.111065 0.001650 0.637870
0.120181 -0.014154 0.642668
0.129976 0.000277 0.637955
0.126722 -0.000865 0.641253
0.120173 -0.003389 0.656001
0.123201 -0.003074 0.571867
0.125251 0.006896 0.561968
0.112372 -0.001350 0.567616
0.125808 -0.004809 0.563030
0.125578 -0.004800 0.572830
0.124171 -0.010631 0.575346
0.129013 0.003077 0.578481
0.130252 0.004860 0.569769
0.134436 -0.005426 0.547639
0.120942 -0.002553 0.561157
0.134132 -0.008635 0.562885
0.129898 -0.005694 0.573567
0.119530 0.001552 0.562135
0.118674 -0.007580 0.571622
0.125058 0.004337 0.571110
0.120561 -0.014746 0.569325
0.123186 0.002149 0.571007
0.136866 0.016127 0.575197
0.130896 -0.009585 0.567030
0.122261 0.002625 0.563053
0.133647 -0.003845 0.570935
0.122972 -0.005108 0.558659
0.132844 -0.006411 0.567381
0.136082 0.000383 0.570489
0.120313 0.005900 0.569252
0.128874 0.003266 0.583593
0.129758 0.003869 0.580190
0.126725 -0.009270 0.577970
0.137506 -0.000218 0.575655
0.126274 0.004393 0.581866
0.131971 -0.009094 0.568767
0.129606 -0.003424 0.573030
0.131398 0.009385 0.585916
0.123914 -0.000068 0.561318
0.132403 0.002488 0.579087
0.118432 0.001121 0.579847
0.143959 -0.005248 0.580691
0.142436 0.004101 0.574166
0.130567 0.000827 0.574588
0.140249 -0.000090 0.572787
0.128191 -0.005378 0.567459
0.131866 -0.013151 0.566905
0.125858 -0.001020 0.575853
0.139304 -0.004404 0.572632
0.133724 -0.009062 0.587465
0.144509 -0.011012 0.578410
0.144427 -0.010006 0.569803
0.131134 0.001190 0.571142
0.128572 -0.010951 0.584296
0.135097 -0.006999 0.580761
0.126702 -0.004919 0.581315
0.140741 0.008709 0.580886
0.134025 -0.007260 0.576862
0.140702 0.002488 0.580386
0.141450 -0.007616 0.578228
0.133513 -0.001574 0.582925
0.132845 -0.003056 0.589121
0.154023 -0.002251 0.580168
0.145606 -0.004065 0.584704
0.134275 0.004549 0.587820
0.142299 0.002332 0.590711
0.141946 -0.010295 0.593598
0.141054 -0.000190 0.595087
0.144466 0.002160 0.592098
0.124863 0.002436 0.578030
0.140675 0.001699 0.586363
0.149078 -0.003317 0.592626
0.135785 -0.000882 0.593317
0.135592 -0.002759 0.596294
0.135477 -0.003651 0.594252
0.139586 0.003638 0.586469
0.147604 0.001712 0.594159
0.157046 -0.006402 0.589811
0.142418 0.000724 0.591040
0.142825 -0.010134 0.587673
0.143194 -0.000296 0.602526
0.140620 0.001924 0.588553
0.148565 -0.007788 0.589668
0.142085 -0.006783 0.590689
0.138971 0.004301 0.583711
0.144791 -0.008032 0.594367
0.141231 -0.000611 0.601867
0.141514 0.004256 0.600834
0.142879 -0.008985 0.605571
0.148915 -0.007122 0.601703
0.145768 -0.015447 0.604435
0.135649 0.001442 0.590517
0.139160 -0.002444 0.598901
0.150960 -0.002424 0.605973
0.139692 -0.001469 0.602501
0.142027 -0.001912 0.594487
0.136928 0.006139 0.588909
0.149782 -0.002688 0.605193
0.136831 -0.005311 0.606485
0.142436 -0.006695 0.612294
0.143553 0.003093 0.613442
0.137638 -0.005172 0.607850
0.142514 0.001620 0.602334
0.126687 -0.005602 0.611034
0.152393 0.009948 0.604101
0.142990 -0.001168 0.596697
0.153655 -0.001042 0.614095
0.150031 -0.004727 0.600589
0.141927 0.003133 0.597411
0.132126 -0.000727 0.603611
0.136274 0.001271 0.608814
0.150011 -0.002878 0.613208
0.137920 0.000422 0.613674
0.142137 -0.003552 0.605575
0.146929 0.008956 0.619846
0.145496 0.001824 0.615969
0.137100 0.001087 0.612889
0.147209 0.003871 0.618795
0.143303 -0.000992 0.613610
0.141898 -0.001292 0.603601
0.136593 -0.003777 0.620016
0.147310 -0.008955 0.622814
0.137277 -0.002351 0.607306
0.135374 -0.006741 0.615661
0.138265 -0.010887 0.613122
0.142018 -0.000176 0.619938
0.130154 0.004239 0.620551
0.140483 -0.009022 0.619919
0.153164 0.002016 0.620671
0.138617 -0.001919 0.607239
0.140799 0.003811 0.603856
0.135743 0.003679 0.618967
0.150315 -0.007868 0.613165
0.135668 -0.001027 0.614904
0.135363 0.001997 0.609469
0.136664 0.001299 0.610183
0.141401 0.000547 0.623758
0.143974 0.002500 0.620564
0.145054 -0.003513 0.617585
0.134853 -0.002125 0.613440
0.146276 0.001628 0.621999
0.148950 -0.000157 0.629252
0.132196 -0.007199 0.632786
0.138246 0.004304 0.613171
0.133062 0.004840 0.632463
0.129594 -0.005062 0.618470
0.133995 0.001504 0.632215
0.140740 -0.001749 0.637381
0.135590 -0.006142 0.617647
0.123401 0.002989 0.620900
0.139932 -0.006335 0.626627
0.148786 -0.001209 0.640420
0.127690 -0.003884 0.621881
0.136916 -0.000506 0.623604
0.129195 0.015262 0.629254
0.133538 0.000432 0.632176
0.126485 0.002731 0.635083
0.137456 -0.005402 0.636099
0.132736 0.006409 0.632772
0.123753 -0.000934 0.629214
0.119338 0.003116 0.636043
0.127881 0.000916 0.640046
0.127226 0.001690 0.620204
0.122594 -0.001844 0.629959
0.132427 -0.003445 0.629760
0.137676 -0.004313 0.627880
0.126094 -0.003105 0.621221
0.135081 -0.004716 0.637854
0.132969 -0.007976 0.637893
0.132939 -0.001789 0.634805
0.124273 -0.005005 0.632230
0.126852 -0.002968 0.627506
0.124601 -0.001671 0.626401
0.126000 -0.006355 0.623891
0.119844 0.004976 0.643281
0.119382 -0.005834 0.624241
0.131027 -0.000511 0.628588
0.127723 0.001362 0.638268
0.126565 -0.005917 0.639177
0.117013 0.005411 0.640864
0.124564 0.001752 0.627795
0.126401 -0.003988 0.635990
0.118867 0.001536 0.633322
0.120212 -0.006018 0.632500
0.120263 -0.003938 0.639716
0.128367 0.002462 0.572059
0.115361 0.007317 0.558749
0.111916 0.006383 0.557261
0.117765 0.001349 0.565038
0.132462 0.003760 0.553593
0.123059 -0.002241 0.582688
0.130152 -0.006773 0.557863
0.119364 -0.000714 0.569334
0.120432 -0.003176 0.567728
0.123543 0.001320 0.567578
0.133531 -0.000023 0.568518
0.130056 -0.005157 0.562010
0.120703 -0.001932 0.575756
0.124232 0.002809 0.563763
0.133754 0.004987 0.565364
0.123704 -0.003194 0.578288
0.122231 -0.004106 0.567011
0.142736 -0.007241 0.565966
0.126651 0.000601 0.575831
0.137104 0.005119 0.566222
0.121577 -0.003081 0.574677
0.121888 -0.014588 0.567046
0.121013 -0.000659 0.570904
0.127274 0.005749 0.562403
0.134082 0.011555 0.568062
0.124025 -0.001069 0.568792
0.131610 -0.006432 0.571656
0.140881 0.008034 0.564772
0.134937 0.001926 0.572561
0.134070 -0.000805 0.583868
0.129382 0.010806 0.573152
0.130338 0.001662 0.564873
0.126828 0.000110 0.569792
0.134230 0.007476 0.567746
0.128655 -0.011509 0.582473
0.146519 -0.004426 0.570454
0.138230 0.007518 0.579919
0.143048 -0.002839 0.573093
0.134003 0.005605 0.568371
0.133303 0.007634 0.569987
0.132369 0.002258 0.578340
0.133332 0.010469 0.579631
0.148572 0.011087 0.582331
0.133203 -0.001891 0.578989
0.131935 0.009757 0.581847
0.134180 -0.002104 0.576346
0.131774 0.001787 0.571889
0.142528 -0.003241 0.586019
0.134134 -0.000666 0.581732
0.142419 0.002157 0.578523
0.134189 0.002497 0.575650
0.135278 0.005434 0.570787
0.144822 0.002695 0.590568
0.131067 0.008266 0.586294
0.149527 -0.007025 0.589583
0.130802 0.008858 0.589552
0.127699 0.006345 0.580035
0.134454 0.001275 0.587576
0.131179 -0.009475 0.579655
0.139937 -0.006171 0.591895
0.136004 0.000457 0.583131
0.134581 0.005602 0.583265
0.145097 0.002582 0.590164
0.134417 -0.003020 0.580531
0.145518 -0.002080 0.585061
0.133203 0.011592 0.590724
0.143448 -0.012461 0.587746
0.133037 0.005196 0.591049
0.139541 0.005560 0.582380
0.150609 0.005552 0.598818
0.142409 0.006240 0.581705
0.132672 0.001525 0.583641
0.128901 0.011009 0.579409
0.133892 -0.007093 0.590890
0.138148 -0.004092 0.587804
0.141650 -0.001404 0.592623
0.148805 0.007140 0.600545
0.145887 0.000803 0.589979
0.139440 -0.002945 0.597310
0.136901 0.009939 0.594680
0.137399 0.002446 0.597155
0.144003 0.002438 0.589090
0.151475 0.000790 0.598055
0.141585 -0.003708 0.607439
0.138624 0.002054 0.600559
0.143651 0.005684 0.595782
0.150922 -0.009838 0.593287
0.138034 0.006873 0.594864
0.138049 0.004677 0.603961
0.143407 0.010285 0.601215
0.141348 0.001130 0.615156
0.147295 -0.001906 0.599793
0.141117 0.005334 0.591254
0.128569 0.006931 0.603079
0.150633 0.001457 0.608752
0.137137 0.018562 0.601221
0.143100 0.000400 0.612444
0.141264 -0.006232 0.600006
0.141206 -0.004795 0.609694
0.140640 0.008696 0.607688
0.141652 -0.000509 0.617377
0.138265 0.007937 0.595458
0.143890 0.001037 0.618693
0.152130 -0.004328 0.605080
0.145470 0.000725 0.605298
0.138054 0.001282 0.594495
0.142793 0.009003 0.614195
0.146288 0.008492 0.600676
0.138047 0.004803 0.613285
0.141803 -0.002384 0.611007
0.140058 0.009765 0.608357
0.151495 0.001612 0.606786
0.153657 0.000234 0.611583
0.148541 0.003229 0.615055
0.144709 0.001946 0.622951
0.150192 -0.003615 0.611765
0.142601 0.019439 0.611941
0.131235 -0.003085 0.608748
0.139111 0.001046 0.609128
0.148244 -0.000775 0.613806
0.134672 0.007783 0.614838
0.132821 0.002960 0.619689
0.133950 0.008112 0.625539
0.141202 -0.004873 0.620118
0.136612 0.007912 0.603909
0.148751 0.009602 0.608857
0.146343 0.005920 0.617065
0.146608 0.005218 0.626772
0.135818 -0.000420 0.624670
0.138675 0.007381 0.630659
0.151969 0.003233 0.620406
0.127767 0.009451 0.622960
0.141427 0.001966 0.629309
0.122412 0.006795 0.620891
0.137174 -0.006077 0.616306
0.142910 0.010272 0.622598
0.140389 0.011847 0.620534
0.134403 0.003440 0.627472
0.138266 0.000618 0.629981
0.130392 0.003882 0.625152
0.138233 -0.003893 0.617607
0.139632 0.018374 0.622491
0.140734 -0.000617 0.633556
0.140849 0.004390 0.617022
0.138699 0.000829 0.623117
0.135904 0.000913 0.626518
0.145443 0.000115 0.629691
0.132888 0.002742 0.628785
0.139986 -0.002406 0.635803
0.133848 -0.001360 0.633880
0.132359 0.004287 0.624877
0.138788 0.000822 0.620062
0.134546 -0.001674 0.625905
0.135904 0.002578 0.631123
0.119656 0.002513 0.622665
0.130710 -0.008597 0.619934
0.144392 -0.001257 0.631323
0.118351 -0.005150 0.628423
0.139396 0.008790 0.625871
0.125555 0.004013 0.639778
0.135760 0.008378 0.623451
0.125840 0.002088 0.631221
0.124232 -0.003909 0.638051
0.124510 0.016476 0.632064
0.123885 0.006821 0.629536
0.124825 0.013021 0.638783
0.126699 -0.006331 0.631098
0.113039 0.009272 0.614929
0.127645 0.011906 0.637929
0.123154 0.008397 0.633036
0.130717 0.002316 0.633027
0.131239 -0.000040 0.631865
0.118642 0.001299 0.634429
0.125619 0.001785 0.642055
0.120478 -0.002992 0.629118
0.107588 0.010812 0.629907
0.126727 0.001880 0.632877
0.120010 0.006946 0.635249
0.119442 -0.010134 0.637709
0.124597 0.006858 0.640321
0.114358 -0.002108 0.560484
0.110166 -0.002621 0.558110
0.138641 -0.004410 0.564843
0.123910 0.002508 0.568774
0.117892 0.006191 0.567548
0.129508 -0.001491 0.568912
0.115773 -0.000501 0.566760
0.123198 0.008977 0.582953
0.125266 0.022938 0.566720
0.122706 0.009001 0.575576
0.122323 0.001525 0.565520
0.123321 0.001908 0.567193
0.128482 0.015657 0.563251
0.131567 0.011924 0.572791
0.141716 0.012599 0.570262
0.132170 0.008620 0.572757
0.126429 0.008170 0.571594
0.126240 0.011117 0.569117
0.128343 0.015077 0.563552
0.123577 0.009774 0.575203
0.127276 0.003559 0.568527
0.130019 0.005221 0.569358
0.140228 0.002960 0.574009
0.132761 0.014086 0.567492
0.136165 0.009527 0.573766
0.134930 -0.004985 0.575744
0.133185 0.005889 0.572532
0.136166 0.002418 0.565425
0.144011 0.006088 0.570620
0.127153 0.007326 0.569156
0.129879 0.008224 0.569384
0.140002 0.008021 0.574326
0.146928 0.004038 0.574331
0.136279 0.007960 0.574483
0.142984 0.012853 0.565526
0.126260 0.003135 0.569620
0.142438 -0.002218 0.576065
0.128510 0.010986 0.575725
0.144749 0.006766 0.577586
0.137778 0.010160 0.581341
0.140430 0.005416 0.577662
0.140150 -0.008185 0.579386
0.137355 0.008612 0.573064
0.134172 -0.005951 0.575107
0.134831 0.005584 0.573183
0.131959 -0.001879 0.582118
0.137873 -0.007830 0.574197
0.137956 0.006978 0.579358
0.135604 0.001808 0.584896
0.140023 0.009828 0.594307
0.133502 0.002200 0.580204
0.149835 0.005198 0.581312
0.143432 -0.002623 0.578146
0.136803 0.000429 0.582350
0.150488 0.018306 0.582079
0.140316 0.006120 0.585282
0.148048 0.016249 0.585742
0.143220 0.002542 0.580040
0.142028 0.019465 0.586643
0.127894 0.009849 0.585638
0.135614 0.007081 0.591634
0.136286 0.004280 0.595604
0.134676 0.001865 0.596231
0.141903 -0.008950 0.586045
0.143233 0.000005 0.592760
0.143601 0.001917 0.588319
0.135872 0.003521 0.594714
0.131135 0.012634 0.586354
0.141667 0.003402 0.585124
0.142263 0.005171 0.583632
0.147724 0.013709 0.594536
0.142279 0.004319 0.577098
0.147948 0.007874 0.592499
0.135686 0.010775 0.591558
0.139555 0.008166 0.591455
0.134919 -0.003416 0.587613
0.144051 0.002444 0.595177
0.141700 0.003135 0.593203
0.135704 0.013557 0.595190
0.147210 0.009475 0.593832
0.145466 0.009241 0.595516
0.150314 0.006241 0.597742
0.144959 0.016280 0.589617
0.154192 0.002154 0.607586
0.133240 0.005835 0.585485
0.151708 0.007405 0.600987
0.152458 0.013953 0.597852
0.136251 0.002184 0.599826
0.132583 -0.000862 0.603550
0.141734 0.006539 0.602753
0.142077 0.010382 0.603882
0.149904 -0.004085 0.608870
0.147437 -0.008597 0.587819
0.148595 0.008652 0.597408
0.151611 0.010517 0.606265
0.143929 0.003231 0.617759
0.150816 0.002563 0.595642
0.139953 0.001045 0.607797
0.151723 0.014275 0.607543
0.144486 0.011478 0.605724
0.147077 0.009030 0.602683
0.145579 0.011445 0.610303
0.137594 0.013655 0.610755
0.132744 0.009660 0.603032
0.152966 -0.001664 0.606264
0.145337 0.003138 0.600008
0.134940 0.013264 0.596953
0.136311 0.002411 0.602509
0.140943 -0.000885 0.604527
0.149111 0.008862 0.607009
0.150616 0.012626 0.614840
0.137192 0.008654 0.615827
0.151575 0.012884 0.604565
0.140307 0.012937 0.616514
0.138375 -0.001073 0.606955
0.132913 0.013115 0.617338
0.137492 0.009265 0.606629
0.133567 0.003371 0.611443
0.131227 0.011935 0.613748
0.134011 0.004455 0.619109
0.142451 -0.000270 0.618381
0.129989 -0.008850 0.621659
0.145086 0.002896 0.618291
0.131413 0.000064 0.607253
0.146714 -0.003397 0.617728
0.152118 0.011177 0.619698
0.139668 0.003365 0.614722
0.139072 0.003942 0.619054
0.139015 0.008149 0.607633
0.138445 0.003642 0.611936
0.131704 0.011171 0.620105
0.144240 0.011780 0.613738
0.137800 0.002439 0.621530
0.135157 0.009883 0.616047
0.137560 0.002867 0.616038
0.138109 0.003337 0.614767
0.140198 0.014453 0.623071
0.135786 0.017769 0.615041
0.135321 0.013056 0.627333
0.133541 0.005608 0.616770
0.141326 0.000933 0.621124
0.132706 0.002055 0.621629
0.129145 0.012487 0.618728
0.137929 0.007499 0.633821
0.131030 0.001458 0.613496
0.131147 0.006204 0.613457
0.138760 0.005637 0.632408
0.122743 0.002806 0.626212
0.131778 0.003479 0.626351
0.140116 0.013191 0.624718
0.146720 -0.006808 0.631021
0.132762 0.016247 0.624615
0.126132 0.002967 0.628794
0.122817 0.016578 0.630349
0.126557 0.012375 0.637958
0.131794 0.000330 0.620267
0.127312 0.019076 0.633736
0.130386 0.009792 0.636222
0.135008 0.010935 0.621320
0.119879 -0.003910 0.627652
0.135028 -0.000631 0.633906
0.113887 0.004084 0.635089
0.120971 -0.005073 0.634017
0.117210 0.012798 0.637243
0.129584 0.016635 0.633455
0.136719 0.000487 0.626991
0.124475 0.002673 0.633606
0.128854 -0.005529 0.627593
0.112953 0.029460 0.624995
0.125463 0.015527 0.634760
0.130950 0.006826 0.635722
0.122980 -0.001786 0.638980
0.127585 0.004429 0.635243
0.126434 0.000657 0.628954
0.126925 0.000444 0.636091
0.131301 0.013422 0.633284
0.117160 0.001231 0.628490
0.118095 0.013240 0.629686
0.112445 0.011681 0.637314
0.118063 0.003329 0.641055
0.112233 0.011495 0.557207
0.127672 0.003059 0.576030
0.123417 0.013716 0.567592
0.126028 0.013387 0.562448
0.128620 0.015992 0.559202
0.117828 0.010814 0.551923
0.128572 0.007611 0.563863
0.128158 0.000807 0.565303
0.128717 0.005836 0.567913
0.122132 0.006035 0.562857
0.131031 0.010926 0.569181
0.127897 0.014639 0.569037
0.124218 0.007076 0.561738
0.130875 0.017885 0.569708
0.125674 0.016345 0.564443
0.125843 0.017308 0.570681
0.126590 0.008929 0.571424
0.126070 0.012241 0.568283
0.123117 0.010939 0.570020
0.116193 0.007201 0.575513
0.132038 0.011468 0.563793
0.123215 0.007738 0.572580
0.134042 0.004730 0.563533
0.138678 0.016112 0.563850
0.139449 0.006183 0.580437
0.133497 0.004794 0.568330
0.126969 0.012980 0.575276
0.132854 0.009922 0.576347
0.133087 0.012488 0.577209
0.125401 0.006586 0.577185
0.134200 0.003640 0.548980
0.139876 0.004703 0.570795
0.134443 0.009370 0.577062
0.129287 0.009456 0.563218
0.133480 0.022148 0.579486
0.142428 0.014906 0.570912
0.133976 0.013704 0.579742
0.131881 0.009132 0.564653
0.131523 0.006338 0.570922
0.138231 -0.000686 0.585747
0.137286 0.014748 0.577385
0.127192 0.010066 0.586451
0.139905 0.014190 0.571217
0.133987 0.013621 0.576094
0.128116 0.005212 0.577554
0.132597 0.016995 0.569365
0.130626 0.019216 0.587798
0.128429 0.009066 0.570669
0.145655 0.005905 0.575374
0.145911 0.006160 0.580048
0.145451 0.018938 0.573176
0.136941 0.008296 0.581530
0.140227 -0.002373 0.576840
0.147706 0.000330 0.579586
0.132521 0.017419 0.582945
0.139156 0.000721 0.578207
0.140020 0.008044 0.583092
0.140132 0.008156 0.579546
0.148237 0.001422 0.578311
0.146777 0.021519 0.584220
0.139892 0.019177 0.576486
0.141579 0.003021 0.582499
0.135964 0.013274 0.598335
0.138993 0.005954 0.591166
0.147317 0.005774 0.584577
0.137597 0.003747 0.588642
0.147637 0.008715 0.591062
0.131471 0.000526 0.592611
0.147095 0.018549 0.593867
0.139764 0.012233 0.589474
0.136688 0.015331 0.594967
0.146124 -0.000600 0.592141
0.145318 0.019715 0.598750
0.144438 0.003217 0.595670
0.147117 0.001458 0.582651
0.134464 0.010499 0.598905
0.143177 0.021141 0.590430
0.152357 0.008309 0.588886
0.142411 0.000713 0.594645
0.145525 0.007438 0.598694
0.134122 0.014895 0.593567
0.145542 -0.000188 0.592309
0.151173 0.006571 0.589444
0.130262 0.010123 0.602221
0.148708 0.001101 0.599441
0.140296 0.003579 0.590091
0.152535 0.014588 0.595558
0.145222 0.009124 0.599611
0.133311 0.016101 0.594734
0.140897 0.008173 0.603261
0.146992 0.008163 0.597366
0.144081 0.004088 0.602034
0.136475 0.012629 0.615210
0.132946 -0.008016 0.597435
0.141528 0.010335 0.595458
0.140642 0.009969 0.597635
0.147422 0.016459 0.597327
0.146932 0.004836 0.604179
0.148094 0.008006 0.609046
0.160028 0.022770 0.605711
0.140666 0.011345 0.610483
0.138128 0.014528 0.611182
0.146467 0.006857 0.612950
0.141964 0.009390 0.614040
0.147191 0.013593 0.597211
0.130245 0.008443 0.601564
0.133354 0.010981 0.607732
0.145588 0.020016 0.605094
0.139545 0.004474 0.604163
0.152005 0.014096 0.611702
0.137699 0.006938 0.603809
0.141889 0.004453 0.611533
0.145079 0.008508 0.617373
0.140283 0.009761 0.615656
0.132787 0.013258 0.602341
0.137864 0.008556 0.618252
0.133291 0.018589 0.612538
0.146585 0.011829 0.631343
0.139331 0.000592 0.614819
0.139681 0.012048 0.605647
0.141775 0.013893 0.611586
0.139389 0.008613 0.621376
0.157804 0.013693 0.612194
0.131941 0.004746 0.612695
0.142116 0.011898 0.618823
0.141225 0.012869 0.611127
0.141030 0.002302 0.612405
0.132740 0.012123 0.620060
0.132822 0.008791 0.615353
0.142346 0.009961 0.618219
0.148051 0.009550 0.610539
0.129666 0.012438 0.620064
0.139303 0.004003 0.618730
0.128316 0.011514 0.621470
0.135520 0.007804 0.617409
0.147922 0.028111 0.624690
0.143298 -0.000933 0.629826
0.138415 0.010025 0.626799
0.141992 0.008202 0.617156
0.132475 0.001678 0.626085
0.136608 0.018951 0.612167
0.138750 0.012666 0.634969
0.139478 0.007703 0.621752
0.143778 0.006243 0.626340
0.133288 0.006686 0.623532
0.138281 0.002679 0.625569
0.133974 -0.005254 0.616992
0.131586 0.011859 0.616873
0.131583 0.022702 0.619084
0.128452 0.010932 0.642148
0.127413 0.002582 0.629913
0.135251 0.008482 0.631947
0.135036 0.015711 0.631573
0.134118 0.011698 0.627651
0.124599 0.019597 0.633010
0.135812 0.010115 0.635108
0.129892 0.010992 0.635427
0.139077 0.004243 0.626474
0.137303 0.011779 0.625589
0.122501 0.010382 0.617635
0.135285 0.017731 0.640936
0.135632 0.012159 0.630995
0.132253 -0.005881 0.626975
0.131630 0.011848 0.632475
0.124436 0.012753 0.628253
0.125119 0.005436 0.629713
0.121780 0.002529 0.629638
0.125130 0.016210 0.641923
0.125344 0.000058 0.646702
0.127694 0.009954 0.621783
0.134825 0.008548 0.623922
0.137564 0.009791 0.640922
0.115897 -0.004121 0.627825
0.116345 0.009481 0.638198
0.123056 0.010935 0.633669
0.121649 0.008699 0.637971
0.119712 0.014485 0.628411
0.115354 0.004979 0.640107
0.128034 0.009815 0.633901
0.124219 0.011794 0.634279
0.122438 0.019563 0.568454
0.118392 0.012062 0.564887
0.125057 0.010939 0.561935
0.110327 0.005491 0.556667
0.122119 0.011823 0.565304
0.122526 0.022059 0.567651
0.131706 0.017764 0.560818
0.113168 0.017392 0.561039
0.133382 0.009776 0.564619
0.125418 0.015334 0.561227
0.127037 0.002562 0.561194
0.133490 0.022848 0.553202
0.134426 0.008726 0.568534
0.118532 0.018392 0.571211
0.127746 0.009087 0.564516
0.120080 0.005266 0.564550
0.138174 0.006142 0.563971
0.120293 0.009074 0.569185
0.126158 0.002662 0.561738
0.126489 0.010340 0.564788
0.125568 0.004630 0.567286
0.132994 0.022242 0.571101
0.139408 0.001667 0.577347
0.125434 0.022704 0.584901
0.123648 0.017355 0.569181
0.135147 0.008023 0.560487
0.137556 0.011522 0.566519
0.141042 0.012796 0.559628
0.132246 0.016620 0.577415
0.144755 0.009062 0.565567
0.136268 0.017338 0.574226
0.135834 0.000384 0.569207
0.137768 0.004782 0.575325
0.125996 0.005956 0.574486
0.134010 0.012967 0.573528
0.124702 0.021668 0.575609
0.133612 0.000362 0.572304
0.124597 0.008196 0.571422
0.136423 0.017323 0.576620
0.142191 0.015118 0.574092
0.139500 0.015187 0.587435
0.129490 0.012382 0.574826
0.145053 0.017113 0.567485
0.141567 0.011179 0.581478
0.128200 0.020151 0.586254
0.133161 0.016465 0.579168
0.136850 0.014167 0.599069
0.135233 0.020386 0.579018
0.126481 0.003244 0.588609
0.142557 0.003668 0.586052
0.137881 0.014820 0.591468
0.141861 0.007288 0.585215
0.135418 0.007218 0.571937
0.141516 0.001097 0.579699
0.141022 0.016113 0.588673
0.136256 -0.002886 0.575074
0.140773 0.006064 0.572675
0.129899 0.005964 0.591664
0.141262 0.015131 0.584089
0.132108 0.008666 0.581257
0.128378 0.010886 0.586520
0.132283 0.010494 0.580059
0.131421 0.017914 0.581827
0.140342 0.013444 0.591452
0.139109 0.010290 0.592668
0.138388 0.012635 0.599084
0.144364 -0.000911 0.594099
0.139435 0.004800 0.590577
0.148412 0.010751 0.597207
0.144141 0.023549 0.588845
0.153259 0.002193 0.592638
0.147195 0.005610 0.604953
0.138380 0.010770 0.582037
0.148445 0.017950 0.595070
0.149049 0.012056 0.601088
0.138106 0.012210 0.586476
0.140543 0.005927 0.592999
0.141412 0.009063 0.592442
0.132505 0.012265 0.597299
0.138386 0.004317 0.594845
0.138331 0.005032 0.591366
0.145265 0.006479 0.591823
0.136922 0.016519 0.597857
0.138401 0.005717 0.593170
0.139336 0.019264 0.590382
0.146753 0.003243 0.593472
0.142875 0.022746 0.600766
0.142903 0.018584 0.601992
0.139065 0.017110 0.604069
0.138993 0.010170 0.604231
0.139807 0.016284 0.605747
0.152090 0.013562 0.600876
0.136117 0.013815 0.597850
0.137401 0.010451 0.603636
0.144971 0.010192 0.595757
0.145373 0.009275 0.606141
0.139041 0.018432 0.604536
0.139945 0.017827 0.602178
0.148295 0.011895 0.608396
0.139136 0.003042 0.605256
0.142461 0.019387 0.603582
0.136825 0.018468 0.604276
0.143839 0.017283 0.606284
0.141477 0.023999 0.607713
0.143740 0.001353 0.594430
0.144143 0.018242 0.603316
0.138948 0.004807 0.619522
0.148472 0.011164 0.614372
0.151790 0.017644 0.613104
0.140305 0.020120 0.599230
0.136121 0.020494 0.604478
0.139202 0.012778 0.609605
0.130464 0.009516 0.614678
0.147170 0.005451 0.604893
0.134690 0.005460 0.608346
0.145375 0.019408 0.612999
0.143261 0.005146 0.613002
0.128146 0.010558 0.608893
0.141412 0.023261 0.605334
0.137823 0.015542 0.615393
0.143031 0.012698 0.629522
0.140822 0.006029 0.623430
0.145630 0.017882 0.612017
0.139703 0.017027 0.616050
0.145184 0.001720 0.616233
0.142486 0.005641 0.618611
0.126788 0.022554 0.618618
0.135166 0.025896 0.627079
0.131608 0.015104 0.619086
0.134726 0.011157 0.623517
0.134227 0.013472 0.619635
0.135657 0.011686 0.621996
0.135978 0.012946 0.612130
0.136730 0.002891 0.610269
0.138812 0.011399 0.622871
0.131254 0.006181 0.613878
0.149726 0.005665 0.611213
0.137727 0.014391 0.633134
0.132360 0.022575 0.630924
0.140094 0.005999 0.635395
0.139210 0.020011 0.625558
0.126688 0.008657 0.629498
0.143665 0.018597 0.630710
0.139029 0.007825 0.613703
0.135623 0.015643 0.621884
0.135672 0.016266 0.625485
0.138051 0.003686 0.624919
0.142950 0.009863 0.633385
0.119200 0.019761 0.621692
0.136047 -0.002643 0.627451
0.135360 0.014263 0.623880
0.136343 0.008296 0.623888
0.131501 0.009081 0.629190
0.134589 0.020843 0.620586
0.126155 0.017909 0.626177
0.135577 0.015218 0.626677
0.128167 0.012397 0.621162
0.125416 0.001905 0.629077
0.132471 0.013231 0.629808
0.128542 0.010023 0.629385
0.131252 0.013834 0.619218
0.139997 0.007630 0.626800
0.131950 0.010379 0.638857
0.121863 0.020027 0.628599
0.123639 0.011629 0.641089
0.123485 0.020621 0.640924
0.115587 0.011543 0.642121
0.127857 0.008052 0.632094
0.128356 0.009625 0.625806
0.135222 0.019623 0.630647
0.121750 0.008013 0.630748
0.123049 0.024819 0.643558
0.133796 0.013101 0.630440
0.113705 0.009569 0.629498
0.122815 0.009843 0.636117
0.132920 0.011857 0.629298
0.126600 0.004360 0.635209
0.109646 0.021211 0.634523
0.120650 0.001308 0.653180
0.120741 0.013724 0.636341
0.125654 0.017053 0.556273
0.126981 0.027729 0.555323
0.122467 0.020014 0.569115
0.120927 0.017790 0.549229
0.112114 0.022796 0.572933
0.115469 0.010218 0.567945
0.131553 0.018065 0.568947
0.118291 0.005322 0.566383
0.115333 0.020588 0.563740
0.144384 0.021748 0.568933
0.124296 0.009312 0.569016
0.117691 0.013841 0.559069
0.144381 0.008675 0.566808
0.125751 0.026164 0.564305
0.123152 0.018288 0.568658
0.126907 0.022233 0.569215
0.129544 0.011620 0.561612
0.110108 0.009156 0.561862
0.131289 0.019230 0.568139
0.121231 0.013849 0.560840
0.130794 0.023551 0.570254
0.127497 0.022571 0.566113
0.131633 0.034934 0.568678
0.128822 0.023389 0.572384
0.140832 0.018569 0.565194
0.132907 0.016881 0.563221
0.138874 0.007967 0.571244
0.133956 0.027738 0.579739
0.127915 0.021601 0.585705
0.133929 0.019072 0.572401
0.135297 0.022917 0.575326
0.130238 0.015429 0.573122
0.139145 0.020990 0.567511
0.149652 0.004198 0.570748
0.120453 0.022224 0.571192
0.139082 0.017497 0.573717
0.131470 0.015767 0.572012
0.130134 0.027005 0.558157
0.124100 0.006676 0.570577
0.129309 0.027468 0.584054
0.134222 0.021316 0.584844
0.138127 0.021429 0.570954
0.125171 0.018393 0.581969
0.127821 0.024487 0.581136
0.138955 0.014821 0.587857
0.124974 0.014189 0.580003
0.136264 0.017728 0.569474
0.130917 0.016778 0.567928
0.136978 0.025061 0.568132
0.134911 0.008676 0.571409
0.134924 0.015421 0.585804
0.145323 0.024468 0.576316
0.145096 0.009789 0.576566
0.152002 0.005389 0.591316
0.137719 0.018307 0.578669
0.140222 0.016632 0.583251
0.138951 0.018274 0.578551
0.142219 0.020262 0.570812
0.137421 0.016099 0.586612
0.143772 0.015106 0.586130
0.143218 0.015371 0.581806
0.137454 0.025723 0.581026
0.128244 0.023423 0.588785
0.119783 0.008656 0.587377
0.134937 0.015184 0.586728
0.141721 0.015543 0.584650
0.148817 0.009677 0.591446
0.133953 0.011981 0.581309
0.138330 0.019152 0.594455
0.132627 0.012842 0.583635
0.139531 0.027854 0.586846
0.141063 0.020452 0.586529
0.137812 0.017349 0.587243
0.146457 0.013221 0.586303
0.143173 0.008694 0.591788
0.133651 0.023698 0.583411
0.131259 0.014925 0.595995
0.150677 0.011299 0.594795
0.140640 0.021842 0.595760
0.143658 0.010506 0.584674
0.136720 0.021788 0.593607
0.153893 0.026450 0.586594
0.138257 0.022297 0.599605
0.139043 0.010658 0.601714
0.149518 0.015213 0.594526
0.145702 0.006428 0.595249
0.138859 0.015564 0.593762
0.149621 0.017391 0.605328
0.136063 0.013153 0.586355
0.147924 0.019716 0.597925
0.137439 0.004982 0.604236
0.156310 0.013412 0.607839
0.132634 0.022400 0.601399
0.140001 0.008946 0.603958
0.138661 0.023865 0.601443
0.138766 0.015262 0.601004
0.146635 0.009105 0.603944
0.146036 0.018134 0.609944
0.147391 0.005510 0.600716
0.140876 0.024785 0.600090
0.144484 0.018117 0.611651
0.150225 0.011235 0.612538
0.138892 0.022454 0.589179
0.156382 0.021169 0.606769
0.147506 0.018257 0.607282
0.144052 0.029321 0.614192
0.134417 0.010889 0.615979
0.142776 0.015272 0.611577
0.144200 0.010058 0.613272
0.137450 0.022930 0.610505
0.139608 0.030855 0.609970
0.136062 0.006496 0.602894
0.145374 0.015842 0.617620
0.147644 0.006595 0.615048
0.128502 0.007073 0.623896
0.132615 0.023868 0.609829
0.146568 0.019571 0.613745
0.146745 0.007299 0.607705
0.149266 0.015787 0.620968
0.138764 0.025385 0.613249
0.138917 0.023440 0.607690
0.142453 0.011709 0.616203
0.154251 0.002924 0.606198
0.137657 0.009679 0.602715
0.139223 0.012971 0.616170
0.138839 0.013864 0.619178
0.134880 0.015868 0.617027
0.129679 0.010653 0.614913
0.142521 0.019732 0.613844
0.126380 -0.000948 0.623325
0.139204 0.025063 0.615307
0.139584 0.014974 0.615946
0.144311 0.011768 0.617815
0.128928 0.018038 0.618789
0.140033 0.017696 0.618867
0.128846 0.017276 0.616474
0.147984 0.006758 0.615236
0.137710 0.021052 0.626719
0.132426 0.021186 0.613092
0.142251 0.016264 0.627518
0.141728 0.024760 0.627707
0.135023 0.015297 0.613235
0.130326 0.013422 0.619893
0.138402 0.022366 0.636175
0.128826 0.013069 0.626954
0.124633 0.021089 0.621347
0.137009 0.018212 0.616423
0.127176 0.013016 0.620333
0.133813 0.021597 0.640685
0.139695 0.011809 0.630711
0.128823 0.008989 0.638845
0.145059 0.017172 0.630397
0.126699 0.014738 0.641695
0.129147 0.004399 0.637089
0.132027 0.007356 0.625657
0.136096 0.008438 0.628651
0.131966 0.018670 0.616381
0.134469 0.005996 0.632463
0.122601 0.002756 0.629720
0.125844 0.024137 0.641903
0.135341 0.023878 0.625376
0.125927 0.013494 0.623946
0.126748 0.022532 0.623837
0.130698 0.008332 0.633476
0.116413 0.016318 0.620801
0.135576 0.010062 0.638820
0.128177 0.014946 0.622665
0.130097 0.020157 0.639252
0.106071 0.010438 0.656085
0.118964 0.014123 0.633157
0.108495 0.016227 0.622152
0.121596 0.015538 0.627162
0.119109 0.020312 0.646466
0.111462 0.024887 0.618133
0.120951 0.018422 0.626354
0.124925 0.012930 0.634438
0.113900 0.019988 0.635233
0.121663 0.017226 0.646708
0.121449 0.010908 0.645586
0.124974 0.021796 0.641875
0.124710 0.015216 0.554755
0.112221 0.023981 0.571267
0.123517 0.013199 0.556975
0.118874 0.029222 0.565866
0.119887 0.017414 0.567490
0.117683 0.014517 0.578185
0.126573 0.021893 0.562346
0.123065 0.019036 0.561201
0.126727 0.011866 0.556453
0.131872 0.029183 0.564962
0.126694 0.025602 0.564111
0.119102 0.020373 0.554382
0.126941 0.020700 0.556389
0.124573 0.015952 0.562292
0.136183 0.015387 0.564180
0.128584 0.019369 0.566129
0.135927 0.024336 0.571924
0.132520 0.031974 0.572385
0.126500 0.004541 0.562878
0.129159 0.028312 0.558215
0.120189 0.008378 0.569230
0.138903 0.027043 0.573889
0.120760 0.030870 0.571389
0.126109 0.018012 0.562706
0.128771 0.021235 0.562409
0.128407 0.027152 0.566152
0.134644 0.032100 0.568110
0.129933 0.020017 0.578487
0.133288 0.024611 0.576585
0.128604 0.021040 0.570181
0.131439 0.018063 0.567027
0.125501 0.032659 0.572485
0.133490 0.022419 0.557079
0.132476 0.027639 0.571962
0.134566 0.011478 0.585106
0.129538 0.020726 0.571226
0.130622 0.018971 0.572046
0.142039 0.025435 0.572665
0.124265 0.011124 0.577044
0.128394 0.017091 0.572937
0.147910 0.022193 0.574238
0.136137 0.022025 0.569470
0.136059 0.026381 0.580857
0.141382 0.018673 0.577973
0.134631 0.011525 0.577605
0.138875 0.009779 0.580133
0.139102 0.004321 0.582912
0.132793 0.015921 0.580408
0.141454 0.019329 0.578377
0.141961 0.017987 0.582414
0.143641 0.021230 0.577052
0.142057 0.008492 0.578455
0.131176 0.013429 0.585067
0.140283 0.025089 0.572045
0.136751 0.011562 0.585734
0.134805 0.019653 0.582387
0.125978 0.028301 0.578467
0.135170 0.022281 0.576612
0.140121 0.026646 0.578894
0.135956 0.028847 0.599939
0.142974 0.018648 0.580771
0.142876 0.016642 0.580507
0.141941 0.015867 0.580728
0.140095 0.018659 0.589746
0.141653 0.020775 0.579786
0.147187 0.021474 0.580970
0.141814 0.011573 0.585280
0.123780 0.015217 0.586673
0.143859 0.011324 0.587225
0.141731 0.012423 0.584061
0.143697 0.013137 0.586831
0.137997 0.021659 0.593162
0.145494 0.017526 0.589088
0.138032 0.019033 0.590396
0.138097 0.016266 0.599236
0.143161 0.021334 0.593585
0.135876 0.023007 0.586736
0.141932 0.023382 0.599263
0.142814 0.016960 0.597671
0.135290 0.019197 0.591673
0.137510 0.008778 0.590304
0.142519 0.025844 0.593644
0.147051 0.014407 0.593505
0.143450 0.019985 0.588160
0.145955 0.019508 0.597580
0.135893 0.019759 0.588857
0.143559 0.013600 0.598830
0.135441 0.022433 0.598602
0.147851 0.014687 0.593184
0.137975 0.016386 0.602543
0.144044 0.021579 0.601484
0.142265 0.018300 0.603644
0.146977 0.034103 0.593783
0.135043 0.015980 0.585427
0.144627 0.029879 0.596644
0.141856 0.018272 0.601321
0.135173 0.010093 0.606761
0.135384 0.019623 0.613468
0.137038 0.021067 0.611900
0.142436 0.012357 0.601137
0.137043 0.023103 0.595182
0.147169 0.016888 0.601271
0.141719 0.023385 0.608910
0.153625 0.021136 0.603971
0.136108 0.019838 0.609336
0.140991 0.004269 0.608319
0.134003 0.019940 0.607622
0.130922 0.016695 0.611871
0.135649 0.022939 0.609192
0.141212 0.031119 0.610299
0.141506 0.020675 0.620549
0.148770 0.024770 0.612094
0.133232 0.026431 0.613877
0.144142 0.016477 0.614228
0.146278 0.014665 0.615550
0.142740 0.026511 0.614813
0.135150 0.015210 0.604958
0.153886 0.012044 0.606040
0.143540 0.027257 0.620899
0.144510 0.017352 0.617668
0.139901 0.011440 0.613675
0.139734 0.020493 0.615944
0.143522 0.022698 0.615345
0.141520 0.020621 0.611306
0.126355 0.017454 0.618801
0.135093 0.028569 0.618851
0.136894 0.018580 0.605484
0.140943 0.020641 0.616361
0.138226 0.014396 0.619038
0.138111 0.025509 0.606274
0.128039 0.015965 0.621506
0.135985 0.019865 0.620992
0.132509 0.012465 0.624990
0.136956 0.019711 0.608143
0.142933 0.010953 0.629064
0.131561 0.022208 0.623574
0.141238 0.030180 0.617324
0.135052 0.017639 0.619935
0.128088 0.021700 0.629998
0.133151 0.018034 0.623581
0.131476 0.008323 0.618663
0.145839 0.014355 0.615483
0.139840 0.012965 0.632667
0.135335 0.015246 0.633383
0.131762 0.024782 0.623038
0.143717 0.015379 0.634296
0.127521 0.017888 0.627039
0.137867 0.016446 0.626477
0.119304 0.016266 0.630316
0.136521 0.021931 0.627136
0.131563 0.018900 0.630479
0.140239 0.015844 0.620355
0.132847 0.018763 0.633426
0.126184 0.020770 0.629660
0.137131 0.017321 0.635928
0.130244 0.023957 0.631261
0.134347 0.014886 0.630030
0.128811 0.013840 0.625299
0.126462 0.025205 0.633997
0.125804 0.019504 0.640221
0.131727 0.020174 0.622233
0.129871 0.019011 0.633340
0.126534 0.012918 0.625972
0.123415 0.011877 0.625676
0.127246 0.008831 0.628526
0.132565 0.022378 0.650477
0.115960 0.019449 0.626651
0.134661 0.013313 0.631656
0.122221 0.021990 0.634510
0.124855 0.018792 0.616432
0.124152 0.013928 0.629301
0.117732 0.018203 0.634687
0.125886 0.019307 0.645201
0.122717 0.015655 0.643676
0.117477 0.024763 0.635489
0.123886 0.025070 0.632464
0.130838 0.023090 0.642140
0.112236 0.017258 0.643549
0.119393 0.020993 0.636043
0.126348 0.022118 0.635093
0.113460 0.021691 0.562519
0.119601 0.025593 0.563899
0.130168 0.024146 0.563474
0.124581 0.026510 0.564432
0.127649 0.026466 0.568938
0.118171 0.010750 0.561700
0.132459 0.028753 0.561486
0.129752 0.024790 0.563014
0.130927 0.019984 0.559993
0.120971 0.029982 0.574238
0.121394 0.032220 0.575159
0.119443 0.021420 0.560042
0.118398 0.016938 0.561391
0.128675 0.022883 0.567244
0.127585 0.023285 0.567142
0.126964 0.026903 0.560970
0.122108 0.020789 0.568221
0.132788 0.013970 0.563345
0.126095 0.021524 0.563518
0.125747 0.029846 0.583529
0.141419 0.018361 0.566671
0.133266 0.025260 0.581721
0.137402 0.021990 0.568505
0.130814 0.023728 0.569875
0.131607 0.012934 0.572242
0.126172 0.021557 0.571450
0.126358 0.030137 0.561621
0.146298 0.013155 0.568557
0.127362 0.018471 0.573077
0.131026 0.019069 0.561852
0.138726 0.014283 0.573367
0.135922 0.014567 0.567914
0.132312 0.015651 0.580843
0.133281 0.025077 0.571361
0.136807 0.019993 0.575093
0.127388 0.021187 0.576902
0.123512 0.020420 0.590786
0.131788 0.034928 0.566546
0.136985 0.028618 0.580886
0.140830 0.019987 0.580941
0.130621 0.022358 0.567268
0.129625 0.032437 0.577326
0.139422 0.017939 0.580551
0.137163 0.016747 0.576094
0.123193 0.020756 0.573238
0.131297 0.021935 0.566835
0.135460 0.022267 0.577813
0.138986 0.018947 0.581842
0.134166 0.019787 0.587393
0.130388 0.035034 0.589342
0.147537 0.020183 0.579117
0.141930 0.015751 0.578303
0.136452 0.033979 0.580100
0.142000 0.028430 0.584734
0.128426 0.014373 0.581647
0.141859 0.013509 0.575266
0.138461 0.020362 0.593528
0.140063 0.022045 0.580506
0.139049 0.013184 0.588169
0.133877 0.027931 0.573900
0.138993 0.014098 0.589382
0.143423 0.022297 0.590946
0.135652 0.012876 0.585572
0.140006 0.018765 0.586852
0.142403 0.018664 0.593630
0.129647 0.021927 0.597953
0.133567 0.016035 0.579152
0.135378 0.018453 0.588881
0.129623 0.019202 0.588536
0.135460 0.034096 0.586990
0.144485 0.025610 0.595831
0.150426 0.027867 0.579154
0.151440 0.017219 0.585453
0.143623 0.034909 0.595008
0.139471 0.016463 0.593649
0.139744 0.020215 0.593854
0.145885 0.024791 0.590181
0.135094 0.030377 0.591873
0.141999 0.012827 0.586211
0.155421 0.023978 0.601520
0.143471 0.024762 0.592812
0.133959 0.026527 0.592992
0.152773 0.033855 0.586392
0.143836 0.017188 0.590890
0.144481 0.025403 0.588316
0.140075 0.025244 0.595677
0.140863 0.026144 0.605152
0.144683 0.019827 0.595474
0.138003 0.018108 0.592567
0.140948 0.021796 0.598680
0.125938 0.013349 0.610505
0.144285 0.022101 0.597336
0.138726 0.025185 0.604489
0.140547 0.025843 0.612504
0.146207 0.026352 0.603491
0.142296 0.024706 0.589677
0.145162 0.033741 0.603906
0.141835 0.023428 0.604498
0.139899 0.017310 0.608359
0.143923 0.024093 0.602320
0.137073 0.011451 0.603791
0.138014 0.014055 0.609174
0.153057 0.022151 0.607107
0.153754 0.029512 0.608185
0.136223 0.021653 0.618529
0.144903 0.024638 0.601169
0.145622 0.018068 0.608090
0.143682 0.028364 0.603055
0.144005 0.021465 0.613718
0.144260 0.022400 0.611567
0.144995 0.013748 0.617282
0.151849 0.022017 0.605984
0.144666 0.026079 0.609389
0.139409 0.023368 0.598164
0.136374 0.029027 0.615668
0.140271 0.020025 0.603929
0.148458 0.008682 0.617433
0.144201 0.021768 0.615993
0.144061 0.025603 0.617148
0.143280 0.018807 0.615304
0.131570 0.026027 0.605575
0.136661 0.016570 0.623641
0.133526 0.016744 0.602258
0.142462 0.020177 0.604142
0.141727 0.024693 0.611293
0.136057 0.022898 0.619753
0.138486 0.016970 0.619636
0.126240 0.030916 0.620978
0.151177 0.015076 0.628312
0.143347 0.027792 0.620872
0.131537 0.015436 0.601213
0.135941 0.015169 0.624134
0.132309 0.010365 0.621805
0.132411 0.017131 0.610773
0.134718 0.018135 0.626332
0.133105 0.019440 0.628845
0.135179 0.026330 0.627543
0.133274 0.032566 0.622921
0.140640 0.023050 0.626793
0.135174 0.033374 0.625561
0.128847 0.027529 0.617444
0.142960 0.024200 0.625253
0.142034 0.020301 0.630882
0.120152 0.021826 0.626808
0.134614 0.028326 0.633296
0.133955 0.024253 0.619479
0.136059 0.019307 0.622544
0.139534 0.030873 0.610615
0.132468 0.027578 0.618362
0.137889 0.006133 0.633423
0.141067 0.013987 0.618172
0.132232 0.023448 0.624393
0.135320 0.012843 0.627151
0.135725 0.020672 0.629112
0.132497 0.016413 0.628632
0.125052 0.013301 0.626655
0.128341 0.039633 0.635083
0.132134 0.021030 0.626357
0.119362 0.027320 0.628959
0.130427 0.022204 0.622618
0.134200 0.029008 0.629091
0.133202 0.016564 0.628196
0.122564 0.027751 0.633636
0.125120 0.029865 0.637447
0.132038 0.027198 0.642778
0.124111 0.019052 0.634124
0.119772 0.013919 0.629228
0.124575 0.027729 0.629183
0.124532 0.030330 0.637069
0.121298 0.023707 0.633755
0.113992 0.024960 0.635473
0.124230 0.032008 0.628492
0.127444 0.016505 0.630399
0.130310 0.026514 0.630619
0.126547 0.018026 0.638804
0.127582 0.023944 0.636378
0.113325 0.019790 0.640246
0.115826 0.019745 0.630987
0.116964 0.026996 0.643888
0.117740 0.015341 0.640326
0.115221 0.012211 0.562655
0.128389 0.028686 0.562614
0.122839 0.026648 0.559137
0.124759 0.027407 0.566461
0.118105 0.020187 0.570226
0.121683 0.018198 0.562439
0.121949 0.034638 0.572614
0.120292 0.035047 0.567007
0.125577 0.030883 0.567762
0.130662 0.026521 0.563120
0.118150 0.016388 0.572837
0.133585 0.024322 0.554164
0.121994 0.028665 0.571736
0.123639 0.031218 0.563374
0.120716 0.025057 0.567717
0.118587 0.034477 0.573369
0.118890 0.031423 0.562766
0.134901 0.026593 0.570709
0.146120 0.026185 0.561270
0.135164 0.024582 0.575287
0.143481 0.021646 0.563430
0.119077 0.020660 0.556234
0.118123 0.021016 0.558350
0.130645 0.025349 0.574148
0.138769 0.020635 0.575507
0.124328 0.017403 0.572134
0.126477 0.027996 0.576997
0.129507 0.023217 0.574196
0.129929 0.033424 0.574743
0.136188 0.027847 0.575687
0.128013 0.028277 0.571197
0.141858 0.019878 0.579809
0.128712 0.022906 0.571760
0.129486 0.025703 0.573705
0.147813 0.022768 0.577270
0.132904 0.029319 0.580350
0.135198 0.022921 0.575105
0.141383 0.029091 0.581198
0.122273 0.034077 0.573694
0.132972 0.029139 0.578434
0.134008 0.027108 0.581903
0.141489 0.018348 0.573090
0.127759 0.025541 0.578856
0.138656 0.028535 0.565056
0.145509 0.021754 0.582584
0.139370 0.031858 0.581614
0.141764 0.022821 0.581967
0.149746 0.029096 0.579415
0.134790 0.028276 0.580138
0.138830 0.020121 0.585651
0.133901 0.024708 0.594669
0.141764 0.019605 0.577310
0.134458 0.020253 0.585504
0.139238 0.019162 0.572870
0.131721 0.033873 0.579200
0.139408 0.027070 0.586235
0.135938 0.029280 0.585283
0.139919 0.025537 0.578530
0.141209 0.020761 0.586465
0.139851 0.021614 0.587085
0.136969 0.022598 0.590319
0.136367 0.032189 0.580370
0.140945 0.023588 0.588445
0.140083 0.032219 0.588710
0.147910 0.027562 0.589652
0.155831 0.020241 0.589317
0.143791 0.020822 0.593202
0.133807 0.024201 0.583389
0.138587 0.022985 0.578134
0.138318 0.029450 0.590123
0.144439 0.017620 0.592783
0.144467 0.022425 0.593098
0.138710 0.023828 0.594378
0.144484 0.030914 0.598521
0.141004 0.025869 0.589437
0.134701 0.027319 0.596130
0.142755 0.016373 0.596347
0.133872 0.032747 0.586157
0.147479 0.033688 0.608272
0.146616 0.021371 0.589931
0.132317 0.019210 0.598169
0.147708 0.026652 0.604732
0.138207 0.026604 0.594287
0.154924 0.028909 0.594408
0.143404 0.025853 0.594874
0.144464 0.027332 0.594800
0.143164 0.031477 0.594665
0.142819 0.025412 0.601281
0.139258 0.035484 0.583128
0.138150 0.027741 0.591588
0.152433 0.028542 0.605473
0.141065 0.031815 0.604440
0.139659 0.016545 0.611198
0.138061 0.022272 0.592979
0.143446 0.027833 0.602453
0.136631 0.016741 0.604811
0.137759 0.021761 0.600712
0.141561 0.024177 0.609481
0.135100 0.019888 0.605024
0.153132 0.016796 0.608394
0.147177 0.026138 0.609736
0.152842 0.021470 0.606257
0.133444 0.010780 0.608181
0.150609 0.031229 0.616197
0.143833 0.027380 0.610000
0.142563 0.026250 0.608564
0.148105 0.018892 0.608153
0.139851 0.014696 0.615473
0.136218 0.029323 0.604571
0.149764 0.038069 0.601795
0.147158 0.039080 0.608743
0.145552 0.027498 0.609469
0.139480 0.030413 0.606326
0.134001 0.031753 0.618665
0.138837 0.025980 0.614661
0.146548 0.031413 0.615094
0.140205 0.031618 0.616477
0.139303 0.029114 0.609581
0.132674 0.024155 0.606836
0.145436 0.016793 0.619693
0.136164 0.024434 0.625623
0.136682 0.021582 0.621959
0.126872 0.037143 0.619288
0.144484 0.023668 0.616248
0.149035 0.027562 0.619882
0.136159 0.026767 0.609298
0.142291 0.017301 0.623730
0.139782 0.024079 0.628882
0.139896 0.026586 0.620168
0.138464 0.039070 0.613709
0.148882 0.021753 0.614999
0.133878 0.019386 0.613164
0.137237 0.024812 0.625911
0.140164 0.028338 0.618182
0.127346 0.020474 0.612804
0.139151 0.031087 0.622232
0.132553 0.029737 0.609501
0.130635 0.027095 0.627154
0.138940 0.033603 0.617863
0.133239 0.023161 0.618467
0.127788 0.023203 0.626437
0.138642 0.032172 0.629493
0.133289 0.024994 0.622945
0.137771 0.027033 0.625951
0.125717 0.027577 0.626331
0.136939 0.018358 0.630691
0.132592 0.024812 0.632956
0.135159 0.030685 0.632514
0.125902 0.034426 0.623002
0.134994 0.039243 0.631671
0.130920 0.028403 0.626471
0.133043 0.016146 0.635103
0.125866 0.029576 0.636869
0.131416 0.025873 0.619148
0.119939 0.021452 0.636369
0.131450 0.034872 0.634359
0.136745 0.027331 0.632119
0.123996 0.028317 0.623610
0.125284 0.021908 0.629314
0.134655 0.030522 0.644609
0.127906 0.025721 0.645720
0.137405 0.025566 0.635047
0.132209 0.027891 0.625064
0.128414 0.020701 0.629685
0.119933 0.026277 0.634147
0.124148 0.030586 0.628413
0.119181 0.034072 0.629008
0.121635 0.025725 0.628315
0.120264 0.026457 0.633355
0.130465 0.028376 0.639336
0.123795 0.023137 0.641639
0.119310 0.010128 0.628655
0.124558 0.030355 0.644869
0.119885 0.020242 0.629450
0.115364 0.032877 0.632944
0.112264 0.020918 0.636198
0.120605 0.023294 0.633187
0.130824 0.028354 0.638937
0.127106 0.026445 0.635048
0.131266 0.018867 0.642075
0.126854 0.029850 0.561265
0.122743 0.021689 0.563658
0.124796 0.035369 0.554049
0.105451 0.027776 0.572246
0.123205 0.028398 0.553498
0.127014 0.025568 0.555580
0.133403 0.034289 0.567570
0.118062 0.032569 0.567957
0.122037 0.026571 0.563126
0.137008 0.028993 0.567244
0.120139 0.034378 0.572463
0.133198 0.021355 0.571997
0.125783 0.032341 0.569524
0.122850 0.033239 0.567231
0.132134 0.032916 0.576589
0.123046 0.025351 0.574968
0.127308 0.021348 0.571308
0.133686 0.025300 0.566270
0.120500 0.028363 0.572599
0.123389 0.023624 0.574650
0.121411 0.028168 0.572292
0.128781 0.025572 0.567494
0.142448 0.025289 0.572821
0.127314 0.027753 0.564795
0.137063 0.035703 0.565606
0.130619 0.027818 0.570628
0.132031 0.027920 0.574306
0.128647 0.030175 0.576216
0.137513 0.033427 0.573996
0.132109 0.030253 0.569033
0.132464 0.029558 0.575074
0.138396 0.027090 0.559503
0.135608 0.023933 0.568313
0.139327 0.031188 0.576129
0.126563 0.019329 0.563637
0.134612 0.031257 0.577198
0.119471 0.025814 0.582946
0.130684 0.029485 0.580958
0.131629 0.022356 0.573349
0.133534 0.037242 0.580928
0.130016 0.032312 0.588689
0.129301 0.026033 0.586778
0.146341 0.015670 0.576869
0.138468 0.033977 0.582243
0.137830 0.018564 0.584101
0.142238 0.040835 0.584225
0.133674 0.033171 0.575332
0.138076 0.029644 0.588703
0.136629 0.039944 0.584202
0.137133 0.033193 0.586674
0.135406 0.029476 0.582000
0.147690 0.019818 0.586545
0.133807 0.025358 0.576443
0.143953 0.033661 0.573627
0.135301 0.023503 0.575964
0.140107 0.027689 0.583909
0.117294 0.027371 0.579892
0.145855 0.022488 0.586379
0.140913 0.024174 0.594126
0.146148 0.036097 0.572777
0.139228 0.039174 0.592622
0.133955 0.027194 0.588135
0.144165 0.031806 0.577900
0.150507 0.018552 0.589186
0.146222 0.027508 0.593861
0.140321 0.032314 0.590130
0.142127 0.023620 0.590787
0.141582 0.024682 0.583286
0.142235 0.026433 0.595485
0.140863 0.026632 0.583324
0.133435 0.027500 0.588441
0.138701 0.033806 0.585590
0.134569 0.024822 0.598994
0.147961 0.020975 0.583116
0.140025 0.025273 0.591384
0.134015 0.027683 0.593685
0.145706 0.006296 0.587384
0.145770 0.035720 0.591430
0.144027 0.021293 0.596157
0.144370 0.032667 0.596526
0.139655 0.039359 0.593977
0.147563 0.038851 0.600565
0.145462 0.039030 0.595389
0.135065 0.030618 0.591207
0.142416 0.024486 0.595580
0.141883 0.023712 0.587405
0.144314 0.023887 0.600814
0.142344 0.026810 0.600375
0.140368 0.033797 0.601205
0.138699 0.020632 0.601315
0.152423 0.026235 0.594974
0.140832 0.025436 0.602710
0.137464 0.028090 0.606332
0.142419 0.034106 0.600847
0.136378 0.030418 0.601555
0.146839 0.034395 0.599296
0.140714 0.032057 0.587977
0.142878 0.033889 0.605685
0.135906 0.034882 0.597243
0.153178 0.030736 0.615677
0.144982 0.032348 0.606196
0.145256 0.026148 0.611617
0.140279 0.026984 0.588758
0.140518 0.030414 0.601835
0.143929 0.035226 0.604013
0.146410 0.034482 0.603731
0.140434 0.022029 0.606386
0.153001 0.013916 0.608799
0.137823 0.027123 0.605704
0.119406 0.023603 0.621239
0.139987 0.035073 0.610657
0.132453 0.027311 0.612007
0.139582 0.025977 0.611687
0.136545 0.036617 0.614931
0.138046 0.042248 0.605285
0.139386 0.027493 0.610437
0.144269 0.020562 0.614082
0.146844 0.024151 0.615286
0.140777 0.025834 0.614244
0.138539 0.030578 0.615559
0.147533 0.030754 0.612398
0.136919 0.026531 0.625217
0.140793 0.029138 0.612914
0.132297 0.033383 0.613900
0.140410 0.027671 0.610907
0.138330 0.026276 0.609811
0.142917 0.036487 0.620966
0.136952 0.028405 0.620618
0.138473 0.031212 0.637208
0.148755 0.028460 0.613668
0.141235 0.038933 0.611488
0.138006 0.025341 0.632179
0.133544 0.031949 0.620133
0.147298 0.024130 0.615752
0.134426 0.032377 0.616791
0.139595 0.031955 0.636751
0.134788 0.029656 0.618125
0.133265 0.029693 0.611486
0.132984 0.030980 0.619629
0.130964 0.032791 0.629234
0.136723 0.033991 0.612467
0.138120 0.028356 0.628270
0.137868 0.027602 0.629041
0.141183 0.022889 0.633581
0.127412 0.028091 0.639651
0.130865 0.024500 0.622039
0.125387 0.021482 0.625669
0.139316 0.026850 0.622583
0.131460 0.028609 0.642135
0.132802 0.026828 0.630411
0.136313 0.042273 0.619356
0.134174 0.035908 0.630459
0.119800 0.029303 0.628607
0.131055 0.021761 0.616388
0.133292 0.023157 0.625842
0.134625 0.032226 0.626488
0.129430 0.031932 0.628134
0.153718 0.029092 0.625558
0.119163 0.035284 0.635703
0.120182 0.024553 0.634815
0.124020 0.030770 0.630164
0.120593 0.029801 0.631003
0.124195 0.026368 0.631541
0.113473 0.021996 0.637236
0.125779 0.027169 0.632713
0.126735 0.024726 0.637639
0.120410 0.033221 0.625385
0.127409 0.034498 0.644489
0.131921 0.024386 0.640408
0.117599 0.027232 0.636978
0.131122 0.026182 0.634072
0.137387 0.028601 0.647526
0.129412 0.015643 0.630993
0.119877 0.022193 0.628676
0.132352 0.034284 0.631937
0.120634 0.020759 0.633497
0.120798 0.032085 0.631496
0.134643 0.027674 0.641976
0.118300 0.014293 0.645289
0.123594 0.029412 0.639626
0.123658 0.023628 0.560649
0.119133 0.028233 0.565962
0.114902 0.039437 0.554710
0.124463 0.038340 0.558410
0.127309 0.029296 0.569214
0.122349 0.038826 0.564241
0.125403 0.035911 0.567858
0.130095 0.035130 0.566855
0.126195 0.032180 0.558248
0.130202 0.034474 0.580762
0.119949 0.030186 0.567226
0.127927 0.030041 0.563699
0.134667 0.034459 0.559487
0.131497 0.026127 0.565735
0.133637 0.035425 0.568672
0.126623 0.036243 0.573804
0.119908 0.031623 0.566122
0.127921 0.034837 0.563440
0.129512 0.032067 0.569618
0.131951 0.046476 0.579520
0.125260 0.031260 0.570708
0.142319 0.028070 0.568805
0.130214 0.030124 0.563258
0.132797 0.037830 0.566791
0.126039 0.031343 0.573043
0.138026 0.034063 0.563294
0.140715 0.032261 0.564419
0.130801 0.034564 0.572364
0.127314 0.031983 0.579093
0.126470 0.036184 0.564122
0.135397 0.041028 0.581618
0.137576 0.035368 0.574135
0.128550 0.035754 0.578144
0.135868 0.029565 0.575331
0.141840 0.030192 0.572353
0.128084 0.033337 0.573599
0.127677 0.039768 0.558989
0.139295 0.036607 0.579047
0.131739 0.031078 0.579056
0.128915 0.038800 0.582480
0.142423 0.041566 0.574062
0.139387 0.032757 0.576881
0.141930 0.027177 0.580954
0.133077 0.033231 0.564138
0.136440 0.018687 0.583494
0.133504 0.038995 0.581259
0.128536 0.032613 0.585226
0.137836 0.029035 0.574700
0.139081 0.029539 0.582292
0.135926 0.031508 0.576773
0.140789 0.027582 0.588159
0.142860 0.032987 0.567886
0.144203 0.025623 0.580340
0.149717 0.034765 0.585773
0.139131 0.038042 0.593337
0.134957 0.027942 0.581480
0.142800 0.027087 0.581364
0.146896 0.026783 0.584315
0.147561 0.020177 0.588431
0.135830 0.036043 0.586030
0.147596 0.029044 0.592598
0.145333 0.017095 0.586718
0.141625 0.047303 0.588166
0.133453 0.032553 0.586282
0.136611 0.031062 0.573954
0.133162 0.039090 0.591758
0.141530 0.031442 0.601027
0.135092 0.039816 0.584125
0.141210 0.025725 0.582524
0.154803 0.029878 0.593666
0.146754 0.028896 0.591036
0.146151 0.028975 0.595931
0.140987 0.030351 0.593258
0.143849 0.027779 0.588070
0.141826 0.034293 0.592709
0.135880 0.030484 0.583710
0.142404 0.045730 0.587628
0.136867 0.023590 0.589425
0.153674 0.029365 0.591003
0.150114 0.039691 0.584782
0.139121 0.031962 0.593077
0.142210 0.037346 0.592919
0.140762 0.016375 0.591464
0.144327 0.028761 0.604241
0.149159 0.034933 0.593584
0.149933 0.037512 0.594577
0.151151 0.039679 0.596713
0.151244 0.034218 0.595288
0.146938 0.025334 0.600218
0.136678 0.024963 0.603357
0.147857 0.029333 0.590212
0.137185 0.031995 0.597991
0.151501 0.031207 0.605082
0.151084 0.032663 0.607938
0.143296 0.025397 0.600266
0.150904 0.034422 0.605340
0.146732 0.037805 0.595542
0.146587 0.029050 0.604101
0.147269 0.032667 0.604736
0.141012 0.040660 0.609569
0.132349 0.034715 0.596923
0.144315 0.032224 0.599452
0.142427 0.032383 0.604248
0.141702 0.027265 0.611338
0.133967 0.033293 0.593386
0.151078 0.030953 0.607533
0.136304 0.039296 0.607675
0.136508 0.024430 0.616100
0.139100 0.030282 0.589977
0.143438 0.034949 0.602733
0.144402 0.031178 0.603070
0.141760 0.020760 0.611481
0.142272 0.037937 0.606413
0.140638 0.029515 0.624087
0.146039 0.029654 0.615722
0.143666 0.033435 0.610800
0.135734 0.025865 0.610627
0.133986 0.033575 0.615323
0.135214 0.031236 0.613012
0.136433 0.032645 0.617368
0.132716 0.037023 0.622930
0.144467 0.033141 0.620231
0.141100 0.033541 0.616528
0.138844 0.034808 0.623853
0.137079 0.033643 0.610009
0.148454 0.035831 0.615555
0.142424 0.034692 0.609914
0.145267 0.036692 0.621338
0.139896 0.026284 0.617849
0.134176 0.025059 0.626832
0.137528 0.036418 0.622391
0.132803 0.025721 0.618680
0.129527 0.046570 0.622992
0.134473 0.023465 0.618123
0.145146 0.029986 0.606654
0.124347 0.029830 0.626411
0.132284 0.034490 0.620790
0.139405 0.031517 0.612347
0.137521 0.024994 0.614181
0.138809 0.036854 0.609143
0.130620 0.028653 0.624678
0.125246 0.024371 0.618158
0.136260 0.043491 0.636579
0.126362 0.035380 0.626960
0.142933 0.033356 0.625026
0.138236 0.028004 0.625432
0.127307 0.030283 0.626876
0.132767 0.027676 0.635587
0.128278 0.031239 0.627280
0.135283 0.033086 0.630663
0.125703 0.033783 0.621733
0.122221 0.037784 0.627687
0.123856 0.027742 0.632013
0.138290 0.032009 0.616341
0.137022 0.036882 0.626055
0.147927 0.026913 0.627379
0.131163 0.043520 0.623447
0.132988 0.029294 0.636137
0.133421 0.036031 0.628883
0.132806 0.044109 0.637334
0.131238 0.031022 0.630795
0.130390 0.034121 0.629954
0.129411 0.029485 0.628835
0.135964 0.033384 0.637809
0.135995 0.032953 0.633446
0.130954 0.040350 0.632087
0.127492 0.036286 0.643346
0.129973 0.030556 0.625152
0.140716 0.031335 0.636045
0.122882 0.042719 0.641647
0.134403 0.035141 0.622058
0.125758 0.032028 0.629423
0.130287 0.040794 0.637306
0.131465 0.034775 0.633729
0.126306 0.025832 0.640520
0.133745 0.024636 0.630952
0.124530 0.018821 0.628091
0.126092 0.037123 0.627609
0.120738 0.023774 0.628631
0.126068 0.026715 0.636414
0.122846 0.043867 0.565798
0.122386 0.042256 0.564500
0.128873 0.040826 0.560815
0.118086 0.036553 0.565687
0.124446 0.041654 0.562544
0.126583 0.034227 0.566136
0.123781 0.033174 0.562944
0.118045 0.044454 0.560968
0.124156 0.030105 0.560102
0.124765 0.040287 0.566524
0.127676 0.033506 0.566218
0.128930 0.050800 0.568982
0.128618 0.022793 0.569366
0.132876 0.038792 0.556973
0.132260 0.027141 0.562083
0.127258 0.035309 0.562524
0.128542 0.030930 0.561845
0.120574 0.024721 0.573331
0.131272 0.032662 0.569806
0.131119 0.038829 0.565149
0.134521 0.028161 0.559154
0.130471 0.032736 0.568414
0.145387 0.044220 0.575370
0.133956 0.031480 0.582029
0.127068 0.039438 0.573181
0.127765 0.022833 0.586466
0.143994 0.036794 0.571947
0.139576 0.026145 0.572481
0.128133 0.037519 0.565956
0.125212 0.039930 0.570413
0.136684 0.035810 0.567900
0.131237 0.036032 0.566077
0.126547 0.022653 0.572714
0.142530 0.036198 0.565925
0.130601 0.033106 0.566637
0.140125 0.048039 0.572777
0.140436 0.033336 0.573018
0.131670 0.042140 0.582317
0.129926 0.040398 0.582908
0.119633 0.026876 0.571073
0.133357 0.033495 0.571171
0.136793 0.035120 0.584302
0.142829 0.019832 0.579290
0.139513 0.044030 0.573118
0.138841 0.032874 0.568980
0.139841 0.035844 0.578392
0.139674 0.034721 0.577057
0.137432 0.028915 0.571054
0.142706 0.031541 0.592722
0.141799 0.038965 0.578443
0.138074 0.051066 0.570464
0.129485 0.029441 0.579430
0.148335 0.041971 0.577563
0.131552 0.025046 0.572614
0.148737 0.034383 0.583172
0.135181 0.043106 0.577315
0.145557 0.033913 0.586814
0.139425 0.023602 0.577911
0.136824 0.041367 0.592747
0.141485 0.034665 0.574441
0.140031 0.043806 0.587280
0.135511 0.039099 0.591042
0.148282 0.030033 0.592041
0.141344 0.023918 0.581262
0.144801 0.032997 0.594756
0.147953 0.039478 0.587604
0.131841 0.042731 0.589645
0.133879 0.029005 0.589735
0.138166 0.037508 0.589544
0.148469 0.016426 0.593599
0.141880 0.039465 0.579264
0.140701 0.041902 0.590506
0.138625 0.030898 0.594653
0.144941 0.045961 0.584689
0.137154 0.029190 0.592035
0.147280 0.041837 0.583934
0.135492 0.039699 0.604478
0.141689 0.039543 0.596004
0.137465 0.032635 0.596749
0.136429 0.035490 0.597467
0.137932 0.030497 0.592739
0.141147 0.034897 0.601893
0.141659 0.028837 0.595951
0.141732 0.041366 0.600087
0.147593 0.030659 0.592367
0.132485 0.040096 0.604227
0.133248 0.038741 0.593203
0.144286 0.037807 0.594840
0.141848 0.032389 0.604962
0.151879 0.046193 0.604921
0.141057 0.035244 0.588874
0.147773 0.041558 0.594980
0.132295 0.041960 0.597516
0.147381 0.034297 0.601007
0.145675 0.047296 0.599655
0.149490 0.040031 0.589567
0.133147 0.031991 0.601752
0.151970 0.034580 0.596910
0.142610 0.027027 0.602650
0.144046 0.037554 0.601811
0.138977 0.033657 0.607110
0.149357 0.044289 0.608642
0.136027 0.030166 0.611730
0.138758 0.022562 0.615062
0.143605 0.023717 0.602475
0.146630 0.042231 0.608471
0.146239 0.034136 0.618053
0.162097 0.025383 0.608252
0.137188 0.025376 0.617049
0.136459 0.029798 0.612353
0.135881 0.020528 0.605129
0.153905 0.028509 0.614499
0.131398 0.031389 0.607191
0.143915 0.045156 0.600650
0.139194 0.025711 0.611646
0.134734 0.021692 0.610892
0.148084 0.036128 0.610546
0.144240 0.034756 0.604340
0.150273 0.033943 0.615221
0.141731 0.038558 0.617020
0.139168 0.039495 0.616478
0.137655 0.026986 0.624823
0.133062 0.041368 0.616777
0.147966 0.032543 0.615403
0.142192 0.036708 0.623680
0.136304 0.041977 0.619012
0.134242 0.035714 0.612810
0.144225 0.037392 0.607318
0.139097 0.033876 0.615126
0.143793 0.046644 0.618868
0.148309 0.032008 0.618785
0.114025 0.040975 0.624638
0.136092 0.031423 0.618649
0.141237 0.029967 0.620548
0.131337 0.041794 0.608903
0.124672 0.031678 0.622248
0.141521 0.041024 0.616058
0.139394 0.031306 0.617499
0.135144 0.033157 0.632221
0.144156 0.042027 0.617418
0.125355 0.029836 0.628983
0.133006 0.029827 0.634473
0.137438 0.046004 0.624901
0.131636 0.035906 0.617554
0.127585 0.032050 0.619953
0.124853 0.031898 0.632261
0.123403 0.036558 0.631023
0.132677 0.034618 0.625539
0.127226 0.040717 0.632894
0.117336 0.031531 0.630537
0.137100 0.043948 0.631713
0.135345 0.044193 0.626322
0.127172 0.040796 0.628788
0.134984 0.031968 0.626193
0.126405 0.026619 0.641043
0.120471 0.036500 0.631284
0.135263 0.042492 0.626451
0.129518 0.031450 0.634060
0.118824 0.033521 0.634277
0.129472 0.036948 0.623332
0.126223 0.031231 0.636179
0.127812 0.037461 0.628329
0.135104 0.042056 0.625209
0.124447 0.042981 0.634659
0.131936 0.039124 0.636831
0.128048 0.045106 0.628950
0.128859 0.035714 0.637478
0.113546 0.048649 0.646921
0.120067 0.038121 0.637611
0.124762 0.039793 0.641505
0.128819 0.030601 0.635107
0.124264 0.049197 0.641417
0.119435 0.036156 0.628551
0.125390 0.034783 0.630884
0.119353 0.037983 0.634055
0.118605 0.038921 0.633684
0.126398 0.038993 0.647394
0.130093 0.038998 0.641747
0.127256 0.032825 0.636190
0.122221 0.038742 0.633993
0.110560 0.044671 0.561422
0.118063 0.036581 0.565119
0.122653 0.036641 0.569043
0.118920 0.045071 0.575896
0.113705 0.042741 0.567413
0.136649 0.046972 0.570252
0.118865 0.043716 0.566639
0.113646 0.039582 0.562519
0.126029 0.048703 0.566614
0.123107 0.036125 0.565673
0.122708 0.042488 0.565813
0.133100 0.040429 0.571479
0.120181 0.042959 0.558894
0.128609 0.045588 0.564073
0.118626 0.042007 0.571832
0.141179 0.049520 0.558214
0.133189 0.026677 0.567093
0.138792 0.037818 0.575176
0.130299 0.032813 0.568933
0.122354 0.039567 0.569748
0.123812 0.037706 0.569321
0.128065 0.033446 0.568406
0.129921 0.043686 0.566883
0.125040 0.033007 0.581126
0.118004 0.039562 0.567746
0.119652 0.046214 0.573681
0.129041 0.041601 0.569636
0.133753 0.034103 0.570835
0.130714 0.043066 0.564959
0.127140 0.036899 0.572480
0.123327 0.045542 0.576178
0.142918 0.036618 0.573332
0.136033 0.041363 0.560647
0.139670 0.030853 0.582058
0.126998 0.036984 0.575541
0.139900 0.044873 0.569157
0.131284 0.045119 0.567209
0.128387 0.044552 0.578394
0.137899 0.031791 0.577972
0.140407 0.039270 0.575131
0.146541 0.036137 0.581404
0.136633 0.027877 0.574550
0.132007 0.036801 0.578343
0.134006 0.050630 0.566952
0.131046 0.030447 0.565950
0.130764 0.034257 0.576184
0.140082 0.034174 0.580604
0.142439 0.044665 0.566263
0.136933 0.037912 0.583833
0.134781 0.042112 0.587403
0.141137 0.036507 0.579863
0.140502 0.036027 0.573614
0.144385 0.027804 0.576964
0.134593 0.040928 0.582678
0.145997 0.034165 0.578080
0.140060 0.042070 0.580186
0.132431 0.045014 0.585068
0.139723 0.025517 0.584897
0.134053 0.039656 0.583481
0.139432 0.039194 0.580070
0.143234 0.043375 0.593082
0.144403 0.035156 0.573912
0.146607 0.034562 0.579977
0.142667 0.036589 0.580657
0.139128 0.036909 0.584868
0.144734 0.029117 0.591275
0.148555 0.035341 0.581708
0.136173 0.040055 0.577309
0.132316 0.048149 0.583730
0.146184 0.038092 0.582884
0.147759 0.046727 0.583603
0.141738 0.048486 0.600503
0.141614 0.037934 0.604497
0.126661 0.037770 0.593322
0.142056 0.045870 0.588509
0.147654 0.040253 0.601541
0.137760 0.032820 0.593881
0.134419 0.028969 0.589789
0.149473 0.048008 0.596465
0.132673 0.021983 0.596017
0.140914 0.027124 0.599925
0.145549 0.045715 0.600819
0.140068 0.041617 0.593591
0.150808 0.050541 0.599204
0.143841 0.037403 0.590626
0.139606 0.037379 0.588060
0.136405 0.046299 0.596734
0.140284 0.040889 0.600066
0.143422 0.033738 0.580533
0.148847 0.036122 0.597699
0.148731 0.037309 0.591948
0.136084 0.035526 0.600656
0.142344 0.036953 0.592435
0.140381 0.028008 0.603193
0.150316 0.037861 0.605068
0.135429 0.039635 0.595211
0.145596 0.047122 0.610876
0.146175 0.044696 0.610981
0.145243 0.033772 0.606824
0.157375 0.031281 0.615050
0.139642 0.036614 0.611493
0.147620 0.040958 0.600045
0.135742 0.036996 0.601113
0.149114 0.038147 0.602180
0.153375 0.038442 0.600748
0.146979 0.042745 0.602380
0.136798 0.046913 0.595653
0.148726 0.040032 0.605602
0.142980 0.043759 0.624772
0.131534 0.040305 0.603110
0.143522 0.044034 0.608082
0.140273 0.040923 0.610205
0.137889 0.043103 0.614206
0.138915 0.038348 0.608701
0.135465 0.046305 0.606771
0.138664 0.037307 0.620983
0.131851 0.056201 0.619625
0.137203 0.043377 0.621818
0.137664 0.035027 0.620588
0.146899 0.044302 0.614231
0.138539 0.039987 0.612634
0.152970 0.030435 0.615025
0.150063 0.038916 0.628189
0.139049 0.039727 0.619188
0.141214 0.046645 0.614888
0.132921 0.042471 0.617702
0.152018 0.028569 0.617307
0.143214 0.037909 0.618293
0.141159 0.056887 0.611777
0.140590 0.028126 0.619283
0.141562 0.043334 0.612175
0.141003 0.047956 0.613226
0.131545 0.042611 0.617231
0.128099 0.040290 0.615888
0.140734 0.034421 0.612618
0.139771 0.050562 0.617782
0.139772 0.041016 0.624673
0.149126 0.034360 0.623811
0.136008 0.037093 0.626936
0.146553 0.041128 0.622256
0.131355 0.044624 0.614891
0.126613 0.044749 0.625516
0.132713 0.033417 0.621732
0.138015 0.035301 0.628036
0.134206 0.040492 0.618278
0.143120 0.050642 0.625135
0.128937 0.044657 0.625294
0.130672 0.035194 0.620928
0.121363 0.045280 0.629937
0.132317 0.033232 0.627459
0.128374 0.041257 0.624386
0.130151 0.049042 0.624910
0.120185 0.041799 0.633141
0.125701 0.039446 0.628589
0.135315 0.038843 0.623330
0.133845 0.032732 0.623176
0.132501 0.039567 0.630972
0.126676 0.035088 0.632348
0.115474 0.043873 0.633881
0.137006 0.039819 0.625789
0.130083 0.032452 0.627970
0.119873 0.032537 0.637692
0.120821 0.032049 0.632668
0.135477 0.039022 0.628638
0.126288 0.041310 0.634386
0.123094 0.037316 0.628956
0.127911 0.039606 0.637194
0.130461 0.040351 0.629092
0.118625 0.027683 0.634903
0.124208 0.029247 0.633535
0.130107 0.045571 0.630177
0.131506 0.038335 0.630459
0.122241 0.034839 0.629870
0.121731 0.038523 0.630371
0.121931 0.036926 0.642328
0.127295 0.042959 0.633246
0.112456 0.043114 0.637972
0.116722 0.034449 0.645521
0.122084 0.042442 0.636439
0.119034 0.041465 0.630586
0.123392 0.042424 0.560274
0.117471 0.027378 0.564145
0.125174 0.026033 0.558971
0.126420 0.042893 0.566630
0.128742 0.041604 0.564151
0.117578 0.042614 0.559316
0.124353 0.043417 0.560026
0.121790 0.055663 0.556707
0.132634 0.049259 0.565900
0.133262 0.036365 0.562937
0.139143 0.033004 0.571845
0.133958 0.045644 0.576189
0.125484 0.043049 0.573352
0.127237 0.032469 0.578658
0.132206 0.039365 0.563836
0.137527 0.023543 0.568920
0.125343 0.036631 0.570211
0.128031 0.049338 0.584301
0.135363 0.039624 0.564797
0.126139 0.044880 0.557553
0.135130 0.044770 0.560163
0.131883 0.029973 0.567049
0.134359 0.028035 0.563929
0.142405 0.035654 0.571455
0.137077 0.037192 0.576082
0.124343 0.035093 0.571762
0.121943 0.045295 0.577871
0.132608 0.035891 0.563461
0.124248 0.036704 0.574240
0.139225 0.036975 0.567007
0.135205 0.041954 0.569118
0.124849 0.038691 0.560501
0.131437 0.044830 0.570911
0.128619 0.050857 0.578069
0.129571 0.044270 0.586474
0.134343 0.049969 0.577524
0.127659 0.056117 0.575677
0.144758 0.045014 0.570869
0.131379 0.040432 0.576594
0.136018 0.033417 0.580720
0.127950 0.040948 0.567453
0.141504 0.039471 0.571542
0.127049 0.051888 0.571646
0.137993 0.044893 0.566669
0.148240 0.044559 0.583984
0.131447 0.042934 0.582511
0.141612 0.037548 0.595322
0.138998 0.034201 0.579631
0.136766 0.043987 0.590166
0.141951 0.039212 0.574155
0.138710 0.046672 0.581345
0.135117 0.057901 0.582544
0.134355 0.048991 0.574007
0.138871 0.053099 0.578067
0.142914 0.045512 0.584514
0.134141 0.039654 0.581370
0.139975 0.039889 0.575496
0.134608 0.041245 0.581738
0.139381 0.036563 0.589271
0.140774 0.040300 0.592658
0.137808 0.045189 0.576297
0.135109 0.039626 0.590168
0.140939 0.039374 0.588648
0.149816 0.049106 0.589209
0.143610 0.044716 0.582625
0.134449 0.028276 0.589374
0.129677 0.041730 0.595901
0.141474 0.033825 0.581520
0.148351 0.045211 0.593959
0.147148 0.050020 0.585652
0.130329 0.043027 0.590858
0.137073 0.034397 0.591988
0.128469 0.050201 0.592930
0.134855 0.052220 0.596557
0.147210 0.041116 0.595180
0.138013 0.041428 0.593542
0.138321 0.051951 0.584374
0.140524 0.026534 0.591377
0.152483 0.063326 0.596242
0.141551 0.042519 0.598999
0.141407 0.043288 0.597741
0.141503 0.039747 0.607490
0.131135 0.047070 0.592102
0.141013 0.038387 0.601329
0.142223 0.053835 0.583122
0.136746 0.038685 0.592954
0.144703 0.043325 0.596223
0.138079 0.043306 0.594950
0.145409 0.040870 0.597356
0.144719 0.041718 0.606819
0.144037 0.045455 0.608777
0.141059 0.044888 0.600337
0.138523 0.042309 0.587818
0.130958 0.041197 0.606634
0.140469 0.048297 0.601573
0.141606 0.042905 0.605040
0.147297 0.044879 0.595411
0.144422 0.049620 0.602200
0.150679 0.041202 0.600233
0.146317 0.039028 0.599980
0.140905 0.056867 0.606706
0.138513 0.035819 0.599867
0.151444 0.042805 0.608420
0.142734 0.048444 0.610123
0.146135 0.043280 0.608917
0.150930 0.043601 0.612536
0.150637 0.037654 0.598143
0.138458 0.045398 0.618694
0.147078 0.052354 0.609677
0.136866 0.035034 0.598653
0.143532 0.037700 0.604046
0.149871 0.038975 0.609894
0.137148 0.033905 0.610990
0.139301 0.049117 0.616206
0.139255 0.040235 0.603030
0.135842 0.042644 0.616742
0.134436 0.044806 0.610809
0.136512 0.042359 0.612328
0.137479 0.038630 0.606460
0.133001 0.041778 0.619174
0.134945 0.038054 0.616694
0.143328 0.043116 0.614548
0.133164 0.040171 0.617822
0.134519 0.041589 0.615543
0.139605 0.041221 0.607360
0.140377 0.056417 0.618777
0.143627 0.037856 0.623880
0.148836 0.035319 0.617840
0.138955 0.041217 0.612994
0.137809 0.043105 0.617075
0.126451 0.049230 0.612658
0.135029 0.039567 0.617959
0.129511 0.047564 0.625922
0.134013 0.046121 0.618839
0.134238 0.041167 0.629194
0.141730 0.051866 0.625961
0.138161 0.040336 0.620841
0.144370 0.047451 0.613397
0.141527 0.047408 0.634794
0.144993 0.043791 0.623199
0.144275 0.044859 0.616354
0.141674 0.041019 0.624158
0.143161 0.037795 0.623620
0.136288 0.042592 0.616673
0.128909 0.044947 0.628015
0.138792 0.045413 0.620277
0.132057 0.044269 0.632007
0.119160 0.032290 0.620328
0.117798 0.046446 0.630375
0.133664 0.046277 0.614478
0.129783 0.035165 0.623598
0.136734 0.044944 0.640382
0.132763 0.044696 0.624008
0.135678 0.040432 0.633023
0.135947 0.038646 0.630733
0.124966 0.054642 0.626358
0.130718 0.039370 0.635343
0.130353 0.038217 0.641093
0.133311 0.045680 0.626719
0.135161 0.043771 0.628316
0.139759 0.035747 0.634631
0.132132 0.041989 0.632666
0.127761 0.040333 0.631121
0.126101 0.041888 0.636079
0.123234 0.044003 0.625490
0.116072 0.035474 0.625715
0.138617 0.039359 0.630807
0.136841 0.037848 0.639519
0.117037 0.044122 0.632134
0.123963 0.051202 0.632766
0.122030 0.042838 0.634567
0.128035 0.035560 0.638606
0.123107 0.038313 0.629398
0.132343 0.046180 0.629266
0.119299 0.041333 0.632873
0.118167 0.033987 0.627443
0.116501 0.046435 0.638362
0.129330 0.035646 0.639970
0.131659 0.051847 0.630939
0.127420 0.043119 0.634037
0.123028 0.047586 0.561726
0.119132 0.049130 0.551301
0.126949 0.050008 0.554800
0.122070 0.050232 0.566512
0.128313 0.044224 0.557115
0.134133 0.050652 0.561501
0.130002 0.053467 0.565580
0.119614 0.047210 0.568370
0.131931 0.046832 0.570482
0.136481 0.046792 0.573579
0.126269 0.041616 0.564250
0.129287 0.041975 0.563223
0.126398 0.042696 0.573842
0.125580 0.048697 0.565385
0.133004 0.051245 0.574115
0.129902 0.043264 0.567963
0.131220 0.037507 0.569642
0.124569 0.044553 0.577739
0.119652 0.043986 0.573395
0.123857 0.054288 0.574162
0.134648 0.048569 0.567066
0.138532 0.027300 0.574190
0.125408 0.047776 0.569942
0.127072 0.054214 0.571448
0.138805 0.043335 0.570812
0.121135 0.043491 0.577120
0.127722 0.043446 0.567592
0.127372 0.040070 0.572751
0.139163 0.041079 0.584337
0.130530 0.061703 0.578509
0.130187 0.051348 0.579632
0.133613 0.046814 0.580980
0.138111 0.038249 0.572649
0.132552 0.037879 0.566848
0.137958 0.046562 0.571336
0.139067 0.056210 0.577379
0.127594 0.040026 0.581715
0.141063 0.040844 0.578956
0.140842 0.046607 0.573648
0.127418 0.051688 0.579610
0.133811 0.035480 0.580368
0.138866 0.055102 0.572206
0.140890 0.051506 0.576733
0.133556 0.033434 0.585562
0.132137 0.043073 0.576781
0.137847 0.042818 0.569605
0.135640 0.043598 0.587529
0.142070 0.045107 0.585568
0.142569 0.034570 0.584864
0.149080 0.047313 0.570638
0.143036 0.037036 0.571288
0.137370 0.048390 0.576288
0.130723 0.048732 0.586576
0.136216 0.041397 0.579331
0.141013 0.038809 0.585780
0.125775 0.040005 0.580255
0.154212 0.059613 0.577709
0.130575 0.048795 0.577930
0.133280 0.057043 0.585153
0.131018 0.033535 0.585149
0.142464 0.046757 0.583198
0.133655 0.038094 0.574968
0.134150 0.045317 0.585448
0.139203 0.041996 0.587089
0.152729 0.047378 0.591574
0.139886 0.042345 0.598730
0.140022 0.046703 0.599978
0.142435 0.047014 0.580167
0.153333 0.047254 0.584434
0.144614 0.046643 0.601112
0.138735 0.038933 0.597083
0.137249 0.062283 0.601275
0.140605 0.049491 0.592472
0.133341 0.039440 0.586892
0.134893 0.053323 0.604524
0.135073 0.035945 0.576011
0.149346 0.052986 0.587108
0.144368 0.047569 0.600794
0.145197 0.043612 0.597010
0.146257 0.050043 0.589935
0.141727 0.042249 0.601576
0.152473 0.044108 0.593067
0.151365 0.039817 0.594202
0.143135 0.041988 0.603332
0.142354 0.048725 0.599287
0.139769 0.052715 0.599062
0.142934 0.056131 0.592501
0.142912 0.043574 0.599210
0.139871 0.038389 0.599143
0.147213 0.042445 0.597255
0.142418 0.039729 0.597164
0.145067 0.046333 0.602619
0.146708 0.049741 0.608931
0.138098 0.042589 0.600262
0.136023 0.031457 0.591982
0.144533 0.047653 0.595808
0.144491 0.040315 0.609658
0.143398 0.041172 0.601366
0.147196 0.053923 0.602118
0.140931 0.045092 0.608210
0.140732 0.051057 0.599738
0.129358 0.046752 0.609750
0.146200 0.039851 0.607047
0.135783 0.038359 0.600112
0.135239 0.044586 0.601646
0.140684 0.047763 0.605098
0.162207 0.049464 0.609925
0.134742 0.051139 0.604652
0.133915 0.048685 0.612189
0.136405 0.052631 0.609496
0.131764 0.045678 0.613882
0.136172 0.046061 0.613051
0.144913 0.050040 0.611847
0.136783 0.054504 0.613303
0.140621 0.050127 0.618296
0.131285 0.052253 0.615626
0.148110 0.039413 0.616293
0.135599 0.038233 0.611603
0.138700 0.045866 0.605259
0.145309 0.051191 0.612161
0.134529 0.052107 0.621802
0.140612 0.044532 0.605291
0.141439 0.045778 0.614447
0.136661 0.036955 0.612836
0.126108 0.049202 0.609999
0.133601 0.054135 0.618789
0.133055 0.053887 0.613818
0.132733 0.045387 0.620310
0.145668 0.045469 0.616066
0.137148 0.051065 0.615935
0.151187 0.045138 0.618755
0.128984 0.042334 0.622685
0.145087 0.045156 0.624449
0.147108 0.049159 0.615794
0.140957 0.039219 0.609366
0.126916 0.040066 0.617001
0.134206 0.038979 0.622588
0.125694 0.043525 0.633921
0.125502 0.046153 0.617889
0.135575 0.051301 0.609662
0.131326 0.042815 0.624612
0.138714 0.055228 0.631687
0.123557 0.048784 0.625759
0.132583 0.051234 0.623116
0.129628 0.050122 0.629795
0.129452 0.047617 0.625538
0.141712 0.044889 0.619962
0.140469 0.046508 0.630636
0.126756 0.046154 0.618215
0.127329 0.057179 0.631059
0.124768 0.051204 0.627032
0.128190 0.043756 0.623037
0.127311 0.042395 0.622642
0.136743 0.047382 0.626537
0.125508 0.044425 0.622997
0.137987 0.049339 0.646729
0.126947 0.050184 0.631253
0.123829 0.045836 0.630279
0.125074 0.053498 0.637953
0.127798 0.044830 0.625699
0.141629 0.047300 0.638088
0.130804 0.060244 0.629841
0.136408 0.036197 0.623822
0.132920 0.048253 0.628573
0.130144 0.040322 0.632343
0.130730 0.034665 0.627060
0.128230 0.036754 0.636783
0.120620 0.045202 0.643965
0.125412 0.039835 0.636333
0.120332 0.048455 0.634076
0.126459 0.051122 0.634085
0.117193 0.043368 0.639698
0.126011 0.036828 0.640058
0.127198 0.045175 0.641530
0.121832 0.037368 0.639521
0.124711 0.046417 0.636793
0.111244 0.057660 0.644228
0.123176 0.038476 0.638191
0.119673 0.047045 0.628882
0.114657 0.045377 0.637901
0.121848 0.044853 0.564161
0.118478 0.043354 0.556375
0.119966 0.044091 0.567283
0.120192 0.054120 0.565600
0.114601 0.051175 0.564404
0.127535 0.035830 0.565260
0.119753 0.042347 0.555232
0.128048 0.043024 0.571576
0.123120 0.034187 0.570742
0.126346 0.053416 0.571144
0.131921 0.060192 0.562129
0.131098 0.058887 0.565037
0.122543 0.050814 0.567286
0.132513 0.047703 0.562507
0.112570 0.052446 0.569889
0.115933 0.069276 0.577419
0.118818 0.047872 0.570705
0.128359 0.060203 0.564306
0.130373 0.041631 0.568699
0.138415 0.054478 0.574380
0.123473 0.051911 0.561912
0.127830 0.049421 0.577810
0.136347 0.046386 0.574456
0.136932 0.050547 0.570512
0.123870 0.041762 0.572051
0.134611 0.041667 0.576052
0.141984 0.056306 0.568627
0.140481 0.048197 0.568905
0.137583 0.048177 0.569268
0.140151 0.048338 0.572130
0.140385 0.048199 0.578037
0.133284 0.046804 0.569941
0.137908 0.035405 0.569340
0.134943 0.043539 0.572175
0.142515 0.051084 0.573922
0.136835 0.043885 0.564224
0.139448 0.051216 0.571918
0.135526 0.042211 0.579726
0.134207 0.055169 0.575898
0.127184 0.044127 0.575990
0.136781 0.038552 0.589185
0.132461 0.059293 0.580868
0.135628 0.048744 0.579610
0.135746 0.049485 0.587729
0.139740 0.057764 0.575221
0.132124 0.048788 0.581413
0.142261 0.044217 0.586404
0.137828 0.052344 0.577404
0.128876 0.048836 0.572140
0.146814 0.053763 0.584296
0.132260 0.054565 0.585935
0.142018 0.044552 0.582196
0.134995 0.045064 0.574511
0.136013 0.049616 0.582167
0.145095 0.055872 0.589013
0.140840 0.054987 0.585490
0.131731 0.060278 0.599593
0.140536 0.040226 0.585102
0.138274 0.048183 0.593147
0.137637 0.051931 0.579692
0.139864 0.057271 0.592181
0.148642 0.053794 0.581874
0.144956 0.064091 0.596294
0.142741 0.050541 0.584111
0.138795 0.042957 0.586633
0.146643 0.040846 0.578936
0.139636 0.050271 0.592165
0.142335 0.046770 0.588755
0.142359 0.046381 0.588214
0.139011 0.042296 0.598840
0.151953 0.042229 0.581475
0.138167 0.060992 0.599156
0.145863 0.043845 0.584775
0.156467 0.050771 0.587947
0.141924 0.044212 0.586924
0.132727 0.043517 0.586462
0.147766 0.055819 0.592960
0.136295 0.051644 0.585951
0.138586 0.050891 0.596241
0.135135 0.053023 0.595388
0.129388 0.052350 0.602429
0.150232 0.055292 0.610437
0.140517 0.040889 0.595106
0.150827 0.051676 0.606405
0.144719 0.047160 0.593312
0.148282 0.049710 0.594155
0.145493 0.049447 0.599126
0.140063 0.041931 0.606404
0.146338 0.050304 0.602318
0.146682 0.039778 0.596893
0.139638 0.046279 0.595368
0.145932 0.038052 0.598651
0.130018 0.063248 0.603075
0.139245 0.050042 0.595425
0.147435 0.051020 0.604224
0.136848 0.044929 0.615811
0.138824 0.042973 0.604491
0.139067 0.046889 0.605196
0.144484 0.043896 0.612351
0.146330 0.051976 0.605026
0.138053 0.037568 0.614529
0.141975 0.045876 0.596156
0.141625 0.058741 0.607073
0.128954 0.046394 0.612064
0.132339 0.052606 0.600395
0.148629 0.057209 0.605365
0.139629 0.048109 0.608021
0.144153 0.054281 0.609477
0.151312 0.044673 0.606350
0.143333 0.049998 0.612458
0.141584 0.053492 0.610183
0.131035 0.050534 0.605638
0.145858 0.054767 0.609668
0.128607 0.058872 0.609914
0.142811 0.042044 0.608035
0.133930 0.054026 0.624620
0.132237 0.044684 0.608601
0.130384 0.042603 0.616631
0.138755 0.044858 0.624827
0.150588 0.045325 0.621018
0.138602 0.048602 0.613055
0.145583 0.050745 0.609045
0.126431 0.040310 0.604134
0.140334 0.046845 0.616951
0.138969 0.064415 0.610840
0.138310 0.051777 0.614344
0.140123 0.049150 0.617613
0.140515 0.037680 0.616415
0.143459 0.042497 0.618392
0.136699 0.049090 0.624090
0.132628 0.059410 0.611296
0.145797 0.060937 0.623735
0.145321 0.050356 0.611376
0.137270 0.044959 0.620624
0.140734 0.048270 0.622727
0.128035 0.048804 0.612096
0.136952 0.052589 0.636705
0.140445 0.048665 0.628853
0.133888 0.059759 0.622276
0.122543 0.040112 0.623190
0.134704 0.045206 0.621396
0.139673 0.038259 0.622186
0.138370 0.053838 0.626079
0.127157 0.035590 0.622108
0.122473 0.049457 0.632893
0.147440 0.051313 0.633256
0.134334 0.042736 0.622989
0.129713 0.048047 0.638252
0.142953 0.047711 0.628549
0.140348 0.032458 0.629935
0.134042 0.047173 0.626407
0.135598 0.053950 0.629601
0.128663 0.045385 0.630613
0.129472 0.047102 0.627101
0.132590 0.037464 0.629398
0.128057 0.047505 0.638739
0.126085 0.042719 0.633753
0.130393 0.055569 0.635017
0.123795 0.042881 0.628223
0.119402 0.043141 0.632350
0.135611 0.046895 0.620224
0.131654 0.047327 0.629146
0.133224 0.055220 0.627011
0.131898 0.056683 0.633298
0.127695 0.052300 0.632047
0.126963 0.046740 0.627900
0.122212 0.057396 0.638227
0.128966 0.063577 0.626611
0.124619 0.061009 0.637153
0.134442 0.047116 0.642638
0.125071 0.054296 0.625665
0.119046 0.037794 0.632551
0.120992 0.037043 0.636987
0.126918 0.038455 0.640132
0.120541 0.057874 0.640878
0.123426 0.042210 0.641298
0.133261 0.063622 0.640961
0.130732 0.056020 0.636701
0.129771 0.039482 0.632811
0.134304 0.050019 0.633204
0.121436 0.048386 0.555570
0.136699 0.054470 0.560136
0.131051 0.058597 0.563649
0.127330 0.067588 0.552579
0.115403 0.050705 0.555810
0.123406 0.053533 0.553084
0.133790 0.045356 0.568347
0.131618 0.047379 0.575858
0.106562 0.060044 0.567170
0.120566 0.052785 0.564285
0.122894 0.047111 0.555215
0.130614 0.052120 0.573528
0.123809 0.049550 0.566364
0.129223 0.060158 0.576375
0.126828 0.063292 0.575857
0.135322 0.049791 0.567533
0.116135 0.055465 0.567787
0.125875 0.057308 0.564811
0.135488 0.050882 0.571249
0.131328 0.052561 0.571789
0.131060 0.057857 0.555961
0.129936 0.044790 0.566310
0.127576 0.057761 0.568982
0.141494 0.042578 0.574789
0.133037 0.056420 0.571789
0.120598 0.055616 0.559395
0.123610 0.054455 0.569406
0.124437 0.057615 0.573899
0.133339 0.047745 0.579565
0.138498 0.060504 0.572562
0.133972 0.045437 0.571420
0.133394 0.056738 0.571920
0.133285 0.053383 0.573117
0.137693 0.053411 0.569520
0.131965 0.050083 0.566951
0.134231 0.061049 0.571996
0.129538 0.055406 0.578390
0.126588 0.063886 0.575074
0.136168 0.050560 0.576407
0.136988 0.051832 0.575476
0.135029 0.053310 0.565615
0.127792 0.045876 0.580022
0.134396 0.050802 0.575157
0.143180 0.043164 0.584083
0.129573 0.051911 0.575649
0.142074 0.051407 0.566870
0.141280 0.041460 0.593300
0.128993 0.042666 0.581549
0.124607 0.036424 0.586282
0.139049 0.057180 0.583064
0.129678 0.045135 0.590171
0.133676 0.051409 0.587997
0.138735 0.055708 0.578350
0.136261 0.052996 0.578103
0.134757 0.047171 0.579084
0.137522 0.055201 0.573014
0.128827 0.058094 0.577996
0.142015 0.046830 0.585036
0.143414 0.057239 0.584338
0.138588 0.047431 0.575675
0.138080 0.051468 0.578623
0.140039 0.059274 0.584247
0.138117 0.060387 0.602380
0.143129 0.050685 0.580056
0.136517 0.054205 0.582038
0.142000 0.051187 0.585858
0.133144 0.051127 0.587339
0.145160 0.056405 0.598450
0.137609 0.057490 0.594832
0.142245 0.046468 0.594698
0.143468 0.055884 0.598072
0.152253 0.058987 0.581799
0.144410 0.051089 0.598203
0.144048 0.060292 0.594559
0.144200 0.057045 0.598008
0.141742 0.055672 0.591737
0.144829 0.053879 0.597113
0.147514 0.061921 0.587241
0.144841 0.045823 0.589974
0.145038 0.052173 0.598413
0.141473 0.052477 0.596441
0.140089 0.044101 0.588636
0.131214 0.047857 0.594082
0.135059 0.055670 0.593328
0.132924 0.050433 0.598513
0.134278 0.048283 0.609438
0.146606 0.045062 0.602941
0.150385 0.050010 0.597670
0.149370 0.043537 0.584313
0.151169 0.050861 0.600294
0.135704 0.052829 0.604905
0.142882 0.046584 0.598243
0.146865 0.054850 0.598968
0.141632 0.055365 0.601958
0.132636 0.052549 0.602086
0.151913 0.051017 0.609338
0.142872 0.063089 0.603804
0.147033 0.054646 0.599914
0.137760 0.059940 0.607545
0.150189 0.063484 0.602659
0.143167 0.058010 0.604570
0.141520 0.058605 0.599245
0.145860 0.049134 0.601669
0.151121 0.043570 0.601876
0.122061 0.053477 0.608563
0.145586 0.047699 0.590471
0.139302 0.060025 0.615032
0.145689 0.057300 0.610934
0.143457 0.056230 0.606302
0.142228 0.061660 0.608335
0.134171 0.058145 0.597963
0.144838 0.061425 0.616055
0.147769 0.055873 0.613643
0.146280 0.052121 0.595323
0.136777 0.047168 0.620359
0.146808 0.038624 0.610698
0.134431 0.050922 0.612213
0.142880 0.059425 0.621539
0.147050 0.051367 0.608984
0.137127 0.060233 0.619371
0.142519 0.053472 0.616441
0.146314 0.047000 0.615349
0.142376 0.048595 0.616766
0.147138 0.057830 0.604520
0.150035 0.059890 0.618251
0.128465 0.045967 0.613814
0.142989 0.052761 0.610050
0.136403 0.051642 0.626073
0.131122 0.054169 0.603429
0.127901 0.053067 0.629444
0.139789 0.057143 0.622424
0.142167 0.056006 0.612614
0.144066 0.059185 0.619769
0.134862 0.052377 0.616036
0.137988 0.055634 0.618282
0.134123 0.052983 0.619021
0.132167 0.049129 0.619987
0.127285 0.048687 0.621338
0.141814 0.057912 0.630087
0.131297 0.044970 0.627824
0.124677 0.053251 0.633386
0.125408 0.049926 0.616812
0.136087 0.057703 0.615228
0.142596 0.054556 0.618528
0.136740 0.052217 0.627479
0.134691 0.062275 0.626362
0.132684 0.060074 0.615880
0.127179 0.056660 0.626584
0.140821 0.049903 0.626182
0.136867 0.057008 0.638794
0.128957 0.057165 0.626826
0.127429 0.072084 0.630938
0.133120 0.041307 0.637995
0.146218 0.052321 0.623537
0.126763 0.053418 0.624586
0.129067 0.048793 0.632284
0.120551 0.047586 0.631462
0.129766 0.053017 0.630970
0.123280 0.051392 0.638458
0.123158 0.060991 0.635807
0.139218 0.048230 0.632462
0.121094 0.042522 0.636841
0.122122 0.047595 0.633514
0.128436 0.053093 0.631834
0.125432 0.060258 0.628110
0.128902 0.054393 0.632204
0.131929 0.050265 0.624260
0.132817 0.056192 0.638381
0.128840 0.060893 0.628716
0.122954 0.045590 0.634492
0.122645 0.054091 0.627637
0.137178 0.054047 0.618005
0.117549 0.046448 0.616345
0.127608 0.047545 0.634973
0.119233 0.048217 0.635608
0.120332 0.068378 0.628999
0.129349 0.063006 0.637269
0.113677 0.058918 0.638059
0.119264 0.046144 0.630261
0.122432 0.051227 0.633590
0.111943 0.068635 0.560031
0.118874 0.054508 0.552644
0.122475 0.057997 0.560559
0.128059 0.044083 0.562446
0.118954 0.053194 0.562897
0.117834 0.058722 0.567720
0.121293 0.057676 0.572252
0.120201 0.048451 0.560712
0.131600 0.046076 0.565693
0.120821 0.062273 0.559070
0.128453 0.061762 0.569338
0.107389 0.063804 0.564353
0.129138 0.051102 0.555443
0.129085 0.056896 0.569479
0.117713 0.050328 0.572779
0.134423 0.056644 0.580462
0.129389 0.053267 0.571112
0.138401 0.052588 0.567875
0.131364 0.058200 0.565977
0.125363 0.056602 0.576568
0.125509 0.050153 0.571175
0.130461 0.069957 0.568991
0.141387 0.056813 0.576669
0.132663 0.065575 0.573359
0.132072 0.054441 0.574288
0.130945 0.050959 0.565091
0.125832 0.042674 0.560291
0.120528 0.058765 0.571076
0.140478 0.059445 0.578111
0.124578 0.060217 0.574250
0.126752 0.060477 0.575123
0.127086 0.064571 0.568127
0.128000 0.052957 0.584449
0.134096 0.056651 0.583320
0.136451 0.056087 0.579523
0.141177 0.056997 0.568301
0.132102 0.052199 0.579623
0.123902 0.051920 0.583256
0.134733 0.074370 0.569473
0.138153 0.054735 0.572381
0.130763 0.059662 0.573996
0.148239 0.063542 0.576085
0.130813 0.061042 0.578077
0.127583 0.049825 0.574884
0.133270 0.057741 0.589834
0.128465 0.060390 0.573104
0.146729 0.055763 0.579766
0.134623 0.058858 0.578959
0.151633 0.053945 0.582356
0.140000 0.057914 0.584107
0.138181 0.061757 0.580079
0.139954 0.045650 0.573668
0.132984 0.057404 0.594735
0.142881 0.056753 0.582136
0.137667 0.058927 0.578829
0.143292 0.057785 0.580345
0.134319 0.052931 0.590387
0.149764 0.049250 0.577422
0.149989 0.053241 0.578795
0.141790 0.062433 0.586197
0.129791 0.061448 0.592374
0.145788 0.055574 0.585324
0.148762 0.062932 0.587151
0.148228 0.060961 0.586523
0.146106 0.058794 0.588757
0.135566 0.064275 0.592901
0.132023 0.048462 0.595089
0.143463 0.058561 0.590715
0.149750 0.056637 0.586154
0.138596 0.048408 0.588046
0.138191 0.060457 0.586802
0.139034 0.058420 0.605716
0.148029 0.054014 0.589695
0.144178 0.060692 0.591769
0.142952 0.061242 0.585028
0.141718 0.052528 0.593321
0.148754 0.059822 0.591809
0.140883 0.050575 0.603063
0.139564 0.053720 0.599777
0.133958 0.041772 0.602109
0.137704 0.047460 0.597906
0.154796 0.052485 0.596251
0.140770 0.071418 0.590739
0.143956 0.053996 0.599689
0.140943 0.055109 0.603282
0.135311 0.063984 0.603453
0.133723 0.053614 0.599799
0.139111 0.056634 0.599573
0.131202 0.068596 0.594850
0.143337 0.055168 0.604611
0.136427 0.056994 0.610434
0.128411 0.046946 0.599499
0.152054 0.054814 0.605329
0.141770 0.058766 0.598358
0.152856 0.064032 0.593986
0.140753 0.043523 0.615999
0.148244 0.057471 0.596484
0.137708 0.051174 0.596749
0.132537 0.052844 0.599819
0.138203 0.057306 0.608274
0.139878 0.051139 0.598808
0.150631 0.048224 0.603317
0.152400 0.064732 0.608905
0.135046 0.057815 0.599793
0.152879 0.060847 0.612329
0.140357 0.056191 0.608194
0.142479 0.050559 0.617058
0.143519 0.049342 0.612798
0.143384 0.053973 0.604669
0.150458 0.059778 0.606681
0.149883 0.051959 0.603002
0.153070 0.064115 0.613512
0.142387 0.051431 0.614906
0.122885 0.058126 0.600645
0.141609 0.048115 0.616522
0.136762 0.055304 0.600180
0.139630 0.046579 0.605491
0.138236 0.051879 0.612666
0.139413 0.052953 0.611447
0.127628 0.062903 0.617410
0.141912 0.058940 0.614931
0.143191 0.057099 0.615553
0.151740 0.056526 0.622244
0.140268 0.056881 0.626057
0.126995 0.057577 0.607192
0.139321 0.055998 0.612290
0.137991 0.050930 0.612952
0.139177 0.061802 0.614350
0.140234 0.059576 0.614055
0.140320 0.052197 0.614288
0.139028 0.054682 0.622809
0.128821 0.068991 0.627057
0.121694 0.046967 0.613060
0.134551 0.057792 0.607839
0.144852 0.052012 0.626070
0.133627 0.046530 0.624944
0.141701 0.047129 0.618792
0.140077 0.046508 0.627486
0.148756 0.055102 0.613807
0.137291 0.054331 0.611875
0.131756 0.068950 0.619461
0.138881 0.055866 0.628458
0.134625 0.061703 0.620908
0.131665 0.057995 0.629177
0.128403 0.064649 0.619950
0.141017 0.052675 0.627387
0.142053 0.049860 0.625721
0.131158 0.052372 0.620700
0.126955 0.051694 0.630113
0.130567 0.048155 0.618151
0.137313 0.059114 0.625983
0.116839 0.058771 0.624449
0.140584 0.054949 0.626369
0.130013 0.061965 0.629780
0.137519 0.043940 0.625042
0.126067 0.049429 0.634114
0.125963 0.061534 0.624884
0.127061 0.058180 0.639323
0.129066 0.059682 0.641241
0.129641 0.056690 0.623124
0.122146 0.054404 0.624916
0.135762 0.056105 0.633950
0.123891 0.053301 0.640682
0.120276 0.056280 0.629212
0.116733 0.062893 0.633952
0.127822 0.051933 0.633909
0.109778 0.051087 0.636116
0.118664 0.048806 0.625416
0.123932 0.059904 0.633695
0.128058 0.056465 0.631797
0.134194 0.058103 0.655990
0.126718 0.056701 0.634276
0.124634 0.055015 0.628984
0.125049 0.053509 0.642845
0.131509 0.058369 0.634563
0.121989 0.043947 0.632719
0.117885 0.060136 0.632364
0.122112 0.056716 0.633856
0.131093 0.057260 0.634611
0.110608 0.054335 0.637883
0.116077 0.062092 0.557944
0.115343 0.068234 0.564566
0.118697 0.060413 0.569799
0.134011 0.054550 0.565476
0.132606 0.065850 0.569550
0.120116 0.044160 0.566377
0.130545 0.058488 0.562908
0.126803 0.060028 0.565814
0.119878 0.067372 0.556911
0.123447 0.057732 0.566015
0.129705 0.053493 0.563703
0.129409 0.065484 0.577125
0.131222 0.060538 0.562742
0.127096 0.050192 0.563855
0.132439 0.065404 0.569113
0.129522 0.062115 0.563273
0.132399 0.070547 0.573092
0.135410 0.055882 0.564242
0.128357 0.055800 0.567219
0.123076 0.065726 0.568093
0.129007 0.060841 0.557423
0.123087 0.063108 0.564261
0.148961 0.055492 0.567498
0.135988 0.070872 0.561176
0.143091 0.053120 0.573339
0.127344 0.052515 0.581539
0.136175 0.055333 0.570789
0.129174 0.065556 0.579628
0.132154 0.056952 0.576603
0.136411 0.061619 0.570233
0.130111 0.057221 0.576867
0.136632 0.059710 0.574599
0.134448 0.058666 0.579839
0.140124 0.054012 0.574052
0.133310 0.053123 0.580883
0.127691 0.058446 0.573385
0.136413 0.062588 0.569330
0.134397 0.055210 0.572968
0.144258 0.059526 0.572743
0.136562 0.053230 0.576527
0.132171 0.061698 0.576158
0.130792 0.058637 0.569393
0.130394 0.059820 0.581132
0.133157 0.057995 0.580068
0.138570 0.045996 0.576279
0.131651 0.067126 0.586283
0.134620 0.063970 0.569309
0.143262 0.076279 0.578708
0.133423 0.060899 0.576025
0.129679 0.056573 0.588505
0.136209 0.057569 0.574623
0.133960 0.043178 0.569987
0.144954 0.054482 0.587466
0.140043 0.054145 0.572599
0.138484 0.052926 0.588039
0.151192 0.049725 0.584546
0.134842 0.057343 0.583977
0.131549 0.063768 0.583630
0.140943 0.066098 0.581016
0.130420 0.060071 0.581990
0.144151 0.052885 0.578186
0.136836 0.059439 0.583588
0.145737 0.064361 0.589605
0.139563 0.065457 0.597013
0.136793 0.054217 0.577402
0.135102 0.068285 0.592048
0.135313 0.069604 0.597068
0.151717 0.056148 0.586011
0.138064 0.055233 0.592535
0.141785 0.053119 0.591352
0.136187 0.052681 0.591771
0.153450 0.058308 0.589230
0.145772 0.065334 0.593482
0.140935 0.056906 0.588612
0.146805 0.059814 0.587269
0.141479 0.055437 0.587510
0.145217 0.058659 0.590227
0.138802 0.061206 0.586811
0.143472 0.065106 0.600379
0.148377 0.055452 0.595559
0.143066 0.058586 0.597434
0.139223 0.058308 0.597382
0.142010 0.062612 0.593349
0.150519 0.049842 0.595098
0.139130 0.064369 0.589639
0.142594 0.054914 0.599142
0.138110 0.059678 0.597920
0.140017 0.055875 0.596388
0.131581 0.059416 0.601510
0.145441 0.053320 0.591838
0.147488 0.054302 0.595216
0.131579 0.051588 0.597322
0.150200 0.055228 0.606297
0.137839 0.055921 0.599746
0.146652 0.057161 0.606051
0.143173 0.069205 0.601823
0.141091 0.059749 0.599360
0.145386 0.058563 0.599712
0.136811 0.053950 0.613123
0.152592 0.058666 0.615411
0.148740 0.062114 0.614790
0.145620 0.060232 0.608647
0.139457 0.058755 0.602043
0.138770 0.058058 0.605909
0.144709 0.045823 0.612079
0.136432 0.058866 0.622246
0.132866 0.057903 0.606661
0.146095 0.078160 0.610421
0.121690 0.053816 0.608644
0.135025 0.060811 0.608988
0.145798 0.064837 0.600520
0.143797 0.054857 0.613109
0.136750 0.054513 0.613697
0.148875 0.054397 0.610645
0.149205 0.054471 0.602683
0.138989 0.053951 0.617734
0.134969 0.060294 0.604308
0.130653 0.052575 0.616764
0.145293 0.056653 0.613761
0.132073 0.063309 0.620537
0.144973 0.052937 0.625420
0.138019 0.058295 0.612535
0.140731 0.057990 0.612050
0.142693 0.056746 0.610152
0.130286 0.063795 0.619274
0.140877 0.069196 0.616016
0.138396 0.063493 0.616815
0.138911 0.059348 0.620675
0.139929 0.061928 0.621479
0.130846 0.058135 0.626072
0.145702 0.058685 0.617426
0.136381 0.060403 0.630167
0.146008 0.065271 0.627446
0.137838 0.051995 0.617818
0.140119 0.060161 0.617284
0.136601 0.053094 0.630308
0.137636 0.059188 0.631189
0.142464 0.057459 0.621928
0.123215 0.055897 0.625227
0.135472 0.063758 0.621842
0.137110 0.057769 0.618470
0.140005 0.060818 0.617500
0.132876 0.066755 0.614166
0.140082 0.060903 0.632812
0.127379 0.071973 0.631280
0.134827 0.059621 0.621507
0.131063 0.062172 0.620941
0.129239 0.061299 0.627911
0.140354 0.064924 0.635456
0.125792 0.054460 0.639537
0.117730 0.047022 0.628384
0.134377 0.063082 0.627004
0.133551 0.067199 0.620548
0.135890 0.057834 0.634575
0.135007 0.052538 0.630875
0.129712 0.059613 0.630268
0.124794 0.060328 0.620054
0.127526 0.068574 0.627339
0.133065 0.075226 0.627967
0.130486 0.053182 0.628163
0.121304 0.059664 0.629822
0.127585 0.057668 0.630567
0.128187 0.057306 0.631505
0.128525 0.054183 0.630420
0.126226 0.062335 0.632764
0.132181 0.061360 0.633711
0.123946 0.056461 0.632118
0.129778 0.054622 0.626924
0.131264 0.060269 0.641618
0.120376 0.060024 0.638215
0.128623 0.061707 0.632767
0.124443 0.056348 0.646310
0.121834 0.055310 0.635537
0.123480 0.063018 0.634887
0.121612 0.056436 0.635442
0.116140 0.067654 0.635067
0.110662 0.055101 0.632323
0.130756 0.058537 0.633682
0.121447 0.052406 0.635719
0.119663 0.067775 0.635638
0.113149 0.062842 0.565609
0.118480 0.057786 0.549101
0.116000 0.070167 0.565256
0.128569 0.066165 0.577652
0.120485 0.055017 0.564742
0.126654 0.055132 0.569250
0.119821 0.066222 0.556979
0.123560 0.072372 0.565804
0.135076 0.066637 0.568721
0.130482 0.068156 0.557854
0.121845 0.066554 0.568039
0.122205 0.059918 0.559336
0.142231 0.065990 0.569622
0.120749 0.060340 0.572724
0.130977 0.066279 0.565008
0.120723 0.059897 0.567720
0.130380 0.069312 0.564333
0.130033 0.063969 0.566045
0.123612 0.050021 0.575014
0.134877 0.068470 0.558870
0.130855 0.057866 0.562846
0.130502 0.068955 0.564973
0.135831 0.067209 0.577940
0.137480 0.067949 0.572628
0.123547 0.052276 0.574435
0.125072 0.064768 0.570043
0.136769 0.071989 0.574619
0.122666 0.061063 0.570381
0.130947 0.062942 0.575109
0.144706 0.060211 0.562750
0.135230 0.060500 0.575757
0.125692 0.060759 0.576781
0.122270 0.067370 0.572877
0.134146 0.075113 0.568028
0.136811 0.054598 0.580073
0.124529 0.056585 0.587257
0.129037 0.052010 0.570743
0.130605 0.067251 0.568754
0.136000 0.057682 0.583843
0.135180 0.068916 0.577903
0.133765 0.049928 0.576062
0.123832 0.057114 0.577725
0.139565 0.059796 0.576784
0.139430 0.064939 0.576081
0.142438 0.072189 0.576248
0.142866 0.066975 0.576984
0.145329 0.054075 0.585733
0.132616 0.063100 0.571195
0.132032 0.064486 0.575015
0.136507 0.061052 0.593031
0.134992 0.052104 0.583771
0.123657 0.062759 0.569471
0.137990 0.067225 0.573712
0.138619 0.057840 0.583621
0.134966 0.057471 0.580485
0.133246 0.049065 0.590768
0.133256 0.066808 0.584591
0.132328 0.064048 0.578072
0.151826 0.065189 0.584417
0.144983 0.051508 0.577655
0.139321 0.057382 0.584083
0.136772 0.062057 0.599399
0.149207 0.064213 0.600603
0.149652 0.064259 0.592845
0.150591 0.067035 0.585150
0.154301 0.065808 0.591845
0.138236 0.057984 0.594688
0.142309 0.064964 0.586071
0.131288 0.060130 0.592361
0.135819 0.058163 0.586040
0.129925 0.052215 0.589452
0.138661 0.060674 0.596435
0.144359 0.058542 0.591824
0.149469 0.065630 0.593384
0.149234 0.063129 0.597231
0.146069 0.060322 0.592411
0.141822 0.064144 0.599266
0.147227 0.055995 0.598565
0.149461 0.060891 0.597542
0.151044 0.057829 0.597083
0.145103 0.064521 0.596066
0.146148 0.062417 0.598297
0.143089 0.055446 0.601821
0.156210 0.060198 0.600182
0.143682 0.067708 0.591191
0.136165 0.060176 0.596631
0.141306 0.064055 0.599080
0.136245 0.055309 0.595451
0.135281 0.061799 0.588141
0.149447 0.063288 0.590943
0.141913 0.061938 0.596664
0.141854 0.051427 0.588974
0.144788 0.053675 0.591230
0.149751 0.058118 0.600045
0.142765 0.067410 0.596973
0.139825 0.055849 0.597079
0.148530 0.069114 0.600320
0.150476 0.055183 0.597407
0.152046 0.067035 0.608834
0.146368 0.057771 0.597422
0.149625 0.064775 0.600250
0.149475 0.064490 0.603585
0.130593 0.067861 0.593354
0.144381 0.059687 0.612411
0.146594 0.059901 0.599425
0.149414 0.054686 0.605537
0.140900 0.071858 0.606514
0.144832 0.070221 0.595657
0.144297 0.076343 0.611145
0.139893 0.062412 0.618992
0.144639 0.062632 0.610390
0.139153 0.054999 0.614652
0.128818 0.062014 0.617618
0.143363 0.059431 0.616404
0.135483 0.063239 0.616776
0.150595 0.062535 0.618867
0.140224 0.060022 0.599769
0.135904 0.064116 0.611131
0.144412 0.062891 0.603259
0.130486 0.065026 0.616164
0.139379 0.054846 0.619674
0.142240 0.073029 0.624371
0.143024 0.057604 0.620717
0.142962 0.056952 0.620149
0.134058 0.062583 0.616312
0.133702 0.062863 0.612379
0.138414 0.063622 0.626638
0.132815 0.064493 0.617190
0.143062 0.051565 0.621286
0.132322 0.068823 0.622452
0.133630 0.048468 0.625084
0.140358 0.059906 0.616787
0.131684 0.058098 0.617931
0.144581 0.063256 0.625551
0.135259 0.062641 0.620662
0.148475 0.062885 0.630633
0.129958 0.065290 0.617742
0.138957 0.049491 0.611905
0.135165 0.062384 0.636651
0.143979 0.074189 0.620376
0.129733 0.058389 0.627227
0.121878 0.067798 0.617049
0.144536 0.070446 0.634453
0.132686 0.062963 0.637422
0.128753 0.064798 0.617982
0.140732 0.055782 0.618641
0.139573 0.053011 0.626805
0.130151 0.065903 0.632436
0.141907 0.056042 0.624551
0.140810 0.066806 0.629441
0.133786 0.060497 0.628293
0.132900 0.071528 0.631479
0.126296 0.065059 0.626701
0.136374 0.062665 0.639175
0.133100 0.074944 0.630648
0.130891 0.059329 0.630490
0.134930 0.056819 0.625739
0.122543 0.059926 0.634388
0.133110 0.067102 0.632743
0.133159 0.056159 0.634060
0.124637 0.065653 0.633964
0.126700 0.068536 0.618678
0.118775 0.060277 0.632403
0.123389 0.068549 0.633487
0.125130 0.061589 0.625441
0.124672 0.066297 0.633707
0.132105 0.064201 0.637862
0.116440 0.056154 0.634537
0.118138 0.060288 0.639805
0.128821 0.078522 0.624524
0.125238 0.064948 0.643084
0.124359 0.052979 0.636597
0.133279 0.058413 0.628973
0.118197 0.064842 0.642110
0.117306 0.065420 0.639524
0.126855 0.063819 0.629874
0.129324 0.067074 0.628013
0.128540 0.065103 0.640945
0.119698 0.061342 0.643214
0.115071 0.064834 0.638313
0.126312 0.065668 0.560306
0.120767 0.076223 0.568532
0.123813 0.066026 0.560937
0.118876 0.062537 0.571074
0.120829 0.055229 0.562309
0.124522 0.067440 0.563803
0.131103 0.072183 0.565039
0.124962 0.058403 0.565225
0.138594 0.067696 0.572307
0.120435 0.067697 0.574093
0.118477 0.063825 0.556079
0.107353 0.065958 0.570098
0.121696 0.063545 0.567273
0.122152 0.067592 0.577395
0.137810 0.066506 0.562226
0.136476 0.065409 0.567389
0.130121 0.062815 0.568955
0.121446 0.070712 0.565922
0.125026 0.076655 0.570163
0.127963 0.059896 0.576237
0.125773 0.056165 0.558387
0.126896 0.064512 0.568009
0.121484 0.071733 0.566776
0.140085 0.065788 0.559755
0.131419 0.079712 0.565208
0.140211 0.057261 0.580573
0.131180 0.060345 0.563456
0.132723 0.062790 0.576098
0.121552 0.061983 0.572033
0.133160 0.060180 0.571410
0.130514 0.076553 0.580876
0.135337 0.064924 0.571342
0.141725 0.069118 0.567812
0.132634 0.071457 0.578196
0.136156 0.069992 0.570120
0.133267 0.076581 0.571941
0.139879 0.061227 0.577468
0.134245 0.049708 0.580921
0.135056 0.062637 0.566676
0.143356 0.075268 0.562946
0.141886 0.055519 0.575045
0.145558 0.064954 0.571383
0.132237 0.061762 0.564848
0.139519 0.058349 0.581923
0.134525 0.071610 0.572189
0.130256 0.076404 0.573911
0.131510 0.065108 0.571899
0.141806 0.066108 0.587016
0.133375 0.069718 0.585161
0.145418 0.071950 0.578427
0.142090 0.058563 0.576738
0.134545 0.075344 0.582525
0.150909 0.064512 0.580489
0.144292 0.060446 0.575325
0.142327 0.063546 0.584287
0.144481 0.054491 0.591699
0.129639 0.073018 0.585122
0.159252 0.079783 0.576040
0.144979 0.065463 0.581705
0.150418 0.063455 0.571165
0.132334 0.064874 0.586594
0.134538 0.053285 0.595797
0.123850 0.069569 0.579484
0.125311 0.065895 0.589499
0.142634 0.063699 0.584253
0.142761 0.054422 0.590495
0.138087 0.066474 0.594594
0.149930 0.070168 0.585667
0.135352 0.071327 0.588292
0.136721 0.070405 0.594663
0.140567 0.079401 0.586740
0.144820 0.050165 0.589325
0.138372 0.065869 0.593577
0.140533 0.067813 0.598501
0.129860 0.075590 0.598054
0.145402 0.061375 0.594986
0.151596 0.061741 0.595893
0.135091 0.071842 0.589094
0.146332 0.064780 0.598679
0.146262 0.065184 0.600200
0.131989 0.069483 0.596706
0.150170 0.063954 0.597476
0.134966 0.071810 0.611983
0.138362 0.063144 0.602319
0.144975 0.060577 0.596811
0.135896 0.067043 0.601649
0.143412 0.055928 0.591002
0.132334 0.071926 0.599887
0.147301 0.065538 0.604685
0.131235 0.080297 0.608974
0.142843 0.069917 0.606038
0.144966 0.062864 0.609110
0.144628 0.060058 0.609317
0.148060 0.067372 0.602229
0.144492 0.057165 0.613505
0.139592 0.069288 0.603886
0.140450 0.069057 0.606088
0.141381 0.062868 0.612432
0.140498 0.061431 0.598070
0.133544 0.073399 0.594667
0.145822 0.066353 0.611907
0.137339 0.061227 0.605400
0.144003 0.067719 0.604436
0.136410 0.064053 0.606969
0.142044 0.062030 0.621188
0.137386 0.057847 0.603287
0.140588 0.061752 0.593736
0.143398 0.069016 0.611687
0.148401 0.061012 0.611652
0.141816 0.075120 0.614246
0.147524 0.058847 0.610668
0.137234 0.061099 0.620649
0.142883 0.068917 0.601581
0.147594 0.053863 0.609701
0.132363 0.069361 0.597232
0.141299 0.058320 0.611286
0.145796 0.062328 0.622314
0.153091 0.052795 0.615236
0.142148 0.075525 0.611314
0.146507 0.052788 0.609827
0.139183 0.061440 0.623516
0.144414 0.059662 0.622020
0.142965 0.060737 0.608308
0.135215 0.069249 0.617506
0.132898 0.051911 0.617386
0.146075 0.060552 0.618995
0.135787 0.069385 0.621190
0.143284 0.056438 0.615148
0.126628 0.058345 0.623146
0.134665 0.067344 0.609318
0.140139 0.062732 0.624029
0.134550 0.053129 0.622364
0.133419 0.062136 0.615964
0.131379 0.059502 0.620279
0.133726 0.059091 0.627747
0.134679 0.067381 0.618335
0.141168 0.071670 0.621002
0.124865 0.065798 0.613956
0.130242 0.051568 0.623452
0.123511 0.059050 0.627565
0.143797 0.062295 0.619409
0.135491 0.067525 0.625538
0.138134 0.060952 0.613216
0.135686 0.064769 0.619022
0.142384 0.066527 0.625268
0.122091 0.057383 0.618052
0.125396 0.068399 0.624185
0.136999 0.060907 0.623867
0.131314 0.067685 0.616412
0.138971 0.072667 0.636428
0.137924 0.064376 0.619760
0.138956 0.061473 0.632200
0.136350 0.068820 0.620733
0.128013 0.072664 0.636197
0.126903 0.073603 0.634190
0.128412 0.064059 0.624577
0.124922 0.069657 0.635312
0.130906 0.062425 0.633562
0.135636 0.065597 0.617793
0.127099 0.070925 0.633155
0.142799 0.062161 0.632866
0.127294 0.064299 0.627210
0.130792 0.062650 0.628188
0.138412 0.060014 0.626015
0.129046 0.068622 0.623234
0.125355 0.063197 0.644669
0.120701 0.066217 0.630619
0.118317 0.056658 0.629384
0.130090 0.069512 0.634036
0.116910 0.069424 0.641137
0.125133 0.068170 0.630340
0.124528 0.062055 0.631424
0.127540 0.057143 0.634293
0.126916 0.070602 0.644323
0.118561 0.061900 0.633282
0.132780 0.064634 0.636740
0.125115 0.067520 0.627549
0.115945 0.063271 0.625740
0.123158 0.064183 0.637087
0.117252 0.070407 0.639207
0.124140 0.075518 0.574146
0.119088 0.070040 0.562919
0.114608 0.060306 0.575787
0.126623 0.079012 0.561128
0.137543 0.064675 0.565751
0.125147 0.071908 0.554584
0.122421 0.074221 0.570763
0.117964 0.074211 0.568689
0.132156 0.065965 0.563851
0.125330 0.067744 0.565446
0.112182 0.081895 0.560299
0.136462 0.073217 0.566449
0.123129 0.078313 0.566041
0.130507 0.074980 0.568852
0.124378 0.072663 0.565061
0.128326 0.064948 0.559432
0.126095 0.086327 0.569730
0.127336 0.072548 0.570277
0.121778 0.070195 0.563282
0.130341 0.075159 0.574881
0.131460 0.076215 0.560672
0.125762 0.073503 0.567243
0.129147 0.070183 0.569352
0.137452 0.059331 0.576906
0.120408 0.072974 0.570526
0.127349 0.069079 0.574052
0.128031 0.065183 0.583308
0.132968 0.066895 0.571345
0.128296 0.072373 0.578385
0.129655 0.064100 0.577134
0.134387 0.068601 0.565388
0.121395 0.081037 0.581110
0.126950 0.072631 0.576551
0.135111 0.068651 0.586153
0.127134 0.065656 0.579684
0.136168 0.075867 0.583723
0.139279 0.067116 0.574682
0.137625 0.075247 0.578883
0.125928 0.063539 0.574787
0.138691 0.060576 0.568645
0.133327 0.058688 0.578015
0.132557 0.071923 0.563228
0.140507 0.066984 0.585399
0.136490 0.058098 0.579540
0.133926 0.066152 0.578216
0.135616 0.067663 0.574646
0.142259 0.062945 0.585366
0.140012 0.063236 0.585196
0.139916 0.069003 0.585746
0.143824 0.058957 0.581713
0.136138 0.065152 0.578579
0.140152 0.060018 0.585615
0.141851 0.065403 0.584684
0.139198 0.072267 0.577047
0.141206 0.067212 0.577386
0.138792 0.070081 0.583665
0.145588 0.066465 0.581986
0.136911 0.054711 0.586410
0.145377 0.086655 0.583740
0.145207 0.069965 0.577617
0.135678 0.065286 0.589621
0.146165 0.072748 0.589110
0.141759 0.067340 0.587633
0.139953 0.065782 0.589414
0.129182 0.068464 0.591176
0.139479 0.067714 0.578821
0.145527 0.069557 0.595228
0.139296 0.085259 0.591231
0.148079 0.063723 0.581669
0.143525 0.071022 0.571505
0.146534 0.076140 0.587724
0.140530 0.062323 0.588153
0.149995 0.063869 0.592578
0.148195 0.064395 0.595635
0.141679 0.069258 0.598536
0.149958 0.067420 0.602132
0.146581 0.073299 0.607316
0.145966 0.070186 0.591227
0.149898 0.067248 0.586778
0.137314 0.076037 0.593486
0.135541 0.077338 0.595955
0.139966 0.067923 0.591302
0.147902 0.068855 0.609345
0.140623 0.059356 0.597300
0.146048 0.073086 0.597363
0.141708 0.069842 0.596171
0.139976 0.071475 0.596120
0.135472 0.061833 0.600702
0.143781 0.064572 0.600071
0.149802 0.061147 0.612309
0.131619 0.080780 0.601593
0.143084 0.066183 0.600436
0.146869 0.074907 0.587648
0.129789 0.069022 0.613167
0.135208 0.071550 0.606446
0.146567 0.064362 0.605888
0.146958 0.071985 0.619236
0.144814 0.061302 0.601174
0.136248 0.064564 0.605360
0.156036 0.066315 0.599725
0.142343 0.067709 0.601938
0.144686 0.068816 0.610409
0.146735 0.064533 0.607639
0.156101 0.069466 0.604123
0.138862 0.069903 0.593908
0.136370 0.069740 0.606188
0.146081 0.074613 0.612298
0.140818 0.068445 0.606122
0.136850 0.075433 0.611120
0.147468 0.066895 0.613293
0.138001 0.076333 0.616872
0.150492 0.061120 0.619238
0.147397 0.068839 0.605247
0.135930 0.066327 0.605226
0.147865 0.059725 0.613688
0.145567 0.067880 0.616167
0.133597 0.076415 0.613861
0.149881 0.071308 0.620635
0.139588 0.071807 0.612206
0.140969 0.059020 0.616559
0.152076 0.068820 0.610181
0.146097 0.062503 0.612265
0.137823 0.076502 0.617173
0.128228 0.062676 0.620092
0.134424 0.064714 0.611149
0.142620 0.054431 0.613602
0.135887 0.073641 0.610281
0.133761 0.074921 0.616317
0.137363 0.075229 0.616601
0.135571 0.073795 0.623135
0.140909 0.065962 0.626198
0.133952 0.066971 0.606495
0.139606 0.066565 0.631125
0.138061 0.072811 0.624978
0.133726 0.075201 0.620828
0.135145 0.069652 0.622273
0.137729 0.068158 0.623489
0.133700 0.070968 0.618491
0.136188 0.067844 0.625610
0.152378 0.070895 0.624785
0.131286 0.062748 0.625906
0.135242 0.066382 0.607545
0.139263 0.074521 0.622002
0.139017 0.064269 0.630718
0.135402 0.076497 0.627101
0.134215 0.068667 0.625712
0.127499 0.067184 0.614791
0.130377 0.073091 0.626510
0.126770 0.069247 0.633053
0.127079 0.055948 0.623151
0.134979 0.068294 0.626772
0.125671 0.066256 0.620714
0.128318 0.067452 0.642890
0.137517 0.071636 0.624805
0.126773 0.066469 0.631784
0.127892 0.072126 0.633188
0.135069 0.065980 0.629462
0.123042 0.076421 0.631497
0.117149 0.065228 0.634171
0.123731 0.069876 0.635826
0.132716 0.058458 0.645324
0.124794 0.062740 0.633501
0.134653 0.058727 0.633392
0.120824 0.064670 0.619968
0.124928 0.069854 0.633491
0.136898 0.069417 0.634218
0.132370 0.060696 0.625394
0.122416 0.068215 0.638060
0.131784 0.066928 0.644365
0.131712 0.074071 0.634971
0.127435 0.062696 0.631742
0.123802 0.066915 0.621864
0.125536 0.082563 0.638500
0.121148 0.072114 0.633574
0.124133 0.062595 0.637300
0.126852 0.074070 0.641284
0.129221 0.075370 0.638852
0.114478 0.063557 0.633723
0.129475 0.069927 0.634109
0.117185 0.063071 0.634616
0.114087 0.072123 0.559075
0.123609 0.066710 0.568076
0.132893 0.071327 0.561712
0.133132 0.075370 0.561733
0.115879 0.077225 0.578881
0.127763 0.074813 0.560284
0.123553 0.080049 0.558551
0.129439 0.071309 0.554371
0.128560 0.064083 0.574721
0.131939 0.063107 0.571120
0.123576 0.065656 0.565659
0.122592 0.075689 0.567501
0.129043 0.069032 0.556607
0.129114 0.079444 0.575546
0.131179 0.075555 0.559634
0.127060 0.072377 0.563187
0.133829 0.060311 0.566810
0.125841 0.073780 0.573201
0.116715 0.073621 0.566336
0.127591 0.068309 0.563689
0.129438 0.065618 0.558632
0.140994 0.080531 0.563575
0.127446 0.084386 0.569646
0.119831 0.077415 0.569862
0.135240 0.065986 0.575616
0.131874 0.075102 0.563389
0.120123 0.078083 0.569696
0.138058 0.074121 0.578185
0.128223 0.083725 0.570474
0.130792 0.073180 0.575529
0.129858 0.066063 0.583014
0.129383 0.067109 0.570123
0.130492 0.068121 0.578724
0.134718 0.063823 0.571628
0.125232 0.071636 0.568359
0.139657 0.072705 0.568010
0.125859 0.080840 0.582646
0.139953 0.076702 0.584836
0.127770 0.073574 0.568269
0.128024 0.065902 0.576622
0.131750 0.070707 0.576825
0.133754 0.078731 0.576265
0.139857 0.070472 0.580881
0.141646 0.074559 0.571377
0.135135 0.078258 0.580577
0.136617 0.075789 0.575837
0.139454 0.076509 0.579030
0.139781 0.067532 0.574474
0.135689 0.070760 0.584232
0.131121 0.076751 0.582050
0.132288 0.071925 0.579594
0.143822 0.073718 0.572907
0.136300 0.073740 0.575717
0.142122 0.084492 0.589674
0.136941 0.072357 0.577072
0.134777 0.071887 0.589641
0.146138 0.073014 0.585197
0.128109 0.063720 0.572264
0.134154 0.075005 0.579703
0.143987 0.076222 0.590339
0.143310 0.073707 0.577552
0.134799 0.065769 0.586526
0.138606 0.076414 0.600104
0.144057 0.071279 0.590754
0.140398 0.076861 0.577653
0.137875 0.069398 0.577750
0.136596 0.070286 0.584029
0.150566 0.074583 0.585976
0.139966 0.069691 0.590775
0.151275 0.073266 0.588120
0.143457 0.075491 0.592015
0.143717 0.063364 0.585454
0.150624 0.069987 0.588993
0.141376 0.076876 0.591456
0.141077 0.071587 0.596950
0.135165 0.072297 0.591230
0.144154 0.065018 0.597026
0.147013 0.073530 0.588921
0.136445 0.065942 0.602621
0.141445 0.074539 0.592955
0.155871 0.072527 0.589853
0.144759 0.076235 0.595164
0.136640 0.090758 0.588617
0.140342 0.071512 0.599010
0.140434 0.069431 0.601361
0.147640 0.063510 0.595382
0.143163 0.070261 0.595251
0.134611 0.080957 0.592424
0.136074 0.066496 0.608963
0.146561 0.067203 0.610572
0.140333 0.072737 0.589767
0.146733 0.081647 0.603048
0.148350 0.072782 0.601365
0.137936 0.064609 0.607819
0.152720 0.070739 0.600334
0.146263 0.073227 0.604612
0.144271 0.074570 0.608818
0.136438 0.075457 0.608273
0.147769 0.065571 0.607461
0.134756 0.067444 0.604387
0.135830 0.068281 0.613029
0.143453 0.076504 0.603879
0.146745 0.073359 0.607202
0.139599 0.074210 0.610819
0.141301 0.075650 0.606119
0.138067 0.071407 0.609814
0.140824 0.067100 0.597629
0.137578 0.071908 0.597240
0.151020 0.073965 0.610375
0.141477 0.061089 0.610085
0.143638 0.068955 0.609021
0.142318 0.067939 0.612460
0.129032 0.076319 0.614813
0.137567 0.072935 0.612117
0.135054 0.079702 0.611080
0.136053 0.075120 0.609259
0.128145 0.074828 0.615336
0.132135 0.063999 0.606012
0.130486 0.068710 0.612584
0.139020 0.081121 0.610024
0.137483 0.077253 0.611979
0.141493 0.074570 0.609102
0.147330 0.072146 0.625770
0.146092 0.075610 0.631188
0.139220 0.077528 0.617269
0.135975 0.079429 0.619047
0.130781 0.071514 0.619510
0.133237 0.085219 0.608356
0.150226 0.072198 0.624447
0.135502 0.069880 0.611298
0.136368 0.080939 0.609481
0.135285 0.075981 0.623253
0.125199 0.073279 0.627986
0.130073 0.068006 0.621585
0.146564 0.076980 0.615006
0.151724 0.071964 0.614801
0.141149 0.073663 0.623181
0.138671 0.068025 0.631185
0.130632 0.070474 0.613941
0.137147 0.072460 0.619635
0.136519 0.069601 0.619089
0.146355 0.076646 0.616981
0.137005 0.071107 0.631715
0.136599 0.071169 0.620492
0.131236 0.067087 0.634319
0.142723 0.072739 0.620351
0.134542 0.083584 0.620662
0.141811 0.072806 0.631371
0.126431 0.063834 0.633638
0.136183 0.071545 0.621993
0.142716 0.076221 0.627974
0.132192 0.084025 0.627956
0.121001 0.073855 0.627528
0.128298 0.073024 0.626938
0.131482 0.067360 0.628251
0.133734 0.086594 0.633010
0.122136 0.065351 0.631041
0.131575 0.076025 0.624985
0.128886 0.078768 0.626010
0.132925 0.062562 0.631138
0.140634 0.063159 0.640397
0.137510 0.078057 0.633673
0.130349 0.077759 0.626730
0.133136 0.077284 0.626286
0.139077 0.076291 0.629241
0.123630 0.076880 0.628953
0.129543 0.073895 0.626243
0.123082 0.076428 0.635950
0.123171 0.066461 0.627700
0.127748 0.077870 0.636959
0.126665 0.073040 0.635330
0.120264 0.072386 0.635242
0.113238 0.066284 0.640217
0.123823 0.071241 0.635398
0.125694 0.073418 0.641252
0.122716 0.069671 0.627705
0.122824 0.061978 0.640783
0.126799 0.077525 0.641473
0.125219 0.074230 0.628117
0.120685 0.075243 0.637790
0.124761 0.085589 0.572178
0.126841 0.076067 0.559831
0.123229 0.070243 0.567787
0.120419 0.072122 0.557905
0.124893 0.091913 0.579394
0.125520 0.076067 0.560143
0.124858 0.079072 0.556855
0.127573 0.067814 0.568525
0.133719 0.070108 0.551402
0.118275 0.080649 0.564470
0.121640 0.079581 0.565711
0.133875 0.064556 0.568844
0.128460 0.083566 0.568320
0.132164 0.069743 0.571120
0.119802 0.071378 0.553979
0.131554 0.086359 0.558024
0.130055 0.077859 0.574418
0.126785 0.074277 0.565674
0.129956 0.071190 0.561930
0.140805 0.079887 0.579364
0.136957 0.081602 0.571870
0.128292 0.078668 0.577782
0.125232 0.069760 0.582669
0.135662 0.070514 0.581462
0.128431 0.080556 0.565056
0.130760 0.081825 0.568899
0.133545 0.078946 0.575759
0.136617 0.076190 0.570894
0.131940 0.074014 0.570852
0.122915 0.084747 0.576307
0.122397 0.077081 0.578950
0.124523 0.072738 0.562353
0.130915 0.072973 0.576943
0.139003 0.076748 0.567569
0.132148 0.072329 0.574130
0.140552 0.075971 0.572489
0.138416 0.078021 0.589869
0.134838 0.070423 0.563871
0.128940 0.069367 0.569744
0.127508 0.075814 0.576959
0.138376 0.081559 0.578280
0.137759 0.079002 0.563032
0.140645 0.070679 0.587741
0.134883 0.070614 0.580051
0.140862 0.076653 0.576072
0.121943 0.073416 0.572665
0.136674 0.078403 0.585037
0.143242 0.064590 0.583534
0.144891 0.087511 0.585606
0.137209 0.071893 0.581015
0.137923 0.075736 0.585709
0.142082 0.079063 0.589415
0.138406 0.073980 0.583444
0.147118 0.082664 0.580230
0.139635 0.078360 0.577597
0.131332 0.075703 0.578299
0.135692 0.087878 0.591318
0.133440 0.083101 0.587792
0.145533 0.073022 0.575806
0.139100 0.076141 0.579572
0.136889 0.078942 0.588175
0.136644 0.071688 0.592528
0.139703 0.069741 0.590844
0.143208 0.071066 0.584669
0.135089 0.077646 0.596360
0.144566 0.067654 0.590949
0.137412 0.064367 0.590565
0.139295 0.073541 0.589933
0.139362 0.078855 0.601145
0.142751 0.082685 0.572788
0.142925 0.072898 0.584793
0.152403 0.078343 0.582290
0.148240 0.079605 0.583134
0.138202 0.080253 0.590195
0.140083 0.074780 0.589834
0.140279 0.075377 0.606532
0.141076 0.073418 0.597073
0.138965 0.067452 0.586170
0.143643 0.083554 0.582862
0.138960 0.089153 0.599949
0.138508 0.075200 0.580794
0.152541 0.081735 0.603733
0.146972 0.082223 0.596776
0.136969 0.075247 0.595991
0.148974 0.076901 0.592809
0.138889 0.072738 0.605714
0.146462 0.069454 0.600167
0.145628 0.088830 0.599156
0.148712 0.073838 0.595872
0.138569 0.072879 0.595868
0.134777 0.071905 0.607234
0.144234 0.078254 0.592876
0.150619 0.075000 0.599376
0.142709 0.077962 0.602860
0.135990 0.084484 0.592197
0.140797 0.071631 0.606341
0.142579 0.083951 0.595315
0.143116 0.074828 0.607366
0.138812 0.084488 0.603845
0.138494 0.079242 0.611967
0.144610 0.073464 0.611791
0.144170 0.076777 0.607168
0.147358 0.071935 0.615236
0.147486 0.073452 0.611864
0.139364 0.073809 0.605290
0.141996 0.077304 0.612442
0.138454 0.068724 0.598384
0.151831 0.082069 0.610758
0.123746 0.079851 0.617005
0.140601 0.082448 0.602147
0.146159 0.085009 0.605627
0.136498 0.075667 0.615579
0.139690 0.075581 0.617358
0.149601 0.078118 0.604134
0.127902 0.078446 0.614848
0.137017 0.075267 0.612107
0.135872 0.075519 0.614602
0.148533 0.074726 0.624338
0.134017 0.073626 0.614805
0.146927 0.078984 0.611364
0.132228 0.078034 0.605907
0.133477 0.078291 0.615823
0.136559 0.081322 0.611655
0.129032 0.079515 0.613124
0.141927 0.083439 0.615440
0.143213 0.075846 0.613337
0.131360 0.073104 0.621241
0.130393 0.080375 0.623745
0.143042 0.077382 0.614719
0.139149 0.084164 0.626432
0.126580 0.081491 0.618225
0.142649 0.080072 0.617111
0.135112 0.072722 0.618851
0.127918 0.079266 0.614815
0.131673 0.081273 0.613617
0.127828 0.075919 0.632374
0.154097 0.077705 0.619551
0.134328 0.080744 0.621145
0.136623 0.069612 0.628981
0.135333 0.074831 0.615148
0.132709 0.074436 0.608416
0.130653 0.068535 0.617894
0.137055 0.088110 0.611214
0.136976 0.075269 0.630432
0.128254 0.079602 0.634192
0.126783 0.081508 0.622432
0.131661 0.073201 0.630206
0.140721 0.074184 0.620648
0.137888 0.073635 0.634572
0.137973 0.077290 0.634651
0.125288 0.085522 0.640556
0.138149 0.077755 0.629926
0.130483 0.087300 0.626253
0.139689 0.069433 0.630683
0.135220 0.080117 0.632166
0.135623 0.077897 0.629484
0.122977 0.085336 0.619199
0.126180 0.084391 0.627384
0.129858 0.074570 0.632146
0.133413 0.078293 0.628519
0.136465 0.062020 0.630600
0.125273 0.066017 0.625635
0.129615 0.079129 0.641673
0.118659 0.078956 0.637911
0.118471 0.082532 0.632160
0.131856 0.071366 0.637577
0.126913 0.074473 0.646057
0.123307 0.075039 0.631085
0.116233 0.083010 0.628118
0.123861 0.078864 0.624712
0.120157 0.063558 0.624412
0.129060 0.062723 0.649188
0.132152 0.081488 0.642030
0.123133 0.085248 0.624319
0.122577 0.075049 0.629660
0.122772 0.072590 0.631362
0.127825 0.069763 0.646418
0.115210 0.081236 0.627214
0.127995 0.082638 0.634582
0.111660 0.077850 0.637162
0.132402 0.080930 0.562743
0.120046 0.085510 0.555596
0.116382 0.091669 0.569099
0.116930 0.071144 0.570334
0.121129 0.073189 0.561818
0.123845 0.094727 0.562632
0.119266 0.072621 0.562621
0.123019 0.076283 0.570171
0.121153 0.067919 0.568697
0.121517 0.090154 0.560194
0.126771 0.087379 0.573373
0.133321 0.081734 0.575933
0.127651 0.088745 0.565215
0.130210 0.074319 0.557678
0.122731 0.083308 0.561414
0.127879 0.086365 0.564015
0.136779 0.090118 0.573775
0.129034 0.074058 0.566175
0.113759 0.092164 0.581905
0.123954 0.070408 0.558852
0.134077 0.077745 0.565717
0.127607 0.084627 0.576800
0.129685 0.091084 0.575683
0.129354 0.089539 0.564381
0.132126 0.082575 0.567110
0.135277 0.082975 0.565638
0.123610 0.082267 0.567607
0.126120 0.078105 0.577936
0.146483 0.078034 0.577923
0.138787 0.077425 0.557218
0.141395 0.081694 0.573254
0.131503 0.073471 0.574750
0.133236 0.083156 0.578452
0.124102 0.077628 0.566006
0.128689 0.080432 0.570371
0.131771 0.073085 0.569907
0.142205 0.088394 0.579573
0.138042 0.073322 0.579760
0.141757 0.072807 0.585183
0.141884 0.069645 0.582969
0.138099 0.070285 0.577777
0.144495 0.085882 0.585956
0.138636 0.082654 0.566518
0.144156 0.086811 0.577132
0.130193 0.083042 0.589026
0.135745 0.074053 0.577007
0.149052 0.073964 0.577273
0.134196 0.068489 0.583806
0.141555 0.072753 0.592568
0.139749 0.080782 0.584274
0.138704 0.092059 0.585709
0.147235 0.084685 0.578677
0.136103 0.064766 0.576930
0.152032 0.083828 0.583478
0.151238 0.076731 0.583498
0.140048 0.069069 0.587595
0.146330 0.069754 0.580493
0.134238 0.087291 0.594088
0.138146 0.072971 0.581464
0.144679 0.074260 0.599890
0.137862 0.076591 0.588420
0.133882 0.079089 0.586212
0.129880 0.081153 0.581636
0.140045 0.080750 0.584687
0.138764 0.085172 0.589242
0.138497 0.078937 0.590080
0.134369 0.088470 0.585044
0.146854 0.085929 0.582077
0.141793 0.084877 0.590385
0.147069 0.081666 0.595633
0.137573 0.072260 0.600076
0.142114 0.081076 0.593107
0.147484 0.072750 0.583223
0.136390 0.080522 0.587023
0.140425 0.083613 0.598031
0.145146 0.080132 0.596994
0.145994 0.081332 0.600140
0.142695 0.086832 0.603881
0.140975 0.079324 0.602886
0.139303 0.072692 0.592330
0.147740 0.080225 0.592083
0.131328 0.085379 0.593128
0.138669 0.070112 0.593876
0.152455 0.083274 0.598267
0.150786 0.071882 0.603423
0.151950 0.078814 0.597174
0.144103 0.080008 0.589787
0.147604 0.087681 0.604603
0.141388 0.074416 0.604678
0.136689 0.073419 0.608457
0.136757 0.075603 0.607521
0.148234 0.068968 0.602272
0.146566 0.085297 0.595586
0.145056 0.088640 0.601660
0.152503 0.085781 0.607205
0.142793 0.082763 0.603313
0.131476 0.078528 0.596573
0.134442 0.088307 0.612178
0.149578 0.076866 0.599217
0.150760 0.081337 0.601379
0.153464 0.090151 0.595742
0.142524 0.077615 0.605368
0.127558 0.065980 0.609929
0.143365 0.078766 0.611930
0.135950 0.071162 0.608440
0.140735 0.087607 0.604548
0.141643 0.079646 0.603750
0.140743 0.092792 0.610444
0.146422 0.079793 0.608940
0.141484 0.077115 0.622210
0.147234 0.089840 0.607457
0.144891 0.072211 0.596701
0.133922 0.087062 0.609983
0.135097 0.081075 0.611067
0.142931 0.077695 0.608423
0.137923 0.082186 0.609236
0.149515 0.089171 0.617764
0.142825 0.077274 0.618758
0.150122 0.085928 0.607399
0.139272 0.082936 0.618069
0.139444 0.073107 0.608439
0.137114 0.077633 0.619047
0.144298 0.078872 0.620467
0.143231 0.080678 0.625922
0.147524 0.083933 0.617937
0.139324 0.082268 0.618240
0.136422 0.084123 0.614155
0.139478 0.097353 0.609138
0.131694 0.076460 0.619698
0.135882 0.081357 0.620524
0.131553 0.079621 0.622221
0.138210 0.081553 0.608663
0.137701 0.076856 0.633050
0.141209 0.083972 0.621686
0.136500 0.084398 0.619497
0.132057 0.093838 0.620911
0.133129 0.077580 0.617306
0.137671 0.083560 0.612459
0.134590 0.079573 0.619993
0.129889 0.085224 0.634180
0.132623 0.078993 0.626287
0.141028 0.090056 0.622679
0.134500 0.086123 0.626472
0.141158 0.080829 0.626230
0.132396 0.082138 0.619933
0.132322 0.069427 0.626844
0.127204 0.082597 0.622743
0.126570 0.086402 0.629891
0.127524 0.078494 0.636322
0.130582 0.083301 0.619946
0.142004 0.084419 0.621855
0.133996 0.084609 0.638681
0.138285 0.088689 0.632689
0.134785 0.082312 0.632584
0.127185 0.071658 0.632907
0.128702 0.091091 0.631898
0.134993 0.064358 0.631900
0.134460 0.083691 0.625661
0.129924 0.076606 0.623785
0.131719 0.080562 0.636018
0.132887 0.090519 0.626581
0.125607 0.081317 0.634871
0.128278 0.079300 0.639414
0.131258 0.083296 0.633649
0.133270 0.075928 0.634862
0.117833 0.074164 0.635965
0.130733 0.079667 0.631875
0.136935 0.082563 0.635736
0.118284 0.085523 0.641473
0.136119 0.085185 0.623348
0.118375 0.071119 0.623538
0.126104 0.078737 0.630904
0.120559 0.076234 0.646939
0.121498 0.079378 0.635847
0.117492 0.073674 0.635809
0.123230 0.079811 0.631842
0.113437 0.074340 0.627920
0.132400 0.082087 0.632705
0.130357 0.089154 0.637550
0.118457 0.079689 0.645454
0.117836 0.079471 0.560038
0.115473 0.083424 0.552726
0.126031 0.088184 0.563289
0.122336 0.087094 0.577446
0.113703 0.086846 0.561511
0.118931 0.084844 0.560178
0.116503 0.080720 0.558054
0.127378 0.088806 0.568258
0.115947 0.084419 0.584763
0.126218 0.083335 0.564727
0.123499 0.087389 0.569134
0.133188 0.097544 0.564861
0.114564 0.077937 0.570378
0.126286 0.091137 0.567624
0.125870 0.083242 0.572825
0.130438 0.084086 0.566180
0.133530 0.074827 0.561859
0.127100 0.080701 0.568696
0.123712 0.085227 0.573506
0.118986 0.091750 0.577826
0.136760 0.074562 0.572854
0.136538 0.073506 0.571134
0.124579 0.074462 0.580046
0.131177 0.080339 0.578455
0.134406 0.086153 0.567900
0.123946 0.084538 0.570182
0.134835 0.079658 0.569852
0.122541 0.087106 0.573102
0.135508 0.087094 0.578948
0.139194 0.079273 0.573826
0.131915 0.084384 0.572736
0.134851 0.078379 0.563103
0.132232 0.091874 0.567379
0.127700 0.091835 0.577505
0.130162 0.081779 0.568257
0.140335 0.075164 0.572092
0.122461 0.077992 0.584390
0.122284 0.090499 0.579845
0.140545 0.079082 0.577964
0.136936 0.086722 0.574432
0.131911 0.084135 0.576035
0.129856 0.090660 0.573560
0.143769 0.075724 0.583146
0.135605 0.085520 0.572720
0.133610 0.088215 0.582725
0.133843 0.086166 0.578350
0.126157 0.080430 0.575515
0.135827 0.075132 0.583607
0.132904 0.083212 0.583696
0.149534 0.080483 0.576096
0.136940 0.092898 0.570840
0.132796 0.081630 0.570308
0.137898 0.076588 0.580052
0.140477 0.073339 0.579655
0.146867 0.076249 0.577295
0.135658 0.075411 0.585224
0.133942 0.077899 0.579467
0.135345 0.086627 0.588170
0.139799 0.083733 0.588615
0.148832 0.089025 0.581737
0.131833 0.079042 0.585208
0.142484 0.082325 0.580925
0.142752 0.078576 0.588246
0.137038 0.083216 0.586057
0.143425 0.086867 0.577684
0.136092 0.082925 0.577930
0.146956 0.081197 0.580447
0.133020 0.074842 0.586327
0.146726 0.088743 0.583099
0.139976 0.090320 0.584887
0.138774 0.090923 0.584901
0.136528 0.090423 0.589092
0.140444 0.079384 0.590523
0.137296 0.082995 0.585728
0.144633 0.076124 0.600077
0.137150 0.080702 0.590104
0.140496 0.082725 0.595720
0.139252 0.086797 0.584811
0.139964 0.073472 0.597689
0.146122 0.094886 0.586026
0.152204 0.079501 0.601490
0.146196 0.088115 0.592159
0.142688 0.075129 0.586867
0.150103 0.071326 0.593401
0.141248 0.074552 0.596670
0.133181 0.081581 0.599359
0.122285 0.081853 0.602750
0.139847 0.091034 0.593382
0.147295 0.078643 0.600286
0.131473 0.086085 0.598557
0.142716 0.082046 0.594639
0.134393 0.079783 0.598082
0.134672 0.086948 0.599201
0.148172 0.074113 0.605145
0.144803 0.088359 0.606115
0.144991 0.079816 0.601293
0.145439 0.079949 0.602939
0.139571 0.070222 0.602035
0.134665 0.075991 0.603020
0.150054 0.083749 0.599715
0.147040 0.075250 0.613815
0.145187 0.098962 0.603682
0.140704 0.078528 0.609854
0.137822 0.087668 0.609144
0.134291 0.085600 0.588842
0.156952 0.075038 0.597655
0.136888 0.084162 0.612693
0.153204 0.082045 0.604203
0.138856 0.069295 0.616147
0.153258 0.082098 0.609805
0.136180 0.073781 0.607694
0.141026 0.082233 0.616049
0.145440 0.079332 0.614089
0.149890 0.088730 0.614599
0.139681 0.074522 0.610706
0.141122 0.079104 0.616231
0.138123 0.082092 0.602995
0.143883 0.080948 0.615324
0.151555 0.081500 0.609563
0.143705 0.091997 0.618745
0.139489 0.089657 0.612511
0.134646 0.089814 0.624459
0.140947 0.081517 0.624930
0.126461 0.076268 0.622620
0.148360 0.083746 0.624095
0.135340 0.074969 0.604338
0.138829 0.082191 0.618379
0.136375 0.082767 0.605936
0.140152 0.081404 0.618534
0.139810 0.091261 0.607116
0.135260 0.075326 0.612500
0.135451 0.091036 0.629779
0.140816 0.079783 0.619426
0.146840 0.079984 0.627289
0.144532 0.080941 0.616522
0.131558 0.077703 0.623523
0.140624 0.079530 0.621204
0.135025 0.067851 0.631508
0.140045 0.080479 0.611126
0.133631 0.097957 0.628644
0.121182 0.073718 0.626579
0.130092 0.088949 0.627198
0.137287 0.085382 0.623061
0.133620 0.079663 0.618036
0.136146 0.076598 0.621080
0.133389 0.084780 0.627477
0.122819 0.073131 0.627271
0.133899 0.079984 0.632340
0.129396 0.075505 0.622012
0.131843 0.087686 0.621611
0.129302 0.087124 0.623354
0.139168 0.083181 0.629900
0.127638 0.076081 0.623712
0.128611 0.081089 0.616083
0.134205 0.079582 0.622883
0.133496 0.089969 0.632922
0.131420 0.085811 0.622584
0.127232 0.086011 0.631434
0.130230 0.082824 0.640549
0.130600 0.078244 0.638159
0.133699 0.071105 0.629738
0.133055 0.087727 0.640595
0.129408 0.073956 0.631259
0.132198 0.086858 0.634055
0.120349 0.078147 0.642880
0.135702 0.082091 0.633185
0.116026 0.073776 0.640453
0.119805 0.091115 0.637359
0.132960 0.085840 0.634537
0.126689 0.074973 0.627949
0.127544 0.074394 0.631254
0.120097 0.078434 0.635115
0.117792 0.080651 0.634896
0.118896 0.086866 0.639189
0.126976 0.068386 0.639621
0.131910 0.088107 0.628563
0.129917 0.084141 0.646290
0.122763 0.076535 0.637755
0.123632 0.080839 0.627968
0.114393 0.083767 0.647030
0.121412 0.086296 0.559308
0.122031 0.081630 0.555466
0.124305 0.087231 0.567709
0.116276 0.099026 0.573168
0.113037 0.090539 0.560133
0.118905 0.076806 0.563984
0.120038 0.094758 0.562894
0.114325 0.077797 0.557631
0.139875 0.086381 0.570911
0.126303 0.091328 0.560388
0.121444 0.083948 0.568352
0.118372 0.084419 0.571660
0.122785 0.073812 0.568516
0.115048 0.095446 0.564958
0.136783 0.089442 0.562540
0.129404 0.081959 0.564069
0.124189 0.082981 0.568517
0.136280 0.086897 0.576119
0.132911 0.082803 0.570754
0.130775 0.090263 0.566747
0.122610 0.085259 0.571587
0.127603 0.095069 0.576812
0.123837 0.091480 0.574186
0.127324 0.084284 0.572788
0.128491 0.090110 0.565205
0.122383 0.085885 0.575193
0.138082 0.088023 0.578891
0.124951 0.076607 0.574911
0.138282 0.078399 0.573520
0.138764 0.082419 0.569395
0.143149 0.078878 0.578666
0.123551 0.088956 0.567203
0.133156 0.086483 0.564060
0.137679 0.086554 0.578123
0.147094 0.089553 0.570407
0.134816 0.090298 0.581049
0.134498 0.071182 0.581099
0.127014 0.083953 0.581495
0.128018 0.091414 0.561667
0.133256 0.083620 0.578573
0.139795 0.088480 0.576465
0.132505 0.083050 0.576995
0.142676 0.097689 0.575616
0.139679 0.087626 0.580017
0.137154 0.091898 0.571027
0.136027 0.084627 0.575652
0.134499 0.081724 0.581976
0.128981 0.080406 0.586507
0.141129 0.079382 0.585427
0.127542 0.083479 0.592826
0.148169 0.079614 0.575055
0.138901 0.090549 0.576819
0.138025 0.090863 0.572421
0.124592 0.094545 0.578734
0.137696 0.082562 0.582840
0.132268 0.085819 0.585882
0.136578 0.082364 0.587884
0.140306 0.088511 0.578637
0.134474 0.091822 0.581970
0.145192 0.085031 0.591577
0.138511 0.081793 0.584232
0.142804 0.079114 0.580597
0.135990 0.090357 0.579834
0.134900 0.087294 0.584093
0.146550 0.091040 0.582840
0.140326 0.086647 0.579967
0.133762 0.084067 0.589691
0.144591 0.083933 0.595671
0.142824 0.092206 0.578820
0.149785 0.088264 0.590547
0.150237 0.088265 0.589219
0.138596 0.091359 0.582709
0.142696 0.094707 0.583165
0.142514 0.079991 0.573344
0.143952 0.083779 0.586242
0.145991 0.087354 0.591389
0.147283 0.084899 0.580529
0.151916 0.086522 0.592229
0.138007 0.088295 0.591350
0.140690 0.085263 0.602234
0.138889 0.090515 0.598601
0.142289 0.085831 0.600630
0.160030 0.088820 0.588537
0.148710 0.090540 0.600340
0.151359 0.095328 0.597194
0.137802 0.086430 0.599647
0.141026 0.091391 0.601727
0.140714 0.089178 0.608115
0.151401 0.085903 0.606615
0.141015 0.088165 0.593717
0.143317 0.081938 0.600871
0.144627 0.087623 0.608266
0.141543 0.085404 0.599507
0.135133 0.086628 0.611707
0.131282 0.081541 0.601527
0.146456 0.086483 0.609766
0.138504 0.093964 0.601703
0.154970 0.084420 0.598258
0.147742 0.088340 0.602019
0.133231 0.078931 0.596084
0.141836 0.087768 0.611341
0.130164 0.090026 0.615020
0.136189 0.082983 0.609294
0.139289 0.087707 0.612570
0.136654 0.083969 0.607825
0.135682 0.093381 0.608862
0.131962 0.090626 0.610823
0.140820 0.080229 0.607508
0.136395 0.090118 0.608167
0.137544 0.083904 0.607853
0.148611 0.081224 0.603489
0.145259 0.091254 0.611168
0.135759 0.092735 0.608252
0.131997 0.084856 0.619030
0.137620 0.079058 0.611691
0.147012 0.082533 0.621752
0.133820 0.076521 0.616284
0.131540 0.085680 0.610829
0.131667 0.076170 0.610561
0.137606 0.092447 0.625209
0.137797 0.084290 0.619981
0.137122 0.091291 0.617802
0.135981 0.097863 0.618258
0.138504 0.085715 0.620923
0.135732 0.089631 0.610177
0.132128 0.086757 0.613468
0.136008 0.069474 0.610415
0.134358 0.081202 0.622958
0.146840 0.078880 0.619658
0.138865 0.089693 0.617514
0.137815 0.080862 0.611546
0.134798 0.093652 0.628067
0.139448 0.084075 0.616635
0.133129 0.093254 0.612407
0.137892 0.102640 0.611932
0.130477 0.081349 0.626936
0.135455 0.082881 0.621914
0.141887 0.082047 0.614925
0.146084 0.082698 0.626221
0.142770 0.083772 0.626609
0.125993 0.074452 0.628203
0.136907 0.084185 0.619826
0.126235 0.076653 0.618828
0.130150 0.097701 0.626344
0.133304 0.091757 0.620418
0.131701 0.090463 0.626124
0.136485 0.090455 0.630978
0.136772 0.086744 0.627874
0.135904 0.095361 0.627829
0.125260 0.086942 0.625848
0.125831 0.080338 0.623654
0.139621 0.090803 0.625658
0.123445 0.095137 0.620895
0.135347 0.081466 0.638338
0.132262 0.086760 0.626975
0.135048 0.088154 0.632964
0.134910 0.090922 0.631081
0.135467 0.084258 0.637006
0.119963 0.077318 0.633986
0.128270 0.083862 0.621742
0.134555 0.088671 0.620911
0.122785 0.096614 0.640534
0.124279 0.078328 0.629841
0.135055 0.082801 0.617362
0.130996 0.079953 0.635372
0.132710 0.096361 0.630367
0.122318 0.079157 0.632723
0.129764 0.080410 0.650411
0.127970 0.084947 0.633234
0.121401 0.079150 0.638849
0.133941 0.082657 0.634302
0.117906 0.083720 0.629412
0.125637 0.087623 0.631143
0.122848 0.091575 0.642346
0.121434 0.084179 0.643258
0.122028 0.084913 0.637078
0.125373 0.075031 0.625808
0.121588 0.087369 0.628790
0.117000 0.092132 0.630567
0.122019 0.088447 0.625537
0.124071 0.086077 0.557734
0.111038 0.089292 0.560938
0.120591 0.090820 0.561926
0.125293 0.090392 0.564563
0.129252 0.078218 0.560790
0.119592 0.086907 0.564170
0.131405 0.097102 0.569164
0.120838 0.082862 0.562603
0.115316 0.095590 0.561829
0.126010 0.091458 0.569232
0.129110 0.088565 0.568731
0.122967 0.089102 0.566699
0.125257 0.086431 0.579261
0.126957 0.088263 0.562467
0.124844 0.091995 0.561152
0.131599 0.086471 0.562169
0.129268 0.087041 0.571424
0.127350 0.090021 0.559591
0.130790 0.092351 0.574467
0.126518 0.095394 0.575089
0.126867 0.096481 0.569212
0.138044 0.087147 0.566505
0.131183 0.081700 0.562280
0.125669 0.080276 0.571823
0.121236 0.086246 0.571280
0.123350 0.083823 0.570895
0.129286 0.103851 0.575907
0.130884 0.091474 0.570727
0.124593 0.092010 0.567874
0.132067 0.096976 0.568104
0.135676 0.086820 0.572826
0.134403 0.091564 0.571920
0.136750 0.085814 0.578268
0.122195 0.091421 0.569196
0.146645 0.088471 0.574857
0.133778 0.084887 0.570946
0.136257 0.070831 0.579849
0.133940 0.098916 0.573377
0.134161 0.093222 0.574045
0.130177 0.086005 0.577479
0.127483 0.084626 0.583225
0.129259 0.083422 0.583444
0.139671 0.089368 0.585253
0.130547 0.083046 0.570951
0.148283 0.090269 0.586991
0.136665 0.089450 0.585233
0.131938 0.092395 0.587296
0.131986 0.100517 0.571954
0.139385 0.091818 0.577836
0.139676 0.091683 0.581634
0.140144 0.086668 0.570187
0.147514 0.091887 0.579898
0.135814 0.084739 0.586646
0.133848 0.102124 0.582387
0.135860 0.089584 0.591021
0.147119 0.084246 0.582581
0.140655 0.099447 0.576054
0.143189 0.087187 0.580919
0.136827 0.086153 0.590179
0.144237 0.094613 0.587121
0.142508 0.084496 0.576448
0.135557 0.091927 0.570493
0.142971 0.097519 0.587091
0.134206 0.077067 0.587271
0.141178 0.090933 0.588231
0.141443 0.097437 0.578542
0.139829 0.094243 0.589909
0.134432 0.093487 0.581599
0.139706 0.084246 0.583172
0.143230 0.092386 0.587234
0.148261 0.088240 0.589603
0.140304 0.085657 0.594136
0.131339 0.093751 0.579080
0.147539 0.082605 0.595394
0.140402 0.080625 0.597922
0.138612 0.086174 0.610611
0.140518 0.081012 0.596490
0.141204 0.089391 0.588770
0.148535 0.089693 0.588880
0.138324 0.092163 0.584149
0.148115 0.086942 0.585216
0.141686 0.084069 0.584648
0.137003 0.097414 0.592955
0.134249 0.080930 0.587541
0.147407 0.096383 0.604235
0.140567 0.090836 0.601177
0.128117 0.086405 0.608498
0.134343 0.095371 0.595073
0.136460 0.095175 0.600920
0.130316 0.095216 0.592895
0.147488 0.085897 0.610385
0.149737 0.088442 0.598103
0.141989 0.093553 0.595578
0.139576 0.087150 0.609619
0.135549 0.089093 0.608033
0.143712 0.089500 0.605345
0.145030 0.090925 0.608618
0.139387 0.080586 0.600470
0.141283 0.082624 0.611169
0.135780 0.078440 0.599406
0.126829 0.087424 0.612101
0.142426 0.092306 0.597970
0.140763 0.083673 0.600299
0.142083 0.083033 0.605571
0.151699 0.089896 0.606485
0.145508 0.086816 0.606088
0.137210 0.105014 0.603467
0.142191 0.079386 0.612368
0.155388 0.099642 0.604841
0.137134 0.087682 0.612027
0.145168 0.091299 0.614144
0.141756 0.097693 0.617459
0.140491 0.093726 0.621520
0.137952 0.095628 0.613699
0.150961 0.098414 0.619196
0.147887 0.090192 0.614908
0.137495 0.084057 0.620096
0.138741 0.092146 0.611544
0.138374 0.088918 0.608210
0.141240 0.087064 0.616111
0.133140 0.078379 0.619615
0.143126 0.094801 0.609744
0.130247 0.092126 0.627185
0.143637 0.088612 0.614255
0.148694 0.091435 0.622301
0.135932 0.080761 0.618165
0.136695 0.089549 0.623303
0.141454 0.092799 0.620799
0.139153 0.093304 0.612192
0.143102 0.094936 0.619095
0.133988 0.095619 0.616549
0.138246 0.089620 0.627949
0.138872 0.078321 0.631859
0.144457 0.093767 0.624688
0.139360 0.085000 0.626195
0.130021 0.082258 0.615022
0.134575 0.095392 0.616423
0.139299 0.093740 0.620187
0.138353 0.103818 0.621315
0.138538 0.092236 0.617237
0.140520 0.096105 0.621250
0.144311 0.090284 0.626790
0.126553 0.080439 0.621096
0.135760 0.093928 0.622506
0.137110 0.079619 0.631133
0.135249 0.099478 0.633146
0.139332 0.083292 0.629856
0.135319 0.105347 0.628420
0.113588 0.085206 0.619507
0.144242 0.084250 0.623970
0.134981 0.088789 0.637452
0.138923 0.081199 0.626954
0.133358 0.089852 0.618230
0.134993 0.092546 0.626472
0.124607 0.097542 0.630866
0.121154 0.098394 0.632051
0.132450 0.086135 0.637159
0.132948 0.092974 0.630593
0.137653 0.092043 0.630037
0.127625 0.088931 0.633212
0.130092 0.090938 0.634314
0.121982 0.096826 0.634036
0.130668 0.094076 0.637457
0.122792 0.075866 0.632933
0.124261 0.083801 0.633119
0.127689 0.100300 0.638072
0.131718 0.086034 0.627934
0.120155 0.099077 0.615102
0.130713 0.096068 0.619577
0.124717 0.082031 0.638914
0.122097 0.089923 0.622216
0.115185 0.095870 0.639300
0.118777 0.097659 0.628969
0.115654 0.092037 0.639003
0.133866 0.089977 0.630153
0.117115 0.088963 0.644362
0.122851 0.079148 0.645786
0.129821 0.088407 0.639526
0.120627 0.097466 0.637742
0.120504 0.089606 0.632074
0.120337 0.099768 0.572186
0.118151 0.091979 0.567854
0.120930 0.101493 0.556060
0.127326 0.086724 0.568917
0.109262 0.101759 0.565029
0.117778 0.096938 0.563819
0.128448 0.095219 0.563094
0.125388 0.090234 0.576572
0.132021 0.083317 0.566377
0.123136 0.092099 0.564739
0.118809 0.094999 0.568813
0.122362 0.093054 0.567250
0.125661 0.084773 0.574149
0.138334 0.102004 0.567103
0.125711 0.098600 0.562236
0.117895 0.098598 0.562966
0.113789 0.087319 0.561047
0.140114 0.089769 0.564421
0.141719 0.082424 0.568610
0.132204 0.089787 0.569794
0.120040 0.091491 0.570540
0.119855 0.095665 0.569318
0.129816 0.090057 0.570043
0.119605 0.095283 0.573089
0.131206 0.092182 0.581572
0.131324 0.089366 0.569015
0.137608 0.097210 0.580444
0.134875 0.091123 0.570217
0.128740 0.094573 0.584303
0.126205 0.089700 0.576236
0.127953 0.087413 0.566990
0.133512 0.101349 0.580453
0.128127 0.093445 0.569838
0.124909 0.088480 0.580754
0.137022 0.077571 0.569635
0.145488 0.084906 0.565758
0.140099 0.084865 0.584514
0.135495 0.099698 0.582286
0.140852 0.086761 0.577739
0.137911 0.083107 0.570509
0.127909 0.091292 0.579581
0.132428 0.091390 0.573010
0.140215 0.083615 0.567348
0.127747 0.091640 0.580196
0.139223 0.099530 0.572279
0.144465 0.088488 0.578025
0.124571 0.086682 0.577059
0.133916 0.091895 0.587651
0.128018 0.088219 0.578594
0.136407 0.094743 0.573813
0.137634 0.089544 0.564731
0.140421 0.092213 0.583271
0.137116 0.103586 0.591999
0.127256 0.088326 0.584450
0.141550 0.089010 0.591899
0.139226 0.098248 0.584324
0.144360 0.107244 0.589487
0.128497 0.092296 0.585516
0.142183 0.087726 0.586716
0.148876 0.083483 0.592162
0.136122 0.092057 0.587880
0.133606 0.092975 0.588422
0.138181 0.106344 0.585749
0.139085 0.087166 0.580757
0.142963 0.089123 0.583888
0.143769 0.100164 0.575585
0.137052 0.086722 0.594025
0.142809 0.088200 0.566305
0.133322 0.100585 0.590661
0.143740 0.104646 0.593900
0.145368 0.083815 0.588379
0.139947 0.087544 0.584262
0.135857 0.099791 0.575339
0.135083 0.094908 0.587365
0.144630 0.087769 0.586064
0.145801 0.088625 0.597197
0.145739 0.094933 0.587432
0.135791 0.095268 0.586284
0.140581 0.096944 0.606548
0.153665 0.094028 0.594499
0.144029 0.090187 0.593389
0.141964 0.096642 0.587324
0.145850 0.103303 0.601169
0.140137 0.102958 0.598425
0.139786 0.084264 0.591343
0.134935 0.087480 0.606022
0.145136 0.086329 0.595956
0.143470 0.097809 0.584610
0.144007 0.081323 0.598762
0.138383 0.090991 0.599045
0.147870 0.089690 0.592276
0.133323 0.087848 0.601938
0.139012 0.096134 0.598217
0.135992 0.088012 0.600952
0.133311 0.103253 0.601218
0.134821 0.094752 0.599091
0.140563 0.082411 0.609202
0.136846 0.085223 0.604814
0.148387 0.102945 0.609180
0.143501 0.101922 0.600050
0.136328 0.081044 0.594708
0.139118 0.091537 0.604116
0.137694 0.093805 0.603838
0.145611 0.094959 0.601731
0.144752 0.084408 0.600980
0.132776 0.096898 0.611906
0.139845 0.092849 0.606043
0.150686 0.099023 0.610010
0.137986 0.093373 0.604875
0.140205 0.078228 0.598940
0.145497 0.099355 0.604295
0.139814 0.089753 0.611083
0.143265 0.093321 0.613777
0.150284 0.096117 0.617066
0.139374 0.088742 0.610634
0.139814 0.096773 0.612432
0.152452 0.097526 0.606542
0.138853 0.079667 0.607236
0.148745 0.090208 0.610233
0.137896 0.089968 0.612423
0.145019 0.083099 0.614242
0.143218 0.097429 0.610383
0.141007 0.089125 0.620974
0.144112 0.095016 0.625434
0.145444 0.092911 0.618153
0.135801 0.097461 0.618570
0.147136 0.100240 0.608543
0.146390 0.083830 0.617686
0.144190 0.091725 0.612254
0.141956 0.094314 0.618040
0.135205 0.100354 0.618840
0.134633 0.091988 0.625540
0.136261 0.094468 0.624972
0.141667 0.080606 0.627867
0.135755 0.097591 0.621833
0.141877 0.085681 0.617933
0.129564 0.089550 0.623516
0.144044 0.098046 0.625317
0.145644 0.085124 0.612549
0.134381 0.099348 0.623912
0.134328 0.090180 0.621571
0.126901 0.091094 0.628406
0.145380 0.100758 0.614730
0.140350 0.095697 0.629865
0.131960 0.096933 0.626858
0.134509 0.083435 0.623420
0.126056 0.091357 0.629487
0.134995 0.092417 0.625260
0.133312 0.092866 0.624658
0.126270 0.097631 0.617511
0.136994 0.079297 0.636148
0.129083 0.093756 0.627813
0.115593 0.105842 0.621234
0.125603 0.098659 0.631331
0.130385 0.088364 0.626037
0.126930 0.089047 0.622098
0.134069 0.094008 0.635376
0.118124 0.091055 0.624439
0.126099 0.090055 0.630970
0.121101 0.100431 0.617231
0.129709 0.102959 0.630116
0.128239 0.086771 0.622759
0.127879 0.091720 0.629948
0.129617 0.076161 0.629257
0.135178 0.087541 0.636263
0.120540 0.092793 0.630849
0.120169 0.098188 0.634218
0.126380 0.098291 0.631987
0.127196 0.100344 0.630723
0.117999 0.086680 0.627157
0.135160 0.091605 0.640270
0.127708 0.092990 0.637453
0.120154 0.093213 0.636616
0.127910 0.095089 0.626132
0.123175 0.090483 0.626858
0.122340 0.095235 0.640694
0.114234 0.090556 0.633692
0.119724 0.089176 0.637037
0.125417 0.093988 0.632232
0.120248 0.099453 0.643315
0.118777 0.099142 0.557428
0.114036 0.094794 0.566774
0.130565 0.088739 0.574510
0.105634 0.095518 0.559071
0.112973 0.094295 0.564609
0.130236 0.091531 0.571498
0.118467 0.094500 0.562980
0.124137 0.088779 0.572503
0.114609 0.090668 0.564776
0.129748 0.100580 0.573020
0.117345 0.082810 0.561763
0.125231 0.095729 0.575034
0.125936 0.088343 0.565322
0.121002 0.098668 0.562536
0.126562 0.103602 0.567594
0.133995 0.096348 0.569803
0.128889 0.099151 0.569440
0.127787 0.091231 0.563476
0.131506 0.100325 0.560912
0.132732 0.101853 0.561851
0.120979 0.094930 0.574715
0.136901 0.095635 0.569693
0.129032 0.086233 0.562529
0.132424 0.106125 0.573357
0.131625 0.096911 0.576326
0.136799 0.111279 0.566809
0.123786 0.096175 0.580525
0.121358 0.099778 0.572514
0.137580 0.094405 0.577140
0.133484 0.095322 0.571590
0.130661 0.103016 0.562478
0.127199 0.090919 0.573594
0.137107 0.097795 0.569783
0.130441 0.105577 0.586630
0.138578 0.093629 0.577116
0.146740 0.089812 0.573206
0.136053 0.087874 0.579903
0.129325 0.089864 0.574237
0.140415 0.088683 0.580178
0.135486 0.093041 0.568675
0.135963 0.093738 0.574555
0.144937 0.090906 0.580387
0.132111 0.087136 0.563645
0.135225 0.095082 0.587388
0.142861 0.087489 0.573134
0.134864 0.098456 0.579380
0.143288 0.093855 0.581976
0.132988 0.097962 0.579540
0.143607 0.101418 0.569112
0.148680 0.096742 0.576363
0.137266 0.102481 0.565821
0.145635 0.092389 0.576774
0.141263 0.096553 0.580082
0.133002 0.095997 0.590384
0.138031 0.090115 0.575637
0.145846 0.102138 0.580930
0.134792 0.102461 0.576098
0.138300 0.093922 0.581989
0.141793 0.100107 0.582005
0.150630 0.099801 0.596777
0.135777 0.098750 0.584590
0.130025 0.093649 0.586100
0.147099 0.091617 0.586080
0.133172 0.098280 0.593662
0.136750 0.098633 0.587176
0.147390 0.098835 0.588467
0.143285 0.095631 0.594036
0.131320 0.098851 0.598393
0.156200 0.083910 0.591601
0.141517 0.094460 0.586851
0.135590 0.103730 0.593322
0.143633 0.099510 0.594059
0.145907 0.095109 0.592966
0.139689 0.095642 0.591040
0.133234 0.092290 0.588708
0.143641 0.103155 0.599327
0.145893 0.103462 0.606313
0.139528 0.108528 0.611130
0.145786 0.105367 0.599851
0.139482 0.090047 0.593923
0.131347 0.090617 0.590065
0.153237 0.097320 0.593487
0.147713 0.097563 0.584883
0.133802 0.089534 0.595419
0.144536 0.093374 0.596203
0.138080 0.100247 0.596688
0.140025 0.089151 0.597169
0.149297 0.090836 0.594605
0.138460 0.092385 0.601775
0.135355 0.088655 0.594318
0.147702 0.097546 0.602123
0.140361 0.092148 0.600951
0.135384 0.103138 0.593355
0.141950 0.106558 0.616170
0.146461 0.100397 0.597619
0.136542 0.110347 0.597832
0.142255 0.096919 0.604658
0.143075 0.098361 0.598096
0.139921 0.096142 0.600528
0.141058 0.098327 0.597572
0.136841 0.105524 0.609163
0.148949 0.098817 0.609504
0.140915 0.094801 0.606225
0.151171 0.087216 0.604940
0.142004 0.096424 0.608711
0.147595 0.099687 0.598823
0.140966 0.092040 0.611467
0.142081 0.086272 0.607123
0.137298 0.109138 0.617879
0.135434 0.093904 0.610629
0.139156 0.106031 0.606003
0.133406 0.088809 0.612732
0.142442 0.101176 0.613016
0.147475 0.105591 0.623289
0.144059 0.095683 0.609122
0.133111 0.098303 0.614972
0.136617 0.097240 0.608574
0.154508 0.096155 0.622804
0.149926 0.098705 0.615231
0.136050 0.100117 0.611409
0.133817 0.092582 0.616398
0.141531 0.099010 0.622185
0.118562 0.097439 0.623602
0.136584 0.090718 0.613718
0.137387 0.094113 0.615348
0.136089 0.100803 0.628383
0.137155 0.096549 0.630150
0.142189 0.096168 0.619711
0.143087 0.105547 0.619820
0.134938 0.095900 0.616840
0.147743 0.104083 0.624018
0.134143 0.089166 0.632525
0.125978 0.107263 0.618569
0.144961 0.091977 0.612828
0.134682 0.088063 0.624423
0.145352 0.097355 0.619783
0.142862 0.093751 0.619982
0.129963 0.089582 0.607662
0.139137 0.098835 0.622142
0.133750 0.093320 0.624664
0.129174 0.097126 0.621424
0.136425 0.101822 0.627919
0.126869 0.101908 0.619010
0.134998 0.090440 0.628791
0.132238 0.103878 0.616755
0.136592 0.105766 0.619070
0.136397 0.100372 0.632530
0.123841 0.099093 0.620214
0.140325 0.083096 0.629454
0.132449 0.097880 0.630332
0.143666 0.097848 0.625201
0.132381 0.094599 0.629485
0.128215 0.092387 0.628183
0.119508 0.105671 0.624942
0.126785 0.097772 0.631862
0.136317 0.103061 0.635549
0.128564 0.098748 0.633050
0.127403 0.100237 0.638586
0.125003 0.104970 0.632708
0.126958 0.100154 0.641577
0.126924 0.102149 0.628776
0.125599 0.095500 0.634741
0.124665 0.106205 0.633786
0.121731 0.099547 0.629867
0.126794 0.100009 0.635790
0.111922 0.088557 0.634675
0.120557 0.099669 0.619906
0.125179 0.098506 0.632049
0.120079 0.101888 0.636018
0.132167 0.101479 0.640030
0.126282 0.098268 0.633374
0.124434 0.096093 0.631821
0.119286 0.108733 0.640490
0.123209 0.090467 0.643877
0.124780 0.098479 0.638056
0.120271 0.096641 0.618401
0.120449 0.087976 0.638869
0.111685 0.090451 0.628342
0.120678 0.091699 0.633568
0.121715 0.096792 0.640733
0.119783 0.107173 0.565233
0.122934 0.095394 0.549466
0.120052 0.097480 0.565097
0.121808 0.094530 0.565353
0.129026 0.099594 0.578379
0.117844 0.089376 0.556058
0.123772 0.091984 0.558627
0.122207 0.103731 0.573912
0.127004 0.101149 0.565703
0.130158 0.095934 0.567425
0.130865 0.101506 0.565294
0.127915 0.091418 0.570335
0.132398 0.101144 0.557504
0.136251 0.093018 0.569378
0.122086 0.096776 0.575698
0.126184 0.099069 0.569306
0.134286 0.096089 0.561181
0.130334 0.098803 0.563216
0.136665 0.098333 0.582642
0.128911 0.102357 0.579590
0.132168 0.093737 0.572874
0.132929 0.106212 0.571245
0.128099 0.093758 0.574683
0.118743 0.089062 0.562571
0.131914 0.092469 0.567641
0.137983 0.101281 0.576622
0.130992 0.093112 0.573639
0.132766 0.096820 0.572701
0.138812 0.099385 0.568400
0.124766 0.099960 0.564319
0.139084 0.104590 0.579525
0.132895 0.087217 0.556702
0.129859 0.097249 0.572195
0.134259 0.091046 0.570294
0.131236 0.096312 0.576601
0.129283 0.099145 0.567173
0.126230 0.100117 0.576859
0.128966 0.100688 0.582929
0.139723 0.097642 0.573082
0.137998 0.103152 0.583907
0.131640 0.101301 0.572868
0.137566 0.108659 0.576403
0.141872 0.102595 0.571069
0.137578 0.093712 0.581794
0.141738 0.111812 0.579751
0.122207 0.099787 0.588239
0.131798 0.101908 0.578902
0.136821 0.102223 0.567242
0.127116 0.090668 0.571269
0.128980 0.106259 0.585095
0.140723 0.099698 0.587677
0.134655 0.100597 0.583503
0.140726 0.098581 0.588314
0.143232 0.104170 0.575500
0.138171 0.090723 0.584525
0.132869 0.108618 0.584144
0.151027 0.109877 0.587845
0.140504 0.095488 0.581003
0.129679 0.095485 0.593449
0.146940 0.098271 0.590806
0.148098 0.087196 0.583377
0.145336 0.097875 0.584146
0.131756 0.099720 0.582505
0.125100 0.111207 0.593712
0.134818 0.086993 0.584865
0.140052 0.100505 0.590829
0.140167 0.096645 0.589917
0.129274 0.094686 0.597822
0.135865 0.109399 0.589339
0.140441 0.091888 0.583520
0.137829 0.096253 0.586201
0.138049 0.105372 0.594273
0.140101 0.109254 0.591759
0.149147 0.097752 0.592900
0.141764 0.097438 0.587013
0.148691 0.104422 0.599631
0.154620 0.098876 0.596553
0.147172 0.100431 0.586930
0.135414 0.087786 0.591753
0.142989 0.101924 0.596543
0.146189 0.090355 0.591565
0.152372 0.099453 0.596531
0.138045 0.097090 0.596606
0.151220 0.105850 0.595405
0.136433 0.099366 0.599196
0.135359 0.103556 0.600072
0.148479 0.105256 0.599376
0.139870 0.099173 0.593639
0.148403 0.103450 0.584598
0.137386 0.105234 0.593444
0.144911 0.102887 0.595754
0.137212 0.091889 0.591329
0.145959 0.104584 0.605773
0.145431 0.092834 0.605329
0.126484 0.097429 0.596308
0.149091 0.107200 0.599448
0.138788 0.104075 0.605582
0.132899 0.098375 0.604880
0.133195 0.108002 0.595644
0.145451 0.095300 0.611225
0.147532 0.097986 0.596653
0.144962 0.107078 0.608112
0.135952 0.094972 0.614040
0.147337 0.096929 0.605089
0.138506 0.099859 0.611693
0.146661 0.096843 0.600892
0.144304 0.092688 0.606591
0.138227 0.103679 0.605112
0.145020 0.081429 0.602117
0.126293 0.102374 0.609045
0.139261 0.109848 0.611250
0.134291 0.098107 0.608010
0.134950 0.097439 0.607610
0.139516 0.094896 0.607114
0.144291 0.099496 0.614874
0.133841 0.094902 0.615608
0.145377 0.101234 0.604954
0.127813 0.105884 0.617187
0.139230 0.100683 0.613507
0.138629 0.102225 0.621959
0.140659 0.108595 0.607165
0.141418 0.096153 0.617783
0.144437 0.096528 0.608154
0.137167 0.100658 0.609823
0.145321 0.100622 0.626065
0.147035 0.094370 0.624425
0.129311 0.107933 0.611536
0.131688 0.098606 0.615891
0.127231 0.100964 0.621137
0.133427 0.106226 0.618013
0.138839 0.099029 0.612902
0.143861 0.094597 0.625711
0.138766 0.110339 0.623465
0.136874 0.098100 0.607071
0.140718 0.103567 0.616791
0.139046 0.090168 0.619116
0.129988 0.101511 0.626508
0.134445 0.105852 0.627253
0.128267 0.100022 0.618818
0.155377 0.099683 0.618031
0.125569 0.106312 0.626216
0.141244 0.095519 0.622828
0.131500 0.098935 0.619036
0.133421 0.097977 0.627122
0.128597 0.098034 0.626970
0.121233 0.099059 0.627173
0.137283 0.103769 0.636279
0.139897 0.091325 0.625957
0.139238 0.106785 0.630539
0.127099 0.098922 0.620547
0.132040 0.101823 0.626066
0.140755 0.105723 0.630793
0.141562 0.105537 0.629676
0.123453 0.085749 0.632245
0.127861 0.092717 0.633298
0.127327 0.106445 0.631790
0.125247 0.105056 0.618828
0.121709 0.102286 0.624138
0.128031 0.100840 0.628860
0.133275 0.099933 0.643108
0.122747 0.104447 0.630534
0.132317 0.092007 0.630996
0.131053 0.097674 0.626203
0.125873 0.106944 0.624150
0.121587 0.101846 0.629837
0.135995 0.106431 0.637313
0.129928 0.104253 0.647801
0.130528 0.098521 0.644825
0.131405 0.089254 0.624049
0.123952 0.100515 0.633872
0.127031 0.094375 0.634151
0.126407 0.092969 0.634975
0.116258 0.097930 0.640836
0.129411 0.102333 0.637458
0.126503 0.095934 0.636809
0.118009 0.095831 0.629754
0.119491 0.098723 0.632957
0.125361 0.100735 0.634271
0.122941 0.098521 0.631441
0.123872 0.096578 0.640768
0.127666 0.100111 0.561808
0.114101 0.110491 0.561367
0.125832 0.101066 0.574158
0.121990 0.097031 0.569257
0.111779 0.108850 0.573386
0.128219 0.102341 0.563837
0.117252 0.098220 0.565879
0.127321 0.108690 0.575072
0.115207 0.099326 0.569943
0.131257 0.110423 0.564815
0.130392 0.101749 0.555063
0.126783 0.107198 0.565073
0.131871 0.096972 0.562786
0.126251 0.113549 0.565641
0.124060 0.105106 0.567894
0.128112 0.109682 0.571055
0.130399 0.095292 0.562006
0.130634 0.109276 0.561039
0.141751 0.108268 0.573730
0.126584 0.109341 0.573234
0.119834 0.103397 0.574306
0.120367 0.101537 0.557307
0.121071 0.100868 0.570009
0.123429 0.097902 0.562201
0.135606 0.105095 0.579988
0.133665 0.096763 0.570325
0.129318 0.102617 0.566440
0.123220 0.105534 0.576994
0.126276 0.107598 0.582949
0.144034 0.101755 0.574833
0.137938 0.101902 0.568488
0.131913 0.105370 0.571833
0.130568 0.103735 0.567784
0.127692 0.100244 0.576102
0.133964 0.099912 0.570234
0.138313 0.101086 0.583420
0.141303 0.104910 0.573927
0.128473 0.086954 0.570704
0.142458 0.102512 0.582696
0.140850 0.099042 0.584412
0.123719 0.105784 0.568293
0.139043 0.100074 0.580593
0.133563 0.110117 0.584313
0.140075 0.108295 0.587519
0.133254 0.108230 0.568834
0.130925 0.097815 0.572388
0.127280 0.107731 0.574538
0.133476 0.095173 0.574043
0.134400 0.118042 0.570333
0.145047 0.095225 0.579825
0.139535 0.101548 0.586877
0.139392 0.102235 0.570718
0.144307 0.104304 0.577088
0.131833 0.098721 0.572975
0.139790 0.113870 0.576627
0.142570 0.098627 0.584830
0.147310 0.104098 0.577369
0.132917 0.109375 0.582460
0.144564 0.103283 0.580607
0.139202 0.104639 0.576692
0.139674 0.095730 0.590011
0.129312 0.097346 0.587110
0.135503 0.108234 0.589901
0.145883 0.117569 0.585592
0.143677 0.105957 0.578865
0.143103 0.098442 0.593112
0.132887 0.100389 0.595747
0.133559 0.100818 0.581824
0.146478 0.102293 0.585987
0.148454 0.100473 0.596263
0.147499 0.097903 0.582736
0.143174 0.106825 0.595399
0.127560 0.096758 0.593161
0.143265 0.109203 0.581987
0.155656 0.097808 0.614878
0.141203 0.103776 0.597636
0.135071 0.104276 0.596744
0.143590 0.090019 0.590990
0.137457 0.101782 0.594504
0.142608 0.103499 0.601839
0.142324 0.094623 0.585278
0.146191 0.096859 0.596002
0.138525 0.105513 0.601479
0.145148 0.100440 0.599003
0.149361 0.107913 0.593342
0.143866 0.100692 0.586395
0.135127 0.108031 0.588606
0.139647 0.102263 0.600291
0.151512 0.104608 0.590537
0.132812 0.098499 0.591450
0.152031 0.088915 0.609867
0.150962 0.095418 0.614025
0.142036 0.104648 0.599564
0.136248 0.111172 0.601185
0.139749 0.099971 0.599233
0.142972 0.103095 0.596558
0.150201 0.102847 0.595867
0.144187 0.102470 0.597779
0.142212 0.100102 0.604334
0.128004 0.105721 0.608209
0.135782 0.099115 0.602375
0.155439 0.095117 0.615721
0.140136 0.102848 0.612430
0.142787 0.100691 0.604092
0.148488 0.103118 0.600426
0.138748 0.101497 0.600956
0.145715 0.098886 0.616403
0.143035 0.105882 0.610403
0.138046 0.106918 0.613866
0.154747 0.111829 0.605868
0.136231 0.085332 0.610090
0.152267 0.098440 0.611109
0.139726 0.111245 0.608025
0.141120 0.104707 0.610780
0.141841 0.101039 0.617111
0.142049 0.088073 0.613156
0.149740 0.109418 0.605098
0.144407 0.112769 0.598857
0.132575 0.106944 0.624610
0.143389 0.111791 0.618187
0.140318 0.093891 0.615457
0.144051 0.100543 0.614460
0.136191 0.099384 0.612074
0.137689 0.090801 0.616786
0.147047 0.098990 0.607366
0.143006 0.111400 0.604736
0.138849 0.101469 0.621491
0.137795 0.105383 0.619945
0.130036 0.105994 0.611771
0.142652 0.104459 0.606355
0.130052 0.105602 0.621400
0.132729 0.100295 0.622329
0.139379 0.095905 0.620910
0.141199 0.100495 0.615181
0.136582 0.090748 0.624120
0.129090 0.106878 0.618789
0.123276 0.100168 0.623772
0.133689 0.095841 0.622983
0.128115 0.107373 0.623307
0.140734 0.101013 0.627246
0.139863 0.106938 0.620884
0.141757 0.111931 0.631016
0.138343 0.106506 0.633189
0.138464 0.097481 0.619210
0.139089 0.105269 0.635106
0.132168 0.103642 0.624470
0.133151 0.103141 0.628514
0.122810 0.100425 0.617162
0.135186 0.105059 0.616684
0.145643 0.108793 0.641994
0.140341 0.097958 0.627208
0.141216 0.091494 0.627469
0.129353 0.109529 0.632460
0.124353 0.103781 0.634440
0.127726 0.103720 0.625067
0.131327 0.103112 0.627611
0.134296 0.102260 0.631371
0.135921 0.090763 0.628836
0.139240 0.096594 0.631439
0.123515 0.107612 0.635929
0.127047 0.109951 0.630667
0.138867 0.097373 0.630892
0.116144 0.104554 0.624548
0.117480 0.107860 0.635718
0.131604 0.093739 0.631071
0.129938 0.106816 0.628185
0.124172 0.103792 0.631199
0.125862 0.113784 0.628770
0.111756 0.110698 0.627796
0.122259 0.098974 0.631407
0.127515 0.094532 0.648143
0.120849 0.102091 0.638919
0.127883 0.092195 0.643258
0.118315 0.107381 0.638499
0.121751 0.102603 0.635082
0.127026 0.105860 0.642120
0.108240 0.107014 0.634431
0.126126 0.096283 0.636561
0.115657 0.104567 0.627681
0.121391 0.101382 0.637586
0.126138 0.110946 0.570101
0.121233 0.106021 0.563063
0.121681 0.091973 0.560282
0.121597 0.098963 0.564229
0.123592 0.106735 0.558678
0.128962 0.094554 0.572334
0.112763 0.104438 0.569565
0.132067 0.103865 0.583094
0.124692 0.107496 0.561342
0.123810 0.103314 0.570385
0.124100 0.106781 0.556428
0.132475 0.118738 0.560035
0.130079 0.109193 0.557762
0.124778 0.107210 0.575958
0.131492 0.095890 0.572318
0.122853 0.107918 0.580728
0.129962 0.112230 0.566706
0.124694 0.100214 0.557425
0.123542 0.119517 0.572834
0.134052 0.107248 0.573023
0.124595 0.114953 0.566837
0.132786 0.103425 0.573621
0.132500 0.110638 0.567746
0.129620 0.104589 0.569436
0.127570 0.106994 0.572270
0.138168 0.113506 0.570827
0.136670 0.101901 0.565902
0.132216 0.121013 0.582747
0.127322 0.114497 0.564508
0.135491 0.108661 0.578043
0.135367 0.114512 0.568394
0.131368 0.106296 0.579666
0.127481 0.102231 0.581251
0.127388 0.101240 0.562111
0.136900 0.110274 0.573212
0.130718 0.120223 0.573538
0.129326 0.102137 0.580230
0.122120 0.101043 0.569681
0.138499 0.094690 0.572619
0.138844 0.116507 0.582851
0.129407 0.104870 0.579773
0.130272 0.094309 0.574604
0.139437 0.107856 0.576309
0.141638 0.119818 0.573971
0.121551 0.101919 0.580839
0.141656 0.109664 0.581463
0.132821 0.113914 0.590709
0.136574 0.103974 0.571624
0.138100 0.103310 0.574903
0.130489 0.105794 0.587362
0.140866 0.110779 0.587289
0.132462 0.112933 0.587304
0.137342 0.114638 0.583686
0.130778 0.107657 0.580409
0.141415 0.105144 0.593548
0.138951 0.107297 0.580640
0.138785 0.102610 0.590199
0.140414 0.098028 0.579377
0.143665 0.108272 0.582363
0.138284 0.098551 0.576063
0.140142 0.106357 0.586932
0.140780 0.097832 0.576662
0.147235 0.096090 0.576955
0.153399 0.108613 0.584648
0.140243 0.112217 0.592240
0.134908 0.108769 0.588773
0.132544 0.096388 0.598065
0.144542 0.107716 0.583736
0.149367 0.101239 0.586728
0.140123 0.110166 0.603548
0.134882 0.097347 0.594891
0.142925 0.103953 0.590437
0.138378 0.113679 0.589211
0.143487 0.105754 0.591567
0.141858 0.109724 0.598709
0.153564 0.111903 0.591739
0.149842 0.112255 0.589647
0.140779 0.107764 0.585778
0.141780 0.110087 0.591868
0.151351 0.111193 0.592741
0.149267 0.102130 0.598733
0.142091 0.116962 0.595092
0.143994 0.098717 0.594254
0.132134 0.104560 0.593228
0.141088 0.100505 0.593931
0.152058 0.113182 0.600160
0.139772 0.120667 0.598278
0.151254 0.110122 0.594639
0.137335 0.097806 0.598584
0.146034 0.118152 0.594815
0.138616 0.095279 0.590044
0.142040 0.109192 0.614222
0.138594 0.106600 0.600423
0.135520 0.104569 0.603153
0.139366 0.104093 0.614158
0.137420 0.113627 0.599982
0.135457 0.110329 0.593330
0.139296 0.114180 0.603018
0.144050 0.105725 0.608096
0.140585 0.097544 0.616039
0.147179 0.106195 0.608821
0.141246 0.101771 0.598800
0.135861 0.102348 0.607895
0.134650 0.116154 0.605388
0.144503 0.104293 0.610548
0.149796 0.107677 0.608373
0.137917 0.102386 0.608224
0.139839 0.118818 0.608021
0.153226 0.115581 0.610970
0.138203 0.106414 0.606112
0.136800 0.097428 0.600561
0.147790 0.108083 0.606984
0.137933 0.098265 0.610280
0.133976 0.108720 0.614966
0.144214 0.105636 0.615477
0.137746 0.104872 0.612958
0.137236 0.106852 0.614390
0.147841 0.106576 0.616453
0.130181 0.104599 0.611275
0.148334 0.105862 0.612781
0.143789 0.110789 0.613912
0.137794 0.100903 0.618416
0.138799 0.104098 0.615884
0.144736 0.119464 0.616943
0.148159 0.103731 0.614824
0.134640 0.102684 0.614617
0.137986 0.104508 0.619689
0.142591 0.099219 0.622190
0.147655 0.111779 0.616198
0.128928 0.105729 0.619239
0.142400 0.104585 0.621475
0.125169 0.105192 0.628083
0.140860 0.113466 0.615689
0.141654 0.104190 0.621979
0.139202 0.093205 0.627446
0.141569 0.104411 0.614808
0.141357 0.096628 0.613609
0.131747 0.114572 0.619396
0.138682 0.118458 0.623929
0.131575 0.110705 0.617409
0.143465 0.096315 0.619688
0.144422 0.110186 0.618123
0.132690 0.108965 0.614946
0.143604 0.114332 0.608332
0.124190 0.116143 0.621451
0.134498 0.113013 0.621897
0.131182 0.109819 0.622503
0.144810 0.112301 0.627142
0.128729 0.100370 0.634069
0.130367 0.108283 0.628818
0.131046 0.103690 0.621280
0.124474 0.106804 0.628461
0.119660 0.107446 0.627872
0.137817 0.107238 0.636252
0.130463 0.106299 0.611092
0.118992 0.108102 0.630794
0.136466 0.110300 0.632459
0.119601 0.099505 0.632860
0.129798 0.113359 0.640699
0.127464 0.113615 0.621095
0.129621 0.097950 0.629089
0.123677 0.111236 0.641191
0.130900 0.100662 0.626085
0.132777 0.102044 0.629496
0.118682 0.110023 0.625469
0.124050 0.111945 0.636357
0.133274 0.109317 0.637576
0.127264 0.092369 0.621870
0.131472 0.105995 0.637524
0.120414 0.097092 0.647251
0.129946 0.104762 0.624648
0.130421 0.111878 0.633107
0.130319 0.102168 0.649675
0.127355 0.094930 0.632590
0.134915 0.109314 0.635043
0.127443 0.102263 0.641167
0.126422 0.099854 0.626178
0.122860 0.106084 0.625598
0.127855 0.109798 0.634107
0.121407 0.100433 0.644645
0.128674 0.114340 0.564424
0.125500 0.096674 0.562153
0.121826 0.110447 0.554565
0.114205 0.102112 0.564759
0.120873 0.110987 0.563658
0.117150 0.100442 0.568674
0.122614 0.108485 0.568151
0.112285 0.108996 0.570127
0.126117 0.095947 0.566518
0.112570 0.108988 0.565874
0.133537 0.125857 0.560508
0.126494 0.111572 0.572465
0.121364 0.108165 0.569381
0.128772 0.110847 0.563199
0.131018 0.104997 0.577770
0.130501 0.102705 0.565006
0.118236 0.112139 0.575550
0.131254 0.115846 0.557759
0.130015 0.109146 0.566956
0.138130 0.116404 0.561447
0.129133 0.110160 0.559065
0.132018 0.100874 0.561636
0.135543 0.117384 0.577069
0.128764 0.111834 0.582955
0.132736 0.103851 0.580634
0.133248 0.103413 0.572028
0.132353 0.114600 0.567942
0.122202 0.103533 0.573760
0.141856 0.103713 0.563083
0.123457 0.104766 0.565918
0.131899 0.106907 0.575670
0.133914 0.119680 0.581540
0.134595 0.095727 0.579208
0.133856 0.104215 0.571058
0.145896 0.103294 0.573170
0.131020 0.103973 0.577316
0.147032 0.108096 0.574685
0.138731 0.108839 0.568111
0.135258 0.108413 0.573411
0.140447 0.104214 0.573369
0.133758 0.109569 0.582206
0.137933 0.119301 0.571380
0.143196 0.114256 0.580398
0.133393 0.102405 0.581445
0.131403 0.113633 0.581104
0.139688 0.113135 0.583758
0.140844 0.115949 0.579021
0.142264 0.115807 0.588485
0.136954 0.113407 0.579686
0.149841 0.104309 0.581061
0.140282 0.105359 0.581123
0.140761 0.116429 0.584505
0.135447 0.111840 0.576501
0.135991 0.104307 0.587085
0.132781 0.105465 0.588146
0.139029 0.105600 0.580516
0.128982 0.107548 0.578028
0.144633 0.104104 0.579791
0.135600 0.108483 0.589265
0.137952 0.123977 0.586381
0.139605 0.115101 0.593585
0.135759 0.104918 0.596137
0.144123 0.120646 0.578366
0.133714 0.111744 0.599532
0.140067 0.113415 0.587212
0.131208 0.119050 0.585917
0.134189 0.109335 0.575515
0.140279 0.123955 0.589789
0.135677 0.114635 0.589820
0.143239 0.114886 0.593250
0.139350 0.119546 0.596998
0.138182 0.108065 0.598785
0.137445 0.111056 0.591976
0.142602 0.111324 0.598070
0.143142 0.105241 0.583795
0.151137 0.110470 0.599621
0.148021 0.109594 0.590531
0.124528 0.109108 0.592126
0.132672 0.110108 0.591135
0.139269 0.108563 0.597947
0.146353 0.106743 0.590436
0.145166 0.117763 0.596411
0.149397 0.108093 0.608967
0.136396 0.099494 0.591938
0.143671 0.108412 0.601747
0.137648 0.111941 0.603496
0.145352 0.116476 0.596966
0.157126 0.101449 0.596740
0.134936 0.111665 0.595747
0.144128 0.105875 0.611489
0.141280 0.111103 0.608771
0.136147 0.113444 0.605880
0.140639 0.113720 0.602095
0.152367 0.111293 0.604411
0.142856 0.107077 0.604846
0.136132 0.116332 0.613941
0.141687 0.109662 0.602209
0.150698 0.116884 0.602025
0.144857 0.104173 0.612734
0.143153 0.100245 0.603218
0.143155 0.105360 0.613167
0.146847 0.100125 0.604857
0.134672 0.115659 0.610093
0.147192 0.110276 0.605492
0.143328 0.113475 0.620927
0.157094 0.106123 0.606088
0.141467 0.111824 0.607599
0.133860 0.111300 0.619879
0.143730 0.105972 0.604205
0.145100 0.102332 0.613627
0.130685 0.118459 0.609876
0.147788 0.110589 0.604314
0.144335 0.103755 0.622654
0.145720 0.120242 0.614985
0.147288 0.112396 0.607999
0.138678 0.102164 0.615861
0.133427 0.105817 0.620226
0.143771 0.101081 0.602380
0.135901 0.115044 0.616451
0.142351 0.102324 0.619770
0.139601 0.105936 0.620717
0.132318 0.119269 0.607540
0.138922 0.112610 0.620747
0.142413 0.111513 0.622846
0.133807 0.106157 0.617398
0.143155 0.108077 0.608719
0.126633 0.113328 0.624603
0.137922 0.111565 0.611142
0.138850 0.112730 0.615409
0.130810 0.103289 0.611809
0.132893 0.091489 0.613383
0.147989 0.112208 0.617141
0.138598 0.099611 0.620129
0.135959 0.111115 0.620228
0.139936 0.117627 0.617339
0.137944 0.108013 0.614437
0.138156 0.122698 0.621532
0.133764 0.112737 0.631342
0.140654 0.108610 0.619016
0.129772 0.116017 0.629275
0.143409 0.115790 0.629614
0.142748 0.112236 0.626990
0.137412 0.110356 0.628013
0.130259 0.099939 0.618372
0.139793 0.122680 0.634268
0.126257 0.103411 0.632055
0.131860 0.109708 0.620296
0.123846 0.108931 0.636586
0.130787 0.110624 0.631173
0.126263 0.109186 0.630695
0.127210 0.106498 0.628597
0.127377 0.109513 0.630438
0.129222 0.110332 0.617884
0.135176 0.108557 0.637142
0.126978 0.120138 0.620317
0.129304 0.123393 0.633402
0.123208 0.099635 0.623713
0.125667 0.107273 0.624251
0.126048 0.110639 0.618374
0.129058 0.102078 0.643408
0.117651 0.099944 0.623075
0.133141 0.094353 0.631236
0.124445 0.108952 0.644578
0.141122 0.110504 0.623064
0.130519 0.111277 0.646622
0.139219 0.110148 0.624825
0.131217 0.114193 0.632349
0.119862 0.099577 0.625826
0.121310 0.100187 0.630308
0.126268 0.121438 0.631298
0.128234 0.111001 0.631968
0.133109 0.109111 0.637616
0.126507 0.110152 0.634651
0.112126 0.113130 0.629074
0.127879 0.112517 0.636309
0.141763 0.125188 0.632961
0.130851 0.110376 0.628386
0.121849 0.109055 0.628679
0.117410 0.108616 0.628290
0.124315 0.104541 0.628203
0.131924 0.110289 0.556086
0.123963 0.114161 0.569303
0.122609 0.121629 0.574703
0.127263 0.110970 0.556430
0.134932 0.107877 0.570284
0.130173 0.111394 0.568747
0.122101 0.114987 0.569521
0.129823 0.103654 0.568617
0.128606 0.109470 0.561316
0.115932 0.118153 0.560568
0.117430 0.113889 0.563362
0.133741 0.119912 0.563547
0.133098 0.107249 0.574159
0.133859 0.107998 0.575706
0.125205 0.116210 0.568005
0.124043 0.112366 0.576610
0.124525 0.107600 0.573398
0.125920 0.109653 0.561286
0.138315 0.114455 0.568685
0.128617 0.116659 0.561206
0.131696 0.114662 0.561604
0.121277 0.121154 0.573207
0.128850 0.109901 0.584303
0.127582 0.113920 0.564733
0.123416 0.112458 0.572286
0.131725 0.112996 0.565033
0.130863 0.110046 0.567890
0.135149 0.112000 0.571779
0.127606 0.107156 0.571209
0.136105 0.111756 0.586084
0.131122 0.121075 0.566427
0.135434 0.120521 0.573337
0.122338 0.120879 0.572773
0.134066 0.113233 0.576995
0.143254 0.116091 0.570919
0.134546 0.112965 0.568441
0.134642 0.111113 0.580977
0.137164 0.124391 0.575315
0.129132 0.113736 0.573991
0.127527 0.115474 0.580143
0.131106 0.109673 0.571201
0.146099 0.115822 0.578221
0.135847 0.108256 0.580739
0.133456 0.109308 0.575944
0.129723 0.106304 0.578199
0.144680 0.122754 0.586454
0.138560 0.109383 0.581033
0.144668 0.111961 0.576053
0.139793 0.106112 0.584218
0.140708 0.116875 0.590147
0.137304 0.109682 0.574864
0.147289 0.123092 0.582790
0.139847 0.105828 0.590405
0.135791 0.108566 0.586350
0.143459 0.123299 0.580901
0.130883 0.121211 0.589274
0.140125 0.099515 0.575508
0.154616 0.121256 0.588157
0.126044 0.119269 0.582217
0.132200 0.114082 0.592774
0.134032 0.113337 0.587349
0.133801 0.113945 0.589115
0.140461 0.103117 0.590327
0.143742 0.108719 0.591259
0.145606 0.107055 0.589581
0.151770 0.108077 0.581527
0.136445 0.105591 0.586718
0.135945 0.108952 0.581160
0.143202 0.106665 0.594899
0.138087 0.114974 0.580998
0.144447 0.104581 0.588134
0.148682 0.109768 0.587412
0.138002 0.112203 0.595477
0.147213 0.120428 0.588651
0.136894 0.106219 0.584567
0.137489 0.123482 0.591557
0.148576 0.118748 0.589431
0.149684 0.114080 0.588590
0.146594 0.107092 0.595530
0.134090 0.125867 0.584511
0.145168 0.121639 0.604635
0.145577 0.117536 0.594154
0.144616 0.124476 0.594505
0.140924 0.104216 0.594699
0.139085 0.110922 0.594774
0.147750 0.116846 0.595386
0.144137 0.099021 0.600642
0.142169 0.107797 0.600647
0.135914 0.116873 0.604230
0.138304 0.113797 0.593774
0.144897 0.106936 0.590019
0.143467 0.116665 0.597738
0.149441 0.117008 0.607178
0.144079 0.108536 0.610458
0.145757 0.108875 0.601043
0.142224 0.127870 0.607221
0.139048 0.105696 0.603593
0.137417 0.120937 0.602166
0.147404 0.116730 0.614094
0.142351 0.120131 0.610066
0.141529 0.107447 0.610624
0.133759 0.115474 0.604663
0.144941 0.118693 0.603177
0.135108 0.113249 0.603615
0.136362 0.109936 0.601505
0.138213 0.114537 0.602976
0.140497 0.120583 0.604770
0.135680 0.106197 0.612320
0.150059 0.104574 0.607720
0.134988 0.115871 0.611853
0.146877 0.126170 0.623877
0.140255 0.121454 0.609541
0.140975 0.129337 0.610525
0.142967 0.119368 0.609286
0.144725 0.115237 0.597433
0.146009 0.111678 0.614274
0.145075 0.118583 0.613065
0.135815 0.115989 0.605479
0.137153 0.117279 0.623635
0.139467 0.119641 0.621965
0.144057 0.108359 0.609361
0.149784 0.115453 0.614507
0.137219 0.113362 0.625754
0.134402 0.114086 0.626720
0.141416 0.124007 0.614250
0.123357 0.118867 0.613111
0.140084 0.111549 0.620508
0.139219 0.107766 0.624361
0.136824 0.114133 0.611302
0.129876 0.112333 0.619192
0.149631 0.107868 0.618234
0.130834 0.111179 0.622557
0.134726 0.123438 0.621833
0.131123 0.117617 0.622951
0.145122 0.122577 0.615512
0.119462 0.112679 0.626301
0.124718 0.113219 0.618890
0.139554 0.112799 0.617006
0.130742 0.112168 0.621955
0.142242 0.122301 0.616193
0.128822 0.113400 0.638078
0.126524 0.108115 0.630558
0.144309 0.112651 0.617644
0.138919 0.115595 0.622277
0.131455 0.118135 0.623595
0.137092 0.110282 0.624791
0.131316 0.110437 0.626466
0.128706 0.106144 0.630002
0.137981 0.122575 0.628860
0.145890 0.107377 0.623272
0.138219 0.109041 0.633171
0.131969 0.113601 0.629784
0.126405 0.098538 0.626158
0.130044 0.111056 0.635208
0.133660 0.114514 0.628490
0.126250 0.119343 0.629470
0.127510 0.115371 0.628555
0.133800 0.117983 0.626135
0.128005 0.125804 0.632508
0.131345 0.114698 0.630535
0.131129 0.125341 0.639626
0.134720 0.112812 0.625893
0.125927 0.109473 0.629162
0.123410 0.113775 0.636538
0.139491 0.113840 0.627440
0.125990 0.108956 0.631943
0.134787 0.114119 0.638239
0.131098 0.115092 0.637070
0.116201 0.103257 0.637484
0.124941 0.126007 0.629389
0.129342 0.107861 0.640993
0.129404 0.113700 0.632625
0.119009 0.109120 0.629294
0.123730 0.110421 0.631532
0.132142 0.106748 0.633323
0.114424 0.120067 0.630506
0.122924 0.123249 0.632898
0.107878 0.110134 0.643333
0.121254 0.117175 0.639362
0.121551 0.109628 0.643155
0.110672 0.119373 0.557772
0.119094 0.108409 0.559418
0.128622 0.117818 0.567986
0.136837 0.109727 0.563596
0.115659 0.118336 0.565321
0.132915 0.130419 0.561948
0.127568 0.115884 0.568598
0.123090 0.123715 0.570180
0.129089 0.126543 0.559602
0.118974 0.119435 0.570352
0.121443 0.112369 0.573257
0.115318 0.113814 0.577514
0.129699 0.120381 0.559926
0.127514 0.116900 0.566316
0.125427 0.114522 0.573923
0.133788 0.114917 0.563621
0.125470 0.115949 0.577590
0.127274 0.118227 0.574019
0.124172 0.123501 0.562879
0.129715 0.108550 0.583035
0.127614 0.111826 0.573485
0.129339 0.106993 0.570081
0.130384 0.108360 0.567729
0.127816 0.120458 0.570095
0.132103 0.119543 0.564888
0.129633 0.127491 0.569500
0.132377 0.124604 0.564132
0.134483 0.110664 0.577792
0.136677 0.115167 0.570084
0.127468 0.121335 0.580309
0.141029 0.118573 0.581410
0.128331 0.114535 0.569164
0.136703 0.129137 0.567532
0.127218 0.125591 0.566722
0.131422 0.124533 0.580532
0.135003 0.116808 0.581680
0.141841 0.114234 0.580433
0.124618 0.111588 0.580393
0.135274 0.124973 0.578301
0.135117 0.113344 0.568225
0.128844 0.119202 0.581030
0.139861 0.113064 0.588041
0.138981 0.117388 0.578951
0.140364 0.112948 0.582009
0.136949 0.102065 0.587109
0.137804 0.112606 0.566248
0.124120 0.117805 0.570180
0.144452 0.111758 0.578414
0.136774 0.124001 0.578433
0.136923 0.108144 0.578555
0.138102 0.108596 0.577831
0.138179 0.117794 0.584083
0.133289 0.118936 0.582987
0.140837 0.114727 0.583535
0.145109 0.110786 0.586629
0.136454 0.115761 0.576235
0.140034 0.121761 0.585259
0.140880 0.108612 0.582337
0.141676 0.106540 0.580057
0.134811 0.120703 0.579763
0.135151 0.120991 0.580403
0.146379 0.111083 0.581296
0.136454 0.113760 0.582491
0.145254 0.106977 0.587440
0.131130 0.117196 0.596663
0.142776 0.107794 0.586174
0.145687 0.123015 0.585716
0.140640 0.120207 0.587884
0.134756 0.117447 0.581723
0.149778 0.117418 0.587506
0.145069 0.118408 0.601808
0.126513 0.114528 0.589059
0.141958 0.130058 0.582873
0.140348 0.107270 0.591502
0.142253 0.105068 0.589795
0.136541 0.113518 0.596451
0.141240 0.125121 0.589611
0.144875 0.116339 0.587044
0.147513 0.114194 0.598559
0.135740 0.114815 0.595999
0.131729 0.120713 0.598859
0.147905 0.119496 0.589449
0.138901 0.118556 0.588855
0.145802 0.116019 0.606600
0.142370 0.116531 0.609144
0.143365 0.106921 0.593997
0.137930 0.124630 0.587688
0.138278 0.105259 0.602230
0.148005 0.113360 0.604972
0.144601 0.110917 0.600019
0.142561 0.113482 0.590859
0.147949 0.114228 0.592744
0.152589 0.105838 0.599419
0.142674 0.124558 0.611872
0.146201 0.108973 0.600720
0.141449 0.126314 0.607062
0.154740 0.117640 0.601072
0.140209 0.126918 0.602323
0.144616 0.115935 0.598275
0.136971 0.109666 0.607670
0.136662 0.117609 0.602793
0.134668 0.108185 0.601183
0.137883 0.115246 0.609201
0.144533 0.109700 0.606108
0.137793 0.115537 0.592385
0.137822 0.118074 0.598955
0.143412 0.116436 0.610566
0.145508 0.112748 0.613015
0.135165 0.114796 0.613662
0.140853 0.119389 0.611484
0.131144 0.118095 0.611265
0.133669 0.122600 0.612217
0.148005 0.108002 0.626930
0.138707 0.112398 0.605158
0.135035 0.114676 0.617997
0.134262 0.119626 0.617313
0.142763 0.115187 0.615242
0.148407 0.108919 0.606908
0.140796 0.121964 0.603988
0.139168 0.125170 0.620789
0.133161 0.104798 0.614744
0.136416 0.116136 0.620592
0.158460 0.111453 0.618488
0.138675 0.122428 0.619000
0.135161 0.116242 0.614689
0.146770 0.126767 0.608186
0.139530 0.119568 0.614026
0.131160 0.112761 0.624389
0.140179 0.128602 0.608880
0.139093 0.119160 0.625117
0.134876 0.125252 0.621004
0.137753 0.121845 0.615449
0.143966 0.108648 0.618932
0.137047 0.113170 0.615703
0.139358 0.112264 0.624744
0.132564 0.115442 0.611745
0.136372 0.120937 0.614072
0.142898 0.108927 0.625626
0.130986 0.119797 0.636642
0.126572 0.130259 0.625431
0.141207 0.109924 0.612489
0.137378 0.114009 0.633814
0.145659 0.121762 0.623841
0.135817 0.107402 0.636586
0.136457 0.112297 0.632240
0.126891 0.122240 0.633496
0.134137 0.122647 0.628211
0.132198 0.117931 0.624760
0.123293 0.122404 0.615760
0.135074 0.111085 0.629206
0.126602 0.117732 0.621032
0.132809 0.111493 0.630376
0.139835 0.109328 0.622263
0.132283 0.119121 0.625860
0.128266 0.113021 0.630460
0.133685 0.110978 0.631147
0.132365 0.116461 0.619783
0.125345 0.117325 0.620443
0.125902 0.124523 0.632995
0.129137 0.112747 0.621702
0.127835 0.119979 0.633746
0.128421 0.123101 0.628838
0.126269 0.110641 0.638651
0.145265 0.122460 0.638301
0.120311 0.118921 0.638049
0.122043 0.114950 0.642152
0.135606 0.112592 0.633741
0.132104 0.100826 0.643542
0.132229 0.117509 0.638413
0.125511 0.122897 0.632215
0.126343 0.121899 0.623965
0.120490 0.121763 0.637507
0.124515 0.120253 0.639958
0.118889 0.123968 0.638599
0.126508 0.114737 0.630418
0.116115 0.116924 0.637023
0.126181 0.120557 0.648771
0.121964 0.110642 0.629850
0.128757 0.114421 0.632306
0.119201 0.122710 0.638546
0.116705 0.117472 0.562686
0.129859 0.125093 0.556163
0.125884 0.115936 0.568828
0.127552 0.122500 0.561676
0.119807 0.122766 0.569275
0.116140 0.117031 0.564865
0.117317 0.124887 0.557637
0.116190 0.119005 0.563782
0.127849 0.115591 0.578160
0.130610 0.119055 0.564980
0.126130 0.116846 0.570455
0.119350 0.114715 0.576035
0.140223 0.119366 0.566387
0.131378 0.109448 0.566406
0.132337 0.126065 0.569803
0.134787 0.117968 0.560311
0.129839 0.120470 0.549773
0.134125 0.116678 0.567717
0.135332 0.113152 0.576464
0.123778 0.114477 0.566559
0.122907 0.122438 0.559983
0.128874 0.123739 0.563079
0.132128 0.126405 0.564675
0.131888 0.115498 0.569317
0.129867 0.122477 0.573843
0.136719 0.116357 0.568069
0.130095 0.118863 0.565918
0.134324 0.115409 0.568903
0.128223 0.124524 0.569427
0.135304 0.121707 0.571666
0.143436 0.112332 0.576936
0.126827 0.108170 0.571202
0.132778 0.116317 0.576328
0.139670 0.119283 0.575208
0.123191 0.118097 0.574427
0.130298 0.118216 0.571341
0.141300 0.115918 0.577906
0.127117 0.117285 0.581470
0.143924 0.119624 0.572223
0.129242 0.119023 0.586248
0.129604 0.124443 0.578164
0.141497 0.128471 0.579076
0.146723 0.124651 0.576428
0.131726 0.134809 0.570085
0.131073 0.117755 0.589816
0.142390 0.128002 0.578466
0.130777 0.119296 0.579992
0.128733 0.118062 0.574546
0.146444 0.119843 0.578416
0.142056 0.113575 0.579798
0.128373 0.122420 0.567321
0.143580 0.114108 0.577707
0.127921 0.118820 0.575612
0.135788 0.111593 0.585828
0.138889 0.120379 0.585553
0.124349 0.115211 0.589662
0.131066 0.112846 0.580145
0.134284 0.122371 0.585004
0.140004 0.122651 0.581356
0.146416 0.111767 0.586965
0.133915 0.114848 0.577962
0.137070 0.128441 0.583756
0.128193 0.129929 0.583340
0.142691 0.121502 0.591177
0.148294 0.125987 0.598641
0.133897 0.111358 0.587458
0.141587 0.118163 0.594409
0.142170 0.113781 0.594515
0.145357 0.118673 0.588923
0.137109 0.122895 0.588624
0.142433 0.119164 0.590069
0.142717 0.126565 0.586756
0.141204 0.107290 0.586092
0.132656 0.120045 0.600877
0.146971 0.114450 0.597994
0.141038 0.112413 0.596323
0.139816 0.113908 0.598731
0.130679 0.117235 0.596891
0.140075 0.115891 0.598337
0.155504 0.118605 0.596579
0.151642 0.112422 0.597063
0.158777 0.119279 0.589116
0.148320 0.122127 0.599825
0.139500 0.120018 0.592081
0.141968 0.116606 0.600178
0.135432 0.129540 0.607084
0.136069 0.115895 0.595299
0.147076 0.120677 0.595492
0.152542 0.110355 0.599111
0.149861 0.116736 0.606588
0.135687 0.113846 0.604229
0.147664 0.117613 0.607217
0.142020 0.127725 0.606722
0.130746 0.128102 0.608354
0.133901 0.120373 0.605235
0.151284 0.117013 0.605913
0.156206 0.123238 0.604715
0.147787 0.120981 0.608494
0.156358 0.123156 0.600784
0.147345 0.123791 0.606507
0.142512 0.123986 0.606482
0.149362 0.114275 0.604564
0.139048 0.115723 0.606161
0.143873 0.126250 0.603709
0.146988 0.116658 0.613302
0.144278 0.118066 0.604864
0.138850 0.119590 0.611190
0.133444 0.125091 0.611645
0.144063 0.126779 0.608646
0.141594 0.130671 0.613354
0.128808 0.122058 0.597048
0.140284 0.116331 0.610085
0.134924 0.120311 0.603307
0.141576 0.125299 0.607144
0.143333 0.126448 0.605119
0.136623 0.129226 0.616650
0.136381 0.108301 0.605799
0.140925 0.123191 0.614497
0.144441 0.127937 0.613411
0.143406 0.129752 0.608312
0.152169 0.112070 0.612794
0.143674 0.125102 0.620020
0.145989 0.114022 0.610356
0.143472 0.113907 0.627362
0.135128 0.115879 0.624592
0.136134 0.116968 0.613359
0.123466 0.123480 0.617100
0.137657 0.117119 0.618247
0.140137 0.118018 0.614507
0.140725 0.115655 0.627044
0.134545 0.123516 0.612343
0.148504 0.120010 0.620136
0.135246 0.107927 0.627689
0.137464 0.127135 0.629340
0.135914 0.122476 0.616843
0.136591 0.114201 0.619115
0.135023 0.125982 0.625419
0.129655 0.124546 0.626364
0.135715 0.112695 0.627535
0.127509 0.115892 0.622455
0.121448 0.122728 0.614576
0.139770 0.121266 0.633660
0.130236 0.128480 0.623290
0.127642 0.110223 0.621829
0.127813 0.119067 0.622988
0.136793 0.122559 0.636894
0.132388 0.121522 0.635206
0.134248 0.118503 0.632632
0.139810 0.122176 0.629059
0.138277 0.127170 0.617975
0.136302 0.125211 0.625092
0.141171 0.115495 0.630028
0.140808 0.110373 0.619964
0.138533 0.116173 0.628715
0.129870 0.116273 0.630003
0.133157 0.123223 0.613667
0.132271 0.109805 0.635353
0.122443 0.115669 0.635886
0.132557 0.117060 0.643575
0.128347 0.112905 0.629386
0.124461 0.127235 0.627181
0.134055 0.127225 0.619624
0.125501 0.120397 0.625765
0.129626 0.115668 0.630383
0.117810 0.116224 0.626804
0.135576 0.110430 0.628258
0.122757 0.125768 0.638906
0.129461 0.111488 0.646881
0.135715 0.124665 0.633173
0.121608 0.130169 0.624818
0.114638 0.115976 0.637510
0.115769 0.103661 0.639538
0.128531 0.119790 0.644904
0.125392 0.119713 0.639677
0.125790 0.117858 0.627423
0.118650 0.121616 0.637597
0.114915 0.121753 0.635787
0.127936 0.123355 0.634821
0.122111 0.114513 0.638796
0.120327 0.131988 0.636763
0.120419 0.132865 0.558906
0.115347 0.131170 0.568023
0.118367 0.135968 0.559533
0.124155 0.131563 0.557426
0.115312 0.128525 0.571832
0.119536 0.114266 0.578194
0.119604 0.126282 0.562565
0.129409 0.123460 0.565440
0.126436 0.125026 0.570338
0.122376 0.131145 0.573733
0.126958 0.118889 0.569865
0.125466 0.134052 0.556650
0.125883 0.121994 0.571397
0.137699 0.123945 0.574655
0.137079 0.124209 0.565708
0.122478 0.116433 0.565190
0.131128 0.131883 0.574038
0.135142 0.109667 0.571734
0.130497 0.122101 0.564483
0.139654 0.123591 0.574186
0.123582 0.126908 0.567686
0.128728 0.125238 0.561288
0.119191 0.121859 0.567011
0.131444 0.110140 0.565162
0.133504 0.119487 0.584829
0.127626 0.118247 0.572790
0.141274 0.122227 0.566131
0.135001 0.124512 0.578484
0.132843 0.130878 0.579220
0.145361 0.138423 0.582920
0.131971 0.131630 0.573650
0.135128 0.116448 0.576618
0.128577 0.128692 0.570848
0.131234 0.121855 0.570805
0.134324 0.127545 0.569131
0.138943 0.116968 0.584671
0.129398 0.114440 0.577895
0.138303 0.125061 0.580992
0.135790 0.127856 0.577411
0.121972 0.121621 0.567875
0.130506 0.130049 0.584823
0.128621 0.116319 0.571189
0.143759 0.127486 0.580171
0.132712 0.115702 0.580890
0.131215 0.125202 0.578513
0.127631 0.118171 0.591897
0.120443 0.125294 0.577906
0.139812 0.116392 0.569717
0.137660 0.124582 0.579444
0.141894 0.114091 0.591747
0.137067 0.114101 0.579969
0.136058 0.125691 0.585426
0.139185 0.119297 0.586213
0.134671 0.123966 0.582231
0.133573 0.121028 0.593747
0.147297 0.126119 0.584076
0.144911 0.124256 0.586276
0.148192 0.123350 0.581190
0.141600 0.124540 0.589563
0.144818 0.120476 0.587944
0.130100 0.118729 0.582371
0.141259 0.119052 0.584457
0.142579 0.131023 0.574730
0.148760 0.124491 0.581386
0.136916 0.127207 0.585841
0.138695 0.129239 0.585634
0.141077 0.132501 0.585002
0.136144 0.131567 0.593296
0.147212 0.116932 0.591023
0.137939 0.119469 0.601970
0.138098 0.123006 0.593955
0.138541 0.115714 0.581842
0.149191 0.116048 0.591151
0.140522 0.120651 0.592186
0.137227 0.125442 0.594214
0.139506 0.122731 0.590172
0.147614 0.123460 0.589919
0.133930 0.118538 0.605511
0.134685 0.125967 0.600615
0.138407 0.122954 0.594174
0.145869 0.118488 0.591472
0.139378 0.130498 0.589954
0.134726 0.127125 0.600375
0.138480 0.121645 0.601342
0.139653 0.121900 0.606371
0.143220 0.118984 0.594588
0.137538 0.123896 0.599098
0.152377 0.110598 0.595470
0.150018 0.120918 0.611475
0.129386 0.120742 0.596699
0.137083 0.125984 0.606551
0.137789 0.122237 0.620375
0.146625 0.123722 0.596546
0.149452 0.132713 0.601877
0.130161 0.124462 0.603522
0.146108 0.129106 0.597591
0.131816 0.125964 0.605069
0.141465 0.130802 0.621037
0.150944 0.129218 0.608599
0.153558 0.099475 0.597390
0.142760 0.121977 0.607893
0.150822 0.120104 0.608704
0.138549 0.119463 0.601582
0.137120 0.115177 0.612707
0.140239 0.133996 0.604262
0.151112 0.136777 0.603930
0.139350 0.125895 0.607216
0.135356 0.127638 0.610919
0.139925 0.116769 0.617658
0.144171 0.127207 0.600443
0.149831 0.119663 0.615316
0.141244 0.117271 0.613516
0.147552 0.119875 0.613632
0.143846 0.120538 0.610521
0.139201 0.128381 0.603993
0.144850 0.121335 0.613055
0.134935 0.130941 0.611560
0.138114 0.118812 0.612486
0.140513 0.124494 0.597060
0.132104 0.110983 0.614186
0.141730 0.126963 0.620837
0.133407 0.124531 0.602333
0.145366 0.111688 0.619820
0.135454 0.115464 0.615390
0.136202 0.117135 0.610130
0.139681 0.129656 0.611976
0.132956 0.120084 0.610576
0.139362 0.135297 0.619365
0.139407 0.111170 0.621836
0.138570 0.112583 0.617905
0.146484 0.121617 0.626422
0.128203 0.123333 0.611800
0.135683 0.125275 0.624819
0.134469 0.131251 0.612859
0.136153 0.130488 0.615363
0.139705 0.123590 0.632164
0.140211 0.114631 0.622086
0.133013 0.116842 0.623009
0.134025 0.118507 0.609027
0.137686 0.128045 0.624746
0.136867 0.121053 0.611953
0.124198 0.112606 0.619856
0.134093 0.125224 0.605035
0.141518 0.129603 0.607542
0.128422 0.133437 0.620748
0.138496 0.121874 0.623139
0.129622 0.119162 0.626441
0.129750 0.119814 0.619068
0.134935 0.110565 0.633577
0.118175 0.124068 0.630648
0.133963 0.123370 0.629421
0.130819 0.127101 0.619732
0.134059 0.117883 0.628897
0.125581 0.112437 0.632746
0.132701 0.118979 0.629368
0.124834 0.128699 0.637787
0.135060 0.127916 0.632325
0.138532 0.112494 0.638563
0.126196 0.133228 0.632851
0.129944 0.117850 0.618580
0.131070 0.113343 0.632026
0.131307 0.117183 0.625598
0.127792 0.125867 0.634233
0.136368 0.121118 0.637258
0.126357 0.128802 0.621807
0.131342 0.105019 0.631624
0.129575 0.126522 0.632095
0.125873 0.127281 0.622783
0.127932 0.125321 0.628993
0.124642 0.118501 0.633776
0.117728 0.120788 0.631998
0.126194 0.119037 0.639251
0.128095 0.114816 0.630981
0.129422 0.120465 0.628668
0.117907 0.135729 0.637949
0.121496 0.129219 0.632843
0.129732 0.126848 0.631113
0.123986 0.121937 0.629744
0.125808 0.127442 0.637884
0.122165 0.120322 0.635805
0.130783 0.128869 0.563794
0.123283 0.124960 0.569631
0.116932 0.119645 0.564986
0.129571 0.134516 0.562230
0.114215 0.119641 0.580792
0.129116 0.122629 0.557765
0.119238 0.122087 0.565080
0.125810 0.126854 0.565574
0.126649 0.140177 0.561635
0.120134 0.116971 0.565502
0.124337 0.129054 0.564022
0.115324 0.135728 0.561755
0.121725 0.127039 0.564546
0.141730 0.126112 0.557219
0.133182 0.127847 0.572498
0.121256 0.121490 0.566830
0.125984 0.123320 0.574697
0.127150 0.125225 0.567126
0.116585 0.118331 0.567018
0.130701 0.133543 0.572800
0.129249 0.132779 0.576672
0.140860 0.131796 0.575114
0.122797 0.140359 0.573756
0.137419 0.125568 0.574611
0.133882 0.132563 0.567197
0.115690 0.124730 0.573718
0.129127 0.114727 0.579614
0.140690 0.120044 0.561757
0.142378 0.127728 0.570413
0.137631 0.123461 0.579667
0.128386 0.131074 0.579833
0.126715 0.123092 0.574968
0.123908 0.135950 0.589785
0.126045 0.122771 0.566577
0.130646 0.128632 0.573949
0.126323 0.136670 0.574252
0.137748 0.132499 0.568034
0.130750 0.124322 0.563476
0.127796 0.130265 0.580153
0.142919 0.129749 0.571599
0.128988 0.132039 0.577494
0.140840 0.127562 0.584049
0.125372 0.120404 0.577340
0.123994 0.119253 0.578923
0.136100 0.122552 0.573707
0.133614 0.123659 0.575672
0.144512 0.122712 0.582044
0.137432 0.126982 0.571947
0.130512 0.126513 0.587110
0.135413 0.128445 0.575920
0.135242 0.125821 0.584255
0.147756 0.128939 0.582980
0.136096 0.131165 0.571767
0.135753 0.134812 0.573056
0.131702 0.126948 0.582215
0.124959 0.116379 0.587837
0.142550 0.130515 0.589172
0.139673 0.123014 0.584469
0.142238 0.128511 0.573043
0.146038 0.135225 0.593222
0.137115 0.120269 0.584951
0.130917 0.138837 0.583664
0.148398 0.119337 0.589473
0.142892 0.134910 0.582195
0.129108 0.125493 0.590674
0.140004 0.129123 0.585509
0.143143 0.132785 0.589408
0.145257 0.130122 0.586907
0.147539 0.128801 0.583731
0.151132 0.122492 0.587383
0.140557 0.128154 0.577702
0.148975 0.130308 0.585348
0.144461 0.128994 0.579843
0.144507 0.135741 0.581068
0.141698 0.113154 0.585800
0.139573 0.131491 0.594483
0.130754 0.128310 0.589814
0.141980 0.124454 0.598161
0.136604 0.130152 0.602204
0.134335 0.128395 0.594734
0.141304 0.126799 0.589755
0.143292 0.122268 0.594514
0.145795 0.120553 0.592212
0.142281 0.124601 0.603772
0.141854 0.117545 0.593508
0.138878 0.127818 0.595473
0.142789 0.129601 0.600288
0.149886 0.122206 0.594476
0.140887 0.121298 0.604301
0.144658 0.132757 0.592570
0.141323 0.119124 0.601157
0.139734 0.126470 0.585842
0.143061 0.121019 0.605600
0.140776 0.130942 0.611534
0.133918 0.122586 0.607472
0.137629 0.135682 0.607391
0.136011 0.110111 0.605448
0.142697 0.128443 0.612519
0.141483 0.130025 0.610145
0.140331 0.139967 0.605585
0.129789 0.126452 0.607092
0.140531 0.123448 0.598749
0.149957 0.128041 0.598412
0.145779 0.132001 0.604240
0.133502 0.126859 0.608921
0.143628 0.130771 0.609953
0.147723 0.121332 0.608030
0.135075 0.121606 0.604197
0.149630 0.133954 0.608653
0.141073 0.124239 0.617760
0.146247 0.128874 0.611522
0.138239 0.123266 0.606883
0.146705 0.120351 0.610090
0.139371 0.123991 0.612232
0.131434 0.133076 0.619512
0.137704 0.137188 0.616209
0.139586 0.130741 0.613132
0.133612 0.121208 0.616382
0.143747 0.133859 0.618114
0.149487 0.123791 0.608272
0.138834 0.127393 0.624970
0.134501 0.126060 0.611628
0.143158 0.125003 0.616421
0.137174 0.119174 0.616621
0.135018 0.125998 0.619087
0.134913 0.118742 0.616248
0.143624 0.132814 0.626873
0.141401 0.125014 0.623599
0.138662 0.124589 0.605969
0.141921 0.116093 0.616900
0.131828 0.121113 0.614022
0.137263 0.115331 0.608987
0.140134 0.132408 0.608466
0.147413 0.136732 0.627425
0.133318 0.130029 0.608087
0.134527 0.124870 0.617375
0.133610 0.130661 0.622065
0.130033 0.123092 0.625246
0.131782 0.132389 0.622547
0.139000 0.125793 0.624993
0.128118 0.128135 0.619327
0.120024 0.124175 0.631119
0.143262 0.127244 0.618134
0.140037 0.120318 0.626142
0.134763 0.120111 0.623165
0.140153 0.143815 0.631054
0.147391 0.125625 0.637885
0.133010 0.132513 0.635272
0.129332 0.127868 0.626805
0.130070 0.119688 0.626757
0.132336 0.116431 0.616752
0.137400 0.115485 0.629073
0.127902 0.125586 0.631204
0.128236 0.127741 0.619723
0.129590 0.132511 0.625296
0.132609 0.133533 0.630924
0.135195 0.125000 0.630098
0.129660 0.133862 0.622945
0.127222 0.126671 0.629666
0.129083 0.131146 0.643810
0.133937 0.125528 0.633083
0.137552 0.120481 0.633854
0.132973 0.126536 0.641314
0.129284 0.134872 0.628397
0.128619 0.125550 0.635509
0.128395 0.133418 0.641328
0.128108 0.135732 0.636385
0.124398 0.114971 0.638840
0.131978 0.127851 0.628101
0.133794 0.126578 0.645583
0.116826 0.124927 0.638358
0.115072 0.125892 0.637345
0.112429 0.135262 0.631344
0.130867 0.125676 0.631370
0.131682 0.125038 0.644011
0.116859 0.130170 0.629876
0.119507 0.124543 0.628645
0.121168 0.124152 0.637177
0.123320 0.129081 0.634519
0.118029 0.131812 0.639794
0.108871 0.128237 0.563521
0.134305 0.129289 0.573279
0.128158 0.140418 0.563871
0.129516 0.134204 0.573375
0.119216 0.125751 0.562289
0.132493 0.133007 0.562348
0.130713 0.134473 0.562643
0.133832 0.117846 0.565330
0.124718 0.129259 0.570669
0.115713 0.133004 0.558857
0.125710 0.129496 0.565231
0.131688 0.126575 0.568773
0.136962 0.129785 0.575583
0.125080 0.124108 0.560873
0.121946 0.124596 0.559855
0.137696 0.125535 0.552463
0.132562 0.132286 0.559395
0.137502 0.126245 0.568049
0.120266 0.125212 0.570133
0.121639 0.137665 0.579766
0.125189 0.119557 0.565691
0.131242 0.142773 0.566820
0.130694 0.137078 0.571765
0.127608 0.132203 0.576262
0.139413 0.136406 0.574978
0.137943 0.121355 0.576066
0.133917 0.123002 0.566463
0.126114 0.134619 0.569096
0.131369 0.120002 0.567672
0.133095 0.132057 0.563689
0.118172 0.130830 0.573552
0.133178 0.130019 0.583195
0.138802 0.124869 0.574453
0.143650 0.130399 0.569189
0.134753 0.129702 0.568478
0.136675 0.125109 0.570050
0.138401 0.136626 0.574586
0.130937 0.136345 0.575257
0.137340 0.126342 0.573448
0.130739 0.125635 0.582949
0.138288 0.136491 0.572579
0.134948 0.130478 0.575845
0.139736 0.128750 0.576334
0.126633 0.125899 0.573274
0.144750 0.139277 0.581769
0.134467 0.135485 0.577726
0.136416 0.132110 0.559343
0.140925 0.125476 0.596039
0.137512 0.142173 0.578714
0.140524 0.121542 0.574686
0.136604 0.126101 0.584744
0.133014 0.126266 0.574471
0.138592 0.126186 0.583223
0.139705 0.131335 0.581263
0.139990 0.126994 0.586060
0.143027 0.129861 0.583049
0.128995 0.127049 0.579460
0.138447 0.131476 0.586287
0.140677 0.118325 0.582890
0.136403 0.136631 0.582856
0.142493 0.126840 0.578015
0.143515 0.136715 0.588705
0.145565 0.132968 0.586262
0.150053 0.129239 0.591481
0.134280 0.127447 0.583514
0.131486 0.138846 0.587216
0.132958 0.130447 0.580166
0.136867 0.124281 0.596370
0.146859 0.130952 0.584410
0.140521 0.131558 0.596728
0.133513 0.125966 0.584152
0.143007 0.140339 0.590652
0.133498 0.141748 0.590093
0.145682 0.133751 0.580237
0.140948 0.132173 0.596829
0.149005 0.139848 0.592789
0.148366 0.129225 0.600313
0.143531 0.125930 0.588912
0.143396 0.117390 0.613744
0.144549 0.116037 0.605099
0.139641 0.134668 0.601755
0.141362 0.145114 0.594514
0.141921 0.135558 0.600662
0.142966 0.131286 0.589598
0.145937 0.123453 0.597259
0.142671 0.124714 0.599181
0.141274 0.126030 0.603609
0.143874 0.131360 0.604535
0.138641 0.125554 0.597626
0.136878 0.136721 0.590157
0.145824 0.123742 0.601584
0.141156 0.127574 0.605434
0.148460 0.133191 0.598527
0.134870 0.134721 0.599993
0.147794 0.128617 0.599816
0.146925 0.133050 0.601186
0.134811 0.139179 0.596909
0.147746 0.136537 0.606712
0.148521 0.130524 0.606736
0.148730 0.127861 0.608073
0.147969 0.132661 0.598000
0.142612 0.131004 0.602676
0.144963 0.131104 0.606878
0.136077 0.128848 0.600610
0.141149 0.135549 0.614599
0.143783 0.126350 0.604758
0.138259 0.127280 0.598516
0.133752 0.132130 0.603336
0.140055 0.131514 0.603306
0.143308 0.129091 0.611836
0.142056 0.129019 0.619186
0.141395 0.127985 0.603598
0.136846 0.121030 0.601328
0.134789 0.120004 0.619015
0.138905 0.127735 0.607635
0.145061 0.127795 0.611654
0.146480 0.127092 0.624087
0.144447 0.135549 0.612391
0.139505 0.120119 0.602503
0.133061 0.123067 0.611051
0.145087 0.129620 0.618842
0.149648 0.133293 0.619044
0.139516 0.124251 0.607002
0.145380 0.124239 0.617787
0.136648 0.133807 0.617362
0.137061 0.122226 0.609442
0.151985 0.132377 0.619129
0.134979 0.129148 0.617355
0.137209 0.124795 0.613066
0.144266 0.135506 0.615323
0.133277 0.130525 0.618181
0.141907 0.126566 0.619358
0.138435 0.130069 0.619345
0.145048 0.131587 0.619152
0.137329 0.132975 0.621540
0.144840 0.123871 0.626296
0.130542 0.131559 0.624282
0.127889 0.131210 0.622516
0.133022 0.130535 0.627334
0.138047 0.128637 0.633882
0.152138 0.135366 0.626297
0.136337 0.123679 0.627954
0.131511 0.124077 0.624713
0.133280 0.131464 0.627216
0.130976 0.118709 0.627952
0.127942 0.137409 0.629601
0.131454 0.129370 0.617606
0.125694 0.114439 0.619040
0.131776 0.118358 0.635013
0.129924 0.119424 0.617963
0.129402 0.129013 0.628155
0.129843 0.124310 0.640572
0.128308 0.132181 0.619760
0.134813 0.141896 0.631991
0.132889 0.136827 0.632808
0.130935 0.119116 0.628894
0.144969 0.132086 0.623269
0.126567 0.131565 0.623323
0.131073 0.128910 0.637448
0.138015 0.145414 0.629605
0.133492 0.126929 0.629536
0.139944 0.138376 0.618698
0.121331 0.133899 0.634319
0.128085 0.119932 0.643513
0.131598 0.127113 0.625916
0.120881 0.136755 0.635129
0.129932 0.121950 0.632349
0.134450 0.123600 0.634149
0.131567 0.129645 0.636008
0.124198 0.121181 0.633167
0.124990 0.128088 0.633710
0.127440 0.126708 0.633774
0.113097 0.130918 0.633449
0.127277 0.129514 0.640509
0.133531 0.121550 0.633353
0.125401 0.128792 0.625481
0.123404 0.124512 0.636121
0.131506 0.119671 0.628911
0.122795 0.143365 0.643787
0.131536 0.126096 0.634168
0.116702 0.129187 0.561662
0.124960 0.139983 0.564243
0.118170 0.136442 0.566377
0.114300 0.123550 0.562939
0.116266 0.136584 0.562816
0.122263 0.135760 0.561570
0.129568 0.140849 0.568028
0.127579 0.129525 0.562637
0.118255 0.129982 0.564831
0.124945 0.138433 0.567809
0.117766 0.139514 0.567809
0.126773 0.138296 0.564940
0.127686 0.132584 0.571163
0.124896 0.139291 0.567982
0.133812 0.133957 0.568344
0.122369 0.148621 0.569393
0.125832 0.131519 0.566195
0.121098 0.125996 0.565638
0.128987 0.134472 0.564296
0.139828 0.126028 0.563503
0.124781 0.137476 0.568512
0.125599 0.138483 0.576868
0.126045 0.131099 0.568447
0.127442 0.133700 0.569516
0.127744 0.132758 0.569547
0.129228 0.129762 0.575324
0.131611 0.135052 0.579814
0.126301 0.137715 0.576094
0.127204 0.129336 0.572286
0.127817 0.150487 0.577064
0.141429 0.129080 0.578013
0.132316 0.125650 0.578767
0.137087 0.122625 0.574301
0.127979 0.135699 0.570827
0.144264 0.132256 0.572222
0.131473 0.134829 0.576013
0.142094 0.138489 0.580330
0.136649 0.133889 0.576239
0.127884 0.137816 0.578368
0.129816 0.134995 0.574405
0.138860 0.133864 0.576215
0.130037 0.131531 0.572368
0.135090 0.129336 0.577843
0.146839 0.142315 0.579964
0.145341 0.136010 0.585172
0.133057 0.126817 0.568004
0.139997 0.135285 0.575954
0.133002 0.131447 0.570283
0.148150 0.134344 0.583208
0.135006 0.145515 0.578683
0.140576 0.124878 0.586231
0.139587 0.130902 0.584262
0.139963 0.142443 0.585054
0.137041 0.129931 0.588067
0.138393 0.133431 0.581042
0.142580 0.133121 0.591830
0.132468 0.136927 0.586808
0.133349 0.141925 0.586204
0.143922 0.138900 0.578538
0.138856 0.135026 0.578156
0.134673 0.132547 0.586257
0.133682 0.123262 0.583752
0.133428 0.139505 0.593983
0.128163 0.132472 0.582963
0.140456 0.118560 0.590435
0.143328 0.131291 0.601659
0.127112 0.128475 0.595132
0.138908 0.128867 0.582121
0.132558 0.131584 0.602423
0.133205 0.128228 0.587824
0.136223 0.138937 0.586848
0.127806 0.129552 0.595717
0.142230 0.131781 0.584585
0.139635 0.138370 0.584947
0.141156 0.132293 0.598293
0.140626 0.147925 0.593680
0.140889 0.129621 0.589905
0.135238 0.130817 0.582732
0.139442 0.126291 0.583641
0.148902 0.139839 0.583816
0.141087 0.135864 0.605398
0.147308 0.130012 0.589833
0.151556 0.134271 0.596612
0.142993 0.127967 0.601688
0.140319 0.132978 0.600017
0.143434 0.134934 0.598218
0.141085 0.129176 0.601224
0.141485 0.140965 0.598539
0.141432 0.133400 0.590785
0.141303 0.137839 0.600369
0.148264 0.121474 0.598093
0.141691 0.143306 0.609387
0.146708 0.133753 0.613335
0.150256 0.130320 0.602665
0.152788 0.132902 0.606708
0.133866 0.138172 0.606201
0.134738 0.127548 0.593268
0.145185 0.132644 0.594667
0.152756 0.141314 0.592670
0.139912 0.144376 0.593061
0.133266 0.126338 0.600143
0.133834 0.131382 0.610718
0.142781 0.124632 0.598726
0.143024 0.129189 0.605390
0.141666 0.129018 0.606980
0.148198 0.138187 0.602721
0.145301 0.125475 0.618196
0.139997 0.135635 0.598868
0.142459 0.125467 0.614582
0.127541 0.135146 0.593623
0.144624 0.137504 0.604390
0.135434 0.137269 0.608045
0.140747 0.116637 0.607953
0.133219 0.124610 0.604486
0.135386 0.136169 0.607419
0.138693 0.127089 0.613736
0.145950 0.141522 0.620182
0.140994 0.148742 0.617222
0.149159 0.136282 0.615122
0.144361 0.138890 0.619388
0.136182 0.136900 0.610316
0.148565 0.130633 0.614208
0.136948 0.140048 0.620794
0.140269 0.129109 0.619175
0.128200 0.136877 0.613746
0.129601 0.136046 0.610555
0.138590 0.133796 0.612077
0.132700 0.112641 0.608831
0.141684 0.131727 0.618300
0.141859 0.140958 0.619823
0.135478 0.137880 0.621111
0.133505 0.140344 0.624079
0.132060 0.131650 0.615527
0.148000 0.133750 0.614780
0.130457 0.131523 0.629936
0.143401 0.120935 0.613244
0.140994 0.129330 0.615835
0.129451 0.138319 0.622571
0.130642 0.129015 0.614155
0.135570 0.126833 0.614439
0.145140 0.135473 0.617845
0.140222 0.145585 0.631027
0.136340 0.134143 0.625391
0.134920 0.124832 0.625089
0.144224 0.137402 0.627397
0.136984 0.135738 0.623384
0.135355 0.137366 0.638276
0.122881 0.135517 0.628587
0.138978 0.143789 0.632919
0.136214 0.129777 0.620487
0.131565 0.128034 0.620631
0.130089 0.123175 0.619859
0.130185 0.132037 0.630732
0.132268 0.125292 0.622886
0.131378 0.133090 0.623475
0.124886 0.134530 0.627963
0.120747 0.132942 0.625247
0.135866 0.135354 0.626430
0.127302 0.135819 0.630790
0.122921 0.134460 0.630280
0.129249 0.127913 0.631751
0.119811 0.138417 0.628548
0.129504 0.142308 0.627173
0.123672 0.128616 0.621073
0.120974 0.131003 0.630630
0.126957 0.132012 0.632407
0.119573 0.131196 0.638817
0.125642 0.134013 0.630528
0.125203 0.140869 0.630793
0.128378 0.138845 0.627962
0.126495 0.131485 0.632413
0.123760 0.137162 0.628750
0.137117 0.134061 0.637363
0.130889 0.140238 0.634065
0.130461 0.129497 0.633020
0.117103 0.131781 0.628209
0.123548 0.126389 0.645718
0.124991 0.138314 0.646665
0.123642 0.136743 0.634593
0.115998 0.124577 0.630253
0.121640 0.138421 0.568957
0.117911 0.143562 0.564323
0.132667 0.140259 0.562689
0.115806 0.139058 0.557932
0.122653 0.145272 0.571603
0.126367 0.131720 0.572422
0.117160 0.128914 0.564841
0.126470 0.137644 0.560438
0.122744 0.130215 0.565052
0.133729 0.127208 0.565854
0.119848 0.136638 0.561795
0.134609 0.134414 0.565130
0.129579 0.134763 0.561895
0.120996 0.138943 0.562674
0.125366 0.130662 0.571010
0.126906 0.127687 0.570556
0.125019 0.128872 0.562022
0.133469 0.141718 0.573941
0.120743 0.140093 0.569047
0.125997 0.138986 0.559184
0.128301 0.144820 0.563252
0.136458 0.135871 0.571716
0.122379 0.146871 0.575023
0.141425 0.138092 0.564009
0.128328 0.140622 0.568804
0.130316 0.134250 0.568770
0.129802 0.148735 0.572121
0.145905 0.132494 0.577999
0.134834 0.131048 0.568502
0.121895 0.119252 0.581247
0.136365 0.134541 0.571290
0.125599 0.140079 0.579939
0.124790 0.148586 0.569024
0.138291 0.143620 0.578542
0.144200 0.137544 0.566592
0.137366 0.130918 0.579435
0.143304 0.126083 0.578692
0.143720 0.137596 0.580009
0.138948 0.143514 0.580841
0.124959 0.140006 0.573567
0.136805 0.114967 0.569964
0.138987 0.134076 0.579185
0.142269 0.137785 0.585965
0.144467 0.139070 0.580551
0.127134 0.136121 0.587824
0.137877 0.145103 0.581567
0.122886 0.141851 0.595077
0.136886 0.145640 0.581351
0.132787 0.139366 0.582127
0.142353 0.125980 0.579137
0.138540 0.140464 0.579002
0.141154 0.133136 0.576460
0.142880 0.126810 0.575743
0.133599 0.138316 0.587013
0.143031 0.129498 0.589791
0.128284 0.127032 0.583255
0.129200 0.139904 0.582889
0.136375 0.145024 0.579626
0.134002 0.126655 0.587338
0.142385 0.130986 0.584948
0.139180 0.141340 0.580470
0.156499 0.129447 0.584533
0.137061 0.146846 0.583612
0.151772 0.132711 0.586163
0.150597 0.143560 0.585480
0.135861 0.133425 0.567601
0.130886 0.137652 0.594768
0.149757 0.141510 0.583407
0.132052 0.129928 0.576356
0.138788 0.142406 0.585808
0.149024 0.142444 0.588802
0.134338 0.120770 0.598810
0.137577 0.144611 0.594439
0.152554 0.144663 0.588910
0.134368 0.144688 0.600609
0.136931 0.139672 0.589703
0.145201 0.142037 0.600720
0.143470 0.142281 0.601938
0.136550 0.140921 0.589032
0.146166 0.144327 0.593119
0.148441 0.128455 0.595256
0.136631 0.134906 0.585757
0.144085 0.145884 0.586610
0.126498 0.136275 0.591623
0.148949 0.137171 0.598484
0.139004 0.143896 0.595320
0.131219 0.151718 0.594201
0.149071 0.129880 0.583376
0.140400 0.127321 0.589391
0.137259 0.132977 0.601475
0.135518 0.145233 0.599466
0.139070 0.135036 0.596304
0.129527 0.139381 0.615444
0.145840 0.132509 0.611816
0.145473 0.137424 0.610972
0.140852 0.123894 0.601091
0.149006 0.138226 0.599982
0.139293 0.144796 0.595763
0.138391 0.126617 0.607605
0.143847 0.139621 0.589214
0.143037 0.130520 0.605535
0.148101 0.139171 0.611599
0.150061 0.118724 0.605284
0.136854 0.138710 0.605354
0.145319 0.140940 0.595903
0.138682 0.144883 0.604651
0.143833 0.142717 0.603446
0.140401 0.136863 0.591677
0.138910 0.136550 0.611525
0.144619 0.137034 0.606186
0.152036 0.136729 0.622675
0.143735 0.138017 0.609281
0.137900 0.130656 0.610411
0.139500 0.130310 0.616277
0.137657 0.135297 0.620187
0.132978 0.143092 0.614296
0.139642 0.152004 0.610558
0.141428 0.150998 0.607376
0.139790 0.136286 0.610058
0.132469 0.126328 0.612667
0.148506 0.140965 0.606646
0.128535 0.130851 0.626053
0.132067 0.139964 0.610494
0.131891 0.130913 0.617177
0.136926 0.136438 0.608564
0.145511 0.145327 0.607756
0.138085 0.139905 0.619743
0.136697 0.130169 0.619687
0.136772 0.144567 0.619313
0.140558 0.140760 0.626386
0.132806 0.130823 0.614441
0.152573 0.140459 0.623910
0.138309 0.129899 0.616125
0.137163 0.130522 0.620500
0.124804 0.130778 0.629090
0.137318 0.136406 0.615134
0.140358 0.137505 0.622651
0.131674 0.142572 0.614494
0.138810 0.147767 0.617683
0.140551 0.135611 0.629598
0.140863 0.121177 0.615266
0.134609 0.142547 0.620672
0.133264 0.140129 0.630045
0.129663 0.134719 0.634108
0.140320 0.131065 0.625833
0.130956 0.140836 0.631019
0.130125 0.132964 0.628866
0.129679 0.139056 0.631585
0.134906 0.136387 0.622587
0.133352 0.147518 0.629105
0.128126 0.141048 0.629719
0.130342 0.149569 0.622825
0.149308 0.131275 0.634250
0.126045 0.126971 0.629767
0.129098 0.142941 0.627218
0.120949 0.126513 0.638629
0.133891 0.144435 0.638853
0.135464 0.125643 0.626562
0.126727 0.142972 0.645061
0.127069 0.130401 0.640208
0.139198 0.135148 0.636401
0.118755 0.151112 0.630576
0.120399 0.138090 0.631941
0.131083 0.124205 0.629866
0.115852 0.129705 0.633780
0.122318 0.131662 0.641034
0.126143 0.141935 0.625069
0.128695 0.137993 0.633317
0.127815 0.131909 0.636186
0.130686 0.134989 0.642089
0.123392 0.130504 0.646169
0.135564 0.137382 0.630647
0.128695 0.139807 0.624648
0.111037 0.138684 0.637263
0.117136 0.131585 0.643303
0.126137 0.129270 0.636002
0.124753 0.134948 0.640135
0.124034 0.136214 0.640309
0.122401 0.147167 0.636094
0.114428 0.147061 0.641109
0.115752 0.148221 0.565682
0.129989 0.137918 0.565765
0.112691 0.139544 0.574622
0.113483 0.131497 0.560118
0.124893 0.134578 0.561855
0.120433 0.145112 0.560744
0.115638 0.139392 0.561549
0.120138 0.130735 0.571488
0.122148 0.136434 0.567508
0.130758 0.124812 0.567725
0.132679 0.143136 0.567808
0.126029 0.144606 0.574183
0.124377 0.134197 0.572996
0.128452 0.138992 0.566947
0.127494 0.137355 0.565912
0.131404 0.140717 0.569741
0.127613 0.137147 0.564635
0.131617 0.139591 0.565654
0.128203 0.142997 0.577257
0.125726 0.143317 0.561968
0.132376 0.159534 0.573154
0.128793 0.150451 0.572977
0.131880 0.151288 0.569202
0.124468 0.136871 0.567139
0.128884 0.136849 0.561196
0.130971 0.144620 0.563575
0.122837 0.148323 0.572959
0.137058 0.140906 0.571263
0.128266 0.134573 0.579099
0.133446 0.144149 0.568498
0.126139 0.143929 0.565640
0.135694 0.141220 0.565053
0.136445 0.152627 0.571308
0.125329 0.133433 0.571819
0.141640 0.137687 0.582855
0.135387 0.139464 0.579475
0.130339 0.126177 0.570788
0.137856 0.130775 0.576044
0.131530 0.132179 0.583865
0.127224 0.135780 0.575433
0.143521 0.151204 0.576395
0.144536 0.145701 0.571897
0.131980 0.137422 0.578328
0.133225 0.147909 0.577351
0.132405 0.146804 0.575755
0.132468 0.149020 0.583248
0.134361 0.144478 0.575214
0.137988 0.141443 0.591895
0.151945 0.139288 0.580275
0.143109 0.135947 0.583807
0.144637 0.135031 0.588588
0.150304 0.144186 0.587653
0.131334 0.145063 0.584199
0.142978 0.143448 0.585927
0.131611 0.141535 0.576626
0.133611 0.136386 0.589795
0.140868 0.130950 0.579230
0.142382 0.146224 0.582868
0.140240 0.135704 0.589584
0.128766 0.152365 0.582015
0.145458 0.136818 0.581504
0.132881 0.142486 0.574496
0.154133 0.146849 0.589231
0.138902 0.141987 0.590406
0.135534 0.154559 0.586712
0.140856 0.140992 0.588940
0.140771 0.133873 0.587014
0.147085 0.135820 0.587122
0.137788 0.139217 0.591687
0.144401 0.155460 0.588739
0.136200 0.137062 0.590540
0.139283 0.132882 0.577243
0.147207 0.135884 0.594325
0.138369 0.142532 0.595359
0.140381 0.141956 0.594819
0.134465 0.142164 0.582301
0.136537 0.143332 0.608387
0.145535 0.142056 0.587156
0.145154 0.148504 0.598959
0.135535 0.142456 0.597321
0.143986 0.143895 0.598981
0.134961 0.143423 0.597139
0.141462 0.143018 0.592938
0.146427 0.135945 0.588433
0.136578 0.150970 0.596373
0.146358 0.137860 0.605192
0.145332 0.132602 0.587556
0.152619 0.133183 0.597161
0.134975 0.140844 0.597939
0.145116 0.134186 0.610031
0.139000 0.139342 0.599505
0.139748 0.135467 0.597867
0.149351 0.133569 0.590611
0.142807 0.135832 0.598054
0.136603 0.138499 0.613978
0.147151 0.142000 0.601599
0.125955 0.139709 0.605858
0.139182 0.144872 0.602800
0.144050 0.138022 0.609538
0.136169 0.140317 0.611761
0.135476 0.140243 0.596520
0.139132 0.135888 0.589240
0.138408 0.140470 0.610704
0.143322 0.141052 0.608015
0.142364 0.146729 0.611038
0.137772 0.137041 0.621287
0.143344 0.137219 0.602770
0.139097 0.140872 0.615481
0.148815 0.144141 0.612022
0.142489 0.145348 0.608672
0.126453 0.142379 0.610698
0.137712 0.132961 0.618839
0.145094 0.129860 0.623061
0.137947 0.138340 0.611139
0.140172 0.138060 0.615473
0.139516 0.147092 0.615756
0.142133 0.126426 0.609267
0.147636 0.131151 0.617196
0.136549 0.151469 0.610434
0.143965 0.145468 0.613266
0.135923 0.142585 0.616944
0.137706 0.139891 0.617082
0.141114 0.144682 0.622107
0.145643 0.134862 0.617896
0.134273 0.145088 0.620451
0.136326 0.140652 0.608865
0.135054 0.138010 0.623263
0.140930 0.138053 0.616138
0.126857 0.130026 0.614316
0.134363 0.144582 0.620416
0.139696 0.151985 0.612765
0.132243 0.148320 0.620969
0.131941 0.143045 0.625459
0.129765 0.155304 0.614975
0.146838 0.148126 0.616593
0.142105 0.141892 0.632830
0.140736 0.135555 0.624639
0.142671 0.134297 0.613101
0.147253 0.137998 0.623229
0.136574 0.134296 0.621222
0.132994 0.145593 0.619559
0.145956 0.145545 0.625387
0.141222 0.140518 0.622248
0.131636 0.144660 0.621906
0.123958 0.136187 0.628954
0.131590 0.137543 0.635842
0.128694 0.147150 0.623508
0.120271 0.145296 0.635900
0.141668 0.146554 0.638722
0.116421 0.142211 0.617660
0.127513 0.123738 0.611451
0.137979 0.135458 0.621121
0.128111 0.149342 0.624147
0.129532 0.140327 0.619876
0.125918 0.126362 0.626816
0.138011 0.141459 0.627937
0.136555 0.133009 0.620569
0.139073 0.145868 0.635056
0.130805 0.143506 0.626835
0.124621 0.140670 0.635138
0.117243 0.138593 0.632274
0.125545 0.142443 0.624946
0.124804 0.137231 0.636833
0.115701 0.144682 0.626541
0.129742 0.143100 0.642981
0.124539 0.142370 0.634951
0.129206 0.143157 0.630956
0.123876 0.138646 0.634581
0.120426 0.140626 0.639763
0.125445 0.135832 0.629575
0.124012 0.144680 0.625914
0.110814 0.145400 0.632537
0.118356 0.132505 0.634627
0.130285 0.137843 0.637692
0.127689 0.149409 0.636565
0.122559 0.136013 0.636295
0.128619 0.138345 0.643947
0.121643 0.140352 0.637114
0.117601 0.133680 0.645222
0.123360 0.135774 0.636956
