# .PCD v0.7
VERSION 0.7
FIELDS x y z
SIZE 4 4 4
TYPE F F F
COUNT 1 1 1
WIDTH 21600
HEIGHT 1
VIEWPOINT 0 0 0 1 0 0 0
POINTS 21600
DATA ascii
0.121423 -0.259589 0.563359
0.121028 -0.259547 0.563668
0.121837 -0.259709 0.563884
0.122676 -0.259986 0.564236
0.122580 -0.260081 0.563987
0.123665 -0.259980 0.564353
0.123388 -0.260129 0.564779
0.124052 -0.259353 0.565559
0.123242 -0.260945 0.565254
0.124790 -0.259893 0.565740
0.126460 -0.260556 0.565737
0.126820 -0.259677 0.566557
0.125935 -0.260824 0.566614
0.126636 -0.260614 0.566497
0.126932 -0.260472 0.567103
0.127398 -0.259982 0.567217
0.128026 -0.259554 0.567952
0.127695 -0.259634 0.567868
0.128915 -0.260536 0.568907
0.128832 -0.260624 0.568628
0.129232 -0.259864 0.568633
0.129011 -0.259900 0.569235
0.130038 -0.259620 0.568992
0.130398 -0.259388 0.570020
0.130213 -0.259624 0.570651
0.131409 -0.260173 0.570144
0.131244 -0.260223 0.571637
0.131730 -0.260815 0.571020
0.132405 -0.259660 0.571669
0.132288 -0.259777 0.572600
0.133048 -0.259872 0.572698
0.132797 -0.259472 0.572003
0.133170 -0.259983 0.572803
0.133713 -0.260326 0.574338
0.133787 -0.259665 0.574910
0.134339 -0.260438 0.573941
0.135318 -0.260056 0.574755
0.134803 -0.260096 0.575930
0.135032 -0.259993 0.575555
0.135529 -0.260517 0.576657
0.136331 -0.260762 0.575505
0.136147 -0.258726 0.576656
0.135478 -0.259706 0.577157
0.136110 -0.260174 0.578267
0.136416 -0.259861 0.578340
0.136446 -0.260160 0.578383
0.137116 -0.260562 0.578744
0.138081 -0.260027 0.579699
0.137843 -0.260210 0.580050
0.138029 -0.259859 0.580026
0.138458 -0.260295 0.580522
0.137810 -0.260195 0.582310
0.137886 -0.259920 0.580876
0.138682 -0.259550 0.582278
0.138571 -0.259884 0.583200
0.139416 -0.259014 0.583411
0.138981 -0.260063 0.583728
0.139518 -0.260015 0.584312
0.138810 -0.259585 0.584401
0.139236 -0.259681 0.585812
0.140240 -0.259919 0.585154
0.141595 -0.259560 0.585519
0.139929 -0.259957 0.585782
0.140558 -0.260230 0.587646
0.141103 -0.261356 0.587528
0.139957 -0.259445 0.588067
0.141178 -0.260533 0.589375
0.142046 -0.260532 0.589127
0.140826 -0.260012 0.588788
0.142217 -0.260485 0.589755
0.141649 -0.260324 0.590267
0.141226 -0.260067 0.590287
0.141393 -0.260103 0.591192
0.141739 -0.260147 0.592222
0.141641 -0.260068 0.592002
0.141627 -0.260632 0.593083
0.141400 -0.260373 0.593494
0.142248 -0.260200 0.592797
0.142326 -0.259870 0.593592
0.142565 -0.260351 0.594229
0.142286 -0.260089 0.595387
0.141487 -0.259094 0.595479
0.141567 -0.259691 0.596098
0.142540 -0.260170 0.596741
0.142535 -0.260373 0.597606
0.142206 -0.260435 0.597802
0.142687 -0.260115 0.597829
0.142792 -0.260880 0.598242
0.142513 -0.260681 0.599268
0.142472 -0.259551 0.599294
0.142186 -0.259833 0.599020
0.144043 -0.260349 0.600381
0.142912 -0.260020 0.600353
0.142778 -0.259572 0.601515
0.142300 -0.259757 0.601782
0.142631 -0.259900 0.602396
0.141681 -0.260113 0.602791
0.142837 -0.259928 0.604116
0.142357 -0.259869 0.603828
0.142572 -0.259108 0.604560
0.141883 -0.260079 0.604968
0.141765 -0.259931 0.605556
0.142766 -0.260000 0.606356
0.142447 -0.260150 0.607404
0.141573 -0.260404 0.606993
0.141746 -0.260701 0.607648
0.140877 -0.259304 0.608114
0.141291 -0.260454 0.608449
0.141397 -0.260522 0.608668
0.141305 -0.260260 0.610083
0.141852 -0.259992 0.610333
0.140495 -0.259681 0.610564
0.141278 -0.259200 0.609919
0.141034 -0.260550 0.611835
0.140109 -0.260248 0.612118
0.140929 -0.259963 0.612097
0.140197 -0.259558 0.612965
0.139477 -0.259578 0.613648
0.140596 -0.260168 0.614325
0.139463 -0.259715 0.614135
0.140160 -0.259497 0.614479
0.139620 -0.259981 0.615907
0.139819 -0.260610 0.616003
0.139649 -0.258938 0.615396
0.138816 -0.259333 0.616016
0.138286 -0.259741 0.617659
0.138348 -0.259730 0.617662
0.139234 -0.260001 0.618550
0.137809 -0.260092 0.618456
0.138611 -0.259710 0.618575
0.138158 -0.259615 0.619338
0.137459 -0.260097 0.618988
0.137447 -0.259883 0.619841
0.137484 -0.260686 0.620434
0.136630 -0.259006 0.620343
0.136900 -0.259529 0.621761
0.136954 -0.260501 0.620859
0.136487 -0.260598 0.622260
0.135249 -0.259474 0.623277
0.135209 -0.259548 0.623322
0.135225 -0.259971 0.623575
0.135322 -0.259845 0.623913
0.135234 -0.260306 0.624639
0.134653 -0.259261 0.624648
0.135019 -0.259912 0.625205
0.133513 -0.259707 0.625724
0.132995 -0.260564 0.625816
0.132901 -0.259455 0.627172
0.133361 -0.259821 0.626657
0.132637 -0.259558 0.628320
0.132745 -0.260140 0.627654
0.131722 -0.260391 0.627918
0.131731 -0.259082 0.628409
0.131978 -0.259116 0.628790
0.131765 -0.259643 0.628906
0.130751 -0.259989 0.629359
0.130172 -0.259928 0.630049
0.129477 -0.260005 0.629422
0.129695 -0.259688 0.630614
0.129348 -0.259705 0.630543
0.128723 -0.259745 0.631716
0.128672 -0.258724 0.631505
0.128604 -0.259367 0.631814
0.127319 -0.260591 0.632289
0.127905 -0.259864 0.632617
0.126778 -0.259719 0.631780
0.126698 -0.259986 0.632476
0.127280 -0.260694 0.632931
0.125198 -0.259445 0.633330
0.125736 -0.259706 0.634204
0.124347 -0.260306 0.635205
0.123952 -0.260416 0.634578
0.124594 -0.259874 0.635315
0.123246 -0.259528 0.635509
0.122568 -0.259230 0.636647
0.122564 -0.259972 0.636470
0.121788 -0.260995 0.635389
0.121822 -0.260289 0.636602
0.121813 -0.260623 0.636839
0.122187 -0.259401 0.637302
0.121260 -0.256147 0.562711
0.122055 -0.256682 0.564011
0.122338 -0.257184 0.563765
0.123138 -0.257203 0.563683
0.122564 -0.257386 0.564709
0.124021 -0.256239 0.564621
0.123753 -0.256519 0.564409
0.124637 -0.256116 0.565522
0.124332 -0.256599 0.565258
0.125895 -0.256549 0.564690
0.125601 -0.255698 0.566269
0.126238 -0.256621 0.565240
0.125287 -0.257262 0.566467
0.126737 -0.256294 0.566668
0.127446 -0.256779 0.566800
0.127776 -0.257096 0.566105
0.127199 -0.256592 0.566252
0.127925 -0.256805 0.567405
0.127734 -0.256870 0.568176
0.129472 -0.256451 0.567995
0.128778 -0.256286 0.570073
0.129758 -0.256483 0.570399
0.129909 -0.256793 0.569110
0.130014 -0.255549 0.569458
0.130624 -0.257343 0.570589
0.131405 -0.256760 0.571250
0.131660 -0.256415 0.572107
0.132023 -0.256791 0.571277
0.131541 -0.256401 0.571828
0.133654 -0.255717 0.572258
0.132446 -0.255794 0.571803
0.132701 -0.256163 0.572672
0.133000 -0.256814 0.573846
0.133615 -0.256438 0.574204
0.133864 -0.256083 0.573936
0.133430 -0.257527 0.573888
0.134166 -0.256124 0.575187
0.134431 -0.257174 0.575240
0.134813 -0.256921 0.575196
0.135056 -0.256130 0.575236
0.135449 -0.257699 0.576830
0.135465 -0.257681 0.577206
0.137012 -0.256584 0.578158
0.136328 -0.257717 0.578246
0.136409 -0.257370 0.578820
0.137012 -0.256901 0.579292
0.136677 -0.256317 0.578820
0.137620 -0.257189 0.580471
0.137714 -0.255922 0.579753
0.137579 -0.256219 0.579234
0.137508 -0.256122 0.581282
0.138750 -0.256794 0.581778
0.138109 -0.257325 0.581097
0.138407 -0.256913 0.582082
0.137112 -0.257638 0.582584
0.139228 -0.256928 0.582868
0.138123 -0.255628 0.583214
0.140306 -0.255858 0.584362
0.139360 -0.256573 0.584112
0.139953 -0.256637 0.585419
0.140469 -0.255772 0.585426
0.140681 -0.257034 0.585642
0.140010 -0.257130 0.587050
0.140935 -0.256002 0.587020
0.140759 -0.256928 0.586931
0.140989 -0.256504 0.587429
0.141196 -0.257510 0.588371
0.140721 -0.256903 0.588398
0.141639 -0.256356 0.590013
0.141349 -0.257288 0.589714
0.140803 -0.256415 0.590986
0.141666 -0.256945 0.590680
0.141707 -0.257369 0.591426
0.141802 -0.256919 0.591629
0.141880 -0.257058 0.591914
0.142270 -0.256537 0.593653
0.141467 -0.257539 0.593774
0.142513 -0.257020 0.593060
0.142080 -0.257528 0.594114
0.141074 -0.256773 0.593716
0.142103 -0.255896 0.595135
0.142658 -0.256977 0.595316
0.141569 -0.256138 0.596227
0.143168 -0.257249 0.596638
0.142430 -0.255955 0.598155
0.142094 -0.257229 0.596871
0.143109 -0.256707 0.597911
0.142431 -0.257943 0.597869
0.142935 -0.256467 0.599303
0.141972 -0.256371 0.600614
0.141861 -0.256658 0.600005
0.142647 -0.256658 0.600646
0.142014 -0.256673 0.600909
0.142364 -0.256697 0.602040
0.142123 -0.256827 0.602746
0.142276 -0.256797 0.603138
0.142486 -0.256620 0.603312
0.141690 -0.256435 0.604362
0.142555 -0.257442 0.604337
0.141761 -0.256775 0.604756
0.141561 -0.255993 0.605152
0.142491 -0.256342 0.606353
0.142622 -0.257395 0.606196
0.140885 -0.256881 0.607025
0.142329 -0.256012 0.606970
0.141946 -0.256607 0.608282
0.142488 -0.256834 0.610030
0.141594 -0.256838 0.608926
0.141872 -0.256381 0.608788
0.142120 -0.256626 0.610368
0.141967 -0.257288 0.609594
0.140650 -0.256525 0.610595
0.141160 -0.257055 0.611263
0.141596 -0.257315 0.611432
0.140881 -0.256712 0.611910
0.141498 -0.256005 0.612910
0.140085 -0.255526 0.613141
0.140022 -0.256815 0.613188
0.141212 -0.256543 0.613936
0.138910 -0.256277 0.613844
0.139251 -0.256339 0.614409
0.140057 -0.256084 0.614411
0.139389 -0.257432 0.615737
0.139726 -0.257327 0.617130
0.138922 -0.257237 0.616624
0.139275 -0.257335 0.617143
0.137988 -0.256045 0.617673
0.138253 -0.256130 0.617402
0.138054 -0.255725 0.618433
0.138710 -0.256551 0.618591
0.137684 -0.256610 0.619179
0.137165 -0.257040 0.619083
0.137397 -0.256453 0.620637
0.136199 -0.256247 0.620690
0.136143 -0.256601 0.621539
0.136868 -0.256287 0.622034
0.136800 -0.256667 0.620947
0.135713 -0.256471 0.622178
0.136171 -0.256250 0.622858
0.136498 -0.257136 0.623717
0.135048 -0.257039 0.623961
0.134697 -0.256219 0.623494
0.134738 -0.257070 0.624368
0.134246 -0.257213 0.625218
0.133516 -0.257138 0.625738
0.134327 -0.256314 0.625860
0.134677 -0.257252 0.625713
0.132733 -0.256198 0.626620
0.133474 -0.256161 0.626751
0.132192 -0.257143 0.628353
0.132765 -0.256350 0.627457
0.131857 -0.256818 0.627841
0.130424 -0.256677 0.628184
0.131437 -0.256541 0.629170
0.130947 -0.256247 0.627827
0.130060 -0.255783 0.628858
0.130124 -0.256292 0.629383
0.130274 -0.257360 0.629220
0.128893 -0.257473 0.630516
0.129039 -0.256482 0.630350
0.130107 -0.256693 0.631185
0.128696 -0.256767 0.631228
0.128140 -0.256186 0.632207
0.128193 -0.256928 0.631814
0.128346 -0.256765 0.632763
0.127331 -0.255934 0.632166
0.126336 -0.256861 0.633005
0.124980 -0.256692 0.632017
0.125942 -0.256375 0.634068
0.124794 -0.256166 0.633637
0.124383 -0.257134 0.633940
0.124679 -0.256231 0.633604
0.123915 -0.256192 0.635042
0.124030 -0.257391 0.635699
0.122581 -0.256544 0.636181
0.123888 -0.256383 0.636212
0.122225 -0.256879 0.636622
0.122106 -0.256702 0.635593
0.121754 -0.256316 0.636158
0.120996 -0.255848 0.636895
0.121106 -0.253846 0.562884
0.121554 -0.252593 0.563140
0.123003 -0.253742 0.563522
0.122950 -0.253397 0.563547
0.122883 -0.253053 0.563371
0.123241 -0.253332 0.564297
0.124147 -0.253562 0.564593
0.124209 -0.252913 0.564945
0.125355 -0.253731 0.565984
0.124572 -0.253359 0.565813
0.126429 -0.252829 0.565723
0.126448 -0.253384 0.565830
0.126416 -0.253230 0.567007
0.126307 -0.253087 0.567156
0.127107 -0.253292 0.566803
0.127802 -0.253209 0.567718
0.127554 -0.253271 0.567273
0.128147 -0.252895 0.568165
0.128905 -0.253121 0.569132
0.128747 -0.254097 0.569001
0.129123 -0.253764 0.569450
0.129697 -0.253055 0.569302
0.130018 -0.253150 0.570704
0.129929 -0.253283 0.570350
0.129756 -0.254079 0.571608
0.130077 -0.252990 0.570461
0.130918 -0.254269 0.570799
0.132026 -0.253972 0.571915
0.132120 -0.252268 0.571752
0.132921 -0.252833 0.572222
0.131779 -0.252523 0.572063
0.132690 -0.252836 0.573686
0.132816 -0.253293 0.573386
0.134137 -0.252025 0.572991
0.134308 -0.254706 0.574308
0.133593 -0.252281 0.574782
0.134073 -0.253527 0.574812
0.134825 -0.253356 0.575832
0.135785 -0.252927 0.575299
0.134482 -0.253655 0.576850
0.135401 -0.253611 0.576807
0.135131 -0.253847 0.577411
0.135952 -0.253504 0.577736
0.136071 -0.253620 0.577771
0.136919 -0.253247 0.577831
0.136717 -0.252953 0.579793
0.136542 -0.253108 0.579161
0.137765 -0.253053 0.580462
0.137847 -0.253550 0.579895
0.138020 -0.253080 0.581805
0.138879 -0.253864 0.581225
0.137595 -0.254105 0.581868
0.138750 -0.253797 0.582767
0.138194 -0.253861 0.582723
0.138997 -0.253358 0.582817
0.139196 -0.253347 0.583220
0.138329 -0.253948 0.584070
0.139112 -0.253005 0.584843
0.139468 -0.253136 0.585726
0.140170 -0.252356 0.585920
0.140370 -0.253333 0.585199
0.139603 -0.253034 0.586323
0.140232 -0.252853 0.586257
0.141028 -0.253257 0.587014
0.140622 -0.253327 0.588751
0.139960 -0.253189 0.588605
0.141262 -0.253428 0.589331
0.140501 -0.253930 0.589224
0.140435 -0.254466 0.589862
0.141664 -0.252911 0.589660
0.141490 -0.253760 0.591254
0.141904 -0.252906 0.589897
0.142016 -0.252530 0.591967
0.142105 -0.253278 0.591675
0.142104 -0.253086 0.592453
0.141735 -0.252437 0.592240
0.141960 -0.253567 0.593831
0.142761 -0.252655 0.594184
0.141415 -0.252237 0.594557
0.142125 -0.253267 0.594622
0.142450 -0.253122 0.595106
0.141005 -0.253295 0.596019
0.142600 -0.253354 0.596502
0.142891 -0.253512 0.597504
0.141434 -0.253908 0.596814
0.141219 -0.253777 0.598387
0.143085 -0.253229 0.599121
0.142602 -0.253526 0.598878
0.142425 -0.252909 0.598503
0.142999 -0.253507 0.600179
0.141729 -0.253487 0.600288
0.142944 -0.253886 0.601580
0.142723 -0.253540 0.601852
0.142516 -0.252698 0.602902
0.142825 -0.253541 0.602024
0.142703 -0.253133 0.602317
0.142043 -0.252944 0.604403
0.141021 -0.252915 0.603619
0.142680 -0.252843 0.604246
0.141730 -0.253976 0.603777
0.142791 -0.253382 0.604938
0.141977 -0.253947 0.605854
0.142706 -0.252708 0.605411
0.142653 -0.253659 0.605729
0.141275 -0.253761 0.607172
0.141287 -0.254032 0.607533
0.142672 -0.253628 0.608386
0.141652 -0.251948 0.607692
0.142056 -0.253918 0.608832
0.141350 -0.251684 0.609231
0.140339 -0.252629 0.609677
0.141041 -0.253289 0.610627
0.140951 -0.253143 0.611254
0.141330 -0.253491 0.611165
0.140234 -0.252981 0.611994
0.140899 -0.253008 0.613336
0.140577 -0.252901 0.612366
0.139779 -0.253433 0.612832
0.140504 -0.253944 0.613945
0.138764 -0.253830 0.614210
0.139693 -0.254173 0.614901
0.140133 -0.252953 0.614983
0.139170 -0.253870 0.616090
0.139998 -0.253540 0.615386
0.139184 -0.252923 0.615333
0.138955 -0.252195 0.617560
0.138958 -0.253076 0.618135
0.138004 -0.253700 0.618259
0.137918 -0.253148 0.617548
0.138420 -0.252854 0.618972
0.137899 -0.252467 0.618853
0.137131 -0.253824 0.619623
0.136847 -0.253259 0.619948
0.136388 -0.254052 0.621315
0.136834 -0.253391 0.621156
0.136577 -0.252899 0.621853
0.136068 -0.253689 0.621456
0.135478 -0.252576 0.621965
0.134829 -0.253699 0.622450
0.135734 -0.253720 0.623529
0.135488 -0.252644 0.624760
0.136439 -0.252602 0.623508
0.134528 -0.253153 0.625530
0.134780 -0.252676 0.624813
0.134443 -0.252918 0.625073
0.134238 -0.252742 0.625620
0.134056 -0.252453 0.626127
0.133239 -0.253432 0.626175
0.133005 -0.253483 0.626716
0.132223 -0.254045 0.626786
0.132453 -0.253869 0.627311
0.132785 -0.252714 0.627664
0.131935 -0.253602 0.629196
0.131006 -0.253236 0.629443
0.130547 -0.252625 0.628706
0.130737 -0.253425 0.629431
0.130351 -0.253314 0.629323
0.130353 -0.252917 0.630829
0.130257 -0.253949 0.631174
0.129854 -0.253543 0.631394
0.129576 -0.253547 0.630526
0.128295 -0.251881 0.631668
0.127497 -0.253404 0.631384
0.127529 -0.253230 0.630927
0.127530 -0.252570 0.632432
0.126776 -0.252731 0.632215
0.125959 -0.253973 0.633083
0.126389 -0.253323 0.633745
0.126214 -0.253029 0.633370
0.125267 -0.252653 0.633550
0.124874 -0.253486 0.634279
0.124059 -0.253952 0.635937
0.124663 -0.253634 0.634915
0.124118 -0.253449 0.635533
0.123058 -0.253457 0.635458
0.122720 -0.254504 0.635782
0.122659 -0.253039 0.635541
0.122278 -0.253169 0.635414
0.120578 -0.253039 0.636078
0.121751 -0.252207 0.636515
0.120905 -0.249922 0.563531
0.121111 -0.249293 0.563941
0.122436 -0.250186 0.564159
0.122957 -0.250516 0.565007
0.122798 -0.249731 0.563966
0.123558 -0.249336 0.564096
0.122952 -0.250141 0.564122
0.123811 -0.249979 0.565024
0.125243 -0.250423 0.565518
0.124747 -0.249233 0.566895
0.125553 -0.249079 0.565661
0.124999 -0.250551 0.565436
0.125714 -0.250036 0.567105
0.126931 -0.249684 0.566627
0.126607 -0.249899 0.567221
0.127478 -0.249730 0.567411
0.126767 -0.250474 0.567379
0.128952 -0.250130 0.568456
0.129207 -0.249749 0.568253
0.128696 -0.250427 0.568938
0.129769 -0.249631 0.569510
0.129924 -0.248914 0.569151
0.129999 -0.249563 0.570440
0.129057 -0.250177 0.570064
0.130103 -0.249492 0.570634
0.130763 -0.250733 0.570223
0.130807 -0.249689 0.570640
0.130599 -0.250642 0.571321
0.132800 -0.248665 0.571749
0.132761 -0.249215 0.573008
0.132552 -0.250567 0.572501
0.131996 -0.249797 0.573517
0.132292 -0.249942 0.573662
0.134171 -0.249227 0.574307
0.133506 -0.250100 0.574903
0.133845 -0.249937 0.575479
0.134506 -0.250603 0.574952
0.135050 -0.250011 0.576085
0.135656 -0.250241 0.575661
0.135242 -0.250517 0.576513
0.135479 -0.249523 0.576438
0.135399 -0.248997 0.576716
0.135811 -0.250282 0.577425
0.135905 -0.249938 0.577648
0.136410 -0.249735 0.578779
0.137102 -0.250284 0.579056
0.137053 -0.249969 0.578429
0.137688 -0.249986 0.580579
0.137907 -0.250474 0.579479
0.138392 -0.250353 0.580948
0.137891 -0.248864 0.581090
0.139018 -0.249249 0.581265
0.138311 -0.249171 0.581948
0.138252 -0.249309 0.583689
0.138874 -0.249207 0.582780
0.139775 -0.250022 0.583988
0.139566 -0.249989 0.583903
0.139214 -0.250457 0.583720
0.139642 -0.250420 0.584935
0.140116 -0.249652 0.584935
0.140053 -0.249897 0.586314
0.139788 -0.250075 0.586005
0.140281 -0.250257 0.586279
0.141016 -0.250201 0.587526
0.141675 -0.249241 0.586638
0.141188 -0.249641 0.588291
0.140125 -0.249501 0.587951
0.141718 -0.249345 0.590249
0.141003 -0.250645 0.589978
0.141753 -0.250075 0.590616
0.141775 -0.250529 0.590243
0.141316 -0.249940 0.590999
0.141295 -0.249984 0.591684
0.141704 -0.250021 0.591724
0.141783 -0.250844 0.592445
0.141406 -0.249833 0.592118
0.142462 -0.249767 0.592669
0.142195 -0.250266 0.594737
0.142392 -0.250284 0.594442
0.142194 -0.249286 0.595002
0.142527 -0.250443 0.595714
0.143370 -0.249564 0.595794
0.142452 -0.250359 0.596402
0.141862 -0.249860 0.596611
0.142031 -0.249592 0.596556
0.142455 -0.250544 0.598713
0.143487 -0.249458 0.599243
0.142813 -0.249610 0.598579
0.142080 -0.249818 0.599020
0.142314 -0.249518 0.599721
0.141752 -0.249991 0.599900
0.142379 -0.250432 0.601379
0.143466 -0.250439 0.601600
0.142796 -0.250421 0.601823
0.143179 -0.249461 0.603078
0.141858 -0.250258 0.602909
0.142584 -0.249874 0.603065
0.142160 -0.250192 0.603978
0.140937 -0.249089 0.603982
0.141548 -0.249618 0.604037
0.142397 -0.250093 0.605527
0.142534 -0.249246 0.605476
0.141922 -0.249901 0.605507
0.142288 -0.249832 0.606035
0.142514 -0.249214 0.606536
0.142108 -0.249272 0.608104
0.141238 -0.250597 0.608114
0.141381 -0.249903 0.608607
0.141788 -0.250180 0.609063
0.142898 -0.249966 0.609996
0.141442 -0.249793 0.609655
0.141439 -0.249928 0.611001
0.142074 -0.249811 0.611453
0.140404 -0.249845 0.612327
0.140748 -0.250223 0.612132
0.140541 -0.250025 0.612318
0.141478 -0.250340 0.612772
0.140045 -0.249285 0.613312
0.140822 -0.249822 0.613910
0.139274 -0.249300 0.614661
0.140036 -0.249964 0.614649
0.139022 -0.249433 0.615457
0.139295 -0.250221 0.615843
0.139242 -0.249084 0.616633
0.138797 -0.250458 0.616587
0.138441 -0.249867 0.617363
0.139012 -0.249696 0.617520
0.138787 -0.250348 0.618029
0.138680 -0.249759 0.617882
0.137478 -0.250709 0.619867
0.137057 -0.249970 0.620328
0.138142 -0.249242 0.619602
0.137738 -0.248377 0.620272
0.137336 -0.250057 0.620720
0.137072 -0.249205 0.620710
0.135921 -0.249885 0.621693
0.137087 -0.249539 0.621705
0.136405 -0.249340 0.622584
0.135687 -0.249559 0.622685
0.134653 -0.249233 0.622635
0.135144 -0.250057 0.623525
0.134889 -0.250620 0.624366
0.134760 -0.249881 0.625046
0.135006 -0.249232 0.625840
0.134389 -0.250671 0.625422
0.133870 -0.249868 0.625413
0.133116 -0.249504 0.626593
0.132694 -0.249632 0.626414
0.132747 -0.249560 0.626860
0.132347 -0.249875 0.626270
0.132006 -0.250123 0.626947
0.132063 -0.249771 0.627719
0.131558 -0.249571 0.628921
0.130927 -0.249739 0.629276
0.130952 -0.250296 0.628737
0.130462 -0.250428 0.630485
0.129989 -0.249724 0.629925
0.130240 -0.250107 0.629535
0.130385 -0.249955 0.630590
0.129306 -0.249285 0.631260
0.129429 -0.249505 0.631292
0.128603 -0.250287 0.630582
0.127985 -0.250452 0.633176
0.128509 -0.249330 0.631933
0.128380 -0.250767 0.631927
0.126578 -0.250394 0.632915
0.126679 -0.248960 0.633661
0.126803 -0.249706 0.633397
0.125456 -0.250670 0.633340
0.125212 -0.249534 0.633231
0.124319 -0.249805 0.633845
0.124766 -0.250121 0.634284
0.123524 -0.249962 0.634581
0.123474 -0.250234 0.635319
0.123440 -0.250772 0.635420
0.123148 -0.249396 0.636163
0.122633 -0.250487 0.635653
0.122563 -0.250267 0.636812
0.122316 -0.250447 0.636775
0.121194 -0.248902 0.637225
0.120995 -0.246351 0.562735
0.121603 -0.246452 0.563520
0.122259 -0.247008 0.562775
0.122347 -0.247001 0.563612
0.124017 -0.245973 0.564141
0.122649 -0.247204 0.564680
0.124314 -0.246699 0.564843
0.124317 -0.246022 0.564116
0.124675 -0.246352 0.565816
0.125199 -0.247105 0.565341
0.124639 -0.246458 0.566022
0.126054 -0.247040 0.565656
0.126955 -0.246464 0.567403
0.126801 -0.247285 0.567241
0.127585 -0.246780 0.566190
0.127683 -0.246625 0.567609
0.126386 -0.246326 0.566417
0.127670 -0.246112 0.567206
0.127543 -0.246780 0.569273
0.129650 -0.246859 0.569285
0.129495 -0.246424 0.569302
0.129202 -0.246155 0.569998
0.131270 -0.246097 0.568589
0.129667 -0.246390 0.570201
0.129686 -0.246627 0.570343
0.130934 -0.246618 0.571343
0.132029 -0.246215 0.570692
0.131199 -0.246888 0.571587
0.131748 -0.246732 0.571526
0.132761 -0.246131 0.572841
0.132568 -0.246329 0.572288
0.132419 -0.246828 0.573419
0.133163 -0.247127 0.573561
0.133756 -0.246474 0.573572
0.133881 -0.246767 0.574137
0.134102 -0.246179 0.575610
0.135220 -0.246241 0.574899
0.134576 -0.246688 0.576080
0.133632 -0.246426 0.574916
0.135292 -0.245892 0.575868
0.134427 -0.245906 0.577491
0.136088 -0.245927 0.576755
0.136690 -0.245704 0.577897
0.136504 -0.245913 0.578567
0.136244 -0.245875 0.578800
0.136947 -0.245903 0.579320
0.137486 -0.246809 0.579707
0.136798 -0.246618 0.578880
0.136735 -0.246333 0.580124
0.137859 -0.246259 0.580781
0.137598 -0.246518 0.581016
0.138000 -0.246617 0.581313
0.138150 -0.246722 0.582062
0.139714 -0.246963 0.582657
0.138155 -0.245760 0.582683
0.139154 -0.245916 0.583800
0.138531 -0.246277 0.583651
0.139774 -0.246478 0.584593
0.139792 -0.246625 0.585277
0.139050 -0.246771 0.584675
0.139921 -0.246770 0.585546
0.139914 -0.246789 0.585267
0.140300 -0.246400 0.586262
0.140145 -0.246877 0.587872
0.140716 -0.246361 0.587357
0.140516 -0.246994 0.588754
0.140053 -0.246405 0.588449
0.140908 -0.247338 0.588323
0.141653 -0.246901 0.589861
0.141618 -0.246265 0.590284
0.140793 -0.246792 0.590726
0.140877 -0.245722 0.590592
0.141580 -0.247067 0.591541
0.141344 -0.246676 0.591277
0.142399 -0.247371 0.592560
0.142008 -0.246336 0.592314
0.142488 -0.246072 0.593394
0.142203 -0.246633 0.594128
0.141705 -0.246277 0.594502
0.141475 -0.247867 0.594733
0.142157 -0.245946 0.595314
0.142041 -0.247235 0.595736
0.142045 -0.247106 0.596215
0.142906 -0.246508 0.596246
0.142576 -0.247104 0.596478
0.142688 -0.246830 0.598320
0.142620 -0.246958 0.598370
0.143130 -0.246649 0.598226
0.142163 -0.246961 0.598664
0.141853 -0.246343 0.600306
0.142318 -0.246161 0.600703
0.143335 -0.246648 0.600571
0.142692 -0.246506 0.601394
0.143113 -0.246769 0.601848
0.141950 -0.246634 0.601900
0.142033 -0.246664 0.602510
0.142563 -0.246153 0.602483
0.142838 -0.247668 0.603848
0.142645 -0.246880 0.604105
0.141847 -0.246107 0.603128
0.141694 -0.247523 0.605302
0.142765 -0.245959 0.606035
0.142170 -0.246938 0.606803
0.142283 -0.246977 0.606046
0.141575 -0.246014 0.607801
0.142611 -0.246942 0.607486
0.142402 -0.246445 0.608536
0.140952 -0.246739 0.608634
0.141331 -0.246761 0.608312
0.142214 -0.246480 0.608886
0.141824 -0.246518 0.610459
0.141070 -0.246941 0.610205
0.141214 -0.246161 0.611312
0.141234 -0.245945 0.611692
0.141278 -0.245990 0.612175
0.140597 -0.246758 0.611906
0.139710 -0.245882 0.612978
0.140062 -0.245747 0.613945
0.140208 -0.246031 0.613837
0.140195 -0.245621 0.614933
0.139710 -0.246182 0.615464
0.139614 -0.246735 0.616279
0.139347 -0.247182 0.615881
0.140458 -0.246200 0.616757
0.138046 -0.246781 0.617350
0.138740 -0.245839 0.617448
0.138942 -0.245652 0.617416
0.138305 -0.246436 0.618231
0.137478 -0.245873 0.618685
0.138026 -0.246176 0.618820
0.138489 -0.246454 0.619823
0.137213 -0.246625 0.620089
0.136947 -0.246818 0.620314
0.137735 -0.246109 0.621227
0.137085 -0.246039 0.621977
0.136766 -0.246274 0.621927
0.135425 -0.246542 0.622270
0.136542 -0.246654 0.622971
0.135579 -0.246583 0.623744
0.134952 -0.246537 0.623244
0.135304 -0.246767 0.624054
0.134532 -0.247164 0.624377
0.134183 -0.246320 0.624553
0.134145 -0.246682 0.624895
0.134415 -0.246829 0.625237
0.133173 -0.246654 0.624778
0.133559 -0.246748 0.627172
0.133913 -0.246599 0.626988
0.133097 -0.247101 0.625686
0.133189 -0.246336 0.626301
0.132629 -0.246077 0.627313
0.132378 -0.247395 0.627920
0.131669 -0.246146 0.628599
0.131427 -0.246261 0.628440
0.131715 -0.246710 0.629527
0.130631 -0.246663 0.629782
0.130508 -0.245870 0.630382
0.129650 -0.246291 0.630248
0.129181 -0.247091 0.630672
0.128951 -0.247235 0.630841
0.128965 -0.246492 0.630625
0.128197 -0.245859 0.631177
0.127952 -0.245391 0.632066
0.127488 -0.247517 0.632372
0.126665 -0.246559 0.632105
0.126139 -0.245721 0.632801
0.127047 -0.246180 0.632801
0.126241 -0.246729 0.633956
0.126017 -0.246728 0.634607
0.125664 -0.246321 0.633685
0.125207 -0.247285 0.634602
0.124132 -0.246461 0.634522
0.124306 -0.246374 0.634917
0.123752 -0.247298 0.634276
0.123996 -0.246268 0.634761
0.123903 -0.246912 0.636027
0.122741 -0.246500 0.636342
0.121418 -0.246573 0.636172
0.121723 -0.246692 0.636234
0.120884 -0.246112 0.636382
0.121431 -0.243018 0.563145
0.121891 -0.242922 0.563179
0.122273 -0.242241 0.563166
0.122377 -0.243577 0.564955
0.122247 -0.243190 0.564693
0.122932 -0.243261 0.564143
0.123109 -0.243229 0.565022
0.123991 -0.243112 0.565397
0.125193 -0.243811 0.565647
0.124690 -0.244135 0.565242
0.125721 -0.243040 0.565378
0.126600 -0.242992 0.566191
0.125921 -0.242985 0.566336
0.127148 -0.243037 0.567146
0.126815 -0.243931 0.567415
0.126847 -0.243246 0.567463
0.127339 -0.242750 0.567080
0.128847 -0.243488 0.568599
0.129119 -0.243623 0.568083
0.129310 -0.243100 0.568826
0.128294 -0.244011 0.569392
0.130279 -0.243546 0.569038
0.130024 -0.242962 0.570096
0.130052 -0.244161 0.570894
0.130371 -0.242569 0.569535
0.131145 -0.243442 0.570346
0.131782 -0.242552 0.570958
0.131955 -0.243727 0.571310
0.131842 -0.243366 0.572307
0.131690 -0.242712 0.572845
0.132502 -0.243781 0.571565
0.132895 -0.243549 0.573179
0.132715 -0.243192 0.573485
0.133552 -0.243052 0.574051
0.134330 -0.243581 0.574658
0.134228 -0.243400 0.574205
0.135164 -0.243074 0.574845
0.134767 -0.243190 0.575247
0.134333 -0.243116 0.575833
0.135156 -0.242705 0.575676
0.135098 -0.243112 0.577152
0.136143 -0.242832 0.576070
0.136351 -0.242985 0.577917
0.136026 -0.242939 0.578499
0.137414 -0.243065 0.577774
0.136898 -0.242871 0.579115
0.138063 -0.243289 0.578791
0.137042 -0.242865 0.579334
0.137077 -0.243602 0.580766
0.137939 -0.243355 0.581030
0.138386 -0.243670 0.581465
0.138386 -0.244207 0.580915
0.138609 -0.242947 0.581809
0.138196 -0.243064 0.581499
0.139168 -0.243261 0.582844
0.138770 -0.242776 0.582163
0.138856 -0.242899 0.583426
0.140195 -0.242974 0.583858
0.140204 -0.243227 0.584989
0.139532 -0.243475 0.585519
0.140059 -0.243550 0.585203
0.140498 -0.242305 0.585694
0.140675 -0.244609 0.585896
0.140829 -0.242387 0.587086
0.140915 -0.243042 0.588028
0.140254 -0.242855 0.587793
0.140760 -0.243171 0.588384
0.140681 -0.243295 0.588498
0.141919 -0.242823 0.589242
0.142094 -0.242533 0.590170
0.141160 -0.243040 0.590696
0.142221 -0.243256 0.590618
0.142771 -0.242482 0.591539
0.141282 -0.242926 0.592425
0.142202 -0.242760 0.592382
0.142478 -0.243465 0.592633
0.141750 -0.243486 0.594304
0.141234 -0.243051 0.593344
0.141525 -0.243120 0.593547
0.142158 -0.242035 0.594759
0.142486 -0.243592 0.595546
0.141573 -0.243078 0.595737
0.143430 -0.243220 0.596111
0.142114 -0.243775 0.597165
0.143143 -0.243367 0.597630
0.142275 -0.242984 0.598000
0.141762 -0.243568 0.598733
0.141542 -0.243182 0.598593
0.142038 -0.243162 0.599414
0.142774 -0.244497 0.600593
0.142267 -0.242669 0.600193
0.142209 -0.243221 0.602331
0.143267 -0.243362 0.601360
0.143028 -0.242900 0.601786
0.142351 -0.243727 0.602615
0.142965 -0.242076 0.602463
0.142705 -0.243207 0.603859
0.142289 -0.243515 0.602882
0.142649 -0.243111 0.604783
0.141965 -0.241895 0.604362
0.142438 -0.242984 0.605762
0.142035 -0.243650 0.605209
0.142455 -0.243140 0.606367
0.141565 -0.243123 0.606795
0.142198 -0.243924 0.606792
0.142668 -0.243390 0.607624
0.141511 -0.243942 0.607616
0.141798 -0.243529 0.609655
0.140759 -0.244164 0.608932
0.140794 -0.242503 0.609400
0.141541 -0.243903 0.610427
0.141479 -0.242577 0.610685
0.141290 -0.243114 0.611518
0.140693 -0.242925 0.611250
0.141114 -0.243336 0.611687
0.140278 -0.242463 0.611709
0.139727 -0.242880 0.612464
0.140081 -0.243445 0.614575
0.139817 -0.243559 0.613711
0.140104 -0.242948 0.613640
0.140042 -0.242220 0.613950
0.139931 -0.242812 0.615386
0.139363 -0.244374 0.616372
0.139112 -0.243299 0.616846
0.137911 -0.243230 0.616989
0.139243 -0.242891 0.618167
0.138822 -0.242686 0.617988
0.137732 -0.243579 0.619095
0.138123 -0.243227 0.617845
0.137869 -0.243850 0.618645
0.138093 -0.243609 0.619086
0.138256 -0.242958 0.620093
0.137850 -0.243469 0.620078
0.136083 -0.242827 0.620605
0.136866 -0.243739 0.621452
0.136931 -0.243103 0.620777
0.135942 -0.243211 0.621580
0.136296 -0.242691 0.622045
0.135748 -0.243536 0.623359
0.136017 -0.241862 0.623265
0.134827 -0.242988 0.623560
0.135110 -0.242571 0.623945
0.135092 -0.244251 0.625025
0.134509 -0.243312 0.624651
0.134858 -0.243445 0.625938
0.133598 -0.243168 0.625880
0.134562 -0.243065 0.626216
0.133210 -0.243339 0.626186
0.133836 -0.242453 0.626534
0.132697 -0.243775 0.627732
0.132639 -0.243130 0.627238
0.132354 -0.242877 0.627928
0.132010 -0.243858 0.628091
0.130831 -0.243129 0.629592
0.130992 -0.242618 0.629106
0.130422 -0.242680 0.629753
0.130987 -0.242700 0.629431
0.128651 -0.243119 0.629600
0.128865 -0.243929 0.630215
0.129110 -0.243187 0.631902
0.128240 -0.243195 0.630596
0.127981 -0.243157 0.631763
0.127464 -0.242618 0.631419
0.128211 -0.243217 0.632664
0.127636 -0.243334 0.632771
0.126299 -0.243841 0.632672
0.127270 -0.243565 0.632864
0.127026 -0.243170 0.633472
0.125275 -0.243162 0.634072
0.125375 -0.242810 0.634239
0.125527 -0.242779 0.634303
0.125033 -0.242290 0.634812
0.123581 -0.243097 0.634846
0.125076 -0.242815 0.634672
0.123271 -0.242463 0.634919
0.122701 -0.243195 0.635695
0.122229 -0.243131 0.635328
0.121812 -0.243497 0.636143
0.121524 -0.243201 0.636374
0.121034 -0.243021 0.637248
0.121722 -0.240417 0.563308
0.122043 -0.239975 0.563669
0.121985 -0.239654 0.562929
0.122749 -0.240084 0.563584
0.122788 -0.239350 0.564689
0.123478 -0.239412 0.564284
0.123145 -0.240777 0.564747
0.124104 -0.239827 0.565077
0.125193 -0.240305 0.564941
0.125946 -0.239461 0.565467
0.124369 -0.240271 0.565732
0.125742 -0.239752 0.566097
0.126750 -0.240441 0.566372
0.126226 -0.239462 0.566910
0.127345 -0.239810 0.569011
0.127693 -0.240225 0.567450
0.127511 -0.239470 0.568261
0.128279 -0.239937 0.567770
0.129263 -0.239287 0.566973
0.128864 -0.240263 0.568586
0.130042 -0.240408 0.568595
0.130783 -0.240078 0.569343
0.130485 -0.240092 0.569830
0.130390 -0.239131 0.569358
0.130199 -0.239898 0.570979
0.130639 -0.239601 0.570628
0.131102 -0.239195 0.571131
0.133114 -0.239652 0.572180
0.132334 -0.240610 0.571219
0.132533 -0.240385 0.572092
0.132442 -0.240290 0.573337
0.133316 -0.239745 0.573409
0.132785 -0.239395 0.573090
0.134327 -0.240166 0.573629
0.134432 -0.239507 0.573823
0.134450 -0.239832 0.574708
0.134752 -0.239523 0.575610
0.134973 -0.239667 0.575455
0.135765 -0.240220 0.576870
0.136387 -0.238745 0.576257
0.136624 -0.239255 0.577278
0.137489 -0.239729 0.577447
0.135479 -0.240939 0.577726
0.136583 -0.239474 0.578158
0.135627 -0.239639 0.578995
0.137660 -0.240301 0.578416
0.136770 -0.240148 0.578483
0.137013 -0.239037 0.579198
0.136653 -0.239969 0.579912
0.138157 -0.240204 0.580515
0.137620 -0.240320 0.581234
0.138320 -0.239860 0.581754
0.138059 -0.239824 0.582046
0.139273 -0.240782 0.582218
0.139108 -0.240124 0.582893
0.139425 -0.239594 0.582439
0.138670 -0.241249 0.584089
0.139567 -0.239160 0.584248
0.139070 -0.239298 0.584024
0.139818 -0.239939 0.585539
0.140447 -0.240048 0.585249
0.140131 -0.240125 0.586563
0.140505 -0.239135 0.587866
0.140036 -0.240137 0.587270
0.140821 -0.240008 0.586643
0.142040 -0.239792 0.587393
0.139695 -0.239130 0.588624
0.141035 -0.240357 0.588885
0.140964 -0.241091 0.590764
0.141501 -0.240008 0.589414
0.141091 -0.238615 0.590582
0.140832 -0.239387 0.591119
0.141873 -0.239902 0.591269
0.141814 -0.239942 0.591130
0.141294 -0.239832 0.591523
0.141817 -0.239997 0.593189
0.142047 -0.239988 0.593160
0.142259 -0.239364 0.593260
0.141337 -0.240214 0.593128
0.141778 -0.239417 0.595281
0.143007 -0.239804 0.595359
0.141986 -0.240101 0.595920
0.142791 -0.239621 0.595246
0.142621 -0.239837 0.596466
0.142476 -0.239386 0.597331
0.142068 -0.238148 0.597436
0.142690 -0.239205 0.597817
0.142750 -0.240269 0.598614
0.142101 -0.238953 0.598550
0.142750 -0.239823 0.598742
0.143364 -0.240129 0.600107
0.142593 -0.240299 0.600345
0.142453 -0.240286 0.601282
0.143093 -0.240354 0.600931
0.142364 -0.239640 0.602564
0.141849 -0.241030 0.603165
0.142725 -0.239081 0.602732
0.142609 -0.239335 0.602788
0.142811 -0.239123 0.604501
0.142498 -0.239470 0.604572
0.141445 -0.240308 0.605107
0.141678 -0.239328 0.605485
0.141978 -0.240733 0.606381
0.141605 -0.239085 0.605808
0.142041 -0.240047 0.606982
0.142646 -0.239362 0.607226
0.142399 -0.240171 0.608542
0.140729 -0.240005 0.608485
0.141332 -0.240641 0.608165
0.141379 -0.239539 0.609619
0.141101 -0.240598 0.609951
0.140872 -0.240203 0.610657
0.141112 -0.239641 0.610921
0.140475 -0.239942 0.611373
0.139932 -0.240018 0.611174
0.139623 -0.240256 0.612159
0.140810 -0.239999 0.613220
0.141029 -0.239784 0.613618
0.139800 -0.239433 0.613928
0.140013 -0.240409 0.613899
0.139473 -0.239793 0.615380
0.138875 -0.240028 0.615144
0.140590 -0.239945 0.615492
0.139636 -0.240401 0.616492
0.138232 -0.238834 0.616657
0.138658 -0.240504 0.617060
0.138710 -0.240212 0.618185
0.138295 -0.239799 0.618183
0.138927 -0.240037 0.618526
0.138175 -0.239538 0.618020
0.138380 -0.239905 0.619022
0.137561 -0.240804 0.619441
0.137436 -0.239162 0.620223
0.137302 -0.239988 0.621131
0.136660 -0.239610 0.620966
0.136126 -0.240337 0.621242
0.136936 -0.238243 0.621891
0.135727 -0.239572 0.622661
0.135567 -0.238877 0.623277
0.136037 -0.239803 0.623324
0.135779 -0.240531 0.623271
0.135058 -0.240566 0.624909
0.134418 -0.240047 0.624658
0.135196 -0.239854 0.624516
0.133681 -0.239716 0.625012
0.135037 -0.239202 0.624115
0.133082 -0.239655 0.627251
0.132229 -0.240053 0.627087
0.132580 -0.239796 0.626621
0.132946 -0.240382 0.627266
0.131561 -0.239343 0.627937
0.131945 -0.239813 0.628024
0.131449 -0.239753 0.628566
0.131265 -0.240129 0.628547
0.130731 -0.239605 0.629192
0.131604 -0.239919 0.629513
0.129956 -0.239781 0.629609
0.129490 -0.239751 0.630979
0.129132 -0.240158 0.630512
0.129332 -0.239182 0.630551
0.128772 -0.240231 0.630775
0.128235 -0.240394 0.631769
0.128624 -0.240097 0.631522
0.128382 -0.239949 0.632941
0.125892 -0.239926 0.632010
0.126689 -0.239441 0.633376
0.126482 -0.239376 0.632588
0.126314 -0.239922 0.632606
0.126236 -0.240181 0.633977
0.125006 -0.239757 0.634368
0.124987 -0.240083 0.634659
0.124691 -0.240053 0.634670
0.124139 -0.240013 0.635385
0.124639 -0.240097 0.635157
0.122887 -0.240506 0.636059
0.122605 -0.239670 0.635086
0.122201 -0.239603 0.636267
0.122214 -0.239636 0.636399
0.122172 -0.238991 0.636829
0.121186 -0.240354 0.636555
0.121080 -0.235759 0.562412
0.121273 -0.236994 0.563869
0.121749 -0.237398 0.562664
0.122672 -0.237299 0.564499
0.123467 -0.237052 0.564044
0.123361 -0.237234 0.563865
0.123444 -0.236508 0.564892
0.123231 -0.236372 0.564977
0.124443 -0.236723 0.565832
0.125759 -0.236722 0.565523
0.124584 -0.236695 0.566247
0.125725 -0.236315 0.566149
0.126220 -0.236157 0.566894
0.125591 -0.236594 0.565371
0.126962 -0.236754 0.566846
0.128121 -0.236300 0.568028
0.128036 -0.235633 0.567665
0.127973 -0.236520 0.569340
0.128255 -0.236459 0.569135
0.129302 -0.236720 0.569656
0.129445 -0.235747 0.569427
0.129954 -0.236842 0.570178
0.129569 -0.236432 0.570360
0.130101 -0.236411 0.570173
0.130696 -0.236175 0.569776
0.130699 -0.235438 0.569908
0.130981 -0.236071 0.570329
0.131203 -0.236872 0.572401
0.131529 -0.236155 0.571675
0.132294 -0.237037 0.571630
0.132376 -0.237159 0.572657
0.132986 -0.236266 0.573892
0.133948 -0.237023 0.573141
0.134391 -0.236498 0.573713
0.134385 -0.236783 0.574767
0.133996 -0.235824 0.574625
0.134851 -0.235942 0.575907
0.134332 -0.236663 0.574795
0.134153 -0.236720 0.575992
0.135920 -0.236679 0.577279
0.135659 -0.236031 0.576610
0.135209 -0.235679 0.577010
0.136658 -0.236657 0.577869
0.136282 -0.236646 0.577924
0.136957 -0.237077 0.577938
0.137357 -0.236841 0.578946
0.136435 -0.236583 0.579836
0.137390 -0.236371 0.579524
0.137631 -0.237368 0.579340
0.138014 -0.237362 0.581251
0.138457 -0.237081 0.579948
0.137039 -0.236326 0.581438
0.139137 -0.236246 0.582713
0.139110 -0.236955 0.582292
0.138451 -0.236641 0.582579
0.138955 -0.235805 0.583016
0.138665 -0.236801 0.583512
0.139159 -0.236569 0.583996
0.140190 -0.236027 0.584295
0.140303 -0.235781 0.585145
0.139562 -0.236261 0.585572
0.140319 -0.237009 0.587131
0.140214 -0.236211 0.586257
0.140547 -0.237621 0.586378
0.139383 -0.235978 0.586811
0.139986 -0.235906 0.587739
0.140822 -0.235931 0.588710
0.141197 -0.236138 0.587971
0.141815 -0.235799 0.590353
0.140242 -0.236888 0.589630
0.142261 -0.236178 0.591285
0.141745 -0.236780 0.590234
0.141339 -0.235759 0.590945
0.140832 -0.236317 0.592545
0.143035 -0.235831 0.592833
0.141009 -0.236646 0.592648
0.142052 -0.236924 0.593724
0.142686 -0.236404 0.593672
0.142222 -0.236269 0.594706
0.141759 -0.235737 0.594819
0.142159 -0.236116 0.594944
0.142737 -0.235388 0.596006
0.142447 -0.236703 0.597030
0.142951 -0.237223 0.597264
0.142081 -0.237058 0.597232
0.142110 -0.235888 0.597131
0.141818 -0.236946 0.598188
0.142776 -0.237018 0.598392
0.141705 -0.236572 0.598739
0.143583 -0.235510 0.599281
0.142564 -0.236265 0.599971
0.142293 -0.236155 0.600605
0.142326 -0.236491 0.601856
0.142328 -0.236282 0.601854
0.142793 -0.236573 0.601985
0.142063 -0.236357 0.602798
0.142244 -0.236364 0.604407
0.142726 -0.237393 0.604372
0.142357 -0.236983 0.604888
0.142194 -0.235966 0.604403
0.142704 -0.236616 0.605683
0.142521 -0.237051 0.605881
0.142277 -0.236505 0.605299
0.142107 -0.236635 0.607279
0.141353 -0.235984 0.607240
0.143070 -0.236979 0.608139
0.141438 -0.236950 0.608688
0.141909 -0.235951 0.607832
0.140904 -0.236180 0.608700
0.142055 -0.235640 0.609547
0.141298 -0.236458 0.609950
0.141143 -0.236587 0.610793
0.140869 -0.236731 0.610910
0.140597 -0.236511 0.611809
0.141794 -0.237285 0.611328
0.140588 -0.236455 0.612471
0.141409 -0.237383 0.612890
0.139683 -0.236622 0.613698
0.139437 -0.235959 0.613488
0.139469 -0.237294 0.614030
0.139451 -0.236056 0.614066
0.139752 -0.236050 0.615186
0.139848 -0.236817 0.615982
0.139110 -0.235391 0.616093
0.138934 -0.236269 0.616429
0.138788 -0.236301 0.617588
0.138385 -0.236440 0.617518
0.138823 -0.236060 0.618257
0.138393 -0.235575 0.618068
0.138860 -0.236201 0.618184
0.137882 -0.237177 0.619333
0.136573 -0.236105 0.619441
0.138179 -0.236832 0.620302
0.136435 -0.236534 0.620732
0.137123 -0.235234 0.621968
0.137012 -0.236631 0.621434
0.136214 -0.236892 0.622341
0.136083 -0.236199 0.622308
0.136035 -0.235580 0.623033
0.136046 -0.236879 0.623205
0.135123 -0.236200 0.623846
0.134701 -0.236270 0.624177
0.133976 -0.236455 0.625122
0.134031 -0.235889 0.625286
0.134272 -0.236208 0.624941
0.134245 -0.237138 0.625182
0.133861 -0.236976 0.627145
0.133455 -0.235969 0.627019
0.132780 -0.236407 0.627160
0.132665 -0.235630 0.627826
0.132453 -0.235782 0.627726
0.132408 -0.236333 0.627933
0.131219 -0.236775 0.628461
0.131565 -0.237487 0.628594
0.131298 -0.236505 0.628607
0.130154 -0.235588 0.628718
0.130143 -0.236020 0.628870
0.130293 -0.237213 0.630723
0.130931 -0.237062 0.630531
0.129423 -0.236722 0.631182
0.128519 -0.236720 0.630840
0.128482 -0.236201 0.632069
0.128082 -0.236975 0.631671
0.127502 -0.236636 0.632530
0.127310 -0.236395 0.632584
0.126950 -0.236680 0.633239
0.126562 -0.236502 0.632625
0.125863 -0.236748 0.633775
0.124941 -0.236087 0.633853
0.125062 -0.236881 0.634343
0.125123 -0.237447 0.634037
0.124152 -0.236493 0.634354
0.124432 -0.236718 0.634819
0.124413 -0.236578 0.634989
0.123397 -0.237107 0.634714
0.122944 -0.236756 0.635066
0.122998 -0.236122 0.636154
0.121843 -0.236567 0.636014
0.122111 -0.237187 0.636692
0.121260 -0.237035 0.637116
0.121080 -0.232174 0.563781
0.121652 -0.233297 0.563104
0.121745 -0.232951 0.562985
0.123014 -0.232760 0.563896
0.123324 -0.231960 0.564377
0.124225 -0.233256 0.564196
0.124280 -0.234067 0.565255
0.124190 -0.233349 0.565099
0.124653 -0.232485 0.565762
0.125101 -0.233220 0.565159
0.125501 -0.234397 0.566409
0.125798 -0.233940 0.566508
0.125747 -0.233342 0.565637
0.126207 -0.233030 0.566796
0.127112 -0.233475 0.567432
0.126608 -0.233396 0.566142
0.127572 -0.233387 0.567690
0.128384 -0.232459 0.567524
0.128348 -0.234095 0.569357
0.129485 -0.232883 0.569385
0.129629 -0.233432 0.569480
0.130148 -0.232709 0.569423
0.129726 -0.231923 0.569952
0.130544 -0.233810 0.570510
0.130741 -0.233540 0.571170
0.130959 -0.232785 0.571115
0.130950 -0.232965 0.571941
0.131081 -0.233628 0.571162
0.132334 -0.233340 0.572136
0.132860 -0.233672 0.573102
0.132624 -0.233197 0.573509
0.133155 -0.233767 0.573098
0.132853 -0.232977 0.573280
0.133376 -0.232631 0.573059
0.133989 -0.233227 0.574461
0.132961 -0.233587 0.574494
0.135267 -0.233738 0.574537
0.134634 -0.232951 0.575197
0.135057 -0.233928 0.576756
0.135124 -0.233046 0.577674
0.135287 -0.233730 0.576243
0.136673 -0.233204 0.576764
0.136085 -0.233134 0.578080
0.136723 -0.232921 0.578242
0.136215 -0.233739 0.578631
0.137132 -0.233023 0.579002
0.137430 -0.233679 0.579122
0.136920 -0.234038 0.579993
0.137474 -0.232905 0.580481
0.137366 -0.232355 0.580758
0.138547 -0.232261 0.580812
0.137953 -0.233019 0.582052
0.139046 -0.234094 0.582663
0.138460 -0.232864 0.581734
0.138445 -0.232926 0.581958
0.139488 -0.233379 0.583445
0.139351 -0.233386 0.584421
0.140635 -0.232794 0.583368
0.139707 -0.233222 0.585143
0.139853 -0.232038 0.585500
0.140293 -0.233281 0.585175
0.140116 -0.233008 0.586329
0.140419 -0.233249 0.586585
0.140242 -0.233604 0.586599
0.140869 -0.232746 0.587399
0.140697 -0.232836 0.587915
0.142474 -0.233045 0.588201
0.140130 -0.233004 0.589453
0.141134 -0.232489 0.589125
0.141233 -0.233202 0.589528
0.140657 -0.233586 0.589436
0.141888 -0.233195 0.590820
0.141325 -0.232633 0.590935
0.142553 -0.232567 0.591496
0.141703 -0.232795 0.592960
0.141494 -0.233359 0.594077
0.142431 -0.232661 0.594282
0.142269 -0.233337 0.592942
0.142547 -0.233676 0.594634
0.141192 -0.233346 0.594783
0.141612 -0.233383 0.594870
0.142355 -0.233739 0.595649
0.143024 -0.232409 0.597220
0.142585 -0.233313 0.596935
0.142767 -0.232969 0.597992
0.142112 -0.233213 0.597003
0.142254 -0.232489 0.598286
0.142856 -0.232895 0.599239
0.142076 -0.232842 0.599594
0.143078 -0.232412 0.599503
0.141784 -0.233430 0.600910
0.141997 -0.233797 0.600090
0.141832 -0.232749 0.600859
0.142152 -0.232538 0.602208
0.142882 -0.233492 0.601385
0.142588 -0.232232 0.602555
0.142241 -0.234733 0.604095
0.142237 -0.233980 0.603695
0.141992 -0.232795 0.605296
0.141835 -0.233031 0.604522
0.141847 -0.232879 0.605982
0.142336 -0.233323 0.605961
0.142165 -0.232702 0.605918
0.142040 -0.232286 0.606695
0.142378 -0.233114 0.607211
0.141432 -0.231684 0.608265
0.142301 -0.232530 0.607644
0.141233 -0.233200 0.607801
0.141056 -0.232694 0.608060
0.140948 -0.233161 0.609564
0.141265 -0.233493 0.610550
0.139978 -0.232903 0.609820
0.140671 -0.233148 0.611863
0.140446 -0.233836 0.612025
0.140722 -0.233104 0.612296
0.141123 -0.233031 0.611435
0.140369 -0.233100 0.612386
0.139805 -0.232791 0.613562
0.139704 -0.232828 0.613977
0.139345 -0.233248 0.613721
0.139388 -0.232959 0.614232
0.139020 -0.232921 0.614806
0.139326 -0.233237 0.615693
0.139467 -0.233327 0.615846
0.138852 -0.232527 0.617160
0.138859 -0.232493 0.617505
0.138145 -0.232352 0.619007
0.138656 -0.233921 0.618807
0.138566 -0.233163 0.617485
0.137989 -0.233260 0.618792
0.137606 -0.232627 0.619183
0.137804 -0.234065 0.619340
0.137349 -0.233556 0.620293
0.137089 -0.233014 0.620545
0.137189 -0.233791 0.620943
0.137384 -0.233317 0.622343
0.136540 -0.233227 0.622046
0.136906 -0.233265 0.621868
0.136092 -0.232747 0.623275
0.134807 -0.232907 0.623298
0.135172 -0.233344 0.623912
0.134982 -0.233131 0.625090
0.134760 -0.233689 0.624035
0.134060 -0.233917 0.625444
0.135078 -0.233426 0.625755
0.133472 -0.233454 0.624821
0.133515 -0.232494 0.626724
0.133501 -0.233245 0.627086
0.133796 -0.233494 0.627004
0.132583 -0.233432 0.626665
0.131872 -0.233054 0.627762
0.132033 -0.232469 0.627665
0.131003 -0.233700 0.628580
0.131029 -0.233934 0.629213
0.131661 -0.233019 0.629437
0.129920 -0.233816 0.629557
0.130376 -0.233206 0.629687
0.129606 -0.232388 0.629755
0.129498 -0.232590 0.630022
0.129278 -0.233166 0.631184
0.127620 -0.233258 0.630822
0.129021 -0.233137 0.631269
0.128547 -0.232789 0.632390
0.128271 -0.232724 0.631922
0.127499 -0.232961 0.632711
0.127137 -0.233063 0.632639
0.126546 -0.233600 0.632712
0.126554 -0.233269 0.633516
0.125529 -0.233925 0.633574
0.126209 -0.233161 0.633733
0.125347 -0.233351 0.634062
0.123815 -0.233968 0.634866
0.124258 -0.233091 0.635290
0.123549 -0.233100 0.634790
0.122934 -0.233484 0.635984
0.123301 -0.233614 0.635611
0.122588 -0.233513 0.636374
0.121711 -0.233278 0.636130
0.120754 -0.233987 0.636122
0.121841 -0.232821 0.637030
0.120935 -0.229984 0.563214
0.121811 -0.230511 0.563087
0.121718 -0.229095 0.563426
0.122116 -0.229344 0.563738
0.123410 -0.230235 0.565166
0.123320 -0.229683 0.564376
0.123751 -0.229742 0.564606
0.124806 -0.230879 0.564445
0.124406 -0.229819 0.566057
0.125273 -0.229752 0.565226
0.126379 -0.229317 0.567198
0.125049 -0.228890 0.566173
0.125762 -0.229686 0.566587
0.126423 -0.230475 0.566662
0.126324 -0.229705 0.566469
0.127458 -0.229956 0.567945
0.127333 -0.230429 0.567085
0.128232 -0.227782 0.567423
0.128155 -0.228984 0.568768
0.129469 -0.229605 0.569016
0.129219 -0.230318 0.569216
0.129062 -0.229450 0.568087
0.128860 -0.229846 0.569835
0.131163 -0.230192 0.570447
0.129676 -0.228600 0.569178
0.131671 -0.229980 0.569923
0.130959 -0.229366 0.571115
0.131147 -0.229726 0.571546
0.132352 -0.229476 0.571681
0.131829 -0.229800 0.572213
0.132667 -0.230337 0.572732
0.132440 -0.229542 0.573187
0.133039 -0.230614 0.574004
0.133045 -0.230062 0.573788
0.133980 -0.230096 0.573965
0.133360 -0.229298 0.574379
0.134134 -0.230862 0.574733
0.135099 -0.229290 0.574914
0.134974 -0.229502 0.575130
0.135036 -0.229461 0.576806
0.134778 -0.230367 0.577254
0.135570 -0.229634 0.576507
0.136621 -0.229619 0.578218
0.135824 -0.230089 0.577322
0.135930 -0.230487 0.578434
0.136321 -0.229854 0.578412
0.137189 -0.229436 0.579590
0.137686 -0.229921 0.579978
0.137355 -0.230256 0.579443
0.137695 -0.229710 0.581331
0.137709 -0.229101 0.580180
0.138128 -0.228658 0.581245
0.137943 -0.230338 0.582985
0.139233 -0.230100 0.582095
0.137568 -0.229910 0.583558
0.138046 -0.229274 0.583553
0.140005 -0.230078 0.583840
0.140089 -0.229555 0.584530
0.139438 -0.229888 0.584347
0.139834 -0.229777 0.584979
0.138875 -0.230504 0.585540
0.140700 -0.230238 0.585778
0.140252 -0.229307 0.587351
0.140569 -0.229789 0.586588
0.140774 -0.229939 0.587540
0.140275 -0.229247 0.587735
0.140087 -0.229811 0.587859
0.141260 -0.229126 0.589171
0.141042 -0.230207 0.589136
0.142311 -0.229255 0.589357
0.140889 -0.229594 0.590404
0.141533 -0.229466 0.590305
0.141185 -0.229265 0.591498
0.141567 -0.229814 0.592152
0.141939 -0.230099 0.591737
0.142274 -0.230370 0.593833
0.141382 -0.230070 0.593846
0.142758 -0.229725 0.592462
0.142043 -0.230807 0.594035
0.142593 -0.229362 0.594844
0.142351 -0.229446 0.595078
0.142093 -0.229155 0.596013
0.142933 -0.229554 0.596460
0.142784 -0.229398 0.597620
0.142703 -0.229990 0.597063
0.141961 -0.229640 0.597405
0.141803 -0.229433 0.598991
0.141675 -0.229272 0.598857
0.141973 -0.230100 0.599151
0.143638 -0.229637 0.600535
0.142192 -0.229224 0.600646
0.142150 -0.230044 0.600984
0.141685 -0.229768 0.600588
0.142459 -0.229542 0.602079
0.142634 -0.229848 0.601963
0.141980 -0.230057 0.602514
0.142112 -0.229666 0.602883
0.141536 -0.229419 0.603341
0.141449 -0.230217 0.604040
0.142118 -0.229653 0.605663
0.141513 -0.228954 0.605283
0.141948 -0.230879 0.605548
0.142363 -0.230285 0.605419
0.141306 -0.229674 0.606691
0.142676 -0.230002 0.607565
0.141178 -0.229874 0.608200
0.141552 -0.229500 0.607502
0.141127 -0.230036 0.608060
0.141260 -0.229029 0.608997
0.141511 -0.228977 0.609613
0.141198 -0.230002 0.610647
0.141609 -0.228728 0.611608
0.140282 -0.229368 0.612116
0.141063 -0.229663 0.610967
0.141342 -0.230249 0.612110
0.140461 -0.229510 0.612283
0.140269 -0.229223 0.612956
0.140783 -0.230074 0.614191
0.140430 -0.229126 0.614308
0.139213 -0.231030 0.614919
0.139587 -0.229945 0.614433
0.139371 -0.229593 0.615759
0.139321 -0.230840 0.616075
0.139427 -0.230055 0.615587
0.138414 -0.229121 0.616385
0.139489 -0.229873 0.617589
0.138219 -0.230382 0.617502
0.137603 -0.230421 0.618289
0.139043 -0.229658 0.617675
0.137526 -0.229660 0.618879
0.139018 -0.228801 0.619245
0.138640 -0.230225 0.619360
0.138073 -0.230272 0.619994
0.137919 -0.229954 0.621397
0.137228 -0.229956 0.621470
0.137190 -0.229326 0.621154
0.136844 -0.230922 0.621845
0.136128 -0.229274 0.623115
0.135158 -0.230032 0.622776
0.135324 -0.229566 0.623580
0.135632 -0.229927 0.625281
0.134425 -0.229855 0.624870
0.135145 -0.229346 0.625139
0.134355 -0.229684 0.625482
0.134980 -0.230377 0.625058
0.133874 -0.229269 0.625102
0.134046 -0.230066 0.626499
0.133395 -0.228973 0.625995
0.133243 -0.229865 0.626546
0.133114 -0.230208 0.627652
0.131793 -0.230320 0.628006
0.133069 -0.229492 0.627554
0.131820 -0.229884 0.628063
0.131421 -0.229465 0.629172
0.130456 -0.228917 0.628975
0.129820 -0.230166 0.629543
0.129846 -0.229643 0.629379
0.130436 -0.229661 0.630050
0.130054 -0.230226 0.630446
0.129494 -0.229568 0.630896
0.129273 -0.230020 0.631196
0.128024 -0.229792 0.630954
0.127503 -0.229768 0.631354
0.128097 -0.229275 0.632485
0.127714 -0.229504 0.631758
0.126399 -0.229598 0.632290
0.126225 -0.229782 0.633302
0.125386 -0.229750 0.633884
0.125973 -0.229010 0.633526
0.126027 -0.228677 0.634421
0.125489 -0.229252 0.633268
0.124235 -0.229214 0.634010
0.124328 -0.229485 0.635567
0.123702 -0.229324 0.635204
0.124146 -0.230080 0.635221
0.123136 -0.228923 0.635887
0.122500 -0.230073 0.636549
0.121746 -0.229886 0.636143
0.122222 -0.230191 0.636119
0.121336 -0.229743 0.636050
0.120791 -0.226724 0.563198
0.121242 -0.225416 0.563565
0.122695 -0.226238 0.563807
0.122880 -0.226574 0.563039
0.123153 -0.226776 0.564871
0.122898 -0.226325 0.564499
0.123481 -0.226592 0.564673
0.124265 -0.226272 0.565067
0.124578 -0.227513 0.566020
0.125331 -0.227031 0.565199
0.124321 -0.227877 0.565681
0.126622 -0.226321 0.566326
0.126220 -0.226101 0.566502
0.126161 -0.226689 0.567176
0.126763 -0.227348 0.567423
0.127460 -0.225720 0.567520
0.127733 -0.226443 0.567393
0.128238 -0.226648 0.567599
0.128421 -0.226342 0.568628
0.129176 -0.225294 0.568647
0.129877 -0.226387 0.569185
0.129968 -0.226816 0.569427
0.130261 -0.227113 0.569343
0.130043 -0.226405 0.570550
0.129971 -0.225695 0.570872
0.131260 -0.227375 0.571044
0.130904 -0.226025 0.571197
0.131412 -0.226853 0.571494
0.132293 -0.227212 0.571607
0.132155 -0.226493 0.572123
0.132699 -0.226355 0.571687
0.133430 -0.227105 0.573705
0.133619 -0.227275 0.573562
0.134221 -0.225699 0.573992
0.133457 -0.225787 0.573544
0.133396 -0.226004 0.574086
0.134713 -0.226927 0.574779
0.135308 -0.226428 0.575822
0.134917 -0.226618 0.575563
0.134829 -0.226190 0.576547
0.136400 -0.226245 0.576606
0.136087 -0.225666 0.576434
0.136936 -0.226794 0.577173
0.137649 -0.225841 0.577728
0.137047 -0.225707 0.578771
0.137417 -0.226206 0.579118
0.136542 -0.226901 0.579386
0.136681 -0.226051 0.579685
0.138179 -0.225940 0.579960
0.136470 -0.227110 0.580606
0.139065 -0.226378 0.581342
0.138250 -0.227719 0.581798
0.138349 -0.227138 0.582293
0.138658 -0.224911 0.581286
0.138485 -0.226362 0.582659
0.139410 -0.225941 0.583547
0.139310 -0.226733 0.583856
0.139912 -0.226325 0.583176
0.140490 -0.226633 0.585130
0.139575 -0.225844 0.584991
0.140741 -0.225731 0.585300
0.138702 -0.226211 0.585597
0.140812 -0.226195 0.586375
0.140001 -0.226809 0.587769
0.141107 -0.226492 0.587671
0.141228 -0.226476 0.587082
0.141737 -0.226545 0.588157
0.141053 -0.226862 0.588401
0.141278 -0.226738 0.589639
0.141490 -0.225392 0.589775
0.141450 -0.226652 0.590991
0.141760 -0.226187 0.591826
0.141765 -0.226242 0.590711
0.140846 -0.226634 0.591906
0.141265 -0.226856 0.592723
0.141616 -0.226669 0.592663
0.141433 -0.225945 0.594041
0.142578 -0.225606 0.592831
0.142581 -0.226441 0.595001
0.141869 -0.225965 0.595699
0.142563 -0.226300 0.595227
0.142578 -0.226456 0.595224
0.142676 -0.225524 0.596505
0.142949 -0.225742 0.596826
0.142414 -0.226755 0.597419
0.142729 -0.226819 0.597654
0.143029 -0.226681 0.598668
0.142705 -0.226504 0.599241
0.142840 -0.226378 0.599341
0.142734 -0.226100 0.600008
0.142893 -0.226597 0.601023
0.142482 -0.226436 0.601439
0.143022 -0.227276 0.601281
0.142888 -0.226075 0.600944
0.142129 -0.226734 0.602590
0.142886 -0.226166 0.602756
0.142012 -0.225811 0.602168
0.142648 -0.226046 0.603918
0.142327 -0.226276 0.604593
0.141945 -0.225982 0.604754
0.142265 -0.227680 0.604578
0.142039 -0.226683 0.606189
0.141334 -0.225751 0.606629
0.142112 -0.226600 0.606134
0.141314 -0.226716 0.607199
0.142167 -0.226003 0.608234
0.142252 -0.226705 0.607916
0.142177 -0.226760 0.609181
0.141564 -0.227045 0.609380
0.141541 -0.226759 0.608447
0.141454 -0.226134 0.610540
0.141405 -0.226712 0.609776
0.141003 -0.225872 0.611042
0.140325 -0.227193 0.610256
0.140892 -0.226130 0.610965
0.140347 -0.225648 0.611458
0.141249 -0.225775 0.613429
0.140600 -0.226100 0.613793
0.141018 -0.226905 0.613063
0.139037 -0.226238 0.614927
0.139498 -0.226139 0.614989
0.140265 -0.225983 0.615558
0.139167 -0.226541 0.616255
0.139395 -0.225694 0.615957
0.139596 -0.226445 0.616937
0.138061 -0.226011 0.616732
0.139307 -0.225925 0.617321
0.139244 -0.225597 0.618961
0.138914 -0.226526 0.619267
0.137464 -0.226503 0.619163
0.137061 -0.225742 0.619751
0.137568 -0.227406 0.619548
0.137798 -0.226018 0.619870
0.136511 -0.226330 0.620173
0.136102 -0.225625 0.621185
0.136840 -0.226471 0.622088
0.136883 -0.226427 0.621821
0.135940 -0.225901 0.622527
0.135281 -0.225687 0.622894
0.135853 -0.225640 0.623552
0.135739 -0.226391 0.624012
0.135501 -0.226153 0.624080
0.134682 -0.226484 0.624656
0.134239 -0.226074 0.624708
0.134677 -0.226294 0.625015
0.134097 -0.226890 0.627216
0.133237 -0.226423 0.626821
0.132995 -0.226809 0.626032
0.133515 -0.226914 0.627735
0.132945 -0.226419 0.627844
0.132316 -0.226497 0.627038
0.131281 -0.226242 0.627034
0.130881 -0.227128 0.628366
0.130626 -0.226471 0.630003
0.130974 -0.225520 0.629187
0.130068 -0.226673 0.629139
0.130474 -0.226063 0.629902
0.129706 -0.226793 0.629960
0.129104 -0.226800 0.631737
0.129624 -0.226929 0.630859
0.128983 -0.226433 0.630852
0.128624 -0.226349 0.631762
0.128629 -0.226688 0.631948
0.127462 -0.226844 0.631911
0.127423 -0.226697 0.632026
0.126576 -0.226343 0.633523
0.127193 -0.227192 0.632984
0.126456 -0.226614 0.633373
0.125313 -0.226330 0.633687
0.124954 -0.226149 0.634565
0.125221 -0.226969 0.634483
0.124965 -0.225854 0.635235
0.124638 -0.226492 0.635182
0.124109 -0.226344 0.635372
0.122847 -0.226251 0.635269
0.122862 -0.225559 0.635869
0.122668 -0.226709 0.635293
0.121497 -0.226565 0.636172
0.120778 -0.226731 0.636541
0.120833 -0.226588 0.636848
0.121835 -0.222875 0.563927
0.120985 -0.222405 0.563343
0.122579 -0.222061 0.564157
0.122725 -0.222252 0.563714
0.123450 -0.222844 0.564408
0.123059 -0.222870 0.564670
0.123762 -0.222870 0.564084
0.124644 -0.223157 0.565168
0.124278 -0.223205 0.565016
0.125611 -0.223439 0.565255
0.125307 -0.223632 0.565415
0.125892 -0.222891 0.566588
0.126402 -0.223462 0.566008
0.127080 -0.224112 0.566904
0.127292 -0.222459 0.567813
0.127870 -0.222094 0.566570
0.127574 -0.222866 0.566668
0.127719 -0.222457 0.567783
0.128961 -0.222718 0.569028
0.129244 -0.222763 0.569117
0.128771 -0.222201 0.569009
0.129165 -0.222800 0.568783
0.130946 -0.221851 0.570408
0.129820 -0.222792 0.570318
0.130371 -0.223155 0.570763
0.130733 -0.223022 0.570928
0.130699 -0.223162 0.571071
0.132467 -0.222923 0.571859
0.132118 -0.222991 0.572070
0.132272 -0.224026 0.572423
0.132341 -0.223133 0.572311
0.132514 -0.222983 0.572938
0.133303 -0.222873 0.573549
0.133639 -0.223281 0.573835
0.134199 -0.223075 0.574629
0.134217 -0.222485 0.574256
0.134617 -0.222571 0.574759
0.134843 -0.222817 0.575482
0.135509 -0.222817 0.575832
0.135744 -0.222804 0.577751
0.134830 -0.222912 0.576748
0.135867 -0.223986 0.577228
0.135848 -0.222652 0.577057
0.137222 -0.223032 0.577773
0.136784 -0.223731 0.577922
0.137162 -0.223175 0.578900
0.136000 -0.223705 0.578441
0.138155 -0.223121 0.580339
0.137430 -0.222535 0.579870
0.137558 -0.223127 0.580615
0.137014 -0.223069 0.580541
0.137881 -0.223209 0.581254
0.138397 -0.222538 0.582451
0.139503 -0.223392 0.582302
0.138700 -0.223280 0.583119
0.139422 -0.223100 0.583359
0.139873 -0.223107 0.584297
0.139464 -0.222793 0.585141
0.139387 -0.222836 0.585320
0.139909 -0.222351 0.586435
0.140721 -0.223023 0.585258
0.140297 -0.223259 0.585749
0.140717 -0.222662 0.585789
0.140258 -0.223491 0.587396
0.140851 -0.222519 0.587536
0.141066 -0.222637 0.588003
0.141381 -0.223869 0.589003
0.140417 -0.223164 0.589097
0.141263 -0.223672 0.589469
0.140228 -0.223119 0.589691
0.142154 -0.223160 0.590033
0.141168 -0.223437 0.590872
0.141720 -0.222225 0.590727
0.141998 -0.223715 0.591702
0.142356 -0.222426 0.592756
0.141613 -0.222552 0.593573
0.141297 -0.223290 0.593366
0.142177 -0.222860 0.593716
0.141802 -0.222756 0.593951
0.142108 -0.222782 0.595027
0.142683 -0.222556 0.595647
0.143057 -0.223661 0.595907
0.142463 -0.223110 0.596300
0.142588 -0.223164 0.597803
0.143426 -0.223225 0.597813
0.142893 -0.222871 0.597710
0.142757 -0.222908 0.598037
0.142955 -0.222901 0.599347
0.141895 -0.223370 0.597760
0.142330 -0.223558 0.600065
0.143023 -0.222948 0.600720
0.142175 -0.223608 0.601447
0.142995 -0.222641 0.601101
0.142991 -0.222700 0.603056
0.141155 -0.223602 0.602679
0.142803 -0.222842 0.602667
0.142076 -0.222193 0.603812
0.142528 -0.222797 0.604586
0.141822 -0.223569 0.604186
0.141751 -0.222571 0.605087
0.142561 -0.223116 0.604940
0.142344 -0.224033 0.604962
0.141562 -0.223695 0.606214
0.141418 -0.222685 0.606645
0.141083 -0.224234 0.608101
0.141960 -0.222809 0.607423
0.141229 -0.222363 0.607570
0.141404 -0.223028 0.608203
0.141234 -0.223296 0.608877
0.142158 -0.223006 0.610098
0.140842 -0.223306 0.609776
0.140372 -0.223030 0.609863
0.140444 -0.223035 0.611196
0.140499 -0.222960 0.612122
0.141476 -0.222581 0.611856
0.141248 -0.223173 0.612336
0.140947 -0.222844 0.613213
0.139903 -0.223162 0.613597
0.140419 -0.222748 0.613028
0.141109 -0.222626 0.613974
0.140412 -0.223084 0.614662
0.140469 -0.223572 0.614818
0.139041 -0.223304 0.617399
0.139064 -0.223515 0.616332
0.139469 -0.222386 0.616278
0.139877 -0.222919 0.616735
0.138312 -0.222769 0.617628
0.138277 -0.222933 0.619238
0.139000 -0.223254 0.618167
0.138558 -0.223538 0.618047
0.137349 -0.223676 0.618661
0.137472 -0.223422 0.619665
0.137531 -0.223292 0.619544
0.136645 -0.222603 0.620165
0.136297 -0.222818 0.620670
0.136145 -0.222903 0.621501
0.136081 -0.223235 0.622535
0.136268 -0.223375 0.622210
0.136634 -0.223138 0.623021
0.135725 -0.223275 0.623351
0.134826 -0.223151 0.624264
0.134941 -0.222249 0.624200
0.134999 -0.222952 0.624066
0.134989 -0.222306 0.625066
0.134165 -0.223134 0.625564
0.134399 -0.222559 0.625846
0.133573 -0.222941 0.626030
0.132717 -0.222001 0.626090
0.132464 -0.222301 0.627132
0.132893 -0.223278 0.627259
0.132689 -0.221631 0.627914
0.132043 -0.222680 0.628045
0.131253 -0.223908 0.628641
0.130581 -0.222421 0.628490
0.130729 -0.223626 0.628573
0.130280 -0.222888 0.629214
0.130173 -0.223317 0.630063
0.130092 -0.222815 0.629648
0.129142 -0.223706 0.630856
0.127859 -0.222294 0.630695
0.128487 -0.222965 0.631051
0.128265 -0.222864 0.631815
0.127813 -0.222253 0.631196
0.128128 -0.222925 0.631668
0.127753 -0.222394 0.631717
0.127239 -0.223099 0.632936
0.125721 -0.222743 0.633723
0.126309 -0.223390 0.633275
0.125935 -0.223149 0.633069
0.124787 -0.223795 0.634068
0.125896 -0.222386 0.634228
0.124471 -0.222581 0.634976
0.124798 -0.222828 0.634726
0.124054 -0.222168 0.635343
0.124379 -0.223478 0.635333
0.123050 -0.223092 0.636218
0.122675 -0.222708 0.636777
0.121499 -0.223179 0.637282
0.121500 -0.223571 0.636122
0.120660 -0.223116 0.636920
0.121403 -0.219301 0.563102
0.122071 -0.219123 0.562732
0.121594 -0.219446 0.563099
0.123051 -0.219979 0.563631
0.123002 -0.218516 0.563648
0.123326 -0.220055 0.564766
0.123688 -0.219714 0.564987
0.124053 -0.219667 0.565296
0.124560 -0.219811 0.564884
0.125192 -0.219618 0.565542
0.125067 -0.219926 0.565423
0.126661 -0.219371 0.567209
0.125314 -0.220477 0.566656
0.126470 -0.219916 0.566516
0.126820 -0.220970 0.568353
0.127166 -0.219786 0.567925
0.127627 -0.219512 0.568135
0.128481 -0.219403 0.568664
0.129032 -0.219590 0.568737
0.128600 -0.219241 0.568160
0.128534 -0.220020 0.569403
0.129303 -0.219795 0.570124
0.130771 -0.218540 0.570412
0.130650 -0.219353 0.569682
0.130746 -0.219665 0.571105
0.131284 -0.220074 0.570791
0.131622 -0.219525 0.570994
0.132109 -0.220554 0.571941
0.131575 -0.220366 0.571852
0.132880 -0.220426 0.572298
0.132625 -0.219874 0.572551
0.132876 -0.219555 0.573862
0.131881 -0.219531 0.573963
0.132680 -0.219346 0.574392
0.133652 -0.219534 0.574009
0.133533 -0.219932 0.574360
0.134909 -0.219979 0.575432
0.135176 -0.219069 0.575529
0.135272 -0.220052 0.575410
0.136091 -0.219127 0.575821
0.135143 -0.218807 0.576892
0.136430 -0.218913 0.577089
0.136567 -0.220237 0.577566
0.136768 -0.218967 0.578015
0.136893 -0.220072 0.578895
0.136223 -0.219832 0.578792
0.136656 -0.219959 0.579140
0.137832 -0.219345 0.579901
0.137772 -0.219466 0.579695
0.137655 -0.219772 0.580984
0.138200 -0.219388 0.580470
0.139049 -0.219979 0.581008
0.138492 -0.219530 0.581845
0.139411 -0.219941 0.582155
0.138222 -0.219021 0.582665
0.138881 -0.220576 0.582876
0.139003 -0.219485 0.584208
0.140006 -0.220046 0.584321
0.140392 -0.219355 0.585096
0.140462 -0.219386 0.585211
0.141262 -0.220378 0.585755
0.140514 -0.219578 0.586124
0.140158 -0.219085 0.585702
0.139939 -0.220330 0.586712
0.140373 -0.219463 0.588020
0.140375 -0.219624 0.589040
0.141315 -0.220430 0.588856
0.141106 -0.219611 0.589144
0.141607 -0.219490 0.589947
0.141490 -0.219190 0.590213
0.140997 -0.220376 0.591353
0.141107 -0.220177 0.591415
0.142194 -0.219727 0.592026
0.141472 -0.219828 0.591191
0.142847 -0.219578 0.592723
0.141123 -0.219388 0.591961
0.141670 -0.219292 0.594068
0.142885 -0.219642 0.593197
0.142346 -0.219845 0.594704
0.142465 -0.218746 0.595158
0.142216 -0.219384 0.595185
0.142106 -0.219908 0.595706
0.142073 -0.219601 0.595575
0.142184 -0.219332 0.596422
0.141939 -0.218735 0.597042
0.143349 -0.219666 0.598046
0.142938 -0.219950 0.597900
0.142557 -0.219661 0.599167
0.142289 -0.219961 0.599402
0.142160 -0.220092 0.599926
0.142329 -0.220300 0.600706
0.142405 -0.220758 0.600387
0.143000 -0.219643 0.600925
0.142590 -0.219981 0.601579
0.142645 -0.220126 0.603153
0.141130 -0.220425 0.603191
0.142557 -0.218713 0.603570
0.142916 -0.219307 0.603649
0.141414 -0.219786 0.604456
0.142384 -0.220102 0.605210
0.141991 -0.220137 0.605265
0.142106 -0.220230 0.605239
0.142150 -0.218764 0.604976
0.140789 -0.220000 0.606484
0.142307 -0.220456 0.607330
0.141990 -0.219195 0.607376
0.141331 -0.219760 0.607915
0.141383 -0.219888 0.609026
0.141410 -0.219733 0.609458
0.141295 -0.219517 0.608911
0.141360 -0.219608 0.609818
0.140926 -0.220041 0.611195
0.141004 -0.219975 0.610775
0.140463 -0.219525 0.611640
0.140393 -0.219998 0.612175
0.140080 -0.218918 0.612580
0.140227 -0.219520 0.612089
0.140611 -0.219940 0.613930
0.140613 -0.220032 0.614653
0.139866 -0.219783 0.614922
0.140317 -0.219953 0.614957
0.139374 -0.220100 0.614998
0.139674 -0.220535 0.615908
0.138898 -0.219787 0.616855
0.139314 -0.219834 0.617583
0.138119 -0.219631 0.617628
0.138041 -0.219420 0.617490
0.139289 -0.219224 0.618338
0.137529 -0.219789 0.619331
0.138445 -0.220006 0.618855
0.136942 -0.219597 0.618907
0.136886 -0.220151 0.620222
0.136593 -0.221057 0.621330
0.136889 -0.219889 0.620137
0.137440 -0.219326 0.621515
0.136853 -0.219217 0.621783
0.136276 -0.219160 0.622118
0.135836 -0.219489 0.621471
0.135911 -0.219997 0.622103
0.135856 -0.218679 0.623885
0.135597 -0.220045 0.622979
0.134847 -0.220002 0.624204
0.135589 -0.219251 0.624678
0.134639 -0.220418 0.625263
0.134246 -0.220022 0.625272
0.133755 -0.219359 0.625462
0.134114 -0.219635 0.625861
0.133945 -0.219736 0.626493
0.132411 -0.219071 0.626866
0.132894 -0.219795 0.627402
0.131663 -0.219882 0.627010
0.131814 -0.219289 0.627764
0.131601 -0.219561 0.629216
0.131709 -0.220468 0.629422
0.130128 -0.220396 0.629222
0.131395 -0.220059 0.628875
0.130106 -0.219587 0.630501
0.129953 -0.219862 0.629972
0.129626 -0.219433 0.630032
0.129104 -0.219303 0.631968
0.129070 -0.220777 0.630917
0.128667 -0.219844 0.632124
0.127964 -0.219408 0.632113
0.127492 -0.219934 0.632020
0.126797 -0.219653 0.632178
0.126957 -0.220206 0.633634
0.126831 -0.218989 0.632835
0.125998 -0.219432 0.633632
0.125943 -0.219271 0.634013
0.125962 -0.219933 0.634564
0.123248 -0.219511 0.634235
0.124347 -0.219681 0.634601
0.124371 -0.220175 0.634638
0.123957 -0.219929 0.635006
0.123616 -0.219572 0.635216
0.122552 -0.219406 0.636140
0.122828 -0.219416 0.635889
0.121694 -0.219707 0.636211
0.121358 -0.219555 0.637972
0.120989 -0.219848 0.637144
0.120879 -0.216523 0.562965
0.121634 -0.215913 0.563692
0.121386 -0.216475 0.563195
0.122669 -0.216561 0.564475
0.123885 -0.216467 0.564306
0.123728 -0.216656 0.563760
0.123998 -0.216167 0.563831
0.124128 -0.216577 0.564716
0.124586 -0.217042 0.564627
0.125586 -0.216021 0.565562
0.125426 -0.216180 0.565916
0.126926 -0.216613 0.566496
0.125603 -0.216021 0.567370
0.126531 -0.216703 0.566021
0.127496 -0.216663 0.567239
0.127675 -0.216785 0.567484
0.128375 -0.216731 0.567634
0.128102 -0.217112 0.567892
0.128902 -0.215322 0.567977
0.128861 -0.216137 0.568632
0.128897 -0.216417 0.568898
0.129146 -0.216429 0.569393
0.128796 -0.216246 0.569711
0.130295 -0.217293 0.571131
0.130614 -0.217107 0.571046
0.131264 -0.216578 0.571484
0.131565 -0.216802 0.570916
0.131833 -0.215499 0.571394
0.132650 -0.216223 0.571629
0.132940 -0.216750 0.572267
0.131562 -0.216470 0.573143
0.132302 -0.217064 0.573894
0.133555 -0.216672 0.573477
0.134495 -0.216890 0.574389
0.134118 -0.216124 0.574259
0.134534 -0.216760 0.574743
0.135118 -0.216383 0.575176
0.135175 -0.217118 0.574464
0.135705 -0.216143 0.576160
0.135079 -0.216268 0.576720
0.135529 -0.216579 0.576295
0.135089 -0.217515 0.576950
0.135874 -0.215081 0.577261
0.135792 -0.215373 0.577631
0.136444 -0.215816 0.578928
0.137374 -0.215966 0.578397
0.136798 -0.216525 0.579614
0.137238 -0.215749 0.579873
0.137776 -0.217383 0.580270
0.137327 -0.215832 0.580550
0.138435 -0.215941 0.580804
0.137937 -0.215738 0.582197
0.138111 -0.217070 0.582411
0.137999 -0.216290 0.581395
0.139462 -0.216076 0.582688
0.138505 -0.217661 0.583298
0.139649 -0.216153 0.583146
0.139868 -0.216095 0.583469
0.138829 -0.216754 0.585338
0.139543 -0.215386 0.585820
0.139193 -0.216390 0.587325
0.140198 -0.215902 0.586314
0.140225 -0.216628 0.586745
0.140735 -0.215957 0.587502
0.140113 -0.216728 0.587933
0.140887 -0.217224 0.587538
0.142134 -0.216444 0.588360
0.141252 -0.216026 0.588278
0.140846 -0.215490 0.588966
0.141347 -0.215546 0.589884
0.141393 -0.216724 0.590036
0.142109 -0.215978 0.591037
0.141397 -0.215445 0.592280
0.141823 -0.216692 0.591330
0.142976 -0.214970 0.592038
0.142021 -0.217287 0.592446
0.142965 -0.215877 0.593766
0.141908 -0.216796 0.593674
0.142710 -0.216079 0.594654
0.142537 -0.216648 0.594880
0.141804 -0.216813 0.595556
0.141649 -0.215522 0.595915
0.141679 -0.216571 0.595748
0.142878 -0.215992 0.596821
0.143275 -0.216254 0.597167
0.142000 -0.216885 0.597982
0.142900 -0.216323 0.598430
0.142536 -0.215417 0.598892
0.143104 -0.216370 0.598847
0.141736 -0.216833 0.599978
0.142009 -0.215739 0.600062
0.141565 -0.216208 0.600502
0.143433 -0.215950 0.600739
0.142512 -0.217018 0.600961
0.142404 -0.216035 0.601987
0.142991 -0.217220 0.603014
0.142501 -0.217053 0.603447
0.142181 -0.215706 0.602937
0.142628 -0.216447 0.604988
0.143531 -0.216493 0.604574
0.142130 -0.216344 0.605713
0.141834 -0.216687 0.605670
0.142040 -0.215580 0.605917
0.141664 -0.216014 0.606943
0.141374 -0.216490 0.606479
0.142177 -0.216730 0.607314
0.141491 -0.216778 0.608164
0.142037 -0.216177 0.609693
0.141562 -0.217163 0.609091
0.141077 -0.215848 0.609486
0.141442 -0.217022 0.609721
0.141214 -0.216491 0.610568
0.141834 -0.216947 0.610432
0.141545 -0.216210 0.611174
0.140943 -0.215853 0.611635
0.141073 -0.216391 0.613186
0.139361 -0.215375 0.612908
0.140901 -0.216609 0.613685
0.140709 -0.216258 0.613706
0.139627 -0.216665 0.614776
0.139340 -0.215950 0.614865
0.139530 -0.216652 0.615076
0.138448 -0.215994 0.615541
0.139890 -0.216697 0.615824
0.139051 -0.216506 0.616112
0.137859 -0.216734 0.616828
0.139025 -0.215937 0.617085
0.138856 -0.216824 0.617704
0.138037 -0.216756 0.618876
0.138813 -0.216820 0.619140
0.137807 -0.216063 0.619105
0.138213 -0.215973 0.620106
0.138388 -0.216650 0.620249
0.137469 -0.215784 0.620754
0.137207 -0.215563 0.621056
0.136497 -0.216261 0.620344
0.136660 -0.216023 0.622999
0.135417 -0.216140 0.622641
0.136195 -0.216896 0.621303
0.135596 -0.216168 0.623397
0.134957 -0.216718 0.623627
0.134546 -0.216774 0.624225
0.135009 -0.216854 0.623580
0.133931 -0.215957 0.624743
0.134493 -0.215992 0.625884
0.133676 -0.216241 0.626133
0.133331 -0.216790 0.626645
0.133997 -0.216734 0.626751
0.133154 -0.216189 0.626681
0.132193 -0.216895 0.627743
0.132289 -0.216013 0.626728
0.132458 -0.215823 0.628159
0.132669 -0.216194 0.628465
0.130828 -0.216624 0.628988
0.131123 -0.215718 0.628819
0.130866 -0.216763 0.629385
0.129954 -0.217419 0.630221
0.129458 -0.216750 0.630252
0.128976 -0.216785 0.629237
0.129185 -0.215994 0.630641
0.129381 -0.215581 0.631544
0.128306 -0.215954 0.631904
0.128162 -0.215754 0.632090
0.127117 -0.216442 0.632245
0.126723 -0.217035 0.632555
0.127197 -0.216828 0.633086
0.126082 -0.216933 0.633594
0.126248 -0.217233 0.632634
0.125814 -0.216768 0.633321
0.124678 -0.216462 0.635201
0.124157 -0.215500 0.633899
0.123965 -0.215904 0.634507
0.124021 -0.215770 0.635909
0.123941 -0.216870 0.634648
0.123277 -0.215834 0.635675
0.123054 -0.215778 0.634629
0.122938 -0.216301 0.636009
0.122282 -0.216482 0.635726
0.120645 -0.216165 0.635914
0.121174 -0.217187 0.636757
0.121462 -0.213159 0.563371
0.121283 -0.213211 0.563517
0.122086 -0.212723 0.563746
0.123004 -0.212131 0.564274
0.123422 -0.212764 0.563698
0.123791 -0.212508 0.563945
0.123694 -0.213716 0.564936
0.124937 -0.212863 0.564704
0.125142 -0.212677 0.565442
0.125416 -0.213051 0.566176
0.124349 -0.212676 0.565516
0.125985 -0.213336 0.565409
0.126445 -0.213618 0.565309
0.126457 -0.212289 0.567720
0.127729 -0.213902 0.567115
0.126847 -0.212852 0.566502
0.128033 -0.212855 0.568424
0.128703 -0.212903 0.567300
0.128752 -0.213286 0.568461
0.129423 -0.213920 0.568628
0.128694 -0.212843 0.569336
0.129715 -0.212747 0.569048
0.129606 -0.213000 0.569899
0.130199 -0.213427 0.569987
0.130686 -0.213531 0.570040
0.131191 -0.211812 0.570950
0.130725 -0.212157 0.571509
0.131105 -0.212809 0.571809
0.132472 -0.213420 0.572507
0.132082 -0.212810 0.571742
0.133218 -0.212841 0.572291
0.133132 -0.212593 0.573595
0.133650 -0.213898 0.572955
0.133491 -0.212869 0.573264
0.134368 -0.212729 0.573378
0.133509 -0.212370 0.573756
0.135465 -0.212140 0.574443
0.134906 -0.212448 0.574772
0.134023 -0.212216 0.575748
0.134394 -0.212436 0.576821
0.135737 -0.213033 0.576193
0.134934 -0.212612 0.577345
0.135306 -0.213471 0.577095
0.136059 -0.213062 0.578666
0.136580 -0.212455 0.578405
0.137298 -0.213081 0.579260
0.136671 -0.213881 0.579758
0.136636 -0.213589 0.580417
0.137351 -0.212967 0.580240
0.138010 -0.212498 0.580409
0.137499 -0.212509 0.580925
0.137938 -0.212681 0.581793
0.138519 -0.214064 0.582938
0.138594 -0.213722 0.582616
0.139492 -0.212406 0.582993
0.139270 -0.213907 0.581866
0.139856 -0.212882 0.583817
0.138615 -0.212151 0.583848
0.139999 -0.213723 0.583529
0.139870 -0.212742 0.584511
0.141171 -0.213274 0.586266
0.140675 -0.213727 0.586276
0.139834 -0.212884 0.586452
0.140931 -0.213357 0.587274
0.140968 -0.212407 0.587061
0.141091 -0.212594 0.588497
0.139676 -0.213953 0.587422
0.140716 -0.213639 0.588666
0.140978 -0.212460 0.589832
0.140971 -0.213079 0.588952
0.141032 -0.213104 0.590069
0.142443 -0.214279 0.590509
0.141542 -0.212571 0.591482
0.140787 -0.213499 0.592033
0.141802 -0.212436 0.592566
0.141725 -0.213177 0.593128
0.141561 -0.213136 0.593838
0.141773 -0.212765 0.592445
0.141656 -0.212995 0.594514
0.142044 -0.212969 0.594307
0.142142 -0.212607 0.594751
0.141536 -0.212491 0.596644
0.142992 -0.213326 0.596088
0.142113 -0.212711 0.597126
0.141996 -0.212675 0.597415
0.143140 -0.213061 0.597891
0.141535 -0.213199 0.598541
0.141802 -0.213400 0.598693
0.142279 -0.213450 0.598931
0.142728 -0.212270 0.600177
0.142614 -0.212293 0.599443
0.143032 -0.212930 0.600666
0.142127 -0.212979 0.601436
0.142100 -0.213448 0.601923
0.143181 -0.212396 0.602767
0.142049 -0.213215 0.602507
0.143303 -0.213198 0.603793
0.142720 -0.213394 0.603927
0.142955 -0.212615 0.604333
0.142773 -0.213664 0.604444
0.142187 -0.212590 0.605820
0.141794 -0.212926 0.606302
0.142616 -0.213263 0.605717
0.141777 -0.212773 0.605462
0.142585 -0.213060 0.607680
0.142531 -0.213164 0.606913
0.140846 -0.212126 0.607807
0.141575 -0.213647 0.608362
0.141627 -0.212699 0.609099
0.140865 -0.213072 0.609451
0.141871 -0.213261 0.609451
0.141346 -0.213420 0.611215
0.141675 -0.213151 0.610840
0.141213 -0.213779 0.612043
0.141411 -0.212840 0.612048
0.140286 -0.213387 0.612672
0.140615 -0.213247 0.613462
0.140123 -0.212463 0.612933
0.140313 -0.212637 0.614400
0.139835 -0.212929 0.614434
0.140371 -0.213392 0.614731
0.138745 -0.212125 0.615401
0.139287 -0.213006 0.616155
0.139109 -0.212814 0.615506
0.138441 -0.212363 0.616709
0.138067 -0.212899 0.617530
0.139454 -0.213343 0.617682
0.138056 -0.213802 0.617544
0.138220 -0.213223 0.618361
0.137773 -0.212852 0.620059
0.138086 -0.212448 0.620371
0.136877 -0.213568 0.619414
0.136689 -0.212411 0.619663
0.136763 -0.212473 0.620274
0.136986 -0.212538 0.620801
0.137206 -0.212618 0.621779
0.136284 -0.213432 0.622965
0.135814 -0.213077 0.622360
0.135753 -0.212659 0.622452
0.135550 -0.212460 0.622721
0.135274 -0.213577 0.623599
0.135128 -0.213366 0.625031
0.134014 -0.212360 0.624411
0.134595 -0.213440 0.625199
0.134356 -0.213768 0.625212
0.133728 -0.212522 0.625079
0.133911 -0.212782 0.626854
0.132567 -0.212460 0.625130
0.132267 -0.213110 0.626282
0.132977 -0.213204 0.627288
0.132257 -0.212601 0.627270
0.132467 -0.213047 0.628219
0.131933 -0.212690 0.627984
0.131015 -0.213242 0.628866
0.131056 -0.214034 0.628072
0.130995 -0.213522 0.629693
0.129865 -0.212755 0.629958
0.129382 -0.212363 0.630768
0.129833 -0.213858 0.630153
0.129442 -0.212476 0.630456
0.127549 -0.213462 0.631540
0.128062 -0.212226 0.631382
0.128909 -0.213522 0.631853
0.128102 -0.213393 0.633928
0.127959 -0.213158 0.632769
0.126793 -0.213049 0.633502
0.126673 -0.212100 0.633127
0.126630 -0.212636 0.634058
0.125632 -0.212718 0.633977
0.124670 -0.212532 0.634226
0.124601 -0.212594 0.634835
0.124384 -0.212699 0.635356
0.124367 -0.212910 0.634854
0.123306 -0.212423 0.635152
0.122900 -0.214399 0.635488
0.122609 -0.213059 0.635766
0.122406 -0.212741 0.636521
0.121880 -0.212794 0.636020
0.122069 -0.213064 0.636418
0.121394 -0.212940 0.636501
0.121365 -0.209239 0.563153
0.121389 -0.208999 0.563476
0.121676 -0.210044 0.563590
0.123091 -0.208978 0.564305
0.122343 -0.209772 0.564874
0.123772 -0.209462 0.564899
0.123645 -0.209399 0.565020
0.123793 -0.209073 0.564877
0.124934 -0.210061 0.566066
0.126105 -0.209844 0.565987
0.124949 -0.208636 0.565279
0.125642 -0.209825 0.567085
0.125683 -0.209395 0.567076
0.126737 -0.209800 0.566994
0.126722 -0.209251 0.567440
0.127466 -0.209116 0.567258
0.127583 -0.209456 0.568065
0.127882 -0.209297 0.568424
0.128507 -0.209655 0.568212
0.129489 -0.209951 0.569587
0.129040 -0.210318 0.569448
0.129635 -0.209812 0.569393
0.129800 -0.209253 0.569231
0.129759 -0.208987 0.570425
0.130512 -0.208843 0.570265
0.131986 -0.209944 0.571025
0.131409 -0.208848 0.571557
0.131881 -0.209258 0.572098
0.132485 -0.209876 0.571739
0.132413 -0.210363 0.571530
0.132759 -0.209382 0.572559
0.132532 -0.210031 0.573215
0.134085 -0.209769 0.573709
0.133490 -0.209722 0.574284
0.133065 -0.209868 0.574449
0.134188 -0.210379 0.575544
0.135625 -0.209894 0.575554
0.134955 -0.209539 0.574835
0.135357 -0.209412 0.575445
0.135774 -0.209894 0.576868
0.135632 -0.209798 0.577761
0.136541 -0.209231 0.576707
0.135912 -0.209301 0.577313
0.136039 -0.209362 0.578147
0.135976 -0.209168 0.578444
0.137890 -0.209601 0.578793
0.136756 -0.209269 0.579122
0.137407 -0.209051 0.580418
0.137716 -0.209712 0.580098
0.137306 -0.208905 0.580919
0.137397 -0.210172 0.580728
0.139048 -0.210274 0.581448
0.138547 -0.210114 0.581791
0.139433 -0.209007 0.581679
0.139084 -0.209587 0.583396
0.138476 -0.209543 0.583645
0.138723 -0.209608 0.583730
0.139665 -0.209885 0.585514
0.139966 -0.210111 0.584289
0.139273 -0.209535 0.585178
0.140351 -0.209429 0.585280
0.139932 -0.209292 0.586456
0.139678 -0.209832 0.586967
0.140160 -0.209523 0.586605
0.141184 -0.209736 0.587278
0.140996 -0.209646 0.588130
0.141527 -0.209568 0.588522
0.141807 -0.209630 0.588866
0.141640 -0.210163 0.590038
0.141234 -0.209881 0.589705
0.141061 -0.209209 0.590111
0.140494 -0.209895 0.591215
0.141498 -0.209897 0.590826
0.142276 -0.209867 0.592137
0.140802 -0.209730 0.591887
0.141744 -0.209514 0.592603
0.142153 -0.209030 0.593357
0.141462 -0.209102 0.593453
0.142101 -0.209055 0.594350
0.142097 -0.209692 0.594178
0.142022 -0.210199 0.595494
0.142053 -0.209590 0.596295
0.142734 -0.209434 0.596685
0.142728 -0.209585 0.597083
0.143097 -0.209713 0.597391
0.141651 -0.210000 0.597817
0.142253 -0.209467 0.598117
0.142389 -0.209608 0.598447
0.142826 -0.209940 0.599275
0.143125 -0.209518 0.599446
0.142242 -0.209300 0.600581
0.142146 -0.209892 0.601734
0.142063 -0.208829 0.601337
0.142147 -0.209702 0.601563
0.142263 -0.209394 0.601391
0.142937 -0.209355 0.602333
0.141598 -0.208744 0.602434
0.142486 -0.209306 0.603123
0.142883 -0.210353 0.603333
0.141606 -0.210001 0.605401
0.141564 -0.208644 0.605293
0.142611 -0.209328 0.605319
0.141891 -0.209358 0.606398
0.142959 -0.210043 0.606006
0.141268 -0.210250 0.607077
0.141957 -0.208615 0.607711
0.141392 -0.209519 0.609147
0.141348 -0.210026 0.608876
0.141863 -0.209220 0.609433
0.141895 -0.208667 0.610536
0.141797 -0.209389 0.609688
0.140847 -0.210269 0.610290
0.141111 -0.209164 0.610457
0.141583 -0.209679 0.610601
0.140927 -0.210052 0.611572
0.140581 -0.210144 0.612512
0.140551 -0.209028 0.612489
0.139702 -0.208302 0.613121
0.140819 -0.209656 0.613719
0.141062 -0.209154 0.614158
0.139697 -0.209215 0.614769
0.139917 -0.209743 0.615240
0.139599 -0.209666 0.615096
0.139332 -0.210070 0.616040
0.138857 -0.210110 0.617646
0.138130 -0.208985 0.616524
0.138435 -0.209141 0.617612
0.138575 -0.208629 0.618384
0.138885 -0.209478 0.618542
0.138062 -0.208760 0.617378
0.138019 -0.209323 0.618550
0.137703 -0.209700 0.619352
0.137451 -0.210150 0.621007
0.136465 -0.210184 0.620482
0.136853 -0.209262 0.621287
0.136647 -0.210884 0.621341
0.136312 -0.209115 0.621472
0.136291 -0.209787 0.622014
0.135819 -0.209698 0.622900
0.135524 -0.209140 0.623659
0.134754 -0.208828 0.624359
0.135442 -0.209488 0.625053
0.134547 -0.209455 0.624024
0.134542 -0.208984 0.624696
0.134557 -0.210048 0.625568
0.134685 -0.209692 0.625664
0.134109 -0.209059 0.626078
0.133369 -0.209549 0.626972
0.133266 -0.209424 0.626521
0.131876 -0.210511 0.627477
0.133826 -0.209259 0.628104
0.131947 -0.209364 0.627504
0.131698 -0.210158 0.628696
0.130692 -0.209056 0.628766
0.131322 -0.209352 0.628432
0.130003 -0.209027 0.629708
0.130709 -0.208510 0.630212
0.130763 -0.209627 0.629894
0.129695 -0.209486 0.630723
0.129639 -0.209118 0.631555
0.128677 -0.209872 0.631483
0.128921 -0.209385 0.631729
0.129084 -0.209291 0.631396
0.127512 -0.208717 0.632669
0.126681 -0.209994 0.632748
0.126824 -0.209311 0.632336
0.126593 -0.209405 0.633501
0.126267 -0.209576 0.633456
0.126096 -0.209214 0.633456
0.125047 -0.209500 0.633555
0.124895 -0.208375 0.634636
0.124381 -0.209820 0.634335
0.123676 -0.209706 0.635323
0.124264 -0.209168 0.634251
0.123501 -0.209955 0.635580
0.122911 -0.209750 0.635152
0.122478 -0.209594 0.636276
0.122130 -0.210036 0.637045
0.122493 -0.209733 0.635897
0.122409 -0.208763 0.637188
0.120468 -0.205356 0.563748
0.121368 -0.207414 0.564176
0.121804 -0.206142 0.564053
0.123106 -0.206313 0.564309
0.123123 -0.206277 0.564528
0.123280 -0.206304 0.564442
0.123020 -0.206529 0.564225
0.124547 -0.206980 0.566026
0.124684 -0.206230 0.564704
0.124751 -0.205395 0.565662
0.124601 -0.205789 0.566752
0.125563 -0.206246 0.567001
0.124977 -0.205601 0.566201
0.126790 -0.205596 0.567254
0.127241 -0.205564 0.566830
0.127450 -0.206590 0.567648
0.127491 -0.206685 0.567327
0.128584 -0.207103 0.567441
0.127530 -0.206854 0.567493
0.128147 -0.206852 0.569521
0.129202 -0.206668 0.568120
0.129140 -0.205579 0.569216
0.130299 -0.206100 0.569792
0.130082 -0.206348 0.569930
0.130212 -0.206249 0.570985
0.131189 -0.207040 0.571133
0.131446 -0.206547 0.571636
0.131899 -0.205326 0.570501
0.132293 -0.206808 0.572016
0.132510 -0.205518 0.572430
0.132168 -0.205851 0.572965
0.133472 -0.207604 0.573119
0.131703 -0.206124 0.573459
0.133091 -0.206046 0.573971
0.134351 -0.205537 0.574321
0.134013 -0.206634 0.575292
0.134374 -0.206358 0.575388
0.134406 -0.206360 0.575481
0.135477 -0.206772 0.575296
0.134958 -0.206597 0.575898
0.135913 -0.206499 0.577619
0.136297 -0.206231 0.577071
0.136423 -0.205038 0.577775
0.135863 -0.206219 0.579676
0.136134 -0.206384 0.578435
0.136574 -0.205559 0.578514
0.137045 -0.205977 0.579562
0.137218 -0.206160 0.579670
0.135853 -0.205863 0.580256
0.137725 -0.205777 0.579690
0.138661 -0.206527 0.580552
0.137727 -0.206045 0.581160
0.138827 -0.206947 0.582538
0.138563 -0.205313 0.582593
0.138660 -0.206361 0.581884
0.138947 -0.206866 0.582958
0.140339 -0.206767 0.584038
0.139717 -0.206382 0.584156
0.139295 -0.205317 0.584959
0.140335 -0.207127 0.585058
0.139422 -0.205676 0.585460
0.139752 -0.206187 0.586157
0.140258 -0.205427 0.587043
0.140564 -0.205924 0.586840
0.139898 -0.206244 0.586293
0.141220 -0.206453 0.587003
0.140951 -0.204881 0.588101
0.140953 -0.205987 0.588326
0.141927 -0.206421 0.589581
0.141709 -0.206287 0.590262
0.140598 -0.206934 0.590482
0.141156 -0.206540 0.590870
0.141922 -0.205553 0.592333
0.142441 -0.205727 0.591432
0.141367 -0.206829 0.592139
0.142035 -0.205173 0.592484
0.142325 -0.206463 0.593314
0.141175 -0.204955 0.593961
0.142141 -0.206152 0.593609
0.142658 -0.205986 0.595299
0.143108 -0.205762 0.595093
0.142194 -0.206895 0.597042
0.141687 -0.205532 0.595882
0.142576 -0.206164 0.596334
0.142948 -0.205773 0.597401
0.142954 -0.205252 0.597250
0.142276 -0.206846 0.597932
0.142391 -0.206302 0.598851
0.143385 -0.205714 0.599111
0.142833 -0.206457 0.600302
0.142330 -0.206242 0.599581
0.142275 -0.205164 0.599486
0.142460 -0.206521 0.600988
0.143125 -0.206594 0.600962
0.142340 -0.206284 0.602568
0.143127 -0.205849 0.603167
0.142042 -0.206663 0.603369
0.142608 -0.205803 0.603984
0.142001 -0.206583 0.604829
0.142681 -0.207176 0.604970
0.142393 -0.206638 0.604565
0.142540 -0.205999 0.605002
0.142007 -0.205615 0.605968
0.142822 -0.206922 0.607346
0.141770 -0.206711 0.607012
0.142239 -0.206883 0.608233
0.142057 -0.207427 0.608295
0.142223 -0.206597 0.607281
0.141920 -0.205688 0.609907
0.140897 -0.206774 0.609312
0.141924 -0.206723 0.610120
0.140296 -0.205467 0.610561
0.141089 -0.204479 0.611587
0.141197 -0.206218 0.611437
0.139981 -0.205763 0.611898
0.140517 -0.207039 0.613138
0.140551 -0.206128 0.612716
0.140612 -0.205757 0.613750
0.139608 -0.207126 0.613850
0.140247 -0.207515 0.613893
0.139542 -0.206206 0.615417
0.139419 -0.205759 0.615138
0.139957 -0.206563 0.615760
0.139723 -0.206232 0.614981
0.138905 -0.205996 0.616696
0.138304 -0.206505 0.617502
0.139124 -0.205995 0.617222
0.137972 -0.205132 0.617456
0.138857 -0.206169 0.618783
0.138218 -0.206371 0.619267
0.137311 -0.206422 0.619476
0.136224 -0.205538 0.619726
0.137183 -0.206792 0.620141
0.136346 -0.206800 0.620305
0.136828 -0.206291 0.620742
0.136308 -0.205959 0.621142
0.137096 -0.205931 0.621619
0.135363 -0.206206 0.622915
0.135861 -0.206213 0.622035
0.135941 -0.206829 0.624018
0.135277 -0.205420 0.623983
0.133966 -0.206304 0.624356
0.135424 -0.206326 0.624720
0.133541 -0.206154 0.624760
0.134430 -0.206297 0.625150
0.133751 -0.205924 0.626404
0.133984 -0.205674 0.625557
0.132487 -0.206803 0.625911
0.133177 -0.206307 0.626702
0.133757 -0.206379 0.627697
0.132301 -0.206796 0.626753
0.131639 -0.206019 0.628268
0.132273 -0.205956 0.629332
0.130929 -0.206583 0.629154
0.130882 -0.205667 0.629942
0.130815 -0.206389 0.628203
0.130145 -0.206061 0.629147
0.130149 -0.206080 0.630289
0.130056 -0.205415 0.630013
0.129138 -0.206040 0.631697
0.128901 -0.205871 0.631295
0.128608 -0.206069 0.632161
0.128404 -0.205718 0.631969
0.127605 -0.206230 0.632736
0.127423 -0.206987 0.632785
0.126384 -0.207356 0.632802
0.127459 -0.205780 0.633474
0.125767 -0.206783 0.632928
0.125585 -0.206611 0.633809
0.125506 -0.206695 0.634328
0.123865 -0.206537 0.634070
0.124194 -0.206348 0.634520
0.124302 -0.206035 0.634037
0.124226 -0.206009 0.635848
0.124094 -0.205328 0.636162
0.122944 -0.205462 0.635796
0.122356 -0.206158 0.636986
0.122668 -0.206114 0.636331
0.121251 -0.205729 0.634723
0.121323 -0.206376 0.636506
0.121707 -0.202993 0.563978
0.121049 -0.201758 0.563157
0.122485 -0.203133 0.563413
0.122558 -0.202468 0.563706
0.122590 -0.203124 0.563557
0.122717 -0.202766 0.564924
0.124185 -0.202893 0.564868
0.122894 -0.203293 0.564816
0.124801 -0.202646 0.565275
0.125009 -0.201750 0.565185
0.125431 -0.203097 0.565582
0.125624 -0.202791 0.565836
0.127135 -0.202955 0.566433
0.127369 -0.202080 0.567499
0.127547 -0.203813 0.566874
0.127199 -0.203251 0.568219
0.128208 -0.203312 0.567072
0.127279 -0.203518 0.568176
0.128770 -0.203166 0.569199
0.128712 -0.202669 0.568182
0.129036 -0.203533 0.569120
0.129959 -0.202975 0.569381
0.130505 -0.203093 0.570367
0.130420 -0.203203 0.569711
0.130709 -0.202393 0.570409
0.130287 -0.203141 0.571351
0.131452 -0.202984 0.571204
0.132640 -0.204215 0.570955
0.132507 -0.202531 0.572193
0.131863 -0.202399 0.571953
0.132304 -0.203329 0.573018
0.132286 -0.202587 0.572829
0.133563 -0.203103 0.574336
0.133378 -0.202933 0.573614
0.133538 -0.202908 0.574361
0.133314 -0.203247 0.574729
0.134027 -0.202902 0.575501
0.135167 -0.202250 0.575773
0.135705 -0.203698 0.575574
0.134782 -0.203178 0.576679
0.135505 -0.203868 0.577675
0.136272 -0.202840 0.576891
0.135601 -0.203445 0.576956
0.136692 -0.203667 0.578294
0.137234 -0.202912 0.579023
0.137209 -0.202870 0.578831
0.137975 -0.201949 0.578643
0.137412 -0.203673 0.579521
0.138223 -0.202758 0.579797
0.138206 -0.202501 0.580921
0.138534 -0.202720 0.581181
0.138521 -0.202525 0.582745
0.137923 -0.203346 0.581459
0.137733 -0.203386 0.581764
0.139234 -0.202410 0.582094
0.138976 -0.203591 0.582881
0.139327 -0.203053 0.583583
0.140117 -0.202685 0.583779
0.139163 -0.203682 0.584553
0.140437 -0.202373 0.584954
0.139371 -0.203198 0.584806
0.138801 -0.204221 0.586084
0.139844 -0.203733 0.586867
0.140769 -0.202234 0.586980
0.140196 -0.202563 0.586872
0.140499 -0.202348 0.587331
0.140871 -0.203129 0.587742
0.141837 -0.203556 0.588502
0.141027 -0.202389 0.589551
0.140821 -0.203361 0.590201
0.141288 -0.203012 0.590336
0.141594 -0.203047 0.591451
0.142594 -0.203352 0.591115
0.142060 -0.202708 0.591558
0.141304 -0.203235 0.592636
0.142294 -0.203372 0.592922
0.141354 -0.202285 0.593091
0.141727 -0.203404 0.594052
0.142565 -0.203591 0.594831
0.141735 -0.203097 0.594371
0.142701 -0.201920 0.594896
0.142771 -0.203017 0.596626
0.142448 -0.203151 0.597059
0.142459 -0.202668 0.597236
0.142199 -0.202679 0.597484
0.142630 -0.203755 0.597738
0.142889 -0.202448 0.598024
0.142522 -0.203164 0.598446
0.141855 -0.202802 0.599621
0.142581 -0.202485 0.599831
0.142662 -0.202817 0.600350
0.141938 -0.202986 0.600212
0.141889 -0.201900 0.600827
0.141921 -0.204776 0.601662
0.142424 -0.203940 0.602104
0.142653 -0.203439 0.603176
0.142297 -0.202637 0.602788
0.142363 -0.202605 0.604098
0.141969 -0.203141 0.604789
0.141925 -0.203157 0.604671
0.141641 -0.202331 0.604419
0.141728 -0.202625 0.605657
0.141494 -0.202543 0.606390
0.142016 -0.203322 0.606836
0.140873 -0.202443 0.607488
0.140878 -0.203629 0.607163
0.141639 -0.202092 0.607989
0.142213 -0.202642 0.608573
0.140979 -0.202397 0.609369
0.140677 -0.203229 0.610205
0.140858 -0.202400 0.610256
0.141348 -0.203040 0.610591
0.141660 -0.202523 0.609607
0.140452 -0.202312 0.610853
0.140510 -0.203282 0.612622
0.140086 -0.202577 0.612752
0.141341 -0.202583 0.613040
0.140487 -0.202880 0.613383
0.140605 -0.203850 0.613326
0.140191 -0.202085 0.614417
0.139623 -0.203022 0.614131
0.139789 -0.202327 0.615677
0.139717 -0.202259 0.615686
0.139561 -0.202799 0.615751
0.138942 -0.202888 0.617445
0.139029 -0.202779 0.617853
0.137928 -0.203648 0.617590
0.138719 -0.202710 0.618317
0.138440 -0.204045 0.618453
0.137527 -0.202435 0.619340
0.137282 -0.203065 0.618860
0.138446 -0.202647 0.620590
0.137893 -0.202886 0.620401
0.136511 -0.202873 0.620586
0.136432 -0.203691 0.621375
0.136143 -0.204539 0.621370
0.136888 -0.202342 0.622165
0.135787 -0.202881 0.622615
0.135362 -0.203337 0.622445
0.135440 -0.202989 0.622817
0.135432 -0.202816 0.624058
0.134286 -0.202197 0.622923
0.134745 -0.202614 0.624957
0.134727 -0.201866 0.624745
0.133345 -0.204133 0.625058
0.133675 -0.203618 0.626088
0.134022 -0.202813 0.626128
0.132557 -0.202649 0.627033
0.132701 -0.203034 0.626309
0.132869 -0.203342 0.627388
0.131708 -0.203099 0.627800
0.131793 -0.202861 0.627761
0.130912 -0.202454 0.627404
0.131072 -0.202566 0.628558
0.131091 -0.203453 0.629348
0.131230 -0.202784 0.628783
0.129863 -0.202079 0.630161
0.129704 -0.203134 0.630255
0.129558 -0.202476 0.630691
0.129460 -0.202053 0.630668
0.128134 -0.203143 0.631768
0.128482 -0.203042 0.631387
0.127103 -0.202891 0.631296
0.128520 -0.203355 0.631688
0.127037 -0.202533 0.631941
0.127003 -0.203385 0.634038
0.127004 -0.202938 0.632993
0.126352 -0.203611 0.633556
0.126558 -0.203622 0.633102
0.124726 -0.202751 0.633765
0.125060 -0.202214 0.634552
0.124401 -0.202291 0.633970
0.123908 -0.202451 0.634914
0.124781 -0.203656 0.634689
0.123355 -0.202833 0.635974
0.123155 -0.202493 0.636088
0.121962 -0.203009 0.635780
0.123151 -0.202802 0.636824
0.121583 -0.202734 0.636837
0.120874 -0.203176 0.637017
0.121481 -0.198944 0.562927
0.122098 -0.198983 0.563252
0.121721 -0.199857 0.563891
0.121494 -0.198791 0.562894
0.122510 -0.199734 0.564195
0.122984 -0.200229 0.564276
0.124592 -0.199600 0.565254
0.123673 -0.199254 0.565868
0.124696 -0.200029 0.565901
0.125640 -0.198955 0.565464
0.125329 -0.199689 0.565662
0.124594 -0.199198 0.566163
0.125357 -0.199188 0.565685
0.126795 -0.199154 0.567536
0.126182 -0.199602 0.567352
0.126879 -0.199124 0.567175
0.128278 -0.199438 0.568282
0.128365 -0.199824 0.568236
0.128710 -0.199314 0.568941
0.129084 -0.199002 0.568434
0.129877 -0.199247 0.568921
0.129607 -0.199974 0.569119
0.130357 -0.198991 0.569689
0.129277 -0.200001 0.570516
0.130818 -0.199279 0.569946
0.130788 -0.199346 0.571128
0.131076 -0.199608 0.571415
0.131253 -0.199996 0.571941
0.132001 -0.200137 0.572580
0.133059 -0.199221 0.572245
0.132679 -0.199272 0.572499
0.133113 -0.199920 0.573075
0.132557 -0.199784 0.573323
0.132494 -0.199484 0.574051
0.134185 -0.199232 0.574301
0.133536 -0.198903 0.574549
0.133517 -0.199981 0.574980
0.134882 -0.199459 0.576181
0.134235 -0.199633 0.575196
0.134709 -0.199015 0.576316
0.136458 -0.198890 0.577172
0.136185 -0.199894 0.576857
0.135956 -0.199837 0.577507
0.137254 -0.199315 0.577840
0.136372 -0.199425 0.579098
0.136932 -0.199678 0.579579
0.136948 -0.199958 0.578990
0.137099 -0.199935 0.579814
0.138412 -0.199579 0.579313
0.138024 -0.199177 0.580231
0.137601 -0.199111 0.582105
0.138025 -0.198489 0.582301
0.138686 -0.199676 0.581017
0.138814 -0.199990 0.583008
0.138704 -0.198967 0.582534
0.139404 -0.199702 0.583734
0.138651 -0.199807 0.583365
0.139414 -0.198365 0.584367
0.139474 -0.199917 0.585869
0.140892 -0.199488 0.584576
0.139020 -0.198995 0.586323
0.139708 -0.199504 0.586289
0.140648 -0.200022 0.586287
0.140136 -0.200203 0.587226
0.140319 -0.198757 0.587714
0.140556 -0.199577 0.587756
0.142215 -0.199613 0.588014
0.140860 -0.199769 0.588516
0.141478 -0.199346 0.589523
0.141761 -0.198973 0.589699
0.141981 -0.199290 0.590338
0.141726 -0.199473 0.590275
0.141517 -0.200351 0.591625
0.141149 -0.199439 0.591927
0.141319 -0.198975 0.592061
0.141998 -0.199894 0.593265
0.142754 -0.199252 0.593605
0.141700 -0.199328 0.593641
0.142862 -0.199805 0.594596
0.142300 -0.198758 0.595136
0.141276 -0.198816 0.594814
0.142703 -0.200336 0.595797
0.142627 -0.200751 0.595513
0.143535 -0.199630 0.597701
0.142512 -0.199799 0.597046
0.142269 -0.199562 0.598054
0.142467 -0.198841 0.598262
0.142063 -0.199256 0.598593
0.143025 -0.199377 0.598975
0.142710 -0.199843 0.599739
0.141928 -0.198394 0.600102
0.141955 -0.200628 0.601458
0.143282 -0.199345 0.600857
0.142557 -0.199787 0.601295
0.142685 -0.199157 0.601820
0.142907 -0.199747 0.601188
0.141700 -0.199161 0.603316
0.142789 -0.199232 0.604418
0.141781 -0.199064 0.605230
0.142036 -0.200129 0.604668
0.142414 -0.199152 0.605491
0.143660 -0.199922 0.605330
0.142408 -0.199766 0.605969
0.142027 -0.198685 0.606380
0.141192 -0.199306 0.607413
0.142582 -0.199500 0.607617
0.141561 -0.199528 0.607707
0.141594 -0.200120 0.608949
0.141468 -0.199345 0.608796
0.141388 -0.199783 0.610519
0.141564 -0.199618 0.610364
0.141497 -0.199425 0.609957
0.141957 -0.199522 0.610861
0.140683 -0.199099 0.611372
0.141039 -0.199364 0.612271
0.141136 -0.199779 0.611654
0.140239 -0.199406 0.613198
0.140542 -0.200001 0.613222
0.140002 -0.200301 0.613051
0.140652 -0.200116 0.614314
0.139465 -0.199555 0.614754
0.139267 -0.200184 0.615175
0.140784 -0.199190 0.615459
0.139652 -0.198862 0.615788
0.139049 -0.199225 0.616565
0.138665 -0.199168 0.617070
0.138519 -0.199678 0.617780
0.138906 -0.199734 0.618679
0.136926 -0.199467 0.618838
0.138965 -0.198779 0.618054
0.137742 -0.199453 0.618720
0.136924 -0.199917 0.619511
0.137554 -0.199432 0.619455
0.136684 -0.200375 0.621358
0.136608 -0.199676 0.621148
0.136346 -0.198863 0.621777
0.136753 -0.199632 0.622278
0.135743 -0.199167 0.622495
0.136303 -0.199808 0.622905
0.134345 -0.200231 0.623274
0.134796 -0.199574 0.624602
0.134597 -0.199034 0.623685
0.134695 -0.199286 0.624332
0.134154 -0.199043 0.625545
0.133488 -0.199779 0.625495
0.134579 -0.198452 0.625599
0.134095 -0.198853 0.625793
0.133230 -0.199753 0.626837
0.132822 -0.199218 0.626487
0.132058 -0.199402 0.627192
0.133091 -0.199193 0.628331
0.132383 -0.199037 0.626931
0.131233 -0.199900 0.628330
0.131409 -0.199104 0.628839
0.129809 -0.198673 0.629101
0.130773 -0.199672 0.629953
0.130620 -0.200099 0.629682
0.130262 -0.199144 0.630825
0.129446 -0.199330 0.630506
0.129316 -0.199691 0.631412
0.128363 -0.199386 0.630732
0.128787 -0.199402 0.632855
0.127857 -0.198428 0.631728
0.128143 -0.199149 0.631652
0.127448 -0.198948 0.631966
0.127651 -0.200210 0.633099
0.126185 -0.199878 0.633558
0.126658 -0.199164 0.633315
0.126047 -0.199569 0.634253
0.124491 -0.199382 0.634681
0.124815 -0.199729 0.633872
0.124636 -0.199663 0.635052
0.123622 -0.199343 0.634628
0.123045 -0.200040 0.634312
0.122180 -0.199876 0.636546
0.122539 -0.199371 0.635537
0.121901 -0.199349 0.635218
0.122627 -0.199996 0.637136
0.122110 -0.199375 0.636492
0.121099 -0.199599 0.636963
0.121540 -0.196030 0.563011
0.121829 -0.196456 0.564001
0.121781 -0.195714 0.563417
0.122796 -0.196079 0.564133
0.123483 -0.196269 0.563863
0.123347 -0.195550 0.565577
0.123561 -0.197108 0.564350
0.124703 -0.195792 0.565827
0.125067 -0.195171 0.565917
0.125349 -0.195094 0.565880
0.125558 -0.195536 0.565327
0.125547 -0.196385 0.566433
0.126339 -0.196877 0.567189
0.126910 -0.197354 0.567120
0.126490 -0.196746 0.566661
0.128356 -0.196486 0.567857
0.127881 -0.194899 0.567978
0.127832 -0.195636 0.568937
0.128577 -0.195607 0.568003
0.128213 -0.195583 0.568790
0.129506 -0.196397 0.568675
0.129356 -0.196360 0.569323
0.129714 -0.196494 0.570053
0.129812 -0.197413 0.570213
0.131261 -0.195666 0.570902
0.130719 -0.196661 0.570115
0.131278 -0.196211 0.571725
0.132366 -0.196774 0.571442
0.131586 -0.195949 0.572215
0.132204 -0.195781 0.572002
0.133333 -0.195664 0.573363
0.133526 -0.196121 0.572002
0.134365 -0.196781 0.573246
0.134325 -0.196049 0.573989
0.134457 -0.197088 0.574701
0.133299 -0.196319 0.575421
0.134647 -0.195959 0.574495
0.134843 -0.196487 0.575174
0.135595 -0.196183 0.576126
0.135082 -0.195651 0.575508
0.134945 -0.196257 0.575928
0.135939 -0.195914 0.577051
0.136257 -0.196106 0.578766
0.136660 -0.196931 0.578369
0.135858 -0.195473 0.579230
0.136086 -0.196187 0.578540
0.136868 -0.196530 0.579578
0.137481 -0.196516 0.578504
0.137511 -0.196516 0.581180
0.137750 -0.195901 0.580216
0.136847 -0.196246 0.580145
0.138841 -0.195926 0.582377
0.138240 -0.196237 0.582826
0.138927 -0.196062 0.582494
0.138632 -0.196617 0.582810
0.138791 -0.196730 0.582968
0.138973 -0.196864 0.583703
0.139844 -0.196622 0.584347
0.139385 -0.196548 0.584717
0.139005 -0.195969 0.584878
0.139726 -0.196131 0.586437
0.140040 -0.195875 0.585781
0.139759 -0.196275 0.586916
0.140651 -0.196261 0.587719
0.140621 -0.195354 0.587119
0.140737 -0.196303 0.587968
0.141087 -0.195966 0.588061
0.140330 -0.196479 0.588650
0.141081 -0.196042 0.589243
0.141707 -0.196361 0.589103
0.142040 -0.195685 0.590212
0.141958 -0.197545 0.590636
0.140696 -0.196124 0.591222
0.141641 -0.196194 0.591561
0.141665 -0.196637 0.592360
0.141880 -0.196746 0.593689
0.141304 -0.196436 0.592634
0.140886 -0.196297 0.594371
0.142671 -0.196340 0.594900
0.142332 -0.196301 0.594040
0.142855 -0.195343 0.595582
0.142027 -0.195862 0.595911
0.142164 -0.196220 0.596002
0.142791 -0.196582 0.595757
0.142650 -0.196083 0.597697
0.142199 -0.196015 0.598337
0.142212 -0.196676 0.597920
0.143055 -0.196557 0.598749
0.142449 -0.195843 0.599284
0.142829 -0.196591 0.600605
0.144466 -0.196016 0.600153
0.141760 -0.195588 0.600262
0.142966 -0.195327 0.601805
0.143290 -0.196757 0.600901
0.143159 -0.196056 0.602418
0.142000 -0.196572 0.602222
0.141512 -0.195753 0.603724
0.142575 -0.195706 0.603522
0.141313 -0.196567 0.604807
0.142727 -0.196395 0.604719
0.142669 -0.196111 0.604772
0.141776 -0.195984 0.605394
0.142356 -0.196285 0.606380
0.141686 -0.196050 0.606916
0.142195 -0.195747 0.608289
0.142057 -0.196220 0.607800
0.140849 -0.196321 0.607806
0.142124 -0.196034 0.609342
0.141685 -0.196437 0.609236
0.141014 -0.195939 0.609885
0.141187 -0.196413 0.609588
0.141438 -0.196676 0.611163
0.141610 -0.196073 0.611353
0.141556 -0.195860 0.611513
0.140529 -0.196096 0.612139
0.140657 -0.195848 0.611580
0.139891 -0.196708 0.613025
0.139967 -0.196406 0.614124
0.141189 -0.196088 0.613546
0.139545 -0.196076 0.613500
0.139997 -0.196656 0.615640
0.139332 -0.196238 0.614806
0.139919 -0.196835 0.615793
0.139086 -0.196161 0.616190
0.139050 -0.195937 0.616749
0.138911 -0.196452 0.616628
0.138215 -0.196547 0.616660
0.138336 -0.196379 0.617889
0.138448 -0.195776 0.618184
0.137749 -0.196461 0.619516
0.137678 -0.196752 0.619046
0.138132 -0.195895 0.619860
0.137465 -0.196796 0.619931
0.137898 -0.196544 0.620671
0.137258 -0.196576 0.621345
0.135508 -0.196375 0.621057
0.135804 -0.196592 0.621726
0.134815 -0.195780 0.621927
0.136603 -0.196018 0.622945
0.136149 -0.196315 0.623686
0.134625 -0.195777 0.623188
0.135203 -0.195709 0.624322
0.134387 -0.195735 0.624014
0.134622 -0.196168 0.625309
0.134671 -0.196169 0.624856
0.133423 -0.196387 0.625482
0.133386 -0.196244 0.625705
0.132728 -0.197192 0.626185
0.133592 -0.196804 0.626740
0.132211 -0.196919 0.627225
0.132155 -0.195937 0.628433
0.131288 -0.194463 0.628318
0.131819 -0.195763 0.628480
0.131894 -0.196606 0.627985
0.130374 -0.196180 0.629168
0.130354 -0.195478 0.629855
0.130592 -0.195811 0.630003
0.130841 -0.196682 0.630893
0.130095 -0.197049 0.630380
0.129221 -0.195491 0.630908
0.128876 -0.196349 0.631135
0.129113 -0.196304 0.631090
0.127946 -0.196249 0.631068
0.127368 -0.196120 0.632376
0.127287 -0.195705 0.632047
0.127080 -0.196075 0.631644
0.126992 -0.195996 0.633247
0.126514 -0.196782 0.632651
0.125024 -0.196570 0.634345
0.125748 -0.196167 0.633768
0.125337 -0.196976 0.634904
0.124309 -0.195915 0.634583
0.123597 -0.195852 0.636009
0.123838 -0.196226 0.634807
0.123290 -0.195661 0.634630
0.123130 -0.196771 0.636055
0.123095 -0.196310 0.635316
0.121893 -0.195717 0.636027
0.121427 -0.196406 0.637046
0.121329 -0.196056 0.636111
0.122014 -0.192274 0.562561
0.120749 -0.192792 0.563288
0.122438 -0.192836 0.564449
0.123118 -0.192789 0.563898
0.123613 -0.192711 0.564247
0.123603 -0.192516 0.565214
0.122936 -0.193115 0.564350
0.125143 -0.192472 0.565075
0.125104 -0.193932 0.565198
0.124799 -0.193705 0.565551
0.124900 -0.193175 0.566313
0.126318 -0.192705 0.566448
0.125814 -0.192371 0.566773
0.126222 -0.193429 0.567228
0.126719 -0.192853 0.567612
0.127302 -0.191883 0.567390
0.126357 -0.192288 0.567658
0.127268 -0.192760 0.567982
0.128301 -0.191819 0.567672
0.128565 -0.193337 0.568131
0.129302 -0.192452 0.569520
0.129596 -0.193657 0.569489
0.129988 -0.193458 0.569791
0.131015 -0.192235 0.570061
0.130452 -0.192819 0.570327
0.131361 -0.193481 0.570803
0.131357 -0.193259 0.571783
0.131836 -0.192228 0.571835
0.131554 -0.193158 0.572547
0.132001 -0.192171 0.572664
0.132466 -0.192736 0.573160
0.132942 -0.193018 0.573699
0.133402 -0.192362 0.573418
0.133692 -0.193088 0.573483
0.133544 -0.193393 0.574503
0.134226 -0.192122 0.575054
0.133879 -0.192683 0.575374
0.133438 -0.192956 0.575442
0.134842 -0.192030 0.575731
0.135798 -0.193242 0.576406
0.135496 -0.192135 0.576486
0.135175 -0.191851 0.576319
0.136258 -0.193081 0.577568
0.136630 -0.193865 0.578397
0.136548 -0.192296 0.578318
0.137595 -0.192597 0.578504
0.137350 -0.192537 0.579216
0.136842 -0.193300 0.579321
0.137236 -0.193099 0.579657
0.137535 -0.193190 0.581299
0.137560 -0.192838 0.580425
0.138907 -0.192848 0.581986
0.137888 -0.192931 0.581322
0.139396 -0.191671 0.582301
0.139205 -0.192809 0.583619
0.138910 -0.192605 0.582871
0.139139 -0.192850 0.584225
0.139639 -0.193031 0.584479
0.139813 -0.193174 0.584498
0.140152 -0.192972 0.584841
0.140639 -0.192786 0.585588
0.141018 -0.193073 0.586221
0.139682 -0.192403 0.585979
0.139718 -0.192728 0.587101
0.141536 -0.192633 0.587316
0.140597 -0.193006 0.588253
0.140622 -0.193075 0.588279
0.141464 -0.192990 0.589054
0.140187 -0.192678 0.589771
0.140747 -0.193582 0.590584
0.141714 -0.193528 0.590271
0.141575 -0.192221 0.591418
0.142040 -0.192050 0.591226
0.141765 -0.193014 0.592225
0.142959 -0.192634 0.592085
0.141077 -0.192178 0.593345
0.142693 -0.193589 0.593562
0.141253 -0.193872 0.593563
0.141834 -0.193078 0.594180
0.142175 -0.192042 0.594349
0.141634 -0.193417 0.595181
0.141331 -0.192438 0.595214
0.141934 -0.193313 0.596248
0.141841 -0.192944 0.597062
0.142950 -0.192179 0.596948
0.142584 -0.193413 0.597929
0.142432 -0.192955 0.598714
0.143062 -0.193517 0.598901
0.142270 -0.192564 0.599030
0.142578 -0.191972 0.600150
0.141803 -0.191957 0.599291
0.141970 -0.193114 0.600725
0.142721 -0.192665 0.601269
0.142430 -0.192986 0.601953
0.142033 -0.191936 0.601577
0.142104 -0.191932 0.602893
0.141880 -0.192397 0.603621
0.142374 -0.192774 0.604475
0.141806 -0.192607 0.604243
0.141302 -0.192796 0.604236
0.142415 -0.192413 0.606054
0.141708 -0.192106 0.604773
0.141420 -0.191966 0.605983
0.142139 -0.193078 0.605786
0.142355 -0.193071 0.607672
0.141751 -0.192355 0.608900
0.141848 -0.192581 0.607460
0.141942 -0.193484 0.608218
0.141189 -0.192746 0.608483
0.141710 -0.193478 0.610428
0.141372 -0.192842 0.610121
0.141026 -0.192705 0.609934
0.141167 -0.192194 0.609729
0.139961 -0.191880 0.611791
0.140248 -0.193227 0.611601
0.140107 -0.192408 0.612220
0.139905 -0.193551 0.612890
0.140484 -0.191904 0.612452
0.140223 -0.193565 0.614541
0.139021 -0.192678 0.614765
0.139629 -0.193186 0.615011
0.140255 -0.192395 0.615530
0.140483 -0.192656 0.615912
0.138850 -0.192860 0.616595
0.138689 -0.192906 0.616891
0.138650 -0.193748 0.617226
0.139115 -0.192906 0.617804
0.137706 -0.192325 0.617805
0.138251 -0.193232 0.619312
0.138156 -0.191674 0.618705
0.138034 -0.192559 0.618530
0.137330 -0.192987 0.620650
0.137513 -0.193206 0.620470
0.136181 -0.192665 0.620755
0.137565 -0.192800 0.620291
0.136924 -0.191667 0.621246
0.136408 -0.193153 0.622059
0.135324 -0.192171 0.623587
0.135346 -0.192603 0.622574
0.135621 -0.192217 0.623648
0.136095 -0.192549 0.623826
0.136460 -0.192172 0.624299
0.134532 -0.192490 0.625109
0.134820 -0.192753 0.624942
0.134206 -0.193184 0.624826
0.133106 -0.193033 0.626417
0.133616 -0.193332 0.625689
0.132300 -0.192678 0.626978
0.132441 -0.193219 0.626764
0.132836 -0.192589 0.627246
0.132599 -0.192896 0.627757
0.132707 -0.192989 0.627832
0.132128 -0.192937 0.628389
0.130537 -0.193083 0.628757
0.131123 -0.192412 0.629537
0.130849 -0.192691 0.629780
0.130582 -0.192040 0.629799
0.130007 -0.191969 0.630630
0.129028 -0.192884 0.630518
0.129270 -0.193338 0.630062
0.129259 -0.192775 0.631327
0.128155 -0.192261 0.631213
0.129106 -0.192834 0.632821
0.127892 -0.192647 0.632854
0.127311 -0.192598 0.632953
0.126208 -0.192653 0.632720
0.127003 -0.193015 0.633557
0.125919 -0.193221 0.633277
0.126605 -0.193383 0.633369
0.125669 -0.193438 0.634453
0.124721 -0.193040 0.633585
0.124389 -0.192258 0.634473
0.124329 -0.192534 0.635358
0.123438 -0.192450 0.635927
0.123428 -0.193181 0.635489
0.122319 -0.192526 0.635108
0.122329 -0.192378 0.635469
0.121970 -0.192333 0.635683
0.121464 -0.192847 0.635874
0.121450 -0.192314 0.637205
0.120856 -0.188861 0.563548
0.121602 -0.189137 0.563270
0.122182 -0.188888 0.563871
0.123121 -0.189596 0.563915
0.122517 -0.189349 0.564421
0.122180 -0.190081 0.564601
0.123655 -0.190265 0.564576
0.124917 -0.189259 0.564355
0.124499 -0.190344 0.565228
0.124781 -0.189039 0.565365
0.124947 -0.189414 0.566917
0.125444 -0.189103 0.565802
0.125725 -0.189295 0.566326
0.126932 -0.189128 0.567154
0.126954 -0.188982 0.567147
0.127626 -0.190240 0.567466
0.127802 -0.189173 0.567782
0.128441 -0.189690 0.567645
0.128551 -0.189538 0.568476
0.127990 -0.190092 0.569469
0.129554 -0.189223 0.569856
0.129583 -0.188844 0.569259
0.130994 -0.190552 0.569798
0.129103 -0.189297 0.570588
0.130837 -0.189313 0.570562
0.130787 -0.189670 0.570987
0.131402 -0.188670 0.571428
0.131929 -0.189235 0.571343
0.131555 -0.188819 0.571443
0.132494 -0.189003 0.572029
0.133516 -0.189144 0.572721
0.132759 -0.188673 0.572454
0.133474 -0.189560 0.574274
0.133643 -0.189619 0.574489
0.133662 -0.188754 0.574680
0.134314 -0.188927 0.574520
0.134772 -0.189646 0.575252
0.134113 -0.188786 0.574540
0.134437 -0.189212 0.575988
0.135722 -0.190159 0.576066
0.135727 -0.189551 0.576744
0.136063 -0.189396 0.576678
0.135250 -0.189697 0.577024
0.135500 -0.189158 0.578465
0.136539 -0.188731 0.579081
0.137112 -0.190324 0.578742
0.137829 -0.189659 0.579726
0.137674 -0.189713 0.579463
0.137720 -0.190089 0.580247
0.137850 -0.189729 0.580345
0.137390 -0.190286 0.580510
0.139399 -0.189422 0.581507
0.138250 -0.189230 0.582645
0.138421 -0.189598 0.582664
0.139031 -0.189105 0.581793
0.138717 -0.188433 0.582952
0.139567 -0.188780 0.584139
0.139818 -0.189721 0.583109
0.139545 -0.189085 0.584735
0.139982 -0.189688 0.584843
0.139861 -0.189152 0.586940
0.140200 -0.189577 0.586168
0.140653 -0.189202 0.586579
0.140143 -0.189554 0.587492
0.141121 -0.189930 0.587947
0.140263 -0.188323 0.588232
0.141389 -0.189418 0.588550
0.141797 -0.190433 0.588763
0.141846 -0.189623 0.589486
0.140838 -0.188713 0.588992
0.140190 -0.189327 0.590583
0.141207 -0.190347 0.590986
0.141583 -0.189445 0.590981
0.141353 -0.188881 0.592296
0.141817 -0.189342 0.592688
0.142741 -0.190437 0.593366
0.141880 -0.189896 0.593158
0.142193 -0.189586 0.593809
0.142092 -0.189866 0.594369
0.142147 -0.189390 0.595053
0.142475 -0.189445 0.595443
0.142630 -0.189273 0.596420
0.141990 -0.189868 0.595326
0.142716 -0.189565 0.596596
0.143147 -0.188965 0.597104
0.142316 -0.189306 0.598344
0.142434 -0.189338 0.597382
0.142720 -0.189515 0.598215
0.141720 -0.189088 0.598499
0.143619 -0.190499 0.599484
0.141710 -0.189662 0.600981
0.142025 -0.190292 0.600942
0.142819 -0.189345 0.600318
0.142675 -0.189974 0.601667
0.143287 -0.190000 0.602798
0.142616 -0.190217 0.603698
0.141826 -0.189492 0.602990
0.142773 -0.189774 0.603137
0.142872 -0.189649 0.604356
0.142427 -0.188934 0.604573
0.141975 -0.189477 0.605081
0.142380 -0.189517 0.605176
0.141627 -0.189396 0.606245
0.141700 -0.189584 0.606743
0.142005 -0.189706 0.606836
0.142366 -0.189950 0.607617
0.141854 -0.189729 0.608486
0.141069 -0.188862 0.608996
0.141450 -0.189197 0.608912
0.141748 -0.188911 0.609257
0.141468 -0.189498 0.610709
0.140789 -0.188945 0.610658
0.141135 -0.189671 0.611438
0.141638 -0.189761 0.612047
0.141767 -0.190473 0.612652
0.140743 -0.189664 0.611842
0.140277 -0.189447 0.613388
0.139610 -0.188967 0.613056
0.140789 -0.189453 0.613409
0.139973 -0.189727 0.614918
0.139686 -0.189718 0.614934
0.140540 -0.189557 0.615097
0.138815 -0.188946 0.615242
0.138962 -0.189638 0.616369
0.139510 -0.190033 0.616298
0.139145 -0.189133 0.617378
0.139353 -0.188495 0.617457
0.137827 -0.189972 0.617788
0.138502 -0.190025 0.618360
0.138129 -0.189149 0.619769
0.138776 -0.190623 0.618989
0.138110 -0.188704 0.619840
0.137492 -0.189268 0.620096
0.137600 -0.190014 0.620214
0.137507 -0.189341 0.620584
0.135705 -0.188497 0.621857
0.135778 -0.189832 0.621877
0.136550 -0.189109 0.621593
0.136622 -0.188983 0.622691
0.134780 -0.189542 0.623620
0.134803 -0.189009 0.623925
0.134774 -0.189165 0.624717
0.134870 -0.189818 0.624371
0.134126 -0.189487 0.625612
0.133672 -0.188295 0.624689
0.135354 -0.188746 0.625707
0.133190 -0.189190 0.624940
0.132718 -0.188528 0.626406
0.132975 -0.190629 0.626634
0.131782 -0.189810 0.626857
0.131770 -0.188627 0.627205
0.132040 -0.188946 0.628684
0.131862 -0.190188 0.628974
0.131361 -0.188885 0.629052
0.131216 -0.189398 0.629038
0.129821 -0.190066 0.629552
0.130345 -0.189287 0.630039
0.129859 -0.189775 0.629657
0.129616 -0.189701 0.630074
0.129018 -0.189322 0.630334
0.129146 -0.188464 0.631113
0.129000 -0.189108 0.631188
0.129169 -0.189428 0.631902
0.127751 -0.189293 0.632448
0.127618 -0.189420 0.632364
0.127660 -0.189354 0.632234
0.126529 -0.189155 0.633363
0.125982 -0.189501 0.632902
0.125936 -0.189093 0.634730
0.125018 -0.189276 0.634115
0.123941 -0.188747 0.634937
0.124844 -0.189222 0.634568
0.124370 -0.189297 0.635081
0.123324 -0.190387 0.634360
0.123839 -0.188473 0.636064
0.122941 -0.190032 0.635848
0.122170 -0.189252 0.636086
0.121477 -0.189026 0.636610
0.122152 -0.189360 0.636321
0.121828 -0.189383 0.637197
0.121223 -0.186583 0.562992
0.121029 -0.186508 0.563230
0.121797 -0.184921 0.563238
0.122328 -0.185848 0.564984
0.122982 -0.185762 0.564114
0.122910 -0.186367 0.564952
0.123726 -0.186036 0.564761
0.124818 -0.185259 0.565079
0.124350 -0.186242 0.564613
0.124857 -0.185756 0.565911
0.125114 -0.186058 0.565725
0.125819 -0.185551 0.566357
0.125825 -0.186249 0.566188
0.126641 -0.186216 0.566176
0.126672 -0.185705 0.566592
0.126843 -0.185910 0.568480
0.127881 -0.186469 0.567632
0.128342 -0.185312 0.568870
0.127965 -0.186299 0.568331
0.128844 -0.185742 0.568955
0.129150 -0.185305 0.569166
0.128843 -0.186045 0.569236
0.129827 -0.185131 0.570065
0.129626 -0.185977 0.570400
0.130404 -0.185620 0.570286
0.131303 -0.186336 0.570486
0.131723 -0.186787 0.572261
0.131561 -0.187065 0.571010
0.131518 -0.187151 0.572745
0.133608 -0.186398 0.572610
0.133615 -0.186274 0.573077
0.133414 -0.186858 0.573282
0.133796 -0.185988 0.573615
0.134162 -0.185380 0.573877
0.132894 -0.186210 0.574278
0.134165 -0.185956 0.574355
0.134462 -0.186768 0.576234
0.134564 -0.186272 0.576191
0.134942 -0.185948 0.577014
0.134848 -0.186028 0.576497
0.136020 -0.186420 0.576498
0.134991 -0.185616 0.576974
0.135835 -0.185902 0.578132
0.135988 -0.187005 0.577511
0.136882 -0.185942 0.578020
0.137028 -0.186246 0.578867
0.136691 -0.186742 0.579387
0.137579 -0.186056 0.578915
0.137903 -0.185555 0.579863
0.137745 -0.186106 0.580427
0.138026 -0.185584 0.581320
0.137359 -0.186213 0.581387
0.137910 -0.187314 0.582359
0.138867 -0.185852 0.582241
0.139497 -0.185218 0.583442
0.139427 -0.185246 0.583405
0.139572 -0.186665 0.583583
0.139973 -0.185600 0.584552
0.139618 -0.186892 0.584430
0.140244 -0.186855 0.585318
0.139612 -0.186321 0.585043
0.140814 -0.185970 0.586075
0.141547 -0.186401 0.586679
0.140829 -0.185944 0.587102
0.139911 -0.186396 0.587126
0.140208 -0.185902 0.587238
0.141388 -0.185590 0.588352
0.141065 -0.185862 0.588381
0.141058 -0.185490 0.589338
0.141995 -0.185719 0.589752
0.141233 -0.185597 0.590320
0.141947 -0.187155 0.590647
0.140826 -0.185847 0.591313
0.142312 -0.186497 0.592536
0.142331 -0.186396 0.593053
0.142413 -0.186534 0.592998
0.142028 -0.185861 0.593284
0.142592 -0.186141 0.593995
0.141995 -0.186331 0.593372
0.142376 -0.186105 0.594907
0.142242 -0.186392 0.594771
0.142268 -0.186831 0.595366
0.142360 -0.186159 0.596273
0.141726 -0.186322 0.596216
0.142909 -0.186081 0.597215
0.142758 -0.185446 0.597181
0.142622 -0.186533 0.597829
0.142249 -0.186421 0.599126
0.142588 -0.186630 0.598928
0.142213 -0.185505 0.600373
0.143638 -0.186878 0.600120
0.143481 -0.185989 0.600950
0.142551 -0.186165 0.602257
0.141900 -0.185024 0.601686
0.143442 -0.186375 0.602193
0.141761 -0.186094 0.603006
0.142505 -0.185923 0.603034
0.142661 -0.185684 0.605031
0.141968 -0.185511 0.605029
0.143063 -0.185887 0.604793
0.142403 -0.185634 0.605077
0.142245 -0.185540 0.606242
0.142153 -0.186474 0.606544
0.141868 -0.186441 0.606911
0.141636 -0.186449 0.607114
0.140887 -0.186084 0.607888
0.141569 -0.186190 0.608029
0.142155 -0.184901 0.608167
0.140810 -0.185542 0.608478
0.140955 -0.185769 0.609548
0.140843 -0.185664 0.609341
0.141883 -0.186487 0.610674
0.140869 -0.185394 0.610582
0.140499 -0.185715 0.612294
0.140727 -0.185926 0.612481
0.140598 -0.185707 0.611716
0.140055 -0.185722 0.613037
0.139853 -0.186345 0.614002
0.139453 -0.186428 0.614566
0.140323 -0.186274 0.614263
0.140038 -0.186833 0.615593
0.139116 -0.186164 0.615606
0.139252 -0.185328 0.615706
0.139276 -0.185207 0.615891
0.138828 -0.185530 0.616196
0.138861 -0.185745 0.617266
0.139076 -0.186062 0.617864
0.137905 -0.186759 0.619110
0.138190 -0.185205 0.617880
0.137967 -0.185779 0.620046
0.138571 -0.186402 0.620112
0.137974 -0.185818 0.620812
0.137439 -0.186081 0.619240
0.137427 -0.186781 0.621189
0.136035 -0.186341 0.621996
0.136523 -0.186309 0.621972
0.135531 -0.185601 0.622140
0.136486 -0.186419 0.622220
0.134989 -0.185111 0.622819
0.134872 -0.186269 0.622505
0.134513 -0.186243 0.623483
0.134669 -0.185303 0.623689
0.135002 -0.186449 0.624541
0.133461 -0.186388 0.624229
0.134763 -0.186185 0.624842
0.134382 -0.185213 0.625661
0.133314 -0.185817 0.626277
0.132719 -0.186533 0.628037
0.132629 -0.185763 0.626742
0.131915 -0.185886 0.627002
0.132006 -0.185323 0.627688
0.132020 -0.187207 0.628171
0.131624 -0.186417 0.628165
0.131556 -0.186521 0.628715
0.130009 -0.186431 0.628782
0.130565 -0.184783 0.631094
0.129593 -0.185320 0.630347
0.130620 -0.185496 0.630174
0.129847 -0.185528 0.630035
0.129193 -0.185851 0.631798
0.129310 -0.186527 0.631465
0.128461 -0.186155 0.631563
0.127928 -0.185696 0.632185
0.127790 -0.185771 0.631741
0.127634 -0.185770 0.632433
0.127127 -0.186414 0.632985
0.126193 -0.185088 0.632903
0.126523 -0.186101 0.633970
0.125535 -0.185986 0.633606
0.125403 -0.185858 0.635277
0.125800 -0.186487 0.634505
0.125191 -0.185350 0.635086
0.124319 -0.185918 0.635353
0.123626 -0.185646 0.635619
0.123367 -0.186727 0.635688
0.122737 -0.185880 0.635654
0.122626 -0.186166 0.636587
0.121682 -0.185353 0.636445
0.121531 -0.185460 0.637790
0.120783 -0.186325 0.636917
0.121581 -0.182506 0.563582
0.121515 -0.182019 0.563558
0.123327 -0.182944 0.563735
0.122684 -0.182826 0.564479
0.122383 -0.182966 0.565289
0.123324 -0.182700 0.565224
0.123473 -0.183523 0.564583
0.123628 -0.181824 0.565271
0.124377 -0.182190 0.565824
0.124349 -0.182472 0.565226
0.125900 -0.182035 0.566410
0.125955 -0.182739 0.566979
0.125970 -0.181539 0.566380
0.126541 -0.183454 0.567367
0.126783 -0.182754 0.566995
0.127668 -0.183172 0.566907
0.127687 -0.182627 0.567687
0.127834 -0.181486 0.567774
0.128422 -0.182518 0.569119
0.129014 -0.184071 0.569531
0.129100 -0.182768 0.568924
0.129380 -0.182202 0.569715
0.130106 -0.182789 0.570136
0.130616 -0.182779 0.569678
0.131474 -0.182192 0.570005
0.131111 -0.182349 0.571431
0.131750 -0.182777 0.571487
0.132669 -0.182581 0.572095
0.132560 -0.182417 0.571745
0.131857 -0.182470 0.572491
0.132590 -0.183450 0.572195
0.132955 -0.181876 0.572830
0.133119 -0.183116 0.574431
0.134052 -0.183263 0.573781
0.133425 -0.182654 0.574227
0.134989 -0.183217 0.574405
0.134328 -0.182828 0.575208
0.134745 -0.182325 0.574645
0.134941 -0.182722 0.576947
0.135454 -0.183315 0.576368
0.135118 -0.182517 0.576225
0.136165 -0.182799 0.576583
0.135910 -0.181847 0.576847
0.136222 -0.182390 0.578449
0.136272 -0.182393 0.578958
0.136666 -0.182225 0.578211
0.137604 -0.182461 0.578766
0.136540 -0.182003 0.579399
0.138349 -0.182345 0.580358
0.137979 -0.182406 0.580610
0.137488 -0.182597 0.581192
0.138197 -0.183195 0.581013
0.138206 -0.182742 0.581554
0.139324 -0.182894 0.582570
0.138420 -0.182536 0.583015
0.139167 -0.183211 0.583641
0.139022 -0.182342 0.583552
0.139351 -0.182255 0.584242
0.139675 -0.183185 0.584961
0.140031 -0.182257 0.585489
0.140285 -0.182292 0.585675
0.139807 -0.182935 0.585935
0.140064 -0.183136 0.586856
0.139452 -0.182271 0.586810
0.140857 -0.182834 0.587322
0.139698 -0.183235 0.587850
0.140775 -0.182516 0.588323
0.141498 -0.181969 0.588600
0.140410 -0.183010 0.589734
0.141846 -0.182795 0.590169
0.141256 -0.183926 0.589792
0.141311 -0.181961 0.590321
0.141411 -0.182755 0.591182
0.141696 -0.181821 0.591139
0.142168 -0.182543 0.592283
0.141565 -0.182993 0.593590
0.142654 -0.182947 0.592990
0.142085 -0.182479 0.594055
0.141859 -0.183359 0.593522
0.141887 -0.182080 0.594450
0.142366 -0.182949 0.595281
0.142805 -0.182368 0.595738
0.142475 -0.183205 0.595510
0.142440 -0.183156 0.596681
0.142177 -0.182771 0.598075
0.142695 -0.181706 0.597837
0.142434 -0.182769 0.599384
0.142842 -0.181906 0.599458
0.142713 -0.182770 0.598833
0.142439 -0.182132 0.600203
0.142236 -0.183018 0.600372
0.142809 -0.182056 0.601907
0.141867 -0.183263 0.600736
0.142707 -0.182213 0.601873
0.142513 -0.183021 0.602083
0.142184 -0.182434 0.602258
0.142564 -0.182622 0.602729
0.142189 -0.182033 0.604343
0.142603 -0.182380 0.603216
0.141894 -0.181975 0.604715
0.142673 -0.181968 0.604018
0.142213 -0.182232 0.605596
0.142649 -0.182745 0.606183
0.142117 -0.182237 0.606535
0.142143 -0.182612 0.607119
0.141397 -0.182863 0.607664
0.140918 -0.183334 0.608114
0.141726 -0.182295 0.608244
0.141283 -0.182400 0.609342
0.141184 -0.181805 0.608907
0.141199 -0.182587 0.609727
0.141510 -0.181969 0.610874
0.141080 -0.182341 0.610898
0.141134 -0.182310 0.612056
0.139869 -0.183048 0.612247
0.140968 -0.182658 0.612233
0.140407 -0.183163 0.612432
0.140569 -0.183009 0.612948
0.141153 -0.182834 0.613489
0.140008 -0.181156 0.614336
0.140346 -0.181797 0.615282
0.139317 -0.182775 0.615909
0.140246 -0.183934 0.616347
0.139176 -0.182483 0.616729
0.138878 -0.182422 0.617920
0.139816 -0.183318 0.617458
0.137906 -0.183310 0.617998
0.138000 -0.182922 0.618169
0.138603 -0.183294 0.618076
0.138013 -0.183348 0.619335
0.138253 -0.182053 0.618998
0.137865 -0.183384 0.619819
0.136915 -0.182530 0.620124
0.136314 -0.182149 0.619828
0.137603 -0.182148 0.621621
0.136734 -0.182350 0.621238
0.135940 -0.183868 0.622240
0.135433 -0.182978 0.621997
0.136244 -0.182572 0.621830
0.135740 -0.182357 0.622916
0.134689 -0.182546 0.623124
0.135000 -0.182488 0.624722
0.133668 -0.182908 0.623710
0.134355 -0.183282 0.624112
0.133811 -0.182459 0.624825
0.133595 -0.182881 0.626784
0.134074 -0.183591 0.625879
0.133505 -0.182196 0.627235
0.133499 -0.183043 0.626686
0.133407 -0.183139 0.626602
0.132292 -0.183036 0.627389
0.131776 -0.182419 0.628729
0.131306 -0.182877 0.628132
0.130984 -0.182410 0.628337
0.131795 -0.183329 0.629559
0.131659 -0.182282 0.629271
0.129847 -0.183355 0.629631
0.129864 -0.183052 0.630702
0.129318 -0.182724 0.630294
0.129356 -0.182645 0.630157
0.128142 -0.182371 0.631466
0.128350 -0.183611 0.631808
0.128460 -0.181667 0.631782
0.127658 -0.182061 0.631915
0.127749 -0.182875 0.632751
0.127433 -0.183089 0.632996
0.126881 -0.183027 0.633466
0.126499 -0.182909 0.632976
0.126128 -0.182841 0.633863
0.126365 -0.182877 0.634773
0.125499 -0.182483 0.633820
0.124514 -0.182610 0.634701
0.124107 -0.183416 0.633684
0.123465 -0.183642 0.634675
0.123120 -0.182457 0.635322
0.122562 -0.182745 0.634744
0.122563 -0.183080 0.636010
0.122098 -0.182895 0.637168
0.121411 -0.182615 0.636887
0.121338 -0.181499 0.636550
0.121132 -0.179451 0.563617
0.121250 -0.179554 0.563213
0.122424 -0.179085 0.563835
0.122868 -0.178946 0.563801
0.122947 -0.179062 0.565135
0.122980 -0.179242 0.564192
0.123800 -0.179139 0.564710
0.125353 -0.179083 0.563923
0.124437 -0.179747 0.566582
0.124740 -0.179142 0.565330
0.125346 -0.179498 0.565736
0.125343 -0.178704 0.566455
0.126269 -0.178820 0.566862
0.126500 -0.179158 0.567037
0.126400 -0.179971 0.567089
0.126842 -0.178869 0.567748
0.127325 -0.179065 0.567553
0.128684 -0.179678 0.567558
0.129443 -0.180225 0.568502
0.128285 -0.179107 0.568706
0.129661 -0.178905 0.568383
0.129235 -0.179973 0.568350
0.129572 -0.179795 0.569100
0.130934 -0.178693 0.569961
0.130908 -0.178440 0.570491
0.130692 -0.179203 0.570872
0.131808 -0.179300 0.570736
0.131324 -0.179450 0.571075
0.131750 -0.180400 0.572196
0.132670 -0.179067 0.571546
0.132176 -0.179215 0.571335
0.132936 -0.179023 0.573455
0.132665 -0.178796 0.574247
0.133662 -0.178885 0.574449
0.134347 -0.179945 0.574920
0.133969 -0.179544 0.574154
0.134169 -0.179772 0.574999
0.135129 -0.179636 0.574870
0.135336 -0.178220 0.575634
0.134581 -0.179564 0.576641
0.135610 -0.179718 0.576570
0.135732 -0.178808 0.576622
0.136641 -0.179636 0.577958
0.136644 -0.179583 0.577989
0.136495 -0.179276 0.578428
0.137196 -0.180119 0.578529
0.137917 -0.179786 0.579206
0.136413 -0.178249 0.580240
0.138122 -0.178944 0.580897
0.138252 -0.180029 0.580096
0.137273 -0.179809 0.581405
0.138060 -0.179348 0.581461
0.139111 -0.179085 0.582912
0.139234 -0.179680 0.581897
0.138612 -0.179209 0.582547
0.138459 -0.178936 0.583216
0.140181 -0.179487 0.584566
0.139157 -0.180268 0.583910
0.140751 -0.178816 0.585073
0.139892 -0.179707 0.586010
0.139999 -0.179244 0.585368
0.140108 -0.179252 0.586399
0.140676 -0.179269 0.586813
0.139747 -0.179314 0.586661
0.140464 -0.178500 0.587327
0.140388 -0.179048 0.587426
0.140187 -0.179126 0.588502
0.140645 -0.179836 0.588350
0.140833 -0.178050 0.589055
0.140809 -0.179279 0.590513
0.140295 -0.179819 0.590642
0.141206 -0.179134 0.590612
0.141576 -0.179824 0.591168
0.141764 -0.179400 0.592711
0.141849 -0.179755 0.591812
0.141183 -0.179308 0.593018
0.142273 -0.180406 0.592428
0.142461 -0.177991 0.594287
0.142519 -0.179592 0.594039
0.142362 -0.179749 0.594056
0.142343 -0.179929 0.594721
0.141069 -0.179083 0.596005
0.142337 -0.179812 0.595875
0.142201 -0.179291 0.596532
0.142097 -0.179558 0.596728
0.141864 -0.179274 0.597418
0.142466 -0.179030 0.597819
0.142602 -0.179193 0.598691
0.143390 -0.179518 0.600095
0.142997 -0.179326 0.600171
0.142443 -0.178489 0.600531
0.143416 -0.179689 0.600414
0.143796 -0.179250 0.601020
0.141924 -0.179145 0.602199
0.143007 -0.179239 0.601818
0.142575 -0.179498 0.601915
0.142684 -0.179736 0.602900
0.142636 -0.179415 0.603371
0.141548 -0.178415 0.603420
0.142451 -0.179346 0.604165
0.142067 -0.179399 0.605430
0.142233 -0.178665 0.606039
0.141555 -0.178681 0.606310
0.141137 -0.178586 0.606293
0.141738 -0.179175 0.607567
0.141916 -0.178485 0.607181
0.141505 -0.179454 0.609061
0.142409 -0.179954 0.609163
0.141428 -0.180634 0.609553
0.140498 -0.180345 0.609974
0.141610 -0.179498 0.609533
0.141159 -0.179761 0.610440
0.140763 -0.179421 0.610460
0.140515 -0.179075 0.610747
0.141009 -0.179284 0.611496
0.140051 -0.179826 0.612259
0.140052 -0.178915 0.612490
0.140449 -0.179636 0.613683
0.140473 -0.179870 0.613636
0.140034 -0.178897 0.614410
0.140136 -0.179491 0.614699
0.139015 -0.180321 0.614820
0.139743 -0.179135 0.615535
0.139770 -0.179098 0.615405
0.139467 -0.179353 0.616487
0.138534 -0.179207 0.617477
0.138350 -0.179175 0.616864
0.138229 -0.178949 0.618520
0.137991 -0.178905 0.618313
0.138031 -0.179667 0.620740
0.137730 -0.179454 0.619124
0.138178 -0.178330 0.619387
0.137440 -0.179557 0.620411
0.136899 -0.178419 0.620504
0.137362 -0.178793 0.620946
0.137311 -0.179325 0.621324
0.135908 -0.179147 0.622224
0.135530 -0.179369 0.621705
0.134864 -0.178633 0.622176
0.134888 -0.179214 0.622857
0.135108 -0.179557 0.623441
0.135386 -0.178980 0.624326
0.135466 -0.179787 0.624514
0.135220 -0.179396 0.625777
0.134371 -0.180038 0.625047
0.134026 -0.179211 0.625834
0.133684 -0.179926 0.626102
0.133434 -0.179222 0.627119
0.132637 -0.178385 0.627472
0.133034 -0.179557 0.627470
0.132989 -0.178863 0.628628
0.131115 -0.179671 0.626831
0.131580 -0.179105 0.628326
0.131836 -0.178753 0.627963
0.130957 -0.179308 0.628157
0.131058 -0.179590 0.628523
0.130143 -0.179138 0.629738
0.130059 -0.179177 0.629700
0.129877 -0.180058 0.630092
0.128456 -0.178857 0.632188
0.128549 -0.178738 0.631134
0.128118 -0.179567 0.631203
0.127917 -0.179789 0.631600
0.127488 -0.178745 0.632569
0.128071 -0.178046 0.631388
0.125617 -0.179051 0.633063
0.126218 -0.179390 0.632368
0.126122 -0.179773 0.634790
0.125785 -0.179011 0.634798
0.125531 -0.179498 0.634118
0.124546 -0.178674 0.633546
0.124025 -0.178724 0.634091
0.123490 -0.179539 0.634778
0.123995 -0.179267 0.635435
0.123980 -0.179886 0.635832
0.123876 -0.179070 0.636056
0.122530 -0.179429 0.635588
0.121480 -0.178847 0.636370
0.121976 -0.179666 0.636713
0.121591 -0.179300 0.637106
0.120448 -0.175881 0.562286
0.121443 -0.175798 0.563995
0.122747 -0.176054 0.563478
0.122702 -0.175405 0.564332
0.123079 -0.176116 0.563776
0.123065 -0.175855 0.564766
0.122627 -0.175813 0.564673
0.124541 -0.176047 0.565561
0.124355 -0.176313 0.565688
0.124858 -0.176244 0.564474
0.124878 -0.174826 0.566002
0.125830 -0.176414 0.566232
0.126090 -0.175637 0.566834
0.126132 -0.176486 0.566524
0.127403 -0.176290 0.567308
0.127875 -0.176619 0.566689
0.127203 -0.176311 0.568514
0.127693 -0.175821 0.568397
0.128805 -0.176607 0.568471
0.128348 -0.176626 0.568072
0.128902 -0.176137 0.570053
0.130282 -0.176986 0.569268
0.130204 -0.175470 0.570806
0.130314 -0.175594 0.570386
0.131089 -0.176403 0.569815
0.131766 -0.176593 0.570937
0.130856 -0.175895 0.570987
0.132187 -0.176343 0.571331
0.131840 -0.176435 0.571588
0.132419 -0.175676 0.573200
0.132164 -0.175360 0.573005
0.133329 -0.175555 0.573375
0.133511 -0.175125 0.573497
0.133605 -0.176023 0.574301
0.134699 -0.176841 0.574980
0.134492 -0.174920 0.574722
0.133830 -0.175411 0.575016
0.134957 -0.175591 0.576382
0.134675 -0.177129 0.576461
0.135056 -0.176121 0.576312
0.135112 -0.175825 0.576723
0.135991 -0.177058 0.576534
0.137410 -0.176710 0.578237
0.136881 -0.176249 0.578003
0.136511 -0.176958 0.577333
0.137284 -0.176219 0.578427
0.136638 -0.175663 0.579345
0.137366 -0.176001 0.579657
0.137018 -0.175858 0.580748
0.137469 -0.175936 0.580509
0.137994 -0.175673 0.580881
0.137562 -0.175557 0.580813
0.138098 -0.176114 0.582121
0.138489 -0.175763 0.582700
0.138649 -0.176407 0.582673
0.138672 -0.176085 0.584381
0.139207 -0.176482 0.584303
0.139770 -0.175450 0.583531
0.139504 -0.176178 0.585046
0.139071 -0.175448 0.584725
0.140862 -0.176140 0.586083
0.140417 -0.176318 0.585483
0.140307 -0.175971 0.586622
0.139944 -0.176451 0.586197
0.140595 -0.175415 0.587609
0.140261 -0.176163 0.588189
0.141618 -0.176606 0.588767
0.140951 -0.176231 0.589389
0.141296 -0.176300 0.589045
0.142359 -0.176380 0.589666
0.142641 -0.176071 0.590598
0.141818 -0.175756 0.590815
0.142651 -0.176441 0.590342
0.142882 -0.176290 0.591296
0.142384 -0.175425 0.592622
0.142004 -0.176346 0.593259
0.142167 -0.176500 0.593133
0.141873 -0.176240 0.592859
0.141178 -0.176027 0.594452
0.141962 -0.175453 0.593885
0.142118 -0.175638 0.595146
0.141652 -0.175561 0.595860
0.142207 -0.175200 0.595470
0.142014 -0.176146 0.597163
0.141998 -0.175975 0.596376
0.142419 -0.176390 0.597040
0.142406 -0.176379 0.598008
0.142314 -0.175876 0.598661
0.141991 -0.176117 0.598483
0.141982 -0.176283 0.599941
0.143199 -0.174840 0.600144
0.141534 -0.176257 0.601461
0.142879 -0.175800 0.601244
0.142730 -0.176718 0.601070
0.142500 -0.176337 0.601975
0.142479 -0.176458 0.602932
0.142250 -0.175879 0.603501
0.142234 -0.175883 0.603404
0.141653 -0.176335 0.604364
0.142001 -0.175816 0.605889
0.142021 -0.175794 0.605078
0.142477 -0.175985 0.605295
0.142038 -0.175939 0.606122
0.141930 -0.176050 0.606855
0.141565 -0.175658 0.607283
0.141332 -0.176522 0.607819
0.141723 -0.175648 0.608083
0.141541 -0.176750 0.608044
0.141670 -0.176153 0.609006
0.141625 -0.176507 0.609147
0.140602 -0.175927 0.609994
0.140237 -0.174858 0.610869
0.141516 -0.175905 0.611576
0.140402 -0.176650 0.611324
0.140376 -0.175879 0.612400
0.140366 -0.176010 0.612262
0.140419 -0.175478 0.613236
0.140754 -0.174835 0.613518
0.140322 -0.175757 0.613705
0.140154 -0.176653 0.613744
0.139818 -0.175991 0.614765
0.139938 -0.175709 0.615652
0.139452 -0.176240 0.615767
0.138436 -0.176293 0.616031
0.138403 -0.176416 0.616292
0.138084 -0.175844 0.616901
0.139195 -0.176381 0.618160
0.138112 -0.176079 0.617321
0.137274 -0.175607 0.618242
0.137630 -0.175835 0.618133
0.138001 -0.175929 0.619441
0.137025 -0.176706 0.619974
0.137768 -0.175714 0.620667
0.137150 -0.176283 0.621244
0.137111 -0.175350 0.620791
0.136662 -0.175507 0.621085
0.136654 -0.176059 0.621312
0.135143 -0.175715 0.621734
0.136257 -0.175934 0.622611
0.135910 -0.175729 0.623161
0.134845 -0.176829 0.623741
0.134563 -0.176671 0.624093
0.134167 -0.175160 0.623264
0.134827 -0.176330 0.623705
0.134582 -0.176540 0.626537
0.133041 -0.176270 0.626183
0.133129 -0.174693 0.626264
0.132520 -0.175970 0.625898
0.133485 -0.175387 0.627160
0.132029 -0.176014 0.627943
0.131922 -0.176610 0.627087
0.132463 -0.175388 0.627265
0.131049 -0.176701 0.628702
0.130883 -0.175672 0.629052
0.130826 -0.175149 0.628771
0.131077 -0.176291 0.629170
0.129869 -0.175372 0.630215
0.130241 -0.175732 0.630053
0.130149 -0.175553 0.630607
0.130634 -0.175858 0.630330
0.128505 -0.175511 0.631911
0.129340 -0.175393 0.631237
0.128119 -0.175225 0.631783
0.128308 -0.175174 0.632759
0.128112 -0.175829 0.632974
0.125729 -0.175447 0.633462
0.126482 -0.175414 0.633859
0.126353 -0.175770 0.633168
0.125744 -0.176150 0.633673
0.124928 -0.175469 0.634331
0.124613 -0.175960 0.634542
0.124781 -0.176221 0.634603
0.124366 -0.176138 0.634537
0.123525 -0.175601 0.635205
0.123474 -0.175658 0.635458
0.123095 -0.176419 0.634972
0.123043 -0.176629 0.635507
0.122093 -0.175606 0.636112
0.121547 -0.176032 0.636059
0.121794 -0.175138 0.636864
0.121174 -0.172412 0.563267
0.121362 -0.172660 0.563559
0.122405 -0.173475 0.563380
0.122475 -0.172944 0.564378
0.123077 -0.173270 0.564701
0.122800 -0.172559 0.564570
0.124050 -0.172902 0.564463
0.124313 -0.173031 0.564677
0.124849 -0.173655 0.565877
0.124461 -0.172184 0.565467
0.125126 -0.173423 0.566301
0.124908 -0.173114 0.565850
0.124988 -0.172305 0.567033
0.126679 -0.172946 0.567636
0.127001 -0.172539 0.567255
0.127070 -0.172588 0.566493
0.127743 -0.173214 0.568324
0.128117 -0.172390 0.567800
0.128860 -0.172623 0.568339
0.129026 -0.173029 0.569663
0.128562 -0.172601 0.569434
0.130254 -0.173227 0.568635
0.129604 -0.172120 0.569602
0.130292 -0.172762 0.570160
0.130411 -0.172253 0.570125
0.132016 -0.173167 0.570843
0.131365 -0.172750 0.570876
0.132412 -0.173185 0.570106
0.132596 -0.172806 0.572380
0.132861 -0.172016 0.572138
0.131921 -0.172638 0.573229
0.133654 -0.173655 0.573491
0.134178 -0.171545 0.574547
0.133271 -0.173123 0.573912
0.134018 -0.172777 0.574072
0.134436 -0.172653 0.574797
0.135211 -0.172305 0.574607
0.135850 -0.172464 0.576111
0.134758 -0.173227 0.576469
0.134913 -0.172751 0.576089
0.135917 -0.172394 0.576434
0.135379 -0.173033 0.578463
0.136505 -0.172933 0.577605
0.136262 -0.172655 0.578187
0.136485 -0.173295 0.578480
0.137854 -0.172105 0.579298
0.137271 -0.172529 0.579309
0.137763 -0.172373 0.579608
0.137411 -0.172722 0.580121
0.138073 -0.173034 0.581150
0.138725 -0.172508 0.582024
0.137794 -0.173749 0.581159
0.138410 -0.173420 0.582574
0.138106 -0.173842 0.583227
0.138348 -0.172640 0.583065
0.138258 -0.172760 0.582197
0.139154 -0.172569 0.583442
0.139477 -0.173224 0.583403
0.139818 -0.172360 0.584710
0.139341 -0.173098 0.585170
0.139972 -0.173118 0.584811
0.140330 -0.171956 0.586768
0.140207 -0.173131 0.586434
0.139353 -0.172734 0.586527
0.140203 -0.173250 0.587971
0.139770 -0.172689 0.587392
0.140423 -0.172401 0.588464
0.140635 -0.172260 0.588765
0.141214 -0.172621 0.589123
0.141248 -0.172718 0.589907
0.141015 -0.172113 0.590700
0.141287 -0.172160 0.590653
0.141190 -0.172588 0.591234
0.141323 -0.172599 0.591765
0.141248 -0.172916 0.593244
0.141774 -0.172547 0.592190
0.142493 -0.172853 0.592867
0.141687 -0.172235 0.593466
0.141330 -0.172132 0.594094
0.141090 -0.172387 0.594655
0.141916 -0.173294 0.595572
0.142594 -0.172913 0.595962
0.142913 -0.172114 0.596452
0.141768 -0.172556 0.596448
0.142790 -0.172027 0.597188
0.143037 -0.171591 0.597805
0.142585 -0.172749 0.598767
0.142206 -0.173324 0.599511
0.142170 -0.171953 0.599455
0.142669 -0.171802 0.599618
0.143180 -0.171676 0.599779
0.143766 -0.172342 0.601392
0.141828 -0.173074 0.601471
0.141565 -0.172998 0.601526
0.144065 -0.172685 0.601823
0.141506 -0.172935 0.602476
0.141493 -0.172168 0.603637
0.142052 -0.172643 0.605133
0.141634 -0.171721 0.603995
0.141794 -0.173587 0.605139
0.141671 -0.172625 0.605189
0.141570 -0.173044 0.604837
0.143081 -0.172992 0.606461
0.142031 -0.172454 0.607581
0.141249 -0.173024 0.606570
0.142625 -0.173161 0.607507
0.142447 -0.173010 0.608196
0.141480 -0.173516 0.608958
0.141562 -0.173201 0.609072
0.140899 -0.172157 0.609924
0.140845 -0.173891 0.610185
0.141677 -0.172468 0.611001
0.141071 -0.172975 0.610756
0.140942 -0.172023 0.611763
0.140867 -0.172016 0.612044
0.140895 -0.171887 0.612161
0.140114 -0.172175 0.612722
0.139670 -0.172665 0.614221
0.139607 -0.173083 0.614043
0.140118 -0.172806 0.614404
0.139331 -0.171647 0.614976
0.139044 -0.171661 0.615902
0.139480 -0.172276 0.616253
0.139053 -0.172618 0.616677
0.138660 -0.173039 0.616187
0.138915 -0.173044 0.617126
0.138653 -0.172198 0.616463
0.139134 -0.171769 0.618398
0.137238 -0.172426 0.618548
0.136852 -0.173116 0.619041
0.136459 -0.172196 0.619217
0.138387 -0.172437 0.619412
0.137632 -0.173179 0.619721
0.137795 -0.172359 0.620603
0.136639 -0.171947 0.620683
0.136761 -0.172430 0.622814
0.136143 -0.171563 0.622787
0.135698 -0.172799 0.622427
0.135667 -0.172755 0.623072
0.134587 -0.173408 0.623734
0.136230 -0.173176 0.623470
0.134843 -0.173178 0.624655
0.135824 -0.172848 0.624627
0.134286 -0.172506 0.623940
0.134947 -0.172510 0.625481
0.133878 -0.171662 0.625193
0.132976 -0.173127 0.626458
0.133997 -0.171823 0.627135
0.131855 -0.171922 0.627462
0.132752 -0.173033 0.626634
0.132540 -0.172623 0.626900
0.132154 -0.172098 0.627349
0.131440 -0.173200 0.628578
0.131036 -0.172665 0.628540
0.131281 -0.172186 0.629692
0.130490 -0.172619 0.629362
0.130180 -0.172609 0.629133
0.129273 -0.172516 0.629043
0.129055 -0.172348 0.630567
0.129503 -0.172880 0.630977
0.128399 -0.172343 0.631418
0.128163 -0.173338 0.630959
0.128192 -0.172496 0.631771
0.127447 -0.172888 0.631732
0.126419 -0.172140 0.632813
0.127367 -0.173120 0.633668
0.126613 -0.172343 0.632712
0.125770 -0.172461 0.633492
0.125608 -0.172278 0.633069
0.125161 -0.172119 0.634264
0.125543 -0.172808 0.634677
0.125002 -0.172981 0.634695
0.124626 -0.172146 0.635364
0.122588 -0.172490 0.635624
0.122616 -0.172539 0.635768
0.123473 -0.172690 0.635746
0.122880 -0.172756 0.636498
0.122311 -0.172423 0.636048
0.121727 -0.172695 0.637120
0.120853 -0.173212 0.636400
0.121925 -0.168969 0.563509
0.121443 -0.168846 0.563620
0.121400 -0.169452 0.563860
0.122761 -0.169737 0.563201
0.123101 -0.168574 0.564048
0.123620 -0.168575 0.564101
0.123651 -0.168908 0.565007
0.124047 -0.169192 0.565089
0.123727 -0.169563 0.566161
0.125129 -0.169574 0.565409
0.125787 -0.169022 0.565884
0.126091 -0.169362 0.566723
0.126612 -0.169341 0.567276
0.126132 -0.168790 0.567610
0.126747 -0.169693 0.566444
0.126795 -0.169489 0.566978
0.127407 -0.168496 0.567380
0.128208 -0.168782 0.568008
0.128201 -0.168827 0.569080
0.128493 -0.169668 0.569787
0.129293 -0.168373 0.568882
0.129628 -0.169719 0.569005
0.129796 -0.169758 0.570367
0.131220 -0.169255 0.570117
0.130885 -0.169725 0.570178
0.131432 -0.169790 0.571641
0.131474 -0.170062 0.572072
0.131806 -0.169907 0.571280
0.131647 -0.170817 0.572815
0.132147 -0.168599 0.572131
0.132509 -0.169415 0.572791
0.133389 -0.169572 0.572975
0.132288 -0.170244 0.574110
0.133407 -0.170152 0.574148
0.134034 -0.169232 0.573966
0.133806 -0.169415 0.576179
0.134114 -0.169659 0.575505
0.135416 -0.169063 0.575269
0.134917 -0.169541 0.575497
0.135567 -0.168713 0.576195
0.135953 -0.168969 0.576674
0.136479 -0.168737 0.576675
0.136576 -0.169070 0.577892
0.135575 -0.169890 0.577623
0.137042 -0.168774 0.577692
0.137308 -0.168910 0.578799
0.138516 -0.169873 0.578862
0.137147 -0.169059 0.578846
0.136965 -0.169110 0.579373
0.137629 -0.168697 0.579888
0.137443 -0.169012 0.581726
0.138867 -0.169709 0.582189
0.138870 -0.169546 0.581907
0.138815 -0.169690 0.582688
0.138783 -0.168912 0.583115
0.139036 -0.169188 0.584000
0.139480 -0.169360 0.584102
0.139092 -0.168955 0.584880
0.140453 -0.169266 0.584877
0.140231 -0.170413 0.584201
0.139743 -0.169371 0.586402
0.141106 -0.169152 0.586131
0.140090 -0.169148 0.586088
0.140405 -0.169050 0.586551
0.140491 -0.169515 0.587501
0.140930 -0.168835 0.588316
0.140548 -0.169148 0.588637
0.141231 -0.168995 0.588729
0.141199 -0.170123 0.589722
0.141521 -0.169191 0.590426
0.141192 -0.169288 0.591011
0.142101 -0.168906 0.590763
0.142281 -0.168833 0.590686
0.140600 -0.169194 0.592854
0.142215 -0.170499 0.591930
0.141735 -0.169917 0.593641
0.142062 -0.169200 0.593750
0.142181 -0.169767 0.593618
0.142184 -0.169079 0.593965
0.142839 -0.168084 0.594829
0.142288 -0.169178 0.595610
0.142462 -0.170531 0.596911
0.142536 -0.170729 0.595437
0.141458 -0.168206 0.596376
0.142314 -0.168976 0.596690
0.142493 -0.169627 0.597792
0.142439 -0.168694 0.597621
0.142974 -0.168979 0.599200
0.142310 -0.169524 0.599254
0.142287 -0.168931 0.599162
0.142902 -0.169104 0.599502
0.142889 -0.168691 0.600757
0.141920 -0.169969 0.601045
0.142556 -0.169254 0.601675
0.141754 -0.169528 0.601822
0.141867 -0.169571 0.603971
0.141432 -0.169208 0.603244
0.141673 -0.168441 0.603520
0.141943 -0.169476 0.604268
0.142150 -0.170033 0.605150
0.142172 -0.168563 0.605835
0.141750 -0.169766 0.606214
0.141776 -0.169664 0.605768
0.141673 -0.169945 0.606230
0.142120 -0.168588 0.606700
0.142166 -0.169031 0.607526
0.142485 -0.168453 0.608475
0.140920 -0.169788 0.609326
0.141470 -0.169017 0.610130
0.141921 -0.169116 0.610257
0.141788 -0.169217 0.609441
0.142035 -0.169763 0.610530
0.141440 -0.168707 0.611684
0.140583 -0.169313 0.611533
0.139911 -0.169724 0.611411
0.140259 -0.169189 0.612261
0.140297 -0.169766 0.612641
0.139867 -0.169215 0.613906
0.139613 -0.169612 0.613822
0.139573 -0.169072 0.615127
0.139838 -0.168735 0.615827
0.140364 -0.169864 0.615421
0.139601 -0.169340 0.615876
0.139107 -0.170013 0.615409
0.138054 -0.169001 0.616107
0.139337 -0.169524 0.617301
0.139767 -0.169884 0.617849
0.138381 -0.169257 0.618031
0.138625 -0.169195 0.618881
0.137406 -0.168640 0.618909
0.137217 -0.169146 0.619944
0.137803 -0.169097 0.620127
0.137826 -0.169552 0.620602
0.136799 -0.168648 0.620376
0.137581 -0.169312 0.621008
0.136273 -0.170050 0.620976
0.137054 -0.169622 0.622107
0.135896 -0.169804 0.621482
0.135905 -0.168985 0.622266
0.134597 -0.168074 0.622941
0.134744 -0.169511 0.623759
0.135417 -0.168261 0.624222
0.134232 -0.169141 0.625135
0.134184 -0.168800 0.624244
0.134406 -0.169009 0.626044
0.133612 -0.169117 0.626593
0.134106 -0.169441 0.625778
0.133133 -0.169333 0.626222
0.133425 -0.169147 0.627787
0.132303 -0.168722 0.627622
0.132464 -0.169259 0.628309
0.131227 -0.169893 0.628190
0.133206 -0.168659 0.627890
0.132242 -0.168869 0.628344
0.130203 -0.169216 0.628945
0.131049 -0.169790 0.629749
0.130818 -0.169519 0.629291
0.130562 -0.169593 0.630597
0.130578 -0.169146 0.630965
0.129474 -0.169167 0.631373
0.129797 -0.169014 0.631723
0.128381 -0.169159 0.631876
0.128253 -0.169088 0.631490
0.128066 -0.168944 0.632901
0.127070 -0.169484 0.632800
0.127024 -0.169157 0.632920
0.126097 -0.169281 0.632750
0.126375 -0.169605 0.633911
0.125334 -0.168779 0.633696
0.125481 -0.169669 0.633843
0.123922 -0.169109 0.634751
0.124470 -0.170182 0.634300
0.124848 -0.168843 0.634790
0.123017 -0.168607 0.635592
0.122726 -0.169131 0.635766
0.123445 -0.169310 0.635753
0.123346 -0.168776 0.635290
0.121986 -0.168942 0.636063
0.121230 -0.169499 0.636325
0.121119 -0.169552 0.635800
0.121955 -0.165880 0.563291
0.121470 -0.166941 0.563326
0.122044 -0.165715 0.564322
0.122425 -0.165006 0.563601
0.123203 -0.167043 0.565083
0.123388 -0.166299 0.564368
0.123746 -0.164681 0.564854
0.123989 -0.165249 0.564890
0.124465 -0.165447 0.565199
0.125019 -0.165572 0.565247
0.125733 -0.165696 0.565741
0.125685 -0.165865 0.565683
0.125886 -0.165701 0.566892
0.126152 -0.165644 0.566751
0.126561 -0.165707 0.566739
0.128462 -0.165998 0.567523
0.127072 -0.166058 0.567899
0.128925 -0.166038 0.568762
0.127676 -0.166017 0.568648
0.128860 -0.165950 0.569128
0.128245 -0.166336 0.570158
0.130363 -0.165531 0.568664
0.130308 -0.166665 0.570174
0.130312 -0.166344 0.571029
0.130815 -0.165604 0.570573
0.130449 -0.166336 0.571010
0.131638 -0.165248 0.571746
0.131576 -0.166705 0.571754
0.131748 -0.166109 0.572286
0.132489 -0.165261 0.572412
0.132989 -0.164966 0.573583
0.132677 -0.165974 0.572506
0.133120 -0.166884 0.572576
0.133641 -0.165488 0.574455
0.133705 -0.165889 0.574710
0.135075 -0.166490 0.573961
0.134226 -0.166953 0.574998
0.134816 -0.166074 0.575208
0.134731 -0.165882 0.576102
0.135054 -0.165965 0.576395
0.136054 -0.166061 0.576697
0.137043 -0.166196 0.576711
0.136249 -0.165117 0.577371
0.136807 -0.165902 0.578236
0.135633 -0.165554 0.579350
0.137251 -0.166111 0.579447
0.136808 -0.166086 0.579507
0.137627 -0.165928 0.580528
0.137780 -0.166624 0.581024
0.138209 -0.166176 0.579859
0.138285 -0.165389 0.581820
0.138719 -0.166288 0.581005
0.138724 -0.165262 0.581886
0.138957 -0.164891 0.582014
0.138838 -0.164676 0.583079
0.139240 -0.165993 0.582772
0.138524 -0.166398 0.583948
0.139889 -0.166240 0.584339
0.139715 -0.166334 0.584488
0.140268 -0.165941 0.584755
0.140306 -0.166051 0.585361
0.140113 -0.165734 0.585555
0.141015 -0.165926 0.586202
0.140618 -0.164825 0.586771
0.140907 -0.165649 0.587109
0.140539 -0.165931 0.587690
0.140612 -0.165589 0.588981
0.140235 -0.166029 0.589869
0.140908 -0.165936 0.589217
0.141797 -0.165331 0.590178
0.141880 -0.165271 0.590621
0.141473 -0.166357 0.590317
0.140915 -0.165686 0.591150
0.141894 -0.165707 0.593061
0.141705 -0.166235 0.592538
0.141745 -0.165798 0.592482
0.142702 -0.165673 0.593462
0.142167 -0.166097 0.593233
0.141662 -0.166073 0.594843
0.142694 -0.166600 0.595396
0.143285 -0.166069 0.595486
0.142595 -0.165556 0.595384
0.142221 -0.165760 0.596049
0.142046 -0.165733 0.597310
0.141124 -0.166194 0.597192
0.142646 -0.166163 0.597098
0.142805 -0.165792 0.598274
0.142598 -0.166015 0.599543
0.142653 -0.166550 0.599642
0.141932 -0.165916 0.599747
0.141736 -0.166430 0.600711
0.142420 -0.165133 0.599831
0.142887 -0.166019 0.601598
0.142465 -0.166394 0.601174
0.142983 -0.166726 0.601487
0.142954 -0.165228 0.602635
0.141620 -0.165127 0.602530
0.142680 -0.165210 0.602983
0.141660 -0.166288 0.603925
0.143003 -0.166111 0.604990
0.143147 -0.166692 0.604494
0.141718 -0.166204 0.605893
0.141546 -0.165713 0.606465
0.141700 -0.165928 0.606561
0.141198 -0.165411 0.607891
0.142307 -0.166154 0.607330
0.141735 -0.166380 0.608028
0.141262 -0.165881 0.608047
0.141874 -0.166024 0.608631
0.141915 -0.166001 0.609361
0.140928 -0.165626 0.609508
0.141573 -0.165290 0.610985
0.140986 -0.166402 0.611339
0.140772 -0.166448 0.612176
0.140475 -0.165887 0.612069
0.141576 -0.165957 0.611733
0.140161 -0.166210 0.611993
0.140820 -0.164658 0.613894
0.139779 -0.165526 0.613291
0.140617 -0.166271 0.614003
0.140130 -0.165693 0.615169
0.140024 -0.165271 0.615292
0.138923 -0.166647 0.615914
0.140320 -0.165378 0.616323
0.139521 -0.165287 0.616275
0.139445 -0.165583 0.616857
0.138400 -0.166197 0.617886
0.139778 -0.166525 0.617838
0.137510 -0.166107 0.617745
0.138432 -0.165881 0.618647
0.137715 -0.165367 0.619626
0.137104 -0.165987 0.618809
0.137137 -0.166719 0.619864
0.137422 -0.166171 0.620276
0.136813 -0.166005 0.621025
0.135892 -0.165304 0.621856
0.136454 -0.166091 0.621278
0.136935 -0.165743 0.621336
0.136003 -0.166518 0.622962
0.134299 -0.166168 0.622681
0.135570 -0.165520 0.623420
0.135619 -0.165617 0.624727
0.134079 -0.166156 0.623590
0.134194 -0.165649 0.625086
0.134646 -0.165383 0.624988
0.134034 -0.165696 0.626452
0.133370 -0.166394 0.625916
0.132811 -0.165867 0.626612
0.134168 -0.165975 0.627024
0.131631 -0.165519 0.627104
0.131972 -0.166698 0.627813
0.131057 -0.165922 0.628159
0.131258 -0.165013 0.628502
0.130620 -0.165087 0.629957
0.130207 -0.165910 0.629314
0.130637 -0.165364 0.629593
0.130428 -0.165470 0.629165
0.129847 -0.167021 0.629692
0.129023 -0.166131 0.630851
0.128924 -0.165668 0.630589
0.127772 -0.166416 0.630813
0.128268 -0.165529 0.631537
0.128238 -0.166604 0.632276
0.128545 -0.165988 0.632599
0.127334 -0.165979 0.632470
0.127250 -0.166465 0.633002
0.126285 -0.165329 0.632846
0.126106 -0.166380 0.633687
0.126427 -0.167103 0.633938
0.125269 -0.165864 0.633839
0.124582 -0.165290 0.634373
0.124061 -0.166278 0.633955
0.124660 -0.165643 0.634005
0.123319 -0.165961 0.635276
0.123259 -0.166312 0.635525
0.122905 -0.166262 0.636010
0.122046 -0.166662 0.635549
0.122957 -0.166221 0.636154
0.121173 -0.165789 0.635901
0.120572 -0.166330 0.635816
0.120524 -0.162028 0.563374
0.121889 -0.162789 0.563559
0.121330 -0.162453 0.563738
0.121966 -0.162875 0.563565
0.123593 -0.162989 0.563646
0.123940 -0.162203 0.563967
0.124134 -0.162263 0.565236
0.123843 -0.162368 0.564842
0.125455 -0.163250 0.564814
0.124902 -0.162883 0.565433
0.125893 -0.162523 0.566047
0.126698 -0.163109 0.567281
0.125606 -0.162802 0.566813
0.127128 -0.162509 0.567826
0.125482 -0.162233 0.567648
0.128333 -0.161976 0.567857
0.128434 -0.162880 0.567357
0.128123 -0.162654 0.567152
0.128432 -0.162247 0.568954
0.129313 -0.162600 0.568723
0.128796 -0.162470 0.568002
0.130000 -0.162741 0.569591
0.130102 -0.162121 0.569964
0.131286 -0.163019 0.569729
0.130478 -0.162552 0.570379
0.130978 -0.162995 0.572239
0.131749 -0.162922 0.571143
0.131654 -0.163021 0.571935
0.131123 -0.162032 0.571960
0.132139 -0.161897 0.571795
0.133134 -0.162623 0.573194
0.133053 -0.162325 0.573249
0.133849 -0.162968 0.573388
0.133991 -0.162277 0.573944
0.133544 -0.162673 0.573537
0.134213 -0.162045 0.574659
0.134650 -0.162449 0.575327
0.135130 -0.163171 0.575075
0.135335 -0.163112 0.576375
0.134819 -0.162206 0.576698
0.135237 -0.162588 0.575755
0.136362 -0.162844 0.576490
0.136754 -0.162802 0.577989
0.136240 -0.162552 0.578007
0.135464 -0.162666 0.578818
0.135991 -0.162490 0.578853
0.136404 -0.163380 0.579520
0.137273 -0.161949 0.579592
0.137554 -0.162354 0.580625
0.138102 -0.161634 0.580993
0.138654 -0.162293 0.580853
0.138271 -0.162026 0.580426
0.139238 -0.163054 0.581966
0.137726 -0.162319 0.582781
0.138875 -0.162877 0.582822
0.138835 -0.162659 0.583598
0.139399 -0.161834 0.583825
0.139518 -0.162899 0.584109
0.139839 -0.163336 0.585238
0.139650 -0.161959 0.585414
0.140587 -0.162979 0.586011
0.140189 -0.163561 0.585404
0.140473 -0.162873 0.586504
0.139488 -0.161932 0.587260
0.141080 -0.162805 0.587475
0.140773 -0.162135 0.588148
0.140462 -0.160989 0.589006
0.141954 -0.162424 0.589123
0.140705 -0.163117 0.589388
0.140731 -0.161793 0.590277
0.141462 -0.161912 0.590333
0.140640 -0.162014 0.591614
0.141580 -0.162747 0.590832
0.142645 -0.163032 0.592505
0.141085 -0.163006 0.592124
0.142229 -0.161990 0.593072
0.141359 -0.163275 0.593580
0.142565 -0.162713 0.593296
0.142214 -0.163415 0.593607
0.141666 -0.163397 0.594242
0.142386 -0.162142 0.595372
0.141989 -0.162408 0.595309
0.142336 -0.162253 0.596880
0.142464 -0.162936 0.597108
0.142481 -0.162080 0.597067
0.141848 -0.162746 0.597760
0.142442 -0.163441 0.598892
0.142280 -0.162792 0.598208
0.142091 -0.162083 0.600439
0.142202 -0.161898 0.599369
0.142759 -0.162614 0.601129
0.141905 -0.163508 0.600884
0.142978 -0.162543 0.600784
0.142433 -0.162210 0.601214
0.142658 -0.162346 0.603093
0.142578 -0.161805 0.602222
0.142511 -0.162000 0.603396
0.143088 -0.161486 0.603392
0.142853 -0.162921 0.604257
0.142639 -0.162033 0.604926
0.142410 -0.163049 0.604906
0.142486 -0.162414 0.605717
0.141330 -0.162118 0.605495
0.142828 -0.161470 0.606242
0.141808 -0.162342 0.606419
0.142292 -0.163554 0.607684
0.141481 -0.162151 0.607684
0.141440 -0.161401 0.608553
0.141783 -0.163141 0.608880
0.141107 -0.162761 0.609833
0.141294 -0.162482 0.610660
0.141439 -0.162416 0.610695
0.141668 -0.162745 0.610675
0.141271 -0.161992 0.611894
0.140997 -0.162240 0.612742
0.140114 -0.162887 0.612551
0.140740 -0.161919 0.613003
0.140382 -0.162574 0.613839
0.140594 -0.162128 0.614471
0.140702 -0.162594 0.614953
0.138850 -0.162747 0.615043
0.140324 -0.162385 0.615608
0.139300 -0.161790 0.615462
0.138823 -0.162884 0.615640
0.139632 -0.161662 0.617181
0.138893 -0.162940 0.617400
0.139016 -0.163492 0.618105
0.138181 -0.162770 0.617512
0.138914 -0.161974 0.618394
0.137831 -0.161614 0.618285
0.137704 -0.163244 0.619894
0.136734 -0.162303 0.620367
0.136337 -0.162402 0.620491
0.137425 -0.162492 0.621007
0.136436 -0.161623 0.621256
0.136497 -0.162701 0.621754
0.136356 -0.161815 0.621706
0.135933 -0.162064 0.622660
0.136301 -0.162254 0.622515
0.134833 -0.162126 0.623478
0.135775 -0.162822 0.624075
0.135229 -0.162674 0.624295
0.133953 -0.161452 0.623977
0.133958 -0.161730 0.625023
0.134676 -0.162720 0.625038
0.134503 -0.162512 0.625982
0.133629 -0.161185 0.626504
0.134324 -0.161963 0.626066
0.133254 -0.162158 0.627839
0.133240 -0.162171 0.626972
0.132398 -0.161953 0.627497
0.131836 -0.162919 0.627641
0.131662 -0.162630 0.628424
0.131490 -0.162764 0.628114
0.130846 -0.162249 0.628764
0.130854 -0.163336 0.629610
0.129735 -0.162626 0.629742
0.130633 -0.162885 0.630586
0.129675 -0.162142 0.630435
0.129780 -0.163219 0.631170
0.129040 -0.162469 0.631830
0.128236 -0.161940 0.631675
0.127644 -0.162360 0.632437
0.128507 -0.161824 0.632464
0.127077 -0.162548 0.631717
0.127763 -0.161730 0.633327
0.126483 -0.162077 0.632509
0.126829 -0.162443 0.633733
0.125194 -0.162173 0.632983
0.124784 -0.162064 0.634322
0.124216 -0.162557 0.633829
0.124466 -0.162354 0.635395
0.123922 -0.162909 0.635234
0.123772 -0.162168 0.634632
0.123352 -0.161885 0.635176
0.122216 -0.162035 0.635487
0.123010 -0.163008 0.635694
0.122563 -0.162723 0.635429
0.120802 -0.162772 0.636013
0.120918 -0.162361 0.637197
0.121635 -0.159646 0.562979
0.121434 -0.159478 0.562572
0.121907 -0.158406 0.563103
0.122014 -0.159162 0.563918
0.122143 -0.158641 0.564771
0.123334 -0.158621 0.563977
0.124081 -0.160278 0.564515
0.123820 -0.159709 0.565194
0.124588 -0.158346 0.565605
0.123957 -0.159338 0.565138
0.125268 -0.158641 0.566092
0.125885 -0.158967 0.566302
0.126359 -0.158981 0.566203
0.126321 -0.159642 0.566854
0.126873 -0.158887 0.567428
0.128191 -0.159125 0.567211
0.126393 -0.158694 0.567380
0.128399 -0.158633 0.567752
0.128915 -0.160220 0.568837
0.128836 -0.159696 0.569218
0.129629 -0.158395 0.568739
0.130235 -0.160061 0.569596
0.129941 -0.159431 0.570212
0.130754 -0.159805 0.570301
0.130326 -0.158757 0.570323
0.131671 -0.159757 0.571607
0.132047 -0.159105 0.571358
0.130917 -0.158893 0.571551
0.131700 -0.158942 0.572453
0.132175 -0.158832 0.572319
0.133242 -0.159722 0.572782
0.131939 -0.158875 0.573362
0.133996 -0.159538 0.573274
0.133111 -0.158517 0.574958
0.133516 -0.159207 0.574189
0.133845 -0.158738 0.574899
0.134516 -0.158686 0.575516
0.134075 -0.158519 0.574761
0.135519 -0.159387 0.576292
0.134848 -0.158801 0.576842
0.136223 -0.159466 0.576769
0.135594 -0.159033 0.577225
0.135454 -0.158672 0.577951
0.136068 -0.159237 0.577765
0.136071 -0.158956 0.578429
0.136833 -0.158629 0.578942
0.137572 -0.159286 0.579972
0.136474 -0.159504 0.580088
0.137724 -0.159317 0.580001
0.137512 -0.158801 0.580543
0.137518 -0.158935 0.581448
0.138632 -0.158679 0.581956
0.138505 -0.159276 0.582595
0.139634 -0.159222 0.582931
0.139242 -0.159992 0.582310
0.138775 -0.159546 0.584265
0.139105 -0.158828 0.583947
0.140200 -0.159676 0.584919
0.139276 -0.159456 0.584858
0.140496 -0.159297 0.585743
0.140158 -0.159427 0.585375
0.140066 -0.158387 0.585079
0.140572 -0.159427 0.586200
0.140423 -0.158871 0.586080
0.140991 -0.158880 0.588275
0.139923 -0.158531 0.587649
0.140250 -0.158830 0.588587
0.140147 -0.160330 0.588200
0.141004 -0.158543 0.589749
0.141121 -0.159437 0.590041
0.141021 -0.159360 0.590798
0.141167 -0.158576 0.590796
0.142363 -0.158827 0.591722
0.141597 -0.159572 0.591462
0.142123 -0.159062 0.592781
0.142132 -0.159037 0.592466
0.141499 -0.159189 0.593139
0.142355 -0.159135 0.593628
0.141287 -0.159607 0.595387
0.142424 -0.159122 0.594947
0.142025 -0.159066 0.594620
0.142459 -0.158538 0.595977
0.141633 -0.158744 0.596485
0.142464 -0.158996 0.596222
0.143051 -0.159587 0.597517
0.142684 -0.159700 0.597857
0.141749 -0.159899 0.598071
0.143332 -0.158851 0.598205
0.142648 -0.158291 0.598660
0.142544 -0.159339 0.599837
0.142627 -0.159293 0.600194
0.142651 -0.158791 0.601181
0.142633 -0.158893 0.601991
0.142828 -0.159427 0.601282
0.142320 -0.158658 0.602541
0.142393 -0.159240 0.602698
0.142011 -0.159724 0.602960
0.141390 -0.159408 0.603512
0.142326 -0.159140 0.604498
0.142620 -0.159586 0.604370
0.142185 -0.159449 0.605559
0.142601 -0.159776 0.606094
0.141345 -0.159391 0.606410
0.142514 -0.158569 0.606002
0.141558 -0.158756 0.607341
0.142104 -0.159417 0.608353
0.142435 -0.159158 0.608794
0.141630 -0.159586 0.608675
0.141578 -0.158831 0.609090
0.141238 -0.158848 0.609423
0.141191 -0.159357 0.609777
0.141161 -0.159867 0.610400
0.141652 -0.159359 0.611233
0.140290 -0.158943 0.611992
0.141074 -0.159928 0.611529
0.140851 -0.159255 0.612834
0.140053 -0.158633 0.612865
0.139557 -0.158768 0.612644
0.140178 -0.159879 0.613998
0.139758 -0.159175 0.615535
0.139946 -0.159479 0.614863
0.139010 -0.159495 0.615494
0.139904 -0.159519 0.616866
0.139002 -0.158852 0.616161
0.139333 -0.159192 0.616819
0.139113 -0.159124 0.617296
0.138622 -0.159239 0.617571
0.138583 -0.159064 0.618357
0.138160 -0.158143 0.618529
0.137962 -0.159624 0.618522
0.137681 -0.158259 0.619252
0.137458 -0.158584 0.619882
0.138128 -0.159852 0.620647
0.137475 -0.159622 0.620880
0.136465 -0.158926 0.621634
0.136422 -0.159866 0.620302
0.135648 -0.159296 0.622066
0.135275 -0.158983 0.623765
0.136595 -0.157991 0.623432
0.136550 -0.159261 0.623878
0.135100 -0.160032 0.623680
0.134884 -0.159108 0.624277
0.134639 -0.159128 0.623689
0.134248 -0.159557 0.624724
0.134562 -0.159725 0.625806
0.134325 -0.160010 0.625582
0.134077 -0.159133 0.625977
0.132845 -0.159593 0.626781
0.132975 -0.159030 0.626870
0.132142 -0.158319 0.626992
0.132779 -0.159220 0.628376
0.132026 -0.159798 0.628060
0.131594 -0.158459 0.627612
0.130635 -0.159860 0.629234
0.130410 -0.158862 0.629197
0.129625 -0.158937 0.629831
0.129275 -0.159797 0.629868
0.129751 -0.159392 0.630123
0.129756 -0.159778 0.629931
0.129764 -0.159010 0.630127
0.130168 -0.158843 0.630442
0.127758 -0.158888 0.632236
0.127807 -0.159315 0.631713
0.126666 -0.158782 0.632651
0.127929 -0.159409 0.632066
0.127129 -0.158321 0.632834
0.126715 -0.159090 0.632226
0.126493 -0.158656 0.633044
0.124719 -0.159342 0.634073
0.125655 -0.158658 0.633526
0.125311 -0.159414 0.634001
0.123853 -0.158469 0.634387
0.124088 -0.160001 0.635348
0.123880 -0.159249 0.635684
0.123114 -0.159221 0.635135
0.122712 -0.158950 0.635374
0.123770 -0.159278 0.635170
0.122320 -0.159465 0.636202
0.121911 -0.159721 0.636779
0.120279 -0.158194 0.637128
0.121322 -0.156089 0.562787
0.122134 -0.155991 0.562994
0.121615 -0.156181 0.563493
0.122916 -0.155821 0.563595
0.122761 -0.156461 0.563561
0.122421 -0.156182 0.564495
0.123828 -0.155630 0.565258
0.123692 -0.155429 0.565900
0.125242 -0.155599 0.565947
0.125817 -0.156005 0.565624
0.125281 -0.156681 0.565428
0.126227 -0.155727 0.566167
0.125804 -0.156260 0.567555
0.126657 -0.155979 0.567243
0.127432 -0.156317 0.566336
0.127298 -0.155660 0.567714
0.127723 -0.156312 0.568032
0.128212 -0.155600 0.567705
0.128878 -0.156183 0.568839
0.128719 -0.155694 0.568485
0.129440 -0.155300 0.568411
0.129775 -0.156362 0.569690
0.129657 -0.156354 0.569602
0.130270 -0.155492 0.569526
0.130236 -0.154982 0.570429
0.131278 -0.156573 0.571795
0.130784 -0.156150 0.571694
0.132286 -0.155958 0.572044
0.131641 -0.155628 0.572090
0.132006 -0.155976 0.572391
0.132049 -0.156433 0.573238
0.133516 -0.155708 0.573228
0.133336 -0.155541 0.572900
0.133165 -0.155480 0.573874
0.134132 -0.155027 0.573256
0.133832 -0.156644 0.574683
0.134994 -0.155997 0.575029
0.134966 -0.156450 0.575881
0.134522 -0.156656 0.576031
0.136177 -0.156343 0.576504
0.135021 -0.155119 0.576410
0.136208 -0.155755 0.577127
0.136435 -0.155898 0.577682
0.135803 -0.156124 0.577649
0.136892 -0.157069 0.578323
0.135919 -0.155277 0.578626
0.137039 -0.155694 0.579827
0.137064 -0.156045 0.579568
0.137459 -0.155643 0.580388
0.137825 -0.156249 0.580705
0.138365 -0.156219 0.581021
0.138034 -0.156249 0.581385
0.139084 -0.155776 0.582484
0.137906 -0.155553 0.582316
0.138161 -0.156639 0.582833
0.138657 -0.156125 0.583890
0.139199 -0.156633 0.584554
0.140279 -0.156149 0.584002
0.139663 -0.155768 0.584041
0.140777 -0.155384 0.585410
0.139849 -0.156004 0.586689
0.140496 -0.155250 0.585475
0.140397 -0.156365 0.586569
0.140910 -0.156418 0.586934
0.141261 -0.155552 0.587803
0.140311 -0.155981 0.588425
0.139876 -0.155627 0.588137
0.140838 -0.154667 0.589226
0.141036 -0.155285 0.589048
0.141456 -0.155380 0.589339
0.141733 -0.156420 0.589964
0.142151 -0.156545 0.591171
0.142169 -0.154868 0.591641
0.142436 -0.156273 0.592285
0.141611 -0.155472 0.592294
0.142021 -0.155815 0.592211
0.141446 -0.156167 0.592231
0.140921 -0.154735 0.592848
0.141934 -0.155738 0.594662
0.142742 -0.155733 0.594387
0.142463 -0.154916 0.595268
0.142694 -0.155145 0.595352
0.142264 -0.155569 0.597015
0.142257 -0.155851 0.596173
0.142075 -0.155494 0.597481
0.141812 -0.155387 0.597869
0.142527 -0.155728 0.598159
0.142342 -0.155310 0.599276
0.142716 -0.155640 0.599564
0.141986 -0.156339 0.599750
0.142470 -0.156722 0.600074
0.142516 -0.154499 0.600124
0.141838 -0.155590 0.600954
0.143061 -0.156617 0.601899
0.142154 -0.156405 0.602575
0.142804 -0.155293 0.603106
0.141980 -0.155836 0.603246
0.142719 -0.155251 0.604073
0.142511 -0.156804 0.604129
0.142602 -0.155658 0.604661
0.142921 -0.155475 0.605153
0.143119 -0.156372 0.605895
0.142294 -0.156960 0.606209
0.141731 -0.156105 0.607118
0.141622 -0.155789 0.607034
0.140937 -0.154898 0.607702
0.142200 -0.155365 0.608399
0.142786 -0.155747 0.608701
0.141620 -0.156382 0.609005
0.141578 -0.156420 0.610012
0.141240 -0.156317 0.609544
0.141500 -0.155936 0.611372
0.140367 -0.156123 0.611137
0.140657 -0.155657 0.611610
0.141927 -0.155090 0.612130
0.140549 -0.155676 0.612223
0.140647 -0.155956 0.613304
0.140130 -0.156300 0.613789
0.139909 -0.155526 0.614317
0.140074 -0.155866 0.614063
0.139455 -0.155553 0.613723
0.139531 -0.155192 0.615829
0.139884 -0.154913 0.616015
0.139462 -0.156081 0.616814
0.138740 -0.155641 0.617247
0.139229 -0.155091 0.617113
0.137595 -0.155980 0.617720
0.138492 -0.156134 0.617889
0.137981 -0.155351 0.617897
0.137618 -0.156547 0.618670
0.137584 -0.154959 0.619251
0.138028 -0.155122 0.618893
0.136768 -0.156520 0.620413
0.137181 -0.156703 0.619668
0.137042 -0.156078 0.620611
0.136317 -0.155876 0.621743
0.137605 -0.156407 0.621934
0.136998 -0.155375 0.622849
0.135432 -0.155680 0.622285
0.135872 -0.155998 0.623349
0.135205 -0.155736 0.624318
0.135243 -0.155355 0.625351
0.134853 -0.155568 0.624349
0.134193 -0.157000 0.625202
0.134507 -0.155714 0.625375
0.133907 -0.156374 0.626826
0.133325 -0.155979 0.625691
0.132988 -0.155135 0.626912
0.132296 -0.155708 0.626984
0.134336 -0.156577 0.627075
0.132433 -0.156270 0.627518
0.131752 -0.155365 0.628030
0.132138 -0.155699 0.628435
0.132023 -0.156196 0.629090
0.131045 -0.156571 0.629284
0.130971 -0.155806 0.630094
0.129497 -0.155603 0.630002
0.130495 -0.156151 0.629692
0.129545 -0.156520 0.630565
0.129730 -0.155250 0.630968
0.128295 -0.156310 0.631767
0.128822 -0.155930 0.631424
0.127504 -0.156101 0.631323
0.128854 -0.156050 0.632310
0.126288 -0.155279 0.632328
0.126348 -0.156126 0.633051
0.126846 -0.156252 0.632762
0.126059 -0.156103 0.633403
0.125813 -0.155870 0.632280
0.125304 -0.155690 0.633298
0.124761 -0.156643 0.634048
0.124264 -0.154916 0.635300
0.123989 -0.155989 0.634811
0.123688 -0.154712 0.636149
0.122250 -0.155885 0.634491
0.123556 -0.156330 0.635761
0.121983 -0.155831 0.636066
0.122180 -0.155650 0.635951
0.121407 -0.155301 0.636413
0.120459 -0.155659 0.636228
0.120930 -0.151500 0.563938
0.121638 -0.152852 0.564329
0.120756 -0.153145 0.563419
0.122783 -0.153620 0.563711
0.122692 -0.151694 0.563603
0.125123 -0.151572 0.564368
0.123963 -0.152468 0.564942
0.123550 -0.151933 0.565491
0.124736 -0.151677 0.564768
0.124582 -0.151768 0.565706
0.124858 -0.151783 0.565430
0.126598 -0.151994 0.566263
0.126729 -0.152865 0.566240
0.127021 -0.152664 0.567275
0.127291 -0.152641 0.566027
0.127291 -0.151903 0.566864
0.128154 -0.152599 0.567262
0.128027 -0.153309 0.568446
0.129525 -0.152118 0.568452
0.128418 -0.152647 0.569214
0.129491 -0.152461 0.569547
0.130126 -0.153061 0.569675
0.129186 -0.152568 0.570110
0.130948 -0.152539 0.569882
0.130388 -0.152145 0.570441
0.130712 -0.152004 0.570536
0.132120 -0.152427 0.570387
0.132133 -0.152145 0.571631
0.132059 -0.152382 0.571258
0.131441 -0.152511 0.572582
0.131976 -0.152297 0.572695
0.132297 -0.152947 0.572717
0.132520 -0.152509 0.572839
0.133939 -0.152578 0.573852
0.134796 -0.152956 0.574571
0.133498 -0.152618 0.574127
0.134058 -0.151983 0.574741
0.134022 -0.152703 0.575450
0.135045 -0.152423 0.574666
0.135277 -0.151174 0.576228
0.135400 -0.152198 0.575647
0.135411 -0.151925 0.577317
0.135692 -0.152669 0.577104
0.136713 -0.151905 0.577249
0.137090 -0.152676 0.578742
0.137425 -0.152429 0.579404
0.137041 -0.152075 0.579037
0.137539 -0.152237 0.579430
0.137070 -0.152897 0.580668
0.137578 -0.152406 0.581667
0.137268 -0.152972 0.580847
0.138259 -0.152617 0.582379
0.138134 -0.152911 0.582094
0.138561 -0.152553 0.582321
0.138720 -0.152081 0.582065
0.140230 -0.151897 0.583557
0.139942 -0.152735 0.583774
0.140056 -0.152313 0.584279
0.140037 -0.152595 0.584100
0.139126 -0.152491 0.585352
0.139314 -0.152187 0.586105
0.140938 -0.152555 0.585342
0.140018 -0.153249 0.586031
0.139935 -0.151671 0.586519
0.140657 -0.152168 0.587006
0.142118 -0.152725 0.587026
0.140754 -0.152992 0.588324
0.140861 -0.152023 0.589078
0.142417 -0.153000 0.590241
0.142345 -0.152529 0.591089
0.141849 -0.152200 0.591378
0.141787 -0.152654 0.591437
0.141589 -0.152037 0.591774
0.141294 -0.152305 0.592172
0.141336 -0.153352 0.591992
0.142107 -0.152106 0.592821
0.142270 -0.152083 0.592976
0.142074 -0.152634 0.594127
0.142692 -0.152053 0.594038
0.142533 -0.152039 0.594160
0.142274 -0.152777 0.595479
0.142981 -0.152804 0.595285
0.141530 -0.152605 0.596298
0.143315 -0.153089 0.596837
0.142758 -0.151873 0.596847
0.142709 -0.153209 0.597506
0.142747 -0.152787 0.598141
0.142995 -0.152879 0.598274
0.142048 -0.152069 0.599537
0.141965 -0.152727 0.599749
0.142770 -0.152112 0.600228
0.142325 -0.152949 0.600874
0.143000 -0.152367 0.601076
0.143057 -0.152239 0.600901
0.140651 -0.152850 0.602051
0.142842 -0.152221 0.602441
0.142040 -0.152259 0.602674
0.142262 -0.151936 0.603654
0.141659 -0.152975 0.603744
0.142056 -0.153366 0.604625
0.142054 -0.151646 0.605405
0.141180 -0.152086 0.605954
0.141117 -0.152145 0.606150
0.141995 -0.153144 0.606274
0.142473 -0.151962 0.607508
0.141481 -0.151833 0.607030
0.141295 -0.152129 0.607557
0.141633 -0.153191 0.607788
0.141817 -0.153027 0.608548
0.141557 -0.152508 0.609987
0.141608 -0.152536 0.609712
0.140890 -0.152587 0.610813
0.140825 -0.152593 0.611336
0.140838 -0.152665 0.611215
0.141829 -0.152225 0.611259
0.140736 -0.152348 0.612913
0.140411 -0.152997 0.612313
0.140239 -0.152726 0.613144
0.140476 -0.152633 0.614073
0.140171 -0.152173 0.614658
0.140500 -0.153146 0.614221
0.139788 -0.152127 0.615891
0.139165 -0.153228 0.615598
0.139053 -0.152714 0.616223
0.138862 -0.152433 0.616471
0.139317 -0.151427 0.617086
0.138578 -0.151986 0.616986
0.137783 -0.151621 0.617160
0.137525 -0.151947 0.619136
0.137286 -0.152582 0.618999
0.136969 -0.152371 0.619177
0.138478 -0.153016 0.619676
0.137284 -0.152735 0.620248
0.137113 -0.152679 0.621043
0.136665 -0.153001 0.620592
0.137551 -0.151802 0.621413
0.136359 -0.152569 0.622142
0.136620 -0.152871 0.623290
0.135639 -0.152474 0.622559
0.136177 -0.152789 0.623620
0.135953 -0.152937 0.623216
0.135678 -0.152416 0.623412
0.135350 -0.151650 0.624758
0.134802 -0.151578 0.625161
0.133657 -0.152646 0.625893
0.133565 -0.152868 0.625671
0.133857 -0.152461 0.626147
0.133834 -0.152905 0.626368
0.132649 -0.153016 0.626662
0.132763 -0.152106 0.627234
0.132236 -0.152616 0.628015
0.132104 -0.152069 0.628073
0.131804 -0.152230 0.628005
0.131135 -0.151874 0.628207
0.130376 -0.153544 0.628157
0.131117 -0.152876 0.628979
0.129599 -0.152155 0.630114
0.130160 -0.153177 0.630627
0.129489 -0.153215 0.631418
0.129538 -0.152524 0.629582
0.128530 -0.152983 0.632203
0.128623 -0.152273 0.632107
0.128456 -0.152316 0.632011
0.128110 -0.152304 0.632567
0.127525 -0.153152 0.633136
0.127015 -0.152758 0.633207
0.126721 -0.152209 0.633035
0.126345 -0.152399 0.634093
0.125869 -0.152167 0.633646
0.125508 -0.153150 0.634614
0.125388 -0.152482 0.634056
0.124161 -0.152188 0.635254
0.123325 -0.152826 0.634934
0.124445 -0.152728 0.634548
0.123333 -0.152065 0.635745
0.122711 -0.152747 0.636715
0.122196 -0.152098 0.636669
0.121803 -0.151976 0.637015
0.121859 -0.152593 0.637177
0.121317 -0.153220 0.636890
0.121144 -0.148160 0.564082
0.121984 -0.148343 0.562625
0.122548 -0.149152 0.564013
0.123656 -0.148891 0.564309
0.122266 -0.149482 0.564458
0.123009 -0.148763 0.563736
0.124274 -0.149015 0.564924
0.124753 -0.148495 0.564468
0.124955 -0.149156 0.565762
0.125083 -0.148711 0.565945
0.126211 -0.149152 0.565029
0.125672 -0.149911 0.566084
0.125159 -0.149192 0.566732
0.126922 -0.149348 0.566346
0.126843 -0.149405 0.566169
0.127005 -0.149012 0.567530
0.128091 -0.149097 0.567766
0.128726 -0.149403 0.567790
0.128578 -0.149236 0.568902
0.129102 -0.149326 0.568138
0.128420 -0.149793 0.569394
0.129462 -0.149778 0.569972
0.130228 -0.149279 0.570923
0.129007 -0.148667 0.569424
0.131025 -0.148603 0.570477
0.130356 -0.148780 0.570509
0.131984 -0.149046 0.571490
0.131754 -0.148077 0.571539
0.131624 -0.148681 0.570691
0.131659 -0.148052 0.572691
0.132486 -0.148181 0.573422
0.132870 -0.149013 0.574129
0.133622 -0.149077 0.573118
0.133683 -0.149396 0.574356
0.133375 -0.149431 0.573699
0.134388 -0.149013 0.574915
0.134729 -0.148856 0.575178
0.134033 -0.148749 0.575655
0.135713 -0.149297 0.576374
0.134670 -0.149258 0.576525
0.135942 -0.148121 0.577144
0.135452 -0.148231 0.577296
0.136391 -0.148909 0.577719
0.135806 -0.148920 0.578286
0.136758 -0.149178 0.579173
0.136255 -0.148599 0.579918
0.137159 -0.148639 0.579441
0.137856 -0.149117 0.579372
0.136722 -0.149422 0.580328
0.137930 -0.149557 0.580503
0.138595 -0.148067 0.581074
0.137147 -0.149052 0.582015
0.138948 -0.149065 0.582356
0.138694 -0.147961 0.581592
0.138831 -0.149451 0.582369
0.138672 -0.149581 0.581588
0.140504 -0.149983 0.583429
0.138942 -0.149748 0.584172
0.139447 -0.148618 0.584253
0.139843 -0.150089 0.585271
0.140609 -0.148971 0.586399
0.140019 -0.149157 0.585848
0.140066 -0.149320 0.587047
0.141332 -0.149155 0.586760
0.141264 -0.148508 0.587996
0.140659 -0.149465 0.588446
0.141852 -0.149098 0.589141
0.141715 -0.148273 0.588986
0.141634 -0.148455 0.589845
0.141861 -0.149204 0.589625
0.139916 -0.148701 0.590553
0.142029 -0.149394 0.591233
0.141885 -0.149218 0.591133
0.141056 -0.149262 0.591631
0.140796 -0.149896 0.592071
0.142798 -0.148826 0.591994
0.141520 -0.148733 0.593738
0.141982 -0.149005 0.593430
0.142590 -0.148316 0.594144
0.142192 -0.148868 0.595225
0.142909 -0.148533 0.595457
0.141679 -0.149438 0.595466
0.142150 -0.148756 0.595584
0.142029 -0.149185 0.597848
0.143175 -0.148985 0.597387
0.142627 -0.149066 0.597570
0.142407 -0.148990 0.598160
0.142921 -0.149461 0.598924
0.141849 -0.148938 0.598798
0.142585 -0.149033 0.600121
0.142805 -0.148965 0.600701
0.142173 -0.148186 0.600250
0.142521 -0.149019 0.601021
0.142894 -0.149419 0.601596
0.142422 -0.149372 0.602210
0.142342 -0.148608 0.602965
0.142126 -0.149024 0.603675
0.141636 -0.148900 0.604174
0.141664 -0.149870 0.603621
0.141845 -0.149992 0.604883
0.141792 -0.149540 0.605276
0.142217 -0.149157 0.605704
0.142599 -0.148424 0.606595
0.142745 -0.148584 0.606997
0.141743 -0.148673 0.606488
0.141933 -0.148967 0.607373
0.141916 -0.148917 0.607707
0.141317 -0.149926 0.608608
0.141915 -0.149495 0.609201
0.141057 -0.149785 0.609994
0.141360 -0.149806 0.610431
0.141115 -0.149824 0.611595
0.140541 -0.148590 0.611477
0.141386 -0.149725 0.611948
0.141722 -0.149483 0.612737
0.141102 -0.149023 0.612230
0.140568 -0.148213 0.612994
0.140652 -0.149197 0.612602
0.139166 -0.148063 0.614910
0.140514 -0.149024 0.614191
0.140675 -0.148921 0.615463
0.140128 -0.150059 0.614611
0.139958 -0.148901 0.615148
0.139814 -0.148720 0.616140
0.139526 -0.148987 0.617016
0.139365 -0.148217 0.617283
0.139103 -0.148892 0.617363
0.137785 -0.149325 0.618181
0.138328 -0.149616 0.618543
0.138332 -0.149134 0.619705
0.137616 -0.147982 0.619240
0.138903 -0.148599 0.620257
0.137744 -0.148472 0.620087
0.136904 -0.149394 0.620965
0.137077 -0.148408 0.620302
0.136724 -0.149426 0.622688
0.136634 -0.149915 0.621613
0.134974 -0.148243 0.622458
0.135467 -0.148778 0.622866
0.135591 -0.149575 0.623149
0.134513 -0.148741 0.623819
0.134710 -0.149823 0.624208
0.135185 -0.148607 0.624165
0.133816 -0.149407 0.624576
0.134469 -0.149000 0.625775
0.133955 -0.149104 0.625956
0.133767 -0.149285 0.626209
0.132379 -0.149147 0.625654
0.133206 -0.149755 0.627055
0.132495 -0.149083 0.626356
0.131895 -0.148728 0.627302
0.131563 -0.149533 0.627741
0.132110 -0.148335 0.628224
0.131158 -0.148995 0.628779
0.130396 -0.149289 0.629174
0.130401 -0.148858 0.629913
0.129734 -0.149524 0.629753
0.129211 -0.148366 0.630259
0.129750 -0.148652 0.629472
0.129313 -0.149661 0.630931
0.128793 -0.149430 0.631241
0.129018 -0.148460 0.631734
0.127436 -0.148840 0.631532
0.127468 -0.148801 0.632328
0.127568 -0.148766 0.632507
0.127429 -0.149149 0.632057
0.126970 -0.149645 0.633035
0.126529 -0.148271 0.633235
0.125368 -0.149299 0.634572
0.125389 -0.149102 0.634170
0.125154 -0.149802 0.634352
0.124959 -0.149265 0.634680
0.124186 -0.149193 0.634435
0.123574 -0.149351 0.635565
0.124205 -0.149940 0.635348
0.122849 -0.149515 0.636729
0.122404 -0.149893 0.635670
0.122864 -0.149556 0.636090
0.121195 -0.149722 0.636778
0.121775 -0.149754 0.637886
0.121352 -0.146391 0.563459
0.121752 -0.145791 0.563639
0.122030 -0.145553 0.563995
0.122025 -0.144789 0.564136
0.122577 -0.146102 0.564529
0.123369 -0.145897 0.564079
0.123718 -0.145713 0.564921
0.124839 -0.146008 0.565068
0.124343 -0.146754 0.564955
0.124760 -0.145135 0.565914
0.124449 -0.144443 0.566583
0.125293 -0.145903 0.566679
0.126289 -0.145674 0.566465
0.127046 -0.145661 0.567625
0.126802 -0.145783 0.567776
0.127172 -0.145910 0.567527
0.127391 -0.145844 0.567798
0.128259 -0.146459 0.567592
0.128680 -0.145184 0.568515
0.128888 -0.145803 0.568657
0.129604 -0.145620 0.569048
0.129074 -0.145585 0.569110
0.130531 -0.145984 0.568852
0.130599 -0.145710 0.570371
0.130668 -0.145709 0.571017
0.130743 -0.146110 0.570296
0.131556 -0.144590 0.571089
0.131934 -0.144370 0.571409
0.131354 -0.145850 0.571928
0.132149 -0.145679 0.572619
0.132594 -0.145033 0.573167
0.132809 -0.145474 0.572185
0.133607 -0.145319 0.574237
0.132910 -0.145600 0.573825
0.133260 -0.145381 0.574054
0.134991 -0.145571 0.575182
0.134625 -0.145423 0.574711
0.134412 -0.145608 0.575807
0.134627 -0.145910 0.575586
0.134916 -0.145801 0.575864
0.135243 -0.145126 0.577135
0.134546 -0.145278 0.578228
0.136258 -0.145787 0.577412
0.135553 -0.145574 0.577633
0.136288 -0.145308 0.578252
0.137435 -0.145250 0.578110
0.137542 -0.145541 0.578827
0.136786 -0.145393 0.579660
0.137072 -0.146282 0.579754
0.138545 -0.145470 0.580230
0.138315 -0.145554 0.581136
0.138220 -0.145661 0.581730
0.137419 -0.146139 0.581460
0.138834 -0.145704 0.582190
0.139276 -0.145955 0.582558
0.138907 -0.145764 0.582095
0.140204 -0.145762 0.583721
0.139158 -0.145447 0.584587
0.139528 -0.145761 0.585231
0.140331 -0.145411 0.584566
0.139816 -0.145796 0.584356
0.138947 -0.146832 0.586652
0.140514 -0.145961 0.586391
0.140736 -0.145041 0.587084
0.139951 -0.145601 0.587773
0.140922 -0.146503 0.588032
0.140523 -0.146336 0.587899
0.141130 -0.145573 0.589055
0.141213 -0.146026 0.588592
0.141741 -0.145352 0.589355
0.141889 -0.145696 0.590494
0.140464 -0.146037 0.590743
0.141311 -0.145645 0.591872
0.142573 -0.145044 0.590922
0.142267 -0.146179 0.591856
0.142374 -0.145919 0.592816
0.141273 -0.146012 0.593217
0.142325 -0.145324 0.594206
0.140930 -0.145933 0.594024
0.141730 -0.145686 0.594621
0.141731 -0.146257 0.595196
0.143816 -0.145083 0.595005
0.142224 -0.145765 0.596111
0.142989 -0.146087 0.596574
0.142730 -0.145640 0.597428
0.141946 -0.146009 0.598122
0.142526 -0.144861 0.597297
0.141950 -0.145345 0.599343
0.142811 -0.145492 0.598949
0.142289 -0.146291 0.599534
0.141788 -0.145749 0.599909
0.142325 -0.146110 0.601063
0.142605 -0.146178 0.601516
0.142400 -0.146108 0.600969
0.142994 -0.146066 0.602673
0.142763 -0.145971 0.602840
0.141972 -0.145681 0.602918
0.142027 -0.145091 0.603992
0.142161 -0.145745 0.604674
0.141841 -0.145670 0.604678
0.141570 -0.145333 0.604949
0.141063 -0.145598 0.605527
0.141032 -0.145939 0.606785
0.142077 -0.146234 0.606933
0.141909 -0.145584 0.607362
0.141315 -0.146082 0.608509
0.142184 -0.145183 0.607935
0.141456 -0.145529 0.609065
0.141169 -0.144895 0.608310
0.141433 -0.145947 0.608456
0.141333 -0.145882 0.609455
0.140916 -0.145547 0.611029
0.140672 -0.145555 0.610361
0.141026 -0.146045 0.611636
0.141498 -0.145209 0.611284
0.140638 -0.146236 0.612292
0.140934 -0.146352 0.613546
0.140625 -0.146186 0.613704
0.139960 -0.145869 0.613743
0.140846 -0.145503 0.614521
0.140246 -0.145970 0.615342
0.139760 -0.146093 0.615245
0.139653 -0.145636 0.616480
0.139797 -0.145461 0.616139
0.139371 -0.145586 0.616771
0.138437 -0.146172 0.616921
0.137966 -0.146125 0.617355
0.138878 -0.145810 0.618996
0.139274 -0.145648 0.618778
0.138047 -0.145643 0.619173
0.138140 -0.145826 0.619011
0.138135 -0.146282 0.620353
0.138487 -0.145707 0.620385
0.136938 -0.146370 0.620537
0.136136 -0.145415 0.620952
0.136972 -0.145928 0.621263
0.136722 -0.145233 0.621597
0.136340 -0.144812 0.621772
0.136021 -0.145921 0.622947
0.135951 -0.145758 0.622670
0.135646 -0.145713 0.624508
0.135308 -0.145719 0.624389
0.135215 -0.146290 0.624179
0.134704 -0.145467 0.624630
0.134248 -0.145368 0.625377
0.133388 -0.146955 0.625422
0.133477 -0.146015 0.626294
0.133435 -0.146373 0.626620
0.133252 -0.145304 0.626951
0.132705 -0.145995 0.628011
0.132601 -0.145499 0.627887
0.132439 -0.145939 0.627172
0.131141 -0.144961 0.628137
0.131495 -0.145532 0.629392
0.130950 -0.145237 0.629690
0.130371 -0.145846 0.629472
0.129993 -0.145681 0.629764
0.130591 -0.145494 0.630633
0.130234 -0.144843 0.630272
0.129864 -0.144943 0.630594
0.128067 -0.145546 0.630002
0.128523 -0.145887 0.631786
0.127673 -0.145790 0.631750
0.127220 -0.145469 0.632456
0.127791 -0.146164 0.632559
0.125760 -0.146041 0.632734
0.126952 -0.145532 0.634250
0.125971 -0.145931 0.633535
0.126560 -0.145982 0.633878
0.125641 -0.145713 0.633525
0.125023 -0.145983 0.633767
0.124760 -0.145569 0.635110
0.123833 -0.146112 0.635376
0.123911 -0.146046 0.634854
0.123613 -0.146476 0.635833
0.122678 -0.146089 0.636881
0.123377 -0.146635 0.635372
0.122184 -0.145309 0.636221
0.121283 -0.145818 0.636567
0.120588 -0.146428 0.635899
0.121809 -0.142081 0.563454
0.121555 -0.141822 0.563384
0.122524 -0.142848 0.563939
0.122810 -0.142125 0.563812
0.122541 -0.142207 0.564425
0.123601 -0.142441 0.564468
0.123189 -0.142658 0.565721
0.124172 -0.142415 0.565303
0.124944 -0.142820 0.565543
0.125012 -0.142292 0.565756
0.124431 -0.142720 0.565999
0.125941 -0.141450 0.566572
0.127242 -0.142924 0.566977
0.127634 -0.141809 0.567212
0.127119 -0.141776 0.567080
0.126705 -0.142910 0.566146
0.127579 -0.142317 0.566654
0.128732 -0.142356 0.567595
0.127956 -0.142661 0.568893
0.129159 -0.142346 0.568916
0.128942 -0.142636 0.569352
0.129633 -0.142200 0.569392
0.130457 -0.142047 0.569753
0.130947 -0.142942 0.569215
0.129483 -0.142146 0.570654
0.131020 -0.141361 0.570884
0.130742 -0.141739 0.570636
0.131136 -0.141064 0.571853
0.131895 -0.142103 0.571538
0.132961 -0.142841 0.572468
0.131677 -0.142224 0.573083
0.133810 -0.141812 0.572990
0.133234 -0.142259 0.573321
0.133192 -0.142370 0.574541
0.133151 -0.142327 0.574966
0.133691 -0.143390 0.574781
0.133521 -0.142151 0.574907
0.134870 -0.143016 0.574707
0.135820 -0.141604 0.576204
0.135205 -0.142553 0.575663
0.135463 -0.141682 0.576532
0.136059 -0.142056 0.576984
0.135682 -0.142898 0.577943
0.135167 -0.141997 0.577775
0.136200 -0.141980 0.577855
0.136864 -0.141658 0.578531
0.136349 -0.142623 0.579522
0.136933 -0.141942 0.578750
0.137889 -0.141773 0.579564
0.137917 -0.142969 0.579678
0.138586 -0.142890 0.580199
0.138290 -0.142389 0.581188
0.138643 -0.141989 0.581773
0.138364 -0.142180 0.582238
0.137507 -0.142657 0.582707
0.139871 -0.143224 0.583740
0.138534 -0.141843 0.583341
0.140000 -0.141250 0.583717
0.139223 -0.142891 0.584829
0.140286 -0.142338 0.584721
0.139501 -0.142797 0.585333
0.139118 -0.141953 0.585446
0.140220 -0.141368 0.586581
0.139763 -0.141946 0.586963
0.139961 -0.141996 0.587657
0.141203 -0.141749 0.587058
0.141099 -0.142847 0.589018
0.139977 -0.142250 0.589254
0.141889 -0.142183 0.590257
0.141142 -0.142775 0.589626
0.141070 -0.142369 0.589687
0.141377 -0.142238 0.591975
0.140922 -0.142263 0.591711
0.141413 -0.141903 0.591615
0.141590 -0.141878 0.592539
0.140544 -0.142798 0.592853
0.140880 -0.141910 0.594184
0.142719 -0.142723 0.593239
0.141649 -0.142933 0.593804
0.142206 -0.143074 0.594766
0.142047 -0.142442 0.595182
0.142187 -0.142890 0.595516
0.142104 -0.142205 0.596327
0.142636 -0.142895 0.596632
0.142532 -0.142563 0.597240
0.143029 -0.141866 0.597419
0.142571 -0.142834 0.598142
0.141570 -0.142284 0.598478
0.142587 -0.141809 0.599162
0.142673 -0.142664 0.600163
0.142454 -0.141246 0.601042
0.142118 -0.141842 0.600373
0.142789 -0.141521 0.601186
0.141529 -0.142535 0.601221
0.142115 -0.141988 0.602996
0.142971 -0.142571 0.603164
0.141396 -0.141385 0.603424
0.142379 -0.142366 0.604908
0.142523 -0.142684 0.604124
0.141653 -0.141993 0.605170
0.141700 -0.142143 0.605209
0.142595 -0.141900 0.606374
0.142123 -0.143090 0.605837
0.141776 -0.142772 0.606897
0.141655 -0.142118 0.606888
0.141821 -0.141913 0.608580
0.142097 -0.142234 0.607853
0.141298 -0.141867 0.608805
0.141987 -0.142405 0.609095
0.140832 -0.142632 0.609849
0.142331 -0.141499 0.609950
0.141324 -0.142834 0.610056
0.140027 -0.142019 0.611045
0.139574 -0.142542 0.612460
0.140954 -0.143041 0.612263
0.140898 -0.142759 0.611896
0.140329 -0.142433 0.613314
0.139852 -0.142544 0.613651
0.140766 -0.142428 0.614095
0.140826 -0.141978 0.614776
0.139273 -0.142162 0.614385
0.139209 -0.141838 0.614943
0.139586 -0.142289 0.615332
0.138488 -0.143562 0.615919
0.139143 -0.142767 0.617032
0.138355 -0.141170 0.616680
0.138931 -0.142338 0.617477
0.138134 -0.143397 0.617342
0.137822 -0.143424 0.618773
0.137285 -0.142308 0.618691
0.137232 -0.141923 0.620122
0.137131 -0.142149 0.619681
0.137294 -0.142205 0.619170
0.136614 -0.142867 0.620532
0.137099 -0.143244 0.621491
0.136729 -0.142289 0.621108
0.136489 -0.142116 0.622105
0.136649 -0.141894 0.622027
0.135839 -0.142265 0.622911
0.134804 -0.143035 0.623539
0.135633 -0.142470 0.622708
0.134856 -0.143001 0.624846
0.134793 -0.142551 0.625748
0.134046 -0.142264 0.625408
0.134643 -0.142675 0.625004
0.134171 -0.142521 0.626276
0.133732 -0.142189 0.625978
0.133072 -0.142172 0.626973
0.133190 -0.142739 0.626817
0.132025 -0.142893 0.626622
0.132612 -0.141440 0.628154
0.132051 -0.142988 0.627504
0.132177 -0.141126 0.628800
0.130807 -0.142210 0.630062
0.131094 -0.142619 0.629089
0.131086 -0.142480 0.628719
0.130027 -0.142178 0.629541
0.128864 -0.142208 0.630262
0.128668 -0.143394 0.631080
0.129561 -0.142149 0.631688
0.129007 -0.143326 0.631556
0.128147 -0.141920 0.632278
0.127962 -0.142119 0.632539
0.127627 -0.142829 0.631990
0.126889 -0.141496 0.632914
0.126735 -0.141994 0.633958
0.126655 -0.141540 0.632290
0.125680 -0.142570 0.633790
0.125672 -0.143223 0.633601
0.125758 -0.142025 0.633520
0.124675 -0.142445 0.634372
0.124812 -0.142064 0.633585
0.124450 -0.142683 0.635090
0.123470 -0.141518 0.634792
0.122994 -0.143071 0.634994
0.122927 -0.141663 0.635282
0.122736 -0.142195 0.637216
0.121238 -0.141769 0.637323
0.121944 -0.142814 0.637470
0.121091 -0.142875 0.637551
0.120955 -0.138471 0.563440
0.121773 -0.138891 0.563791
0.121147 -0.139811 0.563551
0.123303 -0.138822 0.563950
0.123073 -0.139361 0.564300
0.123702 -0.138624 0.565197
0.123413 -0.139234 0.565102
0.125042 -0.139285 0.565937
0.124378 -0.139090 0.565977
0.125044 -0.138921 0.565092
0.125359 -0.138033 0.565823
0.125909 -0.139755 0.566207
0.126139 -0.139283 0.566478
0.126523 -0.138903 0.566642
0.126761 -0.139061 0.566693
0.126990 -0.138934 0.567258
0.127988 -0.139253 0.568396
0.128365 -0.138105 0.567359
0.127460 -0.138031 0.568082
0.128225 -0.138509 0.569630
0.130534 -0.138137 0.568736
0.129224 -0.138844 0.568995
0.130154 -0.139219 0.570143
0.129972 -0.140087 0.569862
0.130131 -0.139107 0.570620
0.130723 -0.138912 0.570675
0.131691 -0.139734 0.571560
0.131796 -0.139518 0.572286
0.132482 -0.138654 0.571954
0.132373 -0.139304 0.572379
0.133110 -0.139514 0.572121
0.133129 -0.138603 0.573029
0.134083 -0.137987 0.572555
0.133152 -0.139848 0.574530
0.132824 -0.138962 0.573686
0.133252 -0.138418 0.574712
0.134151 -0.139247 0.575251
0.135446 -0.138932 0.575824
0.134605 -0.139054 0.575893
0.134482 -0.138324 0.576028
0.135734 -0.138982 0.577416
0.135242 -0.138987 0.577254
0.135903 -0.138494 0.576899
0.136615 -0.139237 0.578101
0.136065 -0.138658 0.579322
0.136788 -0.139287 0.578234
0.136905 -0.138713 0.578537
0.136937 -0.138714 0.580450
0.139141 -0.138703 0.580435
0.138462 -0.139819 0.580961
0.137879 -0.139292 0.580924
0.138010 -0.140458 0.581248
0.138976 -0.139274 0.582333
0.138645 -0.138945 0.582379
0.138857 -0.139382 0.582688
0.139879 -0.140149 0.583433
0.139885 -0.139739 0.584395
0.139221 -0.139059 0.583570
0.140481 -0.138708 0.585294
0.140174 -0.138842 0.585652
0.139570 -0.139109 0.585939
0.140605 -0.139009 0.586145
0.139856 -0.138036 0.586638
0.140474 -0.138380 0.586843
0.140990 -0.140082 0.587671
0.140822 -0.138878 0.588666
0.141394 -0.138913 0.588558
0.140938 -0.139114 0.588828
0.141172 -0.139591 0.589652
0.140480 -0.138710 0.589590
0.140827 -0.138698 0.590681
0.141286 -0.138809 0.590580
0.142242 -0.138499 0.591348
0.142043 -0.138733 0.591668
0.141680 -0.138870 0.592993
0.140307 -0.139429 0.593168
0.142004 -0.138829 0.593049
0.141760 -0.138734 0.593177
0.142091 -0.138279 0.593408
0.142367 -0.139547 0.594788
0.141750 -0.138679 0.595330
0.142666 -0.138764 0.596085
0.142418 -0.139920 0.595773
0.141803 -0.138740 0.597734
0.141446 -0.138624 0.597042
0.142151 -0.139261 0.597522
0.142943 -0.138852 0.598225
0.142282 -0.139770 0.598449
0.142012 -0.139631 0.599267
0.142260 -0.138792 0.599775
0.142733 -0.139129 0.600462
0.142326 -0.139905 0.600440
0.142773 -0.139470 0.602012
0.143744 -0.139247 0.602611
0.141945 -0.138087 0.602605
0.143164 -0.138078 0.602904
0.142973 -0.139576 0.603022
0.142003 -0.139224 0.603718
0.142283 -0.139157 0.604513
0.142545 -0.138903 0.604860
0.142371 -0.140052 0.604703
0.143275 -0.139953 0.605708
0.141252 -0.140080 0.606348
0.141745 -0.139533 0.606127
0.141587 -0.138736 0.607381
0.141774 -0.137696 0.607802
0.141855 -0.138671 0.607028
0.141362 -0.139403 0.608374
0.140916 -0.138970 0.609095
0.141860 -0.139615 0.609816
0.140560 -0.138691 0.610191
0.141661 -0.138633 0.611197
0.141655 -0.139248 0.610588
0.141188 -0.139043 0.611886
0.140929 -0.139226 0.611884
0.140128 -0.139055 0.612121
0.140490 -0.139206 0.613687
0.139862 -0.140042 0.613647
0.139710 -0.138873 0.614465
0.140056 -0.139565 0.614832
0.139770 -0.139275 0.615105
0.139739 -0.138568 0.615455
0.139839 -0.138167 0.615054
0.138435 -0.138759 0.616571
0.139029 -0.138912 0.616998
0.139409 -0.139513 0.617213
0.138571 -0.139344 0.617053
0.138569 -0.139623 0.617605
0.138283 -0.139496 0.618476
0.137959 -0.138753 0.619036
0.138001 -0.138727 0.620215
0.137516 -0.140184 0.619890
0.137037 -0.138056 0.620629
0.137684 -0.138968 0.620522
0.136806 -0.139065 0.620249
0.137231 -0.139478 0.621662
0.135577 -0.138722 0.622102
0.135791 -0.139081 0.621515
0.135828 -0.139264 0.624333
0.134427 -0.138969 0.623109
0.135512 -0.138670 0.624489
0.134574 -0.138427 0.624493
0.135003 -0.137552 0.624763
0.134685 -0.139078 0.624672
0.133626 -0.138785 0.625375
0.133539 -0.139195 0.625526
0.133700 -0.138782 0.625915
0.132784 -0.138969 0.627530
0.132710 -0.138667 0.627070
0.132083 -0.139078 0.627320
0.133108 -0.138859 0.627755
0.132109 -0.138714 0.628278
0.131303 -0.139558 0.628408
0.131618 -0.139147 0.628705
0.130946 -0.138963 0.629990
0.130665 -0.137834 0.630138
0.129625 -0.139307 0.629633
0.129925 -0.139372 0.630257
0.129688 -0.139635 0.630799
0.129088 -0.139419 0.631164
0.128266 -0.138083 0.631042
0.128840 -0.138116 0.630983
0.127951 -0.138806 0.631954
0.128650 -0.138975 0.632335
0.127132 -0.138629 0.631946
0.127358 -0.138892 0.632205
0.126384 -0.138876 0.633286
0.125594 -0.140165 0.632730
0.126506 -0.139271 0.632738
0.125708 -0.139094 0.634599
0.124905 -0.139267 0.634661
0.124586 -0.140012 0.635449
0.124142 -0.138157 0.634497
0.124262 -0.138575 0.634453
0.123753 -0.138866 0.634440
0.123096 -0.138419 0.635732
0.122195 -0.138361 0.636326
0.122816 -0.138675 0.636452
0.121493 -0.139229 0.636589
0.122444 -0.139001 0.637163
0.120804 -0.135699 0.563385
0.121033 -0.135892 0.563911
0.123280 -0.135289 0.563595
0.122731 -0.136394 0.563644
0.122402 -0.135655 0.564374
0.123151 -0.135974 0.565428
0.124636 -0.135516 0.564557
0.124967 -0.134839 0.564842
0.124544 -0.136235 0.564344
0.124663 -0.135151 0.564846
0.125607 -0.135535 0.565175
0.125795 -0.135587 0.566293
0.126025 -0.135680 0.566148
0.126296 -0.135847 0.566590
0.126844 -0.135610 0.567624
0.126886 -0.135647 0.568133
0.128550 -0.135577 0.567895
0.128872 -0.136159 0.568132
0.128477 -0.135784 0.569524
0.129174 -0.135970 0.568499
0.130203 -0.135322 0.569015
0.129668 -0.135576 0.569360
0.129848 -0.135412 0.569967
0.130093 -0.135348 0.570675
0.130885 -0.134410 0.570713
0.131576 -0.135925 0.570464
0.131740 -0.135808 0.571151
0.131620 -0.136151 0.571763
0.132205 -0.135900 0.571793
0.131027 -0.135370 0.572779
0.132379 -0.136070 0.572845
0.133931 -0.135041 0.573367
0.133062 -0.135522 0.573969
0.134731 -0.135583 0.574699
0.134088 -0.135279 0.573892
0.133493 -0.135418 0.574323
0.134346 -0.136009 0.575866
0.134755 -0.136336 0.575141
0.135710 -0.135763 0.576104
0.134683 -0.135525 0.576054
0.135687 -0.136183 0.576790
0.136105 -0.136199 0.577594
0.135911 -0.135521 0.576891
0.135636 -0.135756 0.578493
0.136099 -0.135446 0.577773
0.135868 -0.135285 0.579166
0.137232 -0.135679 0.579682
0.137312 -0.135874 0.579372
0.136386 -0.135736 0.580413
0.137150 -0.135428 0.581241
0.137882 -0.135705 0.581630
0.139060 -0.135620 0.581006
0.138346 -0.135541 0.582359
0.139398 -0.135809 0.582488
0.139061 -0.135095 0.581738
0.139056 -0.135800 0.583767
0.138924 -0.135412 0.584460
0.139060 -0.136226 0.583630
0.139580 -0.136275 0.585011
0.139681 -0.135490 0.585097
0.140733 -0.135099 0.584639
0.140714 -0.135534 0.585791
0.140715 -0.135304 0.586759
0.140417 -0.135685 0.586855
0.141106 -0.136252 0.588408
0.141521 -0.135766 0.587967
0.141069 -0.135296 0.588548
0.140752 -0.136154 0.588717
0.140574 -0.135531 0.589722
0.142336 -0.135993 0.589482
0.141327 -0.135806 0.590013
0.141879 -0.135509 0.590801
0.141030 -0.136227 0.591363
0.141599 -0.136243 0.592325
0.141636 -0.135687 0.592360
0.141225 -0.135903 0.591723
0.142315 -0.136023 0.592759
0.141746 -0.135080 0.594018
0.142849 -0.134947 0.594436
0.142638 -0.135680 0.593656
0.142527 -0.135510 0.595138
0.141729 -0.135529 0.595254
0.142693 -0.135294 0.596199
0.141634 -0.135605 0.596690
0.142221 -0.135188 0.597546
0.141238 -0.135270 0.598245
0.142093 -0.135690 0.597821
0.143044 -0.136025 0.598465
0.142072 -0.135884 0.599540
0.141701 -0.135460 0.599649
0.142500 -0.135110 0.599892
0.142019 -0.135620 0.600278
0.142634 -0.135736 0.600749
0.142421 -0.135477 0.600948
0.142930 -0.136129 0.602669
0.141939 -0.135640 0.602750
0.143200 -0.135218 0.602996
0.142550 -0.135668 0.603690
0.141914 -0.135647 0.604192
0.141687 -0.135549 0.604442
0.142754 -0.136587 0.605487
0.141424 -0.135538 0.605681
0.141534 -0.136023 0.606609
0.142155 -0.135606 0.607072
0.142188 -0.135565 0.607359
0.141563 -0.135457 0.607277
0.141692 -0.135679 0.608144
0.141599 -0.135345 0.608667
0.140871 -0.136160 0.609328
0.141326 -0.135837 0.609942
0.141218 -0.135805 0.610114
0.141688 -0.135231 0.611131
0.140680 -0.135813 0.611428
0.139693 -0.135046 0.610697
0.140027 -0.136273 0.611574
0.140439 -0.134675 0.612335
0.140460 -0.135835 0.611779
0.139743 -0.134356 0.613614
0.140627 -0.136863 0.613765
0.139893 -0.135568 0.614556
0.139863 -0.135583 0.614779
0.138873 -0.135386 0.615270
0.139859 -0.135472 0.615189
0.139878 -0.136660 0.615709
0.139177 -0.135720 0.616399
0.138383 -0.135311 0.616776
0.138707 -0.135146 0.618095
0.139191 -0.135965 0.617994
0.139136 -0.135294 0.618524
0.137342 -0.135742 0.618488
0.138283 -0.135507 0.618315
0.136984 -0.135914 0.620149
0.137486 -0.135682 0.619560
0.137175 -0.134975 0.620919
0.137122 -0.135799 0.620984
0.136752 -0.134512 0.621608
0.136510 -0.136085 0.621707
0.135063 -0.135271 0.623859
0.135571 -0.135851 0.621963
0.135630 -0.134997 0.623060
0.135210 -0.134762 0.623265
0.135594 -0.135792 0.623319
0.134310 -0.135405 0.624703
0.134746 -0.135222 0.625038
0.134385 -0.135694 0.626217
0.133205 -0.136069 0.626706
0.133949 -0.134899 0.626393
0.134691 -0.135990 0.625857
0.132600 -0.136151 0.627379
0.132083 -0.136046 0.626771
0.133227 -0.135441 0.629039
0.132088 -0.136013 0.627588
0.130345 -0.134557 0.628325
0.131628 -0.135887 0.629134
0.131648 -0.135954 0.628239
0.130892 -0.135827 0.630359
0.130810 -0.135638 0.629700
0.130807 -0.135586 0.630002
0.130206 -0.135206 0.630456
0.130419 -0.134637 0.630990
0.129498 -0.136073 0.630999
0.128359 -0.135593 0.631249
0.127169 -0.134819 0.631376
0.127560 -0.135329 0.631845
0.127749 -0.135622 0.632520
0.126721 -0.135174 0.633185
0.126508 -0.135554 0.633365
0.126024 -0.135742 0.632670
0.125713 -0.135739 0.633733
0.126051 -0.135467 0.634009
0.125446 -0.135336 0.634819
0.125383 -0.136422 0.633996
0.124507 -0.136090 0.634768
0.122700 -0.135393 0.635748
0.123721 -0.135463 0.635545
0.122647 -0.135334 0.635778
0.122394 -0.135818 0.637034
0.121642 -0.135083 0.636338
0.121947 -0.135668 0.636528
0.121782 -0.135290 0.635833
0.121478 -0.132304 0.564416
0.121018 -0.132658 0.563172
0.121915 -0.132239 0.563426
0.123498 -0.131817 0.564177
0.123368 -0.132162 0.564183
0.123532 -0.132888 0.564546
0.123298 -0.132560 0.565934
0.123348 -0.132384 0.565607
0.124670 -0.131993 0.566304
0.125009 -0.132220 0.565699
0.126216 -0.132185 0.566507
0.126218 -0.132809 0.566060
0.125513 -0.131721 0.567180
0.127161 -0.132980 0.566555
0.127466 -0.132834 0.567988
0.126943 -0.132744 0.567240
0.127851 -0.132614 0.567759
0.128017 -0.132080 0.567292
0.127744 -0.132590 0.568369
0.129271 -0.131547 0.568049
0.129828 -0.132189 0.569693
0.129403 -0.131736 0.568661
0.129350 -0.131342 0.570704
0.130322 -0.132879 0.569708
0.130939 -0.131670 0.570649
0.131336 -0.132553 0.570141
0.131320 -0.132670 0.571227
0.131960 -0.132359 0.571679
0.131963 -0.132164 0.572222
0.132462 -0.132144 0.572173
0.132741 -0.132324 0.572150
0.133085 -0.132754 0.572669
0.133510 -0.132724 0.573233
0.132983 -0.132169 0.573798
0.134055 -0.132202 0.574368
0.134693 -0.131870 0.574436
0.135411 -0.132944 0.575841
0.134543 -0.131942 0.575362
0.134602 -0.131659 0.576048
0.135792 -0.131732 0.576328
0.135355 -0.132048 0.577239
0.134768 -0.131144 0.577144
0.136288 -0.132248 0.577452
0.136565 -0.132484 0.577663
0.136334 -0.132454 0.578439
0.136068 -0.131810 0.578657
0.137663 -0.132449 0.578421
0.137807 -0.132930 0.578859
0.136531 -0.132380 0.579962
0.137155 -0.131986 0.580651
0.137937 -0.132746 0.580465
0.138691 -0.131485 0.580594
0.139199 -0.131766 0.582854
0.138247 -0.132566 0.582406
0.138508 -0.132136 0.583443
0.139358 -0.131771 0.584166
0.138783 -0.131930 0.583765
0.139078 -0.132420 0.584443
0.139908 -0.132101 0.585571
0.140328 -0.131650 0.585519
0.139597 -0.131292 0.585441
0.139630 -0.132290 0.585542
0.140278 -0.132361 0.586641
0.139804 -0.131145 0.587906
0.140561 -0.132773 0.587535
0.140747 -0.132512 0.587374
0.140354 -0.133451 0.588399
0.140254 -0.131946 0.589073
0.141275 -0.133240 0.589817
0.141650 -0.132409 0.590520
0.140809 -0.131774 0.590500
0.141195 -0.132498 0.590988
0.141135 -0.132450 0.591639
0.140994 -0.132697 0.591638
0.141910 -0.132841 0.591816
0.141512 -0.133092 0.592776
0.142161 -0.132555 0.594083
0.141996 -0.130457 0.594368
0.141683 -0.132089 0.594971
0.141929 -0.132876 0.594827
0.142486 -0.131886 0.595245
0.142775 -0.131936 0.596083
0.142302 -0.131943 0.596450
0.142483 -0.131978 0.597579
0.142519 -0.132492 0.597754
0.142037 -0.132405 0.597871
0.142676 -0.132257 0.598473
0.141904 -0.132852 0.598961
0.142074 -0.132121 0.599126
0.143528 -0.133305 0.600774
0.142752 -0.132082 0.600023
0.143133 -0.131877 0.600189
0.142630 -0.133076 0.600198
0.142250 -0.131561 0.602276
0.141882 -0.131954 0.602043
0.142310 -0.132265 0.602277
0.143249 -0.132533 0.602906
0.142413 -0.132768 0.603758
0.142835 -0.131550 0.604716
0.142387 -0.132026 0.603395
0.141285 -0.132125 0.605114
0.141649 -0.132732 0.605377
0.141606 -0.131919 0.606384
0.142399 -0.132219 0.607133
0.142418 -0.133156 0.606426
0.141486 -0.131742 0.608085
0.141357 -0.133020 0.606755
0.141496 -0.132980 0.607998
0.142246 -0.131570 0.609673
0.141074 -0.133011 0.609710
0.141675 -0.132344 0.609989
0.141080 -0.132652 0.610010
0.141245 -0.131899 0.611252
0.139528 -0.131976 0.612220
0.140712 -0.131939 0.612409
0.140223 -0.131660 0.611867
0.139896 -0.131101 0.612078
0.139954 -0.132238 0.613331
0.140520 -0.132255 0.613637
0.140186 -0.132157 0.614012
0.139611 -0.131242 0.614726
0.140258 -0.133091 0.615214
0.138793 -0.132982 0.615285
0.139259 -0.132767 0.616322
0.138890 -0.132719 0.616577
0.138173 -0.132251 0.616793
0.138143 -0.132373 0.617391
0.138491 -0.132200 0.618118
0.137671 -0.130982 0.618334
0.137069 -0.131922 0.619492
0.138117 -0.131878 0.619181
0.137756 -0.132137 0.620922
0.137254 -0.132186 0.619948
0.137948 -0.132296 0.621005
0.136517 -0.132541 0.620765
0.137079 -0.132656 0.622391
0.135832 -0.131869 0.622087
0.135690 -0.131960 0.622865
0.135587 -0.132199 0.622230
0.135788 -0.132326 0.624061
0.135307 -0.132883 0.623679
0.134995 -0.132590 0.622848
0.134420 -0.132373 0.624751
0.135652 -0.132798 0.624757
0.134581 -0.131876 0.625921
0.135397 -0.131576 0.625799
0.133203 -0.132085 0.626745
0.133332 -0.132176 0.626393
0.133206 -0.132626 0.626966
0.132970 -0.131810 0.627207
0.132620 -0.132261 0.627925
0.131931 -0.132349 0.628481
0.131249 -0.131965 0.628756
0.130825 -0.132611 0.628058
0.130851 -0.132356 0.628326
0.130564 -0.132852 0.628998
0.130996 -0.132363 0.629993
0.129963 -0.133267 0.629763
0.129687 -0.132105 0.630412
0.129717 -0.132498 0.632112
0.129644 -0.132442 0.632286
0.129001 -0.132737 0.631392
0.128348 -0.131854 0.632487
0.128359 -0.132015 0.632423
0.127863 -0.132154 0.633248
0.127424 -0.132610 0.632763
0.127019 -0.132433 0.633027
0.125886 -0.132213 0.633469
0.126348 -0.131740 0.633702
0.125195 -0.132280 0.633862
0.124583 -0.133461 0.635074
0.124085 -0.132785 0.634033
0.125190 -0.131970 0.635258
0.124292 -0.131961 0.635699
0.123926 -0.131860 0.634961
0.123056 -0.132262 0.636165
0.123130 -0.131573 0.636504
0.121986 -0.132125 0.636041
0.121628 -0.132408 0.635978
0.121152 -0.132491 0.637497
0.121058 -0.128694 0.563590
0.122047 -0.129230 0.563432
0.122948 -0.129264 0.564198
0.122036 -0.128186 0.564162
0.123474 -0.128713 0.563923
0.122825 -0.128691 0.564126
0.124083 -0.128925 0.564688
0.124879 -0.129017 0.565232
0.124358 -0.128747 0.565214
0.124997 -0.127824 0.565404
0.124865 -0.129089 0.565112
0.125604 -0.129265 0.566348
0.126465 -0.128417 0.567162
0.126539 -0.128965 0.566613
0.127379 -0.127964 0.567221
0.127097 -0.128734 0.567670
0.127400 -0.128527 0.568555
0.127410 -0.129096 0.567986
0.129231 -0.129213 0.569199
0.128724 -0.128894 0.568561
0.128899 -0.129685 0.569366
0.129498 -0.129975 0.569414
0.130322 -0.127993 0.569211
0.130306 -0.128219 0.569824
0.130915 -0.129266 0.570160
0.130647 -0.129477 0.571418
0.131430 -0.128684 0.570774
0.130686 -0.130000 0.571778
0.132090 -0.129166 0.572129
0.132871 -0.128409 0.571656
0.132098 -0.128932 0.573122
0.132671 -0.128789 0.573630
0.132829 -0.130286 0.573458
0.133461 -0.128446 0.573771
0.133391 -0.128843 0.574611
0.134440 -0.129408 0.575424
0.133913 -0.128917 0.575876
0.135338 -0.129446 0.575444
0.136126 -0.128550 0.575202
0.135912 -0.129378 0.576708
0.135075 -0.128733 0.576895
0.136122 -0.128568 0.577018
0.135533 -0.128558 0.577951
0.136489 -0.128939 0.578907
0.137430 -0.128577 0.578512
0.136591 -0.127881 0.579619
0.137320 -0.130367 0.579178
0.137206 -0.129802 0.580030
0.137508 -0.128955 0.581246
0.137636 -0.128862 0.580824
0.138644 -0.128902 0.581244
0.139270 -0.129111 0.581489
0.138555 -0.129552 0.582557
0.138782 -0.129466 0.582211
0.138601 -0.128557 0.582982
0.139386 -0.127981 0.583346
0.139175 -0.129159 0.583634
0.138971 -0.128501 0.585018
0.139788 -0.128882 0.585834
0.139657 -0.128743 0.585494
0.139202 -0.129215 0.585822
0.139590 -0.129072 0.586925
0.140225 -0.129070 0.585673
0.140907 -0.129113 0.586794
0.140548 -0.128505 0.588403
0.139822 -0.128714 0.589072
0.141461 -0.128657 0.589061
0.140529 -0.128808 0.589210
0.141008 -0.129027 0.590033
0.141428 -0.129385 0.589736
0.141281 -0.128446 0.590756
0.140776 -0.129639 0.590719
0.141707 -0.129276 0.591060
0.141983 -0.129633 0.591941
0.141504 -0.128635 0.591683
0.140606 -0.128895 0.593405
0.142286 -0.129476 0.592896
0.142209 -0.127740 0.594553
0.141966 -0.129411 0.594992
0.141334 -0.129790 0.594134
0.141401 -0.128807 0.595258
0.141979 -0.129513 0.595458
0.142892 -0.128992 0.596313
0.142314 -0.129166 0.597388
0.142534 -0.129058 0.596599
0.142037 -0.129434 0.597337
0.142237 -0.128587 0.598096
0.142610 -0.129016 0.599001
0.142080 -0.128596 0.600326
0.142901 -0.128364 0.599761
0.143071 -0.128392 0.600001
0.142412 -0.129170 0.601327
0.143046 -0.129354 0.602261
0.142552 -0.129532 0.601332
0.142389 -0.128693 0.602175
0.142947 -0.129098 0.602676
0.142578 -0.129175 0.603134
0.142680 -0.129413 0.603458
0.141832 -0.129011 0.604212
0.142277 -0.128609 0.605152
0.142385 -0.128770 0.605204
0.142174 -0.128402 0.606083
0.142891 -0.129875 0.606349
0.141594 -0.129662 0.605758
0.142333 -0.129088 0.607626
0.140632 -0.128977 0.607127
0.141568 -0.128201 0.607836
0.141180 -0.129242 0.608013
0.140549 -0.129718 0.608996
0.141518 -0.128877 0.609299
0.141818 -0.128447 0.611107
0.141212 -0.128437 0.610731
0.141579 -0.129018 0.612074
0.141690 -0.129587 0.611066
0.140500 -0.129151 0.611544
0.140572 -0.128341 0.612554
0.140052 -0.129549 0.613507
0.139998 -0.128191 0.612956
0.140455 -0.128839 0.614203
0.140437 -0.128970 0.615223
0.140636 -0.128767 0.615202
0.139330 -0.129087 0.616125
0.139295 -0.128293 0.616537
0.138665 -0.130365 0.615504
0.139831 -0.129109 0.616324
0.139425 -0.129154 0.617321
0.137936 -0.129858 0.617738
0.137691 -0.129119 0.617502
0.139272 -0.128979 0.618591
0.138660 -0.129045 0.619139
0.138100 -0.129133 0.619095
0.138216 -0.129354 0.620135
0.136510 -0.129785 0.620922
0.137119 -0.128697 0.621478
0.136749 -0.128875 0.621047
0.136137 -0.128897 0.622370
0.137122 -0.129066 0.622472
0.136615 -0.127785 0.623823
0.136356 -0.128476 0.622878
0.134968 -0.128239 0.623127
0.135124 -0.129192 0.624009
0.135597 -0.128817 0.623715
0.134995 -0.129349 0.624973
0.133799 -0.129509 0.624885
0.133721 -0.129297 0.625237
0.134170 -0.129151 0.626293
0.133739 -0.129158 0.625882
0.132250 -0.128550 0.626341
0.133015 -0.128853 0.627108
0.131825 -0.129974 0.627622
0.131833 -0.129110 0.627601
0.132505 -0.129325 0.627978
0.130404 -0.128917 0.628527
0.131353 -0.128884 0.627817
0.130995 -0.129077 0.628832
0.130967 -0.129661 0.629205
0.130381 -0.128973 0.629744
0.129135 -0.128190 0.629334
0.129582 -0.128454 0.630469
0.129515 -0.128429 0.631263
0.128078 -0.128722 0.631334
0.129352 -0.129113 0.632527
0.127277 -0.129107 0.633113
0.127914 -0.128443 0.632714
0.127803 -0.128362 0.631650
0.126367 -0.129080 0.632900
0.126587 -0.128885 0.632465
0.126171 -0.129482 0.632861
0.125791 -0.129202 0.633668
0.125153 -0.129432 0.634044
0.124945 -0.129548 0.633567
0.124444 -0.128197 0.634489
0.124501 -0.129430 0.635086
0.122439 -0.128939 0.634449
0.123246 -0.129335 0.635744
0.123624 -0.129384 0.634962
0.123124 -0.129643 0.635513
0.122056 -0.129299 0.636133
0.121266 -0.129187 0.637477
0.121058 -0.129184 0.637421
0.121936 -0.125268 0.563468
0.122268 -0.125161 0.563893
0.121968 -0.125800 0.564311
0.122726 -0.124763 0.564920
0.122997 -0.125751 0.564284
0.123534 -0.126044 0.565643
0.124564 -0.125392 0.564295
0.123409 -0.125147 0.564848
0.124784 -0.125195 0.565219
0.125597 -0.126166 0.565402
0.124829 -0.125299 0.565766
0.124710 -0.124868 0.566495
0.125849 -0.126815 0.566685
0.125766 -0.125465 0.566634
0.127407 -0.125995 0.567842
0.128062 -0.125786 0.566777
0.127541 -0.126250 0.567826
0.127285 -0.125403 0.568972
0.127570 -0.125985 0.568247
0.128877 -0.125441 0.568386
0.129290 -0.125736 0.569560
0.129712 -0.125284 0.569514
0.130133 -0.125355 0.569493
0.130382 -0.125012 0.569918
0.130571 -0.125552 0.570294
0.130837 -0.125253 0.570288
0.131420 -0.125396 0.571047
0.131363 -0.126116 0.572322
0.131683 -0.125272 0.570752
0.132044 -0.125110 0.572658
0.133038 -0.125689 0.573433
0.133084 -0.125679 0.573323
0.133102 -0.125640 0.573217
0.134009 -0.125501 0.573468
0.133929 -0.126566 0.574078
0.134159 -0.126072 0.574562
0.134626 -0.125765 0.574804
0.134854 -0.126502 0.575529
0.135269 -0.125845 0.575872
0.134934 -0.125392 0.575953
0.136142 -0.126422 0.576627
0.135917 -0.125535 0.577776
0.136764 -0.124597 0.577638
0.135931 -0.125869 0.578167
0.137078 -0.125826 0.578106
0.136414 -0.126508 0.579228
0.138293 -0.125867 0.580027
0.136778 -0.125073 0.579594
0.138580 -0.125298 0.580026
0.137441 -0.125166 0.580181
0.137643 -0.126470 0.579944
0.138437 -0.125478 0.582326
0.138899 -0.125960 0.581419
0.138919 -0.125260 0.582453
0.139263 -0.126229 0.582525
0.138665 -0.124313 0.582998
0.139000 -0.125821 0.583130
0.139153 -0.125581 0.583707
0.140597 -0.125281 0.585565
0.139262 -0.125734 0.585515
0.140988 -0.126160 0.586056
0.139473 -0.124915 0.586734
0.141172 -0.125568 0.587171
0.140414 -0.126573 0.588006
0.141457 -0.125368 0.587693
0.141475 -0.124543 0.589462
0.139678 -0.125541 0.588629
0.141050 -0.125075 0.588639
0.141603 -0.126141 0.590361
0.141240 -0.125938 0.589777
0.141487 -0.125904 0.589619
0.140962 -0.124972 0.591137
0.140751 -0.126050 0.592575
0.142608 -0.125229 0.591691
0.141850 -0.125344 0.592532
0.142094 -0.125986 0.593901
0.141346 -0.125627 0.593026
0.141907 -0.124915 0.593415
0.142754 -0.125522 0.594570
0.141975 -0.126043 0.594069
0.142705 -0.125449 0.595409
0.142570 -0.125588 0.595685
0.142174 -0.125881 0.596535
0.142857 -0.126277 0.596690
0.141701 -0.124953 0.597643
0.142456 -0.126118 0.598416
0.141976 -0.124740 0.598161
0.143098 -0.124920 0.598196
0.142492 -0.125776 0.599834
0.142103 -0.125277 0.599781
0.142484 -0.125021 0.600559
0.142252 -0.125843 0.600066
0.142450 -0.126287 0.601813
0.142772 -0.126142 0.602013
0.142371 -0.125053 0.602067
0.142828 -0.125699 0.602558
0.141631 -0.125511 0.603137
0.141947 -0.126047 0.603454
0.141874 -0.125720 0.604700
0.142543 -0.126097 0.604024
0.142257 -0.125305 0.605204
0.142035 -0.125359 0.605829
0.142369 -0.125940 0.605730
0.142681 -0.125339 0.607924
0.142091 -0.125231 0.607661
0.141029 -0.125934 0.608175
0.141335 -0.125569 0.608441
0.141157 -0.125575 0.608885
0.141681 -0.125702 0.609668
0.141506 -0.125628 0.609735
0.141312 -0.124986 0.609881
0.140637 -0.125956 0.611500
0.140798 -0.125104 0.610959
0.140326 -0.125860 0.611436
0.140829 -0.126304 0.613218
0.140072 -0.124550 0.612566
0.140134 -0.125465 0.613333
0.140405 -0.125277 0.613787
0.140456 -0.125762 0.614343
0.139437 -0.125031 0.615259
0.138889 -0.124653 0.615092
0.139492 -0.125584 0.614720
0.139873 -0.125258 0.616810
0.139383 -0.126013 0.617067
0.139883 -0.126044 0.616874
0.139026 -0.125335 0.617331
0.138414 -0.125820 0.618234
0.138625 -0.125405 0.617571
0.138502 -0.124769 0.619086
0.137770 -0.125278 0.618830
0.137475 -0.125274 0.619955
0.138097 -0.125239 0.619372
0.136858 -0.125265 0.620402
0.136582 -0.125411 0.620308
0.136992 -0.125758 0.621310
0.137128 -0.125462 0.621382
0.135538 -0.125989 0.622008
0.136259 -0.125929 0.621998
0.136499 -0.125697 0.622286
0.135461 -0.125753 0.623895
0.135560 -0.126055 0.624225
0.135006 -0.125668 0.624000
0.134720 -0.125865 0.624136
0.133985 -0.125867 0.624520
0.134080 -0.125146 0.624386
0.133374 -0.125191 0.625784
0.133314 -0.125825 0.626358
0.132769 -0.125555 0.626504
0.132491 -0.126325 0.626938
0.132041 -0.125471 0.626558
0.132487 -0.126132 0.628924
0.131483 -0.124848 0.627411
0.130449 -0.125234 0.627883
0.131595 -0.125331 0.628382
0.130776 -0.126275 0.628489
0.130067 -0.125392 0.629436
0.129830 -0.126196 0.629938
0.129700 -0.125598 0.629991
0.130012 -0.126469 0.630111
0.128698 -0.125456 0.630554
0.128543 -0.125987 0.631068
0.127890 -0.126055 0.631445
0.128109 -0.124911 0.631827
0.127803 -0.125289 0.632499
0.127265 -0.125674 0.632536
0.128002 -0.125808 0.632909
0.126952 -0.125346 0.633661
0.125867 -0.125700 0.634022
0.125479 -0.125040 0.634628
0.125256 -0.125297 0.633625
0.124451 -0.125793 0.633370
0.125138 -0.125358 0.635328
0.124119 -0.126108 0.634832
0.123225 -0.125836 0.634663
0.123131 -0.125677 0.636002
0.122379 -0.125693 0.635128
0.121969 -0.125371 0.635566
0.122143 -0.124960 0.636061
0.121486 -0.125336 0.637415
0.122478 -0.125738 0.636752
0.121204 -0.121857 0.563547
0.121720 -0.121790 0.562881
0.122695 -0.122482 0.564140
0.122846 -0.122369 0.564680
0.122914 -0.122440 0.564598
0.122883 -0.121321 0.564841
0.123864 -0.122283 0.565394
0.123841 -0.121470 0.565622
0.124545 -0.123286 0.564981
0.125172 -0.122062 0.565933
0.125149 -0.122052 0.566071
0.125487 -0.121655 0.566108
0.124978 -0.122338 0.566461
0.126397 -0.122399 0.567049
0.127075 -0.122324 0.566746
0.126519 -0.121921 0.566997
0.127505 -0.121919 0.567327
0.128249 -0.122711 0.568891
0.128466 -0.122420 0.567269
0.128299 -0.121859 0.569377
0.129730 -0.122486 0.568775
0.129835 -0.121991 0.569207
0.129640 -0.122650 0.570465
0.130199 -0.122203 0.570901
0.130108 -0.121909 0.570266
0.131768 -0.121060 0.571388
0.131595 -0.121959 0.571123
0.131310 -0.122367 0.571757
0.132310 -0.123032 0.572112
0.131397 -0.121690 0.572314
0.134237 -0.121255 0.572630
0.133173 -0.121808 0.573400
0.132583 -0.122312 0.573475
0.133495 -0.122155 0.573646
0.135164 -0.122352 0.574190
0.133319 -0.122373 0.574223
0.134556 -0.122700 0.575639
0.134359 -0.122727 0.575118
0.134237 -0.122463 0.576304
0.134401 -0.122355 0.576266
0.134278 -0.122689 0.576612
0.136138 -0.121706 0.576978
0.135802 -0.121956 0.578448
0.136051 -0.121807 0.577889
0.136250 -0.121241 0.577992
0.136724 -0.123068 0.578507
0.137725 -0.123027 0.579761
0.137241 -0.122334 0.579271
0.137639 -0.122753 0.579643
0.138483 -0.122609 0.580114
0.137388 -0.121754 0.580962
0.137588 -0.122116 0.581542
0.138801 -0.121151 0.581877
0.138296 -0.120856 0.582213
0.139719 -0.121946 0.582811
0.139988 -0.121837 0.583212
0.139570 -0.122318 0.584015
0.139671 -0.122053 0.584722
0.138305 -0.121882 0.584563
0.139913 -0.121901 0.584790
0.139572 -0.122249 0.585673
0.140211 -0.122583 0.586097
0.140015 -0.122836 0.586404
0.140177 -0.121780 0.586677
0.140231 -0.121924 0.586938
0.140421 -0.122356 0.588754
0.141308 -0.122093 0.588771
0.140572 -0.122123 0.588392
0.141920 -0.122050 0.589469
0.140857 -0.121780 0.589600
0.141113 -0.122153 0.589887
0.141280 -0.121994 0.590860
0.142119 -0.122005 0.592017
0.140407 -0.122280 0.592652
0.142435 -0.122077 0.591713
0.141255 -0.122768 0.593324
0.141741 -0.122786 0.592628
0.141442 -0.122097 0.593385
0.142200 -0.121670 0.594541
0.142372 -0.121573 0.594260
0.142493 -0.121842 0.595171
0.141475 -0.122391 0.596131
0.142889 -0.121837 0.596002
0.142605 -0.122049 0.597127
0.142794 -0.121618 0.597691
0.142541 -0.122203 0.598247
0.142152 -0.121784 0.598013
0.142646 -0.122005 0.598559
0.142420 -0.121527 0.600016
0.142814 -0.121261 0.599594
0.142278 -0.122076 0.600750
0.142728 -0.122474 0.600837
0.142399 -0.122287 0.601513
0.141781 -0.122195 0.602349
0.142487 -0.123120 0.601772
0.142517 -0.121991 0.602668
0.141555 -0.121638 0.602318
0.141701 -0.122203 0.603757
0.142513 -0.123213 0.603410
0.142545 -0.122177 0.604522
0.142274 -0.122730 0.605090
0.142933 -0.122453 0.605922
0.141600 -0.122504 0.606613
0.142409 -0.121945 0.606704
0.142105 -0.122252 0.607179
0.141417 -0.121514 0.607082
0.141788 -0.122595 0.607849
0.141890 -0.121801 0.608056
0.141484 -0.121504 0.609334
0.140656 -0.122905 0.608565
0.141870 -0.122931 0.610687
0.140481 -0.121722 0.610212
0.140570 -0.123298 0.610344
0.140097 -0.123105 0.611775
0.141825 -0.123365 0.611756
0.140771 -0.122369 0.612378
0.140367 -0.122417 0.613277
0.140165 -0.122288 0.613355
0.140749 -0.122793 0.613641
0.140110 -0.122459 0.613695
0.140353 -0.122097 0.615014
0.139659 -0.122337 0.615963
0.139554 -0.121869 0.616071
0.138874 -0.122303 0.615945
0.140468 -0.122394 0.616742
0.138548 -0.122274 0.617634
0.138849 -0.122390 0.618146
0.139085 -0.121562 0.617409
0.137747 -0.122625 0.618486
0.138678 -0.122738 0.619235
0.138173 -0.121926 0.619061
0.137744 -0.122237 0.619890
0.136812 -0.121142 0.620408
0.136794 -0.122165 0.620571
0.136342 -0.122426 0.621522
0.136478 -0.122561 0.620565
0.136703 -0.121495 0.621820
0.136346 -0.121866 0.622343
0.136028 -0.122405 0.622730
0.135853 -0.122111 0.622670
0.135068 -0.121439 0.623542
0.134483 -0.121572 0.623490
0.135017 -0.120524 0.625223
0.134586 -0.121708 0.625922
0.134302 -0.121340 0.625197
0.132834 -0.122267 0.625417
0.133507 -0.121836 0.626101
0.133394 -0.121129 0.626270
0.133499 -0.122348 0.627823
0.133273 -0.121957 0.627152
0.132658 -0.123046 0.626818
0.131807 -0.122812 0.627035
0.131510 -0.121430 0.627817
0.131773 -0.121337 0.628719
0.130446 -0.122181 0.629360
0.129682 -0.121609 0.629873
0.129964 -0.121912 0.629652
0.130332 -0.122264 0.630301
0.129826 -0.121950 0.629941
0.128875 -0.122619 0.630485
0.129306 -0.122982 0.631126
0.128718 -0.122989 0.630862
0.128248 -0.122934 0.632196
0.127979 -0.121722 0.632393
0.126905 -0.121445 0.632853
0.126750 -0.122112 0.633802
0.126292 -0.122135 0.632799
0.125751 -0.121979 0.633147
0.126538 -0.122118 0.633192
0.124912 -0.123413 0.634197
0.125439 -0.122171 0.634717
0.124738 -0.122802 0.634393
0.124389 -0.122600 0.634815
0.123524 -0.122215 0.634995
0.124148 -0.121620 0.636652
0.122754 -0.122285 0.635975
0.123500 -0.122288 0.635740
0.122582 -0.122734 0.636303
0.122565 -0.122663 0.636817
0.121542 -0.122599 0.636679
0.121756 -0.119182 0.563204
0.121913 -0.118946 0.563276
0.122327 -0.119536 0.563282
0.121833 -0.118648 0.564028
0.123028 -0.119064 0.564700
0.123657 -0.119540 0.564410
0.124283 -0.119587 0.564096
0.124324 -0.118052 0.566074
0.125484 -0.120143 0.565490
0.125286 -0.119380 0.564806
0.125021 -0.118943 0.566055
0.124987 -0.118820 0.565986
0.126300 -0.118899 0.566416
0.126507 -0.118235 0.567891
0.126678 -0.118696 0.566736
0.126994 -0.119106 0.566468
0.127694 -0.117724 0.567730
0.128801 -0.118706 0.568126
0.129312 -0.118930 0.568532
0.128397 -0.118519 0.568222
0.129804 -0.118491 0.569206
0.129987 -0.119673 0.569418
0.130536 -0.119403 0.570616
0.130534 -0.118947 0.569539
0.131008 -0.118705 0.569658
0.130600 -0.118560 0.572145
0.130961 -0.119103 0.571418
0.131724 -0.118698 0.572114
0.130955 -0.118853 0.571818
0.132611 -0.118858 0.571536
0.132762 -0.119364 0.572469
0.133147 -0.118457 0.572597
0.133305 -0.117631 0.574343
0.133035 -0.119760 0.573774
0.133982 -0.118748 0.574888
0.134173 -0.118829 0.574904
0.133735 -0.118638 0.574549
0.134227 -0.118628 0.575482
0.135307 -0.118672 0.575802
0.135882 -0.118411 0.576780
0.135702 -0.118886 0.577235
0.136085 -0.118970 0.576867
0.136654 -0.118273 0.577937
0.135398 -0.118804 0.578454
0.135397 -0.118266 0.578678
0.137120 -0.118966 0.578568
0.137371 -0.118546 0.578822
0.137177 -0.118343 0.580048
0.138118 -0.119066 0.579472
0.137352 -0.118470 0.580944
0.137943 -0.118998 0.580506
0.138696 -0.119285 0.581603
0.138893 -0.119730 0.581719
0.139815 -0.119416 0.582784
0.138596 -0.118265 0.583605
0.139425 -0.118920 0.582818
0.139843 -0.118604 0.583340
0.139507 -0.118993 0.583688
0.139698 -0.118495 0.584719
0.139777 -0.119671 0.585283
0.140546 -0.118924 0.585365
0.140657 -0.118615 0.586147
0.140823 -0.119389 0.586809
0.139949 -0.119587 0.586313
0.141265 -0.118987 0.587832
0.139914 -0.118819 0.588204
0.141106 -0.117935 0.588148
0.141167 -0.118926 0.588076
0.141470 -0.119377 0.588940
0.140796 -0.118975 0.589828
0.142171 -0.119262 0.590745
0.141917 -0.118802 0.590776
0.142095 -0.118659 0.591009
0.141552 -0.119152 0.592414
0.141500 -0.119703 0.592243
0.142103 -0.118258 0.592664
0.141782 -0.119474 0.593048
0.142413 -0.118950 0.593743
0.142027 -0.118593 0.594741
0.142094 -0.118292 0.594821
0.141927 -0.118974 0.596347
0.142539 -0.119222 0.595141
0.142680 -0.118825 0.595662
0.142921 -0.118997 0.596973
0.141776 -0.118403 0.597690
0.143094 -0.117859 0.598295
0.142783 -0.117754 0.598027
0.142781 -0.118633 0.599109
0.142588 -0.118792 0.599255
0.142541 -0.118704 0.599642
0.142112 -0.118681 0.599857
0.142878 -0.118508 0.600641
0.142490 -0.118845 0.600922
0.142583 -0.120019 0.602113
0.141805 -0.118584 0.602300
0.141994 -0.117742 0.601751
0.142359 -0.119574 0.602223
0.141569 -0.118797 0.602688
0.141901 -0.119038 0.604048
0.142123 -0.118527 0.605358
0.142611 -0.117941 0.604982
0.142321 -0.118980 0.605889
0.141664 -0.118147 0.605416
0.141280 -0.119145 0.606373
0.143048 -0.118622 0.607442
0.141596 -0.118375 0.606485
0.142039 -0.118674 0.608220
0.142039 -0.119365 0.608535
0.142012 -0.119075 0.608945
0.142070 -0.118384 0.610020
0.140313 -0.118206 0.610098
0.141042 -0.118595 0.611370
0.141012 -0.119449 0.611087
0.140545 -0.118474 0.610943
0.140302 -0.119126 0.611688
0.140935 -0.119131 0.612170
0.140486 -0.119637 0.612883
0.140305 -0.118729 0.613169
0.139944 -0.118772 0.613573
0.140640 -0.119267 0.614555
0.140921 -0.119056 0.615413
0.139869 -0.118209 0.616177
0.139273 -0.118460 0.616187
0.139086 -0.118119 0.615762
0.139316 -0.119177 0.616727
0.138945 -0.118700 0.617882
0.137787 -0.119695 0.617768
0.139526 -0.118310 0.618036
0.138246 -0.119068 0.618142
0.138105 -0.119341 0.618672
0.137993 -0.118169 0.618985
0.137911 -0.118358 0.619671
0.137454 -0.118698 0.620007
0.137587 -0.118577 0.621152
0.136982 -0.118384 0.620663
0.136714 -0.119212 0.621121
0.136189 -0.119478 0.622289
0.136669 -0.118359 0.622081
0.136123 -0.119324 0.622856
0.135622 -0.118396 0.623204
0.134874 -0.117648 0.624165
0.134986 -0.118574 0.623305
0.134744 -0.118656 0.624472
0.133208 -0.118455 0.624190
0.134622 -0.118676 0.625346
0.134269 -0.118169 0.626258
0.132638 -0.119455 0.625875
0.132556 -0.118828 0.626650
0.133668 -0.118582 0.627232
0.132858 -0.119413 0.627462
0.131576 -0.118934 0.628230
0.131640 -0.119409 0.628424
0.130980 -0.118860 0.628104
0.130262 -0.119021 0.629470
0.130200 -0.118566 0.628636
0.130160 -0.118062 0.630469
0.130151 -0.119253 0.629762
0.129921 -0.118118 0.629952
0.130482 -0.118905 0.630360
0.128437 -0.118692 0.631054
0.128449 -0.118844 0.630999
0.128212 -0.118722 0.631749
0.127206 -0.118205 0.632437
0.127612 -0.118486 0.632045
0.127879 -0.119063 0.632402
0.127575 -0.118455 0.631996
0.126274 -0.117980 0.632192
0.125911 -0.118416 0.633976
0.125994 -0.119144 0.632913
0.125219 -0.119075 0.633871
0.124733 -0.118688 0.633571
0.124235 -0.118946 0.634917
0.124771 -0.118883 0.635218
0.123066 -0.117675 0.634920
0.123821 -0.118500 0.635478
0.122637 -0.118532 0.635559
0.122392 -0.119048 0.636035
0.122295 -0.118839 0.636321
0.122056 -0.118860 0.637343
0.120873 -0.118670 0.636310
0.121651 -0.115872 0.562836
0.122067 -0.115759 0.563266
0.122012 -0.115774 0.563221
0.123303 -0.116469 0.563179
0.122843 -0.114764 0.565118
0.122408 -0.114411 0.564594
0.122869 -0.115613 0.564252
0.123592 -0.115531 0.565512
0.124991 -0.115140 0.564930
0.124846 -0.114865 0.565113
0.125002 -0.116146 0.565788
0.125485 -0.115595 0.566845
0.125633 -0.115955 0.566394
0.126721 -0.115436 0.567787
0.126750 -0.115507 0.567403
0.126986 -0.115868 0.567475
0.128111 -0.115750 0.567540
0.128303 -0.115638 0.567749
0.128326 -0.115763 0.568866
0.128978 -0.114599 0.568942
0.129052 -0.114744 0.568657
0.129507 -0.114626 0.570002
0.129799 -0.114726 0.569948
0.129616 -0.115697 0.570552
0.130903 -0.115253 0.570739
0.131145 -0.115376 0.571474
0.131355 -0.114570 0.571391
0.131049 -0.115592 0.571789
0.131587 -0.116171 0.571002
0.132493 -0.116007 0.572658
0.131922 -0.114921 0.572870
0.133170 -0.115657 0.572475
0.132730 -0.115030 0.573319
0.132749 -0.116101 0.573289
0.133982 -0.115463 0.574762
0.134930 -0.115914 0.574522
0.133970 -0.115288 0.575617
0.134017 -0.115270 0.575735
0.135136 -0.115500 0.575639
0.135658 -0.115102 0.576621
0.135402 -0.115093 0.576964
0.136093 -0.114895 0.576664
0.136223 -0.115143 0.576851
0.137164 -0.115634 0.578087
0.136293 -0.114824 0.577989
0.136664 -0.116111 0.579561
0.136661 -0.115331 0.578958
0.136755 -0.116730 0.579432
0.136871 -0.116050 0.580061
0.137950 -0.115046 0.580331
0.137947 -0.114271 0.580754
0.139591 -0.115502 0.581425
0.139376 -0.115757 0.581682
0.138778 -0.115355 0.582026
0.137889 -0.115408 0.582200
0.138735 -0.115509 0.583861
0.138965 -0.115922 0.583760
0.139976 -0.115242 0.584033
0.139490 -0.116013 0.584609
0.140003 -0.115480 0.584517
0.139687 -0.115040 0.585643
0.139872 -0.114591 0.586328
0.140016 -0.114539 0.586857
0.140590 -0.114917 0.587953
0.140829 -0.115589 0.587451
0.141086 -0.115818 0.588396
0.139814 -0.116171 0.588203
0.140194 -0.115471 0.588947
0.140439 -0.116040 0.589428
0.141573 -0.115754 0.589849
0.141322 -0.116494 0.590300
0.140859 -0.114829 0.591041
0.141178 -0.115701 0.591626
0.140990 -0.115089 0.591417
0.140920 -0.115565 0.593546
0.142031 -0.115152 0.592918
0.142114 -0.115472 0.593223
0.142100 -0.115990 0.593933
0.142334 -0.115747 0.595040
0.142532 -0.115039 0.593966
0.141714 -0.115661 0.595834
0.142264 -0.115389 0.594898
0.142244 -0.115543 0.596415
0.142492 -0.115993 0.596501
0.142636 -0.114837 0.597211
0.141984 -0.115190 0.598164
0.142616 -0.115240 0.598045
0.142734 -0.115342 0.598295
0.143585 -0.115011 0.599006
0.142614 -0.115629 0.599570
0.143969 -0.114362 0.600043
0.142532 -0.115058 0.600949
0.142926 -0.115080 0.601524
0.142179 -0.115800 0.601847
0.143018 -0.115234 0.602390
0.141937 -0.114636 0.602847
0.142173 -0.115336 0.603661
0.142470 -0.115207 0.603648
0.142552 -0.114977 0.604109
0.142501 -0.116654 0.604476
0.141505 -0.115949 0.605401
0.141745 -0.115211 0.606026
0.142505 -0.115793 0.606170
0.141446 -0.115472 0.606985
0.142862 -0.115566 0.606954
0.141653 -0.115630 0.607618
0.141159 -0.116592 0.608493
0.141519 -0.116050 0.609409
0.141740 -0.115074 0.609562
0.141177 -0.116065 0.609523
0.141494 -0.115325 0.610573
0.141709 -0.116066 0.610395
0.140504 -0.115239 0.611154
0.141360 -0.115859 0.611723
0.141055 -0.115724 0.611817
0.139735 -0.116150 0.613113
0.140645 -0.116204 0.612694
0.139815 -0.115891 0.612647
0.139887 -0.116042 0.614430
0.140223 -0.115172 0.614760
0.139256 -0.114606 0.615170
0.139305 -0.115668 0.615399
0.139147 -0.116011 0.615695
0.139967 -0.115204 0.617170
0.138471 -0.114827 0.616105
0.138518 -0.115659 0.617728
0.138477 -0.115093 0.616823
0.139006 -0.115146 0.618343
0.137632 -0.115373 0.619010
0.138196 -0.116094 0.619631
0.138621 -0.116306 0.619569
0.137719 -0.116083 0.620758
0.136641 -0.115739 0.620636
0.136749 -0.116050 0.620653
0.136395 -0.115428 0.621077
0.136811 -0.116022 0.621112
0.137057 -0.116237 0.621600
0.136697 -0.115299 0.621784
0.135055 -0.115042 0.622765
0.136285 -0.113803 0.622878
0.135557 -0.114146 0.623723
0.135520 -0.115683 0.624392
0.135015 -0.115575 0.624583
0.134510 -0.115458 0.624597
0.134422 -0.115982 0.626121
0.133258 -0.114997 0.625752
0.133677 -0.115668 0.625741
0.133068 -0.115482 0.625782
0.132208 -0.115352 0.626540
0.132621 -0.116055 0.628141
0.131940 -0.115429 0.627851
0.132713 -0.115506 0.626808
0.130947 -0.114532 0.629036
0.131364 -0.114793 0.628627
0.131575 -0.115177 0.628250
0.131141 -0.115649 0.629303
0.130556 -0.116883 0.630391
0.129534 -0.115435 0.630358
0.129328 -0.115333 0.630866
0.129454 -0.114795 0.631279
0.127535 -0.115259 0.631904
0.128304 -0.115783 0.631461
0.128476 -0.115884 0.632070
0.127947 -0.114956 0.631789
0.127672 -0.115753 0.632557
0.127837 -0.115281 0.632621
0.125902 -0.116147 0.633227
0.126825 -0.116211 0.633158
0.125640 -0.115048 0.633735
0.124833 -0.115129 0.633732
0.125627 -0.115356 0.633940
0.125573 -0.115661 0.635040
0.124295 -0.114943 0.634280
0.124078 -0.115237 0.635553
0.122693 -0.115341 0.635814
0.122734 -0.115586 0.635848
0.123535 -0.115537 0.635474
0.122352 -0.115462 0.636548
0.122153 -0.115276 0.635994
0.121151 -0.115666 0.636505
0.120205 -0.111384 0.563005
0.121400 -0.112037 0.562821
0.123157 -0.111873 0.564027
0.121983 -0.112381 0.563865
0.122495 -0.112060 0.564097
0.123267 -0.112764 0.564848
0.124674 -0.111909 0.564370
0.124064 -0.111675 0.565403
0.123955 -0.111996 0.566026
0.124486 -0.112874 0.566258
0.124991 -0.111842 0.565894
0.126775 -0.112105 0.566996
0.125858 -0.112611 0.566554
0.126656 -0.111957 0.566528
0.127134 -0.111529 0.567395
0.127257 -0.112737 0.567467
0.128338 -0.111371 0.567773
0.127802 -0.111346 0.568688
0.128183 -0.112352 0.568114
0.129221 -0.111683 0.569244
0.128475 -0.111885 0.569315
0.129399 -0.111896 0.569724
0.130634 -0.111419 0.570621
0.131827 -0.112333 0.570111
0.130426 -0.112251 0.570407
0.130382 -0.112095 0.570761
0.131380 -0.112491 0.571229
0.131633 -0.112009 0.570738
0.132826 -0.112181 0.571936
0.131922 -0.112523 0.572896
0.133250 -0.112121 0.571640
0.132359 -0.112089 0.572569
0.133290 -0.112319 0.573931
0.134285 -0.112559 0.573984
0.134409 -0.111989 0.573736
0.135072 -0.111860 0.574844
0.134230 -0.112290 0.574261
0.134945 -0.112908 0.576379
0.135183 -0.111723 0.575715
0.135615 -0.112416 0.576400
0.136118 -0.112706 0.576949
0.135731 -0.112337 0.577652
0.135739 -0.113294 0.577901
0.136449 -0.112266 0.578543
0.135787 -0.112460 0.577922
0.136395 -0.112343 0.578562
0.137659 -0.112116 0.578892
0.137940 -0.112586 0.580052
0.137468 -0.112367 0.580031
0.137431 -0.111538 0.580833
0.138252 -0.111666 0.581122
0.138195 -0.112794 0.581089
0.138903 -0.111885 0.581534
0.139107 -0.111984 0.582849
0.139579 -0.112006 0.582748
0.139427 -0.113196 0.582592
0.138910 -0.112886 0.583901
0.140573 -0.112275 0.584852
0.139776 -0.113126 0.584656
0.139707 -0.112323 0.584522
0.139214 -0.111442 0.585102
0.140636 -0.111988 0.586326
0.140437 -0.111981 0.586150
0.140702 -0.112422 0.586912
0.140905 -0.112189 0.587919
0.141594 -0.111509 0.588184
0.140651 -0.111618 0.589077
0.141171 -0.111458 0.588872
0.140523 -0.112608 0.589119
0.141206 -0.112258 0.589538
0.141737 -0.112176 0.590228
0.142113 -0.111904 0.590856
0.142074 -0.111339 0.591354
0.141360 -0.112455 0.592365
0.141909 -0.112116 0.591618
0.141633 -0.111149 0.592684
0.142272 -0.111981 0.592704
0.142351 -0.112086 0.592776
0.142663 -0.111712 0.594343
0.142051 -0.112454 0.595516
0.141465 -0.111545 0.595588
0.142294 -0.111784 0.596663
0.143240 -0.112351 0.595133
0.141649 -0.112269 0.596313
0.142545 -0.111979 0.597035
0.142821 -0.111898 0.597591
0.142042 -0.111584 0.598482
0.142608 -0.112410 0.598679
0.142876 -0.112191 0.599744
0.141912 -0.111626 0.599432
0.143119 -0.111932 0.600096
0.142933 -0.111486 0.600635
0.141296 -0.111474 0.601469
0.142723 -0.111467 0.601874
0.141958 -0.112348 0.602138
0.142128 -0.111289 0.603061
0.142243 -0.112126 0.603514
0.142802 -0.112758 0.603791
0.142560 -0.112336 0.603419
0.142261 -0.112472 0.604646
0.141765 -0.112144 0.605085
0.142590 -0.111338 0.605088
0.142240 -0.112407 0.605566
0.141430 -0.112069 0.607025
0.140891 -0.112127 0.607548
0.142215 -0.111870 0.607509
0.142849 -0.112385 0.608857
0.141095 -0.113110 0.609415
0.141425 -0.113078 0.608745
0.141787 -0.112194 0.608845
0.141251 -0.111914 0.610009
0.141615 -0.111513 0.610616
0.140502 -0.112345 0.610796
0.140858 -0.111432 0.611438
0.140777 -0.110794 0.611930
0.140381 -0.112059 0.612443
0.140577 -0.111759 0.612967
0.140041 -0.111700 0.613690
0.140863 -0.112006 0.614469
0.140838 -0.110555 0.614137
0.139772 -0.111972 0.614333
0.139667 -0.111481 0.614607
0.139122 -0.112532 0.615460
0.138799 -0.112447 0.616922
0.138340 -0.112935 0.616612
0.138898 -0.111748 0.616676
0.138506 -0.111326 0.617461
0.138619 -0.112514 0.617384
0.138056 -0.111618 0.618208
0.137627 -0.112317 0.619874
0.137995 -0.111865 0.619805
0.137746 -0.111921 0.619824
0.137020 -0.112121 0.620529
0.137414 -0.112783 0.621575
0.136805 -0.112631 0.621488
0.136032 -0.111612 0.622337
0.135772 -0.112572 0.622346
0.135140 -0.112075 0.622187
0.135153 -0.111629 0.622719
0.135558 -0.111778 0.623364
0.134602 -0.112505 0.624845
0.134195 -0.112355 0.623706
0.134782 -0.111644 0.624770
0.134387 -0.111864 0.624995
0.134446 -0.111784 0.625087
0.133485 -0.112312 0.626396
0.133262 -0.111270 0.625586
0.133216 -0.112408 0.626497
0.132590 -0.112402 0.626684
0.131910 -0.111679 0.627557
0.132536 -0.111468 0.628425
0.132143 -0.112690 0.628583
0.132184 -0.112427 0.628746
0.130741 -0.112041 0.628376
0.131059 -0.112434 0.629301
0.131047 -0.112089 0.629707
0.129868 -0.112922 0.628909
0.129396 -0.111479 0.629639
0.129806 -0.112069 0.629798
0.129570 -0.111913 0.630944
0.128193 -0.112348 0.630994
0.129032 -0.112330 0.632042
0.128370 -0.112636 0.632456
0.128153 -0.111806 0.631441
0.127141 -0.112115 0.632592
0.128033 -0.111629 0.632601
0.126860 -0.112140 0.632605
0.125970 -0.112129 0.632891
0.126376 -0.112639 0.634044
0.125601 -0.111920 0.635167
0.124552 -0.112275 0.635478
0.124507 -0.111977 0.635536
0.124934 -0.111308 0.635028
0.123427 -0.112019 0.634871
0.123464 -0.112195 0.635166
0.123119 -0.112258 0.635309
0.121945 -0.112382 0.636940
0.122369 -0.111383 0.635482
0.121784 -0.111717 0.636668
0.120954 -0.112457 0.637013
0.121091 -0.108314 0.563421
0.121538 -0.108962 0.563272
0.121475 -0.107523 0.564807
0.122480 -0.107966 0.564043
0.122880 -0.108794 0.563942
0.123531 -0.108644 0.563927
0.123982 -0.108348 0.564832
0.124528 -0.109727 0.564338
0.125083 -0.108675 0.565656
0.123839 -0.108293 0.565901
0.125044 -0.109235 0.565985
0.125654 -0.109307 0.566176
0.126270 -0.109098 0.566425
0.126383 -0.108811 0.565978
0.126635 -0.108491 0.566026
0.127104 -0.109213 0.568808
0.127944 -0.109710 0.567750
0.128046 -0.108702 0.567578
0.128526 -0.108838 0.569249
0.128371 -0.109034 0.568834
0.129038 -0.108684 0.569896
0.129434 -0.108491 0.569156
0.129726 -0.109408 0.570161
0.130489 -0.108436 0.569199
0.130418 -0.108424 0.570495
0.130798 -0.108908 0.570876
0.130555 -0.108628 0.571586
0.131938 -0.109125 0.572193
0.132490 -0.107788 0.572058
0.132082 -0.108774 0.572024
0.132550 -0.108572 0.572215
0.132807 -0.109140 0.572968
0.133535 -0.108139 0.573321
0.133620 -0.108763 0.573473
0.133373 -0.108744 0.574760
0.134219 -0.107755 0.574553
0.134330 -0.108409 0.575588
0.135202 -0.109077 0.574793
0.135385 -0.108677 0.576387
0.135842 -0.108391 0.576224
0.135688 -0.108974 0.577339
0.136166 -0.109082 0.577213
0.135621 -0.108398 0.577229
0.136239 -0.109116 0.578181
0.137394 -0.109144 0.578595
0.136044 -0.107988 0.579261
0.136250 -0.109119 0.578548
0.136878 -0.109009 0.580140
0.137607 -0.109519 0.580923
0.138094 -0.108484 0.580983
0.138331 -0.108481 0.580559
0.137517 -0.109076 0.581401
0.138936 -0.109043 0.582273
0.139021 -0.108904 0.582251
0.138984 -0.109258 0.583097
0.139086 -0.108431 0.582677
0.138806 -0.108405 0.583672
0.139329 -0.109321 0.583883
0.139917 -0.109033 0.584254
0.140678 -0.109541 0.585958
0.139665 -0.108073 0.585685
0.140526 -0.109271 0.586782
0.140044 -0.109397 0.586401
0.140600 -0.108511 0.586232
0.140359 -0.109188 0.587909
0.140582 -0.109103 0.587272
0.140749 -0.109038 0.589047
0.140818 -0.108888 0.589278
0.141811 -0.108617 0.589109
0.141450 -0.109410 0.590193
0.140329 -0.108778 0.590147
0.141105 -0.108666 0.590617
0.142467 -0.109583 0.591064
0.142291 -0.108399 0.593197
0.141145 -0.108229 0.592940
0.142981 -0.109014 0.592553
0.142025 -0.107841 0.592818
0.142124 -0.109356 0.592544
0.141807 -0.108763 0.593844
0.142631 -0.108280 0.594904
0.141932 -0.108386 0.595313
0.141882 -0.108874 0.595204
0.142465 -0.108406 0.595982
0.142646 -0.108801 0.596714
0.142540 -0.108264 0.597110
0.143357 -0.108200 0.596984
0.141998 -0.108480 0.597794
0.143682 -0.108362 0.598948
0.141960 -0.110442 0.599074
0.141782 -0.108918 0.599903
0.142500 -0.106939 0.599613
0.142557 -0.108396 0.600449
0.143385 -0.108447 0.601255
0.142822 -0.108358 0.600679
0.142962 -0.109765 0.602465
0.143053 -0.107952 0.601597
0.142154 -0.108634 0.602348
0.142407 -0.108732 0.603178
0.142358 -0.109482 0.603879
0.142180 -0.109640 0.604395
0.141552 -0.109276 0.604760
0.142508 -0.108838 0.606694
0.141740 -0.108374 0.606230
0.141659 -0.109319 0.607085
0.142083 -0.108030 0.607129
0.141914 -0.108951 0.606886
0.142224 -0.109487 0.609250
0.141468 -0.109071 0.608459
0.141124 -0.108523 0.608549
0.141370 -0.108963 0.610444
0.142282 -0.109297 0.609887
0.141820 -0.108138 0.610552
0.140456 -0.108067 0.610892
0.140586 -0.109140 0.611750
0.141150 -0.108458 0.612585
0.140669 -0.108300 0.612592
0.139546 -0.109863 0.612081
0.140727 -0.108081 0.612872
0.140292 -0.107947 0.614501
0.139987 -0.108682 0.614467
0.139860 -0.109154 0.615083
0.139267 -0.108558 0.616197
0.140520 -0.109247 0.616548
0.139707 -0.110032 0.616635
0.139442 -0.108745 0.615333
0.138703 -0.107393 0.616976
0.138268 -0.108911 0.617427
0.138166 -0.109740 0.617817
0.137964 -0.108681 0.618644
0.138302 -0.107517 0.619430
0.137768 -0.108012 0.618738
0.137365 -0.108364 0.619764
0.137166 -0.108497 0.621052
0.136662 -0.108465 0.619916
0.137226 -0.109018 0.620878
0.136846 -0.108772 0.621403
0.136859 -0.109460 0.622409
0.136307 -0.108404 0.621723
0.136292 -0.108236 0.622619
0.135588 -0.109092 0.622841
0.135195 -0.108691 0.623516
0.135226 -0.108645 0.624684
0.134567 -0.109054 0.624828
0.135128 -0.110002 0.624870
0.134252 -0.109030 0.625377
0.134093 -0.108493 0.625108
0.133598 -0.107576 0.625366
0.132776 -0.108264 0.625132
0.132976 -0.108564 0.627004
0.132454 -0.109419 0.627725
0.132073 -0.108054 0.628011
0.131562 -0.109061 0.627944
0.131942 -0.108684 0.628189
0.131247 -0.108971 0.629437
0.130822 -0.108849 0.629615
0.129756 -0.108450 0.629194
0.131470 -0.108477 0.629378
0.130183 -0.109171 0.630083
0.129573 -0.109293 0.629841
0.129307 -0.108410 0.630780
0.128564 -0.109081 0.631552
0.127832 -0.108325 0.632036
0.128480 -0.108457 0.631928
0.127882 -0.108306 0.632040
0.127081 -0.109005 0.631720
0.127099 -0.109289 0.633259
0.126378 -0.108491 0.634063
0.126307 -0.109131 0.632176
0.125999 -0.108306 0.632815
0.125399 -0.108919 0.634095
0.124532 -0.109461 0.634065
0.123803 -0.108255 0.634008
0.123614 -0.107658 0.634549
0.122739 -0.109374 0.633936
0.123084 -0.108386 0.634994
0.123024 -0.108553 0.636131
0.122619 -0.108196 0.635258
0.122082 -0.108556 0.635118
0.122116 -0.108296 0.636422
0.121740 -0.107673 0.637528
0.121270 -0.105478 0.563335
0.120891 -0.105642 0.563336
0.121698 -0.105143 0.562983
0.122726 -0.106040 0.564457
0.122738 -0.105738 0.564193
0.123871 -0.105671 0.564765
0.123851 -0.106133 0.564902
0.123963 -0.105166 0.565553
0.124150 -0.105498 0.565298
0.124737 -0.105075 0.564931
0.125560 -0.105675 0.565939
0.125461 -0.106008 0.566136
0.126276 -0.105002 0.566937
0.126335 -0.105175 0.567978
0.126734 -0.104511 0.566080
0.127847 -0.105457 0.567628
0.126900 -0.105121 0.567661
0.128068 -0.105742 0.567218
0.127787 -0.105443 0.568352
0.129034 -0.105781 0.568373
0.129877 -0.104967 0.569700
0.129962 -0.105519 0.569829
0.129262 -0.104797 0.570279
0.129990 -0.104489 0.570931
0.130733 -0.105311 0.571131
0.130306 -0.105080 0.571021
0.130642 -0.106181 0.571121
0.132059 -0.104886 0.572123
0.131743 -0.105067 0.571605
0.131384 -0.105377 0.573507
0.134514 -0.105581 0.572394
0.132819 -0.105456 0.572648
0.133696 -0.105837 0.573621
0.133208 -0.105591 0.574248
0.134250 -0.105536 0.573366
0.133863 -0.105500 0.574884
0.134645 -0.105017 0.575085
0.134579 -0.105255 0.574906
0.135174 -0.105545 0.576377
0.136258 -0.105525 0.577076
0.135302 -0.105068 0.576258
0.135759 -0.105088 0.578207
0.136481 -0.105717 0.578176
0.136529 -0.105161 0.577858
0.138036 -0.104731 0.578145
0.136902 -0.105100 0.579346
0.136880 -0.105652 0.579079
0.137155 -0.105864 0.579684
0.137704 -0.105360 0.579762
0.137917 -0.104615 0.580082
0.137287 -0.106273 0.580600
0.138259 -0.105419 0.581785
0.139381 -0.104983 0.581881
0.138737 -0.105449 0.582598
0.138722 -0.105415 0.581995
0.139340 -0.105620 0.582439
0.139164 -0.104942 0.584163
0.139414 -0.104926 0.583802
0.139309 -0.105608 0.584204
0.140027 -0.105857 0.585145
0.139649 -0.105789 0.585112
0.139823 -0.105567 0.586505
0.140850 -0.105519 0.586119
0.140379 -0.105677 0.587175
0.140317 -0.107320 0.586689
0.141301 -0.105809 0.588754
0.140187 -0.105083 0.588685
0.141085 -0.105417 0.589417
0.141103 -0.105507 0.589052
0.141522 -0.106498 0.590202
0.140935 -0.105539 0.590343
0.142470 -0.105356 0.590833
0.141522 -0.105386 0.591308
0.141908 -0.104973 0.590935
0.142103 -0.105404 0.592752
0.142100 -0.106541 0.592252
0.143422 -0.105492 0.593208
0.141749 -0.106010 0.593387
0.142330 -0.104909 0.594280
0.142214 -0.105173 0.594372
0.141816 -0.105198 0.595560
0.142490 -0.104902 0.596063
0.142241 -0.105859 0.595914
0.141635 -0.105527 0.596502
0.142077 -0.104892 0.597189
0.143080 -0.105066 0.597183
0.143614 -0.105214 0.598048
0.142618 -0.105254 0.597815
0.142181 -0.105647 0.598746
0.143028 -0.105429 0.599306
0.142146 -0.105726 0.600150
0.142385 -0.105514 0.600523
0.143172 -0.105489 0.600909
0.143299 -0.105311 0.602111
0.142533 -0.105819 0.602174
0.142404 -0.105714 0.602001
0.141791 -0.105519 0.603294
0.142439 -0.106035 0.604124
0.142570 -0.105365 0.603833
0.141753 -0.105199 0.606018
0.141640 -0.104776 0.605686
0.141368 -0.105506 0.605901
0.142175 -0.104791 0.606907
0.141145 -0.104564 0.606287
0.141457 -0.105243 0.606865
0.141273 -0.104963 0.607617
0.141004 -0.104853 0.608193
0.141643 -0.105585 0.607796
0.141580 -0.105323 0.608664
0.140933 -0.105254 0.609363
0.141147 -0.105073 0.610231
0.141753 -0.104510 0.610379
0.141392 -0.105531 0.610964
0.140249 -0.104511 0.611572
0.140775 -0.106144 0.612108
0.140506 -0.105257 0.612168
0.140431 -0.105788 0.612814
0.140234 -0.104903 0.613075
0.139779 -0.104569 0.613381
0.139954 -0.105756 0.614349
0.140106 -0.105224 0.615767
0.140654 -0.105819 0.614624
0.140383 -0.105470 0.615994
0.139195 -0.105564 0.615606
0.138184 -0.105155 0.616732
0.138301 -0.105224 0.616944
0.138390 -0.105307 0.617129
0.138086 -0.105625 0.618030
0.138370 -0.105097 0.618594
0.136981 -0.106290 0.619229
0.137901 -0.105502 0.618899
0.137383 -0.105209 0.619492
0.137554 -0.104746 0.620608
0.137416 -0.104705 0.620877
0.137188 -0.104960 0.620788
0.136856 -0.104093 0.621757
0.135687 -0.105755 0.621978
0.135922 -0.105523 0.621622
0.135259 -0.105611 0.622339
0.136154 -0.105778 0.623186
0.135359 -0.105414 0.623279
0.135142 -0.105428 0.624203
0.134569 -0.105356 0.625220
0.135002 -0.104979 0.624777
0.134729 -0.104922 0.624998
0.133913 -0.104545 0.626192
0.133764 -0.105044 0.625159
0.133637 -0.105253 0.626254
0.133656 -0.105471 0.626332
0.132173 -0.105366 0.627124
0.132664 -0.104999 0.628315
0.132041 -0.105074 0.628067
0.131848 -0.105085 0.628787
0.131062 -0.105169 0.628816
0.131335 -0.105042 0.629097
0.130607 -0.105676 0.629575
0.129468 -0.104504 0.630015
0.129570 -0.105420 0.630640
0.129849 -0.105044 0.630136
0.129999 -0.105184 0.630318
0.128803 -0.105505 0.631403
0.128398 -0.105619 0.631187
0.127939 -0.105562 0.631759
0.127318 -0.104112 0.632358
0.127907 -0.104820 0.632983
0.127283 -0.104829 0.634101
0.125996 -0.106045 0.633449
0.124516 -0.105583 0.634161
0.125096 -0.104960 0.633113
0.126124 -0.105845 0.634046
0.124979 -0.105697 0.634403
0.124520 -0.105347 0.635190
0.123817 -0.105488 0.635007
0.123589 -0.104335 0.634858
0.123839 -0.105364 0.635733
0.122716 -0.105448 0.636751
0.122899 -0.105762 0.635386
0.122112 -0.105665 0.636577
0.120858 -0.105203 0.636175
0.121966 -0.105296 0.637371
0.121919 -0.102388 0.562282
0.121623 -0.102816 0.563413
0.122498 -0.101333 0.563887
0.122230 -0.102053 0.563652
0.123455 -0.102011 0.564981
0.123921 -0.101596 0.564264
0.124513 -0.102062 0.564946
0.124697 -0.101524 0.564856
0.125486 -0.102565 0.566155
0.125332 -0.102156 0.565360
0.126208 -0.101263 0.566373
0.124973 -0.101689 0.565257
0.126507 -0.102601 0.566688
0.127442 -0.102541 0.566757
0.126659 -0.102310 0.566491
0.128206 -0.101521 0.567995
0.127416 -0.102129 0.568646
0.128539 -0.102233 0.569017
0.128877 -0.101576 0.569083
0.128994 -0.102095 0.568979
0.128619 -0.102524 0.568570
0.129602 -0.102376 0.569213
0.129932 -0.101873 0.569892
0.130579 -0.101961 0.570578
0.130532 -0.101455 0.571001
0.130998 -0.101914 0.570807
0.131049 -0.102203 0.570848
0.131013 -0.102194 0.571980
0.131709 -0.102791 0.571217
0.132046 -0.102098 0.572744
0.132988 -0.101863 0.572652
0.132072 -0.101810 0.572604
0.133539 -0.102032 0.573896
0.134388 -0.101993 0.574233
0.134425 -0.101938 0.575406
0.133550 -0.102001 0.573940
0.135582 -0.101377 0.575852
0.135012 -0.101907 0.575384
0.134131 -0.101690 0.576441
0.135048 -0.102393 0.577358
0.135247 -0.101340 0.576457
0.136084 -0.102702 0.578286
0.136349 -0.102010 0.578078
0.135960 -0.101655 0.578209
0.135833 -0.101529 0.578651
0.136947 -0.102329 0.579222
0.137280 -0.102678 0.578591
0.137336 -0.102107 0.579240
0.137586 -0.103011 0.580403
0.137183 -0.102730 0.580748
0.139070 -0.101204 0.581141
0.138095 -0.102398 0.582105
0.138717 -0.101784 0.582341
0.139381 -0.102013 0.582327
0.138791 -0.101547 0.582889
0.140198 -0.102314 0.582485
0.138901 -0.101080 0.584277
0.139523 -0.102881 0.583893
0.139337 -0.101609 0.584225
0.139288 -0.102691 0.584645
0.140352 -0.101749 0.585891
0.140240 -0.102186 0.586241
0.140030 -0.102578 0.586582
0.140664 -0.102321 0.587610
0.141214 -0.102178 0.587224
0.140594 -0.102178 0.587633
0.141160 -0.102116 0.589014
0.141086 -0.102571 0.588226
0.140914 -0.102187 0.589380
0.141781 -0.101615 0.590505
0.141759 -0.102811 0.591283
0.141251 -0.101391 0.590896
0.140855 -0.101980 0.590294
0.141067 -0.102127 0.591193
0.141550 -0.101506 0.592234
0.141600 -0.102110 0.593235
0.141299 -0.101086 0.593815
0.141883 -0.101883 0.593526
0.142316 -0.102219 0.594201
0.142222 -0.102430 0.594322
0.142917 -0.102477 0.594727
0.142700 -0.102459 0.595144
0.141265 -0.102270 0.595711
0.142407 -0.101248 0.596776
0.142988 -0.101440 0.597415
0.142488 -0.101414 0.597115
0.142290 -0.101622 0.598999
0.142823 -0.101438 0.598298
0.142182 -0.101370 0.598298
0.142662 -0.100934 0.599425
0.142210 -0.102111 0.600149
0.142661 -0.101792 0.600855
0.142568 -0.102770 0.600550
0.142984 -0.101763 0.601339
0.142318 -0.101926 0.602933
0.142602 -0.101654 0.602783
0.142069 -0.100957 0.603057
0.143222 -0.102119 0.603272
0.142353 -0.102007 0.603947
0.142002 -0.101936 0.604634
0.142288 -0.102224 0.605229
0.142128 -0.101661 0.605548
0.141792 -0.101731 0.606236
0.142415 -0.102992 0.607100
0.141941 -0.101988 0.607977
0.142318 -0.101721 0.607979
0.142177 -0.101258 0.607986
0.141606 -0.101891 0.607811
0.140900 -0.102031 0.608915
0.141530 -0.102559 0.609494
0.141228 -0.101771 0.610059
0.140995 -0.101666 0.609999
0.139982 -0.102558 0.610603
0.141162 -0.103093 0.609951
0.140420 -0.102027 0.612697
0.140578 -0.102176 0.612482
0.140429 -0.102723 0.614181
0.140866 -0.101565 0.612988
0.140279 -0.101919 0.615394
0.139639 -0.102439 0.614073
0.140834 -0.101222 0.615235
0.139729 -0.102154 0.614636
0.139132 -0.101597 0.615684
0.139158 -0.101811 0.615629
0.139370 -0.101163 0.617030
0.139120 -0.102537 0.617170
0.139089 -0.101923 0.617429
0.139081 -0.101190 0.617725
0.138012 -0.102295 0.617959
0.137783 -0.101436 0.619339
0.137669 -0.102399 0.619715
0.136914 -0.102211 0.620344
0.136750 -0.101612 0.620102
0.136223 -0.101554 0.620906
0.136526 -0.102189 0.620695
0.137307 -0.102113 0.621506
0.136025 -0.101526 0.622045
0.135894 -0.102138 0.622844
0.136248 -0.101606 0.623374
0.135487 -0.101261 0.623576
0.135038 -0.101795 0.622329
0.135269 -0.102345 0.624874
0.134817 -0.102073 0.625067
0.134895 -0.101758 0.625051
0.134747 -0.101817 0.625002
0.133915 -0.101811 0.625307
0.134125 -0.101512 0.625826
0.132458 -0.102067 0.626459
0.132617 -0.101671 0.626818
0.133144 -0.102704 0.627187
0.133135 -0.102734 0.628275
0.131847 -0.101029 0.627383
0.132102 -0.101704 0.627167
0.130800 -0.102135 0.629128
0.130512 -0.101454 0.629628
0.129671 -0.102010 0.630839
0.130521 -0.101833 0.630407
0.130095 -0.102295 0.630562
0.130071 -0.101490 0.629930
0.128967 -0.102043 0.630964
0.128954 -0.102986 0.631595
0.127565 -0.101184 0.631889
0.127662 -0.102337 0.631371
0.128072 -0.102582 0.632146
0.127215 -0.101585 0.631646
0.126805 -0.101929 0.633027
0.126970 -0.102073 0.632108
0.126981 -0.101927 0.633771
0.125415 -0.101908 0.632433
0.125225 -0.102031 0.633522
0.124209 -0.101119 0.634534
0.124401 -0.102314 0.634387
0.124129 -0.101908 0.634640
0.123905 -0.102846 0.635624
0.122446 -0.102055 0.635725
0.122683 -0.102323 0.635990
0.122684 -0.101663 0.635928
0.122480 -0.101098 0.636323
0.121942 -0.101580 0.636406
0.121123 -0.102182 0.637166
0.120928 -0.098491 0.563036
0.120761 -0.097905 0.563185
0.122573 -0.098529 0.563914
0.121937 -0.098807 0.563703
0.122732 -0.099277 0.563951
0.124036 -0.098921 0.564326
0.123516 -0.098025 0.564687
0.123579 -0.098996 0.564616
0.125255 -0.098397 0.565348
0.126333 -0.098489 0.565739
0.126152 -0.099563 0.565623
0.124135 -0.097894 0.565853
0.125694 -0.097698 0.566845
0.126623 -0.098061 0.567250
0.128087 -0.098878 0.567948
0.127544 -0.098650 0.566940
0.128518 -0.098690 0.568079
0.128291 -0.098029 0.567608
0.129362 -0.099317 0.568508
0.129073 -0.098200 0.568691
0.129292 -0.098834 0.568339
0.129196 -0.097993 0.569318
0.130867 -0.098311 0.569333
0.130857 -0.099450 0.570707
0.131376 -0.098352 0.571120
0.130434 -0.098538 0.571558
0.131524 -0.098544 0.571947
0.132715 -0.098064 0.571407
0.131864 -0.098719 0.572164
0.132035 -0.098752 0.572462
0.132468 -0.098894 0.571684
0.132203 -0.097772 0.572901
0.133197 -0.098646 0.573900
0.133232 -0.098594 0.573770
0.133794 -0.099304 0.574119
0.133004 -0.098866 0.573844
0.135022 -0.098475 0.575277
0.134662 -0.098282 0.575681
0.135084 -0.098493 0.575840
0.135331 -0.098488 0.575411
0.136108 -0.098338 0.576962
0.135875 -0.098295 0.576848
0.136019 -0.099085 0.578473
0.135523 -0.097826 0.578016
0.136094 -0.098820 0.578803
0.136524 -0.097904 0.579234
0.137423 -0.097771 0.580218
0.136903 -0.098955 0.580332
0.137699 -0.098693 0.580292
0.138435 -0.097986 0.580111
0.138128 -0.098461 0.581149
0.139211 -0.098716 0.581081
0.138282 -0.098127 0.582986
0.137960 -0.098542 0.583189
0.139271 -0.098185 0.582872
0.140104 -0.098414 0.583740
0.139219 -0.097881 0.583373
0.139464 -0.098628 0.584568
0.140178 -0.099216 0.584417
0.139247 -0.099279 0.584549
0.139348 -0.098393 0.585539
0.140133 -0.098472 0.585548
0.140665 -0.098644 0.586711
0.141406 -0.099207 0.586676
0.140950 -0.099469 0.587299
0.140374 -0.099070 0.587357
0.141087 -0.098074 0.588755
0.141146 -0.098600 0.589058
0.141000 -0.098697 0.588772
0.140629 -0.097896 0.590586
0.141404 -0.098037 0.589918
0.141310 -0.098551 0.591017
0.142298 -0.098429 0.591152
0.142150 -0.098153 0.590673
0.141644 -0.098696 0.592291
0.141295 -0.097750 0.592885
0.141213 -0.099306 0.593458
0.142413 -0.099165 0.593725
0.141444 -0.099071 0.593781
0.141966 -0.098028 0.595192
0.142368 -0.098797 0.595270
0.142786 -0.098641 0.595844
0.141996 -0.099555 0.597157
0.142001 -0.099250 0.597262
0.141825 -0.098376 0.596425
0.142363 -0.098892 0.597615
0.143176 -0.098485 0.598316
0.142515 -0.099541 0.598533
0.142727 -0.099079 0.599176
0.142044 -0.098513 0.600021
0.141932 -0.098364 0.600776
0.141427 -0.098546 0.600257
0.142529 -0.098850 0.600476
0.142116 -0.098327 0.601572
0.143138 -0.099320 0.600603
0.142664 -0.099344 0.602635
0.141929 -0.097560 0.603071
0.142523 -0.098565 0.604075
0.142231 -0.098607 0.604027
0.142801 -0.098347 0.604793
0.142124 -0.098889 0.604801
0.141850 -0.099228 0.605320
0.141263 -0.098616 0.605909
0.141589 -0.098763 0.607448
0.141601 -0.098305 0.607272
0.142329 -0.098658 0.606803
0.141782 -0.098545 0.608707
0.141120 -0.099363 0.608887
0.141466 -0.099684 0.608687
0.140227 -0.097741 0.608905
0.141303 -0.099247 0.609849
0.141127 -0.098613 0.610535
0.140780 -0.099234 0.610479
0.141275 -0.099348 0.611415
0.141707 -0.098977 0.612009
0.140772 -0.098951 0.611811
0.140761 -0.097702 0.612992
0.140740 -0.098669 0.613087
0.140602 -0.099042 0.614268
0.140279 -0.098788 0.615047
0.139808 -0.099139 0.614838
0.139463 -0.098188 0.615813
0.139745 -0.098743 0.616168
0.139432 -0.098762 0.616275
0.138838 -0.099180 0.616706
0.137974 -0.098258 0.616996
0.138332 -0.099149 0.617809
0.138086 -0.098857 0.618005
0.138074 -0.098418 0.618275
0.138121 -0.098847 0.618745
0.138419 -0.098095 0.619662
0.137713 -0.099404 0.619404
0.137157 -0.098991 0.620983
0.136572 -0.099332 0.620539
0.136744 -0.099072 0.621819
0.136982 -0.098557 0.621207
0.137135 -0.099855 0.622018
0.135593 -0.099614 0.622654
0.136149 -0.098382 0.623406
0.134684 -0.098348 0.623687
0.135507 -0.099612 0.623758
0.134967 -0.098685 0.623901
0.134268 -0.099285 0.624397
0.133703 -0.099975 0.623685
0.134352 -0.099074 0.626383
0.133523 -0.098301 0.626590
0.133985 -0.098443 0.627136
0.133573 -0.099099 0.627487
0.132599 -0.098487 0.626378
0.132628 -0.099497 0.626974
0.132109 -0.098884 0.627733
0.131454 -0.098392 0.627741
0.132091 -0.098882 0.629050
0.132014 -0.098936 0.629024
0.130459 -0.099761 0.628346
0.129973 -0.098229 0.629631
0.130308 -0.098354 0.630037
0.129941 -0.098526 0.629999
0.129780 -0.098923 0.631027
0.129220 -0.099127 0.630738
0.129194 -0.098433 0.631593
0.128562 -0.098688 0.631812
0.127812 -0.097999 0.631891
0.127328 -0.098951 0.632379
0.127119 -0.098058 0.632187
0.127127 -0.099171 0.633518
0.127173 -0.098798 0.632783
0.126449 -0.099072 0.634303
0.126148 -0.098556 0.633886
0.125232 -0.099338 0.633995
0.124847 -0.099165 0.633487
0.124718 -0.098861 0.633744
0.123709 -0.099154 0.635733
0.124022 -0.098959 0.634300
0.123833 -0.098606 0.635470
0.123169 -0.099080 0.635366
0.121612 -0.098412 0.636771
0.122309 -0.098665 0.636607
0.121770 -0.097859 0.636702
0.121603 -0.099115 0.636968
0.121191 -0.095457 0.563050
0.121775 -0.095548 0.562998
0.121406 -0.095249 0.564505
0.121277 -0.095666 0.564752
0.123155 -0.095746 0.564046
0.123414 -0.095417 0.564473
0.123902 -0.095516 0.564804
0.124020 -0.096174 0.564987
0.124885 -0.095752 0.565754
0.125730 -0.094867 0.566127
0.124643 -0.094856 0.566134
0.125751 -0.095145 0.565912
0.126339 -0.095927 0.567063
0.128071 -0.095088 0.567421
0.126704 -0.094423 0.566733
0.127360 -0.094931 0.567109
0.127769 -0.094858 0.569478
0.128551 -0.094778 0.567808
0.129378 -0.095872 0.569229
0.128890 -0.095922 0.568726
0.129338 -0.095109 0.569260
0.129640 -0.095106 0.568946
0.130039 -0.095590 0.569329
0.129868 -0.096066 0.569497
0.130517 -0.094932 0.571406
0.130703 -0.094883 0.571657
0.131581 -0.095045 0.571438
0.132521 -0.094959 0.571461
0.131953 -0.095889 0.572643
0.132428 -0.095050 0.572431
0.132910 -0.095070 0.573339
0.131123 -0.095830 0.573488
0.133969 -0.094947 0.572569
0.133473 -0.094291 0.573413
0.134107 -0.095168 0.573394
0.134138 -0.095284 0.574257
0.134130 -0.094714 0.575032
0.134921 -0.094053 0.574990
0.134895 -0.095255 0.575718
0.135002 -0.095114 0.576279
0.135753 -0.095234 0.577730
0.135528 -0.095121 0.577247
0.135903 -0.096567 0.578045
0.136939 -0.094933 0.577500
0.137301 -0.094907 0.578717
0.136886 -0.095318 0.578270
0.138023 -0.094540 0.579276
0.138216 -0.095395 0.579114
0.137627 -0.095720 0.579744
0.138666 -0.096245 0.580461
0.137370 -0.094492 0.580385
0.138004 -0.095136 0.582230
0.138252 -0.095657 0.582059
0.138116 -0.095166 0.582464
0.139420 -0.095288 0.582866
0.138833 -0.095239 0.583509
0.138978 -0.096228 0.583787
0.139835 -0.095448 0.583907
0.139348 -0.095590 0.583886
0.138791 -0.095637 0.585161
0.139170 -0.095113 0.585633
0.140222 -0.095591 0.585165
0.140615 -0.095938 0.587063
0.140288 -0.095081 0.586475
0.141099 -0.094952 0.587885
0.141234 -0.094917 0.588293
0.141195 -0.095080 0.588196
0.140954 -0.094124 0.588504
0.141293 -0.094778 0.589692
0.141706 -0.095037 0.589887
0.142033 -0.095474 0.589613
0.141231 -0.096302 0.590798
0.140936 -0.095052 0.592354
0.142817 -0.094798 0.591264
0.142283 -0.095537 0.592969
0.141522 -0.095194 0.592933
0.141695 -0.095240 0.594343
0.142340 -0.094499 0.595492
0.142129 -0.095771 0.593805
0.142190 -0.095975 0.594809
0.141638 -0.094880 0.595910
0.142252 -0.095314 0.595640
0.142428 -0.095087 0.597044
0.142500 -0.095410 0.596301
0.141996 -0.095789 0.596964
0.142614 -0.096054 0.597052
0.141773 -0.095136 0.598057
0.142427 -0.094628 0.597825
0.142354 -0.095421 0.599705
0.142654 -0.095585 0.599388
0.141982 -0.095025 0.599567
0.142135 -0.095316 0.600961
0.142372 -0.095684 0.601076
0.142292 -0.095361 0.601637
0.143070 -0.095229 0.602425
0.142298 -0.094090 0.603051
0.141729 -0.094625 0.602430
0.141419 -0.094957 0.602950
0.142178 -0.095382 0.604550
0.141893 -0.094707 0.604684
0.142080 -0.095240 0.605703
0.142059 -0.095558 0.606459
0.141260 -0.094836 0.606559
0.142051 -0.095966 0.606191
0.140893 -0.094894 0.607051
0.142191 -0.094983 0.607167
0.141879 -0.094677 0.608023
0.141433 -0.094969 0.608080
0.141153 -0.095294 0.609127
0.140980 -0.095540 0.608999
0.141836 -0.094491 0.610323
0.140126 -0.095022 0.610629
0.140791 -0.096558 0.611286
0.141178 -0.095279 0.612276
0.139836 -0.094285 0.612324
0.139597 -0.095777 0.613760
0.140781 -0.095376 0.612836
0.140385 -0.094984 0.613759
0.140483 -0.095712 0.613754
0.140257 -0.094587 0.614866
0.139894 -0.095931 0.614300
0.139600 -0.095877 0.614464
0.140037 -0.095606 0.616316
0.139727 -0.094581 0.615615
0.137983 -0.095725 0.616753
0.138355 -0.094860 0.616701
0.138430 -0.095379 0.617506
0.138560 -0.095135 0.618487
0.139027 -0.095589 0.619376
0.137690 -0.094769 0.619086
0.138468 -0.095781 0.619721
0.137746 -0.094767 0.619798
0.137524 -0.094964 0.620091
0.138375 -0.095707 0.621351
0.137157 -0.094768 0.620961
0.135829 -0.095026 0.622155
0.135655 -0.095220 0.620518
0.137147 -0.094983 0.622378
0.135638 -0.094682 0.622059
0.135528 -0.094439 0.623248
0.134678 -0.094974 0.623694
0.135114 -0.095930 0.623983
0.134402 -0.095512 0.624003
0.134994 -0.094590 0.625614
0.133196 -0.095658 0.624856
0.133310 -0.094755 0.625308
0.133786 -0.095536 0.626702
0.133715 -0.095707 0.626707
0.132594 -0.095565 0.626504
0.133103 -0.095512 0.626718
0.132088 -0.095057 0.627552
0.132672 -0.095877 0.628470
0.131534 -0.094689 0.629201
0.130845 -0.095384 0.628547
0.131619 -0.095585 0.628792
0.131003 -0.095619 0.629621
0.130308 -0.095018 0.629161
0.130274 -0.095570 0.630672
0.129096 -0.095554 0.630325
0.128596 -0.094914 0.631833
0.129319 -0.095405 0.631642
0.128272 -0.095851 0.631403
0.127987 -0.095280 0.631785
0.127598 -0.095922 0.631672
0.127465 -0.095748 0.632342
0.127204 -0.095814 0.633095
0.127022 -0.094776 0.633076
0.126309 -0.095076 0.633356
0.125771 -0.095323 0.633864
0.125236 -0.095066 0.633850
0.124987 -0.095889 0.634019
0.124870 -0.094309 0.635371
0.124881 -0.094954 0.634539
0.123850 -0.094689 0.636188
0.122598 -0.095505 0.634791
0.122708 -0.095309 0.635523
0.122368 -0.095338 0.636022
0.122562 -0.095075 0.636683
0.120726 -0.095277 0.634984
0.120203 -0.095102 0.636747
0.121242 -0.092536 0.563170
0.121383 -0.091195 0.563204
0.122969 -0.092809 0.563603
0.122757 -0.091808 0.564171
0.122917 -0.091486 0.564458
0.123504 -0.092358 0.564752
0.124394 -0.091584 0.564635
0.123929 -0.092013 0.565238
0.124605 -0.092293 0.565265
0.125205 -0.092047 0.566893
0.125765 -0.092894 0.566253
0.125999 -0.092232 0.565978
0.126799 -0.092217 0.567117
0.126882 -0.091786 0.566599
0.125782 -0.091492 0.566495
0.127841 -0.092086 0.566859
0.127973 -0.091933 0.567520
0.128532 -0.092610 0.567983
0.129347 -0.091673 0.568108
0.129772 -0.091371 0.569661
0.129099 -0.091715 0.569110
0.130353 -0.091736 0.569590
0.130043 -0.092353 0.569171
0.130390 -0.092017 0.569761
0.130427 -0.091424 0.570276
0.130644 -0.092387 0.570255
0.131987 -0.091895 0.570644
0.131274 -0.092160 0.570913
0.131868 -0.092211 0.571717
0.131890 -0.092422 0.572911
0.133367 -0.092558 0.572533
0.133163 -0.091602 0.572854
0.133455 -0.092942 0.573131
0.133901 -0.092163 0.573423
0.133723 -0.092607 0.573894
0.134653 -0.091401 0.575052
0.134683 -0.091927 0.574282
0.135328 -0.092185 0.575381
0.134265 -0.091561 0.575720
0.134541 -0.091644 0.577538
0.135017 -0.091773 0.576404
0.136097 -0.092953 0.577316
0.137497 -0.092448 0.577995
0.136177 -0.091529 0.577948
0.136863 -0.091850 0.577809
0.136796 -0.092227 0.577963
0.137179 -0.091525 0.579447
0.137166 -0.091689 0.579336
0.137461 -0.091052 0.580084
0.137584 -0.091251 0.580732
0.137704 -0.091671 0.580831
0.137654 -0.091309 0.581725
0.138927 -0.092336 0.582138
0.138384 -0.092528 0.582591
0.139007 -0.092759 0.583254
0.138323 -0.092646 0.582922
0.140830 -0.091835 0.583515
0.139705 -0.091894 0.584307
0.140195 -0.090858 0.584931
0.138611 -0.091884 0.584536
0.140364 -0.092517 0.585127
0.140147 -0.091301 0.586339
0.140215 -0.092377 0.585835
0.141327 -0.091546 0.586625
0.140639 -0.091969 0.588041
0.140724 -0.091982 0.588268
0.140835 -0.092835 0.589101
0.141409 -0.090928 0.588749
0.140868 -0.092590 0.589311
0.141278 -0.091905 0.590647
0.141014 -0.092031 0.590412
0.141697 -0.092434 0.590600
0.141397 -0.091970 0.591659
0.141182 -0.091228 0.592095
0.141801 -0.091777 0.591884
0.142738 -0.091264 0.592535
0.142643 -0.091712 0.592477
0.141411 -0.092147 0.594412
0.141723 -0.091671 0.593984
0.141828 -0.092371 0.594987
0.142365 -0.091518 0.595020
0.143219 -0.092062 0.594809
0.142958 -0.091572 0.596389
0.142790 -0.091660 0.596884
0.142668 -0.092105 0.596987
0.142745 -0.092644 0.598396
0.141580 -0.092476 0.597034
0.142813 -0.092108 0.598947
0.143001 -0.092403 0.599752
0.142100 -0.091079 0.599802
0.142643 -0.091364 0.600262
0.142293 -0.091677 0.601450
0.141145 -0.091940 0.601093
0.142099 -0.092347 0.601905
0.142534 -0.091630 0.601980
0.142499 -0.091920 0.602702
0.142451 -0.091393 0.603372
0.142265 -0.091799 0.604460
0.141228 -0.092422 0.604444
0.142257 -0.092848 0.605198
0.141689 -0.092157 0.605001
0.141790 -0.092153 0.606389
0.141544 -0.091785 0.606285
0.141734 -0.091735 0.607118
0.141225 -0.091706 0.607316
0.141483 -0.092171 0.608538
0.141102 -0.091236 0.608139
0.141599 -0.092820 0.608464
0.141462 -0.092447 0.608658
0.141761 -0.092022 0.609273
0.141158 -0.090883 0.609315
0.141014 -0.092024 0.609961
0.141374 -0.092523 0.610836
0.140688 -0.092653 0.611502
0.141016 -0.091776 0.611972
0.140376 -0.091967 0.612630
0.140779 -0.091534 0.612542
0.140075 -0.092236 0.613190
0.140282 -0.091584 0.613543
0.140250 -0.091385 0.613632
0.139248 -0.091604 0.614723
0.140239 -0.092582 0.615544
0.139311 -0.091650 0.615797
0.139757 -0.092045 0.616263
0.139614 -0.091620 0.616445
0.138409 -0.092465 0.617573
0.138927 -0.092466 0.616666
0.138726 -0.091860 0.617984
0.138403 -0.092222 0.618243
0.137757 -0.091667 0.619372
0.138309 -0.091714 0.619064
0.137127 -0.091402 0.619523
0.137662 -0.092035 0.621041
0.137672 -0.090832 0.620313
0.136756 -0.092040 0.620687
0.137195 -0.092109 0.622439
0.136215 -0.091834 0.622582
0.136480 -0.092048 0.621283
0.135552 -0.091543 0.622028
0.135132 -0.091938 0.623484
0.135694 -0.091208 0.623325
0.134595 -0.091887 0.624118
0.134376 -0.091961 0.624305
0.133869 -0.092519 0.624868
0.134083 -0.091730 0.624966
0.133290 -0.091242 0.625754
0.133313 -0.092488 0.625888
0.133974 -0.092122 0.625471
0.133160 -0.091991 0.627012
0.132954 -0.091222 0.627507
0.131712 -0.091729 0.627186
0.131668 -0.091808 0.628677
0.131541 -0.092186 0.627527
0.131970 -0.091410 0.629189
0.131261 -0.091930 0.629663
0.130711 -0.092331 0.629746
0.130383 -0.092252 0.629909
0.129999 -0.091554 0.630011
0.129668 -0.091036 0.630184
0.129311 -0.091945 0.631660
0.128100 -0.092248 0.631399
0.128840 -0.091351 0.631245
0.128922 -0.092348 0.631515
0.127337 -0.092193 0.632129
0.127234 -0.091400 0.632385
0.128101 -0.092692 0.633754
0.126518 -0.091531 0.631591
0.126906 -0.092247 0.633602
0.126107 -0.091658 0.633506
0.125887 -0.092452 0.634166
0.125154 -0.091111 0.634811
0.124392 -0.091440 0.633989
0.124130 -0.092254 0.635554
0.123966 -0.092327 0.635219
0.123734 -0.091855 0.636022
0.122960 -0.092117 0.636654
0.122339 -0.092214 0.636552
0.122156 -0.091914 0.636590
0.121906 -0.092203 0.636443
0.120587 -0.092040 0.637047
0.121768 -0.088635 0.563072
0.123299 -0.088575 0.562906
0.121067 -0.088650 0.563813
0.122501 -0.088249 0.563908
0.122777 -0.087832 0.564001
0.123397 -0.088806 0.563841
0.124058 -0.088325 0.565058
0.124210 -0.088975 0.565250
0.124736 -0.088177 0.565706
0.124554 -0.088588 0.566197
0.125363 -0.088070 0.565186
0.125920 -0.088600 0.566479
0.126508 -0.089020 0.566078
0.126367 -0.089319 0.566892
0.126508 -0.088213 0.567026
0.126607 -0.089297 0.567617
0.127407 -0.088047 0.567707
0.127403 -0.088904 0.568536
0.127760 -0.088557 0.567883
0.128851 -0.088828 0.567963
0.129067 -0.087932 0.568736
0.128755 -0.088753 0.569682
0.130718 -0.088520 0.569927
0.129276 -0.088652 0.570695
0.130948 -0.088446 0.570956
0.131599 -0.088141 0.570332
0.130586 -0.088399 0.570987
0.132191 -0.088536 0.571915
0.131439 -0.088778 0.572409
0.131822 -0.088883 0.572861
0.131906 -0.088132 0.572029
0.132693 -0.088787 0.573834
0.133437 -0.088604 0.573644
0.132455 -0.089325 0.573949
0.133166 -0.088156 0.574680
0.133625 -0.089343 0.574464
0.134795 -0.088950 0.574977
0.134809 -0.088115 0.575783
0.134880 -0.088528 0.575101
0.135498 -0.087860 0.575782
0.135320 -0.088234 0.577334
0.136147 -0.088502 0.577399
0.135857 -0.087836 0.577143
0.135928 -0.088841 0.577856
0.137015 -0.088857 0.578523
0.137184 -0.088047 0.578914
0.136497 -0.088400 0.579727
0.138434 -0.088448 0.579803
0.137752 -0.089342 0.580451
0.138025 -0.088384 0.580668
0.138721 -0.089294 0.580718
0.137701 -0.089689 0.581733
0.138341 -0.088782 0.582113
0.138509 -0.087038 0.581912
0.138571 -0.088631 0.582968
0.139340 -0.088172 0.583421
0.138857 -0.088371 0.583858
0.139257 -0.088883 0.583846
0.139834 -0.088709 0.584311
0.140544 -0.089055 0.585746
0.139935 -0.087993 0.586132
0.140024 -0.087795 0.585795
0.140817 -0.089258 0.586938
0.140841 -0.089065 0.586473
0.140234 -0.088406 0.587731
0.140221 -0.089284 0.589184
0.140702 -0.088867 0.589301
0.141091 -0.088701 0.589339
0.141789 -0.089360 0.589116
0.141535 -0.088732 0.589929
0.140885 -0.088201 0.590436
0.142058 -0.089430 0.590305
0.142050 -0.088771 0.591628
0.141748 -0.087652 0.592213
0.141455 -0.088416 0.591608
0.142317 -0.088713 0.592986
0.141936 -0.088466 0.593810
0.142235 -0.088240 0.593662
0.141360 -0.088282 0.594091
0.142165 -0.088601 0.595205
0.141998 -0.088043 0.595366
0.143232 -0.088288 0.595934
0.141688 -0.087770 0.595937
0.142237 -0.088396 0.596710
0.142606 -0.088891 0.596598
0.143141 -0.087884 0.598349
0.142372 -0.088287 0.597945
0.143611 -0.088746 0.598746
0.142340 -0.088747 0.599649
0.142102 -0.088644 0.600319
0.143025 -0.088490 0.600920
0.142083 -0.088682 0.600966
0.142477 -0.088314 0.601852
0.142402 -0.089045 0.601968
0.142855 -0.088793 0.601777
0.142819 -0.087782 0.602609
0.141422 -0.088155 0.603918
0.143068 -0.087786 0.603851
0.142897 -0.088492 0.603946
0.141661 -0.088610 0.604786
0.142672 -0.088694 0.605353
0.141620 -0.088950 0.605306
0.141563 -0.088493 0.605574
0.142321 -0.087596 0.608071
0.141306 -0.089113 0.606678
0.140967 -0.087779 0.607136
0.142542 -0.088907 0.607796
0.140754 -0.088182 0.608767
0.142280 -0.089180 0.608768
0.141263 -0.088470 0.609536
0.141937 -0.088090 0.610371
0.140366 -0.088092 0.610403
0.141189 -0.088755 0.611560
0.140842 -0.087729 0.612040
0.141377 -0.088327 0.611910
0.139868 -0.089344 0.612087
0.140264 -0.088144 0.613423
0.140631 -0.089243 0.613389
0.140341 -0.088862 0.614643
0.140454 -0.088167 0.614930
0.139644 -0.089356 0.614612
0.139424 -0.088397 0.613867
0.139069 -0.089238 0.616186
0.138518 -0.089132 0.616302
0.138628 -0.089129 0.616832
0.138973 -0.088647 0.617113
0.138994 -0.088854 0.617399
0.138659 -0.087709 0.618210
0.137407 -0.088818 0.618451
0.137903 -0.087566 0.618393
0.138326 -0.088971 0.619805
0.137187 -0.088818 0.620103
0.137759 -0.087453 0.621101
0.136713 -0.089162 0.621749
0.137222 -0.089212 0.621055
0.136763 -0.088545 0.622309
0.136234 -0.088585 0.620599
0.136147 -0.088272 0.622084
0.137229 -0.088220 0.623448
0.135883 -0.089774 0.623139
0.136200 -0.088712 0.623182
0.134966 -0.088554 0.623553
0.135615 -0.089424 0.624549
0.134580 -0.088673 0.625414
0.134023 -0.088061 0.625237
0.133989 -0.088310 0.626324
0.133424 -0.088842 0.626021
0.133180 -0.088452 0.626178
0.132762 -0.088096 0.626446
0.132970 -0.087711 0.627542
0.131976 -0.088560 0.627675
0.131091 -0.088558 0.628558
0.131862 -0.088196 0.628122
0.132066 -0.088538 0.629349
0.130459 -0.088859 0.628836
0.130984 -0.088563 0.629722
0.130785 -0.089224 0.630474
0.129639 -0.089417 0.630748
0.129312 -0.087930 0.630851
0.130492 -0.088798 0.629944
0.128780 -0.088788 0.631052
0.128628 -0.088917 0.631107
0.127824 -0.088051 0.632089
0.129214 -0.088475 0.631380
0.127706 -0.088078 0.632530
0.126332 -0.088182 0.632297
0.127082 -0.088769 0.632720
0.126099 -0.087346 0.633413
0.125278 -0.087567 0.633992
0.125415 -0.088569 0.634057
0.125485 -0.088228 0.634079
0.125048 -0.088664 0.634907
0.123260 -0.089047 0.635190
0.124362 -0.088818 0.635221
0.123574 -0.088376 0.636050
0.123032 -0.088531 0.635915
0.122966 -0.087943 0.636186
0.122328 -0.088653 0.635978
0.122369 -0.088825 0.635927
0.121214 -0.088043 0.637129
0.121333 -0.085027 0.563368
0.121621 -0.085067 0.563363
0.122362 -0.085251 0.562933
0.122157 -0.085122 0.564085
0.123334 -0.085669 0.564265
0.123002 -0.086018 0.564287
0.123869 -0.085322 0.565077
0.124495 -0.086060 0.565906
0.124874 -0.085509 0.564731
0.125146 -0.085194 0.565217
0.125370 -0.085816 0.565370
0.125623 -0.085285 0.566076
0.126503 -0.084719 0.567506
0.126685 -0.085355 0.566440
0.126921 -0.085584 0.567176
0.128079 -0.084621 0.567967
0.127525 -0.085334 0.568221
0.128347 -0.085526 0.567349
0.128557 -0.084903 0.568079
0.128878 -0.085321 0.568314
0.129436 -0.085584 0.568583
0.128757 -0.085603 0.568718
0.130038 -0.085785 0.569401
0.130320 -0.085383 0.569938
0.130887 -0.084632 0.570931
0.130906 -0.085005 0.570578
0.131692 -0.085484 0.571735
0.131954 -0.085413 0.571229
0.130954 -0.085277 0.571752
0.131932 -0.085164 0.572484
0.132960 -0.085219 0.572522
0.132239 -0.086183 0.573272
0.133027 -0.085107 0.573611
0.133527 -0.085102 0.574187
0.134476 -0.085137 0.574793
0.134430 -0.084988 0.574739
0.134613 -0.085427 0.574671
0.134858 -0.085188 0.576992
0.135670 -0.085773 0.576312
0.135226 -0.085423 0.575552
0.135561 -0.085485 0.576309
0.135742 -0.084728 0.578214
0.136469 -0.086241 0.578037
0.135349 -0.085687 0.578533
0.136623 -0.085218 0.577920
0.136640 -0.085211 0.578397
0.136218 -0.085280 0.579161
0.137552 -0.085292 0.579818
0.136854 -0.085657 0.579192
0.137970 -0.085378 0.580909
0.138270 -0.085446 0.580472
0.137819 -0.085328 0.581384
0.138550 -0.085747 0.582401
0.138357 -0.086116 0.582947
0.139124 -0.085248 0.583390
0.138953 -0.085784 0.583439
0.138901 -0.085810 0.583369
0.138635 -0.085301 0.584617
0.139279 -0.085702 0.584961
0.139649 -0.084678 0.585683
0.139867 -0.085104 0.585015
0.140449 -0.084683 0.586469
0.139534 -0.085838 0.586032
0.140477 -0.085226 0.586438
0.140967 -0.084606 0.588562
0.140117 -0.085453 0.587350
0.140984 -0.084717 0.588206
0.140968 -0.085011 0.589377
0.141647 -0.084341 0.589309
0.141011 -0.086021 0.589528
0.141595 -0.085179 0.590942
0.140672 -0.084564 0.590616
0.141917 -0.084717 0.591235
0.141565 -0.086075 0.591844
0.140833 -0.085906 0.592537
0.143150 -0.086047 0.593158
0.142325 -0.084242 0.593467
0.141745 -0.085107 0.593573
0.141298 -0.085506 0.593685
0.142171 -0.085210 0.593982
0.142756 -0.084741 0.594790
0.142295 -0.084648 0.595146
0.142050 -0.086024 0.596120
0.142935 -0.085240 0.597795
0.142458 -0.085097 0.596882
0.142105 -0.084638 0.597658
0.142540 -0.084108 0.599100
0.142159 -0.085626 0.598748
0.142731 -0.084954 0.599708
0.143525 -0.085664 0.600064
0.142387 -0.085285 0.600124
0.141834 -0.085134 0.599901
0.142212 -0.084735 0.601488
0.141447 -0.085733 0.602227
0.142594 -0.084912 0.602034
0.141993 -0.085227 0.603538
0.143619 -0.085076 0.603226
0.142682 -0.085150 0.603099
0.141981 -0.085454 0.604344
0.142773 -0.085646 0.604872
0.141440 -0.084809 0.605183
0.141974 -0.086112 0.606340
0.142591 -0.086079 0.606407
0.141849 -0.084459 0.606451
0.141828 -0.085485 0.607732
0.142704 -0.085056 0.608117
0.141427 -0.084962 0.608891
0.141130 -0.085196 0.609087
0.140878 -0.084514 0.609035
0.141995 -0.084923 0.610067
0.141637 -0.085970 0.609906
0.141258 -0.084652 0.611067
0.141831 -0.084786 0.610954
0.140915 -0.084943 0.611710
0.140479 -0.085877 0.612625
0.139591 -0.085560 0.611824
0.141027 -0.085376 0.612811
0.140574 -0.084328 0.613365
0.139183 -0.084994 0.614171
0.139418 -0.085282 0.614639
0.140208 -0.085497 0.614655
0.139975 -0.085570 0.615685
0.139099 -0.085561 0.615830
0.138938 -0.084929 0.616342
0.140171 -0.086072 0.616648
0.139168 -0.084999 0.616326
0.138108 -0.085339 0.617766
0.138705 -0.085339 0.617427
0.137895 -0.085408 0.618854
0.138444 -0.084761 0.618842
0.137662 -0.084832 0.619308
0.137469 -0.084654 0.619414
0.137892 -0.085471 0.620238
0.137616 -0.085984 0.621027
0.137223 -0.084990 0.621403
0.136133 -0.085110 0.621886
0.136146 -0.086036 0.621695
0.136443 -0.085711 0.621695
0.135686 -0.085450 0.622647
0.135567 -0.085323 0.622989
0.135883 -0.084574 0.623149
0.135528 -0.085131 0.623382
0.134597 -0.085156 0.624118
0.134418 -0.084741 0.624724
0.134333 -0.085039 0.624679
0.134041 -0.085542 0.625590
0.133601 -0.085036 0.626418
0.133000 -0.085763 0.626189
0.132374 -0.085271 0.626590
0.133353 -0.084775 0.627534
0.132228 -0.085369 0.627999
0.131240 -0.084653 0.627621
0.131545 -0.085176 0.627732
0.131604 -0.085545 0.629219
0.131374 -0.084720 0.629266
0.130758 -0.086401 0.629340
0.130268 -0.085282 0.629422
0.130412 -0.085364 0.630587
0.129553 -0.085362 0.630848
0.128546 -0.084748 0.630935
0.128368 -0.085331 0.631785
0.127786 -0.085221 0.632118
0.128250 -0.084666 0.631842
0.127562 -0.085573 0.632305
0.127696 -0.084841 0.632555
0.126510 -0.085023 0.632085
0.126624 -0.085558 0.633370
0.126141 -0.085581 0.633329
0.125120 -0.083652 0.634992
0.125627 -0.085296 0.633722
0.125603 -0.085005 0.634732
0.124553 -0.085246 0.635170
0.123759 -0.086232 0.636031
0.123975 -0.084596 0.635305
0.123310 -0.085477 0.635142
0.122192 -0.084810 0.635170
0.123053 -0.085224 0.635357
0.121907 -0.085345 0.636090
0.122049 -0.085494 0.636099
0.121031 -0.084954 0.637198
0.121433 -0.082085 0.563839
0.121610 -0.082450 0.563580
0.122628 -0.081084 0.563854
0.123626 -0.081983 0.565261
0.123148 -0.082045 0.563101
0.123792 -0.082257 0.564035
0.125361 -0.082417 0.564233
0.124127 -0.081069 0.564952
0.123974 -0.081586 0.565065
0.125169 -0.081798 0.565680
0.125217 -0.081584 0.565660
0.125305 -0.081266 0.565462
0.125511 -0.081944 0.566510
0.126921 -0.082633 0.566468
0.127063 -0.082356 0.567519
0.126565 -0.081904 0.567790
0.128070 -0.082444 0.567065
0.127724 -0.081961 0.569387
0.128218 -0.081898 0.568404
0.129337 -0.081612 0.568766
0.129337 -0.082887 0.568182
0.130130 -0.081306 0.569536
0.129751 -0.082120 0.568610
0.129874 -0.081844 0.571002
0.130392 -0.081629 0.570642
0.131313 -0.082019 0.571860
0.130455 -0.081080 0.572018
0.131500 -0.081670 0.571126
0.132254 -0.082194 0.572375
0.131723 -0.082608 0.572616
0.132995 -0.081391 0.572882
0.133076 -0.081834 0.573187
0.133243 -0.081917 0.573713
0.133494 -0.081258 0.573816
0.133178 -0.082294 0.573342
0.134632 -0.082369 0.573640
0.133844 -0.081381 0.574321
0.134871 -0.082057 0.575427
0.134859 -0.081091 0.575407
0.134918 -0.081285 0.576457
0.135274 -0.082056 0.576487
0.135244 -0.082195 0.577006
0.136126 -0.082194 0.578251
0.136605 -0.081770 0.577326
0.136890 -0.082073 0.578282
0.136685 -0.082160 0.579613
0.136870 -0.081036 0.579283
0.137081 -0.081673 0.579216
0.137916 -0.082380 0.580146
0.137997 -0.081452 0.581152
0.138124 -0.081664 0.580918
0.138512 -0.081531 0.580906
0.138262 -0.081763 0.581516
0.138953 -0.082735 0.582615
0.138358 -0.082056 0.583057
0.139311 -0.081272 0.583488
0.139037 -0.082964 0.583519
0.139545 -0.082459 0.584261
0.139456 -0.081049 0.584264
0.139220 -0.081498 0.585408
0.139435 -0.080522 0.585270
0.139866 -0.081534 0.586366
0.140235 -0.081262 0.586495
0.140339 -0.081880 0.586529
0.140810 -0.081533 0.586783
0.141857 -0.081574 0.586967
0.142014 -0.081669 0.588864
0.141885 -0.080647 0.588983
0.141137 -0.082860 0.589545
0.140490 -0.083409 0.590377
0.141205 -0.081545 0.590665
0.142007 -0.081640 0.589503
0.141253 -0.081609 0.591713
0.141750 -0.082179 0.592049
0.141614 -0.080940 0.591497
0.141278 -0.081842 0.592586
0.141621 -0.080829 0.593990
0.142317 -0.081517 0.593698
0.142247 -0.080997 0.594511
0.142468 -0.081377 0.594224
0.141942 -0.082365 0.595080
0.141760 -0.082323 0.595846
0.141797 -0.081577 0.596031
0.141389 -0.081555 0.597033
0.142327 -0.081970 0.596755
0.141725 -0.082175 0.598505
0.141875 -0.082690 0.597780
0.141527 -0.081348 0.598933
0.142889 -0.081268 0.600319
0.142439 -0.082498 0.599917
0.143308 -0.081308 0.600404
0.141926 -0.080887 0.601064
0.142160 -0.081728 0.601098
0.142215 -0.081405 0.602454
0.142545 -0.082441 0.602304
0.142177 -0.082006 0.603276
0.142282 -0.081883 0.603785
0.142011 -0.082615 0.604677
0.142070 -0.081892 0.604588
0.141704 -0.081898 0.604490
0.141446 -0.082415 0.605171
0.142099 -0.082688 0.606708
0.142267 -0.082777 0.606390
0.141839 -0.081738 0.607001
0.142092 -0.081155 0.607086
0.141936 -0.082521 0.607336
0.141616 -0.082046 0.608006
0.141996 -0.082622 0.609410
0.142081 -0.082126 0.608241
0.141061 -0.082125 0.609221
0.141634 -0.082309 0.610865
0.140914 -0.082002 0.610604
0.140621 -0.081614 0.611424
0.140942 -0.081497 0.610865
0.140899 -0.082023 0.611206
0.140278 -0.081892 0.612262
0.140414 -0.082003 0.614084
0.141096 -0.081257 0.612845
0.140486 -0.080964 0.612843
0.139626 -0.081593 0.614306
0.139517 -0.082171 0.614479
0.138994 -0.080989 0.614814
0.139118 -0.081728 0.615719
0.139022 -0.081891 0.616264
0.139549 -0.081833 0.616706
0.139628 -0.081595 0.617387
0.138330 -0.081360 0.617671
0.138790 -0.082164 0.618719
0.138260 -0.081706 0.617763
0.137817 -0.081334 0.619123
0.138168 -0.081644 0.619537
0.138267 -0.081727 0.619012
0.137425 -0.081806 0.620010
0.137339 -0.080899 0.620637
0.136602 -0.082538 0.620591
0.136215 -0.082115 0.621314
0.136221 -0.081596 0.621199
0.136441 -0.082084 0.622363
0.134872 -0.080920 0.622474
0.135978 -0.081946 0.623441
0.135214 -0.081389 0.624445
0.135043 -0.081441 0.623053
0.134929 -0.082352 0.623568
0.134096 -0.082182 0.624843
0.133116 -0.081339 0.625391
0.133827 -0.082166 0.626403
0.132521 -0.082755 0.626073
0.133220 -0.081643 0.626431
0.133138 -0.081799 0.627515
0.131856 -0.081701 0.626530
0.133216 -0.080845 0.627685
0.132276 -0.081304 0.628688
0.132346 -0.082244 0.628207
0.130883 -0.082112 0.628006
0.130660 -0.081331 0.628591
0.131451 -0.081710 0.629549
0.129720 -0.081397 0.629276
0.129421 -0.081152 0.630742
0.129840 -0.081115 0.630619
0.129055 -0.081937 0.630267
0.129625 -0.081513 0.630303
0.127963 -0.081410 0.631891
0.128559 -0.081383 0.631346
0.127327 -0.081057 0.632109
0.126419 -0.081638 0.632313
0.126937 -0.082200 0.632577
0.126181 -0.081748 0.633293
0.127396 -0.080945 0.633588
0.125648 -0.081176 0.633915
0.126030 -0.081081 0.634390
0.124956 -0.081840 0.635064
0.124735 -0.081894 0.634537
0.123472 -0.081790 0.635136
0.123296 -0.081272 0.635857
0.123189 -0.082578 0.636290
0.122187 -0.082377 0.636266
0.121584 -0.081965 0.636384
0.121680 -0.081398 0.636371
0.121685 -0.082996 0.637306
0.121445 -0.081459 0.637346
0.121393 -0.078077 0.563032
0.121875 -0.078952 0.562848
0.121495 -0.079217 0.563793
0.122176 -0.078787 0.563417
0.122592 -0.078479 0.563593
0.124293 -0.078096 0.564978
0.123020 -0.078623 0.564194
0.124994 -0.078849 0.564802
0.124852 -0.077978 0.564995
0.124672 -0.078926 0.565913
0.125479 -0.079199 0.566401
0.126332 -0.077905 0.566607
0.125969 -0.078277 0.565642
0.127038 -0.078974 0.566788
0.127377 -0.077676 0.566922
0.126487 -0.077945 0.567512
0.127659 -0.079311 0.566727
0.127853 -0.078336 0.567556
0.127065 -0.078646 0.567844
0.129256 -0.078074 0.568798
0.128972 -0.078401 0.569326
0.129566 -0.078349 0.569404
0.130031 -0.078353 0.569753
0.130557 -0.078635 0.570639
0.130492 -0.078738 0.570166
0.130404 -0.078496 0.571007
0.131202 -0.078244 0.571683
0.131791 -0.077800 0.571321
0.131788 -0.078801 0.572447
0.131554 -0.077993 0.572574
0.132217 -0.078782 0.572155
0.132968 -0.078800 0.572995
0.131784 -0.077597 0.574622
0.132757 -0.078540 0.573657
0.133293 -0.078796 0.573868
0.135221 -0.078203 0.574152
0.135499 -0.079365 0.575517
0.134582 -0.078025 0.575612
0.135097 -0.078265 0.575547
0.135793 -0.078187 0.577131
0.136253 -0.078206 0.576924
0.135630 -0.077777 0.577884
0.136220 -0.078773 0.577254
0.136028 -0.077777 0.577571
0.136259 -0.078366 0.579194
0.136987 -0.078593 0.579588
0.137241 -0.078207 0.578961
0.138136 -0.078397 0.579635
0.138188 -0.078899 0.580265
0.137150 -0.077846 0.580426
0.138127 -0.079494 0.581642
0.138808 -0.078670 0.581324
0.139261 -0.078778 0.581886
0.138753 -0.078780 0.582284
0.139213 -0.077762 0.582525
0.138353 -0.078527 0.583433
0.138625 -0.077129 0.584094
0.139574 -0.078192 0.583772
0.139060 -0.077696 0.583773
0.140776 -0.078849 0.583835
0.139286 -0.077598 0.585432
0.140017 -0.078826 0.586258
0.140500 -0.078499 0.586067
0.140385 -0.078363 0.587294
0.140481 -0.077974 0.586985
0.140844 -0.078838 0.587319
0.141021 -0.078757 0.588993
0.140783 -0.078653 0.588275
0.140567 -0.079175 0.590675
0.141180 -0.078196 0.589514
0.141476 -0.078715 0.590739
0.141695 -0.078805 0.590217
0.142341 -0.077400 0.590706
0.141212 -0.079483 0.592026
0.142329 -0.078009 0.592808
0.142006 -0.078566 0.592713
0.141978 -0.078093 0.593610
0.142418 -0.078851 0.594455
0.142186 -0.078618 0.594597
0.142577 -0.078657 0.594709
0.141787 -0.078741 0.596070
0.141889 -0.078109 0.595647
0.142019 -0.078506 0.595987
0.142535 -0.078689 0.597804
0.142133 -0.078329 0.597262
0.143176 -0.078544 0.597437
0.142039 -0.077856 0.598249
0.143020 -0.077900 0.598604
0.142423 -0.077801 0.598829
0.141990 -0.078571 0.599872
0.142241 -0.078436 0.600702
0.142978 -0.078736 0.600880
0.142658 -0.078312 0.601941
0.142081 -0.079445 0.601137
0.143008 -0.079111 0.602409
0.142835 -0.078301 0.602592
0.142126 -0.078901 0.603013
0.142810 -0.077645 0.604221
0.142277 -0.079073 0.605124
0.142598 -0.077171 0.604797
0.141782 -0.078414 0.604621
0.140789 -0.078334 0.605364
0.142560 -0.078964 0.605456
0.142639 -0.077607 0.606192
0.141857 -0.078216 0.606783
0.142228 -0.078395 0.607521
0.141653 -0.077407 0.607695
0.140829 -0.079392 0.608762
0.142260 -0.078747 0.608737
0.141445 -0.078103 0.609890
0.142010 -0.078299 0.610338
0.141949 -0.078454 0.609711
0.141269 -0.078239 0.611633
0.140499 -0.078808 0.611283
0.140661 -0.078667 0.611777
0.140630 -0.077878 0.611896
0.139552 -0.078336 0.612024
0.140395 -0.078331 0.613398
0.140461 -0.078647 0.613495
0.140002 -0.077819 0.615394
0.140079 -0.078384 0.614971
0.138875 -0.078311 0.614967
0.139467 -0.078223 0.615181
0.139847 -0.078346 0.615673
0.139204 -0.077895 0.616505
0.140195 -0.078660 0.617305
0.138105 -0.078083 0.617823
0.137353 -0.078691 0.618597
0.138744 -0.079489 0.617863
0.137883 -0.077932 0.618695
0.137687 -0.079457 0.618829
0.137899 -0.077891 0.619808
0.136763 -0.078185 0.620814
0.137429 -0.079157 0.620860
0.137641 -0.078496 0.621809
0.136661 -0.078642 0.620660
0.136773 -0.079802 0.621953
0.136108 -0.078979 0.622424
0.135705 -0.078539 0.622076
0.135627 -0.078302 0.623296
0.135590 -0.079483 0.624061
0.134698 -0.078479 0.623551
0.134350 -0.078936 0.624143
0.135467 -0.077195 0.625361
0.134127 -0.078189 0.625704
0.134311 -0.078068 0.625516
0.133591 -0.079273 0.625920
0.133105 -0.078988 0.627764
0.132629 -0.078872 0.626386
0.132361 -0.078820 0.627619
0.132400 -0.078655 0.627494
0.132069 -0.078773 0.627612
0.131197 -0.078432 0.628015
0.132016 -0.077688 0.628337
0.130663 -0.078194 0.628530
0.131701 -0.077695 0.629263
0.130081 -0.078425 0.630243
0.131063 -0.078002 0.630165
0.129263 -0.078216 0.630696
0.128591 -0.078087 0.630469
0.128828 -0.078414 0.631204
0.127983 -0.078419 0.631147
0.128036 -0.079158 0.632301
0.126921 -0.079816 0.632412
0.126901 -0.077625 0.632612
0.126977 -0.079170 0.633109
0.127911 -0.078600 0.632985
0.125995 -0.078104 0.633302
0.126283 -0.078570 0.633151
0.125530 -0.078186 0.634081
0.125238 -0.078585 0.634757
0.123912 -0.078721 0.633862
0.124286 -0.078282 0.634482
0.123877 -0.078599 0.635163
0.123429 -0.078310 0.634977
0.123005 -0.078812 0.635700
0.122371 -0.078302 0.635523
0.122261 -0.079070 0.635811
0.121341 -0.079155 0.637169
0.121345 -0.078031 0.636544
0.121514 -0.075163 0.562631
0.122601 -0.075400 0.563529
0.122389 -0.074760 0.564106
0.122526 -0.075671 0.564077
0.123353 -0.073934 0.564400
0.123125 -0.075166 0.565304
0.123263 -0.074709 0.564492
0.124281 -0.073780 0.565715
0.124435 -0.075894 0.566077
0.125170 -0.075824 0.565754
0.125382 -0.075466 0.565561
0.125864 -0.075840 0.566130
0.125655 -0.075268 0.567424
0.125682 -0.074822 0.566706
0.127895 -0.075603 0.567245
0.128558 -0.075024 0.567531
0.127258 -0.075740 0.567451
0.127831 -0.074529 0.568628
0.128946 -0.075262 0.568102
0.129042 -0.075214 0.568611
0.128455 -0.074772 0.569482
0.129980 -0.075566 0.568885
0.129906 -0.075567 0.569018
0.129762 -0.075055 0.570475
0.130879 -0.074771 0.570736
0.130335 -0.074907 0.571072
0.131365 -0.075255 0.571464
0.132077 -0.074228 0.573125
0.132096 -0.074741 0.571744
0.132195 -0.074527 0.571912
0.132776 -0.075682 0.573194
0.133066 -0.074618 0.573228
0.134356 -0.075323 0.574051
0.134197 -0.074963 0.573609
0.132849 -0.074891 0.573797
0.133316 -0.075154 0.575129
0.135340 -0.075800 0.575000
0.135464 -0.075206 0.575535
0.134722 -0.074901 0.575387
0.134782 -0.075303 0.576681
0.135434 -0.075202 0.576905
0.135397 -0.075746 0.577296
0.136802 -0.074975 0.577811
0.136094 -0.074750 0.578335
0.136762 -0.075559 0.578731
0.136996 -0.075739 0.578788
0.137079 -0.074333 0.580311
0.136653 -0.075055 0.579139
0.136991 -0.075741 0.579712
0.138417 -0.075267 0.579779
0.137445 -0.074998 0.580946
0.138808 -0.074900 0.581768
0.137939 -0.075199 0.582737
0.138633 -0.075087 0.582888
0.138168 -0.075878 0.583751
0.139663 -0.075057 0.584014
0.139286 -0.074771 0.582953
0.138604 -0.074896 0.583681
0.139452 -0.075772 0.584931
0.139389 -0.074560 0.584397
0.140497 -0.075479 0.586095
0.139902 -0.075328 0.586514
0.139704 -0.074692 0.586440
0.139843 -0.075576 0.586267
0.140116 -0.075467 0.587432
0.140305 -0.076266 0.587988
0.141442 -0.075668 0.588582
0.141136 -0.074245 0.589901
0.140919 -0.074816 0.589242
0.141408 -0.074545 0.589152
0.141949 -0.074601 0.590305
0.141658 -0.074034 0.590560
0.141705 -0.076333 0.591171
0.142087 -0.075446 0.591349
0.140871 -0.075666 0.592253
0.141754 -0.075518 0.592081
0.141274 -0.076096 0.593432
0.141759 -0.075111 0.593912
0.141313 -0.075260 0.594824
0.142225 -0.074638 0.594891
0.141888 -0.075053 0.595024
0.142429 -0.074666 0.595190
0.142692 -0.076210 0.596957
0.141922 -0.075602 0.597094
0.142656 -0.074922 0.597404
0.141555 -0.075490 0.598162
0.141981 -0.074742 0.597899
0.142156 -0.075348 0.598857
0.142832 -0.075216 0.599128
0.142915 -0.074097 0.599697
0.142824 -0.075056 0.600438
0.142058 -0.074640 0.601109
0.142844 -0.074917 0.601128
0.142401 -0.074389 0.601490
0.142418 -0.075712 0.601879
0.142189 -0.075146 0.602570
0.140777 -0.074918 0.602283
0.142174 -0.075325 0.604380
0.142932 -0.075052 0.604642
0.142215 -0.074754 0.605233
0.142100 -0.075746 0.603193
0.142795 -0.074964 0.605090
0.141904 -0.074644 0.605928
0.141645 -0.075045 0.606321
0.141467 -0.073847 0.607272
0.141561 -0.075511 0.607090
0.141708 -0.074341 0.608105
0.141692 -0.075654 0.608443
0.141292 -0.075618 0.608949
0.142351 -0.074308 0.610347
0.141096 -0.074833 0.609391
0.142073 -0.075388 0.610285
0.141547 -0.074874 0.611472
0.141444 -0.075187 0.611263
0.140081 -0.074186 0.612857
0.140256 -0.073676 0.611390
0.140947 -0.074620 0.612601
0.140796 -0.074692 0.613261
0.140691 -0.075189 0.614483
0.139537 -0.075457 0.614711
0.140255 -0.074683 0.614579
0.139807 -0.075486 0.615726
0.139541 -0.075473 0.615614
0.139461 -0.076073 0.615881
0.139706 -0.076178 0.616853
0.139235 -0.076013 0.616542
0.137946 -0.075852 0.617434
0.137415 -0.074872 0.618079
0.138437 -0.075516 0.617853
0.138102 -0.075299 0.618908
0.137141 -0.075499 0.618963
0.137136 -0.075218 0.619635
0.137328 -0.075227 0.620128
0.137514 -0.075131 0.621197
0.136929 -0.075312 0.621187
0.136742 -0.075162 0.621371
0.136019 -0.075055 0.621861
0.137410 -0.075272 0.622654
0.136063 -0.074445 0.622583
0.135606 -0.074494 0.623240
0.134957 -0.075068 0.623701
0.135191 -0.076731 0.624119
0.134748 -0.074751 0.624382
0.134007 -0.075204 0.624284
0.133137 -0.075307 0.625588
0.134000 -0.075582 0.626798
0.133716 -0.074382 0.626436
0.133189 -0.075325 0.626168
0.132523 -0.075132 0.625870
0.132639 -0.075577 0.626813
0.131505 -0.075295 0.627381
0.132040 -0.074771 0.627372
0.131244 -0.075753 0.629160
0.129943 -0.074777 0.628838
0.131074 -0.075089 0.629008
0.130073 -0.074442 0.628812
0.129552 -0.074944 0.630130
0.128490 -0.075372 0.630461
0.128787 -0.074910 0.630915
0.129978 -0.075822 0.631055
0.128698 -0.074468 0.631599
0.128886 -0.075481 0.632158
0.128205 -0.076227 0.631506
0.128106 -0.074759 0.632290
0.127046 -0.075250 0.632677
0.127329 -0.075291 0.632374
0.126242 -0.074692 0.633128
0.125503 -0.075866 0.633695
0.125350 -0.075654 0.633778
0.124742 -0.074870 0.634342
0.124627 -0.075302 0.634208
0.124503 -0.075098 0.634737
0.124096 -0.075109 0.634890
0.124560 -0.075203 0.635703
0.123546 -0.075326 0.635761
0.122826 -0.074752 0.635559
0.122543 -0.075446 0.635497
0.122470 -0.075435 0.636725
0.121900 -0.074836 0.636922
0.122586 -0.074654 0.636528
0.120787 -0.071062 0.562646
0.121016 -0.072513 0.564493
0.122885 -0.071338 0.564524
0.122044 -0.071283 0.564638
0.123472 -0.071109 0.564333
0.123816 -0.071965 0.564880
0.123278 -0.071916 0.565314
0.123765 -0.071537 0.565449
0.125059 -0.072287 0.567544
0.125186 -0.072139 0.565568
0.124697 -0.071746 0.565629
0.125346 -0.071218 0.566975
0.126715 -0.071767 0.566387
0.126651 -0.070832 0.567344
0.126682 -0.071779 0.567258
0.126580 -0.071264 0.566599
0.127477 -0.072001 0.567914
0.127711 -0.071932 0.567022
0.127891 -0.071138 0.569507
0.128559 -0.071921 0.569109
0.129291 -0.071914 0.568668
0.130790 -0.071742 0.569763
0.129559 -0.072052 0.569512
0.129960 -0.071907 0.570476
0.131029 -0.072058 0.570702
0.130261 -0.072503 0.570497
0.130526 -0.071076 0.571738
0.131833 -0.071190 0.572003
0.130769 -0.071738 0.572283
0.131766 -0.071554 0.572361
0.132129 -0.070691 0.572835
0.133078 -0.072107 0.573440
0.133507 -0.071683 0.573350
0.133164 -0.072371 0.573772
0.133090 -0.072140 0.573924
0.134678 -0.071890 0.574664
0.134400 -0.071606 0.575069
0.134863 -0.072184 0.575766
0.135508 -0.072380 0.575126
0.135091 -0.071783 0.576144
0.135583 -0.070855 0.576476
0.134692 -0.071618 0.577274
0.136151 -0.070966 0.578021
0.136165 -0.071936 0.577802
0.136872 -0.071221 0.577310
0.137588 -0.072299 0.578590
0.137202 -0.072235 0.579158
0.137611 -0.071316 0.579996
0.137461 -0.071842 0.580280
0.138178 -0.071749 0.580653
0.137030 -0.071230 0.580729
0.138453 -0.071838 0.580649
0.137931 -0.071436 0.581387
0.138496 -0.071778 0.582391
0.139192 -0.072047 0.582223
0.139024 -0.072087 0.582828
0.138942 -0.071799 0.583004
0.140028 -0.071598 0.584648
0.140593 -0.071273 0.584690
0.139423 -0.071679 0.585502
0.139862 -0.072137 0.586413
0.140664 -0.072176 0.586325
0.140558 -0.071401 0.587712
0.140041 -0.072451 0.586485
0.140412 -0.071572 0.587237
0.141153 -0.072632 0.589704
0.141082 -0.071778 0.588985
0.140726 -0.072201 0.589334
0.141298 -0.071261 0.589820
0.140084 -0.072092 0.590655
0.141824 -0.072444 0.590393
0.141316 -0.071574 0.591574
0.141248 -0.071468 0.591911
0.141016 -0.071866 0.591807
0.142215 -0.071754 0.592479
0.142078 -0.071002 0.593186
0.142311 -0.071706 0.593235
0.141557 -0.072475 0.593117
0.142629 -0.072060 0.593981
0.141830 -0.072356 0.595112
0.142687 -0.071811 0.595477
0.142906 -0.071683 0.596140
0.142121 -0.071637 0.596615
0.142598 -0.072296 0.596204
0.142611 -0.071662 0.597496
0.141925 -0.072354 0.597070
0.142569 -0.071247 0.599271
0.143289 -0.071128 0.599232
0.142858 -0.071941 0.599578
0.142470 -0.072125 0.599416
0.142082 -0.071492 0.600257
0.142452 -0.070581 0.601369
0.141856 -0.071840 0.600663
0.143096 -0.071980 0.601340
0.143243 -0.072253 0.602340
0.143293 -0.072263 0.602100
0.143624 -0.071768 0.603857
0.142788 -0.071638 0.603413
0.143123 -0.072108 0.604774
0.141805 -0.071142 0.604905
0.142383 -0.071775 0.604636
0.142656 -0.071518 0.605659
0.141780 -0.071074 0.605848
0.141605 -0.072005 0.606885
0.142512 -0.071398 0.607842
0.140961 -0.071849 0.606900
0.142357 -0.071916 0.608456
0.141843 -0.071748 0.608789
0.140962 -0.071849 0.609014
0.140701 -0.071990 0.610317
0.141488 -0.071597 0.609919
0.141003 -0.071598 0.610013
0.141133 -0.071482 0.611121
0.141173 -0.071216 0.611017
0.140196 -0.071762 0.612018
0.141402 -0.071675 0.612336
0.141152 -0.072223 0.612517
0.140329 -0.070893 0.613526
0.140648 -0.072416 0.614478
0.140163 -0.071314 0.614987
0.140327 -0.071444 0.614616
0.139431 -0.071345 0.615148
0.139844 -0.070963 0.615363
0.139542 -0.071605 0.617026
0.138954 -0.071976 0.616107
0.138401 -0.071911 0.617445
0.139204 -0.072192 0.617941
0.138576 -0.071187 0.618913
0.138868 -0.071840 0.619001
0.138495 -0.071490 0.618982
0.137737 -0.072378 0.619538
0.137618 -0.071653 0.619323
0.137636 -0.072296 0.620323
0.136991 -0.071745 0.620850
0.136813 -0.072111 0.621000
0.136718 -0.071553 0.621730
0.137153 -0.071995 0.621810
0.135469 -0.071347 0.622682
0.135930 -0.071186 0.622874
0.135731 -0.071545 0.623293
0.134701 -0.072204 0.623675
0.134836 -0.072572 0.623049
0.134678 -0.072608 0.624760
0.134600 -0.072134 0.624866
0.134321 -0.072082 0.625227
0.133598 -0.071485 0.625829
0.133458 -0.070863 0.625947
0.133745 -0.071932 0.626822
0.132071 -0.070841 0.626969
0.132436 -0.071005 0.627992
0.131557 -0.071336 0.627483
0.131950 -0.072080 0.627729
0.131101 -0.071804 0.628592
0.131546 -0.071646 0.628783
0.131129 -0.072005 0.629301
0.131244 -0.071955 0.628944
0.130296 -0.072051 0.630117
0.129552 -0.072256 0.630092
0.129408 -0.070853 0.629698
0.129606 -0.071069 0.631864
0.128706 -0.071821 0.631309
0.128354 -0.070558 0.632047
0.128613 -0.071606 0.632102
0.128061 -0.071102 0.632635
0.127003 -0.071284 0.632379
0.127124 -0.070789 0.631770
0.126851 -0.072569 0.632955
0.126105 -0.071621 0.633525
0.126194 -0.071847 0.633330
0.125051 -0.071776 0.634873
0.124387 -0.071692 0.634043
0.124077 -0.071310 0.634725
0.124368 -0.072141 0.635270
0.124365 -0.071606 0.635581
0.123399 -0.072009 0.635238
0.122703 -0.071345 0.635239
0.122683 -0.071628 0.635005
0.122675 -0.071013 0.636840
0.122653 -0.070606 0.636635
0.121321 -0.070910 0.636940
0.121420 -0.067984 0.562532
0.121123 -0.068423 0.563505
0.122159 -0.068455 0.564317
0.121972 -0.068941 0.564741
0.122263 -0.068702 0.564750
0.122829 -0.068651 0.564637
0.123666 -0.068716 0.565014
0.123692 -0.067741 0.564566
0.123393 -0.068646 0.565707
0.125441 -0.068859 0.565817
0.125217 -0.068522 0.565857
0.125996 -0.068117 0.566424
0.126418 -0.068126 0.566860
0.127579 -0.069222 0.567449
0.126174 -0.067996 0.567346
0.127321 -0.068296 0.567602
0.127990 -0.067990 0.568291
0.128944 -0.068155 0.568890
0.128377 -0.068423 0.568292
0.128376 -0.067820 0.569881
0.128792 -0.068610 0.568317
0.130042 -0.069259 0.569287
0.130496 -0.068083 0.569402
0.130839 -0.068467 0.569390
0.129855 -0.068084 0.570646
0.130817 -0.068064 0.570939
0.132215 -0.068594 0.570588
0.131375 -0.068751 0.571878
0.132522 -0.068383 0.572436
0.132792 -0.067722 0.571917
0.132261 -0.068195 0.573305
0.133177 -0.068904 0.574267
0.133901 -0.068511 0.573164
0.133117 -0.067843 0.573772
0.133558 -0.067802 0.573994
0.134568 -0.068208 0.574887
0.135581 -0.068687 0.575369
0.135088 -0.069134 0.576113
0.135296 -0.068661 0.575701
0.135075 -0.067979 0.576575
0.135279 -0.067585 0.576793
0.136368 -0.068012 0.577213
0.135599 -0.068680 0.577804
0.136010 -0.068251 0.577675
0.136167 -0.067591 0.578129
0.136878 -0.069014 0.579019
0.137197 -0.068849 0.578883
0.136999 -0.068880 0.579509
0.137887 -0.069280 0.579382
0.136977 -0.068194 0.580487
0.138122 -0.067822 0.580874
0.138347 -0.068693 0.580803
0.138520 -0.068623 0.582105
0.138148 -0.069086 0.582766
0.138959 -0.069395 0.582103
0.139737 -0.068850 0.583013
0.139689 -0.068829 0.583600
0.139178 -0.067428 0.583655
0.139229 -0.068414 0.584600
0.140426 -0.068185 0.584303
0.140336 -0.068979 0.585844
0.140180 -0.069141 0.585938
0.139793 -0.068914 0.587345
0.140931 -0.068755 0.586990
0.140082 -0.068242 0.586474
0.141611 -0.067655 0.588485
0.140549 -0.068156 0.588431
0.140324 -0.067912 0.588829
0.140941 -0.068111 0.589384
0.140997 -0.068195 0.591098
0.141215 -0.068866 0.590175
0.141399 -0.068214 0.590067
0.141812 -0.068404 0.591718
0.141608 -0.069129 0.591435
0.142079 -0.068388 0.592484
0.142797 -0.068094 0.593156
0.142659 -0.069038 0.594738
0.141845 -0.068257 0.593976
0.141558 -0.067454 0.593843
0.142515 -0.069124 0.594555
0.142405 -0.068575 0.595658
0.142232 -0.068710 0.595610
0.142299 -0.068124 0.596397
0.141524 -0.068624 0.596015
0.143461 -0.068227 0.597025
0.142669 -0.067473 0.597486
0.141820 -0.067663 0.598981
0.142674 -0.068422 0.598916
0.141993 -0.067731 0.599124
0.142419 -0.066729 0.600438
0.142232 -0.067067 0.600801
0.142359 -0.067760 0.600320
0.142886 -0.068613 0.601696
0.142884 -0.068732 0.601511
0.142137 -0.068761 0.602212
0.142350 -0.068530 0.603178
0.141886 -0.069083 0.602864
0.142623 -0.068251 0.602764
0.142369 -0.068309 0.604368
0.141768 -0.068373 0.604598
0.142843 -0.069048 0.605084
0.142256 -0.068874 0.606105
0.141571 -0.068733 0.605888
0.141636 -0.068489 0.606432
0.141863 -0.068451 0.606624
0.141558 -0.068035 0.607792
0.141831 -0.069293 0.608352
0.141982 -0.067961 0.609387
0.142413 -0.069262 0.608793
0.141864 -0.068064 0.609338
0.141242 -0.067860 0.608840
0.141516 -0.068393 0.610240
0.141227 -0.068666 0.611317
0.141545 -0.068574 0.610971
0.140130 -0.069054 0.612087
0.139516 -0.068204 0.612041
0.140896 -0.068390 0.613075
0.140690 -0.069152 0.613228
0.139564 -0.067894 0.613718
0.140084 -0.068121 0.614682
0.139727 -0.068114 0.615026
0.139845 -0.068048 0.615339
0.139079 -0.068163 0.615949
0.139418 -0.068493 0.616103
0.139234 -0.068789 0.616892
0.138547 -0.067313 0.617942
0.138520 -0.068427 0.618112
0.138129 -0.067817 0.618306
0.138883 -0.069323 0.618465
0.138446 -0.067710 0.617919
0.136746 -0.068837 0.619022
0.138275 -0.067662 0.620324
0.137415 -0.068288 0.620628
0.136856 -0.068610 0.619767
0.136654 -0.067813 0.621518
0.136402 -0.067624 0.621163
0.135439 -0.069286 0.621798
0.135677 -0.068511 0.622289
0.135321 -0.068064 0.622635
0.134687 -0.069008 0.622982
0.134788 -0.067586 0.623575
0.134468 -0.069294 0.623919
0.134970 -0.068800 0.624024
0.135070 -0.068451 0.624779
0.133878 -0.068722 0.625100
0.133975 -0.067918 0.626122
0.133746 -0.069084 0.626660
0.132856 -0.068088 0.626105
0.133699 -0.068777 0.626201
0.132550 -0.068222 0.626610
0.131998 -0.069005 0.627426
0.131490 -0.068927 0.628331
0.131889 -0.067971 0.628127
0.131237 -0.067928 0.628797
0.130701 -0.068038 0.628932
0.129838 -0.068713 0.629445
0.130408 -0.068878 0.629692
0.129653 -0.068112 0.630365
0.129283 -0.069002 0.630634
0.128873 -0.068291 0.631023
0.128333 -0.068969 0.631106
0.128250 -0.068342 0.631806
0.128378 -0.068185 0.632349
0.128016 -0.068200 0.632771
0.126297 -0.068946 0.632758
0.127690 -0.068721 0.632206
0.125845 -0.068131 0.632710
0.126603 -0.068999 0.634662
0.124903 -0.068297 0.634119
0.125338 -0.068645 0.633781
0.124565 -0.067962 0.634903
0.124135 -0.068782 0.634398
0.123865 -0.068323 0.634884
0.123374 -0.068336 0.634660
0.122997 -0.069358 0.635612
0.123306 -0.069046 0.635807
0.122165 -0.067648 0.635485
0.122478 -0.068418 0.636634
0.121393 -0.068127 0.636947
0.121176 -0.068845 0.637617
0.120766 -0.064582 0.563277
0.121492 -0.065481 0.563120
0.122328 -0.065020 0.563678
0.122220 -0.064310 0.564604
0.122947 -0.065418 0.564521
0.123025 -0.065963 0.564796
0.124469 -0.064698 0.565257
0.123309 -0.065396 0.565091
0.124830 -0.065279 0.565517
0.125310 -0.064749 0.565336
0.125396 -0.065777 0.565640
0.125653 -0.066061 0.565097
0.126939 -0.064775 0.566661
0.126284 -0.065049 0.567017
0.126748 -0.064865 0.568069
0.126066 -0.065782 0.567454
0.127095 -0.065676 0.568202
0.128871 -0.065016 0.566939
0.129315 -0.065049 0.567750
0.128732 -0.064893 0.567821
0.129714 -0.064512 0.569590
0.129549 -0.065574 0.569060
0.129980 -0.064529 0.570178
0.130404 -0.065481 0.570932
0.131436 -0.063670 0.570444
0.131452 -0.065514 0.571215
0.131320 -0.064862 0.571904
0.131159 -0.064474 0.571350
0.133123 -0.063943 0.571814
0.131723 -0.064888 0.572725
0.132669 -0.065232 0.571810
0.133022 -0.064089 0.574051
0.133027 -0.065137 0.572536
0.133161 -0.065352 0.574139
0.132950 -0.065411 0.574114
0.135183 -0.065631 0.574532
0.134619 -0.064942 0.575279
0.134514 -0.065196 0.575823
0.133917 -0.064779 0.575725
0.135248 -0.065378 0.576688
0.136225 -0.065250 0.576993
0.136092 -0.065389 0.577730
0.136335 -0.066349 0.577905
0.137071 -0.065108 0.577199
0.136939 -0.065383 0.578529
0.136419 -0.064665 0.579449
0.136703 -0.065589 0.578807
0.136863 -0.064718 0.578690
0.138033 -0.064922 0.579420
0.137917 -0.064713 0.580334
0.137682 -0.064326 0.580631
0.138171 -0.066019 0.581839
0.137383 -0.065199 0.582483
0.137659 -0.064374 0.582493
0.138671 -0.064924 0.583461
0.139234 -0.065017 0.583231
0.139740 -0.064581 0.583891
0.139621 -0.064762 0.584606
0.139925 -0.064422 0.584144
0.139338 -0.065887 0.585035
0.140340 -0.064745 0.585344
0.139479 -0.064979 0.585712
0.140364 -0.065211 0.587117
0.141109 -0.065220 0.587513
0.140827 -0.064479 0.586615
0.142255 -0.065988 0.588399
0.140396 -0.064754 0.588274
0.140847 -0.065192 0.588090
0.140302 -0.064793 0.589565
0.140597 -0.065006 0.590385
0.141227 -0.066225 0.590174
0.141678 -0.064811 0.592135
0.142292 -0.064989 0.592026
0.141744 -0.064577 0.591413
0.142579 -0.065537 0.592631
0.142031 -0.065445 0.593351
0.142455 -0.065902 0.593475
0.141564 -0.065445 0.594782
0.141392 -0.065713 0.594533
0.142066 -0.065686 0.594722
0.142064 -0.064638 0.594674
0.142261 -0.064751 0.595374
0.141656 -0.064769 0.596322
0.142180 -0.064904 0.596634
0.141574 -0.064538 0.597170
0.142398 -0.065663 0.597460
0.142627 -0.065591 0.597950
0.142743 -0.064979 0.597605
0.143467 -0.064562 0.599387
0.142484 -0.064795 0.600225
0.142184 -0.065353 0.600081
0.142353 -0.065204 0.600879
0.141308 -0.065602 0.601777
0.143178 -0.064846 0.602293
0.142265 -0.064838 0.602668
0.142558 -0.065067 0.603039
0.142079 -0.065681 0.603022
0.141209 -0.065045 0.603072
0.142056 -0.064779 0.603805
0.141368 -0.064249 0.605391
0.141797 -0.064536 0.605222
0.142449 -0.064936 0.605489
0.141638 -0.064404 0.607691
0.141565 -0.065147 0.607217
0.141136 -0.065515 0.607279
0.141718 -0.064343 0.607878
0.141500 -0.064578 0.607940
0.141861 -0.065247 0.609244
0.141275 -0.064830 0.609729
0.141756 -0.065392 0.609699
0.141654 -0.064301 0.610048
0.140661 -0.065076 0.610361
0.141098 -0.064626 0.610755
0.141170 -0.065839 0.611347
0.140069 -0.065777 0.611431
0.140749 -0.065643 0.611867
0.140492 -0.065452 0.613047
0.140171 -0.064920 0.612804
0.139297 -0.065314 0.613181
0.139864 -0.065027 0.614268
0.139681 -0.064836 0.614777
0.140595 -0.065911 0.615042
0.139574 -0.065506 0.615511
0.139518 -0.065278 0.616133
0.139162 -0.065207 0.616505
0.139120 -0.065774 0.617488
0.139111 -0.064466 0.618163
0.138427 -0.064599 0.617627
0.137390 -0.066071 0.618941
0.138294 -0.064878 0.618358
0.137267 -0.064048 0.618743
0.137450 -0.065203 0.619771
0.137561 -0.064300 0.620549
0.137165 -0.065077 0.620309
0.136374 -0.065344 0.621551
0.136426 -0.064750 0.621595
0.136651 -0.065526 0.621742
0.136968 -0.064175 0.622337
0.136214 -0.064565 0.622629
0.134962 -0.064958 0.623231
0.134612 -0.064760 0.622154
0.135069 -0.064531 0.624007
0.134080 -0.065373 0.623698
0.134806 -0.065016 0.624933
0.134317 -0.064614 0.624630
0.133072 -0.064392 0.625249
0.133261 -0.064789 0.626317
0.133620 -0.065353 0.626863
0.132642 -0.065586 0.627502
0.132564 -0.065166 0.626741
0.132975 -0.065212 0.627156
0.131707 -0.065133 0.627784
0.131691 -0.064303 0.628756
0.132124 -0.065024 0.629392
0.131231 -0.065360 0.628505
0.130997 -0.064733 0.629474
0.130352 -0.065429 0.629148
0.130877 -0.064178 0.630696
0.129882 -0.065005 0.629790
0.128511 -0.065278 0.630811
0.128963 -0.064853 0.631794
0.128688 -0.064495 0.631287
0.128418 -0.065265 0.631389
0.127671 -0.065565 0.632085
0.127937 -0.064940 0.633260
0.127044 -0.065087 0.632981
0.126358 -0.066013 0.633009
0.125996 -0.064525 0.633146
0.125658 -0.065037 0.633392
0.125539 -0.065195 0.634042
0.124468 -0.065677 0.634830
0.125240 -0.065330 0.634876
0.124510 -0.064539 0.634896
0.123726 -0.065001 0.635149
0.122178 -0.065408 0.634876
0.122904 -0.064652 0.636192
0.122975 -0.065183 0.635780
0.122766 -0.065792 0.636064
0.121295 -0.065315 0.636029
0.121614 -0.065088 0.636997
0.121289 -0.061534 0.562892
0.121897 -0.061962 0.563297
0.121815 -0.061605 0.563827
0.123312 -0.062213 0.564387
0.122595 -0.061872 0.563846
0.122368 -0.061061 0.563983
0.123629 -0.061023 0.565918
0.124380 -0.061060 0.564809
0.124570 -0.061681 0.565334
0.124273 -0.062551 0.565822
0.125542 -0.061698 0.566286
0.125861 -0.061527 0.565706
0.126383 -0.061089 0.567084
0.126594 -0.062201 0.567182
0.126464 -0.061200 0.567004
0.126533 -0.060580 0.567492
0.127985 -0.061630 0.567368
0.127780 -0.062172 0.568301
0.127528 -0.061130 0.568494
0.129707 -0.061067 0.569909
0.129708 -0.061321 0.568885
0.129273 -0.062022 0.569395
0.130978 -0.061342 0.569904
0.129850 -0.061823 0.570385
0.131286 -0.062341 0.570895
0.130527 -0.061904 0.570860
0.130446 -0.061760 0.570199
0.131823 -0.061988 0.571937
0.132633 -0.062296 0.572543
0.132209 -0.061374 0.572805
0.133325 -0.061277 0.572140
0.133478 -0.061629 0.573764
0.133447 -0.061808 0.573750
0.134034 -0.062588 0.574199
0.133883 -0.061902 0.574118
0.133110 -0.061792 0.573851
0.133639 -0.061131 0.575107
0.134621 -0.060873 0.575328
0.135043 -0.061799 0.576361
0.134897 -0.061613 0.575944
0.136052 -0.061587 0.576111
0.136237 -0.061923 0.576432
0.135773 -0.062587 0.577540
0.137085 -0.061235 0.577753
0.136681 -0.061294 0.578484
0.137890 -0.061387 0.579569
0.137099 -0.061297 0.579139
0.137247 -0.062099 0.578703
0.137617 -0.061642 0.579962
0.137220 -0.063094 0.580995
0.138849 -0.061700 0.581664
0.138192 -0.061966 0.580958
0.138054 -0.062654 0.581068
0.139082 -0.062399 0.582120
0.139869 -0.061054 0.582403
0.138950 -0.061351 0.582731
0.139297 -0.062160 0.584630
0.139329 -0.061313 0.584984
0.139157 -0.061788 0.583537
0.139796 -0.062180 0.584322
0.139901 -0.061928 0.585501
0.140811 -0.061876 0.586618
0.140565 -0.060428 0.586721
0.140104 -0.062219 0.587766
0.140295 -0.061173 0.587540
0.141159 -0.060944 0.587937
0.141077 -0.061134 0.588008
0.140966 -0.061323 0.589406
0.142057 -0.061974 0.588838
0.140335 -0.062008 0.589678
0.141817 -0.062664 0.590252
0.142156 -0.061155 0.590207
0.141429 -0.062434 0.591716
0.141458 -0.061089 0.592662
0.141349 -0.061689 0.592346
0.141701 -0.061860 0.592695
0.141988 -0.060705 0.592788
0.142829 -0.061325 0.593463
0.142156 -0.061157 0.594438
0.142408 -0.061704 0.594344
0.142209 -0.061809 0.595200
0.142334 -0.061366 0.595778
0.142804 -0.061988 0.596603
0.142084 -0.061647 0.596385
0.141613 -0.062459 0.597316
0.142957 -0.061266 0.597857
0.142541 -0.061250 0.598274
0.141855 -0.061156 0.598799
0.142882 -0.061802 0.599124
0.141907 -0.061208 0.599308
0.142699 -0.062318 0.600569
0.142142 -0.061441 0.600967
0.142775 -0.061807 0.601923
0.142410 -0.061600 0.601173
0.142719 -0.062158 0.602210
0.142799 -0.062227 0.603196
0.142935 -0.061267 0.602973
0.141741 -0.060819 0.603272
0.141775 -0.061872 0.603628
0.142446 -0.062300 0.605164
0.142776 -0.061503 0.605656
0.141670 -0.061410 0.605855
0.141612 -0.061356 0.605716
0.143020 -0.061979 0.606574
0.142171 -0.061693 0.607457
0.141082 -0.060590 0.608548
0.141186 -0.061460 0.608056
0.141084 -0.061341 0.608892
0.143103 -0.060835 0.609306
0.142653 -0.061904 0.609547
0.141512 -0.061751 0.610675
0.141597 -0.062604 0.610224
0.141028 -0.061527 0.610968
0.141635 -0.062174 0.611319
0.141239 -0.061447 0.612270
0.139885 -0.061160 0.612048
0.140887 -0.061642 0.613565
0.140044 -0.062081 0.613724
0.139427 -0.061096 0.613628
0.139168 -0.061436 0.614136
0.139742 -0.060757 0.614611
0.139650 -0.062263 0.615067
0.139468 -0.061170 0.615435
0.139558 -0.062454 0.615928
0.138518 -0.062081 0.615997
0.138830 -0.060135 0.616463
0.137776 -0.061995 0.617114
0.138446 -0.062119 0.618968
0.137830 -0.061550 0.619021
0.137918 -0.061414 0.619434
0.137201 -0.061632 0.619378
0.137162 -0.061992 0.620387
0.138202 -0.061701 0.620141
0.137592 -0.061699 0.621219
0.136197 -0.062355 0.621507
0.135799 -0.061775 0.620988
0.136552 -0.061535 0.622075
0.135714 -0.061820 0.622250
0.136129 -0.061698 0.623109
0.135583 -0.061958 0.623042
0.134537 -0.062898 0.623106
0.135242 -0.061035 0.624529
0.133996 -0.062314 0.625441
0.134989 -0.061664 0.624842
0.133686 -0.062560 0.625311
0.133570 -0.061737 0.625402
0.134033 -0.061034 0.625653
0.133883 -0.061629 0.626443
0.133219 -0.061837 0.626269
0.132652 -0.061069 0.627246
0.133466 -0.062493 0.627114
0.132157 -0.062722 0.627974
0.131550 -0.060637 0.628677
0.130977 -0.062583 0.628991
0.130828 -0.061089 0.629596
0.130406 -0.061653 0.629679
0.130564 -0.062766 0.629571
0.129491 -0.062315 0.629614
0.130067 -0.061327 0.630528
0.129666 -0.062295 0.630790
0.129460 -0.062161 0.632025
0.129486 -0.061909 0.631901
0.127835 -0.061954 0.631556
0.127855 -0.060924 0.632318
0.126573 -0.062244 0.632797
0.126918 -0.061484 0.632690
0.126983 -0.062132 0.633665
0.126236 -0.060825 0.633390
0.124634 -0.061882 0.633559
0.125423 -0.061763 0.634628
0.125021 -0.061044 0.634509
0.124970 -0.062032 0.634012
0.124043 -0.061648 0.634626
0.124313 -0.061614 0.635656
0.124401 -0.061077 0.635596
0.123256 -0.061450 0.635861
0.123029 -0.061612 0.635636
0.122263 -0.061698 0.636384
0.121894 -0.061722 0.636684
0.121929 -0.062393 0.636849
0.120659 -0.058931 0.563653
0.120433 -0.058150 0.563821
0.121316 -0.058810 0.563616
0.122474 -0.058175 0.563133
0.122760 -0.058775 0.564299
0.123106 -0.057601 0.564989
0.123651 -0.057987 0.564645
0.125197 -0.058888 0.566207
0.123677 -0.058791 0.564809
0.125488 -0.058509 0.566141
0.126416 -0.058303 0.566491
0.125675 -0.058642 0.565891
0.126245 -0.057534 0.566329
0.126413 -0.058289 0.566764
0.127611 -0.058972 0.567280
0.128705 -0.058717 0.568136
0.128068 -0.058782 0.568397
0.127718 -0.058335 0.568031
0.128223 -0.058674 0.568185
0.128587 -0.057993 0.568874
0.128893 -0.058755 0.568730
0.128935 -0.058190 0.569394
0.129836 -0.059372 0.569786
0.130269 -0.058622 0.569946
0.130011 -0.058718 0.570184
0.130454 -0.058469 0.571398
0.131400 -0.059114 0.572005
0.132653 -0.058616 0.571330
0.132055 -0.058710 0.571304
0.132559 -0.058100 0.571686
0.131695 -0.058458 0.572826
0.132569 -0.058481 0.573293
0.132704 -0.058263 0.573194
0.133171 -0.058876 0.573259
0.134619 -0.059186 0.574880
0.134118 -0.058067 0.574702
0.134350 -0.058262 0.575098
0.135428 -0.058659 0.575615
0.135046 -0.058392 0.575464
0.135258 -0.057699 0.576507
0.135306 -0.058053 0.576681
0.134880 -0.057845 0.577449
0.136478 -0.058230 0.577007
0.136598 -0.059358 0.578751
0.136160 -0.058040 0.578771
0.136782 -0.059210 0.578598
0.136968 -0.057641 0.580183
0.137275 -0.058159 0.580256
0.136545 -0.058278 0.578876
0.137596 -0.059089 0.580064
0.137928 -0.058630 0.580586
0.137895 -0.059203 0.581539
0.138474 -0.057653 0.581887
0.139012 -0.057469 0.581820
0.138709 -0.058700 0.581604
0.138628 -0.058560 0.583722
0.139379 -0.058514 0.583507
0.140192 -0.058209 0.584070
0.140300 -0.058235 0.584893
0.141126 -0.058639 0.585181
0.139758 -0.057617 0.585006
0.139577 -0.059481 0.585007
0.139774 -0.058213 0.585772
0.139765 -0.058846 0.587547
0.140791 -0.058114 0.586661
0.140414 -0.058602 0.587321
0.140654 -0.058730 0.588002
0.140164 -0.058795 0.589122
0.141538 -0.057847 0.589444
0.141445 -0.058285 0.589649
0.140959 -0.057921 0.590428
0.141020 -0.058380 0.589957
0.141729 -0.058584 0.591250
0.142520 -0.058696 0.591626
0.142636 -0.058757 0.592148
0.141532 -0.058624 0.592938
0.141938 -0.058714 0.594041
0.142734 -0.057888 0.594496
0.142390 -0.058531 0.594185
0.141412 -0.058321 0.594948
0.142431 -0.058406 0.595665
0.142454 -0.057976 0.595459
0.141797 -0.058091 0.597194
0.143150 -0.058331 0.597202
0.142866 -0.059256 0.597307
0.142409 -0.058901 0.597700
0.142927 -0.058583 0.598481
0.142765 -0.058165 0.598548
0.142801 -0.058073 0.599175
0.142391 -0.058362 0.600212
0.142398 -0.057689 0.600838
0.142990 -0.057658 0.601445
0.142224 -0.058592 0.600803
0.143293 -0.057907 0.601574
0.142326 -0.057995 0.601619
0.141916 -0.059210 0.602896
0.142415 -0.057936 0.603629
0.141661 -0.058224 0.603540
0.142502 -0.058627 0.604171
0.141425 -0.058613 0.603917
0.142387 -0.058683 0.604460
0.141999 -0.057583 0.605752
0.141486 -0.058615 0.606206
0.142148 -0.058448 0.606300
0.141609 -0.057962 0.606623
0.141395 -0.058321 0.609214
0.142538 -0.058678 0.608286
0.141550 -0.058269 0.609212
0.140936 -0.058428 0.609438
0.141953 -0.059161 0.610142
0.140674 -0.058422 0.610088
0.141252 -0.058631 0.610824
0.140700 -0.058708 0.611622
0.141125 -0.057811 0.611902
0.140825 -0.057190 0.611583
0.139861 -0.057505 0.611649
0.140875 -0.058812 0.612128
0.140794 -0.058243 0.613485
0.139700 -0.058294 0.614185
0.140340 -0.058076 0.613789
0.139777 -0.059294 0.614986
0.139423 -0.058919 0.615301
0.139086 -0.058395 0.615350
0.139466 -0.058484 0.615243
0.139647 -0.058186 0.616441
0.139005 -0.058017 0.615857
0.138173 -0.058021 0.617594
0.137816 -0.058340 0.617329
0.138676 -0.058031 0.618342
0.137961 -0.058356 0.619237
0.137657 -0.057932 0.620097
0.138507 -0.058235 0.619247
0.137584 -0.058365 0.619793
0.136902 -0.058937 0.620495
0.136754 -0.058776 0.620762
0.136331 -0.058193 0.621063
0.136184 -0.058086 0.621139
0.135989 -0.057642 0.621159
0.136122 -0.057535 0.622816
0.135231 -0.057816 0.623675
0.135495 -0.057491 0.623022
0.135694 -0.058363 0.624730
0.135530 -0.058042 0.624581
0.134190 -0.058453 0.624180
0.134709 -0.058080 0.625393
0.133962 -0.058112 0.626673
0.133762 -0.058455 0.626404
0.132981 -0.058269 0.626609
0.133375 -0.058413 0.627244
0.132697 -0.058864 0.626974
0.132358 -0.057280 0.627622
0.131988 -0.058293 0.627108
0.130825 -0.058326 0.628415
0.131041 -0.058073 0.628564
0.131368 -0.059412 0.629431
0.131350 -0.058313 0.628399
0.130125 -0.059634 0.630389
0.129671 -0.057796 0.629474
0.129478 -0.058526 0.630778
0.129970 -0.058259 0.630720
0.128377 -0.058183 0.631516
0.128213 -0.058188 0.631774
0.128203 -0.058311 0.631899
0.128889 -0.057778 0.632573
0.127439 -0.058412 0.632525
0.127008 -0.059308 0.632707
0.126496 -0.058975 0.633295
0.125950 -0.058326 0.634391
0.125574 -0.057492 0.633293
0.125637 -0.057946 0.634002
0.124986 -0.058600 0.633790
0.124219 -0.059125 0.634636
0.125191 -0.057744 0.634795
0.122684 -0.057648 0.635206
0.123972 -0.059009 0.634422
0.123124 -0.058002 0.636062
0.121939 -0.059173 0.635897
0.122586 -0.059039 0.636586
0.121219 -0.059216 0.636646
0.120574 -0.057907 0.636628
0.122291 -0.055039 0.562721
0.121584 -0.055439 0.563000
0.122417 -0.054547 0.564714
0.122289 -0.055354 0.564357
0.124136 -0.055490 0.563633
0.123033 -0.054163 0.564584
0.123955 -0.055485 0.565132
0.124552 -0.055036 0.565020
0.124542 -0.055745 0.565718
0.125329 -0.054938 0.564841
0.125120 -0.054934 0.565371
0.124760 -0.055029 0.565809
0.125789 -0.055301 0.566627
0.126679 -0.054748 0.566658
0.126812 -0.054815 0.567583
0.128102 -0.055457 0.567591
0.127647 -0.054661 0.566782
0.128042 -0.055794 0.569119
0.129464 -0.054804 0.569341
0.129166 -0.054796 0.568563
0.129106 -0.055391 0.570001
0.129932 -0.055364 0.569618
0.130048 -0.054467 0.569736
0.130116 -0.054420 0.570053
0.131311 -0.054649 0.570017
0.131058 -0.055269 0.571549
0.131171 -0.055746 0.571433
0.132312 -0.054981 0.572103
0.131684 -0.055184 0.571490
0.131863 -0.055097 0.572297
0.132367 -0.054512 0.571469
0.133312 -0.054739 0.573079
0.133618 -0.055236 0.573713
0.133557 -0.055479 0.573008
0.133714 -0.055202 0.574931
0.133629 -0.054587 0.574700
0.134245 -0.054821 0.574872
0.135555 -0.055816 0.576067
0.135158 -0.054931 0.575908
0.135169 -0.054997 0.576945
0.136517 -0.055124 0.576837
0.135710 -0.055109 0.576284
0.136002 -0.054605 0.577881
0.136274 -0.054918 0.579305
0.136822 -0.054965 0.579081
0.136345 -0.053901 0.579392
0.137280 -0.053985 0.579343
0.136845 -0.055549 0.579254
0.137868 -0.054740 0.579155
0.138322 -0.054736 0.581389
0.138956 -0.055041 0.580697
0.137865 -0.054309 0.581438
0.137594 -0.055471 0.582882
0.138891 -0.054341 0.582477
0.138721 -0.055616 0.583287
0.137936 -0.054096 0.582599
0.138867 -0.054735 0.583230
0.139028 -0.054136 0.584341
0.139776 -0.055533 0.584578
0.140195 -0.054558 0.584507
0.139721 -0.055868 0.585394
0.139523 -0.055020 0.586916
0.140602 -0.054560 0.587283
0.140613 -0.054806 0.585708
0.140791 -0.054605 0.587986
0.140918 -0.054895 0.587887
0.141608 -0.054740 0.588816
0.140259 -0.054299 0.589815
0.141149 -0.055203 0.589824
0.141281 -0.054258 0.590149
0.141564 -0.055382 0.590474
0.141667 -0.054570 0.591021
0.142170 -0.054282 0.591228
0.141964 -0.054966 0.592247
0.141344 -0.054290 0.591979
0.142333 -0.055539 0.593620
0.142179 -0.054928 0.592310
0.141330 -0.055002 0.593241
0.141683 -0.055819 0.594456
0.142354 -0.054597 0.594344
0.142983 -0.055171 0.595396
0.142156 -0.055224 0.595685
0.142443 -0.054339 0.596456
0.142465 -0.055063 0.598661
0.142327 -0.054971 0.597751
0.143287 -0.054822 0.597540
0.142915 -0.054149 0.597438
0.142735 -0.054043 0.598539
0.143009 -0.055161 0.599097
0.143366 -0.054733 0.599822
0.142583 -0.054132 0.599955
0.142311 -0.054239 0.601587
0.141799 -0.055017 0.601145
0.141747 -0.054145 0.601890
0.142282 -0.055483 0.602192
0.142952 -0.055635 0.602327
0.142125 -0.054303 0.603272
0.142945 -0.055456 0.604264
0.143064 -0.055576 0.604119
0.142554 -0.054699 0.603804
0.143184 -0.055116 0.605899
0.142081 -0.055157 0.605435
0.141728 -0.055173 0.606694
0.141501 -0.054381 0.606975
0.141576 -0.054973 0.607478
0.142099 -0.055361 0.607330
0.142271 -0.055019 0.607485
0.141635 -0.054224 0.608560
0.140824 -0.054325 0.608959
0.140480 -0.054644 0.608825
0.141625 -0.054722 0.610462
0.141315 -0.055093 0.611782
0.140168 -0.054825 0.610642
0.140757 -0.054698 0.611403
0.141085 -0.055433 0.611612
0.141387 -0.054026 0.612743
0.140473 -0.053977 0.611660
0.140724 -0.053951 0.614020
0.140981 -0.054777 0.613622
0.138859 -0.054808 0.614698
0.139527 -0.055502 0.614779
0.139592 -0.054556 0.614858
0.139919 -0.054985 0.616309
0.138877 -0.054563 0.616043
0.139926 -0.054955 0.615929
0.138591 -0.054909 0.617407
0.138510 -0.055223 0.618302
0.138700 -0.054772 0.617902
0.137952 -0.054768 0.618150
0.138061 -0.055155 0.618149
0.136996 -0.054350 0.619504
0.137961 -0.055660 0.619891
0.137076 -0.055553 0.619479
0.137407 -0.054858 0.620941
0.137449 -0.054991 0.621276
0.136094 -0.055037 0.621593
0.136525 -0.054545 0.622866
0.135715 -0.055585 0.623302
0.136221 -0.054428 0.622388
0.135962 -0.054775 0.623897
0.135777 -0.054080 0.622589
0.134878 -0.054182 0.624055
0.134851 -0.055578 0.624423
0.133938 -0.054888 0.624280
0.133937 -0.054652 0.624746
0.133475 -0.055391 0.625415
0.133772 -0.055287 0.625955
0.133517 -0.056229 0.626627
0.133095 -0.055276 0.626630
0.132862 -0.054658 0.627337
0.132729 -0.055974 0.626690
0.132259 -0.054547 0.628407
0.131430 -0.055103 0.629279
0.130528 -0.054921 0.628237
0.130713 -0.054829 0.629318
0.130247 -0.054449 0.630225
0.129884 -0.054852 0.629174
0.130255 -0.054482 0.629791
0.130011 -0.055023 0.629291
0.129758 -0.054869 0.630770
0.128883 -0.054776 0.630669
0.128340 -0.054697 0.631782
0.127928 -0.055175 0.632364
0.127484 -0.054339 0.631005
0.126652 -0.054034 0.631739
0.126337 -0.055770 0.633758
0.126507 -0.054786 0.632693
0.126077 -0.055259 0.633782
0.126549 -0.054208 0.632924
0.125137 -0.054646 0.634760
0.124827 -0.054977 0.634805
0.124599 -0.054206 0.634121
0.123690 -0.055573 0.634644
0.123566 -0.054739 0.634812
0.123489 -0.055121 0.635143
0.123204 -0.053675 0.635208
0.122376 -0.055548 0.636234
0.121757 -0.053819 0.636362
0.121151 -0.055768 0.637225
0.121697 -0.054180 0.636215
0.121342 -0.052094 0.564080
0.120986 -0.051056 0.563598
0.122214 -0.051530 0.563878
0.122863 -0.051916 0.563624
0.122809 -0.051565 0.564366
0.123353 -0.051380 0.564693
0.124250 -0.051413 0.564016
0.123665 -0.051772 0.565309
0.123821 -0.051173 0.564857
0.125743 -0.051113 0.565817
0.126126 -0.051117 0.565583
0.126435 -0.052736 0.565889
0.125468 -0.051350 0.567002
0.125897 -0.052272 0.566516
0.126766 -0.051811 0.567322
0.128030 -0.050580 0.568643
0.128093 -0.051728 0.567698
0.127836 -0.051699 0.568656
0.128304 -0.051934 0.568564
0.128421 -0.052037 0.569017
0.128662 -0.050914 0.568492
0.129239 -0.051438 0.569287
0.130284 -0.051449 0.569650
0.129855 -0.050667 0.570375
0.130515 -0.051863 0.570370
0.130968 -0.051225 0.570999
0.131139 -0.052207 0.570868
0.130572 -0.051306 0.571829
0.132609 -0.052181 0.572601
0.132739 -0.050442 0.571157
0.131836 -0.052377 0.572769
0.132888 -0.051580 0.573005
0.133209 -0.051338 0.573267
0.133291 -0.051812 0.572912
0.134111 -0.051911 0.574175
0.134139 -0.051157 0.575222
0.135142 -0.051607 0.575032
0.134809 -0.051627 0.575763
0.134742 -0.051935 0.575253
0.135311 -0.052541 0.576253
0.135383 -0.050369 0.577426
0.135713 -0.051080 0.577373
0.136067 -0.052113 0.577685
0.135395 -0.051824 0.577963
0.136363 -0.051469 0.577775
0.136767 -0.051886 0.578553
0.137664 -0.052173 0.579727
0.136704 -0.051962 0.580091
0.137560 -0.051853 0.580324
0.136980 -0.051743 0.581169
0.137212 -0.051847 0.580685
0.138494 -0.052290 0.581606
0.137872 -0.052253 0.581467
0.138932 -0.051895 0.581655
0.138575 -0.051468 0.582887
0.138660 -0.051655 0.584311
0.139706 -0.050769 0.584333
0.139182 -0.051221 0.584423
0.139551 -0.051684 0.584276
0.138893 -0.051463 0.585220
0.139201 -0.051378 0.586653
0.139960 -0.051613 0.586035
0.140268 -0.051578 0.586996
0.140769 -0.052211 0.586300
0.141428 -0.051264 0.586957
0.140787 -0.051914 0.588382
0.141054 -0.051540 0.588437
0.142125 -0.051305 0.589035
0.140886 -0.052022 0.590060
0.141192 -0.051341 0.590368
0.141229 -0.051507 0.590132
0.140463 -0.051774 0.590492
0.141467 -0.050872 0.591490
0.142197 -0.051506 0.591659
0.141282 -0.051867 0.592230
0.141502 -0.051666 0.592593
0.141763 -0.051913 0.593897
0.141968 -0.052155 0.593020
0.142647 -0.051522 0.594269
0.142573 -0.052634 0.594399
0.141745 -0.052417 0.594707
0.142482 -0.052264 0.595573
0.142271 -0.051572 0.597109
0.143326 -0.050871 0.596255
0.141366 -0.050922 0.597984
0.141759 -0.051913 0.597895
0.141998 -0.052132 0.597608
0.142446 -0.052004 0.598835
0.141973 -0.051637 0.598252
0.142806 -0.051229 0.600083
0.143127 -0.052456 0.601050
0.141924 -0.051978 0.600178
0.142631 -0.050938 0.602217
0.142519 -0.052195 0.601677
0.142005 -0.051634 0.602513
0.143067 -0.052802 0.602799
0.143111 -0.051768 0.603604
0.142163 -0.051527 0.603689
0.142633 -0.051284 0.603818
0.142490 -0.051831 0.604313
0.141914 -0.052346 0.604956
0.141826 -0.051470 0.605464
0.142067 -0.051675 0.605848
0.141607 -0.051866 0.605640
0.142310 -0.051573 0.607604
0.141882 -0.051180 0.607992
0.140475 -0.051818 0.608752
0.141493 -0.050951 0.609099
0.140873 -0.051982 0.609011
0.140856 -0.051769 0.609661
0.141327 -0.051512 0.610024
0.141103 -0.050007 0.610938
0.140726 -0.051274 0.610480
0.140030 -0.052312 0.611847
0.141401 -0.052643 0.612545
0.140029 -0.050610 0.612880
0.140593 -0.051545 0.613022
0.140081 -0.051722 0.613548
0.140196 -0.051815 0.613304
0.140228 -0.052134 0.614442
0.139726 -0.051399 0.614832
0.139243 -0.051145 0.614843
0.139001 -0.052394 0.615691
0.138880 -0.051271 0.616137
0.139272 -0.051354 0.616995
0.139120 -0.051450 0.617340
0.138593 -0.051868 0.616490
0.138680 -0.051074 0.618196
0.137729 -0.051364 0.617531
0.137723 -0.050366 0.619373
0.137883 -0.051482 0.618269
0.137158 -0.050781 0.620060
0.137603 -0.050976 0.620338
0.136984 -0.051690 0.621188
0.136322 -0.050766 0.620974
0.136907 -0.050204 0.621719
0.136214 -0.052205 0.622116
0.136700 -0.051148 0.621652
0.136329 -0.051239 0.622750
0.134435 -0.051567 0.622694
0.135861 -0.051950 0.623578
0.135382 -0.051133 0.623825
0.134727 -0.051491 0.624215
0.134045 -0.051806 0.624716
0.134196 -0.050998 0.625232
0.133848 -0.051603 0.625302
0.133178 -0.051760 0.627288
0.133296 -0.051189 0.626763
0.133486 -0.051884 0.626384
0.132729 -0.051460 0.627923
0.132211 -0.052432 0.627321
0.132276 -0.051056 0.628096
0.131779 -0.051686 0.628322
0.131522 -0.051746 0.627454
0.131372 -0.051863 0.628123
0.129996 -0.051393 0.630646
0.130927 -0.051502 0.629508
0.129462 -0.050832 0.630005
0.129902 -0.051867 0.630291
0.129100 -0.051393 0.630517
0.129726 -0.051898 0.631772
0.128789 -0.051394 0.631923
0.128346 -0.052218 0.632130
0.128781 -0.051407 0.630947
0.127340 -0.050937 0.632891
0.126275 -0.051320 0.633247
0.125396 -0.051391 0.633819
0.125742 -0.050835 0.632982
0.126383 -0.051681 0.633961
0.125534 -0.050933 0.634122
0.124617 -0.051712 0.634211
0.125584 -0.052234 0.634850
0.124542 -0.051731 0.634535
0.124276 -0.051482 0.635213
0.123913 -0.051210 0.635707
0.122677 -0.051405 0.635098
0.122508 -0.050693 0.636626
0.122413 -0.051799 0.636692
0.121981 -0.051508 0.637270
0.121535 -0.051249 0.636423
0.121808 -0.048569 0.563130
0.122055 -0.048039 0.563132
0.121481 -0.047384 0.563145
0.121830 -0.048896 0.564317
0.123101 -0.047752 0.564261
0.122170 -0.048014 0.564695
0.124656 -0.048434 0.564525
0.123887 -0.048406 0.565021
0.124867 -0.047965 0.564784
0.124682 -0.047627 0.565796
0.125401 -0.047974 0.565517
0.125389 -0.047971 0.565881
0.126170 -0.049051 0.566663
0.125920 -0.048513 0.566440
0.126960 -0.048983 0.567742
0.127201 -0.047791 0.567028
0.127622 -0.048197 0.567742
0.127572 -0.047800 0.567735
0.128994 -0.048457 0.569057
0.129037 -0.047943 0.568676
0.128014 -0.048479 0.569380
0.128882 -0.048549 0.569773
0.129266 -0.048348 0.568980
0.129924 -0.047712 0.570401
0.131074 -0.048890 0.571149
0.130915 -0.049066 0.570700
0.132000 -0.048460 0.570632
0.131094 -0.047992 0.571894
0.131912 -0.048027 0.572129
0.132146 -0.048562 0.572429
0.133579 -0.048969 0.572222
0.132846 -0.048058 0.574746
0.134236 -0.047842 0.573389
0.133214 -0.048490 0.573510
0.133661 -0.048173 0.575405
0.133599 -0.048039 0.574635
0.135061 -0.048725 0.574774
0.134467 -0.048319 0.575304
0.135243 -0.048625 0.576460
0.135083 -0.048849 0.576898
0.135312 -0.048876 0.576523
0.135842 -0.049141 0.577764
0.136548 -0.048064 0.578052
0.135990 -0.048107 0.577870
0.136989 -0.048118 0.578730
0.136811 -0.048899 0.578988
0.137098 -0.048451 0.579122
0.137830 -0.048396 0.579729
0.137702 -0.048636 0.580966
0.138678 -0.048477 0.580258
0.137155 -0.049147 0.580170
0.137885 -0.048742 0.582199
0.137923 -0.047884 0.582067
0.138989 -0.047637 0.582122
0.138404 -0.048801 0.582092
0.138264 -0.049565 0.583850
0.137913 -0.048057 0.583634
0.139434 -0.047825 0.584434
0.139137 -0.048668 0.584572
0.140157 -0.048202 0.584658
0.139973 -0.046609 0.584769
0.139375 -0.048439 0.586844
0.140394 -0.047536 0.586334
0.140314 -0.048313 0.587719
0.140231 -0.048332 0.587490
0.140328 -0.048238 0.587573
0.141215 -0.048138 0.587883
0.141358 -0.047458 0.589705
0.140195 -0.048521 0.589649
0.141524 -0.047096 0.589417
0.140807 -0.047652 0.589222
0.141437 -0.048103 0.592310
0.141472 -0.047317 0.591965
0.142132 -0.049242 0.593085
0.141325 -0.047800 0.592385
0.142579 -0.048492 0.593128
0.142315 -0.047277 0.593230
0.140816 -0.048295 0.593231
0.141752 -0.047579 0.593482
0.142201 -0.047808 0.594317
0.142243 -0.048457 0.595222
0.141904 -0.048031 0.595672
0.142542 -0.049058 0.596059
0.142673 -0.047794 0.596193
0.142631 -0.048298 0.596881
0.141766 -0.048497 0.597998
0.142584 -0.048938 0.598357
0.142609 -0.048457 0.598173
0.142400 -0.048730 0.599069
0.143007 -0.048062 0.599350
0.142281 -0.047290 0.600589
0.143470 -0.048764 0.601333
0.141861 -0.047835 0.602167
0.142589 -0.048384 0.602680
0.142293 -0.047733 0.602572
0.142390 -0.048068 0.602009
0.142225 -0.047703 0.602597
0.142279 -0.048645 0.603328
0.142427 -0.047589 0.604409
0.142691 -0.047772 0.604292
0.141244 -0.048856 0.605982
0.143270 -0.047904 0.605471
0.142099 -0.049154 0.605747
0.142179 -0.048537 0.606288
0.141459 -0.048800 0.607128
0.141951 -0.048195 0.608303
0.141228 -0.048773 0.608382
0.142027 -0.048398 0.608697
0.141269 -0.048787 0.608381
0.141136 -0.047329 0.609342
0.141890 -0.048229 0.609906
0.141327 -0.048288 0.610429
0.141345 -0.049121 0.610681
0.140985 -0.048143 0.611524
0.141113 -0.048409 0.612520
0.140677 -0.048855 0.612404
0.140667 -0.047896 0.612708
0.139233 -0.048640 0.613617
0.140827 -0.048248 0.613805
0.139679 -0.049134 0.614710
0.141184 -0.048103 0.614546
0.139712 -0.048616 0.615946
0.139419 -0.048607 0.615933
0.138794 -0.048015 0.616166
0.138547 -0.048705 0.616863
0.138932 -0.047367 0.617732
0.138487 -0.048832 0.617760
0.138465 -0.048212 0.617722
0.137596 -0.048241 0.617479
0.137826 -0.049047 0.618446
0.138073 -0.048874 0.619075
0.138332 -0.047877 0.619413
0.137561 -0.048294 0.620132
0.137330 -0.049025 0.620630
0.137440 -0.047958 0.621428
0.135752 -0.047694 0.621681
0.135458 -0.048523 0.622146
0.136598 -0.048517 0.621355
0.135908 -0.048565 0.622350
0.135251 -0.047990 0.623737
0.136007 -0.048140 0.622877
0.134940 -0.047950 0.624275
0.135172 -0.049032 0.624464
0.134908 -0.048195 0.624089
0.134218 -0.048646 0.624756
0.133947 -0.047832 0.624404
0.134442 -0.048537 0.626749
0.133509 -0.048320 0.626076
0.133112 -0.047798 0.626444
0.133389 -0.048202 0.627559
0.132029 -0.048579 0.628211
0.132159 -0.048306 0.628168
0.131967 -0.048066 0.628065
0.131413 -0.047667 0.629030
0.131207 -0.048197 0.628801
0.130258 -0.048620 0.628792
0.129273 -0.048843 0.630118
0.130819 -0.047328 0.629881
0.128698 -0.047940 0.630941
0.129767 -0.047967 0.630546
0.128428 -0.049803 0.629870
0.128028 -0.048419 0.631377
0.127346 -0.047592 0.632659
0.128103 -0.048244 0.631858
0.127705 -0.048104 0.632319
0.126831 -0.047272 0.631855
0.126640 -0.047979 0.633243
0.126101 -0.048387 0.633611
0.125735 -0.048519 0.634314
0.125613 -0.048620 0.632925
0.125414 -0.047033 0.634966
0.124616 -0.048439 0.633204
0.123813 -0.047506 0.633869
0.124632 -0.048911 0.635338
0.123583 -0.048145 0.635595
0.122819 -0.048716 0.636563
0.122661 -0.047941 0.635972
0.122125 -0.049240 0.635989
0.122268 -0.048284 0.636618
0.120365 -0.048861 0.636606
0.120513 -0.045275 0.563193
0.121437 -0.044047 0.563713
0.122162 -0.044646 0.563807
0.123017 -0.044092 0.564206
0.122164 -0.045710 0.564690
0.123971 -0.045440 0.563751
0.123932 -0.045879 0.565128
0.123845 -0.045842 0.565223
0.125354 -0.045462 0.566565
0.124886 -0.044571 0.565472
0.125582 -0.044780 0.565574
0.125287 -0.044767 0.565728
0.126730 -0.045077 0.566224
0.126846 -0.045172 0.565627
0.126711 -0.044772 0.567108
0.127736 -0.044645 0.567691
0.127727 -0.046303 0.568393
0.128604 -0.044576 0.568074
0.128668 -0.045139 0.569292
0.128555 -0.044889 0.568847
0.129374 -0.044662 0.568847
0.129751 -0.044851 0.569348
0.130329 -0.045556 0.570136
0.130177 -0.044623 0.570130
0.130534 -0.044867 0.570943
0.130071 -0.044862 0.570259
0.131654 -0.044700 0.570789
0.131407 -0.045065 0.571903
0.131877 -0.045171 0.572373
0.132168 -0.045502 0.572287
0.132118 -0.045741 0.573176
0.132306 -0.044558 0.572818
0.133442 -0.045209 0.572925
0.133545 -0.044200 0.573768
0.132881 -0.045225 0.575015
0.133565 -0.045719 0.574324
0.133753 -0.044596 0.575198
0.134562 -0.044625 0.575186
0.135402 -0.044942 0.576493
0.134698 -0.045349 0.575861
0.135141 -0.045725 0.576840
0.135804 -0.044203 0.577694
0.135455 -0.045608 0.577935
0.136428 -0.045499 0.577920
0.136172 -0.043731 0.578304
0.136952 -0.044777 0.578993
0.137662 -0.044297 0.578846
0.136693 -0.044080 0.579857
0.136298 -0.045126 0.580227
0.136706 -0.044343 0.580185
0.137421 -0.045209 0.580424
0.138576 -0.045511 0.581871
0.139264 -0.045346 0.581935
0.139407 -0.044999 0.581968
0.139156 -0.044219 0.583461
0.139296 -0.044839 0.583499
0.139381 -0.045293 0.583593
0.140039 -0.044833 0.584231
0.138928 -0.044933 0.584732
0.139737 -0.045468 0.585008
0.139875 -0.044958 0.585581
0.140535 -0.044999 0.586719
0.140147 -0.044727 0.586252
0.141020 -0.045131 0.587863
0.140812 -0.044348 0.587816
0.140304 -0.045216 0.588000
0.140007 -0.044573 0.587591
0.141379 -0.045227 0.589546
0.141490 -0.044665 0.590685
0.140778 -0.045408 0.589702
0.140954 -0.044850 0.590953
0.141583 -0.044131 0.590700
0.141757 -0.045087 0.590775
0.142038 -0.044156 0.592016
0.141552 -0.046102 0.591970
0.142260 -0.044108 0.592130
0.142337 -0.044491 0.592472
0.141530 -0.044562 0.593850
0.142233 -0.044637 0.594007
0.141069 -0.045145 0.594113
0.142064 -0.044267 0.595524
0.142529 -0.043899 0.594207
0.143183 -0.045298 0.595349
0.142948 -0.045043 0.596559
0.142663 -0.044922 0.597817
0.141838 -0.045743 0.597102
0.142172 -0.044032 0.597874
0.142540 -0.045137 0.598491
0.142198 -0.045083 0.599332
0.143286 -0.044259 0.598339
0.142572 -0.045506 0.599903
0.141648 -0.045369 0.601501
0.143531 -0.045447 0.601446
0.141898 -0.044370 0.601750
0.142349 -0.044212 0.601918
0.142488 -0.044997 0.602877
0.142437 -0.044983 0.603110
0.142225 -0.045442 0.603656
0.142494 -0.044567 0.604714
0.142539 -0.044640 0.604400
0.142779 -0.045830 0.605142
0.143093 -0.045612 0.605898
0.142130 -0.045539 0.605251
0.142506 -0.044659 0.606939
0.141870 -0.045706 0.607785
0.142241 -0.044769 0.608479
0.141625 -0.044563 0.607789
0.141391 -0.044009 0.609600
0.141601 -0.044466 0.609911
0.141411 -0.044789 0.609584
0.142298 -0.044916 0.610868
0.140649 -0.045323 0.610435
0.141411 -0.044574 0.610877
0.140832 -0.044419 0.611616
0.140642 -0.044606 0.611962
0.140955 -0.044675 0.611877
0.140350 -0.045360 0.612913
0.139994 -0.045063 0.613100
0.140367 -0.045039 0.614418
0.140260 -0.044964 0.613929
0.140605 -0.044762 0.615307
0.140126 -0.045126 0.615568
0.140502 -0.044003 0.615874
0.138819 -0.044922 0.616159
0.140044 -0.045211 0.616954
0.139281 -0.045199 0.616694
0.137954 -0.044963 0.617759
0.137870 -0.044266 0.618255
0.138179 -0.045361 0.618080
0.137804 -0.044967 0.618554
0.137582 -0.045124 0.619851
0.137531 -0.044537 0.618269
0.137241 -0.044766 0.620803
0.136792 -0.044744 0.621071
0.136242 -0.045219 0.621042
0.137206 -0.044628 0.621626
0.136444 -0.044830 0.622253
0.135927 -0.045353 0.622962
0.135950 -0.044140 0.622815
0.135925 -0.045712 0.622947
0.134761 -0.044320 0.622899
0.135530 -0.045305 0.624666
0.135335 -0.045073 0.624500
0.133961 -0.044287 0.625009
0.134503 -0.044705 0.625730
0.134109 -0.045778 0.625738
0.133726 -0.045129 0.625813
0.133416 -0.044822 0.626644
0.132947 -0.044543 0.626781
0.132050 -0.044919 0.627560
0.131429 -0.045353 0.628221
0.131974 -0.044921 0.627869
0.130448 -0.045207 0.627895
0.131849 -0.044758 0.629244
0.132204 -0.045198 0.629376
0.132037 -0.044151 0.629299
0.130836 -0.045733 0.630212
0.128555 -0.045684 0.630981
0.129008 -0.045727 0.630953
0.129350 -0.044021 0.630592
0.128584 -0.044927 0.630413
0.129017 -0.045608 0.631304
0.128798 -0.044465 0.631588
0.127281 -0.045847 0.631778
0.127878 -0.044408 0.632249
0.126974 -0.045469 0.633253
0.126538 -0.044524 0.632610
0.125291 -0.044686 0.633283
0.126706 -0.045114 0.633628
0.125332 -0.045016 0.634207
0.124938 -0.045227 0.634224
0.124694 -0.044159 0.634635
0.124138 -0.045005 0.635665
0.122917 -0.045041 0.635876
0.122842 -0.045336 0.634522
0.123181 -0.045254 0.635009
0.122519 -0.044476 0.635922
0.122593 -0.044886 0.636723
0.121525 -0.044703 0.636251
0.121213 -0.045007 0.637397
0.121500 -0.040668 0.563387
0.121533 -0.041516 0.563491
0.121885 -0.041803 0.562958
0.123170 -0.041649 0.564504
0.123035 -0.041171 0.564476
0.123127 -0.040835 0.564328
0.122853 -0.041667 0.564610
0.124886 -0.042568 0.565531
0.123677 -0.040870 0.565052
0.124921 -0.041413 0.565583
0.126285 -0.041566 0.566085
0.125760 -0.041628 0.566659
0.126479 -0.041680 0.565693
0.126826 -0.041915 0.567980
0.127038 -0.041099 0.566973
0.127517 -0.041617 0.567844
0.128170 -0.042158 0.568305
0.128472 -0.041780 0.568004
0.128921 -0.041766 0.567427
0.128808 -0.041336 0.568764
0.128824 -0.041786 0.568869
0.130445 -0.041373 0.569061
0.129854 -0.041912 0.570431
0.130654 -0.041952 0.570381
0.130787 -0.042214 0.570321
0.130868 -0.041792 0.570695
0.129995 -0.041854 0.570681
0.132434 -0.041733 0.571712
0.132602 -0.041837 0.572191
0.133078 -0.041468 0.572013
0.132278 -0.041441 0.572633
0.133592 -0.041156 0.573411
0.133097 -0.041766 0.573707
0.132953 -0.041779 0.574159
0.133048 -0.040769 0.574306
0.133612 -0.042157 0.573579
0.133958 -0.042048 0.575156
0.134919 -0.041247 0.575030
0.135084 -0.041140 0.575953
0.134354 -0.041965 0.576676
0.135106 -0.040867 0.576502
0.136029 -0.042282 0.576369
0.136236 -0.041467 0.577878
0.136310 -0.041335 0.578544
0.135806 -0.041778 0.579009
0.136804 -0.040893 0.579158
0.137732 -0.041803 0.579692
0.138225 -0.040861 0.579419
0.137571 -0.041974 0.580756
0.137845 -0.041344 0.580107
0.137783 -0.041022 0.582247
0.139238 -0.041628 0.580231
0.138155 -0.041495 0.583129
0.139316 -0.042129 0.581650
0.139752 -0.041477 0.582942
0.139568 -0.042308 0.583479
0.139610 -0.041761 0.583967
0.139883 -0.041705 0.584525
0.139300 -0.041335 0.584556
0.139355 -0.041031 0.585283
0.140390 -0.041456 0.585667
0.139948 -0.041499 0.586410
0.139345 -0.042266 0.586782
0.139762 -0.041974 0.587006
0.140420 -0.041857 0.587032
0.141521 -0.042370 0.588354
0.141257 -0.042202 0.587941
0.141570 -0.042428 0.588623
0.140895 -0.041852 0.591039
0.141855 -0.042259 0.589704
0.140862 -0.041022 0.589155
0.140908 -0.041666 0.591285
0.140911 -0.042433 0.590348
0.142388 -0.040596 0.591591
0.141467 -0.041412 0.592617
0.141392 -0.042258 0.593291
0.141778 -0.040754 0.593348
0.141668 -0.041337 0.594934
0.143803 -0.041729 0.594547
0.142215 -0.041536 0.594507
0.141685 -0.041343 0.595810
0.143210 -0.041714 0.595297
0.143109 -0.041495 0.596766
0.142150 -0.041241 0.596478
0.141928 -0.042171 0.598236
0.142900 -0.042419 0.597517
0.142253 -0.041877 0.597402
0.142488 -0.041667 0.598643
0.142152 -0.041442 0.599314
0.142932 -0.041720 0.599589
0.142519 -0.040984 0.600073
0.142009 -0.042702 0.599960
0.142204 -0.041433 0.600934
0.142740 -0.040865 0.600780
0.142080 -0.041026 0.601958
0.143173 -0.043144 0.602620
0.142556 -0.041311 0.602481
0.141252 -0.041071 0.603972
0.142525 -0.041660 0.603154
0.141724 -0.041636 0.605236
0.141651 -0.040626 0.605878
0.142257 -0.041836 0.605633
0.142615 -0.041932 0.606200
0.141593 -0.041266 0.606169
0.142310 -0.041594 0.607298
0.142190 -0.041316 0.607277
0.142102 -0.041627 0.607699
0.141297 -0.041649 0.608429
0.141041 -0.041429 0.609400
0.141471 -0.041494 0.609871
0.141427 -0.041495 0.609654
0.140883 -0.040915 0.609964
0.140765 -0.041797 0.611474
0.141454 -0.041045 0.612218
0.141473 -0.041028 0.612377
0.140055 -0.041357 0.612115
0.140886 -0.041104 0.612574
0.140446 -0.042219 0.613158
0.140444 -0.041958 0.613856
0.139376 -0.041518 0.614738
0.139335 -0.041591 0.615585
0.139526 -0.041856 0.615450
0.139580 -0.041469 0.615664
0.140047 -0.041553 0.616271
0.140034 -0.041386 0.616578
0.139531 -0.041039 0.617654
0.138651 -0.041134 0.618089
0.138828 -0.041207 0.618330
0.138235 -0.041774 0.618988
0.138470 -0.041518 0.618273
0.138189 -0.042457 0.619365
0.136313 -0.041259 0.619646
0.137211 -0.041257 0.620055
0.137104 -0.041897 0.621393
0.136635 -0.040942 0.621426
0.136244 -0.041041 0.621128
0.136512 -0.041270 0.622415
0.136818 -0.041437 0.621999
0.135219 -0.041615 0.621697
0.135854 -0.041204 0.622508
0.134105 -0.042187 0.624157
0.135132 -0.041281 0.623412
0.134611 -0.040902 0.624305
0.134461 -0.041964 0.624444
0.134073 -0.041977 0.625286
0.133579 -0.041528 0.626085
0.132901 -0.041282 0.626664
0.133995 -0.041729 0.626373
0.132954 -0.042085 0.626875
0.133082 -0.041745 0.627420
0.132874 -0.041965 0.628115
0.131653 -0.040776 0.628661
0.131075 -0.041140 0.628542
0.131424 -0.041719 0.628166
0.131707 -0.042334 0.629613
0.130540 -0.041880 0.628062
0.130845 -0.041613 0.629157
0.129201 -0.041891 0.631531
0.129567 -0.041618 0.629765
0.129326 -0.041448 0.631024
0.128984 -0.040796 0.631753
0.127841 -0.041826 0.631551
0.128061 -0.041573 0.633074
0.127238 -0.042775 0.632444
0.127650 -0.042262 0.633000
0.126568 -0.041616 0.632228
0.126307 -0.042104 0.632689
0.125356 -0.041807 0.633046
0.126142 -0.041998 0.633880
0.125034 -0.042378 0.633951
0.124670 -0.041448 0.633695
0.124901 -0.041443 0.634957
0.123978 -0.042084 0.634056
0.124357 -0.041192 0.634994
0.123191 -0.041811 0.635407
0.123068 -0.041314 0.635565
0.122158 -0.041341 0.636516
0.122405 -0.041578 0.636695
0.121199 -0.041338 0.637058
0.121826 -0.041791 0.637554
0.120875 -0.038324 0.563391
0.121383 -0.038097 0.563486
0.123244 -0.037491 0.563755
0.121727 -0.037648 0.564106
0.122897 -0.037621 0.563695
0.123285 -0.037330 0.564966
0.122983 -0.037673 0.565449
0.123810 -0.037806 0.565294
0.124056 -0.038243 0.565512
0.125540 -0.037989 0.565786
0.126486 -0.037864 0.566753
0.125765 -0.037457 0.565543
0.125104 -0.037888 0.565933
0.125925 -0.038015 0.567228
0.127234 -0.037665 0.567022
0.127662 -0.038375 0.567295
0.127840 -0.038314 0.568288
0.128029 -0.038927 0.567901
0.129079 -0.038436 0.568192
0.130393 -0.037832 0.568919
0.129461 -0.037993 0.568353
0.129591 -0.037838 0.569639
0.129666 -0.038237 0.570074
0.129876 -0.038130 0.570552
0.130089 -0.038849 0.569566
0.130865 -0.038618 0.570567
0.131907 -0.038878 0.570495
0.131382 -0.038371 0.571906
0.132591 -0.037458 0.572304
0.132571 -0.037837 0.572552
0.132651 -0.039013 0.572734
0.131936 -0.038641 0.572564
0.132632 -0.038127 0.573785
0.134133 -0.038855 0.574480
0.133748 -0.037974 0.574586
0.134433 -0.037708 0.574860
0.134100 -0.038472 0.575653
0.134638 -0.037234 0.574892
0.135070 -0.038628 0.575613
0.135251 -0.038837 0.576050
0.136301 -0.037920 0.577197
0.136910 -0.037717 0.577151
0.136528 -0.037931 0.577257
0.136586 -0.038165 0.577785
0.136608 -0.038376 0.577565
0.136572 -0.037979 0.578355
0.136815 -0.038932 0.578895
0.137126 -0.037867 0.579378
0.137428 -0.038205 0.580993
0.137937 -0.038678 0.579781
0.137794 -0.037111 0.581981
0.138046 -0.038638 0.581501
0.137913 -0.037457 0.582022
0.139267 -0.038482 0.583124
0.139662 -0.038305 0.582988
0.140159 -0.038396 0.583137
0.139466 -0.038558 0.583420
0.138627 -0.037525 0.584651
0.139791 -0.037703 0.584593
0.139157 -0.038991 0.584869
0.139999 -0.038953 0.585686
0.140074 -0.038795 0.586355
0.140078 -0.037739 0.587068
0.140250 -0.038893 0.587248
0.141259 -0.039078 0.587670
0.141498 -0.037914 0.588310
0.140895 -0.038043 0.588395
0.140932 -0.038562 0.589394
0.140833 -0.037841 0.588314
0.142131 -0.037021 0.589565
0.141928 -0.037776 0.590693
0.141714 -0.037793 0.591721
0.141523 -0.038198 0.591189
0.141939 -0.038935 0.592342
0.141436 -0.038086 0.592732
0.142436 -0.037875 0.592739
0.141857 -0.037912 0.593630
0.142738 -0.038700 0.593936
0.141936 -0.038750 0.594688
0.142382 -0.037560 0.594088
0.142009 -0.038107 0.594340
0.142527 -0.036834 0.596626
0.142643 -0.038612 0.596755
0.141354 -0.037929 0.596285
0.141809 -0.038502 0.597354
0.143386 -0.038454 0.596841
0.142923 -0.037591 0.597539
0.141833 -0.038617 0.598541
0.142652 -0.038668 0.598881
0.142726 -0.038988 0.599724
0.141818 -0.038363 0.600135
0.143117 -0.038793 0.600563
0.142859 -0.038086 0.601954
0.142763 -0.037621 0.602546
0.142906 -0.038483 0.602984
0.141772 -0.038586 0.602636
0.142036 -0.038000 0.602505
0.142140 -0.038238 0.603984
0.141558 -0.038484 0.604357
0.141777 -0.039417 0.604993
0.140908 -0.037879 0.604900
0.143084 -0.038467 0.606144
0.142817 -0.038222 0.606379
0.142116 -0.038239 0.606398
0.141890 -0.037880 0.606895
0.142172 -0.039399 0.607874
0.141500 -0.037707 0.608043
0.142278 -0.037817 0.608496
0.141267 -0.038508 0.609284
0.141542 -0.038280 0.609769
0.140935 -0.038418 0.610738
0.140606 -0.037864 0.610349
0.141108 -0.038000 0.611220
0.141344 -0.038811 0.611085
0.141381 -0.037966 0.612127
0.141368 -0.038053 0.612518
0.140655 -0.038456 0.613168
0.140435 -0.038050 0.612863
0.140055 -0.039390 0.613872
0.140138 -0.038120 0.613828
0.140573 -0.037880 0.614939
0.139683 -0.037649 0.615488
0.139549 -0.038355 0.615400
0.139385 -0.037625 0.615439
0.140099 -0.038665 0.616602
0.138539 -0.038443 0.616880
0.138763 -0.037907 0.618019
0.137820 -0.037831 0.617251
0.138647 -0.038663 0.618105
0.137988 -0.038437 0.618074
0.136763 -0.038120 0.619675
0.137322 -0.038548 0.620179
0.137048 -0.037808 0.620063
0.137050 -0.037605 0.620581
0.136359 -0.037865 0.621475
0.136404 -0.038250 0.621413
0.136308 -0.037707 0.621077
0.135468 -0.037912 0.622423
0.136063 -0.038675 0.622293
0.134997 -0.038073 0.624195
0.135938 -0.037668 0.624778
0.134661 -0.038882 0.623676
0.134728 -0.037337 0.624768
0.134690 -0.037417 0.624821
0.133698 -0.038725 0.625323
0.133360 -0.038043 0.625745
0.134126 -0.038134 0.626177
0.133757 -0.038095 0.626848
0.133183 -0.037573 0.627576
0.132065 -0.038239 0.627368
0.132005 -0.038352 0.627973
0.131909 -0.038561 0.628006
0.132763 -0.037255 0.628414
0.131569 -0.037694 0.628618
0.131287 -0.037875 0.629178
0.130621 -0.038329 0.628577
0.130594 -0.038114 0.629742
0.130423 -0.037967 0.630378
0.129666 -0.037883 0.630335
0.129287 -0.037294 0.629839
0.127946 -0.038376 0.631511
0.128454 -0.038224 0.631221
0.128517 -0.038637 0.631102
0.128162 -0.038989 0.632380
0.127342 -0.037973 0.632615
0.126786 -0.037971 0.633457
0.127018 -0.037407 0.633351
0.126751 -0.038249 0.634011
0.125548 -0.038474 0.633489
0.125122 -0.038096 0.634907
0.124504 -0.038323 0.634355
0.125290 -0.037729 0.633568
0.124982 -0.038332 0.635375
0.123406 -0.037946 0.635174
0.124039 -0.038308 0.634790
0.123306 -0.038283 0.636296
0.123552 -0.037228 0.635610
0.121896 -0.038243 0.637171
0.121785 -0.038721 0.637113
0.121108 -0.037969 0.636706
0.120631 -0.034491 0.562675
0.121382 -0.035145 0.563676
0.121431 -0.034561 0.563928
0.122008 -0.035162 0.564129
0.122740 -0.034401 0.564859
0.123287 -0.034790 0.564133
0.123412 -0.034712 0.565125
0.123922 -0.035327 0.564773
0.125110 -0.034372 0.564859
0.124813 -0.035062 0.566338
0.125012 -0.035205 0.565416
0.125529 -0.034828 0.566107
0.126225 -0.034841 0.566577
0.126604 -0.034723 0.567337
0.127317 -0.035273 0.566654
0.126478 -0.035361 0.567707
0.127905 -0.034105 0.567993
0.129241 -0.034728 0.568513
0.128743 -0.035609 0.569122
0.129335 -0.035182 0.568319
0.128745 -0.034328 0.569071
0.130031 -0.034412 0.569068
0.130092 -0.035574 0.570258
0.130746 -0.034517 0.569916
0.130914 -0.035188 0.570686
0.130078 -0.034782 0.571027
0.130874 -0.035639 0.571146
0.131612 -0.034228 0.571735
0.131404 -0.035490 0.571375
0.132136 -0.034505 0.572868
0.132463 -0.034172 0.572135
0.132200 -0.035144 0.573719
0.132572 -0.034307 0.573117
0.133622 -0.034745 0.574596
0.133685 -0.034991 0.575015
0.134173 -0.035329 0.574208
0.133987 -0.034525 0.575177
0.134036 -0.035309 0.575786
0.135072 -0.035019 0.576800
0.135650 -0.034638 0.576731
0.135668 -0.034780 0.576546
0.136403 -0.034623 0.576488
0.136681 -0.033880 0.577687
0.136625 -0.035144 0.578235
0.136037 -0.034177 0.579115
0.136539 -0.034932 0.579415
0.137083 -0.034433 0.580042
0.136779 -0.034938 0.579300
0.137426 -0.034740 0.580342
0.136945 -0.035007 0.581910
0.137979 -0.035477 0.581518
0.137958 -0.035115 0.582015
0.138561 -0.034145 0.581909
0.138724 -0.035059 0.582677
0.139584 -0.034867 0.582516
0.138736 -0.034510 0.582865
0.139513 -0.033507 0.583063
0.138704 -0.034632 0.584257
0.139751 -0.034620 0.583605
0.139841 -0.034679 0.585847
0.140422 -0.035510 0.585355
0.139883 -0.033922 0.586207
0.140128 -0.033691 0.586212
0.140567 -0.034712 0.587584
0.140205 -0.033697 0.587854
0.139975 -0.035043 0.588125
0.140651 -0.034813 0.589402
0.141347 -0.034674 0.589251
0.141239 -0.034474 0.588857
0.140689 -0.034462 0.590051
0.140019 -0.035820 0.590475
0.141738 -0.034894 0.591473
0.142316 -0.033919 0.591340
0.141090 -0.034166 0.590834
0.141527 -0.035997 0.592250
0.142149 -0.034917 0.592130
0.141712 -0.034307 0.593480
0.142374 -0.035756 0.593284
0.141887 -0.033722 0.594404
0.141519 -0.034256 0.595495
0.141470 -0.035070 0.595645
0.142155 -0.035209 0.596347
0.142033 -0.033618 0.596887
0.142498 -0.034739 0.596561
0.142906 -0.034656 0.598060
0.142470 -0.034814 0.596859
0.142803 -0.034676 0.597811
0.142667 -0.035242 0.599212
0.144176 -0.035046 0.600239
0.142677 -0.035377 0.599346
0.142285 -0.034427 0.600080
0.143111 -0.033891 0.600264
0.142623 -0.035020 0.601625
0.142300 -0.034915 0.601925
0.143007 -0.034539 0.602609
0.143108 -0.034548 0.603206
0.142592 -0.034158 0.602981
0.141865 -0.035035 0.603922
0.142374 -0.034861 0.603998
0.142770 -0.034074 0.605333
0.141794 -0.035494 0.605571
0.142502 -0.034162 0.605274
0.141382 -0.034892 0.606303
0.141921 -0.035003 0.606776
0.142475 -0.035279 0.606311
0.141759 -0.033555 0.607898
0.141168 -0.035570 0.608005
0.142224 -0.035219 0.607884
0.141132 -0.035030 0.608582
0.141645 -0.034405 0.608428
0.141588 -0.035173 0.610924
0.140712 -0.034045 0.610349
0.141157 -0.034927 0.611336
0.141478 -0.034506 0.611744
0.141010 -0.034927 0.612864
0.140449 -0.034985 0.612225
0.140294 -0.034664 0.613628
0.140248 -0.034351 0.613608
0.140357 -0.034288 0.614366
0.140247 -0.034613 0.613911
0.140066 -0.035000 0.615244
0.138822 -0.035292 0.615277
0.140021 -0.034580 0.615751
0.139231 -0.034507 0.615751
0.139799 -0.034775 0.617000
0.138877 -0.035154 0.616947
0.138954 -0.035577 0.617122
0.138240 -0.034938 0.618161
0.138453 -0.034297 0.618688
0.138239 -0.034519 0.618692
0.137721 -0.034748 0.619727
0.137417 -0.035285 0.620502
0.137437 -0.034139 0.619253
0.137034 -0.034549 0.620627
0.136873 -0.034422 0.621089
0.136117 -0.035059 0.621566
0.136699 -0.035128 0.621636
0.136783 -0.034111 0.621581
0.135652 -0.035194 0.622740
0.135639 -0.034660 0.623631
0.135098 -0.034466 0.623489
0.135458 -0.034994 0.623718
0.134397 -0.035132 0.624758
0.134953 -0.036205 0.625384
0.134686 -0.034905 0.625355
0.133681 -0.033409 0.625246
0.133964 -0.034827 0.626408
0.133059 -0.034747 0.627206
0.134429 -0.035011 0.625765
0.132701 -0.035676 0.627335
0.131636 -0.035680 0.629016
0.132032 -0.035245 0.627798
0.131223 -0.035083 0.629203
0.131115 -0.035032 0.628551
0.130376 -0.034899 0.629379
0.130189 -0.034973 0.629709
0.130369 -0.035010 0.630696
0.130610 -0.033593 0.631224
0.129525 -0.033968 0.631119
0.129635 -0.035028 0.630777
0.128239 -0.034030 0.631045
0.129453 -0.033957 0.631118
0.127682 -0.034777 0.632350
0.128044 -0.034737 0.631942
0.127556 -0.034217 0.632567
0.127348 -0.035156 0.632535
0.127397 -0.033916 0.632501
0.125981 -0.034987 0.633730
0.125925 -0.035092 0.633899
0.125039 -0.034209 0.634255
0.125189 -0.033535 0.633653
0.125162 -0.034555 0.633581
0.124558 -0.034835 0.635320
0.123721 -0.034423 0.634901
0.123676 -0.034390 0.635679
0.123194 -0.034920 0.636095
0.122759 -0.034766 0.636302
0.121242 -0.034948 0.637343
0.121409 -0.034381 0.636119
0.121218 -0.035326 0.636759
0.120817 -0.031089 0.562947
0.122609 -0.032170 0.564201
0.121500 -0.031607 0.563491
0.122536 -0.031541 0.563768
0.122664 -0.031359 0.564174
0.123358 -0.032146 0.564336
0.124347 -0.030904 0.564132
0.123747 -0.030872 0.564351
0.124859 -0.031631 0.565254
0.124968 -0.030770 0.565237
0.125058 -0.030905 0.565585
0.125368 -0.030709 0.565914
0.127159 -0.032099 0.566959
0.126003 -0.031380 0.567556
0.126593 -0.030622 0.567241
0.127357 -0.031175 0.566951
0.127659 -0.032293 0.568075
0.127195 -0.031714 0.569054
0.128149 -0.031470 0.568983
0.128462 -0.031022 0.568651
0.128826 -0.030994 0.569722
0.130170 -0.031522 0.569257
0.130730 -0.032310 0.570408
0.130134 -0.032223 0.570175
0.131391 -0.031630 0.570256
0.130958 -0.031230 0.570769
0.130886 -0.031535 0.571009
0.131870 -0.031165 0.571105
0.132212 -0.031152 0.571919
0.131216 -0.031380 0.572971
0.132858 -0.031171 0.571997
0.131709 -0.031874 0.572226
0.132540 -0.030483 0.573430
0.133913 -0.031999 0.573683
0.133661 -0.030992 0.574035
0.133823 -0.031414 0.574133
0.133819 -0.030576 0.574903
0.135739 -0.031488 0.575863
0.134261 -0.031460 0.575641
0.135379 -0.032510 0.576983
0.136442 -0.031353 0.576336
0.136225 -0.031890 0.576825
0.136213 -0.031752 0.577300
0.136168 -0.031234 0.577866
0.136550 -0.031519 0.577149
0.137314 -0.031908 0.579987
0.137569 -0.031288 0.579027
0.138257 -0.030433 0.579431
0.137410 -0.031947 0.579915
0.137233 -0.030711 0.580845
0.138607 -0.031488 0.580753
0.137798 -0.031129 0.581866
0.138751 -0.031283 0.581781
0.139278 -0.030857 0.583107
0.138520 -0.032268 0.583056
0.138788 -0.030656 0.584339
0.139675 -0.031400 0.583117
0.139832 -0.030776 0.583097
0.138776 -0.030747 0.584830
0.139945 -0.031417 0.584681
0.138617 -0.031437 0.585152
0.139912 -0.032589 0.586223
0.139337 -0.031092 0.586050
0.139772 -0.032061 0.586889
0.140191 -0.030957 0.586945
0.141434 -0.032106 0.588021
0.141116 -0.031835 0.588378
0.140759 -0.032022 0.589619
0.140357 -0.031968 0.589389
0.141824 -0.031526 0.589417
0.141150 -0.030543 0.590141
0.141476 -0.031467 0.590294
0.141721 -0.031259 0.591324
0.141584 -0.032376 0.591549
0.141657 -0.031533 0.592018
0.141863 -0.031393 0.592804
0.141445 -0.030487 0.592810
0.142300 -0.031698 0.593284
0.141930 -0.032404 0.594627
0.142363 -0.031500 0.594153
0.142377 -0.032468 0.595312
0.142578 -0.031161 0.595552
0.142947 -0.032094 0.596682
0.141451 -0.030996 0.596777
0.142163 -0.031608 0.597271
0.142329 -0.031212 0.598226
0.142316 -0.031509 0.598181
0.142368 -0.031674 0.598082
0.142012 -0.031093 0.598695
0.142168 -0.030643 0.599480
0.141392 -0.031834 0.600071
0.142785 -0.031198 0.600568
0.142087 -0.031506 0.600681
0.142014 -0.031558 0.602342
0.142205 -0.032051 0.603035
0.142521 -0.031894 0.602624
0.142885 -0.030736 0.603275
0.142732 -0.031720 0.603709
0.142658 -0.031087 0.604001
0.142211 -0.031168 0.604712
0.142249 -0.031112 0.605921
0.142701 -0.031341 0.605409
0.141562 -0.031314 0.606142
0.141218 -0.031223 0.606204
0.142067 -0.032134 0.606949
0.141585 -0.031828 0.607538
0.141989 -0.030919 0.608600
0.141760 -0.031588 0.608098
0.141469 -0.032058 0.609379
0.141969 -0.031301 0.609242
0.141636 -0.031487 0.609780
0.141128 -0.032106 0.611323
0.141399 -0.032149 0.611137
0.141479 -0.031602 0.611912
0.138922 -0.032250 0.611612
0.139870 -0.030680 0.612271
0.140311 -0.031314 0.613308
0.139699 -0.029716 0.613000
0.139767 -0.031308 0.614611
0.139879 -0.031472 0.615019
0.140063 -0.031821 0.614518
0.139896 -0.032102 0.615212
0.139977 -0.032138 0.615264
0.139844 -0.031651 0.616817
0.139184 -0.030670 0.616347
0.139193 -0.031163 0.617058
0.138517 -0.031244 0.617610
0.138761 -0.031460 0.618069
0.138052 -0.031386 0.617461
0.137939 -0.030635 0.619785
0.137458 -0.031489 0.618793
0.137602 -0.031384 0.619828
0.136944 -0.031182 0.620590
0.137318 -0.032283 0.621480
0.137974 -0.030811 0.620914
0.137020 -0.031972 0.621520
0.136518 -0.030903 0.621970
0.135955 -0.032236 0.622026
0.135758 -0.031627 0.622533
0.135197 -0.030636 0.622875
0.134602 -0.030674 0.623972
0.135831 -0.031981 0.623398
0.134915 -0.032050 0.624014
0.135227 -0.031117 0.624246
0.134749 -0.030460 0.625684
0.133252 -0.031427 0.625593
0.133454 -0.031487 0.626367
0.132360 -0.031183 0.627231
0.132380 -0.032186 0.626683
0.132106 -0.031706 0.627320
0.133307 -0.032372 0.628115
0.132088 -0.031165 0.626867
0.130914 -0.030692 0.628318
0.131729 -0.031222 0.628605
0.131319 -0.031157 0.628412
0.130403 -0.031280 0.630127
0.130548 -0.032278 0.629881
0.129302 -0.032038 0.629827
0.128952 -0.031667 0.630523
0.129356 -0.031805 0.631760
0.128005 -0.031366 0.631671
0.128575 -0.031050 0.631706
0.128605 -0.031637 0.631664
0.127996 -0.031586 0.633373
0.128029 -0.031247 0.632626
0.126346 -0.031702 0.632372
0.126494 -0.032101 0.632628
0.126293 -0.031800 0.633569
0.127022 -0.031583 0.633397
0.126251 -0.031904 0.634368
0.125129 -0.031920 0.633402
0.124648 -0.030910 0.634809
0.124144 -0.031250 0.635970
0.123516 -0.031613 0.634596
0.124135 -0.031126 0.635818
0.123389 -0.031834 0.635076
0.122754 -0.031595 0.636218
0.121078 -0.031021 0.636113
0.120668 -0.031341 0.636194
0.120565 -0.030589 0.636327
0.121548 -0.028732 0.563461
0.121727 -0.028175 0.563289
0.122122 -0.028212 0.564149
0.123012 -0.028001 0.563751
0.123627 -0.028111 0.563670
0.123216 -0.027800 0.565028
0.124212 -0.028214 0.564369
0.124828 -0.027186 0.565347
0.124804 -0.028086 0.564830
0.125213 -0.028424 0.565020
0.125665 -0.027395 0.565358
0.126337 -0.027687 0.565129
0.125919 -0.028610 0.566444
0.126811 -0.027650 0.567656
0.126971 -0.029073 0.567681
0.127575 -0.028590 0.568087
0.127694 -0.028846 0.567121
0.128286 -0.028683 0.568176
0.128154 -0.027557 0.569520
0.129223 -0.028175 0.569169
0.127925 -0.028072 0.568581
0.129786 -0.027715 0.570248
0.130251 -0.028403 0.569298
0.130511 -0.027750 0.570336
0.131416 -0.028916 0.570222
0.130784 -0.029142 0.570582
0.131660 -0.028532 0.571519
0.130989 -0.027068 0.571564
0.132106 -0.028690 0.571488
0.132457 -0.027602 0.573103
0.131936 -0.028791 0.573213
0.132428 -0.027411 0.574652
0.132998 -0.028235 0.573795
0.132703 -0.027619 0.573207
0.133983 -0.027598 0.574270
0.132892 -0.028738 0.574315
0.133779 -0.028163 0.576262
0.134525 -0.027922 0.576255
0.135238 -0.027345 0.575849
0.134650 -0.028171 0.576253
0.136266 -0.028057 0.577839
0.135955 -0.028939 0.576437
0.135830 -0.028769 0.577233
0.136636 -0.028237 0.577960
0.136409 -0.028133 0.578338
0.136828 -0.028429 0.577335
0.137226 -0.028686 0.578965
0.138087 -0.028499 0.579495
0.137639 -0.027260 0.580697
0.138458 -0.028816 0.580622
0.138142 -0.026777 0.581380
0.137104 -0.027802 0.581454
0.138309 -0.027956 0.582637
0.139086 -0.028857 0.582181
0.138824 -0.027867 0.582826
0.138463 -0.027578 0.583024
0.140015 -0.028037 0.583469
0.139888 -0.027779 0.585404
0.140215 -0.028531 0.584690
0.139859 -0.028552 0.584566
0.140489 -0.027997 0.585144
0.140488 -0.028443 0.587118
0.140606 -0.028468 0.586704
0.141104 -0.028499 0.586657
0.141351 -0.027201 0.587283
0.140586 -0.028272 0.587475
0.140918 -0.027835 0.588930
0.140875 -0.027906 0.588785
0.142251 -0.028473 0.590302
0.141222 -0.027960 0.589285
0.141103 -0.027366 0.591028
0.140779 -0.027810 0.591235
0.141533 -0.028363 0.590484
0.141448 -0.027012 0.592449
0.141140 -0.027909 0.592114
0.141681 -0.028299 0.592216
0.141720 -0.028409 0.594297
0.141653 -0.029856 0.593503
0.141842 -0.028199 0.594178
0.142065 -0.027562 0.594119
0.142272 -0.027885 0.595268
0.142549 -0.027009 0.594804
0.141599 -0.028645 0.596051
0.143019 -0.028054 0.596910
0.141823 -0.028174 0.597351
0.142675 -0.028041 0.597248
0.141863 -0.028290 0.597722
0.141993 -0.028878 0.598780
0.141946 -0.027991 0.599423
0.142385 -0.027743 0.600339
0.142500 -0.029044 0.601069
0.142685 -0.026912 0.600607
0.142616 -0.027153 0.601756
0.142422 -0.027994 0.601023
0.142198 -0.027926 0.602638
0.141880 -0.028284 0.602314
0.143408 -0.027435 0.602563
0.142709 -0.028118 0.603837
0.142136 -0.028106 0.604556
0.141489 -0.028214 0.605230
0.141733 -0.027812 0.606111
0.142180 -0.028371 0.604919
0.142723 -0.028250 0.606768
0.141947 -0.028055 0.607554
0.141324 -0.028483 0.607194
0.141760 -0.027718 0.607510
0.142037 -0.028004 0.608238
0.140511 -0.028484 0.607844
0.141650 -0.028442 0.609385
0.141466 -0.027273 0.609376
0.141365 -0.027093 0.610292
0.141908 -0.028014 0.611493
0.140641 -0.027321 0.611312
0.141110 -0.028199 0.611743
0.140910 -0.028182 0.612379
0.140046 -0.027921 0.612843
0.140211 -0.027808 0.612855
0.140032 -0.028532 0.614004
0.139992 -0.028695 0.614009
0.139035 -0.028636 0.614794
0.139289 -0.027534 0.615244
0.139910 -0.027824 0.615744
0.139409 -0.028267 0.615604
0.139212 -0.027915 0.616379
0.139661 -0.026643 0.615772
0.139118 -0.027496 0.616761
0.139060 -0.027618 0.618111
0.138127 -0.028919 0.617960
0.138370 -0.028049 0.619215
0.138586 -0.028809 0.619002
0.138402 -0.028074 0.618554
0.137824 -0.028406 0.620433
0.136374 -0.027582 0.620568
0.138465 -0.028340 0.620859
0.136422 -0.027792 0.621067
0.136321 -0.028235 0.621622
0.136109 -0.027904 0.622248
0.136260 -0.027910 0.622043
0.135868 -0.028571 0.622660
0.135341 -0.028567 0.623474
0.135566 -0.027631 0.623567
0.135156 -0.028003 0.623917
0.134814 -0.028492 0.625324
0.134042 -0.028967 0.625452
0.134571 -0.027345 0.624782
0.133957 -0.027951 0.625121
0.133667 -0.028580 0.625554
0.133121 -0.028762 0.627343
0.133966 -0.027977 0.626958
0.132313 -0.029097 0.627977
0.132507 -0.027862 0.627577
0.132110 -0.028117 0.627855
0.131122 -0.027707 0.628876
0.132110 -0.027978 0.628835
0.130978 -0.027977 0.629183
0.130829 -0.028508 0.629764
0.130659 -0.028118 0.628983
0.129806 -0.028768 0.629700
0.130415 -0.028812 0.629858
0.129005 -0.028369 0.631206
0.128945 -0.028357 0.630851
0.128128 -0.028199 0.632482
0.127704 -0.027629 0.632222
0.129014 -0.028284 0.631756
0.127334 -0.028392 0.632529
0.126755 -0.028514 0.632274
0.126443 -0.027456 0.633830
0.126523 -0.027821 0.633819
0.126023 -0.027657 0.633783
0.125016 -0.028208 0.634310
0.124483 -0.028099 0.633694
0.124647 -0.027803 0.635368
0.124771 -0.027971 0.635143
0.124787 -0.027025 0.635908
0.123167 -0.028250 0.635341
0.122715 -0.027622 0.636157
0.123238 -0.027381 0.636352
0.122691 -0.028857 0.636341
0.121839 -0.028067 0.636201
0.120744 -0.027825 0.636317
0.121578 -0.024469 0.562867
0.122250 -0.025585 0.563944
0.122691 -0.024877 0.563510
0.122630 -0.025056 0.563874
0.123356 -0.024995 0.564072
0.123290 -0.024729 0.564258
0.123510 -0.024624 0.565300
0.123953 -0.025148 0.565482
0.124270 -0.026134 0.566534
0.124766 -0.025314 0.565711
0.124972 -0.025483 0.564925
0.126384 -0.025355 0.566311
0.125723 -0.024621 0.566380
0.126379 -0.024280 0.566431
0.126929 -0.024099 0.567422
0.127648 -0.025076 0.566883
0.127849 -0.025060 0.567900
0.128029 -0.023933 0.568856
0.128680 -0.025072 0.569293
0.127572 -0.025114 0.568952
0.129156 -0.025451 0.569487
0.130698 -0.024646 0.570245
0.130263 -0.024240 0.569312
0.129711 -0.024773 0.569755
0.130950 -0.025268 0.570960
0.131545 -0.024748 0.571163
0.131615 -0.024649 0.571560
0.131682 -0.025060 0.572513
0.132365 -0.024643 0.571391
0.132119 -0.024543 0.572416
0.132448 -0.024931 0.572909
0.132632 -0.024196 0.573043
0.133291 -0.025387 0.572712
0.132827 -0.023862 0.573671
0.134618 -0.024083 0.573850
0.133501 -0.025201 0.574620
0.134362 -0.024665 0.574725
0.134329 -0.024473 0.576217
0.134707 -0.025234 0.575790
0.135373 -0.023539 0.576107
0.135534 -0.025058 0.577088
0.136191 -0.025032 0.577678
0.136192 -0.024172 0.577678
0.135111 -0.025192 0.578126
0.136974 -0.024420 0.577873
0.137440 -0.024206 0.578739
0.137243 -0.024506 0.578554
0.136999 -0.024112 0.580168
0.136682 -0.025288 0.580403
0.138765 -0.024559 0.580741
0.137422 -0.024350 0.581715
0.138896 -0.024588 0.581340
0.138407 -0.026078 0.581931
0.138135 -0.024823 0.582637
0.138962 -0.024391 0.583332
0.139674 -0.024944 0.582819
0.139598 -0.025077 0.584108
0.138919 -0.024508 0.583576
0.139222 -0.025817 0.585377
0.140382 -0.024574 0.585095
0.140139 -0.024390 0.584788
0.140280 -0.024230 0.586102
0.140422 -0.024845 0.586531
0.140866 -0.024805 0.586802
0.140284 -0.025724 0.587167
0.141126 -0.024744 0.587401
0.141197 -0.024774 0.587869
0.141312 -0.024396 0.589050
0.141444 -0.024518 0.590042
0.141592 -0.023977 0.589867
0.140780 -0.025209 0.590362
0.141046 -0.024728 0.591066
0.141919 -0.024812 0.590429
0.141408 -0.024556 0.591901
0.141966 -0.025323 0.592181
0.141974 -0.024993 0.593371
0.142022 -0.023989 0.593425
0.141925 -0.025153 0.593457
0.141584 -0.025316 0.594324
0.140800 -0.024613 0.594542
0.142878 -0.025408 0.595688
0.141775 -0.024399 0.595935
0.143970 -0.024419 0.595240
0.142126 -0.024820 0.597364
0.142013 -0.024317 0.597189
0.141745 -0.023533 0.597216
0.142207 -0.024210 0.597750
0.142637 -0.023914 0.597778
0.142532 -0.024490 0.598776
0.143618 -0.023869 0.599793
0.142866 -0.025125 0.600246
0.142845 -0.024856 0.599997
0.142298 -0.024934 0.601501
0.142546 -0.024458 0.601542
0.141896 -0.024183 0.602868
0.141640 -0.024750 0.602554
0.142579 -0.025046 0.602761
0.142384 -0.024801 0.603808
0.141724 -0.024674 0.604084
0.142406 -0.024227 0.604751
0.141560 -0.024579 0.605828
0.142579 -0.024369 0.605143
0.142030 -0.025045 0.605819
0.141921 -0.024286 0.606748
0.142941 -0.025085 0.607491
0.142602 -0.023475 0.607606
0.141926 -0.025311 0.608680
0.142184 -0.024439 0.608889
0.141482 -0.024435 0.609272
0.141534 -0.025026 0.609753
0.141790 -0.024445 0.610597
0.140410 -0.025138 0.610870
0.140602 -0.024498 0.611042
0.140438 -0.024929 0.610913
0.141205 -0.024626 0.611836
0.141078 -0.024362 0.612307
0.140602 -0.023586 0.612388
0.139824 -0.024394 0.614229
0.141095 -0.024565 0.614141
0.139435 -0.024898 0.614534
0.140410 -0.024412 0.615721
0.139883 -0.024464 0.615099
0.138935 -0.024523 0.615408
0.139167 -0.025036 0.616446
0.138113 -0.024666 0.615403
0.139042 -0.024204 0.617098
0.139081 -0.025244 0.618050
0.138736 -0.024747 0.618342
0.138846 -0.023916 0.618373
0.138026 -0.025819 0.618281
0.138084 -0.025162 0.618526
0.137137 -0.025552 0.620940
0.137103 -0.023966 0.621046
0.137088 -0.024260 0.620249
0.137299 -0.024774 0.621656
0.137041 -0.024119 0.621786
0.136508 -0.024759 0.622700
0.136160 -0.025159 0.622310
0.135039 -0.024494 0.623097
0.135456 -0.024396 0.623512
0.134950 -0.024640 0.624430
0.134171 -0.025101 0.625015
0.133925 -0.024747 0.624436
0.134506 -0.024739 0.625437
0.134796 -0.024800 0.623821
0.133309 -0.025264 0.625360
0.133240 -0.024570 0.626474
0.133276 -0.024716 0.625485
0.132103 -0.024277 0.626368
0.132678 -0.024320 0.627081
0.132110 -0.024701 0.627568
0.132542 -0.024543 0.628050
0.131695 -0.024106 0.628411
0.131220 -0.025490 0.629195
0.131756 -0.024939 0.628442
0.130370 -0.024021 0.629057
0.130915 -0.025082 0.629886
0.129562 -0.025214 0.630131
0.129575 -0.024775 0.631208
0.128355 -0.024769 0.631405
0.128826 -0.023796 0.630134
0.128220 -0.024016 0.632108
0.127686 -0.025822 0.632246
0.126943 -0.024772 0.632821
0.127649 -0.024687 0.632318
0.127324 -0.024405 0.633079
0.127417 -0.025086 0.632868
0.126586 -0.024898 0.634023
0.125987 -0.024842 0.632573
0.125738 -0.025307 0.634517
0.124987 -0.024311 0.634678
0.124156 -0.023834 0.634750
0.124178 -0.024323 0.633941
0.123991 -0.025073 0.634885
0.123769 -0.025121 0.635936
0.123336 -0.024538 0.635088
0.122172 -0.024597 0.636042
0.121857 -0.025212 0.636404
0.121001 -0.024240 0.637112
0.121662 -0.024512 0.636564
0.121206 -0.021560 0.562870
0.122029 -0.021215 0.563594
0.122319 -0.020847 0.563945
0.121991 -0.020269 0.563614
0.122543 -0.022082 0.564377
0.123365 -0.021572 0.564393
0.124897 -0.020188 0.564301
0.124417 -0.021097 0.565140
0.124453 -0.021126 0.565380
0.124211 -0.021690 0.565675
0.125834 -0.021482 0.566175
0.125090 -0.020820 0.566152
0.125208 -0.020086 0.566045
0.126546 -0.021411 0.566864
0.127113 -0.020347 0.567734
0.127639 -0.021051 0.567314
0.126651 -0.021260 0.567641
0.128725 -0.021528 0.567956
0.128391 -0.020858 0.568300
0.129268 -0.021445 0.568390
0.129208 -0.021147 0.568368
0.129446 -0.021834 0.568918
0.130240 -0.020943 0.569980
0.129721 -0.021595 0.569612
0.131092 -0.021123 0.570120
0.130643 -0.021380 0.570936
0.131588 -0.020778 0.570435
0.131260 -0.021909 0.572023
0.132073 -0.021585 0.572445
0.131287 -0.021399 0.572430
0.132726 -0.021755 0.572218
0.132254 -0.021589 0.573739
0.133201 -0.022049 0.574489
0.134333 -0.020907 0.572571
0.133661 -0.020311 0.574452
0.134595 -0.022152 0.573903
0.133379 -0.021733 0.576296
0.135434 -0.020738 0.575375
0.135444 -0.021782 0.575695
0.135261 -0.021173 0.575461
0.135821 -0.020958 0.576987
0.136066 -0.021703 0.576543
0.136098 -0.020978 0.578508
0.135650 -0.021777 0.578108
0.137276 -0.020887 0.577972
0.137090 -0.021686 0.579038
0.137111 -0.021328 0.579186
0.137008 -0.021905 0.579378
0.137553 -0.021641 0.579467
0.138653 -0.021701 0.580978
0.138065 -0.020688 0.581021
0.137948 -0.021571 0.580967
0.138135 -0.020823 0.582262
0.138666 -0.022503 0.581791
0.138535 -0.022021 0.583283
0.139235 -0.022423 0.583128
0.139095 -0.021376 0.584034
0.139213 -0.021830 0.584575
0.140139 -0.022010 0.584443
0.139513 -0.021233 0.584621
0.138790 -0.021102 0.584466
0.141102 -0.021563 0.586949
0.140215 -0.020379 0.586639
0.140254 -0.021776 0.586759
0.141185 -0.021801 0.587305
0.141167 -0.020683 0.589024
0.140858 -0.020894 0.588146
0.140806 -0.022154 0.589152
0.140550 -0.022096 0.588593
0.141136 -0.021640 0.589175
0.141752 -0.021199 0.591137
0.140467 -0.021132 0.591290
0.141329 -0.021156 0.591369
0.141993 -0.021633 0.591629
0.141466 -0.020940 0.592616
0.142447 -0.021751 0.592887
0.142301 -0.021757 0.593662
0.142870 -0.021579 0.593502
0.141513 -0.021332 0.594344
0.141854 -0.021160 0.595290
0.142872 -0.021610 0.595314
0.141481 -0.021883 0.595292
0.143049 -0.021176 0.596606
0.142120 -0.023119 0.596174
0.141851 -0.021369 0.597284
0.141741 -0.020914 0.597537
0.142281 -0.021345 0.598835
0.143159 -0.021938 0.598872
0.142753 -0.020923 0.599273
0.142904 -0.021405 0.600020
0.141833 -0.021065 0.600940
0.143197 -0.020978 0.601070
0.141865 -0.021819 0.601366
0.142205 -0.021357 0.601813
0.142795 -0.022181 0.602151
0.143451 -0.021435 0.602812
0.142500 -0.021251 0.603771
0.142135 -0.021946 0.603047
0.143227 -0.021930 0.603933
0.143046 -0.021197 0.604201
0.141854 -0.020608 0.605323
0.141992 -0.021438 0.606060
0.141558 -0.020174 0.605943
0.141670 -0.021938 0.607149
0.142462 -0.020888 0.607072
0.141634 -0.020740 0.607356
0.141111 -0.021872 0.608450
0.140880 -0.021996 0.608839
0.141477 -0.021994 0.608906
0.141955 -0.021550 0.609658
0.140952 -0.021443 0.609785
0.140828 -0.021392 0.611204
0.140250 -0.021870 0.611636
0.139981 -0.021171 0.611926
0.141647 -0.020293 0.611760
0.141426 -0.021315 0.611598
0.140628 -0.021204 0.613414
0.140105 -0.021587 0.613668
0.140694 -0.020487 0.614168
0.139571 -0.021292 0.615511
0.140163 -0.021015 0.614804
0.139629 -0.022029 0.615666
0.138877 -0.021129 0.615904
0.140233 -0.020317 0.616294
0.139486 -0.021016 0.616891
0.138870 -0.020801 0.616915
0.138875 -0.021560 0.617268
0.138118 -0.021033 0.617669
0.137698 -0.021968 0.617742
0.137928 -0.021271 0.619234
0.137098 -0.021651 0.620155
0.138741 -0.021414 0.619757
0.137324 -0.021586 0.620222
0.137675 -0.020981 0.620053
0.136722 -0.021137 0.621798
0.137428 -0.021984 0.622528
0.136148 -0.021416 0.621163
0.136426 -0.020977 0.621553
0.136019 -0.021201 0.622794
0.136183 -0.022103 0.623248
0.135946 -0.021942 0.623442
0.134700 -0.020405 0.625273
0.135149 -0.020823 0.624093
0.134722 -0.020821 0.624945
0.134280 -0.022148 0.624852
0.133052 -0.021452 0.627003
0.133356 -0.021836 0.626252
0.133134 -0.021028 0.625846
0.133213 -0.021192 0.626528
0.133076 -0.021944 0.627428
0.131606 -0.020591 0.627534
0.131683 -0.021895 0.628749
0.131523 -0.021994 0.627472
0.130799 -0.022013 0.628145
0.130335 -0.020422 0.628948
0.130701 -0.021379 0.629921
0.130046 -0.021058 0.630216
0.129709 -0.021722 0.629789
0.129572 -0.021764 0.630055
0.129660 -0.021758 0.630306
0.128346 -0.021225 0.631048
0.128849 -0.020889 0.631830
0.127711 -0.020842 0.631049
0.128723 -0.021418 0.632370
0.127808 -0.020814 0.632598
0.127144 -0.020993 0.633064
0.126428 -0.020811 0.632560
0.125367 -0.020980 0.633682
0.125705 -0.020605 0.633196
0.124491 -0.021559 0.633972
0.124981 -0.021162 0.634580
0.123859 -0.020824 0.634519
0.123687 -0.021811 0.634332
0.123823 -0.021858 0.635779
0.122788 -0.021767 0.636095
0.123065 -0.020113 0.636305
0.122715 -0.020524 0.635174
0.122084 -0.021085 0.635994
0.121014 -0.021172 0.636346
0.121266 -0.021307 0.636326
0.121846 -0.018967 0.562836
0.121697 -0.018596 0.563567
0.120809 -0.017952 0.563900
0.121781 -0.017624 0.563772
0.122823 -0.018274 0.564498
0.123519 -0.017865 0.565439
0.123142 -0.018357 0.565480
0.124970 -0.018191 0.564085
0.124195 -0.018121 0.565522
0.124770 -0.018102 0.566668
0.125238 -0.017412 0.565923
0.126159 -0.018103 0.565948
0.126261 -0.018233 0.566610
0.125432 -0.016960 0.567723
0.127778 -0.018215 0.567165
0.127400 -0.018263 0.567283
0.128405 -0.017758 0.567858
0.127263 -0.017576 0.567517
0.127643 -0.017479 0.568599
0.129187 -0.016747 0.568649
0.129027 -0.017470 0.570160
0.129041 -0.017746 0.569436
0.129737 -0.017988 0.570112
0.130412 -0.017372 0.571188
0.130573 -0.017917 0.570531
0.130555 -0.017618 0.571506
0.131640 -0.019257 0.570925
0.132251 -0.018160 0.571426
0.132892 -0.018386 0.571806
0.132458 -0.017660 0.572875
0.133294 -0.017468 0.573339
0.132607 -0.018866 0.572581
0.133163 -0.017421 0.574094
0.134438 -0.017426 0.573925
0.133213 -0.019548 0.574902
0.134657 -0.018828 0.574814
0.134074 -0.017355 0.575776
0.134669 -0.018101 0.575766
0.135492 -0.018763 0.576121
0.136078 -0.017842 0.576444
0.134607 -0.018475 0.576078
0.136552 -0.017407 0.576647
0.137443 -0.018583 0.577166
0.136612 -0.018193 0.577202
0.136863 -0.016652 0.578194
0.136839 -0.018873 0.579294
0.136250 -0.017589 0.579368
0.138054 -0.018206 0.579499
0.138277 -0.019274 0.580238
0.136962 -0.017479 0.581796
0.138176 -0.018534 0.580624
0.138249 -0.018063 0.581806
0.139469 -0.018589 0.582292
0.139167 -0.018950 0.582605
0.138978 -0.016994 0.582935
0.138962 -0.017177 0.583046
0.138774 -0.018682 0.583231
0.138974 -0.017432 0.584014
0.139643 -0.017907 0.584426
0.139212 -0.017614 0.584406
0.139720 -0.017648 0.585471
0.140561 -0.017399 0.587439
0.140509 -0.018565 0.586054
0.140372 -0.019330 0.586756
0.140049 -0.017947 0.587387
0.140197 -0.018590 0.587695
0.141592 -0.017727 0.588687
0.141134 -0.017468 0.588998
0.141677 -0.017765 0.589099
0.140644 -0.017510 0.589194
0.140754 -0.018442 0.590371
0.141281 -0.018111 0.590297
0.141381 -0.018111 0.592287
0.142683 -0.018686 0.591543
0.141278 -0.017907 0.592345
0.141962 -0.018361 0.593780
0.142266 -0.017562 0.593739
0.142314 -0.017792 0.593846
0.142330 -0.017066 0.593570
0.142326 -0.017818 0.594680
0.141718 -0.017649 0.595471
0.141556 -0.018289 0.595549
0.142670 -0.018426 0.596850
0.141568 -0.017623 0.597171
0.140751 -0.017084 0.597596
0.142597 -0.017717 0.597045
0.142998 -0.017397 0.598041
0.142614 -0.018601 0.598565
0.143326 -0.017536 0.598243
0.142857 -0.018032 0.600576
0.142884 -0.017224 0.600604
0.142356 -0.017537 0.600927
0.142139 -0.018789 0.601133
0.142285 -0.018287 0.601638
0.142493 -0.017062 0.602396
0.141620 -0.017706 0.603572
0.142602 -0.019573 0.602951
0.142660 -0.018211 0.603183
0.141986 -0.018105 0.604014
0.142956 -0.018024 0.604385
0.142741 -0.017550 0.605032
0.143857 -0.018189 0.605934
0.141536 -0.018210 0.606956
0.141888 -0.018397 0.607207
0.142687 -0.017544 0.607383
0.142574 -0.018725 0.607742
0.141142 -0.018857 0.608348
0.141319 -0.018346 0.608189
0.141710 -0.017715 0.609540
0.141784 -0.018051 0.609504
0.141567 -0.017024 0.610803
0.142073 -0.017523 0.610397
0.141559 -0.018405 0.611091
0.140972 -0.018054 0.612210
0.141036 -0.018128 0.612250
0.141160 -0.018024 0.612706
0.140567 -0.017913 0.612835
0.140585 -0.018566 0.613020
0.140702 -0.017509 0.614522
0.139213 -0.018229 0.614873
0.139997 -0.018101 0.614683
0.139866 -0.018363 0.614844
0.140082 -0.018120 0.615666
0.139319 -0.018046 0.615980
0.138736 -0.017376 0.616660
0.138803 -0.018157 0.617107
0.138301 -0.017752 0.617164
0.138834 -0.018152 0.617803
0.138137 -0.017536 0.617791
0.138378 -0.018131 0.618081
0.137570 -0.018454 0.619546
0.137046 -0.018598 0.619465
0.136760 -0.017994 0.619935
0.137430 -0.018657 0.621526
0.136507 -0.018524 0.620560
0.135197 -0.018775 0.621914
0.136688 -0.017956 0.622832
0.135243 -0.018553 0.623124
0.135951 -0.017839 0.623620
0.136523 -0.017198 0.623695
0.135820 -0.017708 0.623255
0.134643 -0.018151 0.623795
0.134803 -0.018473 0.624470
0.134903 -0.018580 0.624747
0.134341 -0.017291 0.625533
0.133508 -0.018479 0.625465
0.132432 -0.017781 0.626895
0.133146 -0.018192 0.626861
0.133408 -0.018257 0.627539
0.133310 -0.017972 0.627841
0.132090 -0.018481 0.628010
0.132002 -0.017719 0.627171
0.132388 -0.017714 0.627881
0.131839 -0.018077 0.628454
0.130432 -0.018000 0.628458
0.130617 -0.017094 0.629701
0.131035 -0.018478 0.630184
0.130171 -0.018001 0.630006
0.129848 -0.017953 0.631484
0.129365 -0.017418 0.631473
0.129654 -0.017997 0.631945
0.128093 -0.017402 0.631676
0.128524 -0.018428 0.631161
0.127577 -0.018023 0.632167
0.127330 -0.018307 0.633345
0.126662 -0.017826 0.632417
0.126859 -0.018046 0.632997
0.125936 -0.018657 0.633516
0.126424 -0.017577 0.633126
0.125461 -0.017418 0.634119
0.124370 -0.018886 0.634296
0.124412 -0.017372 0.634939
0.123851 -0.017854 0.634338
0.123421 -0.018432 0.634619
0.123437 -0.018094 0.636044
0.123128 -0.018007 0.635964
0.122033 -0.017897 0.636611
0.122605 -0.018410 0.636333
0.122095 -0.016281 0.636548
0.121113 -0.017397 0.637591
0.120607 -0.014447 0.563326
0.121494 -0.014268 0.563509
0.121911 -0.013506 0.564326
0.122528 -0.014923 0.564123
0.123148 -0.014797 0.564192
0.123139 -0.014402 0.563954
0.123774 -0.014396 0.564569
0.124159 -0.014827 0.565661
0.124970 -0.013579 0.565713
0.124050 -0.014459 0.565610
0.125909 -0.014774 0.565285
0.125848 -0.015304 0.566647
0.125852 -0.013871 0.566926
0.126645 -0.014808 0.566808
0.127442 -0.014297 0.567655
0.127800 -0.015370 0.566868
0.127506 -0.014045 0.567510
0.127698 -0.013715 0.568109
0.128397 -0.014055 0.567736
0.128634 -0.014919 0.569274
0.129608 -0.015076 0.568870
0.129237 -0.014529 0.570117
0.129713 -0.014552 0.570383
0.130441 -0.015034 0.570094
0.130404 -0.014263 0.571587
0.131504 -0.014348 0.571333
0.131644 -0.014356 0.571342
0.131775 -0.014932 0.572952
0.131195 -0.015181 0.571606
0.132339 -0.014903 0.572248
0.131588 -0.014659 0.572226
0.132858 -0.014257 0.572429
0.132973 -0.014124 0.574316
0.133788 -0.013639 0.574358
0.133468 -0.014492 0.574626
0.134031 -0.014737 0.575800
0.134813 -0.014842 0.574724
0.133950 -0.013899 0.574962
0.135380 -0.015162 0.576406
0.135102 -0.014851 0.576798
0.135376 -0.014168 0.577101
0.135216 -0.014355 0.577169
0.135648 -0.013474 0.577488
0.137046 -0.015116 0.577730
0.136297 -0.015081 0.578216
0.136446 -0.013986 0.578660
0.137688 -0.015563 0.578823
0.137638 -0.014425 0.579217
0.137945 -0.015114 0.580550
0.138328 -0.014730 0.580726
0.138650 -0.014101 0.582263
0.137535 -0.014098 0.581794
0.138573 -0.015259 0.582278
0.139589 -0.014990 0.581840
0.139195 -0.014444 0.583403
0.139193 -0.014618 0.582663
0.139233 -0.014570 0.584325
0.139751 -0.014808 0.584245
0.140253 -0.013861 0.586061
0.140562 -0.014469 0.584437
0.139735 -0.015265 0.584749
0.139821 -0.014768 0.586361
0.140201 -0.015141 0.586292
0.139974 -0.014871 0.586749
0.140396 -0.014528 0.588080
0.141292 -0.014543 0.588090
0.140970 -0.014469 0.588704
0.141054 -0.014412 0.587908
0.141652 -0.015013 0.589193
0.141860 -0.014522 0.589457
0.141857 -0.014370 0.589087
0.142347 -0.014401 0.590292
0.141743 -0.015000 0.591250
0.142379 -0.014008 0.592435
0.141640 -0.014884 0.592547
0.142042 -0.014333 0.592522
0.142385 -0.014641 0.593308
0.141263 -0.014912 0.593652
0.141624 -0.014830 0.594676
0.141948 -0.014302 0.595657
0.142212 -0.014195 0.594990
0.142394 -0.015127 0.595443
0.142020 -0.013980 0.595661
0.142313 -0.014350 0.596329
0.141846 -0.014788 0.597267
0.142557 -0.014525 0.597682
0.142245 -0.014161 0.598665
0.142782 -0.014908 0.598113
0.141891 -0.014179 0.599955
0.142974 -0.014976 0.599787
0.142883 -0.015474 0.599637
0.142508 -0.014331 0.599965
0.142145 -0.014810 0.601527
0.142936 -0.014516 0.601689
0.142497 -0.014417 0.602886
0.142531 -0.014219 0.602603
0.142695 -0.014596 0.604272
0.141434 -0.015021 0.602917
0.142026 -0.014736 0.604352
0.142685 -0.015092 0.605080
0.141668 -0.014795 0.605666
0.140782 -0.015123 0.606859
0.141962 -0.014904 0.606997
0.141777 -0.013763 0.607103
0.141775 -0.013962 0.606598
0.142280 -0.014678 0.607774
0.141166 -0.014207 0.607276
0.141536 -0.014766 0.608562
0.141639 -0.014847 0.608908
0.142074 -0.015366 0.610220
0.141534 -0.014641 0.610434
0.140497 -0.013756 0.610989
0.140710 -0.014670 0.611359
0.141371 -0.014552 0.611249
0.140630 -0.014782 0.612532
0.140363 -0.015592 0.612991
0.140042 -0.015505 0.612459
0.139577 -0.015112 0.613703
0.140517 -0.014525 0.614585
0.139491 -0.014434 0.614333
0.140395 -0.014763 0.614220
0.139760 -0.013791 0.615451
0.139635 -0.013775 0.615946
0.139452 -0.013589 0.616025
0.138928 -0.013780 0.617620
0.138664 -0.014709 0.616579
0.138289 -0.014396 0.617912
0.138266 -0.014598 0.617522
0.138520 -0.014688 0.618488
0.138993 -0.014434 0.619261
0.137884 -0.015086 0.619335
0.137535 -0.015211 0.620426
0.137334 -0.014670 0.620286
0.136947 -0.013331 0.621845
0.136538 -0.015232 0.621610
0.136153 -0.014495 0.621239
0.136104 -0.014681 0.621870
0.135730 -0.014160 0.621333
0.135864 -0.014882 0.622987
0.135169 -0.014164 0.623968
0.135778 -0.014774 0.623944
0.135604 -0.013886 0.623636
0.134721 -0.016029 0.625214
0.134772 -0.014571 0.623894
0.133917 -0.014680 0.624894
0.132788 -0.014505 0.625103
0.133717 -0.014169 0.626384
0.132897 -0.014576 0.627004
0.133309 -0.013611 0.626762
0.132886 -0.014765 0.626888
0.132428 -0.015199 0.628587
0.132059 -0.014614 0.628104
0.132329 -0.015718 0.628266
0.131159 -0.015521 0.629157
0.131452 -0.015216 0.629516
0.131442 -0.014542 0.628182
0.129481 -0.014478 0.628745
0.130002 -0.014855 0.630793
0.129721 -0.014444 0.630699
0.129371 -0.015791 0.631137
0.128733 -0.014759 0.630358
0.128183 -0.013991 0.631560
0.127783 -0.014959 0.632152
0.127960 -0.014421 0.633018
0.127544 -0.014004 0.632825
0.126794 -0.014834 0.632156
0.126630 -0.014074 0.632650
0.125253 -0.014446 0.634004
0.125713 -0.014486 0.633721
0.125482 -0.013941 0.633190
0.125123 -0.015110 0.634534
0.125505 -0.014387 0.634533
0.123814 -0.014299 0.635242
0.123763 -0.015134 0.634982
0.122439 -0.014407 0.635132
0.122659 -0.014921 0.635191
0.122374 -0.013858 0.635394
0.122156 -0.015896 0.635667
0.121505 -0.014670 0.636604
0.120948 -0.014097 0.636661
0.121369 -0.010888 0.563867
0.121408 -0.010455 0.564099
0.122937 -0.011637 0.563926
0.123082 -0.010749 0.564326
0.122801 -0.010866 0.564588
0.123142 -0.011470 0.564976
0.123381 -0.010652 0.565164
0.124400 -0.010796 0.564942
0.124254 -0.012034 0.565516
0.125682 -0.010764 0.565532
0.125266 -0.010927 0.566059
0.125626 -0.011273 0.565850
0.125884 -0.010946 0.566147
0.127189 -0.011178 0.567662
0.127641 -0.011744 0.566577
0.127473 -0.010895 0.567018
0.128364 -0.010245 0.567948
0.127327 -0.010672 0.567697
0.128367 -0.011892 0.568508
0.128817 -0.011382 0.568430
0.129379 -0.010749 0.569055
0.129370 -0.011221 0.568970
0.130050 -0.011229 0.570335
0.129709 -0.010796 0.570404
0.129737 -0.010981 0.569909
0.130201 -0.012420 0.570879
0.130989 -0.011421 0.572178
0.131176 -0.011493 0.571564
0.132007 -0.010929 0.570595
0.131767 -0.011026 0.571527
0.132263 -0.010925 0.572595
0.133321 -0.012071 0.573461
0.131971 -0.010910 0.573804
0.133393 -0.011836 0.574182
0.134183 -0.010729 0.573501
0.133488 -0.010962 0.574808
0.133939 -0.011564 0.575746
0.133395 -0.012139 0.576114
0.134543 -0.011712 0.575660
0.134841 -0.011702 0.575678
0.134644 -0.011144 0.576880
0.136187 -0.011247 0.577557
0.135686 -0.010726 0.578090
0.135887 -0.010404 0.578760
0.136470 -0.011830 0.578654
0.136875 -0.011792 0.578666
0.136928 -0.011315 0.579330
0.137306 -0.012110 0.580069
0.137668 -0.011885 0.579717
0.137678 -0.011389 0.581043
0.137510 -0.012399 0.581453
0.137637 -0.011179 0.581643
0.138074 -0.011065 0.582253
0.138558 -0.011385 0.581608
0.138856 -0.010964 0.583025
0.139148 -0.010731 0.583182
0.139466 -0.011582 0.583921
0.138510 -0.011413 0.583635
0.139542 -0.011109 0.584989
0.139988 -0.011201 0.585455
0.139867 -0.011470 0.586169
0.140524 -0.010821 0.586496
0.138980 -0.011726 0.586635
0.139816 -0.011425 0.587669
0.140511 -0.011069 0.587499
0.140809 -0.010551 0.587849
0.140383 -0.010774 0.588745
0.141348 -0.010690 0.589020
0.141486 -0.010707 0.589624
0.141098 -0.010918 0.589835
0.141516 -0.012327 0.589998
0.141588 -0.011973 0.590337
0.142510 -0.010911 0.591363
0.141488 -0.010993 0.592239
0.141632 -0.010549 0.591779
0.141257 -0.010369 0.592001
0.142756 -0.010151 0.592707
0.142246 -0.010529 0.593472
0.142065 -0.011011 0.594180
0.142098 -0.012101 0.595064
0.141586 -0.011149 0.596191
0.142794 -0.011014 0.596162
0.142492 -0.011417 0.596768
0.142861 -0.011341 0.596667
0.142935 -0.011084 0.597772
0.142396 -0.010110 0.597630
0.143045 -0.011458 0.598687
0.142248 -0.010699 0.598664
0.141296 -0.011103 0.599281
0.142554 -0.011152 0.599780
0.141936 -0.011345 0.600350
0.142238 -0.010640 0.601127
0.142424 -0.010934 0.600800
0.142371 -0.011554 0.601838
0.142346 -0.010425 0.601610
0.143257 -0.011757 0.602191
0.142085 -0.010831 0.603080
0.141643 -0.012512 0.604293
0.142032 -0.010271 0.603969
0.142445 -0.011533 0.604985
0.141335 -0.011145 0.605763
0.142378 -0.011121 0.605752
0.142141 -0.011478 0.606721
0.141484 -0.011118 0.605978
0.141173 -0.011425 0.606851
0.141447 -0.011003 0.607635
0.141592 -0.011684 0.607688
0.141094 -0.012055 0.608169
0.141481 -0.010895 0.608653
0.140922 -0.012132 0.610226
0.141032 -0.011004 0.609648
0.141253 -0.011632 0.610686
0.141057 -0.010544 0.611035
0.140150 -0.010556 0.611652
0.141125 -0.011591 0.612669
0.142155 -0.011338 0.612024
0.141681 -0.011529 0.612028
0.139508 -0.011186 0.614039
0.140222 -0.011058 0.614258
0.140378 -0.011237 0.614862
0.139523 -0.011393 0.613536
0.139782 -0.011051 0.615012
0.139919 -0.011187 0.615903
0.138932 -0.010588 0.617000
0.138562 -0.011359 0.615504
0.139219 -0.011902 0.617305
0.138799 -0.010060 0.617362
0.138647 -0.011243 0.618990
0.137650 -0.011230 0.618056
0.137988 -0.011175 0.618615
0.137826 -0.011242 0.619798
0.137060 -0.010624 0.618617
0.137168 -0.010869 0.619753
0.136843 -0.011144 0.621073
0.135800 -0.011423 0.621684
0.137758 -0.011432 0.622489
0.136560 -0.011540 0.621553
0.136413 -0.010581 0.622187
0.135711 -0.010886 0.623834
0.135813 -0.011361 0.623255
0.135242 -0.011885 0.623827
0.135329 -0.011466 0.625087
0.134488 -0.010952 0.624886
0.134458 -0.011413 0.623691
0.134033 -0.010910 0.625678
0.134069 -0.011790 0.625417
0.133183 -0.010988 0.627367
0.132898 -0.011044 0.626912
0.132325 -0.011457 0.627420
0.132346 -0.011083 0.627175
0.132295 -0.011466 0.627269
0.132302 -0.010944 0.627921
0.131235 -0.012034 0.628235
0.131310 -0.012093 0.629004
0.131437 -0.011135 0.630026
0.131053 -0.011313 0.628951
0.129745 -0.011330 0.629354
0.130224 -0.011074 0.630620
0.129357 -0.010586 0.631433
0.129354 -0.012004 0.631328
0.129245 -0.010629 0.630536
0.129035 -0.012329 0.632123
0.128756 -0.010405 0.632099
0.127988 -0.011549 0.631328
0.126563 -0.012235 0.632332
0.127476 -0.011338 0.633470
0.126130 -0.011308 0.633380
0.126600 -0.012201 0.633634
0.125928 -0.011526 0.634445
0.125147 -0.010371 0.634662
0.125421 -0.010948 0.633102
0.125018 -0.010490 0.635506
0.124144 -0.011358 0.634803
0.123207 -0.011147 0.634357
0.123319 -0.011787 0.635809
0.122242 -0.010410 0.636902
0.122675 -0.010889 0.636338
0.122297 -0.011560 0.636526
0.122146 -0.011282 0.636493
0.121126 -0.012341 0.636427
0.122030 -0.007534 0.562166
0.121238 -0.007865 0.563689
0.122503 -0.008871 0.564222
0.122854 -0.008197 0.563875
0.123199 -0.007291 0.564492
0.122312 -0.007805 0.564656
0.123667 -0.008839 0.565224
0.123911 -0.008476 0.565090
0.123846 -0.007817 0.565626
0.124059 -0.007425 0.565824
0.125732 -0.008693 0.566350
0.125022 -0.007971 0.566266
0.125391 -0.009873 0.566715
0.126905 -0.007636 0.567665
0.127515 -0.007579 0.566620
0.127447 -0.008526 0.566871
0.127959 -0.008210 0.567392
0.128401 -0.008031 0.567414
0.128141 -0.008004 0.567717
0.128942 -0.006411 0.568372
0.128282 -0.008057 0.568693
0.129634 -0.007633 0.568868
0.130008 -0.008627 0.569755
0.129156 -0.007676 0.570301
0.129458 -0.007608 0.570475
0.130646 -0.007982 0.570728
0.130880 -0.009121 0.570548
0.131773 -0.008342 0.571640
0.132040 -0.008167 0.571924
0.132001 -0.007962 0.572511
0.132947 -0.007118 0.572785
0.133004 -0.007131 0.572886
0.134412 -0.007626 0.573762
0.132979 -0.008163 0.574499
0.133542 -0.008741 0.574043
0.134331 -0.008490 0.575366
0.134243 -0.007940 0.574955
0.134361 -0.007739 0.574782
0.134862 -0.008244 0.575627
0.134589 -0.008175 0.577066
0.134761 -0.007450 0.576445
0.136742 -0.008558 0.576550
0.136765 -0.008546 0.577612
0.136296 -0.007633 0.578203
0.137652 -0.007894 0.578916
0.137092 -0.008958 0.579463
0.137006 -0.006950 0.578813
0.136457 -0.007121 0.579385
0.137200 -0.007331 0.579466
0.137469 -0.007703 0.580329
0.138598 -0.007468 0.581534
0.137796 -0.008318 0.581612
0.139231 -0.008363 0.582091
0.137965 -0.007683 0.583215
0.138698 -0.008164 0.583005
0.139121 -0.007691 0.584309
0.138601 -0.007088 0.584015
0.139397 -0.008160 0.583464
0.140131 -0.007510 0.584847
0.140289 -0.007652 0.586087
0.140606 -0.006289 0.585732
0.140376 -0.008196 0.586436
0.139804 -0.007479 0.586222
0.139747 -0.008313 0.587032
0.140818 -0.007443 0.587048
0.140302 -0.007848 0.588057
0.141455 -0.008600 0.589262
0.140099 -0.007927 0.588688
0.141051 -0.007878 0.589158
0.141097 -0.007501 0.589509
0.141411 -0.007218 0.590842
0.140823 -0.007416 0.591626
0.140817 -0.008181 0.590893
0.142024 -0.008243 0.591826
0.142127 -0.007994 0.591999
0.142156 -0.008033 0.592482
0.141719 -0.007211 0.593338
0.142913 -0.007577 0.593881
0.141828 -0.007765 0.594573
0.142661 -0.008156 0.594774
0.142255 -0.008034 0.595874
0.142386 -0.007483 0.595957
0.142274 -0.007690 0.595999
0.142083 -0.008169 0.597183
0.142696 -0.007584 0.597292
0.142209 -0.007729 0.596969
0.142795 -0.007627 0.597925
0.142677 -0.007147 0.598572
0.142264 -0.009031 0.599024
0.142752 -0.008021 0.599977
0.142861 -0.007921 0.600954
0.141738 -0.008601 0.600417
0.141457 -0.008014 0.601361
0.142623 -0.007851 0.601798
0.142721 -0.008586 0.601988
0.142684 -0.007424 0.602723
0.142692 -0.007801 0.602912
0.142312 -0.008308 0.604139
0.142249 -0.008068 0.604987
0.142375 -0.007783 0.604558
0.143025 -0.007139 0.604387
0.142636 -0.007585 0.605721
0.141553 -0.008407 0.606792
0.142073 -0.007363 0.605955
0.142557 -0.008014 0.607432
0.141871 -0.008182 0.607890
0.140851 -0.007674 0.608664
0.140681 -0.007491 0.608350
0.140685 -0.008100 0.609300
0.142061 -0.007153 0.608673
0.141787 -0.008144 0.610739
0.141285 -0.007726 0.610294
0.140777 -0.007657 0.611270
0.141507 -0.008039 0.612093
0.141286 -0.008027 0.611269
0.140442 -0.007286 0.611935
0.140744 -0.008230 0.612776
0.141091 -0.006843 0.613925
0.140157 -0.007440 0.614617
0.139259 -0.007803 0.613115
0.138912 -0.007637 0.613732
0.139593 -0.007744 0.615044
0.139002 -0.007064 0.615245
0.139207 -0.008105 0.615898
0.138054 -0.007051 0.616374
0.138927 -0.007398 0.616767
0.139166 -0.007834 0.617817
0.138948 -0.008827 0.618410
0.138314 -0.008324 0.618476
0.137870 -0.008449 0.619128
0.137879 -0.007658 0.620491
0.137578 -0.007770 0.620171
0.137170 -0.008049 0.618779
0.137689 -0.007726 0.620344
0.136216 -0.007894 0.621860
0.136862 -0.007615 0.621236
0.136285 -0.007785 0.622061
0.136116 -0.007983 0.622574
0.135922 -0.007161 0.623375
0.135646 -0.008264 0.623652
0.135027 -0.007671 0.622877
0.134644 -0.006922 0.624406
0.134580 -0.007746 0.624048
0.133851 -0.008087 0.624804
0.134521 -0.007922 0.625403
0.133778 -0.007556 0.625862
0.134156 -0.007151 0.625609
0.133411 -0.008301 0.626248
0.132523 -0.007323 0.627098
0.133910 -0.007687 0.627050
0.132190 -0.007742 0.628357
0.131332 -0.008012 0.627727
0.132788 -0.008015 0.628436
0.131668 -0.007934 0.627801
0.131350 -0.006454 0.629590
0.130144 -0.008611 0.629371
0.130447 -0.008055 0.629510
0.129964 -0.008377 0.630061
0.129799 -0.008508 0.630047
0.129510 -0.007842 0.631226
0.128975 -0.008201 0.631542
0.128669 -0.007705 0.631202
0.128774 -0.008114 0.632871
0.127647 -0.008418 0.632828
0.126999 -0.008524 0.632801
0.127152 -0.009295 0.633237
0.126730 -0.008325 0.633276
0.126224 -0.008287 0.633054
0.126114 -0.008113 0.634512
0.124712 -0.007591 0.634328
0.123750 -0.007528 0.634934
0.124472 -0.007988 0.633902
0.124322 -0.006976 0.634749
0.123921 -0.008386 0.635239
0.123584 -0.007963 0.635530
0.122681 -0.006838 0.635895
0.121576 -0.007534 0.636284
0.121847 -0.006776 0.636449
0.121480 -0.008019 0.636228
0.120525 -0.007508 0.636829
0.121200 -0.004920 0.563291
0.121998 -0.004901 0.564044
0.121904 -0.004245 0.562997
0.122775 -0.004290 0.564056
0.122464 -0.004056 0.563989
0.122886 -0.004676 0.565410
0.123715 -0.004823 0.564973
0.124381 -0.004674 0.564930
0.125582 -0.004411 0.565747
0.125223 -0.004821 0.565412
0.124987 -0.004385 0.565454
0.125009 -0.004374 0.566476
0.125817 -0.004943 0.566600
0.126178 -0.004199 0.566476
0.127753 -0.003829 0.566940
0.126629 -0.004996 0.567533
0.127173 -0.004926 0.566902
0.127756 -0.004698 0.567876
0.128210 -0.004723 0.568522
0.128093 -0.005456 0.568099
0.128142 -0.004958 0.569503
0.129774 -0.004406 0.569070
0.130510 -0.004453 0.570215
0.130010 -0.004265 0.570572
0.130332 -0.003853 0.570789
0.130545 -0.003734 0.571537
0.132075 -0.003996 0.571393
0.131913 -0.004157 0.571901
0.132194 -0.004582 0.571663
0.132524 -0.004740 0.572187
0.132130 -0.004256 0.572818
0.132482 -0.004015 0.572807
0.133070 -0.005250 0.573971
0.133771 -0.004720 0.574368
0.134092 -0.005245 0.573682
0.134130 -0.004805 0.574039
0.133782 -0.004595 0.574789
0.135268 -0.004353 0.574798
0.134850 -0.003452 0.575592
0.135504 -0.005030 0.575932
0.135947 -0.004718 0.576617
0.136267 -0.003934 0.577479
0.135186 -0.003664 0.578832
0.136380 -0.005269 0.578221
0.136501 -0.004733 0.579262
0.136605 -0.004715 0.578331
0.137460 -0.004048 0.578899
0.137606 -0.005355 0.579336
0.137237 -0.004224 0.580193
0.137969 -0.004763 0.580462
0.137612 -0.004697 0.581258
0.137664 -0.004039 0.581642
0.139133 -0.004623 0.581596
0.139331 -0.004565 0.582331
0.139000 -0.004411 0.583419
0.139110 -0.004965 0.583602
0.139541 -0.003972 0.583804
0.138611 -0.004742 0.584750
0.139977 -0.004108 0.584470
0.140144 -0.004385 0.584984
0.140418 -0.004964 0.585261
0.139993 -0.005244 0.586196
0.139809 -0.004095 0.586103
0.139423 -0.004782 0.587977
0.141650 -0.005662 0.587935
0.140563 -0.005151 0.587371
0.140687 -0.004004 0.588373
0.141526 -0.003893 0.588834
0.140801 -0.004422 0.589571
0.141396 -0.004642 0.589461
0.140977 -0.004277 0.590819
0.141782 -0.004299 0.590675
0.141100 -0.004807 0.591725
0.141024 -0.004465 0.591874
0.141612 -0.005365 0.592477
0.141813 -0.004456 0.592405
0.141754 -0.004626 0.592339
0.142059 -0.005028 0.593809
0.141031 -0.004553 0.594368
0.141668 -0.005575 0.595303
0.141611 -0.004347 0.595418
0.143209 -0.003153 0.595548
0.141965 -0.004593 0.596378
0.143142 -0.005224 0.597323
0.142141 -0.005368 0.597032
0.142053 -0.004742 0.597408
0.142240 -0.004771 0.598221
0.143450 -0.004199 0.599133
0.142633 -0.004032 0.598729
0.143048 -0.004450 0.600348
0.143659 -0.004575 0.600685
0.141762 -0.004509 0.600319
0.142318 -0.004429 0.601036
0.142122 -0.005227 0.602471
0.142432 -0.004348 0.601941
0.142068 -0.003750 0.603476
0.141801 -0.004908 0.603888
0.142885 -0.003695 0.603906
0.141886 -0.004953 0.604632
0.142522 -0.004470 0.604952
0.142732 -0.004153 0.604850
0.143080 -0.004558 0.605138
0.142668 -0.004838 0.606857
0.141768 -0.005096 0.606772
0.141861 -0.003939 0.607544
0.141802 -0.004101 0.607957
0.142105 -0.004568 0.607340
0.141250 -0.003956 0.607616
0.140965 -0.004257 0.609209
0.142233 -0.003399 0.610453
0.141022 -0.004748 0.610277
0.140456 -0.004819 0.611155
0.139937 -0.005156 0.610559
0.139719 -0.004421 0.611962
0.140777 -0.004729 0.611996
0.140584 -0.005219 0.612987
0.140325 -0.004494 0.611984
0.139800 -0.005415 0.613827
0.140420 -0.004705 0.614116
0.139352 -0.004542 0.614568
0.139792 -0.004394 0.614968
0.139238 -0.004948 0.615774
0.139409 -0.004122 0.616260
0.139781 -0.004844 0.616105
0.139322 -0.004381 0.616863
0.138760 -0.004459 0.616646
0.138062 -0.004292 0.617630
0.139357 -0.004459 0.618171
0.137817 -0.002666 0.618664
0.138057 -0.004872 0.618181
0.137783 -0.004490 0.620158
0.137307 -0.004547 0.619726
0.137107 -0.004921 0.620674
0.137691 -0.005042 0.620059
0.136135 -0.004110 0.620954
0.137217 -0.004878 0.621344
0.136284 -0.004493 0.622028
0.136287 -0.004261 0.623408
0.135713 -0.004168 0.623879
0.135338 -0.004878 0.623362
0.135394 -0.004730 0.623349
0.134908 -0.004653 0.624792
0.134400 -0.004584 0.624643
0.134406 -0.004337 0.625304
0.133485 -0.005061 0.625121
0.133820 -0.004412 0.626612
0.133869 -0.004513 0.625483
0.133492 -0.004287 0.626917
0.132917 -0.004142 0.626953
0.132858 -0.005146 0.628086
0.132253 -0.003935 0.627953
0.131494 -0.004903 0.627522
0.131727 -0.004359 0.628314
0.131523 -0.004355 0.628942
0.131129 -0.005181 0.629573
0.130087 -0.005084 0.628687
0.130611 -0.005036 0.629149
0.129870 -0.005121 0.630488
0.129616 -0.004859 0.630003
0.129048 -0.004810 0.630845
0.128890 -0.004501 0.630940
0.129395 -0.003488 0.631771
0.127844 -0.005805 0.631243
0.128372 -0.004017 0.632639
0.127575 -0.003615 0.632719
0.126772 -0.004810 0.632281
0.126966 -0.005050 0.633154
0.125964 -0.004553 0.633950
0.126269 -0.005235 0.634083
0.125805 -0.005169 0.634560
0.125049 -0.005613 0.634197
0.124341 -0.005243 0.634609
0.124162 -0.005683 0.635212
0.123366 -0.004163 0.635199
0.124306 -0.004989 0.635732
0.121958 -0.004022 0.635946
0.122333 -0.005339 0.636590
0.122761 -0.004137 0.636437
0.122099 -0.004232 0.636946
0.121160 -0.004442 0.638406
0.121413 -0.001335 0.563917
0.121977 -0.000504 0.563322
0.121294 -0.001191 0.564027
0.122802 -0.001479 0.563885
0.123168 -0.001478 0.564945
0.123433 -0.001964 0.565403
0.124216 -0.000822 0.565917
0.124695 -0.000673 0.565449
0.125417 -0.001531 0.563866
0.124663 -0.001291 0.565259
0.126129 -0.001798 0.565673
0.126140 -0.001553 0.566838
0.125637 -0.000949 0.566164
0.125923 -0.001710 0.567237
0.126809 -0.000717 0.567482
0.126784 -0.002307 0.567624
0.127350 -0.000899 0.568060
0.128834 0.000265 0.568709
0.128677 -0.001877 0.568331
0.128294 -0.000860 0.568307
0.129576 -0.001399 0.569275
0.129015 -0.001504 0.568568
0.130164 -0.001613 0.569613
0.130755 -0.001047 0.570195
0.129759 -0.000587 0.570419
0.130787 -0.000806 0.571944
0.131171 -0.000756 0.571994
0.131224 -0.001851 0.572147
0.132425 -0.001097 0.572295
0.131788 -0.000712 0.573157
0.132557 -0.001836 0.572414
0.132650 -0.001364 0.573120
0.133086 -0.000296 0.574549
0.132744 -0.001084 0.572857
0.133729 -0.000871 0.574699
0.132838 -0.000985 0.575127
0.135235 -0.001516 0.575566
0.135373 -0.000737 0.575393
0.134644 -0.001010 0.575802
0.135707 -0.001086 0.576029
0.134954 -0.001527 0.575965
0.135507 -0.002174 0.576302
0.135250 -0.001163 0.577433
0.136608 -0.001445 0.577553
0.136377 -0.001834 0.579181
0.137505 -0.001996 0.578820
0.137722 -0.001912 0.578500
0.136834 -0.000979 0.579011
0.136836 -0.001991 0.580509
0.137590 -0.001662 0.580619
0.137096 -0.001488 0.581072
0.138467 -0.000353 0.581445
0.138103 -0.001683 0.581521
0.138851 -0.000871 0.582229
0.139100 -0.001713 0.582465
0.138620 -0.001210 0.583274
0.138741 -0.001333 0.584211
0.140677 -0.001266 0.583887
0.140143 -0.001417 0.584689
0.139360 -0.000699 0.585375
0.140185 -0.000884 0.586044
0.140308 -0.001936 0.586715
0.140380 -0.001094 0.587270
0.140806 -0.000898 0.587455
0.139309 -0.000875 0.586717
0.140758 -0.000937 0.587848
0.141585 -0.001355 0.588808
0.140598 -0.001152 0.589305
0.140698 -0.001308 0.589994
0.140799 -0.001383 0.590266
0.141247 -0.000775 0.590061
0.142016 -0.000936 0.591146
0.142898 -0.001612 0.591229
0.141769 -0.001018 0.591779
0.141888 -0.001923 0.591946
0.141998 -0.001103 0.593633
0.141858 -0.000918 0.592918
0.142589 -0.001727 0.593461
0.142113 -0.001644 0.593998
0.141912 -0.000720 0.593868
0.142450 -0.001748 0.595209
0.142202 -0.001129 0.596287
0.142268 -0.000724 0.596655
0.142419 -0.001827 0.597504
0.142954 -0.001672 0.597637
0.142718 -0.002366 0.598319
0.141896 -0.000958 0.597615
0.142205 -0.001282 0.598769
0.143199 -0.001280 0.599814
0.142265 -0.001201 0.599980
0.142460 -0.001238 0.599768
0.142030 -0.000567 0.599759
0.143090 -0.001302 0.601572
0.141995 -0.001521 0.602135
0.142441 -0.001636 0.603075
0.142507 -0.000821 0.603626
0.141982 -0.001509 0.603614
0.142351 -0.000943 0.603609
0.140990 -0.001545 0.604788
0.143084 -0.000249 0.604663
0.142247 -0.001176 0.604499
0.143077 -0.001165 0.606401
0.142712 -0.001472 0.605727
0.141967 -0.000817 0.605912
0.141076 -0.001139 0.606879
0.141342 -0.000972 0.607761
0.142402 -0.001318 0.608575
0.141304 -0.001043 0.609061
0.141561 -0.001374 0.608832
0.141859 -0.000332 0.610466
0.141634 -0.000926 0.610586
0.140824 -0.000988 0.610771
0.141550 -0.000756 0.611704
0.141103 -0.001161 0.611712
0.140860 -0.001186 0.611316
0.140287 -0.001393 0.613120
0.141043 -0.001825 0.613788
0.140065 -0.001274 0.612929
0.139760 -0.001640 0.614057
0.139849 -0.001986 0.614275
0.140005 -0.001093 0.615271
0.138855 -0.000725 0.615748
0.139549 -0.001830 0.616120
0.140434 -0.000910 0.616605
0.139045 -0.001238 0.615906
0.139046 -0.000761 0.616042
0.138438 -0.000772 0.617717
0.139461 -0.001734 0.617648
0.138044 -0.001164 0.618204
0.137818 -0.000912 0.618160
0.137721 -0.000970 0.618627
0.137905 -0.001033 0.620162
0.137904 -0.000870 0.620298
0.137775 -0.001371 0.620449
0.136700 -0.001256 0.620500
0.137423 -0.000943 0.621608
0.137412 -0.001092 0.622604
0.135778 -0.001678 0.623287
0.136039 -0.000720 0.622038
0.135360 -0.000675 0.624028
0.134819 -0.001500 0.623242
0.134930 -0.000953 0.624765
0.135231 -0.001224 0.625569
0.134537 -0.001590 0.624296
0.133252 -0.000829 0.624935
0.134356 -0.001606 0.625777
0.134816 -0.001179 0.627288
0.132777 -0.001402 0.626101
0.133259 -0.001121 0.626599
0.132326 0.000193 0.627422
0.132393 -0.001042 0.628013
0.131507 -0.000851 0.628600
0.132119 -0.001529 0.629026
0.131419 -0.000544 0.629086
0.130360 -0.001156 0.629123
0.129678 -0.000819 0.630023
0.130072 -0.001002 0.630683
0.129695 -0.000938 0.629352
0.128984 -0.001232 0.630484
0.129474 -0.001366 0.630782
0.129578 -0.001438 0.630937
0.128277 -0.001337 0.630690
0.128685 -0.001471 0.632379
0.128166 -0.001743 0.632682
0.127816 -0.001227 0.632720
0.126743 -0.001496 0.632797
0.126604 -0.001326 0.632690
0.126059 -0.001218 0.632881
0.125815 -0.001608 0.632951
0.124938 -0.000664 0.634841
0.124533 -0.001565 0.633525
0.125133 -0.001121 0.634153
0.124484 -0.000965 0.635221
0.124012 -0.001572 0.635554
0.122836 -0.000628 0.635948
0.123083 -0.000932 0.635107
0.122851 -0.001411 0.636034
0.121836 -0.000950 0.636051
0.121557 -0.001580 0.636217
0.121168 -0.001407 0.637049
0.121843 0.002208 0.563933
0.121153 0.002613 0.563054
0.121256 0.002535 0.563165
0.122132 0.002115 0.564052
0.123742 0.002316 0.563342
0.123340 0.001816 0.566015
0.124310 0.001438 0.564199
0.123788 0.001943 0.565412
0.124250 0.001738 0.565540
0.124879 0.002113 0.565794
0.126079 0.002001 0.566142
0.126153 0.001573 0.565875
0.125734 0.001842 0.567299
0.126386 0.002237 0.566582
0.127533 0.002418 0.567003
0.127046 0.001737 0.568371
0.127271 0.001661 0.567727
0.129323 0.001399 0.567939
0.128323 0.002053 0.569065
0.129531 0.002429 0.568571
0.128570 0.001746 0.569587
0.128925 0.000787 0.569267
0.129178 0.001948 0.569907
0.130021 0.002482 0.569521
0.130907 0.002966 0.570320
0.130383 0.001914 0.570711
0.131325 0.001467 0.571283
0.132404 0.002672 0.571047
0.132211 0.002163 0.572037
0.132437 0.001936 0.573324
0.132341 0.002903 0.572779
0.132711 0.002141 0.572441
0.132705 0.002012 0.573205
0.133603 0.002626 0.573393
0.133417 0.001044 0.574982
0.135179 0.001634 0.574345
0.134757 0.002629 0.575501
0.135424 0.001766 0.575303
0.134930 0.002470 0.575284
0.135128 0.002639 0.575796
0.135302 0.002191 0.576872
0.135630 0.002875 0.577362
0.137142 0.002927 0.577973
0.136100 0.001845 0.578083
0.136228 0.002816 0.578713
0.136644 0.001827 0.578648
0.136668 0.002152 0.578674
0.137784 0.001733 0.580251
0.137300 0.001947 0.580295
0.138200 0.002183 0.580432
0.137720 0.002211 0.580600
0.138012 0.002456 0.580604
0.139003 0.002227 0.582663
0.138048 0.002692 0.582721
0.139773 0.001417 0.583411
0.138394 0.002741 0.583827
0.138312 0.002532 0.583454
0.139047 0.002109 0.584505
0.138940 0.001213 0.584269
0.139832 0.001489 0.585715
0.139661 0.002041 0.585413
0.139694 0.002470 0.585854
0.140717 0.002218 0.586860
0.139969 0.001751 0.586491
0.141030 0.001829 0.587303
0.140135 0.002969 0.588211
0.141116 0.000964 0.588401
0.140369 0.002436 0.589116
0.141027 0.002466 0.588834
0.142060 0.002465 0.590646
0.141483 0.002523 0.589664
0.140772 0.002130 0.590270
0.140553 0.002920 0.590363
0.141059 0.001412 0.591766
0.141498 0.001662 0.591957
0.141870 0.001886 0.592807
0.142540 0.002598 0.593917
0.142366 0.002070 0.593487
0.141893 0.001757 0.594550
0.141740 0.002831 0.594782
0.141835 0.002207 0.595441
0.142433 0.002206 0.595223
0.143098 0.002069 0.596424
0.142311 0.001694 0.597660
0.142096 0.002174 0.597541
0.142542 0.002476 0.597598
0.143169 0.001183 0.597846
0.142111 0.002576 0.598433
0.142123 0.002393 0.599646
0.142575 0.002860 0.599873
0.142403 0.002097 0.601491
0.142894 0.001844 0.600666
0.142368 0.002447 0.600411
0.141306 0.002580 0.601852
0.143124 0.002124 0.602780
0.141972 0.003550 0.602607
0.142437 0.002036 0.603997
0.142247 0.001483 0.603415
0.142200 0.001603 0.604676
0.142105 0.002727 0.604962
0.142136 0.001960 0.606222
0.141795 0.002664 0.604848
0.142200 0.002089 0.607235
0.142817 0.001642 0.606551
0.142188 0.002063 0.607019
0.141491 0.002110 0.606568
0.141801 0.002753 0.608658
0.142002 0.002710 0.607978
0.141220 0.002403 0.609474
0.141432 0.001804 0.609729
0.141181 0.002817 0.609952
0.142023 0.002137 0.610263
0.142087 0.002022 0.611103
0.141540 0.002272 0.611832
0.141094 0.002165 0.612928
0.141420 0.001702 0.612432
0.140651 0.003623 0.612882
0.139562 0.001746 0.613049
0.140071 0.002090 0.613512
0.140681 0.001938 0.614332
0.139393 0.002651 0.614846
0.139077 0.002249 0.615677
0.139004 0.002679 0.616588
0.139437 0.001597 0.616559
0.138878 0.002662 0.615628
0.139708 0.002803 0.616459
0.139321 0.002496 0.617559
0.139152 0.002438 0.618781
0.138057 0.001968 0.619018
0.138094 0.002618 0.619926
0.138996 0.002272 0.619479
0.136769 0.002790 0.620096
0.137692 0.002167 0.621027
0.135888 0.002569 0.620725
0.136894 0.001496 0.620739
0.137143 0.002859 0.621658
0.136699 0.002990 0.621877
0.135962 0.002289 0.622844
0.136041 0.002054 0.623439
0.135137 0.002326 0.623419
0.135539 0.001678 0.623171
0.135400 0.003534 0.623955
0.135231 0.001951 0.625251
0.134976 0.002369 0.624244
0.134527 0.002072 0.625120
0.134021 0.002079 0.625768
0.134538 0.002012 0.626393
0.133210 0.002231 0.626676
0.133515 0.001802 0.627616
0.132713 0.001889 0.627807
0.132295 0.002360 0.627405
0.132532 0.002071 0.627348
0.131876 0.001863 0.628176
0.131683 0.002218 0.628948
0.130019 0.002212 0.628577
0.130626 0.001286 0.628680
0.131448 0.001898 0.629956
0.128956 0.001574 0.630037
0.130384 0.002735 0.630143
0.128901 0.002337 0.631617
0.129419 0.002701 0.630568
0.128255 0.002177 0.631523
0.127781 0.001677 0.632395
0.127461 0.003376 0.632196
0.127061 0.002571 0.632281
0.126789 0.003088 0.633343
0.126591 0.001475 0.632989
0.125096 0.002775 0.631925
0.125952 0.002995 0.634120
0.125214 0.002703 0.633987
0.125477 0.002196 0.634257
0.125151 0.001999 0.634426
0.123728 0.002111 0.634901
0.123933 0.002152 0.635794
0.123125 0.001754 0.634969
0.121669 0.002904 0.635283
0.122878 0.002159 0.635774
0.121931 0.002582 0.636211
0.121493 0.001158 0.636651
0.121529 0.002574 0.637099
0.120676 0.004908 0.562968
0.120720 0.004866 0.563000
0.123483 0.004717 0.563796
0.122644 0.005293 0.564363
0.122527 0.005600 0.564505
0.123878 0.004960 0.564867
0.123112 0.005042 0.564941
0.124107 0.005832 0.566547
0.124653 0.006996 0.565456
0.124810 0.005834 0.566460
0.125145 0.005211 0.565892
0.125592 0.005243 0.566306
0.126383 0.006389 0.566257
0.126997 0.006078 0.567335
0.128197 0.006134 0.567411
0.127752 0.005802 0.567910
0.127621 0.005765 0.568109
0.127949 0.006010 0.568202
0.128464 0.006340 0.568041
0.128403 0.005899 0.569320
0.129045 0.005381 0.569075
0.129603 0.005519 0.569459
0.130779 0.005331 0.570166
0.130479 0.006258 0.569946
0.131080 0.005878 0.570795
0.131291 0.004669 0.571290
0.131456 0.005575 0.571356
0.132011 0.005286 0.571101
0.132967 0.005591 0.571875
0.131861 0.005695 0.572098
0.132383 0.005769 0.572465
0.133516 0.005752 0.573228
0.134380 0.005421 0.573584
0.133774 0.005747 0.573954
0.134611 0.006155 0.573569
0.133491 0.005345 0.574275
0.135108 0.004899 0.575180
0.134212 0.005999 0.575523
0.135826 0.005648 0.576052
0.135501 0.005931 0.576742
0.135974 0.005535 0.576815
0.136198 0.004402 0.577342
0.136208 0.005802 0.577201
0.136181 0.004588 0.577760
0.136469 0.005549 0.577991
0.136459 0.004927 0.579129
0.137176 0.004432 0.578866
0.137403 0.005665 0.579696
0.137422 0.005235 0.580559
0.138001 0.005903 0.581748
0.137663 0.005267 0.580979
0.139225 0.005517 0.581481
0.138887 0.004865 0.581628
0.138526 0.005120 0.582392
0.139853 0.006610 0.582786
0.139187 0.005594 0.583471
0.140008 0.006438 0.583929
0.139777 0.005296 0.583877
0.139844 0.006706 0.584851
0.138828 0.005905 0.585194
0.139628 0.005674 0.586121
0.139836 0.005441 0.586882
0.139849 0.005239 0.587366
0.140592 0.004338 0.586950
0.140840 0.005084 0.587945
0.141002 0.005244 0.588011
0.140484 0.005377 0.588982
0.140211 0.006137 0.588725
0.141204 0.005368 0.589063
0.141365 0.005515 0.589381
0.141926 0.006226 0.590733
0.141572 0.005444 0.589724
0.142140 0.005740 0.591453
0.141208 0.005982 0.591822
0.141616 0.005764 0.592261
0.141309 0.004799 0.592390
0.142144 0.005288 0.593470
0.142017 0.005345 0.593756
0.141582 0.006214 0.594373
0.142599 0.005874 0.594712
0.142507 0.005854 0.595305
0.142959 0.005604 0.595944
0.142555 0.006441 0.595720
0.143362 0.005264 0.597672
0.141648 0.005570 0.596285
0.143213 0.005701 0.598032
0.143297 0.006247 0.598226
0.141963 0.005266 0.598846
0.141668 0.005012 0.599612
0.142435 0.005629 0.600001
0.142464 0.005949 0.600551
0.143111 0.004744 0.601423
0.142895 0.004368 0.600124
0.142975 0.005805 0.601379
0.143205 0.005960 0.602572
0.142538 0.005353 0.603985
0.143080 0.005298 0.602597
0.142138 0.005171 0.604064
0.143076 0.006274 0.604497
0.142425 0.006041 0.604798
0.142588 0.005837 0.604998
0.142404 0.006038 0.606085
0.141675 0.006222 0.606574
0.141202 0.005889 0.606381
0.142813 0.004945 0.607100
0.142098 0.005346 0.607027
0.141146 0.006189 0.607221
0.141170 0.005285 0.608131
0.141461 0.005010 0.608744
0.142041 0.005823 0.609396
0.142061 0.006136 0.610492
0.140831 0.005805 0.611016
0.141914 0.006158 0.610519
0.140854 0.006162 0.611954
0.140566 0.004995 0.611595
0.139980 0.006177 0.612897
0.140225 0.005856 0.612439
0.139756 0.005365 0.613274
0.139415 0.006079 0.613897
0.139495 0.005455 0.614774
0.140041 0.005062 0.615141
0.138841 0.004346 0.615841
0.139932 0.005325 0.615984
0.138621 0.005089 0.615487
0.139720 0.004801 0.616780
0.139989 0.006015 0.617362
0.138765 0.005364 0.617364
0.138524 0.005413 0.618138
0.138323 0.005763 0.617598
0.138075 0.005388 0.618366
0.137307 0.006015 0.619453
0.138142 0.006066 0.619327
0.137390 0.005287 0.620378
0.136950 0.005908 0.620321
0.136926 0.005323 0.620717
0.136742 0.005362 0.621005
0.136683 0.006288 0.622088
0.136077 0.006565 0.621808
0.135795 0.006172 0.623218
0.135400 0.005551 0.622721
0.135797 0.005162 0.623464
0.134822 0.005255 0.623883
0.134265 0.006125 0.624015
0.134732 0.005709 0.625644
0.133888 0.005206 0.624318
0.133624 0.005601 0.624679
0.133981 0.005554 0.626620
0.132364 0.005318 0.626462
0.132831 0.005374 0.626828
0.133236 0.006183 0.627044
0.133492 0.004517 0.627917
0.132030 0.006438 0.627728
0.131175 0.005331 0.628417
0.130592 0.006466 0.628884
0.130594 0.006115 0.629852
0.130716 0.005112 0.628708
0.130024 0.006674 0.630157
0.129959 0.005900 0.630687
0.130018 0.005995 0.629764
0.128428 0.004758 0.630607
0.129358 0.005031 0.631439
0.127259 0.005424 0.631845
0.127510 0.004661 0.632059
0.126852 0.006151 0.632628
0.127536 0.006470 0.632607
0.127780 0.005125 0.632360
0.126406 0.005307 0.633198
0.126414 0.004623 0.632980
0.124728 0.007539 0.633043
0.125407 0.006378 0.634131
0.125497 0.005653 0.634481
0.124462 0.004935 0.635019
0.124473 0.005453 0.634969
0.124001 0.005139 0.634702
0.123662 0.005121 0.635550
0.123645 0.006203 0.635564
0.122081 0.005187 0.635409
0.121771 0.006187 0.635748
0.120910 0.006057 0.636618
0.120984 0.005361 0.637160
0.120499 0.009123 0.562695
0.122179 0.008420 0.564494
0.122215 0.009308 0.564025
0.122820 0.009281 0.563836
0.123421 0.009498 0.563810
0.122904 0.009066 0.563451
0.124179 0.008800 0.564699
0.124521 0.008232 0.565076
0.124941 0.008652 0.565556
0.124762 0.008668 0.565400
0.125871 0.009076 0.566197
0.125973 0.009385 0.566460
0.126027 0.008755 0.566131
0.126939 0.009656 0.567078
0.126860 0.009527 0.566926
0.127225 0.009608 0.567737
0.127634 0.008909 0.568095
0.127934 0.009185 0.568132
0.128029 0.009077 0.568580
0.127788 0.008765 0.569346
0.129441 0.009121 0.568680
0.129036 0.008810 0.569728
0.130263 0.008559 0.569293
0.130972 0.009508 0.569642
0.131354 0.008680 0.571351
0.131172 0.008565 0.570672
0.130938 0.009247 0.571585
0.131735 0.008992 0.572012
0.132057 0.009206 0.572424
0.131715 0.008714 0.572767
0.132743 0.008469 0.570765
0.133506 0.008557 0.572934
0.133339 0.008946 0.573811
0.133192 0.008953 0.573016
0.133819 0.010011 0.574733
0.134838 0.009407 0.574383
0.134403 0.009307 0.575487
0.134493 0.008926 0.574600
0.134724 0.008693 0.575497
0.135539 0.008108 0.577109
0.135712 0.009394 0.576792
0.135118 0.009004 0.577931
0.136420 0.009348 0.577047
0.136165 0.009300 0.577842
0.135910 0.008600 0.578355
0.136512 0.009581 0.578067
0.136572 0.009767 0.580000
0.136609 0.008921 0.578971
0.138260 0.008657 0.579765
0.138491 0.008679 0.580559
0.138659 0.009743 0.580393
0.138150 0.008857 0.581499
0.138620 0.007968 0.581520
0.139435 0.008193 0.582162
0.138356 0.009617 0.582858
0.139090 0.008225 0.582881
0.139339 0.008836 0.583709
0.139520 0.008845 0.583835
0.140362 0.008284 0.584157
0.140402 0.009958 0.585075
0.139985 0.009763 0.584859
0.140277 0.008417 0.585790
0.139956 0.009271 0.587541
0.140350 0.008661 0.587377
0.141180 0.008646 0.587263
0.140502 0.008478 0.588038
0.141465 0.008892 0.588678
0.140239 0.008209 0.589246
0.141657 0.009711 0.589792
0.141157 0.009185 0.589868
0.141006 0.009443 0.590769
0.141893 0.008115 0.590978
0.141921 0.009808 0.591974
0.141938 0.008433 0.592165
0.142246 0.008287 0.591527
0.141271 0.009040 0.593331
0.142071 0.009927 0.593074
0.142906 0.008858 0.593396
0.142140 0.008225 0.594327
0.142458 0.008785 0.595117
0.141561 0.009407 0.595142
0.142561 0.008150 0.595491
0.143073 0.008713 0.595706
0.141368 0.009009 0.597225
0.142937 0.008257 0.597448
0.142262 0.008464 0.597124
0.143304 0.009381 0.598035
0.142710 0.008926 0.598828
0.141728 0.009507 0.598877
0.142366 0.008846 0.600044
0.142874 0.008846 0.600008
0.142626 0.008506 0.600853
0.141981 0.009218 0.602407
0.141671 0.007497 0.601381
0.142365 0.009027 0.601672
0.142264 0.008996 0.602308
0.142798 0.009537 0.602737
0.142719 0.008568 0.603763
0.142774 0.008832 0.604622
0.143720 0.010063 0.604797
0.142054 0.009111 0.605648
0.141783 0.009376 0.606158
0.142415 0.008737 0.606757
0.141970 0.008948 0.607298
0.142332 0.009298 0.606346
0.140840 0.008869 0.607157
0.141014 0.009080 0.608119
0.141944 0.009833 0.608346
0.141345 0.008538 0.608714
0.142282 0.009340 0.609787
0.140985 0.008743 0.609573
0.141223 0.008536 0.610658
0.141373 0.008874 0.611586
0.140852 0.008979 0.611882
0.140101 0.009270 0.611211
0.140392 0.008878 0.612973
0.139875 0.009714 0.612932
0.140841 0.009151 0.614932
0.140090 0.008215 0.613987
0.139967 0.009169 0.613652
0.139985 0.009323 0.614575
0.139624 0.008883 0.615817
0.140992 0.009306 0.615476
0.138665 0.008561 0.615940
0.139337 0.009157 0.616871
0.139081 0.009238 0.616648
0.138878 0.008357 0.617171
0.137996 0.009176 0.618222
0.137807 0.008898 0.618241
0.138400 0.008995 0.618889
0.138670 0.008961 0.618656
0.136927 0.009202 0.619854
0.137515 0.008499 0.620145
0.136380 0.009125 0.620773
0.136756 0.008816 0.620831
0.137560 0.010508 0.621832
0.136941 0.008088 0.622651
0.136296 0.009001 0.622788
0.136351 0.008849 0.622370
0.135311 0.008305 0.623497
0.135404 0.009745 0.622717
0.135326 0.009221 0.624994
0.135126 0.008807 0.624267
0.135220 0.008685 0.625020
0.134076 0.008722 0.625154
0.134219 0.008388 0.625689
0.133582 0.007727 0.625335
0.133101 0.009154 0.625683
0.132815 0.010057 0.626223
0.132264 0.009076 0.628496
0.131883 0.008380 0.627824
0.132237 0.008872 0.628339
0.131917 0.009475 0.628648
0.131534 0.009140 0.628659
0.130431 0.009798 0.629440
0.131051 0.009008 0.629945
0.130239 0.009081 0.630298
0.130683 0.008519 0.629874
0.130210 0.009147 0.630120
0.128647 0.009030 0.629772
0.129379 0.009643 0.632025
0.129071 0.009178 0.631504
0.128450 0.007675 0.631472
0.128054 0.009153 0.632230
0.127107 0.009228 0.632174
0.126814 0.008618 0.632587
0.126181 0.008376 0.632868
0.126103 0.009516 0.634174
0.125761 0.008170 0.634852
0.125592 0.008995 0.633050
0.125820 0.008878 0.633498
0.125678 0.008981 0.635181
0.123499 0.007822 0.634351
0.123160 0.008955 0.635473
0.123340 0.009077 0.635348
0.122840 0.008890 0.635955
0.122294 0.009372 0.635402
0.121543 0.008580 0.636616
0.122209 0.008983 0.636334
0.121497 0.009148 0.636596
0.121349 0.012877 0.563632
0.121405 0.012252 0.563565
0.122351 0.012158 0.563554
0.121512 0.011704 0.563354
0.122880 0.012232 0.564318
0.123296 0.013085 0.564762
0.124440 0.012727 0.564445
0.123271 0.012696 0.564721
0.125329 0.012061 0.565281
0.125036 0.012524 0.565264
0.125538 0.011460 0.565532
0.126439 0.013151 0.565141
0.126878 0.011974 0.566697
0.125911 0.012779 0.567203
0.127033 0.012004 0.566932
0.126744 0.011685 0.567226
0.128599 0.011758 0.567474
0.127453 0.012003 0.568208
0.128282 0.011468 0.567890
0.128646 0.012108 0.568452
0.128902 0.011632 0.568971
0.129850 0.013100 0.569604
0.130711 0.011385 0.570444
0.129868 0.013138 0.571396
0.130037 0.012693 0.570413
0.131310 0.011915 0.570019
0.131821 0.012207 0.570855
0.132418 0.012313 0.570618
0.131987 0.012631 0.572442
0.133328 0.012002 0.571799
0.132915 0.012691 0.572868
0.133169 0.011279 0.572802
0.133616 0.011645 0.573666
0.132917 0.011743 0.573955
0.133863 0.012327 0.574236
0.133361 0.013052 0.574774
0.134372 0.011277 0.574867
0.133886 0.011930 0.575164
0.135132 0.012690 0.575971
0.135869 0.012506 0.576138
0.135896 0.012512 0.577630
0.135310 0.012278 0.576962
0.136849 0.012673 0.576736
0.136797 0.012178 0.578291
0.135917 0.012926 0.579080
0.136559 0.012619 0.578884
0.137091 0.012427 0.580939
0.137176 0.012945 0.579667
0.136662 0.011517 0.580868
0.138212 0.011552 0.581060
0.138028 0.012482 0.581918
0.138560 0.011854 0.581806
0.138219 0.011848 0.581111
0.138919 0.011338 0.582171
0.139064 0.012589 0.583335
0.138848 0.011006 0.582620
0.139401 0.011752 0.582841
0.138667 0.011744 0.584845
0.139781 0.012507 0.584638
0.139179 0.011969 0.584828
0.139025 0.012154 0.585695
0.139503 0.012121 0.585586
0.139577 0.012739 0.586165
0.140462 0.012367 0.587401
0.140496 0.012104 0.587937
0.140568 0.012299 0.588908
0.141192 0.011171 0.588931
0.140902 0.011647 0.589077
0.141766 0.012142 0.590070
0.141521 0.013209 0.589815
0.142387 0.011429 0.590575
0.141982 0.011714 0.592046
0.141343 0.012144 0.590582
0.142272 0.012742 0.592115
0.142407 0.012251 0.593064
0.141575 0.012264 0.592295
0.141852 0.011740 0.593288
0.141993 0.012002 0.593693
0.141315 0.012269 0.594549
0.141864 0.011606 0.594796
0.141912 0.011666 0.594959
0.142538 0.011786 0.595450
0.141885 0.012623 0.596407
0.142046 0.011723 0.596471
0.142156 0.012852 0.596693
0.142800 0.011517 0.597406
0.142499 0.013142 0.598469
0.142517 0.012795 0.599027
0.142208 0.012672 0.599655
0.142207 0.012094 0.600125
0.142275 0.012603 0.600707
0.143293 0.012377 0.600757
0.141951 0.012398 0.600960
0.142042 0.012117 0.601898
0.142652 0.012096 0.601697
0.142659 0.012019 0.603017
0.142099 0.012782 0.603338
0.142137 0.012732 0.603596
0.142790 0.012238 0.604568
0.141979 0.011500 0.604759
0.142203 0.012862 0.605073
0.141675 0.012785 0.605583
0.142196 0.012687 0.606201
0.141930 0.013246 0.606771
0.142044 0.011359 0.606114
0.141998 0.012767 0.607303
0.141480 0.011647 0.609101
0.142184 0.012177 0.609119
0.142365 0.012717 0.609459
0.141307 0.012923 0.608748
0.140853 0.012954 0.609628
0.140999 0.012311 0.610498
0.140155 0.012039 0.611361
0.141426 0.011701 0.610985
0.140259 0.011701 0.611711
0.141018 0.012864 0.612535
0.140706 0.011675 0.612970
0.139304 0.012126 0.613061
0.140263 0.013185 0.613196
0.139812 0.012542 0.614464
0.140090 0.012305 0.616070
0.139744 0.011749 0.615988
0.139978 0.012737 0.615462
0.139312 0.012665 0.616220
0.139592 0.011390 0.616655
0.139186 0.011717 0.617272
0.137692 0.013126 0.617688
0.138199 0.013405 0.618807
0.137706 0.012505 0.618553
0.137765 0.012176 0.619331
0.137518 0.012369 0.619414
0.137427 0.012220 0.620015
0.137238 0.012325 0.619595
0.137081 0.011487 0.619839
0.137030 0.012196 0.621286
0.136171 0.011762 0.620931
0.137477 0.011719 0.621100
0.136239 0.012446 0.623316
0.135549 0.013128 0.623517
0.135946 0.011746 0.624273
0.135621 0.012914 0.623833
0.134321 0.011968 0.624539
0.135475 0.012796 0.625014
0.134824 0.011899 0.623967
0.134271 0.012550 0.625017
0.134001 0.012602 0.625682
0.133922 0.011554 0.625996
0.134048 0.012068 0.627059
0.131783 0.012893 0.626440
0.132897 0.011026 0.627271
0.132545 0.012435 0.627322
0.132328 0.011938 0.627667
0.131622 0.012003 0.628450
0.131573 0.012983 0.628070
0.130560 0.012739 0.628870
0.131031 0.012515 0.629242
0.130096 0.012280 0.629109
0.129545 0.011405 0.630091
0.129807 0.012349 0.630471
0.129150 0.012082 0.630751
0.129043 0.012399 0.630215
0.129435 0.011882 0.631154
0.128424 0.012111 0.632463
0.127240 0.012915 0.631907
0.127041 0.012216 0.633243
0.126677 0.012965 0.633521
0.125665 0.012208 0.633908
0.126331 0.011918 0.633355
0.126011 0.012049 0.633110
0.126220 0.012882 0.633788
0.124730 0.011914 0.634067
0.124468 0.013315 0.635400
0.124990 0.012338 0.634569
0.122940 0.012044 0.634748
0.123320 0.012067 0.635552
0.123780 0.012235 0.635232
0.122868 0.011610 0.635969
0.121067 0.013014 0.636151
0.121593 0.011356 0.637940
0.121208 0.012390 0.636767
0.121617 0.015749 0.562617
0.122121 0.016639 0.562768
0.122136 0.015996 0.564152
0.122395 0.015810 0.562735
0.122046 0.016227 0.564954
0.122708 0.015179 0.564786
0.124427 0.015833 0.565123
0.123698 0.014771 0.565166
0.123825 0.016043 0.565208
0.126616 0.016140 0.565907
0.125309 0.015104 0.566184
0.125123 0.015481 0.565629
0.127708 0.015051 0.566553
0.126512 0.016508 0.566628
0.126650 0.015852 0.567277
0.127313 0.016180 0.567615
0.127880 0.015296 0.567277
0.126604 0.015091 0.567597
0.128710 0.015930 0.568424
0.128208 0.015482 0.568123
0.129338 0.016290 0.569219
0.129392 0.016209 0.569189
0.130063 0.017239 0.569722
0.130150 0.016277 0.570353
0.131469 0.015875 0.570081
0.131123 0.015734 0.570246
0.131930 0.014992 0.571249
0.131827 0.016639 0.572294
0.131626 0.016128 0.573132
0.132426 0.015917 0.572368
0.132834 0.016238 0.572960
0.132703 0.015613 0.573128
0.133731 0.016077 0.573015
0.134889 0.014678 0.573643
0.132733 0.016180 0.574041
0.134559 0.015786 0.574617
0.134194 0.015642 0.574842
0.134348 0.016578 0.574059
0.134105 0.014884 0.575468
0.134795 0.016617 0.576968
0.135457 0.016104 0.577414
0.136029 0.016113 0.576639
0.135192 0.015860 0.577943
0.135651 0.016368 0.578262
0.136813 0.015563 0.579214
0.135877 0.015510 0.578953
0.137042 0.015805 0.578473
0.136816 0.015726 0.578743
0.137537 0.016416 0.579162
0.137575 0.015051 0.579839
0.137781 0.015613 0.581446
0.138849 0.016367 0.581064
0.139026 0.015143 0.581497
0.139793 0.014777 0.583140
0.138789 0.015853 0.582502
0.139179 0.015714 0.583302
0.139250 0.015851 0.583330
0.139694 0.016016 0.583108
0.139460 0.015669 0.584848
0.140151 0.015587 0.585234
0.140262 0.015609 0.585302
0.139933 0.016471 0.585667
0.139313 0.016280 0.586745
0.138749 0.015049 0.587061
0.140149 0.015593 0.587442
0.140845 0.015623 0.587705
0.141563 0.015134 0.588710
0.140445 0.015326 0.588304
0.140926 0.015924 0.589841
0.140562 0.015398 0.589381
0.141243 0.016649 0.590092
0.141471 0.016032 0.590510
0.141295 0.015773 0.591015
0.142106 0.015430 0.591384
0.141917 0.015052 0.592289
0.141203 0.016303 0.592040
0.141078 0.015571 0.593538
0.142765 0.015269 0.593889
0.141993 0.016148 0.594420
0.142303 0.015203 0.593949
0.141778 0.016143 0.595146
0.143257 0.016532 0.595015
0.141996 0.016186 0.596553
0.142099 0.015216 0.597183
0.143004 0.015595 0.597038
0.142713 0.014863 0.597554
0.142164 0.015625 0.597885
0.143077 0.015777 0.599305
0.141958 0.015424 0.598179
0.142951 0.015971 0.599599
0.142078 0.014743 0.600581
0.143645 0.015445 0.601337
0.141661 0.016194 0.601256
0.142259 0.015073 0.601925
0.142126 0.016317 0.602171
0.142108 0.015600 0.602589
0.142732 0.015086 0.603289
0.142645 0.015839 0.604243
0.142715 0.014787 0.603928
0.142124 0.016393 0.604329
0.142372 0.015838 0.605745
0.142792 0.015264 0.606271
0.141783 0.016199 0.604776
0.143172 0.016092 0.606692
0.142358 0.015849 0.607185
0.141990 0.016771 0.608209
0.141103 0.015235 0.608806
0.141709 0.015600 0.608886
0.141733 0.015166 0.609473
0.141070 0.016239 0.609687
0.141144 0.016899 0.610086
0.140737 0.014869 0.609939
0.141397 0.015648 0.611607
0.141465 0.014877 0.611832
0.139744 0.014917 0.613007
0.139955 0.016317 0.612271
0.140981 0.015959 0.613032
0.140854 0.014936 0.612962
0.140918 0.015643 0.614499
0.139891 0.016443 0.614286
0.139747 0.016281 0.614251
0.139880 0.015303 0.615386
0.140696 0.014571 0.614977
0.139142 0.015134 0.615109
0.139096 0.015409 0.616650
0.138882 0.015483 0.617319
0.138366 0.015650 0.617556
0.137741 0.015216 0.617793
0.138615 0.015972 0.618116
0.137069 0.014249 0.619315
0.137932 0.016416 0.619054
0.137754 0.015576 0.619511
0.137933 0.015308 0.620069
0.136431 0.015831 0.620549
0.137132 0.015802 0.620953
0.135970 0.015767 0.621147
0.137332 0.014891 0.621436
0.136237 0.016082 0.622781
0.135554 0.016093 0.622031
0.136126 0.015683 0.623616
0.135830 0.016391 0.624012
0.135016 0.015603 0.623183
0.134363 0.015446 0.624112
0.134772 0.016192 0.625840
0.133704 0.015417 0.625439
0.133081 0.016085 0.625337
0.133835 0.015845 0.625288
0.132734 0.015412 0.625972
0.133001 0.016128 0.628023
0.133201 0.015312 0.627543
0.132000 0.015077 0.628569
0.133055 0.015759 0.628209
0.131222 0.015556 0.629492
0.131120 0.014694 0.629446
0.131050 0.014941 0.628827
0.131074 0.015031 0.629407
0.130412 0.015884 0.628711
0.130299 0.014827 0.630374
0.128984 0.014557 0.630464
0.128925 0.016339 0.631794
0.129384 0.016318 0.630728
0.128263 0.015452 0.630917
0.127991 0.016205 0.631211
0.127976 0.015022 0.632314
0.126439 0.015688 0.631553
0.127685 0.015166 0.633346
0.126714 0.015573 0.632287
0.126517 0.016008 0.633952
0.124154 0.015198 0.635633
0.124865 0.015505 0.633997
0.123626 0.015680 0.633351
0.124347 0.015623 0.634034
0.123767 0.016020 0.635904
0.122753 0.016402 0.633801
0.123164 0.015863 0.634738
0.123113 0.015405 0.635660
0.121810 0.015993 0.635971
0.122069 0.015763 0.637166
0.121660 0.015237 0.637308
0.121560 0.016144 0.637229
0.121538 0.018677 0.562491
0.120891 0.019407 0.564097
0.122223 0.018509 0.563141
0.122224 0.019844 0.564121
0.122694 0.018860 0.564500
0.122892 0.018619 0.565640
0.124012 0.019233 0.564573
0.124096 0.018995 0.564735
0.124775 0.018398 0.564601
0.125574 0.019841 0.565576
0.125509 0.019542 0.565775
0.125240 0.019107 0.565239
0.126254 0.019134 0.565685
0.126414 0.018738 0.566460
0.127736 0.018691 0.566904
0.127453 0.019023 0.567358
0.128412 0.019437 0.568136
0.128472 0.020073 0.568474
0.128310 0.017787 0.567985
0.128869 0.019768 0.567904
0.128454 0.018107 0.569133
0.130343 0.019663 0.569837
0.129157 0.019981 0.569947
0.129924 0.018910 0.569547
0.130464 0.019179 0.569848
0.130748 0.019672 0.570491
0.131578 0.020084 0.570988
0.131492 0.019077 0.572190
0.132074 0.019460 0.572372
0.131982 0.019162 0.572183
0.132513 0.018914 0.572269
0.132308 0.020131 0.573075
0.133260 0.019277 0.572146
0.133457 0.019712 0.573744
0.133909 0.018365 0.575201
0.133764 0.019136 0.574409
0.134123 0.018990 0.574845
0.135340 0.019529 0.575268
0.134119 0.018336 0.576007
0.134719 0.018833 0.576041
0.136597 0.019258 0.576530
0.135863 0.019244 0.576516
0.136100 0.019607 0.577850
0.136782 0.018965 0.577999
0.136453 0.018369 0.578359
0.137035 0.018224 0.578964
0.137279 0.017769 0.579592
0.136973 0.018736 0.579783
0.137910 0.019020 0.580016
0.138162 0.018908 0.580756
0.138508 0.019178 0.580716
0.138577 0.018117 0.581243
0.137866 0.018528 0.582205
0.138816 0.019500 0.581534
0.138708 0.018372 0.583090
0.138728 0.019047 0.583230
0.138169 0.019767 0.583323
0.139106 0.019266 0.583591
0.139686 0.019629 0.584205
0.139500 0.019813 0.586385
0.140242 0.018963 0.585216
0.140385 0.018796 0.585624
0.140454 0.018731 0.586074
0.140442 0.018964 0.587259
0.140708 0.019140 0.586863
0.141301 0.019198 0.587399
0.140979 0.018373 0.588196
0.139598 0.018677 0.588751
0.141387 0.018353 0.589238
0.141321 0.018444 0.589417
0.141590 0.018504 0.590091
0.141216 0.019214 0.591063
0.141936 0.018869 0.591169
0.141404 0.018995 0.591725
0.141494 0.018764 0.592910
0.141996 0.019187 0.592888
0.141463 0.019326 0.592766
0.142037 0.019357 0.594261
0.142174 0.018822 0.594580
0.141606 0.019009 0.594532
0.141844 0.018140 0.594871
0.142309 0.019563 0.595602
0.142729 0.018610 0.596044
0.142467 0.019074 0.596053
0.142707 0.019035 0.597293
0.141895 0.019056 0.597021
0.142556 0.018542 0.598308
0.141895 0.019278 0.598744
0.142940 0.018633 0.598748
0.142122 0.018775 0.599984
0.142628 0.019207 0.600352
0.142474 0.018934 0.600987
0.142856 0.020251 0.600621
0.141846 0.018741 0.600381
0.142623 0.019899 0.601771
0.142366 0.018932 0.602615
0.141777 0.018250 0.603524
0.141757 0.019044 0.604537
0.141852 0.019165 0.604860
0.142254 0.018439 0.604416
0.141752 0.019334 0.604373
0.142537 0.018816 0.605332
0.142019 0.019358 0.606420
0.142942 0.019170 0.606459
0.141408 0.019062 0.607356
0.141735 0.017765 0.607720
0.141068 0.019071 0.608110
0.140721 0.018800 0.608911
0.141020 0.019321 0.609133
0.141383 0.020002 0.609670
0.141302 0.019132 0.610968
0.141796 0.019473 0.610705
0.140385 0.019612 0.611295
0.141173 0.018782 0.611763
0.141225 0.018631 0.612311
0.140799 0.019618 0.612686
0.140030 0.018676 0.612300
0.141449 0.018413 0.612824
0.140441 0.019680 0.614493
0.140370 0.018855 0.614654
0.139829 0.018362 0.614749
0.139653 0.019117 0.615365
0.139802 0.019300 0.615739
0.139464 0.019127 0.615825
0.138023 0.018863 0.616869
0.138570 0.019790 0.617292
0.138534 0.018957 0.616594
0.138680 0.019129 0.617914
0.138257 0.018609 0.618549
0.138047 0.019535 0.617894
0.137002 0.018739 0.619570
0.137454 0.019064 0.619932
0.136949 0.018448 0.620667
0.137100 0.019052 0.619662
0.137373 0.018322 0.621802
0.136197 0.019260 0.621739
0.136770 0.019924 0.621610
0.136016 0.018879 0.622216
0.135193 0.019217 0.623440
0.135367 0.018912 0.623288
0.134976 0.018103 0.623259
0.135917 0.018605 0.623371
0.135156 0.018489 0.625177
0.134516 0.018679 0.625607
0.133949 0.019474 0.625113
0.134672 0.018691 0.626416
0.133044 0.018900 0.626173
0.133625 0.018779 0.626484
0.131792 0.018764 0.627159
0.132936 0.019237 0.627245
0.132229 0.018984 0.627872
0.132653 0.018729 0.627373
0.131735 0.018973 0.628803
0.130873 0.019140 0.628827
0.131475 0.018852 0.629683
0.130587 0.019405 0.629624
0.130611 0.018649 0.629848
0.129827 0.018562 0.629777
0.129306 0.019509 0.630820
0.128922 0.019034 0.631654
0.129083 0.019090 0.630467
0.128591 0.018993 0.631700
0.127973 0.018485 0.631389
0.127369 0.018399 0.631664
0.127341 0.018145 0.632197
0.127434 0.019274 0.634317
0.125696 0.019030 0.632619
0.126898 0.018518 0.633319
0.125500 0.019241 0.633836
0.125356 0.018975 0.632604
0.124930 0.018570 0.633946
0.124025 0.018926 0.634661
0.124331 0.019018 0.635799
0.123691 0.018714 0.635929
0.122875 0.019473 0.635500
0.123027 0.019498 0.635496
0.123221 0.019333 0.636546
0.121283 0.018847 0.636903
0.121489 0.019158 0.636512
0.121675 0.019252 0.636663
0.120601 0.022298 0.563138
0.121506 0.022623 0.563483
0.122777 0.022502 0.563682
0.122700 0.022699 0.564002
0.123340 0.022696 0.564621
0.122933 0.021386 0.564266
0.124503 0.022886 0.564501
0.124653 0.022556 0.564886
0.125125 0.022156 0.564896
0.124665 0.022989 0.566349
0.125067 0.023175 0.566696
0.125269 0.022275 0.565710
0.125542 0.021902 0.566102
0.126756 0.022397 0.566873
0.127019 0.022431 0.567151
0.127318 0.022732 0.566928
0.127261 0.022223 0.567828
0.128494 0.021654 0.567721
0.128277 0.022284 0.568039
0.128584 0.022977 0.570014
0.130223 0.022020 0.568920
0.129873 0.022595 0.570489
0.130543 0.022323 0.569707
0.130316 0.022468 0.570144
0.130700 0.021568 0.570668
0.130562 0.022287 0.570932
0.130887 0.023002 0.570447
0.132856 0.021586 0.571362
0.131580 0.022029 0.572080
0.132184 0.022079 0.571489
0.133120 0.021680 0.572797
0.133176 0.021704 0.572694
0.133162 0.021794 0.574126
0.133524 0.022580 0.573694
0.134096 0.022156 0.574367
0.133585 0.022256 0.574882
0.133531 0.022192 0.576407
0.134485 0.023401 0.574758
0.135179 0.022875 0.576327
0.135756 0.022156 0.576708
0.135157 0.022353 0.575949
0.135321 0.023193 0.577170
0.136380 0.021985 0.577825
0.136430 0.021886 0.577842
0.135499 0.022220 0.577995
0.136404 0.022318 0.577856
0.136975 0.022346 0.579167
0.137489 0.022069 0.579903
0.137302 0.022139 0.580767
0.137198 0.023410 0.581334
0.138833 0.022172 0.580889
0.138566 0.021803 0.581230
0.138306 0.023322 0.581791
0.138959 0.022859 0.582591
0.138014 0.021688 0.582750
0.139315 0.021616 0.582636
0.139209 0.022187 0.584578
0.139514 0.022327 0.583915
0.139596 0.021589 0.584978
0.139327 0.022818 0.584215
0.139910 0.021665 0.585933
0.140431 0.022348 0.586494
0.139930 0.021563 0.586477
0.140434 0.022054 0.587017
0.140771 0.022046 0.588017
0.139839 0.022317 0.588814
0.140292 0.021826 0.587685
0.140564 0.022028 0.588935
0.140201 0.022090 0.589347
0.140798 0.023332 0.589661
0.141656 0.022624 0.590841
0.142251 0.022812 0.589896
0.142431 0.021925 0.590866
0.141870 0.023399 0.592109
0.141609 0.021862 0.592444
0.141711 0.022175 0.592910
0.142297 0.022556 0.593054
0.141467 0.023022 0.593645
0.142106 0.021559 0.593625
0.143283 0.022488 0.595352
0.142341 0.022554 0.595079
0.141596 0.022701 0.595548
0.143206 0.023311 0.595452
0.142499 0.021923 0.596281
0.142584 0.022607 0.596521
0.142244 0.022594 0.597589
0.142331 0.022669 0.598834
0.142665 0.022142 0.598483
0.142119 0.021999 0.598697
0.142370 0.022307 0.599662
0.141119 0.021603 0.601103
0.142643 0.022332 0.600462
0.142169 0.022589 0.601513
0.142305 0.022644 0.602637
0.142755 0.022686 0.602341
0.142402 0.022549 0.601645
0.142609 0.023302 0.603286
0.142295 0.022443 0.603789
0.142091 0.021933 0.604565
0.142378 0.022498 0.604515
0.141754 0.021444 0.605090
0.141774 0.021661 0.605991
0.142964 0.022336 0.606270
0.142953 0.022950 0.606810
0.141418 0.022295 0.608122
0.142061 0.022543 0.607124
0.142036 0.021996 0.608149
0.141785 0.022854 0.608176
0.141716 0.022279 0.609510
0.141637 0.022357 0.609776
0.141593 0.021636 0.610695
0.142053 0.022325 0.610196
0.141338 0.022663 0.610921
0.140779 0.022438 0.610425
0.140400 0.022909 0.612321
0.140593 0.022159 0.611779
0.141139 0.021214 0.613340
0.140642 0.022304 0.613653
0.140484 0.022624 0.614181
0.140267 0.022057 0.614457
0.139135 0.022659 0.614074
0.139397 0.021871 0.616006
0.138969 0.021886 0.614648
0.139542 0.022172 0.615228
0.139304 0.022548 0.616244
0.138650 0.022398 0.617367
0.138666 0.021904 0.617773
0.137455 0.023067 0.618299
0.139337 0.021747 0.619321
0.138483 0.022806 0.619111
0.137294 0.021777 0.617879
0.137450 0.021754 0.620194
0.136932 0.021354 0.620401
0.136721 0.021918 0.619881
0.136689 0.022001 0.621575
0.136325 0.022110 0.622178
0.136265 0.022684 0.622461
0.135868 0.023204 0.622465
0.136239 0.022411 0.623173
0.135536 0.023271 0.623453
0.134757 0.022784 0.623157
0.135677 0.022507 0.624185
0.135339 0.022182 0.625028
0.133251 0.022309 0.625059
0.134187 0.022851 0.625968
0.133858 0.022511 0.625181
0.133756 0.022099 0.625798
0.133763 0.023063 0.625162
0.132889 0.022788 0.626162
0.133050 0.021001 0.627769
0.133021 0.021656 0.626846
0.131986 0.022444 0.627709
0.131941 0.021560 0.628280
0.131668 0.022213 0.628781
0.131089 0.021858 0.629075
0.130154 0.021599 0.629240
0.130110 0.023793 0.630269
0.130104 0.022243 0.629865
0.128715 0.022767 0.630401
0.129307 0.022341 0.630187
0.129289 0.022908 0.631038
0.128869 0.021871 0.631271
0.127642 0.022803 0.632028
0.127512 0.022979 0.632645
0.127741 0.022757 0.633384
0.126730 0.022078 0.632954
0.126014 0.021650 0.632834
0.126057 0.022801 0.633113
0.125693 0.023018 0.634049
0.125059 0.022466 0.634047
0.124084 0.022570 0.634461
0.124567 0.023158 0.634145
0.124461 0.021866 0.634565
0.124324 0.022700 0.634841
0.123631 0.021992 0.635776
0.123335 0.022486 0.635822
0.121762 0.022139 0.636388
0.121582 0.022136 0.635856
0.121286 0.022740 0.637166
0.120958 0.021769 0.637099
0.120748 0.024589 0.563149
0.122238 0.025962 0.563376
0.122167 0.025792 0.563321
0.122714 0.025855 0.564171
0.122545 0.025254 0.564728
0.123225 0.025088 0.564328
0.123627 0.026458 0.565428
0.123865 0.026492 0.565218
0.124679 0.026145 0.565543
0.125473 0.025782 0.565422
0.124797 0.024937 0.566502
0.126447 0.025598 0.565221
0.125842 0.025960 0.566964
0.126336 0.026173 0.566550
0.126447 0.025660 0.567199
0.126620 0.026445 0.567961
0.126992 0.026190 0.567373
0.128670 0.025788 0.568334
0.129945 0.025754 0.567851
0.129369 0.025620 0.569327
0.130395 0.025375 0.568650
0.128691 0.025293 0.568366
0.128937 0.025323 0.568861
0.130302 0.025684 0.570500
0.131297 0.025291 0.570940
0.130408 0.025022 0.570989
0.130897 0.025904 0.571728
0.131456 0.025506 0.571832
0.131794 0.026357 0.572219
0.132614 0.025892 0.572642
0.132227 0.025928 0.572616
0.133671 0.025228 0.573685
0.132862 0.025480 0.573369
0.133208 0.025713 0.573889
0.135013 0.025469 0.574548
0.134044 0.026015 0.575169
0.134505 0.025482 0.575100
0.135285 0.025996 0.575979
0.133953 0.026411 0.575728
0.135101 0.026000 0.576500
0.135439 0.025830 0.577169
0.136309 0.025100 0.576817
0.135408 0.025700 0.577684
0.136554 0.025949 0.576922
0.137359 0.025384 0.578774
0.137077 0.026226 0.579087
0.137501 0.025473 0.579514
0.138385 0.025996 0.579700
0.137354 0.025928 0.580162
0.137901 0.025248 0.581026
0.137696 0.025630 0.582184
0.138552 0.025205 0.581147
0.138140 0.025259 0.582242
0.138729 0.025168 0.581602
0.138289 0.026394 0.582546
0.139111 0.025827 0.583550
0.138999 0.026011 0.583891
0.139502 0.025700 0.583751
0.139776 0.025302 0.584836
0.139825 0.025373 0.585314
0.139741 0.025455 0.586012
0.139843 0.026254 0.585612
0.140371 0.025537 0.586717
0.140441 0.026256 0.587172
0.141230 0.025868 0.587686
0.142021 0.025258 0.588094
0.141144 0.025307 0.588856
0.140433 0.025588 0.588478
0.140948 0.025487 0.588480
0.141036 0.026026 0.589922
0.141652 0.025040 0.590587
0.141755 0.025440 0.591058
0.141370 0.025557 0.591610
0.141942 0.026148 0.592402
0.141736 0.025727 0.592093
0.141291 0.025848 0.593100
0.142036 0.024936 0.593567
0.141365 0.026300 0.593169
0.142563 0.026379 0.595463
0.142549 0.025352 0.594387
0.141411 0.025172 0.595526
0.142741 0.025792 0.596526
0.141992 0.025788 0.596110
0.143423 0.025981 0.596574
0.142495 0.025726 0.597068
0.142610 0.025849 0.597516
0.142523 0.026195 0.597960
0.142510 0.025689 0.598967
0.142224 0.026528 0.597910
0.142137 0.025883 0.599071
0.143327 0.025950 0.600684
0.142374 0.026223 0.601054
0.142247 0.024950 0.602073
0.142097 0.025427 0.601010
0.142525 0.025891 0.602255
0.141930 0.024966 0.602906
0.141992 0.025385 0.603019
0.142272 0.025586 0.604204
0.141691 0.025229 0.604287
0.143146 0.024971 0.605021
0.142596 0.025750 0.605586
0.143010 0.025361 0.605748
0.141329 0.024470 0.606359
0.142691 0.026174 0.607478
0.142052 0.025853 0.607411
0.141866 0.025759 0.607740
0.142243 0.025146 0.608154
0.141465 0.024796 0.609211
0.141067 0.026015 0.608748
0.142096 0.026744 0.608961
0.141773 0.026828 0.609984
0.141528 0.025863 0.610486
0.140906 0.026106 0.610665
0.140328 0.026218 0.612133
0.140605 0.025736 0.612237
0.141116 0.026189 0.612710
0.140451 0.026206 0.613260
0.140234 0.025998 0.613119
0.139535 0.025584 0.613321
0.140447 0.024971 0.614823
0.139517 0.025608 0.615745
0.139399 0.025370 0.615866
0.138415 0.026667 0.616067
0.139711 0.025544 0.616236
0.139913 0.025868 0.616959
0.138659 0.025802 0.616496
0.138983 0.025013 0.618114
0.138583 0.025578 0.618957
0.138397 0.025787 0.618643
0.138076 0.026827 0.618514
0.138739 0.025384 0.619028
0.137278 0.025187 0.619279
0.137343 0.025639 0.620744
0.137367 0.025933 0.620499
0.136075 0.025278 0.620447
0.136829 0.026162 0.621627
0.136046 0.026049 0.620958
0.135648 0.025829 0.622817
0.136097 0.026372 0.622429
0.135375 0.025502 0.622862
0.134669 0.025505 0.623906
0.135317 0.026252 0.624538
0.134610 0.025654 0.624366
0.134719 0.025824 0.624988
0.133445 0.025870 0.625387
0.134107 0.025101 0.626115
0.133467 0.025639 0.626666
0.133399 0.026129 0.626987
0.132341 0.026440 0.626549
0.132809 0.026842 0.627623
0.132175 0.025938 0.627538
0.132053 0.024917 0.628602
0.131153 0.026036 0.629090
0.131309 0.025727 0.627951
0.130042 0.025359 0.629719
0.130687 0.026477 0.629882
0.130811 0.025849 0.630022
0.129426 0.025931 0.629636
0.129208 0.025397 0.630430
0.129660 0.026115 0.632020
0.128764 0.025715 0.632424
0.129219 0.025702 0.631842
0.128446 0.025896 0.631313
0.127786 0.025297 0.631998
0.126732 0.025761 0.632665
0.126733 0.026120 0.632478
0.125965 0.026411 0.632815
0.125812 0.025715 0.633040
0.125337 0.025776 0.633739
0.125823 0.025936 0.634512
0.124900 0.025499 0.634974
0.124157 0.024415 0.634158
0.124221 0.026101 0.635771
0.123455 0.025258 0.634744
0.122699 0.026311 0.635288
0.122058 0.025315 0.635807
0.122368 0.025513 0.635800
0.122832 0.025934 0.636519
0.122131 0.025775 0.636429
0.122085 0.025144 0.637245
0.121717 0.029140 0.563033
0.121768 0.028460 0.563463
0.122330 0.029600 0.562897
0.121105 0.028967 0.564653
0.122970 0.029019 0.563334
0.123670 0.028783 0.563756
0.124581 0.029510 0.565008
0.123679 0.029367 0.565298
0.124384 0.028867 0.565157
0.126002 0.029069 0.565766
0.124963 0.029517 0.566471
0.126415 0.028432 0.566707
0.126158 0.029348 0.566779
0.126271 0.029423 0.566871
0.127398 0.029396 0.567938
0.126991 0.028765 0.568095
0.127694 0.028432 0.568085
0.128569 0.028761 0.567965
0.127810 0.029016 0.568795
0.128388 0.028621 0.569274
0.128556 0.029000 0.569388
0.129499 0.028784 0.569304
0.130964 0.028760 0.570067
0.130025 0.028965 0.569721
0.131155 0.029628 0.570115
0.130932 0.028971 0.570864
0.131360 0.028979 0.571504
0.131385 0.029167 0.572001
0.132426 0.029438 0.572157
0.132274 0.029174 0.572088
0.132598 0.029116 0.572939
0.133383 0.028910 0.571993
0.133436 0.028647 0.573082
0.134028 0.029252 0.574092
0.133242 0.028263 0.573412
0.134187 0.029257 0.574907
0.133194 0.028804 0.575754
0.134393 0.029110 0.575959
0.134733 0.028516 0.575699
0.135148 0.029756 0.576707
0.135106 0.029345 0.577734
0.135294 0.028822 0.577958
0.136957 0.027959 0.577518
0.136539 0.029484 0.578354
0.136719 0.028200 0.578901
0.137316 0.030056 0.579305
0.136826 0.029417 0.578961
0.137413 0.029123 0.580474
0.137507 0.029981 0.580501
0.137760 0.029419 0.581111
0.137822 0.029109 0.581129
0.139046 0.028304 0.581917
0.138085 0.028766 0.581486
0.139122 0.029458 0.581665
0.138587 0.028611 0.582276
0.139169 0.028960 0.583357
0.137445 0.028934 0.583442
0.139997 0.028527 0.584405
0.139751 0.028667 0.585475
0.140349 0.029661 0.584122
0.139930 0.029917 0.586204
0.139642 0.028919 0.586259
0.140639 0.029303 0.585838
0.141310 0.028199 0.587212
0.141089 0.028945 0.588036
0.140729 0.029345 0.588162
0.141005 0.028621 0.588655
0.141081 0.028709 0.588469
0.141252 0.028855 0.589926
0.141248 0.028872 0.589355
0.140735 0.028944 0.590225
0.141274 0.029470 0.590432
0.141025 0.028721 0.591995
0.142231 0.028401 0.591118
0.141655 0.028759 0.592255
0.141234 0.028960 0.592896
0.142282 0.027177 0.592821
0.142357 0.029629 0.593608
0.142275 0.028427 0.594454
0.142362 0.029375 0.594936
0.142022 0.029933 0.595177
0.142729 0.029890 0.596179
0.142597 0.029905 0.596201
0.141768 0.029204 0.596307
0.142412 0.028693 0.597126
0.142395 0.028629 0.596900
0.142618 0.028643 0.598473
0.142470 0.028887 0.598892
0.142316 0.029469 0.599417
0.142183 0.028372 0.599882
0.143326 0.028839 0.599809
0.142355 0.028772 0.600910
0.142064 0.028994 0.601667
0.142461 0.029495 0.601666
0.141936 0.029187 0.602180
0.142781 0.029519 0.602447
0.142239 0.029324 0.601958
0.142382 0.029477 0.603888
0.141758 0.029560 0.603638
0.143149 0.029214 0.605628
0.142413 0.029348 0.605291
0.142378 0.028832 0.606194
0.141899 0.028901 0.604741
0.141850 0.029187 0.606281
0.142060 0.029588 0.606912
0.142187 0.029526 0.607338
0.141604 0.028488 0.608007
0.142561 0.027812 0.608655
0.141201 0.028913 0.608843
0.139566 0.028620 0.610582
0.141175 0.029575 0.610143
0.140437 0.028929 0.610698
0.140915 0.028817 0.611112
0.140540 0.029704 0.611822
0.140539 0.030173 0.611456
0.140519 0.028944 0.612322
0.140790 0.028366 0.613060
0.140863 0.028665 0.613594
0.140210 0.028806 0.613939
0.139872 0.029201 0.614478
0.140465 0.029216 0.614643
0.139419 0.028864 0.616137
0.139575 0.029081 0.615536
0.138695 0.029435 0.616041
0.139195 0.028959 0.616212
0.138840 0.028842 0.616538
0.139036 0.029693 0.617884
0.138347 0.029020 0.618269
0.138278 0.029254 0.620063
0.138934 0.029024 0.618510
0.138102 0.029897 0.618735
0.137622 0.028764 0.620864
0.137035 0.029315 0.620262
0.137962 0.028663 0.620296
0.136665 0.029351 0.620780
0.136866 0.029316 0.622837
0.136232 0.029124 0.621676
0.135867 0.029127 0.621512
0.135601 0.029234 0.622576
0.135185 0.029385 0.623759
0.135413 0.029485 0.622742
0.135274 0.029016 0.624436
0.134992 0.028953 0.624874
0.135003 0.028560 0.625624
0.133587 0.028994 0.626497
0.133601 0.028694 0.625394
0.132867 0.028443 0.626058
0.133745 0.028890 0.626159
0.132805 0.029037 0.628143
0.132626 0.028888 0.627518
0.132624 0.030175 0.626945
0.132148 0.029645 0.628215
0.130647 0.029095 0.628401
0.131279 0.028466 0.627721
0.131155 0.028582 0.628842
0.130952 0.029338 0.629226
0.130201 0.029314 0.629690
0.131903 0.029077 0.629798
0.128698 0.029593 0.630963
0.128453 0.028699 0.631204
0.128440 0.029217 0.631127
0.127818 0.029136 0.631505
0.127778 0.028850 0.631853
0.126541 0.028486 0.632627
0.127219 0.028917 0.632545
0.126948 0.028713 0.633247
0.126067 0.029421 0.632513
0.126293 0.029528 0.634388
0.126309 0.028685 0.634327
0.124751 0.028922 0.634316
0.125511 0.028834 0.634344
0.125663 0.029036 0.635731
0.124625 0.027956 0.634615
0.123454 0.028502 0.634679
0.124115 0.029510 0.635204
0.122756 0.028383 0.635582
0.122384 0.029326 0.635659
0.123150 0.028959 0.636772
0.121398 0.027844 0.637283
0.121445 0.029104 0.637041
0.121451 0.031703 0.562982
0.121467 0.032087 0.563655
0.121505 0.033020 0.562952
0.122690 0.032929 0.563500
0.123312 0.032175 0.564644
0.123281 0.032969 0.564478
0.123915 0.032726 0.565032
0.124682 0.032661 0.565206
0.124730 0.032416 0.564750
0.125434 0.032607 0.566892
0.124947 0.032249 0.566035
0.125976 0.032237 0.566015
0.126898 0.032606 0.565943
0.126991 0.031911 0.566747
0.127524 0.032686 0.567279
0.127290 0.032754 0.567998
0.127077 0.032369 0.567653
0.128089 0.032637 0.567729
0.128561 0.032406 0.568547
0.129101 0.033607 0.569680
0.128877 0.032339 0.569257
0.130628 0.032073 0.569413
0.129944 0.032244 0.569270
0.130482 0.032886 0.569887
0.130236 0.032346 0.570735
0.131549 0.032572 0.570252
0.132084 0.032422 0.570680
0.131564 0.032614 0.571680
0.131576 0.032399 0.572581
0.131804 0.032749 0.571678
0.132842 0.033153 0.573485
0.133314 0.032681 0.573212
0.132848 0.032713 0.573901
0.133740 0.032198 0.574025
0.134515 0.032250 0.574138
0.133643 0.032512 0.574607
0.133878 0.033048 0.573757
0.135111 0.032784 0.575800
0.134742 0.032324 0.576174
0.134763 0.032967 0.576837
0.136140 0.033198 0.576515
0.136134 0.032464 0.577133
0.136589 0.031999 0.577858
0.136089 0.032503 0.576846
0.136603 0.031291 0.578850
0.136588 0.032983 0.579058
0.136398 0.032452 0.579785
0.137393 0.032153 0.579307
0.137712 0.032195 0.580342
0.137659 0.032360 0.580286
0.138270 0.032032 0.581642
0.138644 0.032483 0.580362
0.138952 0.031869 0.581811
0.139602 0.032631 0.582678
0.138907 0.032904 0.583724
0.138740 0.032062 0.583154
0.139570 0.031991 0.583565
0.140083 0.031966 0.584233
0.140306 0.031415 0.585000
0.139490 0.032737 0.585226
0.140627 0.032154 0.586201
0.140590 0.031158 0.586141
0.140428 0.033676 0.586694
0.139888 0.032447 0.586970
0.140288 0.032322 0.586377
0.140132 0.032991 0.588298
0.140956 0.032354 0.589508
0.140540 0.033052 0.588539
0.141166 0.031878 0.588846
0.142410 0.032224 0.590217
0.141845 0.032142 0.590441
0.141895 0.032149 0.591294
0.141560 0.032263 0.591517
0.141889 0.032049 0.591531
0.141805 0.032592 0.592366
0.141389 0.032274 0.592065
0.142007 0.033545 0.592841
0.141615 0.031700 0.593441
0.143079 0.032181 0.594024
0.142841 0.033042 0.593958
0.141978 0.032397 0.595102
0.142283 0.032846 0.595542
0.142205 0.031098 0.595874
0.142540 0.032131 0.597393
0.142974 0.032645 0.596960
0.143065 0.032860 0.597498
0.143188 0.033040 0.598131
0.143212 0.032585 0.598468
0.142864 0.031845 0.599334
0.142014 0.031814 0.600052
0.142946 0.032178 0.599412
0.142051 0.032400 0.600516
0.143233 0.032334 0.601563
0.143183 0.032456 0.602256
0.142512 0.031850 0.602072
0.143120 0.032602 0.602950
0.142740 0.032884 0.602589
0.142691 0.032155 0.603756
0.142705 0.032456 0.604263
0.142136 0.033122 0.605119
0.141360 0.032627 0.604518
0.142299 0.032419 0.605181
0.142078 0.032432 0.606032
0.141948 0.032006 0.607073
0.141230 0.032508 0.606027
0.142576 0.032313 0.607654
0.141260 0.033009 0.608114
0.141187 0.031770 0.609263
0.141308 0.032257 0.607532
0.141569 0.032646 0.609040
0.141543 0.032332 0.609511
0.141212 0.031464 0.610654
0.141139 0.032895 0.610673
0.140881 0.032194 0.612585
0.141205 0.032205 0.612326
0.140876 0.032520 0.612352
0.140078 0.031889 0.612773
0.139791 0.032532 0.613597
0.139747 0.032337 0.613836
0.139697 0.032454 0.614629
0.139230 0.032819 0.615521
0.140048 0.032496 0.615722
0.139600 0.032529 0.615837
0.139241 0.032635 0.616870
0.138917 0.032537 0.616137
0.139683 0.032720 0.617017
0.138995 0.032625 0.616963
0.139040 0.032792 0.618329
0.138397 0.031924 0.618449
0.137719 0.031822 0.619607
0.137793 0.032769 0.619644
0.137189 0.031877 0.619739
0.136701 0.033615 0.620500
0.136893 0.031689 0.620494
0.137558 0.032233 0.619935
0.135596 0.032220 0.621975
0.136023 0.032608 0.621898
0.136379 0.032360 0.621583
0.135979 0.031817 0.622122
0.135839 0.032805 0.622085
0.134905 0.032122 0.623760
0.134201 0.031765 0.623593
0.134858 0.033358 0.625503
0.133768 0.032682 0.625072
0.134880 0.032514 0.625279
0.134215 0.032068 0.625677
0.133027 0.032257 0.626159
0.133200 0.032040 0.627243
0.132539 0.032337 0.626906
0.132833 0.032491 0.627539
0.131740 0.032549 0.627143
0.131152 0.032883 0.627984
0.130985 0.032046 0.628685
0.131882 0.032401 0.627717
0.131466 0.032807 0.628860
0.132060 0.031977 0.629301
0.130345 0.033361 0.629299
0.130176 0.032175 0.630680
0.129886 0.032737 0.630394
0.129505 0.033410 0.631414
0.129042 0.032319 0.631180
0.128635 0.032577 0.631417
0.128213 0.032191 0.631627
0.128415 0.032516 0.632675
0.128071 0.032480 0.632607
0.127300 0.033096 0.632785
0.126657 0.032758 0.634010
0.126507 0.032280 0.632777
0.127041 0.032345 0.633963
0.125191 0.033294 0.634705
0.125784 0.032662 0.633343
0.124694 0.032403 0.634222
0.124698 0.033133 0.635141
0.124420 0.032632 0.635100
0.123611 0.031887 0.635919
0.123848 0.031787 0.635370
0.122695 0.031302 0.635375
0.122438 0.032827 0.635575
0.121601 0.031715 0.635895
0.121651 0.031960 0.636773
0.121383 0.036471 0.563411
0.121738 0.036336 0.563533
0.122669 0.036217 0.563461
0.122158 0.035861 0.564106
0.123074 0.036286 0.564088
0.123634 0.035667 0.564636
0.123780 0.035580 0.564623
0.123678 0.036520 0.564715
0.124560 0.035324 0.564905
0.124981 0.036172 0.565706
0.125591 0.035607 0.565951
0.126059 0.037048 0.566455
0.126394 0.034715 0.566766
0.127106 0.036048 0.566017
0.127409 0.035077 0.566730
0.127342 0.035758 0.567058
0.127797 0.035393 0.567296
0.127476 0.034875 0.568553
0.128708 0.035537 0.568563
0.129032 0.036051 0.568482
0.129648 0.035162 0.568294
0.129640 0.035543 0.569380
0.131209 0.036500 0.570279
0.130578 0.035438 0.571157
0.130322 0.036102 0.570746
0.130694 0.034718 0.572183
0.132357 0.035881 0.571307
0.132295 0.034994 0.571689
0.131644 0.035942 0.571487
0.131699 0.036143 0.572203
0.132950 0.035799 0.572341
0.132786 0.035818 0.572541
0.132681 0.034703 0.573449
0.134295 0.035832 0.573241
0.133579 0.035574 0.573662
0.134646 0.036818 0.574538
0.134941 0.035593 0.574926
0.134476 0.036327 0.576072
0.134591 0.036182 0.576495
0.133989 0.035055 0.575886
0.135385 0.035606 0.576274
0.135918 0.035742 0.577751
0.136664 0.034468 0.577720
0.136626 0.036484 0.577594
0.136803 0.035555 0.577641
0.137116 0.035802 0.578819
0.137326 0.035709 0.579104
0.137359 0.035225 0.579004
0.138014 0.035444 0.581211
0.138149 0.036062 0.580426
0.138044 0.037071 0.580167
0.137529 0.035269 0.581324
0.139296 0.036313 0.581580
0.138089 0.034902 0.581581
0.139707 0.035680 0.582877
0.138759 0.036407 0.582807
0.139800 0.035641 0.584019
0.139461 0.034782 0.583699
0.139411 0.036262 0.585360
0.139961 0.035704 0.584260
0.139996 0.036466 0.585758
0.139772 0.036073 0.586502
0.140982 0.035318 0.587017
0.140546 0.034808 0.586552
0.140970 0.035565 0.588111
0.141365 0.036105 0.587951
0.140148 0.036376 0.588560
0.140439 0.035232 0.589006
0.140913 0.035941 0.589431
0.141882 0.034184 0.590211
0.141439 0.036104 0.589460
0.141441 0.036307 0.590842
0.141363 0.035390 0.591633
0.141980 0.036645 0.591249
0.141416 0.035248 0.592309
0.142339 0.036302 0.592083
0.141431 0.036123 0.594245
0.142016 0.036110 0.593989
0.141728 0.035535 0.594503
0.141700 0.035773 0.595015
0.141879 0.035357 0.595073
0.142195 0.035723 0.596290
0.142280 0.035218 0.596248
0.142323 0.036262 0.597047
0.142844 0.035370 0.596859
0.141611 0.036156 0.598302
0.141696 0.036044 0.597839
0.142632 0.035966 0.598431
0.142440 0.035514 0.599730
0.143281 0.036665 0.600182
0.142379 0.035752 0.599301
0.142933 0.036278 0.600265
0.141633 0.036312 0.600932
0.142874 0.035673 0.601679
0.142711 0.036756 0.602022
0.143002 0.036151 0.601636
0.141608 0.035481 0.603106
0.143139 0.035697 0.603157
0.142317 0.035067 0.604089
0.142388 0.035945 0.604472
0.141913 0.035620 0.605367
0.142719 0.036506 0.605946
0.141545 0.035329 0.606655
0.141703 0.034695 0.607383
0.142033 0.034792 0.606784
0.142205 0.036334 0.607733
0.142088 0.035660 0.608979
0.143319 0.034930 0.608609
0.141148 0.034930 0.609788
0.140987 0.035298 0.609841
0.140833 0.034526 0.609683
0.142224 0.035191 0.610906
0.140233 0.035431 0.610737
0.141154 0.036578 0.610632
0.140635 0.034958 0.611986
0.140132 0.034623 0.612360
0.141108 0.035826 0.612766
0.140646 0.035711 0.612682
0.141002 0.035644 0.614020
0.140138 0.036028 0.614600
0.139768 0.036106 0.614983
0.139480 0.035064 0.616104
0.138931 0.036262 0.615858
0.140001 0.035527 0.616166
0.139343 0.035874 0.617276
0.138671 0.036313 0.617305
0.138313 0.035791 0.617204
0.138953 0.035931 0.617160
0.138330 0.035638 0.618223
0.138520 0.036702 0.618944
0.138691 0.035482 0.619343
0.135624 0.036230 0.620236
0.137248 0.035434 0.620138
0.137457 0.035312 0.620696
0.136407 0.036298 0.620122
0.135623 0.035455 0.621629
0.136793 0.036234 0.621504
0.136378 0.035424 0.622013
0.135781 0.035578 0.623625
0.136284 0.036317 0.622775
0.134466 0.035301 0.624119
0.134847 0.035301 0.624953
0.134956 0.036649 0.624529
0.134208 0.035807 0.624288
0.133601 0.035486 0.624856
0.133100 0.035473 0.626246
0.132701 0.035862 0.626504
0.133192 0.035700 0.626406
0.132452 0.036208 0.627373
0.131337 0.035443 0.627528
0.132690 0.036477 0.627974
0.132245 0.036498 0.627870
0.131262 0.036215 0.628416
0.131606 0.035479 0.628538
0.130581 0.035033 0.630109
0.129772 0.035857 0.629626
0.130687 0.036356 0.629550
0.129886 0.035436 0.630507
0.128670 0.035609 0.630844
0.129228 0.035894 0.630247
0.128624 0.035418 0.631629
0.128420 0.035937 0.631282
0.128687 0.036320 0.631325
0.127455 0.036397 0.632412
0.127732 0.036075 0.632889
0.127058 0.036574 0.632523
0.126771 0.035791 0.633521
0.125138 0.036869 0.634591
0.125321 0.035992 0.634094
0.125348 0.036131 0.634693
0.125319 0.035365 0.634430
0.124569 0.036915 0.635222
0.123794 0.035828 0.634411
0.123914 0.035714 0.634863
0.123031 0.035980 0.635380
0.122587 0.036059 0.635598
0.122851 0.036065 0.636984
0.122771 0.036065 0.636753
0.122144 0.035551 0.636525
0.121331 0.036044 0.636572
0.120359 0.039619 0.563046
0.121378 0.038945 0.563585
0.122151 0.038950 0.564146
0.122228 0.039652 0.564957
0.122178 0.039458 0.564494
0.124473 0.039811 0.564979
0.123370 0.039539 0.564930
0.123311 0.039195 0.564844
0.124717 0.039955 0.565447
0.124843 0.038907 0.565635
0.125177 0.039437 0.565917
0.126407 0.039265 0.566664
0.125691 0.039476 0.565894
0.126750 0.039695 0.566608
0.126273 0.039397 0.567542
0.128503 0.040023 0.566698
0.128184 0.038119 0.567734
0.128995 0.039048 0.568707
0.128627 0.038631 0.568490
0.128301 0.039194 0.568865
0.128756 0.039038 0.569141
0.129440 0.038684 0.569380
0.129920 0.039537 0.569572
0.129835 0.038647 0.571082
0.129567 0.039193 0.570293
0.130018 0.039747 0.571118
0.131111 0.039363 0.571115
0.131810 0.038738 0.571552
0.131859 0.039485 0.571404
0.131860 0.038971 0.572375
0.131837 0.039692 0.573031
0.133759 0.038948 0.573145
0.133472 0.039343 0.572443
0.134057 0.038467 0.574586
0.133279 0.038978 0.574404
0.134627 0.039636 0.574237
0.134178 0.039656 0.574442
0.134202 0.039609 0.575745
0.135255 0.038546 0.576084
0.135720 0.039169 0.576224
0.136483 0.038908 0.577127
0.135905 0.038219 0.576939
0.135762 0.038963 0.577641
0.136167 0.040116 0.577080
0.136154 0.038434 0.577388
0.136359 0.038751 0.578635
0.137360 0.038744 0.579400
0.137777 0.039618 0.578604
0.137533 0.039056 0.580470
0.137564 0.039406 0.581172
0.138299 0.038939 0.580951
0.138447 0.038899 0.580839
0.138967 0.038213 0.581530
0.138342 0.039307 0.582420
0.139479 0.038743 0.582453
0.139165 0.039402 0.583046
0.138706 0.039648 0.583873
0.139486 0.038023 0.584281
0.139180 0.039201 0.584588
0.139790 0.039163 0.584729
0.140263 0.039511 0.586242
0.140513 0.038826 0.585074
0.140843 0.038777 0.586011
0.140656 0.038945 0.586501
0.140498 0.038972 0.587287
0.141096 0.038323 0.588257
0.141541 0.038841 0.587898
0.140630 0.039234 0.587971
0.140425 0.039909 0.588947
0.141692 0.039071 0.589318
0.141929 0.039790 0.589822
0.141527 0.039937 0.591675
0.141612 0.039058 0.592453
0.140456 0.039044 0.591969
0.141824 0.039719 0.592016
0.142370 0.039251 0.593550
0.141620 0.038631 0.593362
0.141411 0.038310 0.593471
0.142729 0.039897 0.594479
0.141387 0.037728 0.594894
0.142127 0.038157 0.595672
0.142562 0.039706 0.596200
0.142147 0.039364 0.596052
0.143080 0.040108 0.596974
0.142531 0.039013 0.596713
0.142205 0.039011 0.596955
0.141959 0.039755 0.598133
0.142299 0.039304 0.598866
0.142571 0.038708 0.597694
0.143028 0.038907 0.599580
0.143019 0.039005 0.599557
0.141959 0.038857 0.600738
0.142470 0.038976 0.600509
0.142291 0.038230 0.601861
0.143097 0.039051 0.602473
0.141830 0.039199 0.602106
0.142645 0.039823 0.603866
0.142656 0.039621 0.604329
0.142536 0.038711 0.604437
0.143499 0.038503 0.605576
0.141968 0.038947 0.605732
0.142574 0.039310 0.605230
0.141521 0.038979 0.605770
0.142566 0.039075 0.606310
0.142847 0.039100 0.606640
0.142234 0.039458 0.607225
0.141301 0.039806 0.607112
0.142205 0.039232 0.608388
0.141631 0.039543 0.610432
0.140577 0.039255 0.609071
0.141470 0.039566 0.609929
0.141088 0.039307 0.610548
0.140773 0.039488 0.611322
0.140738 0.039092 0.611303
0.140324 0.039755 0.611580
0.140459 0.039005 0.613201
0.139755 0.040580 0.613522
0.140059 0.039511 0.614138
0.139951 0.038815 0.614467
0.140569 0.039588 0.614368
0.139715 0.039229 0.614663
0.140756 0.038433 0.615288
0.140347 0.039139 0.616809
0.139258 0.039207 0.616481
0.139262 0.039783 0.616543
0.138389 0.039436 0.617196
0.139794 0.038277 0.617579
0.138869 0.039055 0.618075
0.138502 0.040637 0.617943
0.138254 0.038240 0.618978
0.138129 0.039508 0.618793
0.137872 0.039893 0.619285
0.136869 0.039447 0.620020
0.136362 0.039254 0.620308
0.137190 0.038765 0.620432
0.136881 0.040110 0.621256
0.136647 0.039314 0.622222
0.137189 0.038760 0.622539
0.135853 0.038987 0.623185
0.136484 0.039324 0.623178
0.134966 0.039615 0.622944
0.134315 0.039625 0.624207
0.134562 0.038681 0.624265
0.134739 0.038838 0.625162
0.134153 0.039271 0.624716
0.134622 0.040116 0.625652
0.133162 0.039618 0.626027
0.133025 0.038829 0.626021
0.131963 0.039670 0.627127
0.132586 0.038666 0.627272
0.131963 0.039334 0.627364
0.131812 0.039983 0.627752
0.130680 0.039380 0.628779
0.130833 0.039183 0.628737
0.131324 0.039133 0.628633
0.130887 0.038624 0.628950
0.130457 0.039194 0.629927
0.129650 0.038820 0.630364
0.128390 0.039552 0.630811
0.129856 0.039215 0.630452
0.128946 0.038601 0.630945
0.127758 0.038608 0.632062
0.127497 0.038567 0.631947
0.128375 0.039148 0.631910
0.127262 0.039339 0.632685
0.126645 0.039006 0.632524
0.126692 0.039197 0.633497
0.126547 0.039259 0.633105
0.125201 0.038203 0.633868
0.125302 0.038334 0.634029
0.125426 0.039694 0.634019
0.125173 0.039091 0.634309
0.124028 0.038800 0.634521
0.123609 0.039107 0.634820
0.123246 0.038974 0.636070
0.123311 0.039476 0.635561
0.121689 0.039489 0.636199
0.121657 0.038767 0.637067
0.121713 0.039433 0.636545
0.121065 0.039352 0.636288
0.121429 0.042513 0.562951
0.121328 0.041259 0.563503
0.122361 0.041147 0.563307
0.122853 0.042552 0.564185
0.123431 0.042445 0.564222
0.122883 0.042529 0.564067
0.123827 0.042596 0.564379
0.123990 0.043616 0.564360
0.125267 0.043083 0.565388
0.125689 0.042008 0.565407
0.126547 0.041728 0.566419
0.126478 0.042781 0.567056
0.126133 0.042565 0.567098
0.126636 0.041683 0.567824
0.127404 0.042258 0.566876
0.128198 0.040939 0.567591
0.127530 0.042030 0.567994
0.128098 0.043089 0.569467
0.129049 0.042280 0.568145
0.128617 0.042718 0.567849
0.129699 0.042708 0.568378
0.129758 0.041475 0.569267
0.130290 0.041314 0.569326
0.131282 0.041949 0.570276
0.131156 0.042077 0.570988
0.130409 0.041902 0.570958
0.130520 0.042752 0.571801
0.131715 0.041968 0.570938
0.131321 0.042036 0.572177
0.132867 0.042059 0.571919
0.132826 0.042474 0.572443
0.132254 0.042202 0.572076
0.133089 0.042713 0.573299
0.133136 0.043216 0.574253
0.133493 0.042667 0.575315
0.134164 0.043142 0.574934
0.133876 0.043654 0.575148
0.135566 0.042729 0.575118
0.134712 0.042347 0.575969
0.135355 0.041762 0.576690
0.134934 0.042390 0.575964
0.136311 0.042267 0.576688
0.135349 0.043302 0.577083
0.136499 0.042719 0.577057
0.137587 0.042691 0.578891
0.136416 0.042555 0.579162
0.137488 0.042107 0.580627
0.137490 0.041828 0.579718
0.137519 0.042643 0.580998
0.138161 0.042245 0.580068
0.138097 0.042867 0.581074
0.137998 0.043803 0.581583
0.138131 0.043060 0.581283
0.138698 0.043403 0.582036
0.139222 0.042770 0.582989
0.138672 0.042282 0.583145
0.139335 0.042302 0.583076
0.139059 0.042415 0.584018
0.139624 0.042025 0.585070
0.139902 0.042336 0.585778
0.139811 0.042743 0.584843
0.139738 0.042280 0.586429
0.140371 0.042259 0.586734
0.141252 0.043070 0.587214
0.140871 0.042704 0.587100
0.140239 0.041334 0.588099
0.139968 0.042455 0.589081
0.141072 0.041796 0.588322
0.141761 0.042745 0.589799
0.141772 0.043146 0.589549
0.140476 0.042563 0.590426
0.141139 0.041844 0.590965
0.140517 0.043161 0.591489
0.141139 0.043329 0.592238
0.142254 0.042404 0.592572
0.141567 0.042430 0.592884
0.141667 0.043307 0.592570
0.141919 0.041189 0.593604
0.142980 0.044255 0.594461
0.142127 0.042521 0.595142
0.142169 0.042585 0.595490
0.142224 0.042290 0.596756
0.141403 0.042900 0.595927
0.142263 0.042176 0.597151
0.142396 0.043464 0.596088
0.141967 0.042201 0.597363
0.142651 0.042588 0.598090
0.142115 0.042586 0.598440
0.142736 0.042383 0.599096
0.142684 0.042454 0.600340
0.142627 0.042766 0.600959
0.142374 0.042718 0.600712
0.142152 0.042503 0.600124
0.141506 0.042411 0.602148
0.142277 0.043002 0.602181
0.142345 0.042553 0.602925
0.142787 0.042717 0.602578
0.142510 0.043113 0.603598
0.142989 0.042411 0.603888
0.142578 0.042230 0.604320
0.142073 0.043717 0.605333
0.141816 0.041962 0.605215
0.142829 0.042545 0.606379
0.142035 0.043015 0.606972
0.142244 0.042584 0.607321
0.142564 0.042611 0.608071
0.142454 0.042115 0.607320
0.141349 0.042761 0.609479
0.141972 0.043340 0.609174
0.141021 0.041897 0.608700
0.141471 0.042119 0.609592
0.141888 0.042225 0.610522
0.140712 0.041803 0.611054
0.140770 0.043071 0.611928
0.140640 0.042331 0.611268
0.140224 0.042531 0.612847
0.139970 0.042711 0.612788
0.140002 0.042507 0.613348
0.139936 0.042197 0.613290
0.139411 0.042459 0.614779
0.139416 0.042149 0.615001
0.139953 0.042571 0.615248
0.138939 0.042325 0.615945
0.138880 0.042443 0.616178
0.139128 0.042413 0.615916
0.139010 0.043679 0.617285
0.139095 0.042132 0.618127
0.139338 0.041921 0.618037
0.138318 0.042412 0.618045
0.138022 0.042570 0.618794
0.136870 0.043080 0.618833
0.137374 0.042275 0.619679
0.136699 0.042941 0.620744
0.136855 0.042821 0.620554
0.136649 0.042408 0.621813
0.137044 0.043300 0.621938
0.136513 0.042339 0.621903
0.136792 0.042932 0.621671
0.136313 0.042928 0.623840
0.136354 0.042627 0.623256
0.136043 0.042716 0.623066
0.135570 0.042396 0.624093
0.135433 0.042127 0.624423
0.134595 0.042527 0.624215
0.133711 0.042723 0.625528
0.134261 0.042762 0.625248
0.133422 0.042667 0.626586
0.132066 0.041668 0.625971
0.131666 0.042848 0.627163
0.132698 0.042834 0.626190
0.132080 0.041908 0.627298
0.132361 0.042723 0.629041
0.131728 0.042702 0.628018
0.131664 0.042347 0.629107
0.131376 0.042198 0.629250
0.130147 0.043531 0.629216
0.130308 0.042258 0.630291
0.129956 0.042162 0.631093
0.129877 0.042784 0.630214
0.129702 0.042625 0.630662
0.129752 0.041957 0.631500
0.128780 0.042477 0.631643
0.128075 0.042339 0.631818
0.127593 0.042468 0.632531
0.127007 0.042645 0.631944
0.126060 0.041934 0.632254
0.127585 0.042258 0.632965
0.127079 0.042132 0.633974
0.125068 0.042654 0.633638
0.125282 0.043244 0.633965
0.124753 0.042547 0.634385
0.124884 0.041941 0.634988
0.124100 0.042170 0.634482
0.124493 0.042826 0.634728
0.123027 0.042422 0.635282
0.122550 0.041810 0.635078
0.122026 0.042847 0.636231
0.122707 0.041948 0.636605
0.122511 0.043298 0.636087
0.121764 0.042571 0.636575
0.121398 0.046024 0.563072
0.121467 0.046153 0.562433
0.122509 0.046226 0.562959
0.122490 0.046245 0.564175
0.123396 0.045744 0.563636
0.124263 0.046280 0.564249
0.124298 0.046514 0.564842
0.123809 0.045993 0.565332
0.125208 0.045962 0.565770
0.125958 0.045958 0.566294
0.125474 0.045527 0.565787
0.126089 0.045557 0.565976
0.126209 0.045617 0.567139
0.126498 0.046117 0.566718
0.127471 0.046329 0.567732
0.127563 0.045664 0.567511
0.128020 0.045184 0.567946
0.127809 0.045772 0.568920
0.127740 0.045724 0.568862
0.128427 0.046583 0.569233
0.129659 0.046106 0.568953
0.130312 0.044334 0.569862
0.129544 0.046040 0.569827
0.130004 0.046577 0.570275
0.131300 0.045670 0.570549
0.130142 0.045683 0.571405
0.131001 0.045679 0.570944
0.131278 0.045398 0.571712
0.132563 0.045482 0.573018
0.132142 0.047201 0.572877
0.132408 0.046338 0.573319
0.132984 0.045960 0.573783
0.133645 0.045246 0.573443
0.133464 0.045215 0.573318
0.134192 0.045939 0.574054
0.134558 0.046743 0.574922
0.133871 0.045394 0.575651
0.135258 0.045463 0.575792
0.135500 0.045943 0.575724
0.134638 0.046366 0.576598
0.135422 0.045016 0.577041
0.136091 0.046651 0.576744
0.136502 0.046351 0.577507
0.136129 0.044845 0.578631
0.136245 0.045648 0.578291
0.136950 0.045627 0.578087
0.136990 0.045692 0.579977
0.137746 0.045818 0.580213
0.138003 0.044940 0.580556
0.138755 0.046002 0.579775
0.138457 0.045145 0.580236
0.138186 0.046091 0.581062
0.137828 0.046120 0.582331
0.138477 0.045509 0.582141
0.139063 0.045293 0.583094
0.137975 0.045393 0.583052
0.140521 0.047027 0.583260
0.138723 0.046125 0.583701
0.139115 0.046812 0.584727
0.139089 0.044853 0.585153
0.140199 0.045955 0.585418
0.139617 0.045233 0.585162
0.139805 0.045835 0.586467
0.140368 0.045558 0.587037
0.141631 0.046007 0.587846
0.140692 0.045588 0.588879
0.140830 0.045951 0.589421
0.141152 0.045977 0.588209
0.142177 0.045997 0.589005
0.141561 0.045946 0.590837
0.141177 0.045303 0.590945
0.141153 0.047249 0.591739
0.141528 0.046183 0.591451
0.141013 0.045345 0.591433
0.141227 0.046502 0.593350
0.141322 0.045054 0.591423
0.142585 0.046474 0.592797
0.142240 0.046023 0.594389
0.142373 0.045693 0.594525
0.142519 0.046229 0.594387
0.142195 0.045580 0.595810
0.143139 0.045735 0.595554
0.143089 0.045377 0.596102
0.142440 0.045558 0.597318
0.142407 0.046119 0.597435
0.142218 0.046452 0.597872
0.142504 0.046736 0.597780
0.142518 0.045690 0.598795
0.142275 0.045258 0.599245
0.142892 0.045596 0.599543
0.142493 0.045370 0.599992
0.142708 0.045920 0.600902
0.142834 0.046204 0.601884
0.142101 0.045608 0.601617
0.141906 0.044680 0.601382
0.142589 0.046030 0.602156
0.142553 0.045418 0.603765
0.142425 0.045490 0.603528
0.142699 0.046552 0.604045
0.142129 0.045816 0.605006
0.142059 0.046314 0.604752
0.141053 0.045955 0.606039
0.142392 0.045380 0.606265
0.141455 0.045255 0.606138
0.141336 0.045774 0.606715
0.141710 0.046039 0.607452
0.143418 0.046181 0.608302
0.141040 0.046320 0.608309
0.140875 0.046116 0.609383
0.140982 0.046445 0.609603
0.140490 0.045865 0.610412
0.140746 0.045897 0.610785
0.141359 0.046229 0.611125
0.140560 0.046601 0.611686
0.140754 0.046236 0.612540
0.139844 0.046413 0.612754
0.141110 0.045343 0.613245
0.139926 0.045245 0.613287
0.140037 0.045881 0.613190
0.140436 0.046325 0.614195
0.139381 0.046401 0.615427
0.139726 0.045770 0.614477
0.139629 0.045874 0.615664
0.139059 0.045138 0.615952
0.138003 0.046159 0.616136
0.138446 0.046570 0.617287
0.138214 0.046549 0.617288
0.137996 0.045841 0.618243
0.138878 0.045848 0.618301
0.137967 0.046314 0.618699
0.138931 0.045820 0.619341
0.136870 0.045587 0.620073
0.137997 0.045822 0.620622
0.137946 0.046155 0.620300
0.137209 0.045327 0.620161
0.135810 0.045398 0.621191
0.136183 0.045307 0.622048
0.135236 0.045686 0.623381
0.134977 0.045905 0.622431
0.135569 0.046334 0.622128
0.134964 0.045627 0.623754
0.135323 0.046661 0.624721
0.133799 0.046124 0.624601
0.134287 0.046328 0.624752
0.133771 0.046236 0.625676
0.133483 0.046027 0.625686
0.134227 0.045800 0.625583
0.133841 0.045935 0.626830
0.132413 0.045905 0.626150
0.132170 0.046824 0.627572
0.131662 0.046326 0.627584
0.131649 0.045705 0.627596
0.131273 0.045592 0.627904
0.131753 0.046007 0.628566
0.130506 0.045761 0.628605
0.131232 0.046170 0.630913
0.129994 0.046241 0.629950
0.129412 0.045878 0.630192
0.129190 0.046517 0.631150
0.129088 0.045795 0.630444
0.129908 0.046000 0.631788
0.128669 0.047079 0.631408
0.128796 0.045075 0.631210
0.128162 0.046080 0.631905
0.127583 0.045419 0.632515
0.127281 0.044948 0.632366
0.126719 0.045122 0.633463
0.125727 0.045826 0.634345
0.125766 0.045378 0.633987
0.124979 0.046097 0.634074
0.125122 0.046319 0.634345
0.123980 0.045673 0.635079
0.124342 0.045128 0.635370
0.124064 0.045823 0.635750
0.123238 0.045173 0.635836
0.123096 0.045927 0.635857
0.121588 0.046864 0.636720
0.122195 0.045265 0.636456
0.121512 0.045979 0.635916
0.120701 0.045840 0.636897
0.121300 0.048878 0.563274
0.121412 0.048753 0.562856
0.121927 0.048814 0.564000
0.122334 0.049650 0.564099
0.122253 0.049405 0.564243
0.123713 0.048126 0.564563
0.123444 0.048669 0.563980
0.124511 0.048725 0.565599
0.124474 0.047989 0.565791
0.125113 0.049591 0.566091
0.125945 0.050156 0.565610
0.126240 0.050047 0.566127
0.125888 0.049375 0.566593
0.127076 0.049115 0.566478
0.125768 0.049511 0.567380
0.126399 0.050913 0.568299
0.126986 0.049129 0.568035
0.128125 0.050157 0.567801
0.128633 0.048609 0.568470
0.129640 0.049680 0.569251
0.128728 0.049466 0.568524
0.129420 0.049258 0.570164
0.130456 0.049006 0.570203
0.130826 0.049352 0.570197
0.130056 0.048620 0.570652
0.131265 0.048612 0.571316
0.132190 0.049832 0.571031
0.132371 0.049156 0.571391
0.132432 0.049155 0.571763
0.132944 0.049168 0.572346
0.133258 0.049157 0.573186
0.132957 0.049040 0.572863
0.133628 0.048090 0.573168
0.133663 0.048768 0.573762
0.134572 0.049397 0.574269
0.134372 0.048797 0.573826
0.134859 0.049408 0.574835
0.134797 0.048658 0.575856
0.134947 0.049737 0.575911
0.134618 0.048817 0.576296
0.135670 0.048353 0.577775
0.135557 0.050081 0.577465
0.136064 0.049202 0.577746
0.136312 0.049264 0.578812
0.136878 0.049954 0.578161
0.136473 0.049206 0.579071
0.137542 0.048825 0.579883
0.137392 0.049502 0.579533
0.136861 0.049210 0.579496
0.138567 0.049620 0.580913
0.137559 0.049687 0.581457
0.138573 0.048853 0.581554
0.138184 0.048895 0.581325
0.138460 0.049275 0.582377
0.139404 0.049796 0.583364
0.139230 0.049722 0.583488
0.138648 0.050163 0.585084
0.139553 0.048492 0.584298
0.139532 0.049155 0.585393
0.139640 0.049468 0.584698
0.139983 0.049913 0.586167
0.140866 0.049623 0.585738
0.140705 0.050481 0.587371
0.140662 0.049352 0.586789
0.140470 0.048720 0.587434
0.141255 0.048544 0.587229
0.140798 0.049329 0.588769
0.141144 0.049038 0.588925
0.141262 0.049005 0.589320
0.141094 0.048665 0.590648
0.142278 0.048659 0.589644
0.141230 0.050223 0.591562
0.141966 0.048794 0.590810
0.142940 0.049371 0.591521
0.141813 0.048824 0.591884
0.141126 0.048766 0.592294
0.142454 0.049792 0.593285
0.141567 0.049444 0.593152
0.141822 0.049381 0.594460
0.141593 0.049559 0.594841
0.141167 0.049503 0.595881
0.142952 0.049748 0.597002
0.142185 0.048547 0.596178
0.143081 0.049446 0.597574
0.142604 0.049070 0.596937
0.142928 0.049283 0.597463
0.142717 0.049261 0.598332
0.142280 0.048634 0.599394
0.142814 0.049332 0.599509
0.142848 0.048455 0.599513
0.142261 0.048997 0.599842
0.142780 0.048311 0.600571
0.141443 0.050411 0.601396
0.142196 0.049310 0.601214
0.142857 0.049392 0.602402
0.141948 0.048884 0.603823
0.142081 0.048721 0.603334
0.142064 0.049047 0.603847
0.142473 0.048798 0.604897
0.142579 0.049471 0.604740
0.141836 0.048271 0.605985
0.142104 0.048963 0.604906
0.142011 0.050035 0.606267
0.140886 0.049006 0.607134
0.141094 0.049524 0.606611
0.142372 0.049907 0.607474
0.141537 0.049149 0.608143
0.141824 0.049664 0.608711
0.142325 0.048863 0.608896
0.141560 0.049307 0.609850
0.141308 0.049598 0.610104
0.140318 0.049351 0.610167
0.141438 0.049704 0.610944
0.139879 0.050046 0.611404
0.140936 0.048644 0.611685
0.140065 0.049642 0.613504
0.139787 0.048864 0.612604
0.139491 0.048690 0.613706
0.140042 0.048878 0.614821
0.140876 0.048917 0.614933
0.139721 0.049190 0.614698
0.140141 0.049369 0.614790
0.138378 0.048499 0.614805
0.139365 0.049044 0.616295
0.139075 0.050508 0.616206
0.138838 0.049455 0.616916
0.138803 0.049236 0.617604
0.138644 0.048280 0.617918
0.138694 0.048681 0.618495
0.137929 0.049231 0.619379
0.137384 0.050091 0.618719
0.138272 0.050218 0.620160
0.138017 0.049336 0.619532
0.137126 0.048887 0.620702
0.137190 0.049163 0.621274
0.135903 0.049207 0.620782
0.136412 0.049522 0.623225
0.136465 0.049195 0.622959
0.135676 0.050120 0.622797
0.134483 0.048483 0.623256
0.135245 0.048907 0.623486
0.135403 0.048328 0.623929
0.135034 0.049627 0.624628
0.133835 0.048106 0.624668
0.133175 0.049261 0.625934
0.134982 0.049416 0.626329
0.133612 0.048701 0.625835
0.132945 0.049144 0.627465
0.133762 0.049116 0.627011
0.133255 0.047845 0.627478
0.132435 0.049071 0.627532
0.132266 0.049636 0.628143
0.131386 0.048922 0.628568
0.131147 0.049065 0.628613
0.131096 0.048262 0.629139
0.130405 0.049099 0.630247
0.129922 0.048700 0.630158
0.129959 0.049771 0.630586
0.129084 0.048713 0.630339
0.128388 0.048735 0.630998
0.129406 0.049048 0.630299
0.128740 0.049084 0.631350
0.128531 0.049742 0.631476
0.128076 0.049864 0.632299
0.127379 0.049498 0.632490
0.126967 0.049035 0.632436
0.126217 0.049923 0.633583
0.126423 0.050438 0.632898
0.125700 0.050224 0.634056
0.126155 0.049066 0.634787
0.125007 0.049665 0.633643
0.124135 0.048290 0.634483
0.123923 0.048227 0.635114
0.124041 0.048345 0.635634
0.123130 0.049963 0.635949
0.122988 0.048658 0.636232
0.123423 0.050442 0.636448
0.122824 0.049808 0.636332
0.122354 0.048430 0.636243
0.122338 0.049308 0.636506
0.121265 0.052253 0.562559
0.122931 0.052760 0.563169
0.122851 0.053104 0.563697
0.122929 0.053854 0.563014
0.122320 0.052447 0.563527
0.123369 0.052682 0.563548
0.124614 0.052001 0.565073
0.124809 0.052170 0.565956
0.123094 0.053225 0.565494
0.124631 0.052620 0.565519
0.125192 0.052147 0.565034
0.126200 0.052565 0.566834
0.125993 0.052350 0.566516
0.126802 0.053234 0.567633
0.126956 0.053496 0.567877
0.128015 0.052371 0.567475
0.126763 0.052843 0.567792
0.127918 0.052997 0.567843
0.129059 0.052461 0.568683
0.129049 0.052601 0.569035
0.129360 0.053043 0.568028
0.129596 0.051954 0.569205
0.129725 0.053035 0.569747
0.131206 0.051769 0.570554
0.130820 0.052923 0.570630
0.130097 0.052856 0.569927
0.130658 0.052759 0.571096
0.131034 0.053023 0.571808
0.132078 0.052200 0.572621
0.132806 0.053263 0.572382
0.132724 0.052008 0.572635
0.132966 0.052949 0.573028
0.133243 0.052670 0.573482
0.133892 0.052672 0.573541
0.133692 0.052395 0.573688
0.134155 0.053309 0.574473
0.134033 0.052838 0.575374
0.134052 0.053545 0.575468
0.135111 0.052435 0.575954
0.135435 0.052541 0.576253
0.135524 0.052664 0.575811
0.135168 0.052044 0.577395
0.135961 0.052455 0.577375
0.136931 0.051818 0.578508
0.136031 0.052547 0.578196
0.137302 0.052505 0.577859
0.137460 0.051676 0.580458
0.136656 0.051777 0.579878
0.136506 0.051257 0.580674
0.137920 0.052986 0.580811
0.137344 0.051983 0.581810
0.137878 0.052505 0.582038
0.138496 0.052864 0.581645
0.138481 0.052638 0.582038
0.138542 0.052152 0.582536
0.138954 0.052821 0.582449
0.138406 0.053062 0.583284
0.139677 0.052124 0.584293
0.139960 0.052991 0.584659
0.139720 0.052174 0.584363
0.139834 0.052510 0.585037
0.140149 0.053161 0.585935
0.140135 0.053254 0.587878
0.140695 0.052445 0.586451
0.140280 0.052738 0.587051
0.140869 0.052487 0.587806
0.140257 0.052482 0.588367
0.141379 0.052922 0.589733
0.140866 0.053012 0.589872
0.141363 0.052094 0.590303
0.141571 0.052878 0.591027
0.142404 0.053137 0.590116
0.141845 0.052479 0.591929
0.141905 0.053246 0.592072
0.142003 0.052975 0.592807
0.141878 0.052861 0.592733
0.142209 0.052711 0.593631
0.142502 0.053381 0.593259
0.142343 0.052040 0.593938
0.142418 0.052569 0.595094
0.142174 0.052594 0.595382
0.142107 0.051896 0.595185
0.141410 0.052209 0.596092
0.141767 0.052860 0.596484
0.141621 0.052424 0.597371
0.141761 0.052245 0.598736
0.142810 0.051976 0.598650
0.143140 0.052389 0.598666
0.143066 0.051849 0.598009
0.143222 0.052460 0.599797
0.141933 0.052624 0.600637
0.142526 0.052103 0.600537
0.142847 0.052792 0.601053
0.142395 0.052835 0.601758
0.141624 0.052600 0.602224
0.143204 0.052473 0.603284
0.142418 0.053479 0.603277
0.142728 0.052775 0.603407
0.141913 0.053216 0.604497
0.142900 0.053512 0.604543
0.142262 0.053055 0.605155
0.142066 0.053105 0.605163
0.142364 0.052316 0.605817
0.142733 0.051852 0.606285
0.140237 0.052678 0.607292
0.142118 0.052196 0.606233
0.141510 0.053223 0.608727
0.141952 0.052996 0.608833
0.141671 0.052907 0.608892
0.141468 0.053360 0.609506
0.140691 0.053067 0.609085
0.141469 0.053340 0.611035
0.141597 0.052877 0.611275
0.141352 0.052565 0.610188
0.140433 0.052152 0.612712
0.141138 0.051440 0.612344
0.139970 0.052465 0.612905
0.140532 0.053173 0.614115
0.140733 0.052502 0.613501
0.139754 0.053241 0.614796
0.140047 0.052677 0.614980
0.140202 0.052138 0.615315
0.139707 0.052271 0.615857
0.139932 0.053040 0.615259
0.139997 0.053212 0.616823
0.138018 0.052052 0.616872
0.139042 0.052618 0.616974
0.138302 0.052525 0.618723
0.137665 0.052735 0.617248
0.137196 0.052644 0.619825
0.137981 0.052983 0.619647
0.137969 0.052888 0.619234
0.137912 0.053153 0.620232
0.136925 0.052586 0.620320
0.136961 0.052857 0.620904
0.136410 0.052637 0.621360
0.136014 0.052315 0.621831
0.135368 0.052279 0.622333
0.136337 0.053047 0.623448
0.135213 0.051969 0.623642
0.134409 0.052659 0.624485
0.134214 0.052382 0.623481
0.134844 0.053030 0.623723
0.135121 0.052768 0.624369
0.134364 0.052573 0.625483
0.133920 0.053411 0.625755
0.133475 0.053227 0.625243
0.132734 0.052943 0.626493
0.133585 0.052380 0.626814
0.132965 0.052972 0.628216
0.132011 0.052985 0.627567
0.131586 0.054228 0.628254
0.131757 0.051664 0.629184
0.132543 0.052581 0.628316
0.130611 0.052673 0.628738
0.130489 0.052287 0.629709
0.129461 0.052187 0.629967
0.129907 0.052639 0.630249
0.129041 0.052504 0.631192
0.128701 0.053304 0.631286
0.129707 0.052240 0.631319
0.127860 0.051765 0.631991
0.127605 0.052188 0.632017
0.127788 0.052646 0.632177
0.127190 0.053243 0.632162
0.127129 0.052754 0.632794
0.127027 0.052410 0.632420
0.126744 0.052904 0.633879
0.126052 0.053296 0.633353
0.125197 0.052020 0.634109
0.124805 0.052729 0.633808
0.125646 0.052725 0.633271
0.123637 0.052092 0.633394
0.124098 0.052183 0.635204
0.123021 0.052239 0.635510
0.122731 0.053919 0.635207
0.123097 0.053472 0.636140
0.121403 0.053131 0.636445
0.121478 0.052067 0.636030
0.121349 0.052490 0.636538
0.120474 0.057022 0.562930
0.121445 0.055845 0.562545
0.122136 0.056136 0.563439
0.122989 0.054976 0.563836
0.122616 0.055735 0.564117
0.122905 0.056196 0.564768
0.123572 0.056109 0.565398
0.123858 0.055340 0.564694
0.125181 0.055142 0.565371
0.124653 0.056492 0.565085
0.125656 0.056449 0.566211
0.124264 0.056620 0.566070
0.126437 0.055561 0.565606
0.126790 0.056044 0.567059
0.126196 0.055497 0.567621
0.127940 0.056023 0.568552
0.127867 0.055741 0.568069
0.128962 0.055685 0.568098
0.128716 0.056152 0.568244
0.128552 0.056019 0.569434
0.128897 0.055482 0.569295
0.129639 0.057132 0.569429
0.130875 0.056037 0.570387
0.130470 0.056767 0.570434
0.130739 0.055839 0.570838
0.130959 0.055549 0.570402
0.130844 0.054859 0.570336
0.130708 0.056200 0.571572
0.132673 0.056256 0.572500
0.131646 0.056321 0.572522
0.132122 0.056342 0.572943
0.132440 0.056683 0.572712
0.132802 0.055716 0.574427
0.133592 0.056023 0.574691
0.134066 0.055976 0.574736
0.134734 0.056052 0.574165
0.134247 0.055652 0.575477
0.133828 0.055629 0.576150
0.134991 0.057500 0.575376
0.135532 0.055864 0.575995
0.135168 0.056274 0.576510
0.136872 0.056598 0.577067
0.135663 0.056389 0.577619
0.135632 0.055455 0.577741
0.136339 0.056114 0.579378
0.136168 0.056335 0.578378
0.137914 0.055949 0.579330
0.137125 0.056207 0.579662
0.138758 0.055798 0.580347
0.137999 0.056129 0.580898
0.138053 0.056449 0.580969
0.138401 0.055107 0.580844
0.138017 0.056086 0.583011
0.139033 0.056032 0.582375
0.138785 0.056213 0.582515
0.139435 0.056118 0.583060
0.138864 0.055713 0.584317
0.140322 0.055407 0.583658
0.140508 0.055739 0.584197
0.139986 0.056505 0.585240
0.139143 0.056423 0.586183
0.140628 0.055934 0.586025
0.141022 0.056547 0.586609
0.141120 0.056383 0.586990
0.141079 0.056202 0.587611
0.140332 0.056659 0.588393
0.140163 0.055341 0.589013
0.141238 0.056183 0.589088
0.141878 0.056022 0.589149
0.141059 0.055337 0.589749
0.141131 0.056341 0.590088
0.141302 0.056171 0.592109
0.142147 0.055804 0.591220
0.141916 0.056360 0.591839
0.141899 0.056406 0.591726
0.141875 0.055680 0.592865
0.142536 0.056288 0.593189
0.141949 0.055517 0.594578
0.141903 0.055779 0.594755
0.141495 0.054784 0.595402
0.141860 0.055258 0.595504
0.143332 0.055676 0.595819
0.142206 0.057254 0.595814
0.142509 0.055802 0.597014
0.142290 0.055895 0.597768
0.141847 0.056635 0.598237
0.141736 0.055770 0.598388
0.142201 0.056022 0.598825
0.141552 0.057019 0.598887
0.142569 0.055900 0.600156
0.141993 0.056052 0.601097
0.141320 0.055215 0.600642
0.143279 0.055870 0.601583
0.142407 0.056200 0.601458
0.143309 0.056639 0.601549
0.142274 0.054929 0.603839
0.142866 0.056092 0.602667
0.141951 0.055567 0.603143
0.141477 0.055706 0.603853
0.141901 0.056078 0.605011
0.141988 0.055564 0.604675
0.142825 0.055321 0.605503
0.142909 0.056697 0.606420
0.141394 0.056120 0.606111
0.142806 0.056373 0.607605
0.141682 0.055985 0.607710
0.141775 0.055516 0.608896
0.141771 0.055414 0.608988
0.141665 0.055800 0.608756
0.142154 0.056284 0.609369
0.142000 0.055632 0.609505
0.142155 0.056645 0.610823
0.141148 0.055588 0.611380
0.139402 0.056146 0.610631
0.140836 0.055312 0.612392
0.140301 0.055911 0.611467
0.140403 0.055184 0.612345
0.140145 0.055626 0.613376
0.140097 0.055715 0.613706
0.138963 0.056544 0.614632
0.139996 0.056214 0.614854
0.139941 0.056061 0.615332
0.140487 0.056013 0.616314
0.139359 0.056043 0.617054
0.138077 0.056101 0.615902
0.138922 0.055969 0.616745
0.138625 0.055547 0.617216
0.138533 0.056453 0.617746
0.138425 0.056267 0.618133
0.138231 0.055652 0.618562
0.137918 0.055859 0.619679
0.136857 0.057052 0.620437
0.136048 0.055216 0.619673
0.136899 0.056118 0.619637
0.137533 0.055637 0.621553
0.136369 0.055180 0.621853
0.136808 0.055230 0.621732
0.136435 0.055178 0.622845
0.136915 0.055894 0.622091
0.135712 0.055830 0.622313
0.134999 0.057048 0.623325
0.135337 0.055958 0.624452
0.134722 0.056444 0.624197
0.134210 0.056135 0.625257
0.133669 0.056690 0.624856
0.134447 0.055692 0.625840
0.134255 0.055457 0.626063
0.133066 0.055667 0.626002
0.132429 0.055610 0.627142
0.132440 0.055315 0.626496
0.132708 0.056229 0.627497
0.130703 0.056200 0.627714
0.132379 0.055882 0.628215
0.131192 0.056466 0.628837
0.131507 0.054964 0.628776
0.130239 0.055422 0.629862
0.129912 0.056430 0.629419
0.129682 0.056151 0.630945
0.129523 0.056276 0.631424
0.129242 0.056027 0.630229
0.128284 0.055836 0.630690
0.129082 0.055978 0.631750
0.127753 0.055744 0.632615
0.127108 0.055993 0.631958
0.126465 0.056544 0.632649
0.127039 0.055630 0.632936
0.125181 0.055560 0.633407
0.125564 0.055370 0.632799
0.125643 0.056294 0.633768
0.125623 0.056008 0.633884
0.125767 0.056144 0.636170
0.124774 0.056028 0.634627
0.124227 0.055887 0.634447
0.123885 0.055762 0.635860
0.124044 0.056167 0.635423
0.122869 0.054965 0.635517
0.122142 0.056314 0.635732
0.122106 0.056029 0.636095
0.122464 0.056074 0.636393
0.120363 0.055830 0.636896
0.120819 0.059558 0.562756
0.121151 0.060070 0.563538
0.121821 0.059418 0.564209
0.123485 0.058930 0.564088
0.123753 0.059871 0.564672
0.123095 0.058064 0.564656
0.124343 0.059258 0.564620
0.124408 0.059386 0.565119
0.124204 0.059998 0.564639
0.124871 0.059195 0.565663
0.125760 0.058841 0.565741
0.126099 0.059841 0.567134
0.126611 0.059429 0.566214
0.126624 0.058566 0.566590
0.127424 0.059834 0.567315
0.127531 0.059560 0.567120
0.128118 0.060263 0.568234
0.128713 0.059041 0.567796
0.128465 0.059034 0.568347
0.128362 0.059861 0.568727
0.129189 0.059454 0.568149
0.129025 0.059643 0.569034
0.131507 0.059008 0.569623
0.130747 0.060290 0.569419
0.131657 0.058810 0.570759
0.130659 0.058760 0.571773
0.131706 0.058995 0.571211
0.131429 0.059847 0.572285
0.131979 0.059130 0.572374
0.132632 0.059519 0.572188
0.132402 0.059152 0.573089
0.133236 0.059360 0.573251
0.133340 0.059273 0.574043
0.134095 0.058885 0.573918
0.133805 0.058811 0.574849
0.133610 0.059254 0.574589
0.134606 0.059599 0.574619
0.134703 0.058985 0.575293
0.135785 0.059344 0.575648
0.135400 0.058820 0.576341
0.135286 0.059525 0.576690
0.135418 0.059270 0.576509
0.135628 0.059369 0.577873
0.136096 0.059217 0.578173
0.136781 0.058217 0.578249
0.136433 0.059978 0.579477
0.136905 0.059715 0.578459
0.137845 0.060740 0.579641
0.137240 0.059459 0.579820
0.137139 0.059098 0.581264
0.137889 0.059181 0.580514
0.137902 0.057982 0.580537
0.139014 0.058924 0.582405
0.138796 0.058896 0.581580
0.138853 0.058794 0.583283
0.140093 0.058528 0.583410
0.138907 0.059162 0.583782
0.138804 0.059698 0.584176
0.139754 0.059892 0.584382
0.139039 0.059390 0.584889
0.140340 0.058791 0.585000
0.139882 0.059337 0.585881
0.140770 0.059747 0.586814
0.140397 0.059838 0.587864
0.140303 0.058902 0.586665
0.140294 0.060074 0.588322
0.140438 0.060184 0.589178
0.141926 0.059063 0.588696
0.140904 0.058987 0.589681
0.141325 0.058810 0.590024
0.140964 0.058774 0.590502
0.142503 0.059243 0.590735
0.141959 0.059828 0.591535
0.141646 0.059126 0.591576
0.142220 0.059368 0.591912
0.141856 0.059003 0.592381
0.142241 0.059272 0.593057
0.141776 0.059484 0.593223
0.142229 0.059809 0.594805
0.142696 0.059005 0.594856
0.142307 0.059266 0.595465
0.142034 0.059243 0.595914
0.142309 0.059601 0.596031
0.143056 0.058537 0.596631
0.142138 0.059748 0.596631
0.142454 0.058960 0.597878
0.142102 0.059357 0.598232
0.142276 0.059040 0.598560
0.141584 0.059335 0.599442
0.142744 0.058827 0.599092
0.142915 0.058909 0.599829
0.141584 0.058683 0.600461
0.143125 0.058986 0.601664
0.142079 0.059044 0.601574
0.142792 0.059147 0.602555
0.142475 0.060151 0.602657
0.142270 0.059363 0.602907
0.142591 0.059264 0.603390
0.141833 0.058880 0.604962
0.143101 0.059273 0.605606
0.142726 0.059560 0.606007
0.142408 0.059403 0.605947
0.141830 0.059280 0.605848
0.141704 0.059222 0.606621
0.142125 0.058202 0.607585
0.141355 0.059289 0.608881
0.140973 0.059209 0.608030
0.141986 0.060897 0.608790
0.139857 0.058868 0.609088
0.140867 0.059451 0.609561
0.141660 0.059787 0.609299
0.141382 0.058955 0.610790
0.140679 0.058926 0.611280
0.141568 0.058917 0.611465
0.141469 0.058923 0.611239
0.140486 0.058880 0.612930
0.140015 0.059408 0.612246
0.139513 0.058765 0.613717
0.140587 0.059105 0.613899
0.139333 0.059659 0.614893
0.140252 0.058795 0.615728
0.139510 0.059242 0.615080
0.139570 0.059216 0.615464
0.139561 0.059113 0.615728
0.138351 0.059700 0.616909
0.139052 0.060150 0.617055
0.138659 0.059675 0.617538
0.138511 0.059329 0.618273
0.138399 0.059544 0.618752
0.137442 0.059228 0.619544
0.138474 0.059274 0.619230
0.137487 0.059417 0.620696
0.138074 0.059823 0.620871
0.137173 0.058717 0.620469
0.137139 0.059397 0.620821
0.136617 0.058808 0.622300
0.136469 0.059316 0.622765
0.136633 0.059172 0.622382
0.134787 0.059042 0.623043
0.135561 0.059697 0.623143
0.135446 0.059198 0.623242
0.135431 0.059452 0.623539
0.134576 0.059947 0.623635
0.134912 0.059459 0.625560
0.133584 0.060381 0.625800
0.133931 0.059352 0.625350
0.133340 0.059565 0.625664
0.132906 0.059492 0.626603
0.133546 0.059794 0.627587
0.132042 0.058922 0.628278
0.131076 0.058302 0.627697
0.132165 0.059641 0.627927
0.131793 0.059984 0.627730
0.131682 0.059203 0.629236
0.131298 0.058762 0.629262
0.130542 0.059351 0.629541
0.129815 0.059411 0.629017
0.129720 0.060098 0.629947
0.129856 0.060653 0.630318
0.129312 0.058816 0.630649
0.128214 0.059356 0.631099
0.128401 0.059189 0.631468
0.128111 0.059159 0.631850
0.127795 0.058899 0.632059
0.127256 0.059578 0.632550
0.127402 0.059497 0.632920
0.126362 0.059089 0.633074
0.126491 0.058936 0.632925
0.126254 0.059406 0.634428
0.124983 0.059386 0.634419
0.125303 0.059526 0.634235
0.124584 0.059079 0.635630
0.123994 0.058993 0.634994
0.123754 0.059635 0.635197
0.123220 0.059087 0.635496
0.122381 0.060022 0.635713
0.121540 0.058976 0.635728
0.122826 0.059262 0.636081
0.121660 0.058751 0.636485
0.121118 0.060032 0.636709
0.120575 0.062702 0.563395
0.121413 0.062281 0.562250
0.121597 0.063312 0.563831
0.123032 0.062979 0.565103
0.122743 0.062050 0.564271
0.123640 0.062059 0.564895
0.123450 0.062983 0.564125
0.124137 0.063496 0.565118
0.125470 0.063018 0.565623
0.125458 0.063145 0.564983
0.125105 0.063011 0.566102
0.125499 0.062458 0.565652
0.127528 0.062964 0.566788
0.126096 0.062493 0.567329
0.127302 0.062988 0.566973
0.126798 0.062456 0.567491
0.127950 0.063241 0.567504
0.128265 0.062796 0.567946
0.128070 0.061633 0.568997
0.129345 0.063171 0.567959
0.129343 0.062287 0.568601
0.129643 0.063211 0.569094
0.130412 0.063066 0.570493
0.130872 0.063127 0.570373
0.130029 0.061821 0.570851
0.130470 0.062862 0.570815
0.131755 0.063464 0.571530
0.130886 0.062554 0.571514
0.131879 0.062710 0.572249
0.133324 0.062483 0.571564
0.132828 0.062507 0.572996
0.132324 0.062528 0.573433
0.132325 0.063079 0.573462
0.133596 0.063724 0.573416
0.134096 0.062015 0.574782
0.133346 0.062180 0.575745
0.133991 0.061799 0.574737
0.134387 0.063069 0.574942
0.135097 0.062272 0.576573
0.135285 0.063208 0.576455
0.135419 0.061626 0.576682
0.134838 0.062224 0.577203
0.136392 0.062448 0.577511
0.136619 0.062877 0.577841
0.137103 0.063481 0.578246
0.137368 0.063046 0.578702
0.137798 0.061971 0.579827
0.136958 0.062723 0.579015
0.137124 0.062839 0.579736
0.137708 0.062553 0.581641
0.137787 0.061807 0.581276
0.137043 0.062695 0.580494
0.138434 0.063067 0.581259
0.138678 0.062285 0.582498
0.138559 0.062254 0.582653
0.138598 0.061554 0.583928
0.138775 0.063032 0.583834
0.138869 0.062802 0.583713
0.140661 0.062897 0.584666
0.140252 0.061757 0.584528
0.139937 0.062247 0.585492
0.139877 0.062636 0.587198
0.141060 0.062816 0.587730
0.141238 0.062820 0.587517
0.141453 0.063051 0.587310
0.141894 0.062949 0.588305
0.140681 0.062297 0.588980
0.141142 0.062879 0.588701
0.140339 0.062476 0.589666
0.140828 0.062312 0.589581
0.140442 0.061816 0.590309
0.141271 0.062521 0.591336
0.141841 0.062343 0.591397
0.142357 0.062934 0.591974
0.142422 0.062726 0.592742
0.142238 0.062492 0.592790
0.141958 0.062810 0.593811
0.142478 0.062131 0.594203
0.142728 0.062539 0.594569
0.142918 0.062284 0.594983
0.142476 0.062842 0.595351
0.142611 0.062666 0.595990
0.142399 0.062085 0.596737
0.143530 0.062481 0.597055
0.142518 0.063107 0.596761
0.141918 0.062480 0.597669
0.142368 0.062803 0.598328
0.141962 0.062074 0.598482
0.141892 0.062615 0.598328
0.143078 0.062739 0.599017
0.142450 0.062626 0.599950
0.142440 0.061751 0.599765
0.142674 0.061938 0.600409
0.143072 0.062308 0.601599
0.142468 0.063083 0.601798
0.142196 0.062119 0.602262
0.142890 0.063225 0.602987
0.143015 0.062064 0.603198
0.143103 0.063051 0.604604
0.142582 0.062279 0.604107
0.142800 0.062863 0.604795
0.142729 0.062839 0.605525
0.141092 0.063120 0.605124
0.142172 0.062439 0.607162
0.142282 0.062457 0.606530
0.142437 0.062022 0.607488
0.141643 0.063453 0.608017
0.141880 0.063317 0.607560
0.141741 0.063827 0.609296
0.141273 0.062666 0.610395
0.141563 0.062684 0.610121
0.140995 0.062048 0.610918
0.140018 0.062633 0.611606
0.141108 0.062418 0.611945
0.140325 0.062735 0.612414
0.141453 0.062676 0.613024
0.140453 0.062467 0.611868
0.139951 0.062808 0.613248
0.140513 0.062706 0.613023
0.139201 0.062884 0.614529
0.139785 0.062035 0.615249
0.139862 0.063551 0.616067
0.139761 0.062265 0.616187
0.139584 0.062211 0.616561
0.138665 0.062680 0.616662
0.138454 0.062704 0.616752
0.138660 0.062767 0.618357
0.138003 0.062839 0.617983
0.138660 0.061762 0.618736
0.137565 0.063200 0.619242
0.137468 0.061504 0.619868
0.137818 0.062457 0.619581
0.136880 0.062306 0.620079
0.137735 0.062736 0.621113
0.136734 0.062685 0.621102
0.137606 0.062705 0.622327
0.135830 0.062906 0.621644
0.136341 0.061589 0.621547
0.135782 0.062664 0.623995
0.136270 0.063647 0.623021
0.134831 0.062331 0.623972
0.133920 0.063115 0.623501
0.135548 0.063335 0.625325
0.134295 0.062712 0.625944
0.133698 0.062865 0.624692
0.134423 0.062114 0.625111
0.134049 0.061883 0.626153
0.132982 0.062957 0.626980
0.133675 0.062135 0.626678
0.133293 0.063032 0.627437
0.132414 0.062506 0.627690
0.132041 0.063426 0.628300
0.131189 0.062887 0.628242
0.131722 0.062687 0.629619
0.131139 0.063710 0.629243
0.130641 0.062409 0.629560
0.130659 0.062200 0.629490
0.129305 0.062459 0.630534
0.129860 0.063057 0.630716
0.129535 0.062145 0.631141
0.128492 0.062936 0.631444
0.128327 0.063176 0.630478
0.127326 0.062488 0.631925
0.127367 0.063177 0.632315
0.127165 0.062597 0.631939
0.126776 0.062990 0.632920
0.127042 0.062815 0.633553
0.125379 0.062145 0.633559
0.125160 0.062489 0.634277
0.125686 0.064009 0.633278
0.125021 0.062877 0.635095
0.124577 0.061880 0.634820
0.124947 0.062333 0.634447
0.123314 0.062868 0.635799
0.122861 0.062917 0.635836
0.123274 0.062783 0.635280
0.123095 0.063054 0.635369
0.122642 0.062890 0.636686
0.121514 0.062577 0.637110
0.120735 0.062868 0.636932
0.121672 0.066019 0.562953
0.121603 0.066898 0.563869
0.122248 0.066048 0.563471
0.122224 0.065758 0.564555
0.122772 0.065149 0.564068
0.123462 0.066166 0.564441
0.124390 0.066561 0.564797
0.124254 0.065413 0.565070
0.125764 0.066188 0.565922
0.124620 0.066188 0.566336
0.124824 0.065865 0.565106
0.124261 0.066043 0.566549
0.125817 0.065842 0.566592
0.126212 0.066179 0.567718
0.127871 0.066088 0.566741
0.128111 0.065997 0.567463
0.127928 0.065781 0.567889
0.127549 0.066439 0.567936
0.128188 0.066934 0.568592
0.128769 0.065538 0.569406
0.128919 0.065227 0.568230
0.129342 0.065922 0.569347
0.129217 0.066524 0.569563
0.131089 0.066029 0.569301
0.130685 0.067189 0.570082
0.131732 0.065318 0.571692
0.131289 0.065575 0.570600
0.131724 0.065779 0.571991
0.131096 0.065711 0.571993
0.132362 0.065561 0.572286
0.132435 0.066926 0.573423
0.133128 0.065957 0.572980
0.133946 0.066306 0.573040
0.133470 0.066501 0.574264
0.134042 0.066379 0.573952
0.134074 0.066928 0.574469
0.134895 0.065648 0.575297
0.134690 0.064689 0.575956
0.135018 0.065766 0.575143
0.135966 0.066819 0.575209
0.136095 0.065173 0.576597
0.136649 0.065959 0.576675
0.135781 0.065693 0.576516
0.136626 0.065409 0.578328
0.136444 0.066514 0.577908
0.136317 0.066913 0.578445
0.136646 0.065972 0.578675
0.137724 0.066055 0.580334
0.137236 0.066356 0.580581
0.138450 0.066542 0.580424
0.138379 0.065426 0.580690
0.137951 0.066825 0.581582
0.139510 0.065922 0.581824
0.139150 0.065583 0.581807
0.139173 0.065842 0.582970
0.139534 0.065087 0.584006
0.138474 0.066631 0.583878
0.141113 0.067195 0.583543
0.140090 0.066001 0.584440
0.140705 0.065834 0.583987
0.139355 0.065952 0.585701
0.139690 0.064987 0.586898
0.138946 0.066344 0.585970
0.139210 0.066037 0.587238
0.140790 0.065854 0.587236
0.140932 0.065081 0.588192
0.140669 0.066086 0.588972
0.141777 0.066394 0.588667
0.140678 0.066490 0.589327
0.140903 0.066413 0.590300
0.141329 0.067163 0.590083
0.141784 0.064727 0.590743
0.141342 0.066035 0.591543
0.141612 0.066197 0.592400
0.140808 0.066845 0.592811
0.142183 0.065661 0.593004
0.142773 0.065691 0.593530
0.141467 0.066533 0.593414
0.142467 0.065945 0.594664
0.142520 0.065978 0.595242
0.141384 0.066336 0.595404
0.142947 0.065876 0.595921
0.141722 0.066530 0.597584
0.142043 0.065808 0.597233
0.142626 0.065594 0.597229
0.141896 0.066133 0.598087
0.142543 0.065207 0.597655
0.141636 0.066540 0.598851
0.142894 0.066008 0.599707
0.141561 0.067238 0.600520
0.142528 0.066373 0.600731
0.142699 0.065785 0.601443
0.142661 0.065551 0.601916
0.142931 0.066161 0.601781
0.142612 0.065310 0.603176
0.142177 0.066320 0.602829
0.142217 0.066301 0.603467
0.142257 0.065785 0.604450
0.142141 0.065665 0.603707
0.141513 0.066663 0.603877
0.142483 0.066076 0.605766
0.141718 0.065648 0.605676
0.142209 0.066189 0.606047
0.141507 0.065884 0.606709
0.141903 0.065715 0.608344
0.141435 0.065367 0.607301
0.141617 0.065692 0.606953
0.141761 0.066298 0.608895
0.142083 0.065631 0.609338
0.141433 0.066806 0.609999
0.141803 0.065450 0.610144
0.140835 0.065638 0.611418
0.141190 0.066289 0.610270
0.141461 0.065035 0.611386
0.140065 0.066326 0.610785
0.140679 0.065406 0.612393
0.140917 0.065740 0.613746
0.141383 0.064946 0.613590
0.140325 0.066840 0.613695
0.140536 0.064945 0.614001
0.139769 0.065666 0.615569
0.140043 0.065518 0.615871
0.139756 0.065608 0.615152
0.138938 0.066317 0.616341
0.138569 0.064872 0.616751
0.139485 0.065592 0.617304
0.138441 0.066328 0.617903
0.138875 0.065249 0.617813
0.137291 0.065408 0.618891
0.137760 0.066158 0.618148
0.138010 0.065774 0.619780
0.137334 0.064974 0.620046
0.137025 0.065724 0.619915
0.136635 0.065505 0.620674
0.136606 0.065470 0.621693
0.136457 0.066161 0.621302
0.136764 0.066519 0.621916
0.135167 0.066029 0.621718
0.135372 0.064844 0.622895
0.134564 0.065467 0.623620
0.136003 0.065738 0.623321
0.135054 0.066173 0.624209
0.135014 0.065626 0.623556
0.134545 0.065944 0.624411
0.134834 0.066090 0.625299
0.132870 0.065328 0.625062
0.132867 0.066246 0.625935
0.133552 0.065622 0.626266
0.132792 0.066187 0.626000
0.133140 0.066602 0.628019
0.132759 0.065911 0.626978
0.132546 0.065669 0.628360
0.132027 0.066281 0.627745
0.131025 0.066602 0.629371
0.130623 0.066680 0.629538
0.130434 0.065884 0.629067
0.129825 0.066351 0.630288
0.130002 0.065748 0.630465
0.130071 0.066013 0.629470
0.129030 0.066457 0.631065
0.130005 0.065726 0.631353
0.128377 0.065904 0.631189
0.128328 0.065767 0.631574
0.128619 0.065547 0.631692
0.127492 0.066265 0.631756
0.126833 0.065813 0.633833
0.126091 0.066064 0.632949
0.125536 0.065268 0.633130
0.126156 0.066339 0.633796
0.124694 0.066332 0.634662
0.125012 0.066227 0.634033
0.124591 0.065717 0.634389
0.124469 0.065308 0.634890
0.124041 0.066430 0.635983
0.122965 0.065705 0.635316
0.123768 0.065932 0.635852
0.122744 0.066173 0.635330
0.121592 0.065819 0.635419
0.121802 0.065895 0.636599
0.120917 0.066413 0.637006
0.121491 0.069921 0.564107
0.121463 0.069464 0.563401
0.121481 0.068653 0.564708
0.122870 0.070212 0.563726
0.124165 0.069017 0.564355
0.123514 0.069620 0.563673
0.123666 0.069812 0.565274
0.123671 0.069812 0.565359
0.125227 0.069125 0.565217
0.125028 0.069273 0.565616
0.124300 0.070452 0.565457
0.126687 0.069729 0.566244
0.125937 0.070154 0.566489
0.126909 0.069876 0.567007
0.126752 0.069683 0.566978
0.127432 0.069040 0.566800
0.127593 0.070821 0.567953
0.128040 0.069673 0.568299
0.127917 0.069477 0.568019
0.128967 0.069891 0.569293
0.129393 0.069979 0.568420
0.129248 0.069753 0.569283
0.129855 0.069476 0.569778
0.130869 0.068572 0.570730
0.129767 0.069709 0.570525
0.130660 0.069384 0.571149
0.131027 0.069059 0.572254
0.131745 0.069202 0.571595
0.131658 0.069659 0.572522
0.132069 0.068969 0.572763
0.132758 0.069344 0.572132
0.131966 0.070381 0.573794
0.132715 0.069680 0.573769
0.133677 0.069348 0.574927
0.133290 0.069099 0.574749
0.134316 0.069950 0.575450
0.134845 0.069220 0.575065
0.134972 0.069898 0.575786
0.134258 0.068922 0.575819
0.135577 0.068675 0.575684
0.135382 0.068518 0.576845
0.135565 0.069621 0.575995
0.136470 0.069209 0.578229
0.136374 0.068469 0.578129
0.136394 0.069140 0.578410
0.136764 0.069266 0.578507
0.137542 0.068873 0.579797
0.137574 0.068897 0.580182
0.137781 0.069378 0.580630
0.138317 0.068541 0.580698
0.137883 0.069057 0.580844
0.138418 0.068629 0.581839
0.138756 0.069078 0.582173
0.138726 0.069650 0.581951
0.139079 0.069228 0.582395
0.139060 0.069468 0.583336
0.139803 0.069166 0.583616
0.139251 0.068187 0.584407
0.140124 0.070849 0.584609
0.140271 0.069458 0.584525
0.139634 0.069068 0.585953
0.140659 0.069690 0.586341
0.140439 0.069239 0.586649
0.140430 0.069109 0.587231
0.139669 0.069333 0.587813
0.140658 0.069270 0.587220
0.141289 0.069424 0.589025
0.140891 0.070732 0.589131
0.141739 0.068938 0.588775
0.141470 0.069546 0.588370
0.141827 0.069972 0.590165
0.141427 0.068821 0.590646
0.142311 0.068950 0.591460
0.142251 0.068994 0.592162
0.141793 0.069399 0.592851
0.142562 0.069246 0.593600
0.142355 0.069736 0.594481
0.142373 0.069476 0.593591
0.142764 0.069231 0.593672
0.141774 0.069964 0.594683
0.141680 0.070072 0.595341
0.142096 0.069288 0.595407
0.142800 0.069365 0.597364
0.142231 0.068574 0.596815
0.142715 0.069718 0.597275
0.142380 0.069448 0.597631
0.142257 0.069584 0.598082
0.141898 0.068780 0.598919
0.142601 0.069008 0.599322
0.143108 0.068723 0.600798
0.141593 0.070359 0.600361
0.142543 0.069143 0.600720
0.142847 0.069870 0.600110
0.141408 0.069379 0.602692
0.141838 0.069590 0.602587
0.142758 0.068991 0.602996
0.142759 0.069626 0.604563
0.142543 0.068736 0.603512
0.141786 0.069008 0.604315
0.143388 0.069154 0.604299
0.142193 0.069270 0.604936
0.142330 0.069362 0.606094
0.142437 0.069005 0.606314
0.143148 0.069416 0.606472
0.141637 0.069453 0.606070
0.141350 0.069439 0.607542
0.142075 0.069845 0.608499
0.141546 0.069331 0.608432
0.141120 0.069914 0.609294
0.141904 0.069202 0.609920
0.141010 0.069989 0.610661
0.141940 0.068721 0.611301
0.141566 0.069364 0.610575
0.140489 0.069155 0.611013
0.141357 0.068605 0.612156
0.141034 0.069284 0.612799
0.139900 0.069995 0.613042
0.141116 0.069570 0.614040
0.140111 0.069611 0.613769
0.140075 0.068546 0.614562
0.140843 0.069362 0.614458
0.140183 0.068836 0.615058
0.139327 0.070003 0.615891
0.138356 0.068850 0.616557
0.138696 0.069020 0.616232
0.139197 0.068163 0.616854
0.138450 0.069764 0.616994
0.138081 0.069871 0.617910
0.138186 0.069897 0.618345
0.137835 0.069777 0.619299
0.138075 0.069124 0.619961
0.137284 0.069208 0.618724
0.137540 0.069175 0.621178
0.137192 0.069695 0.621065
0.136606 0.069894 0.621116
0.136495 0.069432 0.621631
0.136477 0.069307 0.622123
0.135903 0.069541 0.622095
0.135868 0.069281 0.623074
0.136970 0.069535 0.623389
0.134960 0.068856 0.623862
0.135034 0.069159 0.622709
0.135108 0.069838 0.624288
0.134823 0.068983 0.625385
0.134252 0.070002 0.625452
0.133880 0.069350 0.625701
0.133043 0.069226 0.625152
0.133000 0.069718 0.626487
0.132414 0.069398 0.627387
0.132149 0.068290 0.626913
0.132513 0.069319 0.627563
0.131439 0.069149 0.627402
0.131357 0.069248 0.629591
0.131817 0.069597 0.628422
0.130612 0.069167 0.629337
0.130391 0.069638 0.629785
0.130671 0.069126 0.629801
0.129347 0.069996 0.630293
0.128530 0.069063 0.630835
0.128749 0.069450 0.631288
0.129165 0.068499 0.632391
0.128168 0.068856 0.631713
0.128650 0.068521 0.632007
0.127154 0.069017 0.631188
0.127148 0.069449 0.632610
0.127795 0.069412 0.632962
0.127064 0.068685 0.632514
0.125877 0.069312 0.633852
0.126297 0.069205 0.634657
0.125927 0.069800 0.634148
0.125204 0.068852 0.634150
0.124531 0.069204 0.633593
0.124302 0.070508 0.635240
0.123560 0.069637 0.635087
0.123430 0.068844 0.635651
0.123274 0.069800 0.636231
0.123086 0.069908 0.636272
0.121470 0.068924 0.636084
0.122329 0.069455 0.636351
0.120911 0.068883 0.636624
0.120653 0.072719 0.562851
0.121840 0.072268 0.563831
0.123004 0.072653 0.563535
0.123412 0.072990 0.563777
0.122360 0.073144 0.565449
0.123732 0.072943 0.564148
0.123761 0.073379 0.564256
0.124627 0.072651 0.564165
0.124927 0.072049 0.566123
0.125579 0.071968 0.566089
0.125249 0.072180 0.565904
0.125531 0.073016 0.566332
0.126429 0.072461 0.565703
0.126793 0.073329 0.567564
0.127319 0.073005 0.566525
0.127326 0.072740 0.567113
0.128237 0.071735 0.567710
0.127915 0.072857 0.568542
0.127495 0.072844 0.568273
0.128738 0.072401 0.568360
0.129225 0.072177 0.568250
0.130517 0.073420 0.568977
0.129714 0.073741 0.569802
0.129401 0.073160 0.570143
0.131003 0.072208 0.570949
0.131037 0.072967 0.570260
0.130368 0.073216 0.571120
0.132169 0.072885 0.572165
0.131652 0.073686 0.571863
0.132164 0.072807 0.572629
0.132381 0.072214 0.573601
0.132631 0.072301 0.572878
0.133010 0.072385 0.573950
0.133644 0.072027 0.573716
0.133131 0.072678 0.573805
0.134607 0.072767 0.574141
0.133726 0.073445 0.575728
0.135166 0.073100 0.576282
0.134411 0.072840 0.575275
0.134688 0.072201 0.576349
0.135251 0.072601 0.576746
0.135665 0.073270 0.577082
0.136416 0.072581 0.577852
0.136804 0.072922 0.577449
0.136495 0.073230 0.578607
0.136847 0.073024 0.578606
0.137308 0.073084 0.579269
0.137555 0.072336 0.579289
0.137429 0.072605 0.580504
0.137259 0.073105 0.580726
0.137562 0.072702 0.580928
0.138724 0.072852 0.580780
0.138293 0.072854 0.581426
0.138969 0.073750 0.583003
0.138724 0.072738 0.582369
0.138725 0.072699 0.583834
0.139849 0.072793 0.583884
0.138518 0.072019 0.583229
0.139188 0.072959 0.584273
0.140169 0.073061 0.585585
0.140270 0.072851 0.584948
0.139712 0.072189 0.586125
0.140176 0.073077 0.587688
0.140772 0.072649 0.587343
0.140604 0.073114 0.586686
0.140525 0.072492 0.587130
0.140545 0.072566 0.588091
0.141830 0.072924 0.588693
0.141063 0.072516 0.589534
0.142116 0.072814 0.589755
0.141570 0.073000 0.590523
0.141692 0.071989 0.590421
0.142363 0.072541 0.591161
0.141683 0.073115 0.591813
0.141742 0.072674 0.592719
0.141329 0.072733 0.592691
0.142153 0.072127 0.593624
0.142460 0.072836 0.593399
0.141643 0.072204 0.594992
0.142118 0.072920 0.594639
0.143374 0.072753 0.594833
0.142496 0.073062 0.595729
0.141862 0.074272 0.595637
0.142208 0.072668 0.596957
0.142247 0.072495 0.597608
0.142874 0.072001 0.597565
0.142523 0.072564 0.598009
0.141826 0.073455 0.598229
0.141958 0.072250 0.600063
0.142838 0.072309 0.600653
0.142319 0.072770 0.599375
0.142847 0.073513 0.600938
0.142971 0.072774 0.601253
0.142087 0.072093 0.602247
0.143298 0.072604 0.602078
0.142733 0.072811 0.602890
0.142535 0.072923 0.603695
0.141845 0.072997 0.604104
0.142747 0.072173 0.604490
0.141614 0.072329 0.604687
0.141651 0.072399 0.605860
0.142227 0.073084 0.605550
0.142438 0.072822 0.606278
0.141773 0.072893 0.607030
0.141841 0.073013 0.607088
0.141492 0.072659 0.607845
0.141637 0.072300 0.607277
0.141276 0.072701 0.607691
0.142301 0.072872 0.609232
0.141405 0.071799 0.609652
0.141479 0.072455 0.610007
0.141259 0.072370 0.610736
0.140035 0.073069 0.611373
0.140625 0.072787 0.611587
0.140290 0.073351 0.611939
0.140241 0.072969 0.612224
0.139446 0.072944 0.613165
0.139637 0.072042 0.612821
0.139353 0.072435 0.613800
0.139912 0.073469 0.614017
0.139627 0.073146 0.614608
0.139800 0.072923 0.614794
0.140119 0.072721 0.616608
0.139845 0.073010 0.617481
0.139095 0.073169 0.616742
0.138644 0.073328 0.617308
0.138024 0.072668 0.617763
0.138038 0.073810 0.617247
0.139257 0.072725 0.618999
0.137830 0.072532 0.618313
0.137696 0.073454 0.618568
0.137395 0.073040 0.620120
0.136340 0.072815 0.620916
0.136526 0.072376 0.620782
0.137676 0.073124 0.620631
0.137877 0.072706 0.621008
0.136762 0.072847 0.622098
0.136317 0.072377 0.623153
0.135405 0.072581 0.622102
0.135700 0.072747 0.622960
0.135396 0.072509 0.623294
0.135960 0.073096 0.623495
0.134920 0.072634 0.625097
0.134621 0.072639 0.624533
0.133905 0.072299 0.626053
0.134589 0.072770 0.625254
0.133629 0.073674 0.625641
0.133953 0.072776 0.626892
0.132385 0.072028 0.627435
0.132908 0.072671 0.626816
0.133158 0.073060 0.627663
0.131982 0.073711 0.628006
0.130747 0.072863 0.628311
0.131049 0.072794 0.628600
0.131004 0.072322 0.629043
0.130878 0.073925 0.629770
0.129593 0.072155 0.629932
0.130058 0.073044 0.629750
0.129508 0.073273 0.630155
0.129515 0.071922 0.630897
0.129825 0.071972 0.631980
0.129228 0.073213 0.631727
0.128291 0.073189 0.631452
0.128179 0.073149 0.631715
0.128327 0.073066 0.632256
0.126690 0.073115 0.632523
0.126828 0.072867 0.632585
0.125933 0.073078 0.633677
0.125579 0.072247 0.633268
0.125597 0.073198 0.634314
0.125140 0.072795 0.634449
0.124236 0.072741 0.634707
0.123277 0.072232 0.635384
0.123783 0.072645 0.635239
0.123560 0.072827 0.635980
0.122929 0.072515 0.635099
0.122553 0.071874 0.636433
0.122497 0.073169 0.636730
0.121974 0.072895 0.635852
0.121203 0.072979 0.636888
0.121543 0.076922 0.563943
0.122109 0.076129 0.563144
0.122199 0.075643 0.564042
0.122353 0.075800 0.563458
0.123111 0.077449 0.565492
0.123545 0.076129 0.564136
0.123869 0.076379 0.564115
0.124472 0.075441 0.565345
0.125357 0.075632 0.564180
0.124440 0.076511 0.565535
0.125088 0.076422 0.565908
0.126471 0.075170 0.566444
0.126381 0.076754 0.566679
0.127047 0.075602 0.567195
0.126371 0.075738 0.566054
0.127701 0.076986 0.566683
0.127923 0.076278 0.568344
0.127994 0.075980 0.567915
0.128598 0.075722 0.567906
0.129839 0.076447 0.569667
0.129851 0.076590 0.569353
0.129459 0.076346 0.570161
0.129529 0.075603 0.570887
0.130720 0.075666 0.571110
0.130436 0.076503 0.570069
0.130944 0.076609 0.570720
0.131486 0.076369 0.571625
0.132049 0.076139 0.571557
0.131962 0.075958 0.571895
0.131508 0.076852 0.572694
0.131759 0.076213 0.573262
0.132226 0.075851 0.572231
0.133045 0.075871 0.573801
0.134001 0.076186 0.573378
0.133708 0.075817 0.574286
0.134682 0.076121 0.574514
0.134773 0.076292 0.576330
0.134740 0.075659 0.574535
0.134509 0.075571 0.575398
0.134645 0.076108 0.576377
0.135803 0.076587 0.576867
0.135999 0.076373 0.575979
0.136482 0.075680 0.578424
0.136240 0.075674 0.578172
0.136972 0.076178 0.578232
0.135624 0.075908 0.578342
0.137076 0.076324 0.579769
0.137843 0.075172 0.580044
0.138196 0.077082 0.580618
0.137766 0.075781 0.580640
0.138031 0.076101 0.581438
0.138579 0.076378 0.582156
0.138468 0.075955 0.582070
0.139386 0.076679 0.582216
0.138949 0.076320 0.582412
0.138438 0.076098 0.582889
0.138978 0.077113 0.584394
0.138962 0.076715 0.584523
0.140136 0.075875 0.583948
0.139762 0.076135 0.584688
0.139735 0.076368 0.585833
0.139866 0.075764 0.586626
0.140268 0.075602 0.586917
0.140701 0.075712 0.586835
0.140161 0.076260 0.588245
0.141082 0.075428 0.588230
0.140613 0.075154 0.588636
0.140891 0.075918 0.589023
0.141012 0.076361 0.590398
0.141406 0.076680 0.588477
0.141526 0.075865 0.589921
0.142416 0.076319 0.590157
0.142164 0.076424 0.590673
0.141418 0.076478 0.591708
0.141660 0.076022 0.592126
0.141756 0.076071 0.593966
0.141896 0.075908 0.593628
0.141789 0.075411 0.593170
0.142243 0.076753 0.593346
0.141911 0.077219 0.595222
0.141927 0.076057 0.594078
0.143144 0.076601 0.596443
0.142723 0.076642 0.596317
0.141927 0.076060 0.596706
0.142959 0.076198 0.596895
0.142145 0.075851 0.598426
0.142798 0.075578 0.598419
0.142744 0.077192 0.598790
0.143012 0.075943 0.598972
0.142172 0.075863 0.599428
0.141856 0.075782 0.600831
0.142639 0.076311 0.600090
0.143160 0.076040 0.601087
0.142485 0.076287 0.601833
0.141904 0.076830 0.601400
0.142277 0.075759 0.603034
0.142394 0.076786 0.602570
0.142401 0.076026 0.604028
0.142000 0.076831 0.604189
0.141926 0.076393 0.605319
0.142382 0.075912 0.605757
0.142287 0.076188 0.605824
0.142489 0.075785 0.606947
0.142431 0.075911 0.607117
0.141679 0.075941 0.607019
0.141819 0.076232 0.608064
0.141439 0.075517 0.607340
0.142464 0.076629 0.608818
0.140028 0.076444 0.609784
0.141332 0.076661 0.608991
0.141690 0.076874 0.609724
0.140774 0.076096 0.610996
0.140924 0.076088 0.611585
0.141628 0.076300 0.610922
0.139694 0.076327 0.612253
0.140322 0.076062 0.612461
0.140090 0.076083 0.613104
0.141003 0.076017 0.614348
0.139647 0.075925 0.613986
0.140571 0.076372 0.614129
0.139189 0.076293 0.614102
0.139132 0.076314 0.615354
0.139222 0.076567 0.615431
0.138423 0.076416 0.615976
0.139321 0.076743 0.616589
0.139247 0.076110 0.616832
0.138073 0.075882 0.617907
0.137801 0.076488 0.618529
0.138659 0.076238 0.618189
0.138133 0.076804 0.619574
0.136880 0.076581 0.619297
0.138009 0.076463 0.619608
0.137166 0.075850 0.620155
0.136347 0.076395 0.620218
0.136435 0.076563 0.620515
0.135886 0.076117 0.622472
0.137841 0.076265 0.621795
0.135955 0.076519 0.622317
0.135904 0.075591 0.623355
0.135549 0.076026 0.622586
0.135079 0.075993 0.622405
0.134651 0.075501 0.623572
0.134924 0.077132 0.623389
0.134653 0.076062 0.625361
0.133657 0.076423 0.626043
0.133261 0.076582 0.625427
0.133389 0.075890 0.626436
0.133862 0.075972 0.625998
0.133340 0.075926 0.627513
0.133057 0.076231 0.627871
0.131706 0.076917 0.628711
0.132479 0.076269 0.628170
0.131538 0.077065 0.628205
0.131998 0.075576 0.628912
0.131316 0.076466 0.629369
0.131035 0.076281 0.629476
0.129663 0.076901 0.628945
0.129608 0.076822 0.629950
0.129589 0.076004 0.630666
0.129556 0.076314 0.630679
0.129477 0.074958 0.631164
0.128208 0.075291 0.631057
0.128230 0.076384 0.632697
0.126973 0.076370 0.632683
0.126610 0.076668 0.632499
0.127375 0.075737 0.633242
0.126609 0.075996 0.634236
0.125951 0.076043 0.633271
0.125001 0.076707 0.633303
0.125273 0.076362 0.633294
0.124597 0.075086 0.633539
0.124969 0.075017 0.635870
0.124853 0.076581 0.635535
0.123726 0.076894 0.634316
0.123300 0.076044 0.635014
0.122934 0.075839 0.635404
0.122970 0.075603 0.636903
0.121531 0.076560 0.635542
0.122205 0.076676 0.636390
0.120451 0.076277 0.636836
0.122179 0.079615 0.563156
0.121543 0.079997 0.562791
0.121628 0.080510 0.564151
0.122062 0.078800 0.564493
0.122797 0.078970 0.564028
0.123406 0.080765 0.564344
0.123403 0.078923 0.564596
0.124092 0.079228 0.565482
0.124310 0.078531 0.565621
0.124711 0.080384 0.565178
0.125516 0.080153 0.566547
0.126425 0.079682 0.567035
0.126313 0.080267 0.566420
0.126884 0.079064 0.566075
0.126615 0.079814 0.566674
0.127394 0.080068 0.567182
0.128483 0.080381 0.568291
0.128181 0.079043 0.567957
0.127249 0.080552 0.569571
0.128435 0.078738 0.567957
0.129611 0.079350 0.568841
0.129402 0.079923 0.570079
0.129900 0.080461 0.570305
0.130195 0.080333 0.569686
0.130744 0.079752 0.570240
0.131320 0.079786 0.570448
0.130658 0.079727 0.570946
0.131174 0.079380 0.572144
0.133173 0.079374 0.572484
0.132830 0.079323 0.571103
0.133342 0.079679 0.572787
0.132808 0.078994 0.573264
0.133239 0.079801 0.573927
0.132759 0.079340 0.573248
0.133419 0.079574 0.573973
0.133950 0.078962 0.574299
0.135089 0.080237 0.575472
0.135006 0.078981 0.575859
0.135577 0.078938 0.576685
0.135843 0.078675 0.576877
0.135780 0.078728 0.576825
0.136560 0.080028 0.577889
0.136314 0.079759 0.576655
0.137013 0.080105 0.577928
0.136083 0.079791 0.579311
0.136774 0.079042 0.578704
0.138108 0.079035 0.579122
0.137090 0.078579 0.580066
0.137918 0.078934 0.581198
0.137978 0.079603 0.580911
0.138096 0.080543 0.581438
0.139008 0.079928 0.581261
0.138277 0.078268 0.581527
0.139795 0.079857 0.582486
0.139915 0.079265 0.582904
0.139164 0.078627 0.583664
0.139865 0.078684 0.583492
0.139029 0.080145 0.585047
0.139521 0.078952 0.584420
0.140227 0.079059 0.586381
0.139816 0.079254 0.585853
0.139636 0.079462 0.586099
0.139449 0.079634 0.586149
0.140438 0.079600 0.586837
0.140467 0.079969 0.587651
0.140577 0.079449 0.588158
0.140359 0.080244 0.588176
0.141521 0.080032 0.588368
0.141215 0.079944 0.589501
0.141765 0.079677 0.590381
0.141080 0.078893 0.591195
0.141559 0.079627 0.591058
0.142101 0.078934 0.590680
0.141267 0.079581 0.591444
0.141688 0.079839 0.592809
0.142161 0.079549 0.593172
0.142306 0.079649 0.593883
0.142100 0.080107 0.594646
0.142021 0.079481 0.595014
0.141940 0.078929 0.594587
0.142696 0.079557 0.595019
0.141376 0.079986 0.595559
0.142031 0.078714 0.596075
0.143217 0.079811 0.596895
0.143110 0.078861 0.597780
0.143234 0.079439 0.597714
0.142601 0.079539 0.597554
0.142909 0.080178 0.599244
0.142401 0.079073 0.599706
0.142015 0.078989 0.600477
0.142021 0.079171 0.600855
0.142972 0.078619 0.600873
0.142822 0.079979 0.600772
0.142680 0.080258 0.601733
0.143280 0.080020 0.602651
0.142444 0.079768 0.602781
0.141469 0.079415 0.602675
0.141679 0.080230 0.604429
0.142897 0.079277 0.603803
0.142948 0.079649 0.604436
0.143120 0.080384 0.604419
0.142150 0.079339 0.605674
0.140839 0.078369 0.606505
0.142087 0.079435 0.607122
0.141395 0.078801 0.607281
0.141714 0.080172 0.607406
0.141705 0.079508 0.607787
0.141540 0.080604 0.608792
0.141918 0.079521 0.609112
0.141406 0.079297 0.610663
0.141779 0.080358 0.609877
0.141473 0.078889 0.609422
0.140443 0.080126 0.610970
0.140420 0.079627 0.611500
0.140946 0.079346 0.611718
0.140397 0.079720 0.612222
0.141227 0.080302 0.613367
0.140528 0.079311 0.613883
0.140989 0.080032 0.613368
0.139933 0.079782 0.614687
0.139791 0.078963 0.614313
0.139435 0.079341 0.615623
0.139867 0.079444 0.616166
0.139606 0.079594 0.617043
0.139787 0.079866 0.616797
0.138923 0.079727 0.617241
0.138494 0.079881 0.617316
0.138558 0.080984 0.617312
0.137713 0.079243 0.618604
0.137861 0.079651 0.619082
0.137295 0.079506 0.619630
0.137639 0.079667 0.618904
0.137382 0.079276 0.621338
0.137454 0.079869 0.620791
0.136837 0.079904 0.621005
0.136238 0.080691 0.621517
0.136094 0.079336 0.621608
0.136234 0.079834 0.621593
0.135735 0.079502 0.622606
0.135095 0.079973 0.624172
0.135072 0.079454 0.623894
0.135516 0.080376 0.623970
0.134711 0.080048 0.624660
0.135001 0.079607 0.625011
0.134002 0.079716 0.624854
0.133722 0.078657 0.625795
0.133018 0.079754 0.625814
0.132683 0.080071 0.626768
0.132477 0.079412 0.627659
0.132441 0.079813 0.626646
0.133099 0.079906 0.627153
0.132133 0.079922 0.628900
0.132188 0.080262 0.628741
0.131590 0.079730 0.629070
0.130646 0.078843 0.629431
0.130458 0.080462 0.629677
0.130664 0.078234 0.630004
0.130298 0.079845 0.629807
0.129595 0.079255 0.629969
0.129415 0.079585 0.631304
0.129179 0.080414 0.630829
0.128236 0.079648 0.631827
0.128118 0.079479 0.632509
0.128023 0.079812 0.632328
0.127843 0.079198 0.632725
0.126206 0.079051 0.633108
0.126927 0.079510 0.633054
0.127087 0.079751 0.633659
0.125172 0.079998 0.634416
0.126295 0.079970 0.633180
0.124449 0.078798 0.633466
0.124723 0.079433 0.634346
0.123887 0.079224 0.635944
0.123589 0.079486 0.635277
0.122876 0.079011 0.635526
0.122972 0.079522 0.635444
0.121771 0.079066 0.635361
0.122963 0.079712 0.635999
0.122402 0.080301 0.636638
0.121017 0.079512 0.637527
0.120965 0.082575 0.562931
0.121162 0.082904 0.562552
0.122433 0.083301 0.563667
0.122513 0.083210 0.565086
0.122178 0.083190 0.564002
0.122996 0.083023 0.564139
0.123173 0.082679 0.564215
0.124456 0.083353 0.565323
0.123876 0.082987 0.566960
0.125102 0.082897 0.565556
0.125243 0.083235 0.566194
0.126414 0.084081 0.566112
0.125223 0.082447 0.566851
0.126557 0.083547 0.566904
0.126876 0.082889 0.567625
0.127608 0.082960 0.567362
0.128212 0.082188 0.567298
0.128020 0.082677 0.568167
0.128078 0.083055 0.568871
0.128021 0.083598 0.569538
0.129835 0.082166 0.569435
0.130146 0.082078 0.569607
0.129475 0.082158 0.570669
0.130346 0.082647 0.570859
0.130934 0.083132 0.570306
0.130376 0.082997 0.570826
0.131594 0.082591 0.571133
0.130876 0.083211 0.571741
0.132259 0.083210 0.572569
0.132864 0.082558 0.572487
0.132552 0.082984 0.572744
0.133087 0.082484 0.572293
0.133155 0.083609 0.573004
0.133059 0.083605 0.574206
0.133542 0.082767 0.573797
0.134663 0.082216 0.574481
0.133443 0.082452 0.575874
0.133693 0.083494 0.575866
0.135476 0.082543 0.576083
0.135431 0.083179 0.576166
0.135264 0.082964 0.576680
0.135340 0.083507 0.576856
0.136742 0.082263 0.578041
0.136300 0.083079 0.577561
0.136368 0.083304 0.578786
0.136616 0.083133 0.578815
0.136200 0.082655 0.578976
0.137226 0.082213 0.580050
0.137197 0.082887 0.580459
0.138793 0.082659 0.580230
0.137949 0.083694 0.580199
0.137805 0.082755 0.580564
0.138426 0.082335 0.581787
0.138832 0.082064 0.582168
0.139551 0.082306 0.582387
0.138799 0.082237 0.583466
0.138832 0.082444 0.583406
0.139121 0.083171 0.584554
0.139659 0.082930 0.585015
0.140573 0.083371 0.584868
0.139313 0.082539 0.585586
0.140353 0.082813 0.585659
0.140522 0.082500 0.586700
0.140187 0.082887 0.586951
0.140856 0.083191 0.586688
0.140376 0.082863 0.587145
0.141408 0.082719 0.587793
0.140368 0.082189 0.588722
0.141626 0.083348 0.588894
0.141174 0.083479 0.589485
0.141180 0.083529 0.589930
0.141093 0.083488 0.590724
0.141515 0.082568 0.591289
0.141343 0.082869 0.591336
0.142039 0.082296 0.592980
0.141495 0.082678 0.592597
0.141848 0.082846 0.593515
0.141813 0.083185 0.593057
0.141937 0.082075 0.594581
0.142508 0.083860 0.594061
0.143068 0.082577 0.595803
0.142615 0.083295 0.595478
0.142366 0.082213 0.595491
0.143021 0.081896 0.596490
0.142315 0.082165 0.597217
0.141669 0.082751 0.597896
0.140783 0.082773 0.598634
0.142262 0.083539 0.598309
0.142894 0.082506 0.599340
0.141580 0.083126 0.599652
0.142517 0.082790 0.599781
0.141818 0.082601 0.600524
0.141831 0.083198 0.601073
0.142940 0.082128 0.602024
0.142638 0.083316 0.602560
0.142627 0.082604 0.602613
0.142632 0.082615 0.603205
0.142106 0.081804 0.603584
0.141655 0.082285 0.604120
0.142889 0.082931 0.604298
0.142585 0.082223 0.605925
0.142372 0.084199 0.605533
0.141934 0.082496 0.606499
0.141625 0.083258 0.606890
0.141257 0.083086 0.605648
0.143065 0.082206 0.606831
0.141309 0.082966 0.608532
0.142578 0.082789 0.608272
0.141287 0.081727 0.609713
0.142387 0.082794 0.609629
0.140858 0.082101 0.609896
0.141151 0.082805 0.611035
0.141403 0.082563 0.611312
0.141652 0.083347 0.611794
0.140675 0.082163 0.611908
0.140664 0.082544 0.612805
0.140278 0.082793 0.612137
0.140616 0.082698 0.613597
0.141108 0.082744 0.613549
0.140303 0.083619 0.614744
0.139795 0.083424 0.614652
0.139229 0.083437 0.616074
0.139588 0.082745 0.616538
0.138209 0.082308 0.616767
0.139857 0.082931 0.617311
0.138591 0.082200 0.616082
0.138695 0.082802 0.617668
0.138299 0.082850 0.617045
0.138418 0.082736 0.618507
0.138189 0.083557 0.617964
0.137604 0.082230 0.618820
0.137409 0.083539 0.620664
0.137641 0.082601 0.620203
0.137924 0.082618 0.621258
0.137507 0.082697 0.620757
0.136197 0.082428 0.621735
0.136718 0.082580 0.621933
0.136014 0.081607 0.623180
0.136189 0.082659 0.621867
0.135407 0.084115 0.623710
0.134118 0.082096 0.623918
0.134605 0.083365 0.624347
0.134944 0.083068 0.624376
0.134373 0.082591 0.624328
0.134314 0.082336 0.624950
0.133811 0.083017 0.625848
0.132653 0.082047 0.626192
0.133294 0.082618 0.626972
0.132633 0.082244 0.626467
0.132546 0.083260 0.626785
0.132040 0.083213 0.627278
0.132564 0.082884 0.628168
0.131301 0.082292 0.627993
0.131075 0.082710 0.627695
0.131231 0.082584 0.628596
0.130858 0.083450 0.629762
0.130367 0.083103 0.629227
0.129696 0.083120 0.630288
0.129620 0.082854 0.631366
0.129322 0.082473 0.631482
0.129247 0.081878 0.631092
0.128857 0.083263 0.632304
0.128213 0.082115 0.631829
0.128101 0.083191 0.632362
0.126767 0.082465 0.633393
0.127696 0.082793 0.632876
0.125702 0.082100 0.633769
0.125660 0.083545 0.633794
0.126395 0.083106 0.633838
0.125509 0.082200 0.633563
0.125213 0.082152 0.634109
0.124222 0.082489 0.634697
0.123657 0.082673 0.634940
0.123372 0.083191 0.635555
0.123666 0.081651 0.635844
0.123695 0.083295 0.635171
0.123144 0.082964 0.636892
0.122160 0.082330 0.636420
0.121842 0.082689 0.635839
0.120679 0.082933 0.637658
0.121264 0.086225 0.562870
0.121708 0.085836 0.562780
0.122289 0.086303 0.564035
0.122008 0.087286 0.564729
0.122123 0.086579 0.563887
0.122994 0.085434 0.564456
0.123468 0.086930 0.564618
0.123368 0.085517 0.564437
0.125870 0.086232 0.565805
0.125110 0.086644 0.565194
0.125072 0.086029 0.566128
0.125179 0.086069 0.566679
0.125908 0.085185 0.566695
0.125620 0.086987 0.566682
0.127786 0.086487 0.566768
0.127521 0.085864 0.567186
0.127434 0.085949 0.567852
0.128785 0.086275 0.568785
0.128845 0.085934 0.568642
0.129003 0.086556 0.568615
0.128656 0.086139 0.569330
0.129401 0.086956 0.570080
0.129413 0.086657 0.570181
0.130025 0.086057 0.570387
0.130441 0.086543 0.570081
0.130246 0.086191 0.571244
0.131864 0.086369 0.571886
0.131077 0.085418 0.571892
0.132490 0.085567 0.572117
0.132829 0.085902 0.572118
0.133488 0.085607 0.573238
0.132145 0.086447 0.572635
0.133232 0.086241 0.572728
0.133891 0.086246 0.574258
0.134953 0.086496 0.573976
0.134204 0.086558 0.575228
0.134446 0.084965 0.575600
0.134087 0.086030 0.576004
0.134432 0.086651 0.574725
0.135124 0.086002 0.576511
0.135921 0.086407 0.576715
0.135561 0.085954 0.577143
0.136651 0.087174 0.577414
0.136640 0.086336 0.578169
0.136663 0.086692 0.577811
0.136798 0.086086 0.578591
0.136895 0.085844 0.579514
0.136655 0.085734 0.580291
0.137882 0.085649 0.580603
0.136961 0.085990 0.581624
0.138885 0.085668 0.580550
0.138314 0.086579 0.581106
0.138437 0.086606 0.581151
0.137509 0.086912 0.582091
0.138787 0.085914 0.582849
0.138516 0.086185 0.583521
0.139052 0.085897 0.584108
0.139534 0.086410 0.583760
0.139215 0.086685 0.584462
0.140270 0.086120 0.585688
0.139870 0.085850 0.585504
0.140379 0.085626 0.585631
0.139958 0.086563 0.585999
0.140009 0.086308 0.586787
0.141116 0.086620 0.587118
0.140729 0.086254 0.587315
0.140308 0.086039 0.588563
0.141332 0.086028 0.589501
0.141301 0.086717 0.588538
0.141992 0.086389 0.589957
0.142135 0.086389 0.590290
0.141265 0.086647 0.590192
0.141702 0.086926 0.590676
0.141777 0.085700 0.590304
0.141982 0.086015 0.591827
0.142232 0.086313 0.592704
0.142414 0.086109 0.592249
0.142869 0.086244 0.593675
0.141773 0.086392 0.594053
0.142056 0.086139 0.595412
0.141959 0.086577 0.595562
0.142290 0.086186 0.596184
0.143811 0.086435 0.595630
0.142905 0.086579 0.597068
0.143158 0.086978 0.597261
0.142055 0.086236 0.597920
0.142345 0.086649 0.598549
0.142334 0.086465 0.599537
0.143236 0.086192 0.599868
0.142376 0.086381 0.599248
0.142567 0.085862 0.600301
0.142671 0.086336 0.601373
0.142404 0.086151 0.601098
0.141853 0.086253 0.602571
0.141511 0.085829 0.602178
0.142749 0.086240 0.603319
0.142054 0.086864 0.603102
0.143389 0.086069 0.603269
0.142744 0.086395 0.604036
0.141487 0.085611 0.603995
0.142151 0.086348 0.605719
0.141120 0.086536 0.606478
0.141558 0.085949 0.606452
0.141747 0.086343 0.607176
0.141454 0.086031 0.607230
0.141293 0.086815 0.607765
0.140898 0.086586 0.608377
0.141546 0.085719 0.608547
0.141082 0.086543 0.609048
0.141077 0.086026 0.609466
0.141894 0.085802 0.609546
0.141504 0.086638 0.610628
0.140596 0.086762 0.610826
0.140161 0.086105 0.612163
0.140504 0.085622 0.611990
0.141155 0.085911 0.613265
0.139919 0.085410 0.613244
0.139587 0.086174 0.613223
0.139451 0.085381 0.613632
0.139794 0.086738 0.615282
0.139654 0.086058 0.615275
0.139436 0.086641 0.615519
0.139174 0.087189 0.615982
0.139212 0.086177 0.616626
0.138805 0.086503 0.616151
0.138323 0.086263 0.616843
0.138460 0.084823 0.617005
0.138131 0.085800 0.618464
0.138975 0.085607 0.618600
0.138110 0.086508 0.618831
0.137817 0.085772 0.618740
0.137355 0.086838 0.620521
0.137527 0.086040 0.619971
0.136781 0.086805 0.620018
0.136953 0.087587 0.620375
0.136106 0.085813 0.622019
0.136288 0.085940 0.621992
0.136585 0.085871 0.621798
0.136692 0.085925 0.623125
0.136169 0.086015 0.623541
0.134519 0.085238 0.624054
0.135173 0.086049 0.623733
0.134023 0.085421 0.624023
0.134084 0.087175 0.625021
0.134078 0.086680 0.624895
0.133670 0.086572 0.625735
0.133791 0.086572 0.626501
0.133533 0.086262 0.626600
0.133175 0.086980 0.626951
0.131998 0.086279 0.627138
0.131751 0.085728 0.627303
0.132602 0.086601 0.627814
0.130951 0.086962 0.627759
0.131637 0.085822 0.629550
0.131069 0.086264 0.628937
0.130987 0.086380 0.629766
0.130658 0.086610 0.629936
0.130382 0.086055 0.630752
0.128765 0.085477 0.630819
0.129127 0.086022 0.630114
0.129318 0.086423 0.630356
0.128001 0.087085 0.632299
0.127785 0.085561 0.631711
0.128339 0.085934 0.630971
0.127654 0.085696 0.632767
0.127446 0.087064 0.632641
0.126226 0.085630 0.633125
0.126489 0.085734 0.634882
0.125979 0.086113 0.633729
0.125068 0.085629 0.634472
0.125746 0.085922 0.634363
0.124040 0.086010 0.634222
0.124311 0.086336 0.634627
0.123702 0.086665 0.635818
0.123205 0.086049 0.636147
0.122872 0.086110 0.635880
0.122766 0.085286 0.635185
0.122062 0.086314 0.635673
0.121289 0.086711 0.636056
0.121314 0.086404 0.635867
0.121485 0.089288 0.562739
0.120792 0.089556 0.563236
0.121979 0.089683 0.563553
0.122759 0.089648 0.564012
0.123474 0.088633 0.563942
0.123051 0.089357 0.564472
0.124415 0.090207 0.565141
0.123911 0.089020 0.564851
0.123824 0.090081 0.565049
0.125085 0.089736 0.565931
0.125710 0.089495 0.566160
0.125562 0.089540 0.566265
0.126114 0.089317 0.567591
0.126613 0.089470 0.566474
0.126791 0.089781 0.566652
0.127704 0.089321 0.567028
0.127857 0.089368 0.568095
0.128041 0.089617 0.567408
0.128668 0.089811 0.568951
0.128648 0.090064 0.569310
0.129011 0.090155 0.569132
0.130271 0.089377 0.569221
0.130025 0.088923 0.569188
0.129888 0.088805 0.570306
0.129836 0.089302 0.570588
0.130327 0.089100 0.570886
0.131132 0.090769 0.571637
0.131571 0.089738 0.571543
0.131349 0.089782 0.571647
0.132270 0.090196 0.572010
0.132866 0.089350 0.572752
0.133050 0.089745 0.573028
0.133531 0.089266 0.573912
0.132601 0.089733 0.573514
0.134916 0.089487 0.574347
0.134117 0.089189 0.574386
0.134593 0.088017 0.575495
0.134665 0.090358 0.575327
0.134944 0.089883 0.575757
0.134868 0.089282 0.576420
0.134895 0.089167 0.577279
0.135290 0.089067 0.577680
0.136401 0.089562 0.578217
0.135879 0.089035 0.577413
0.137590 0.089637 0.579141
0.136851 0.089569 0.579389
0.136682 0.089814 0.579958
0.136905 0.090491 0.579079
0.137737 0.089766 0.579971
0.137972 0.089755 0.580691
0.138216 0.089337 0.580144
0.139031 0.089772 0.581363
0.138253 0.089176 0.582337
0.138280 0.090625 0.582396
0.138634 0.089580 0.583531
0.139754 0.089135 0.583246
0.139392 0.090402 0.583122
0.139774 0.089380 0.583950
0.139411 0.089294 0.585146
0.140190 0.089999 0.585317
0.140203 0.089156 0.584856
0.139775 0.089775 0.584789
0.140540 0.090241 0.586604
0.139951 0.088537 0.587052
0.140669 0.089693 0.587567
0.140822 0.090235 0.587196
0.140814 0.089968 0.588581
0.140485 0.089905 0.588328
0.141041 0.089135 0.588900
0.141445 0.089814 0.589681
0.141970 0.089468 0.590322
0.141408 0.089253 0.591144
0.140756 0.089927 0.590335
0.142196 0.088999 0.592142
0.141686 0.088834 0.592800
0.141617 0.089296 0.594306
0.141850 0.088866 0.593579
0.141976 0.089564 0.593387
0.142651 0.089589 0.593847
0.141858 0.089795 0.593905
0.142727 0.089360 0.594446
0.142240 0.089121 0.594852
0.141892 0.090233 0.595999
0.141700 0.088859 0.596002
0.142828 0.090147 0.597848
0.142285 0.089685 0.598048
0.141269 0.089315 0.599113
0.141804 0.090062 0.598450
0.141991 0.090046 0.599393
0.141484 0.090049 0.599180
0.142915 0.089273 0.601093
0.143097 0.089485 0.600526
0.142441 0.089911 0.600771
0.142224 0.089377 0.602397
0.141867 0.089539 0.602720
0.142520 0.089573 0.602951
0.142598 0.089692 0.603678
0.142091 0.088830 0.603454
0.142206 0.089000 0.604799
0.141700 0.088652 0.604272
0.140900 0.089400 0.605783
0.142142 0.089807 0.605057
0.141939 0.089088 0.605703
0.141980 0.089034 0.606592
0.142707 0.089606 0.607118
0.142112 0.089350 0.607534
0.141335 0.090866 0.607764
0.141660 0.088730 0.608952
0.142665 0.090418 0.608771
0.141043 0.089422 0.609814
0.141607 0.089723 0.610434
0.141212 0.090256 0.611152
0.140990 0.089925 0.611932
0.140658 0.090084 0.611719
0.141615 0.090316 0.612615
0.141228 0.089631 0.612694
0.140225 0.089120 0.613562
0.140187 0.089794 0.613282
0.140010 0.089525 0.613436
0.140097 0.089370 0.614524
0.139265 0.088646 0.615244
0.139936 0.090015 0.614848
0.138696 0.089792 0.616726
0.139640 0.089499 0.616070
0.139885 0.089734 0.617161
0.138640 0.088845 0.617235
0.138517 0.089577 0.618079
0.138722 0.089848 0.618284
0.138335 0.089890 0.617978
0.138463 0.090026 0.618962
0.137498 0.090083 0.619157
0.137642 0.089583 0.620512
0.137479 0.088642 0.621239
0.137725 0.089929 0.621041
0.137076 0.089198 0.621563
0.136068 0.088970 0.621026
0.136214 0.090064 0.621534
0.136370 0.089927 0.622237
0.136048 0.090766 0.622717
0.135816 0.089801 0.622760
0.135730 0.090124 0.623474
0.135789 0.089639 0.624313
0.134049 0.088818 0.624212
0.134551 0.089942 0.624701
0.134395 0.088750 0.625788
0.133966 0.090405 0.626320
0.134029 0.089056 0.626407
0.133412 0.090894 0.626646
0.131315 0.089215 0.626258
0.133579 0.089136 0.626981
0.132513 0.089514 0.628453
0.132543 0.088881 0.627923
0.131777 0.089602 0.627537
0.131607 0.089827 0.628561
0.130431 0.090243 0.629261
0.129829 0.090314 0.629690
0.130453 0.089293 0.630442
0.130172 0.089863 0.630218
0.130239 0.089785 0.630490
0.129074 0.089526 0.631070
0.128946 0.089693 0.631473
0.127934 0.090184 0.631758
0.128318 0.089954 0.632346
0.127318 0.088437 0.632268
0.127093 0.089098 0.632579
0.127028 0.090473 0.633283
0.127010 0.089284 0.632726
0.125689 0.090371 0.631939
0.126208 0.090120 0.632591
0.125344 0.088951 0.634477
0.124759 0.089608 0.633356
0.123813 0.090104 0.635045
0.123739 0.090253 0.634446
0.123102 0.089785 0.635540
0.124241 0.089613 0.635055
0.122463 0.089528 0.636487
0.122555 0.088710 0.636850
0.122748 0.089482 0.636568
0.121591 0.090237 0.636654
0.121188 0.089582 0.636412
0.121174 0.093510 0.563943
0.121385 0.092861 0.563812
0.122007 0.093654 0.563064
0.122928 0.092423 0.564375
0.121808 0.093676 0.564295
0.122900 0.093274 0.564443
0.124168 0.093131 0.564635
0.124290 0.092716 0.566015
0.125216 0.092139 0.565428
0.124846 0.092871 0.565557
0.124852 0.093113 0.566167
0.125512 0.092951 0.566311
0.126147 0.092261 0.567165
0.127561 0.093696 0.566861
0.126863 0.093413 0.566742
0.126562 0.093413 0.567094
0.126567 0.092473 0.567230
0.129105 0.092677 0.567811
0.129579 0.092065 0.568463
0.129122 0.092678 0.568869
0.128442 0.092820 0.569242
0.128756 0.093168 0.569456
0.129911 0.092701 0.569835
0.129382 0.093136 0.570412
0.130667 0.092878 0.571445
0.130991 0.092643 0.570729
0.131825 0.093297 0.572015
0.131904 0.092790 0.571501
0.131695 0.093077 0.573016
0.131782 0.092671 0.572688
0.132222 0.092481 0.572266
0.132976 0.093642 0.573739
0.132813 0.092983 0.573209
0.132827 0.092569 0.574477
0.134114 0.091660 0.573912
0.135093 0.092272 0.573953
0.134913 0.092268 0.575884
0.134794 0.093504 0.576069
0.135501 0.092426 0.576065
0.135512 0.092122 0.575839
0.134930 0.092804 0.576975
0.135554 0.092812 0.576810
0.136446 0.092164 0.576725
0.135645 0.092833 0.578184
0.136835 0.093490 0.577915
0.137501 0.092570 0.578788
0.136068 0.092420 0.579105
0.137066 0.092854 0.580387
0.136790 0.092548 0.580034
0.137699 0.093091 0.580040
0.138007 0.092658 0.579690
0.138440 0.092880 0.581644
0.138361 0.093828 0.582783
0.137731 0.092557 0.582567
0.139108 0.092614 0.583604
0.139096 0.093383 0.583391
0.139700 0.094133 0.584242
0.138550 0.092887 0.584333
0.139857 0.092507 0.584857
0.140577 0.092153 0.585737
0.139671 0.092868 0.585808
0.139613 0.092944 0.586283
0.140141 0.094058 0.586492
0.140358 0.092460 0.586509
0.140817 0.092623 0.587205
0.141016 0.093543 0.586950
0.140583 0.092423 0.588924
0.141183 0.092546 0.587054
0.140509 0.093578 0.589524
0.141488 0.093917 0.590236
0.141729 0.092181 0.590220
0.141378 0.092491 0.590321
0.141133 0.093512 0.590023
0.141158 0.093105 0.591472
0.142039 0.092510 0.591812
0.142216 0.092581 0.593189
0.142285 0.093107 0.592824
0.141525 0.093135 0.593179
0.141988 0.093275 0.595319
0.143137 0.093032 0.594767
0.142387 0.092712 0.595128
0.142263 0.093250 0.595075
0.142629 0.093805 0.596683
0.142190 0.093776 0.596909
0.142193 0.092218 0.596773
0.141816 0.092486 0.598452
0.142687 0.092390 0.598068
0.142564 0.093347 0.597578
0.142620 0.091973 0.599213
0.142156 0.092779 0.599692
0.142947 0.092670 0.599584
0.141729 0.092517 0.600845
0.142193 0.093207 0.600991
0.141925 0.092530 0.601674
0.141680 0.093801 0.602152
0.141779 0.093092 0.602430
0.142226 0.092064 0.603727
0.141879 0.092298 0.603816
0.142798 0.093775 0.604633
0.142343 0.093690 0.604326
0.141692 0.091950 0.604333
0.141866 0.092824 0.605569
0.141684 0.093013 0.605997
0.142274 0.093109 0.606272
0.142128 0.092230 0.606660
0.141051 0.093271 0.608019
0.141555 0.092934 0.607978
0.142368 0.093448 0.608756
0.141215 0.092977 0.608773
0.141299 0.091715 0.608724
0.141634 0.093476 0.609613
0.141050 0.092675 0.610621
0.141221 0.092973 0.611286
0.141685 0.093206 0.612000
0.140650 0.092591 0.611902
0.140555 0.093261 0.612488
0.141472 0.093323 0.612432
0.140197 0.091835 0.612923
0.140874 0.092713 0.613605
0.139819 0.092693 0.614217
0.140255 0.092121 0.614796
0.139944 0.093315 0.614901
0.139593 0.092623 0.616208
0.139680 0.093114 0.617002
0.139614 0.092939 0.616815
0.138629 0.093318 0.617268
0.139387 0.093549 0.616849
0.139134 0.092182 0.618024
0.138754 0.092840 0.617983
0.138367 0.093056 0.618875
0.137599 0.093559 0.619348
0.137341 0.092862 0.620311
0.137262 0.093068 0.620665
0.137492 0.091913 0.621306
0.136775 0.093329 0.621200
0.137056 0.092336 0.621269
0.135797 0.092659 0.622126
0.136765 0.093367 0.622664
0.136656 0.092290 0.621986
0.135470 0.093475 0.623316
0.135214 0.092711 0.623501
0.134339 0.092787 0.624447
0.135618 0.093593 0.623682
0.134934 0.093171 0.625314
0.133966 0.093274 0.625431
0.133904 0.092149 0.625509
0.132922 0.092809 0.626377
0.133385 0.092898 0.626382
0.132959 0.092935 0.626687
0.132082 0.093332 0.626443
0.132681 0.091804 0.628344
0.131723 0.093009 0.627994
0.130297 0.094016 0.627787
0.130825 0.093418 0.628966
0.130913 0.092560 0.628859
0.130311 0.092617 0.628860
0.130588 0.093030 0.630294
0.128937 0.092784 0.629705
0.129276 0.092701 0.630568
0.128530 0.093565 0.629738
0.128914 0.093776 0.631123
0.128455 0.092427 0.630818
0.128085 0.092839 0.631720
0.127886 0.091543 0.631962
0.128003 0.092491 0.632841
0.126432 0.092929 0.632681
0.126047 0.093378 0.633249
0.126207 0.093387 0.633346
0.125915 0.093558 0.633520
0.124785 0.092419 0.633497
0.125848 0.092830 0.634860
0.124856 0.092945 0.634892
0.123854 0.092964 0.635083
0.124124 0.093120 0.634467
0.123350 0.092736 0.634780
0.122898 0.093132 0.636182
0.121837 0.092742 0.635842
0.121907 0.092627 0.636360
0.121991 0.093028 0.636195
0.121166 0.093484 0.637349
0.121044 0.096539 0.562713
0.121042 0.096177 0.563723
0.122810 0.095672 0.564602
0.121121 0.096237 0.563555
0.122117 0.096135 0.564260
0.123938 0.095905 0.565083
0.123337 0.096152 0.564626
0.124186 0.095676 0.565676
0.123765 0.095833 0.565294
0.125397 0.096659 0.566247
0.124730 0.095178 0.565579
0.125751 0.096255 0.566960
0.126170 0.095639 0.566429
0.126117 0.096500 0.566480
0.126934 0.096911 0.567189
0.127904 0.096306 0.567664
0.127826 0.096540 0.567929
0.128078 0.095880 0.567732
0.128728 0.096638 0.567821
0.129166 0.096765 0.568207
0.128520 0.096188 0.569590
0.130176 0.096247 0.569487
0.129846 0.095463 0.569209
0.130450 0.097121 0.570434
0.130702 0.096353 0.571008
0.131447 0.097551 0.570545
0.130673 0.096292 0.572022
0.130777 0.096592 0.571692
0.132431 0.096144 0.572419
0.132389 0.096221 0.572301
0.132448 0.096862 0.571889
0.132449 0.095854 0.573167
0.133561 0.096427 0.573205
0.133288 0.097075 0.574967
0.134244 0.096080 0.574535
0.135197 0.095762 0.574574
0.134576 0.095600 0.575500
0.134280 0.095766 0.575399
0.135465 0.095668 0.576268
0.135310 0.096031 0.575686
0.135602 0.096089 0.576556
0.136597 0.095853 0.577425
0.135771 0.095539 0.576416
0.136268 0.096201 0.578783
0.137138 0.095568 0.577987
0.136701 0.096482 0.578901
0.137628 0.096099 0.579514
0.136989 0.096441 0.579711
0.138089 0.096729 0.579244
0.138722 0.096339 0.580252
0.137977 0.096817 0.579781
0.138875 0.095976 0.581102
0.138707 0.096323 0.581790
0.138209 0.096277 0.583062
0.138815 0.095787 0.582249
0.139648 0.096789 0.583108
0.138903 0.096816 0.583126
0.139367 0.096104 0.584039
0.139825 0.096620 0.584465
0.140723 0.096594 0.586122
0.139642 0.096507 0.585534
0.139314 0.096081 0.586090
0.140884 0.095912 0.586520
0.139865 0.096467 0.587585
0.140300 0.096497 0.587479
0.141318 0.096514 0.588023
0.141102 0.096247 0.588925
0.140226 0.096515 0.589728
0.142415 0.095270 0.589603
0.141303 0.096149 0.589649
0.140914 0.096921 0.590632
0.141685 0.096570 0.591138
0.141970 0.096203 0.591492
0.141542 0.096248 0.591779
0.141089 0.095968 0.592032
0.142036 0.096874 0.593366
0.142298 0.096899 0.594398
0.141836 0.097321 0.595250
0.142422 0.097058 0.594761
0.141955 0.095781 0.594719
0.141330 0.095829 0.594851
0.143202 0.096387 0.595589
0.142784 0.096408 0.595326
0.141663 0.095739 0.596658
0.142589 0.096058 0.597178
0.142078 0.096631 0.597674
0.142261 0.095707 0.598169
0.143050 0.095847 0.598411
0.142157 0.095976 0.599464
0.141904 0.095665 0.599299
0.142933 0.096406 0.600405
0.142316 0.095956 0.600763
0.141890 0.096872 0.600586
0.142421 0.097157 0.602942
0.142776 0.096644 0.601852
0.141923 0.097473 0.602325
0.142367 0.096354 0.603348
0.142398 0.096474 0.603256
0.142093 0.096289 0.603912
0.142139 0.096471 0.604119
0.141735 0.097071 0.605538
0.142685 0.096512 0.606018
0.141952 0.096177 0.606196
0.142738 0.095545 0.606540
0.141899 0.096313 0.607304
0.142286 0.096585 0.606929
0.141648 0.095947 0.608430
0.141651 0.095467 0.608515
0.141157 0.097372 0.609857
0.140902 0.096103 0.609698
0.141106 0.097113 0.609756
0.140516 0.095678 0.610758
0.141153 0.096709 0.611223
0.141451 0.097077 0.612518
0.141040 0.096251 0.611776
0.139996 0.096469 0.612700
0.140152 0.096381 0.612601
0.141501 0.096290 0.614221
0.140973 0.096503 0.614021
0.139665 0.096620 0.614132
0.139322 0.095992 0.614976
0.139803 0.096528 0.615885
0.137722 0.096397 0.616427
0.139052 0.095837 0.616026
0.138943 0.096120 0.616582
0.138653 0.096678 0.618086
0.138555 0.096323 0.618649
0.138784 0.096291 0.618193
0.138663 0.097073 0.618614
0.137783 0.096269 0.618775
0.138644 0.096951 0.619780
0.137300 0.095708 0.620893
0.136405 0.097216 0.620132
0.137767 0.095942 0.620053
0.136686 0.095616 0.621416
0.137346 0.096390 0.621423
0.136905 0.096090 0.621831
0.135592 0.095742 0.621193
0.136113 0.096514 0.622785
0.135417 0.096054 0.623379
0.134784 0.096371 0.623489
0.135132 0.096762 0.624407
0.134075 0.096770 0.624039
0.134488 0.095814 0.625225
0.133989 0.096934 0.624589
0.134078 0.097091 0.625147
0.133784 0.096642 0.626630
0.132456 0.096535 0.625962
0.133543 0.095202 0.627087
0.132597 0.096434 0.627511
0.133237 0.096431 0.627432
0.131998 0.096161 0.628133
0.131349 0.095976 0.628366
0.130317 0.097083 0.628433
0.130613 0.096425 0.629344
0.131093 0.096866 0.629981
0.130129 0.096506 0.630100
0.129710 0.096630 0.630884
0.129185 0.097025 0.630713
0.129018 0.096623 0.631767
0.128682 0.096790 0.631012
0.128235 0.096236 0.631816
0.127817 0.097128 0.632040
0.127229 0.096573 0.632013
0.127304 0.096611 0.632802
0.125714 0.095657 0.633000
0.126079 0.096583 0.632057
0.126107 0.096486 0.633352
0.125322 0.096768 0.633961
0.125965 0.096734 0.634570
0.125108 0.096466 0.634286
0.124584 0.096285 0.634422
0.123781 0.097338 0.635406
0.123732 0.095816 0.635946
0.123483 0.096484 0.635714
0.122726 0.096331 0.634324
0.122355 0.095609 0.636274
0.121237 0.095815 0.635636
0.121596 0.095919 0.636306
0.121289 0.096343 0.637133
0.121128 0.100290 0.563364
0.121784 0.099308 0.562280
0.121934 0.099482 0.563818
0.122469 0.099236 0.564078
0.123455 0.099658 0.565408
0.122906 0.098807 0.563796
0.123779 0.099024 0.564263
0.124025 0.100003 0.565794
0.124798 0.099788 0.565371
0.125431 0.099353 0.565781
0.125857 0.099817 0.565874
0.125975 0.098977 0.566568
0.126709 0.099787 0.565778
0.127387 0.099110 0.567050
0.126561 0.099423 0.567864
0.127253 0.099614 0.567623
0.128275 0.099366 0.567241
0.128290 0.099592 0.567710
0.129158 0.099553 0.569632
0.128848 0.099888 0.569685
0.129452 0.099170 0.569437
0.129845 0.100210 0.569616
0.129768 0.099172 0.570222
0.129310 0.098780 0.569535
0.130726 0.099064 0.570284
0.131546 0.099799 0.571363
0.131274 0.099118 0.571448
0.131728 0.099427 0.571708
0.132534 0.099641 0.571690
0.131662 0.099689 0.571695
0.133150 0.100074 0.573310
0.132924 0.098627 0.571760
0.132957 0.099463 0.573405
0.133606 0.098946 0.573605
0.133632 0.099385 0.574492
0.133742 0.099621 0.574071
0.133757 0.099702 0.575246
0.134250 0.099749 0.576123
0.135407 0.099495 0.575677
0.135520 0.099955 0.576956
0.135241 0.099800 0.576416
0.135983 0.100413 0.577093
0.136584 0.099908 0.577035
0.136465 0.099168 0.578317
0.137045 0.100676 0.578538
0.135646 0.099674 0.579640
0.136670 0.099851 0.579258
0.137308 0.099877 0.578686
0.136715 0.098914 0.579423
0.137080 0.100213 0.580980
0.138265 0.099667 0.581602
0.137960 0.099742 0.581663
0.138662 0.099574 0.582476
0.139062 0.100039 0.581822
0.138827 0.098919 0.582990
0.138566 0.100410 0.583376
0.140256 0.100515 0.584105
0.139551 0.099316 0.583957
0.138815 0.099316 0.585418
0.140415 0.099548 0.585624
0.140669 0.098625 0.585433
0.140590 0.099515 0.585927
0.139605 0.099669 0.586222
0.139192 0.100626 0.587589
0.140139 0.098608 0.587287
0.140706 0.099734 0.588220
0.140842 0.099412 0.588582
0.140056 0.099249 0.589680
0.140721 0.100475 0.589414
0.141213 0.099016 0.589371
0.141101 0.099380 0.590038
0.141220 0.100140 0.591155
0.141486 0.100463 0.591392
0.142330 0.099505 0.591934
0.141800 0.099478 0.591891
0.142457 0.100060 0.593391
0.143025 0.099598 0.593585
0.142473 0.099728 0.593233
0.141557 0.098674 0.594086
0.142247 0.099852 0.594938
0.142567 0.098888 0.594976
0.143130 0.099646 0.595843
0.141979 0.099449 0.596303
0.143114 0.100179 0.596657
0.141914 0.099639 0.597428
0.141851 0.099988 0.597956
0.142966 0.100130 0.598353
0.142264 0.099623 0.598330
0.142986 0.099979 0.598033
0.142073 0.100128 0.599226
0.142700 0.099932 0.599874
0.142053 0.099016 0.599961
0.142772 0.100074 0.601621
0.142712 0.099095 0.602039
0.141111 0.099478 0.601743
0.142969 0.100292 0.602459
0.142078 0.100031 0.603425
0.141550 0.099556 0.603821
0.141532 0.100359 0.603505
0.142506 0.099300 0.605257
0.142626 0.099524 0.604495
0.142353 0.100282 0.605902
0.141538 0.099273 0.606848
0.142418 0.099436 0.606552
0.141608 0.099680 0.607552
0.142208 0.099429 0.607101
0.141927 0.099083 0.608024
0.141330 0.099998 0.608347
0.141801 0.098144 0.608544
0.140140 0.099890 0.609566
0.141115 0.100513 0.610193
0.140590 0.099534 0.610365
0.140529 0.099478 0.610772
0.140788 0.099267 0.611170
0.141059 0.099650 0.612255
0.140057 0.099267 0.612753
0.140882 0.099795 0.612300
0.139277 0.100182 0.613752
0.140081 0.099749 0.613877
0.139880 0.099877 0.615012
0.139892 0.100408 0.614207
0.139794 0.099371 0.615518
0.139878 0.099403 0.615140
0.139101 0.099747 0.615701
0.139604 0.099744 0.617475
0.139565 0.099223 0.617756
0.137902 0.100353 0.617098
0.137909 0.099576 0.617875
0.137341 0.099772 0.618723
0.137657 0.100211 0.618872
0.137902 0.099611 0.618853
0.138110 0.099242 0.620325
0.137470 0.100553 0.620540
0.137093 0.099534 0.619573
0.137189 0.099989 0.620780
0.136821 0.098873 0.621367
0.135832 0.099818 0.622375
0.135965 0.100180 0.622826
0.135208 0.099694 0.622508
0.137220 0.099665 0.622826
0.134484 0.100218 0.623888
0.135534 0.099318 0.623983
0.134461 0.099603 0.624041
0.134357 0.099523 0.625085
0.133685 0.099528 0.625441
0.132798 0.099613 0.625822
0.133858 0.100006 0.626942
0.133794 0.098969 0.626440
0.133453 0.100257 0.627177
0.132151 0.099602 0.626696
0.132268 0.099844 0.627504
0.132696 0.100169 0.628242
0.132461 0.100153 0.628490
0.130645 0.098504 0.629042
0.130702 0.099085 0.629464
0.130344 0.100229 0.629668
0.129852 0.100113 0.628914
0.129236 0.099882 0.629680
0.129437 0.099762 0.630392
0.129545 0.099686 0.631895
0.128334 0.100062 0.631158
0.128795 0.099026 0.631504
0.128350 0.099498 0.631408
0.127574 0.100271 0.631537
0.126870 0.099846 0.632306
0.127720 0.100228 0.633220
0.126860 0.100046 0.634381
0.126553 0.099569 0.634416
0.126266 0.098796 0.632964
0.125281 0.099735 0.634057
0.125170 0.099223 0.634350
0.124748 0.099106 0.634685
0.123529 0.099519 0.635435
0.124249 0.099886 0.635411
0.123627 0.099353 0.635610
0.122537 0.099344 0.635270
0.122275 0.099585 0.635781
0.122377 0.099753 0.636130
0.121784 0.099569 0.636129
0.121469 0.099407 0.637136
0.121785 0.102782 0.563078
0.121048 0.103647 0.563272
0.122416 0.102862 0.564573
0.122484 0.102526 0.564404
0.122018 0.103511 0.564992
0.123770 0.102968 0.564444
0.123235 0.102625 0.564867
0.124451 0.103497 0.565890
0.123815 0.102717 0.565725
0.125522 0.103642 0.565563
0.125817 0.102919 0.565021
0.125880 0.103373 0.566130
0.126665 0.102521 0.566218
0.126554 0.103902 0.566739
0.126725 0.103199 0.567214
0.127414 0.103580 0.567769
0.127951 0.102381 0.567310
0.128315 0.103546 0.567529
0.129581 0.103462 0.568890
0.128654 0.103552 0.569156
0.128425 0.103056 0.569556
0.128798 0.102901 0.568455
0.129182 0.102845 0.569832
0.129701 0.102598 0.569505
0.131034 0.103198 0.571313
0.131186 0.102503 0.570838
0.131134 0.102991 0.570849
0.130932 0.103234 0.572065
0.131489 0.103406 0.572903
0.133268 0.102919 0.572571
0.133054 0.102932 0.572390
0.132842 0.103221 0.573021
0.133016 0.103084 0.573038
0.133059 0.102793 0.574089
0.133859 0.102766 0.573962
0.134495 0.102864 0.575425
0.135013 0.103182 0.575002
0.134209 0.101686 0.575104
0.135635 0.102982 0.576478
0.135757 0.102693 0.576998
0.134581 0.103255 0.576034
0.136106 0.102779 0.577442
0.135892 0.103616 0.578138
0.136673 0.103464 0.578794
0.136338 0.103459 0.577628
0.136373 0.102591 0.578319
0.136293 0.103417 0.578895
0.137030 0.102371 0.579253
0.137322 0.104277 0.579345
0.138419 0.102375 0.580541
0.138166 0.102902 0.581535
0.138355 0.102959 0.580598
0.138960 0.103132 0.581540
0.138112 0.102667 0.581611
0.138961 0.103929 0.582332
0.139375 0.102659 0.583433
0.139946 0.103115 0.583232
0.138918 0.103554 0.584078
0.140056 0.103047 0.584348
0.139771 0.103160 0.584448
0.139967 0.102417 0.585986
0.139255 0.102552 0.586174
0.139917 0.103459 0.586838
0.140924 0.104237 0.586912
0.140877 0.103270 0.586787
0.140960 0.102643 0.588410
0.140235 0.102806 0.589068
0.140413 0.102841 0.588347
0.141605 0.102964 0.589135
0.141881 0.102813 0.590433
0.141907 0.102598 0.589749
0.141647 0.103342 0.591249
0.140441 0.102503 0.591509
0.141840 0.103540 0.591024
0.142957 0.102590 0.594213
0.141833 0.103088 0.593225
0.141396 0.103129 0.593600
0.142175 0.101941 0.593572
0.141728 0.102922 0.594316
0.142215 0.103065 0.595379
0.142245 0.102325 0.594452
0.142615 0.102511 0.595799
0.142019 0.103233 0.596709
0.142608 0.102810 0.596957
0.142991 0.103433 0.596940
0.142560 0.102831 0.596816
0.141853 0.103442 0.597456
0.142246 0.102962 0.598885
0.143245 0.103157 0.598528
0.141692 0.102648 0.599060
0.143294 0.101849 0.601050
0.143199 0.102391 0.601852
0.142445 0.103160 0.601103
0.141946 0.103704 0.601694
0.142217 0.102771 0.601986
0.142459 0.103031 0.602219
0.143029 0.103010 0.602616
0.142491 0.102979 0.603229
0.142283 0.102782 0.604229
0.141052 0.103250 0.605006
0.141646 0.102699 0.604972
0.143226 0.102366 0.606536
0.141887 0.103010 0.606713
0.142039 0.102831 0.606469
0.142440 0.103033 0.606613
0.141548 0.102898 0.607106
0.142044 0.102680 0.608842
0.141731 0.103263 0.608788
0.141220 0.103350 0.609523
0.142511 0.103759 0.609301
0.140862 0.101551 0.610096
0.142088 0.102643 0.610623
0.140927 0.103710 0.610807
0.140922 0.103165 0.611476
0.140855 0.102860 0.612442
0.140741 0.101779 0.612548
0.141246 0.103558 0.612312
0.140660 0.103837 0.612225
0.139527 0.103352 0.614803
0.140276 0.103756 0.614697
0.139864 0.102264 0.614898
0.140013 0.102818 0.615241
0.139191 0.102722 0.615466
0.139144 0.102007 0.616281
0.139748 0.102689 0.615916
0.139229 0.103723 0.616115
0.138697 0.102896 0.617928
0.138418 0.103222 0.618213
0.137575 0.103273 0.617943
0.138425 0.103145 0.617901
0.137170 0.103240 0.619561
0.137182 0.102798 0.620043
0.137522 0.102432 0.620327
0.137453 0.102814 0.620249
0.136844 0.102002 0.621390
0.135991 0.103346 0.621340
0.135273 0.102787 0.622147
0.135902 0.102426 0.622470
0.135195 0.103387 0.622883
0.135999 0.102858 0.623594
0.135675 0.103351 0.623444
0.135577 0.103767 0.624665
0.135032 0.103315 0.625220
0.134777 0.102563 0.624426
0.134560 0.103212 0.626119
0.133709 0.103077 0.625597
0.133514 0.103035 0.626295
0.132370 0.102809 0.625708
0.133115 0.103195 0.626023
0.133696 0.103506 0.628483
0.132960 0.102603 0.627599
0.132735 0.102064 0.627965
0.131443 0.103567 0.628722
0.130720 0.103088 0.629225
0.130691 0.103083 0.628778
0.130677 0.103032 0.629320
0.130606 0.102961 0.629960
0.130420 0.102003 0.630071
0.130371 0.102489 0.630607
0.128731 0.103407 0.631297
0.128693 0.103602 0.631169
0.129341 0.102554 0.631495
0.127107 0.103153 0.631270
0.126875 0.103428 0.632501
0.127705 0.102251 0.632409
0.127215 0.103341 0.632459
0.126381 0.103089 0.632998
0.126164 0.103922 0.633078
0.124628 0.103665 0.633276
0.125139 0.102688 0.633852
0.125210 0.102317 0.635516
0.124285 0.102947 0.635014
0.124498 0.102123 0.635637
0.123324 0.103388 0.635498
0.123231 0.102990 0.635466
0.123289 0.103261 0.636301
0.121338 0.103358 0.635904
0.122440 0.102463 0.636321
0.121177 0.103154 0.635815
0.121262 0.102888 0.636871
0.121657 0.106767 0.563769
0.121642 0.106356 0.563413
0.122070 0.105185 0.563416
0.122451 0.105768 0.563985
0.123002 0.106416 0.563766
0.123832 0.105400 0.565152
0.122861 0.106224 0.565174
0.124846 0.106176 0.566559
0.124605 0.106479 0.565008
0.124902 0.106130 0.566027
0.125293 0.106419 0.565135
0.126355 0.107416 0.565710
0.126516 0.106620 0.565799
0.126431 0.106455 0.567599
0.127345 0.105512 0.567582
0.126975 0.106514 0.568575
0.127915 0.106873 0.567702
0.127820 0.105872 0.567228
0.128064 0.107481 0.568815
0.129276 0.106458 0.569138
0.128821 0.107100 0.568934
0.129833 0.106140 0.569814
0.130135 0.106741 0.569644
0.130217 0.106237 0.570107
0.130364 0.106437 0.570670
0.131561 0.106980 0.570880
0.131747 0.106013 0.570804
0.131682 0.107605 0.572545
0.131577 0.107062 0.571366
0.132556 0.106576 0.572839
0.132840 0.107064 0.572382
0.132797 0.106379 0.573673
0.132759 0.106040 0.574160
0.133033 0.105958 0.572923
0.134104 0.106710 0.574210
0.133862 0.107540 0.574602
0.134015 0.106032 0.575527
0.133680 0.105941 0.575019
0.135305 0.105412 0.575638
0.135590 0.107230 0.576868
0.135055 0.106260 0.576991
0.135375 0.105380 0.576943
0.136381 0.106509 0.577471
0.136803 0.107506 0.577665
0.135363 0.106014 0.578629
0.137267 0.106660 0.579075
0.136755 0.107014 0.580242
0.137288 0.106185 0.579051
0.137630 0.106130 0.579726
0.137206 0.106337 0.581169
0.138277 0.106753 0.581570
0.137777 0.106932 0.581980
0.138380 0.107074 0.582090
0.138024 0.106492 0.582231
0.139097 0.106283 0.583742
0.139073 0.106462 0.583084
0.139236 0.106072 0.584301
0.139543 0.105690 0.583821
0.139981 0.106544 0.584494
0.139694 0.105734 0.584396
0.140006 0.106384 0.585729
0.140211 0.105674 0.585303
0.140895 0.105529 0.585759
0.141550 0.106572 0.586834
0.140591 0.106872 0.587901
0.140278 0.106585 0.588049
0.140207 0.105553 0.589261
0.141328 0.106497 0.588506
0.141846 0.105958 0.589197
0.141187 0.106701 0.591040
0.140856 0.105633 0.590762
0.141626 0.106184 0.590836
0.141343 0.106994 0.591179
0.141858 0.106334 0.591823
0.141808 0.106665 0.592866
0.142863 0.106846 0.592734
0.142627 0.106876 0.593009
0.141941 0.106501 0.593137
0.142088 0.106695 0.594096
0.142944 0.106787 0.594621
0.142824 0.106032 0.595573
0.142273 0.107268 0.595723
0.142475 0.105747 0.596107
0.141524 0.106234 0.596476
0.142302 0.105896 0.596989
0.143243 0.106953 0.597963
0.142240 0.107577 0.598262
0.143213 0.106698 0.598414
0.142064 0.105671 0.599198
0.142794 0.107367 0.599340
0.142176 0.105461 0.599398
0.142456 0.106620 0.601869
0.142158 0.106404 0.601175
0.141886 0.106235 0.601858
0.142185 0.106195 0.603230
0.141996 0.106990 0.602504
0.141800 0.106715 0.602404
0.142083 0.107036 0.603666
0.142437 0.106331 0.604543
0.142100 0.105650 0.605658
0.142596 0.106371 0.605509
0.142043 0.106002 0.605126
0.141531 0.106050 0.606336
0.141361 0.107201 0.606577
0.142108 0.106212 0.607457
0.142469 0.106494 0.607725
0.141394 0.106053 0.608160
0.141464 0.107423 0.608590
0.142485 0.107153 0.609281
0.141132 0.106389 0.609321
0.140910 0.105640 0.609302
0.141715 0.106528 0.610279
0.140777 0.105710 0.610995
0.140326 0.106581 0.611825
0.141053 0.106324 0.612305
0.140383 0.106260 0.612532
0.140204 0.106425 0.613086
0.140946 0.106402 0.613691
0.139327 0.106238 0.613691
0.140688 0.106343 0.614247
0.140153 0.106753 0.614769
0.139492 0.105930 0.615571
0.139409 0.106196 0.615784
0.139732 0.107476 0.616294
0.139840 0.106165 0.616538
0.138532 0.106078 0.616939
0.138625 0.106230 0.617777
0.138817 0.105789 0.618400
0.139043 0.106836 0.618312
0.137282 0.106332 0.618974
0.138199 0.106236 0.619568
0.136552 0.106287 0.620523
0.137645 0.106977 0.619892
0.137491 0.106204 0.620815
0.137063 0.105288 0.621668
0.137031 0.106222 0.621008
0.136779 0.105573 0.621300
0.135740 0.107069 0.622171
0.136076 0.107392 0.622934
0.135236 0.106746 0.622774
0.135975 0.105547 0.623344
0.135799 0.106703 0.623591
0.134561 0.106601 0.623700
0.135205 0.107049 0.623520
0.133318 0.107200 0.624981
0.133904 0.106939 0.625383
0.133349 0.106673 0.625794
0.134203 0.106879 0.626539
0.132577 0.105885 0.627471
0.132423 0.106545 0.627385
0.132185 0.106162 0.627105
0.131339 0.106421 0.628048
0.130636 0.106475 0.628340
0.131842 0.106457 0.629376
0.130919 0.106379 0.627613
0.129649 0.106530 0.629585
0.130787 0.106713 0.630050
0.129060 0.105813 0.630407
0.129584 0.106968 0.631379
0.129060 0.106989 0.630060
0.128907 0.105683 0.631038
0.128075 0.106791 0.632354
0.128337 0.105910 0.631398
0.128150 0.106025 0.631982
0.126628 0.106690 0.631942
0.126725 0.106850 0.633140
0.127139 0.106631 0.633529
0.126281 0.105218 0.632503
0.126271 0.106354 0.634087
0.124986 0.105612 0.635172
0.125413 0.106251 0.633559
0.125082 0.106844 0.634529
0.124701 0.106035 0.636172
0.124077 0.105432 0.635005
0.124328 0.106631 0.635463
0.123323 0.106043 0.636221
0.122853 0.105842 0.635216
0.122168 0.106361 0.635407
0.122194 0.106671 0.636351
0.121263 0.105890 0.637459
0.121869 0.110131 0.563296
0.121998 0.108658 0.563337
0.122082 0.109806 0.562940
0.121835 0.109112 0.564029
0.122776 0.109851 0.564181
0.122848 0.108972 0.564847
0.123682 0.109643 0.565057
0.123198 0.109685 0.565478
0.124724 0.108598 0.565439
0.123965 0.109685 0.565652
0.126079 0.111090 0.565475
0.125856 0.109900 0.566746
0.125789 0.109616 0.566768
0.126764 0.109840 0.566535
0.127305 0.109352 0.568037
0.127613 0.109161 0.567264
0.126938 0.109947 0.568438
0.128366 0.110256 0.567255
0.128603 0.109698 0.568325
0.129616 0.110303 0.568173
0.129199 0.109782 0.568286
0.129769 0.109008 0.568816
0.130389 0.110384 0.570421
0.130145 0.109922 0.571234
0.130794 0.109256 0.571367
0.131151 0.109220 0.570980
0.131387 0.110152 0.570974
0.130848 0.109230 0.571796
0.132788 0.109245 0.571247
0.131553 0.109333 0.571828
0.132551 0.109511 0.572989
0.133009 0.110576 0.573829
0.133352 0.108579 0.573990
0.133572 0.109287 0.573669
0.134853 0.109210 0.574206
0.133887 0.109267 0.574917
0.135491 0.109610 0.575065
0.135064 0.109672 0.574888
0.135035 0.109637 0.575704
0.135724 0.109287 0.576077
0.135418 0.109733 0.577194
0.136013 0.110544 0.576675
0.136694 0.110124 0.577812
0.136116 0.109136 0.578288
0.136184 0.110072 0.578651
0.137103 0.110030 0.579266
0.137424 0.110265 0.579268
0.137762 0.110253 0.580456
0.137535 0.110053 0.580125
0.138819 0.109295 0.580644
0.138228 0.109382 0.581056
0.138469 0.110305 0.581747
0.138222 0.109922 0.581491
0.138458 0.109294 0.582787
0.138377 0.109391 0.583291
0.139080 0.109402 0.583074
0.138419 0.109565 0.583287
0.139895 0.109278 0.583856
0.139309 0.109642 0.585070
0.139666 0.110934 0.585255
0.139961 0.110194 0.586284
0.139792 0.109345 0.586926
0.140636 0.110656 0.585877
0.139910 0.109914 0.588074
0.140576 0.110053 0.587482
0.139969 0.110523 0.587811
0.140344 0.109713 0.587382
0.140973 0.110932 0.589011
0.140705 0.110155 0.589454
0.141446 0.110176 0.590182
0.141228 0.110564 0.590938
0.141231 0.109608 0.591532
0.141265 0.109857 0.591410
0.141785 0.109879 0.592365
0.141915 0.109372 0.591623
0.142660 0.109808 0.593390
0.142475 0.109735 0.593083
0.140586 0.109695 0.593666
0.141329 0.109778 0.594035
0.141937 0.109649 0.595055
0.142581 0.109498 0.594882
0.142530 0.110416 0.595833
0.142925 0.109610 0.597333
0.141879 0.108893 0.596368
0.142517 0.109637 0.597640
0.142042 0.109931 0.598241
0.142705 0.110309 0.598152
0.143702 0.109056 0.598589
0.141864 0.109908 0.598962
0.142635 0.109425 0.600729
0.142398 0.109861 0.600959
0.141965 0.110056 0.601174
0.142328 0.110079 0.601314
0.143290 0.109877 0.601963
0.142476 0.109525 0.602454
0.141889 0.110297 0.603667
0.142320 0.109741 0.603144
0.143033 0.110343 0.603583
0.142504 0.109283 0.604929
0.142314 0.108956 0.604590
0.142261 0.109382 0.605871
0.142510 0.108946 0.605631
0.141432 0.110241 0.606519
0.142406 0.109792 0.606586
0.142010 0.110058 0.608322
0.143077 0.109446 0.607534
0.141690 0.109921 0.608108
0.140966 0.109877 0.609578
0.141693 0.109433 0.608718
0.141707 0.109130 0.609947
0.140400 0.110474 0.610078
0.141714 0.109818 0.610057
0.141311 0.109249 0.612026
0.141305 0.110622 0.611826
0.141309 0.109969 0.611682
0.140460 0.109116 0.612774
0.139886 0.109420 0.613572
0.140607 0.109026 0.612519
0.139804 0.110189 0.614123
0.140190 0.109129 0.614829
0.139804 0.109430 0.615336
0.139035 0.110541 0.614664
0.139419 0.109986 0.616189
0.139538 0.109895 0.616786
0.138644 0.109449 0.616752
0.139242 0.109609 0.616447
0.137679 0.110046 0.618187
0.138428 0.109899 0.617479
0.138309 0.109996 0.618246
0.137439 0.109210 0.618355
0.137407 0.108226 0.618893
0.138454 0.109953 0.619611
0.137456 0.108903 0.620262
0.137017 0.109862 0.620669
0.137124 0.110405 0.620825
0.136729 0.109603 0.620978
0.136513 0.110827 0.621960
0.135908 0.109997 0.623166
0.136240 0.109653 0.622525
0.135086 0.110270 0.623763
0.135970 0.110251 0.624171
0.135659 0.109955 0.624329
0.134954 0.109799 0.624789
0.134093 0.108930 0.624356
0.134618 0.110826 0.626049
0.133217 0.109220 0.626229
0.133406 0.109745 0.625611
0.132456 0.109680 0.627326
0.132748 0.109821 0.627230
0.132081 0.109701 0.627542
0.131866 0.109477 0.627715
0.131581 0.109728 0.628213
0.131433 0.109797 0.627508
0.131622 0.109649 0.629450
0.130629 0.110614 0.628382
0.130508 0.110885 0.629802
0.129682 0.108905 0.629322
0.129566 0.109542 0.629689
0.129272 0.109822 0.629518
0.129193 0.109109 0.631920
0.127910 0.108931 0.630537
0.128864 0.108465 0.631524
0.127799 0.109682 0.632939
0.128845 0.109811 0.631446
0.127614 0.109875 0.633705
0.127989 0.109781 0.632179
0.126968 0.110118 0.633094
0.125664 0.108900 0.632833
0.125424 0.108951 0.633485
0.125474 0.110722 0.633842
0.125270 0.109852 0.634169
0.125306 0.109695 0.634905
0.124383 0.109782 0.634920
0.122808 0.110030 0.634712
0.123742 0.109979 0.635568
0.124517 0.111035 0.635537
0.123222 0.109800 0.635400
0.122084 0.109690 0.635664
0.121323 0.109654 0.635866
0.121505 0.109314 0.636089
0.122139 0.112874 0.562602
0.121870 0.113197 0.563933
0.122147 0.113819 0.564618
0.122923 0.112931 0.563335
0.123947 0.112673 0.564733
0.123933 0.112966 0.564853
0.123640 0.113266 0.565171
0.124659 0.112321 0.565353
0.124931 0.112806 0.565006
0.124245 0.113530 0.565209
0.124737 0.113174 0.565713
0.126460 0.113676 0.566003
0.126767 0.112621 0.567166
0.127188 0.112683 0.567578
0.126821 0.113368 0.567223
0.127075 0.113047 0.568231
0.127462 0.112650 0.568259
0.127922 0.112821 0.567549
0.129295 0.113221 0.568469
0.128823 0.113405 0.568153
0.129413 0.113239 0.568498
0.128874 0.113780 0.569780
0.129831 0.112842 0.571024
0.130047 0.113177 0.569716
0.130018 0.113055 0.570672
0.131024 0.113100 0.570397
0.131263 0.112854 0.570969
0.131926 0.113017 0.571631
0.131600 0.112613 0.571924
0.132607 0.112996 0.573509
0.132486 0.113773 0.572219
0.133136 0.113727 0.573146
0.132331 0.113757 0.573454
0.133590 0.113120 0.574164
0.134633 0.113358 0.574019
0.134181 0.113097 0.574177
0.134458 0.112943 0.575589
0.134933 0.114049 0.575489
0.134525 0.113161 0.575752
0.134647 0.113306 0.576642
0.135197 0.112823 0.576277
0.136694 0.113335 0.577245
0.136082 0.112705 0.577840
0.136121 0.112792 0.577829
0.136044 0.112542 0.578409
0.137519 0.113913 0.579491
0.137234 0.112799 0.579436
0.137962 0.113014 0.579420
0.137771 0.112526 0.580502
0.138058 0.113423 0.581401
0.137980 0.112824 0.580534
0.139013 0.113941 0.581604
0.138589 0.112502 0.582650
0.138442 0.112731 0.582726
0.139267 0.113958 0.582688
0.138401 0.113784 0.583804
0.139347 0.111976 0.583077
0.140727 0.113788 0.584553
0.138512 0.113623 0.584482
0.139187 0.113190 0.585788
0.139497 0.113128 0.585764
0.139629 0.113179 0.586341
0.140331 0.112277 0.586874
0.140746 0.112743 0.587385
0.141038 0.112605 0.587680
0.141683 0.112690 0.587445
0.140532 0.112483 0.588316
0.140612 0.112763 0.588292
0.141332 0.112572 0.589878
0.141017 0.113265 0.589161
0.141653 0.112399 0.590199
0.142106 0.112831 0.590584
0.141311 0.113034 0.591702
0.142169 0.113719 0.591580
0.141394 0.112535 0.591687
0.141523 0.113974 0.592718
0.142521 0.113579 0.592991
0.142683 0.113190 0.593372
0.142489 0.112608 0.594401
0.141506 0.114172 0.593935
0.142482 0.113820 0.596065
0.142564 0.113478 0.595645
0.142526 0.114056 0.596128
0.142256 0.112368 0.596598
0.142135 0.112927 0.597059
0.142883 0.113421 0.597565
0.142604 0.111935 0.598459
0.142456 0.112667 0.598914
0.141945 0.113423 0.599669
0.142150 0.113167 0.599253
0.142699 0.112595 0.599396
0.142575 0.113406 0.600495
0.143062 0.113434 0.601738
0.142599 0.112728 0.602466
0.142717 0.112756 0.602137
0.142396 0.114339 0.603107
0.142100 0.112492 0.603259
0.141927 0.113762 0.603595
0.142716 0.113411 0.605043
0.142247 0.113694 0.605160
0.142125 0.112637 0.605660
0.141419 0.113306 0.605615
0.142288 0.113575 0.605942
0.141399 0.113121 0.606429
0.141429 0.112845 0.606703
0.141504 0.113228 0.607275
0.141609 0.113732 0.607872
0.141118 0.112533 0.608948
0.142221 0.112398 0.609011
0.140864 0.113339 0.609800
0.141749 0.114198 0.611245
0.141087 0.113805 0.610492
0.141031 0.114462 0.611015
0.141075 0.113631 0.611351
0.141096 0.113287 0.610802
0.141071 0.112990 0.612642
0.140857 0.113565 0.612976
0.139944 0.113349 0.612777
0.139908 0.113457 0.614721
0.139949 0.113654 0.615012
0.140175 0.112713 0.614390
0.140491 0.113305 0.615245
0.139277 0.113130 0.616606
0.138871 0.113191 0.617109
0.139278 0.114017 0.616490
0.137592 0.113589 0.616813
0.138800 0.112979 0.617846
0.138536 0.112664 0.618581
0.138141 0.113195 0.617904
0.137361 0.113045 0.618971
0.138801 0.112672 0.619298
0.137025 0.112948 0.620062
0.137134 0.113970 0.620404
0.136614 0.113485 0.620896
0.137556 0.113898 0.620673
0.135189 0.113073 0.621966
0.135393 0.113118 0.621740
0.136391 0.113083 0.621972
0.135414 0.113031 0.622770
0.136125 0.113875 0.622673
0.134755 0.113133 0.624876
0.134307 0.112693 0.624627
0.135529 0.113071 0.623925
0.134815 0.113316 0.624682
0.133923 0.113528 0.625159
0.134120 0.112874 0.625624
0.133361 0.112887 0.626125
0.132861 0.112529 0.626778
0.133348 0.113898 0.627037
0.133717 0.112632 0.626923
0.132783 0.112770 0.628096
0.131964 0.113150 0.628158
0.131198 0.111895 0.628197
0.131195 0.112938 0.629289
0.131186 0.113226 0.629063
0.130254 0.113629 0.629475
0.130041 0.113298 0.629725
0.130243 0.113515 0.629846
0.129435 0.114167 0.630696
0.129384 0.113242 0.630847
0.129033 0.114129 0.631916
0.128995 0.113084 0.631079
0.127922 0.112806 0.631655
0.127369 0.113165 0.632569
0.128362 0.113170 0.632106
0.126886 0.112763 0.632773
0.127265 0.113193 0.633584
0.126601 0.113274 0.633770
0.124999 0.112288 0.634083
0.125363 0.114184 0.633683
0.125363 0.112672 0.634921
0.124998 0.113158 0.634489
0.123758 0.112777 0.634473
0.123775 0.112885 0.634917
0.124097 0.112579 0.635319
0.122238 0.113689 0.635333
0.122562 0.113954 0.635776
0.120920 0.112861 0.636885
0.121644 0.113448 0.636789
0.121275 0.112819 0.637335
0.120369 0.116712 0.562742
0.121464 0.115799 0.563109
0.122648 0.116583 0.564058
0.123721 0.115909 0.563932
0.122341 0.116626 0.564319
0.124161 0.117633 0.564287
0.124095 0.116422 0.565094
0.124098 0.117074 0.565483
0.124971 0.117310 0.564863
0.124499 0.116718 0.566025
0.125072 0.116129 0.566537
0.124925 0.116249 0.567167
0.126484 0.116796 0.565980
0.126659 0.116506 0.566795
0.126839 0.116308 0.567716
0.127887 0.116341 0.567149
0.127541 0.116427 0.568608
0.128035 0.116617 0.568610
0.128116 0.117056 0.567985
0.128915 0.115811 0.569972
0.129073 0.116084 0.569488
0.129546 0.115681 0.569519
0.129959 0.115795 0.569642
0.130066 0.116803 0.570162
0.130742 0.116727 0.570055
0.130850 0.117389 0.570770
0.131389 0.117148 0.570656
0.131871 0.115987 0.572132
0.132356 0.116362 0.571831
0.131887 0.116876 0.573027
0.133312 0.116646 0.573467
0.132544 0.116309 0.572798
0.133528 0.117526 0.573017
0.133019 0.117231 0.573308
0.133647 0.117142 0.574820
0.134219 0.116499 0.575280
0.135058 0.116284 0.575544
0.133888 0.116064 0.575912
0.135036 0.117179 0.576111
0.135279 0.116210 0.575649
0.135008 0.116698 0.577096
0.136174 0.116187 0.578063
0.136343 0.116547 0.577691
0.136697 0.116177 0.578335
0.136646 0.115270 0.579151
0.136946 0.116149 0.577807
0.136030 0.116582 0.578531
0.137944 0.116078 0.579617
0.137520 0.117098 0.580020
0.137742 0.115777 0.580435
0.138046 0.115814 0.580781
0.138254 0.116581 0.581712
0.138042 0.116676 0.582032
0.138862 0.116325 0.582491
0.139405 0.115997 0.583165
0.138865 0.116411 0.582717
0.139340 0.116911 0.583889
0.139582 0.115816 0.584068
0.139815 0.115643 0.584302
0.139405 0.116823 0.584704
0.139590 0.116847 0.585185
0.140677 0.116022 0.585690
0.139997 0.116245 0.586221
0.140872 0.115679 0.587066
0.139831 0.116531 0.588270
0.140933 0.115748 0.587832
0.141302 0.117016 0.588232
0.141003 0.116782 0.588852
0.140628 0.116552 0.588780
0.141991 0.116550 0.589704
0.141704 0.116632 0.591339
0.140259 0.116309 0.590721
0.141641 0.117603 0.590651
0.141597 0.115704 0.591817
0.141840 0.115520 0.592123
0.141444 0.116225 0.593126
0.141910 0.117191 0.593006
0.142282 0.116460 0.593243
0.142566 0.116281 0.594654
0.141643 0.116333 0.594892
0.141362 0.116824 0.595583
0.142758 0.116723 0.595253
0.142050 0.116644 0.595657
0.142663 0.116433 0.597590
0.142409 0.116476 0.598257
0.142518 0.115675 0.597449
0.142087 0.117151 0.597379
0.142132 0.115536 0.599046
0.142953 0.116211 0.599731
0.142674 0.116008 0.599774
0.142504 0.116222 0.599466
0.142948 0.116284 0.600079
0.143324 0.115585 0.601091
0.142482 0.117145 0.602584
0.142754 0.115846 0.602110
0.142332 0.117291 0.603094
0.143407 0.116568 0.603049
0.142159 0.117341 0.603608
0.142484 0.116426 0.603724
0.141799 0.115904 0.604961
0.141720 0.116565 0.605007
0.141495 0.115780 0.605325
0.141699 0.116369 0.606444
0.142184 0.115906 0.606637
0.141548 0.116393 0.605943
0.141471 0.116604 0.606940
0.141852 0.116468 0.608355
0.141937 0.116160 0.609006
0.140980 0.116331 0.609506
0.141353 0.116714 0.609769
0.140438 0.116606 0.610194
0.140538 0.116981 0.610715
0.141616 0.115765 0.612382
0.140720 0.116131 0.611007
0.140288 0.116321 0.612515
0.140092 0.116734 0.612895
0.140664 0.116364 0.613157
0.140993 0.115841 0.612896
0.140212 0.116928 0.613084
0.139925 0.117195 0.614914
0.139267 0.115498 0.614838
0.139377 0.116443 0.615752
0.141047 0.116052 0.616001
0.139227 0.116967 0.616466
0.138757 0.116452 0.616527
0.139543 0.117329 0.616403
0.138753 0.116729 0.617306
0.137865 0.116161 0.618583
0.138420 0.117482 0.617702
0.138129 0.116695 0.619464
0.137572 0.117202 0.619528
0.137601 0.116918 0.619470
0.137904 0.115819 0.620162
0.137107 0.116196 0.620292
0.137076 0.116120 0.621442
0.136280 0.116385 0.620753
0.136364 0.116843 0.621339
0.136670 0.115842 0.622690
0.135434 0.116748 0.623994
0.134819 0.117620 0.623442
0.135787 0.115925 0.622744
0.135212 0.116265 0.624898
0.135641 0.116912 0.624441
0.134556 0.115715 0.625874
0.134340 0.116123 0.625880
0.133270 0.116951 0.626349
0.133596 0.116985 0.626270
0.133152 0.116592 0.626341
0.132124 0.116965 0.625946
0.132815 0.116022 0.627418
0.131815 0.116576 0.627084
0.132034 0.116056 0.628208
0.132317 0.115875 0.627873
0.131381 0.116691 0.628510
0.130736 0.116183 0.629227
0.130874 0.116013 0.629615
0.130445 0.116470 0.628994
0.129539 0.116542 0.629372
0.129259 0.117142 0.630737
0.129200 0.116160 0.630111
0.128758 0.116763 0.631426
0.128470 0.117023 0.631324
0.127951 0.115985 0.632446
0.129190 0.116970 0.632716
0.126764 0.116675 0.632990
0.126557 0.116344 0.633623
0.127334 0.116147 0.633210
0.126684 0.115167 0.634309
0.126334 0.116557 0.634161
0.125411 0.117006 0.633919
0.125113 0.116923 0.633502
0.124255 0.116912 0.634896
0.124217 0.116786 0.635362
0.123372 0.117095 0.635506
0.123628 0.116326 0.635077
0.122379 0.116508 0.635876
0.122833 0.116811 0.637099
0.122094 0.115985 0.635761
0.122269 0.116300 0.636201
0.121079 0.116991 0.636951
0.120871 0.119635 0.563152
0.122361 0.120270 0.562838
0.122420 0.119507 0.564128
0.122947 0.120054 0.563772
0.122687 0.120076 0.564649
0.122764 0.119599 0.564530
0.123241 0.120253 0.564180
0.123523 0.119763 0.564950
0.124868 0.119479 0.566409
0.125468 0.119767 0.565577
0.125462 0.119583 0.566304
0.125261 0.119406 0.567043
0.127361 0.119793 0.566518
0.126981 0.118967 0.566803
0.127415 0.120351 0.567373
0.127970 0.119677 0.566873
0.127905 0.119885 0.566290
0.128606 0.119569 0.568085
0.129046 0.119275 0.569118
0.128420 0.119386 0.568599
0.128681 0.120049 0.568363
0.129507 0.120157 0.568936
0.130104 0.120380 0.569388
0.130406 0.119471 0.570098
0.130555 0.120052 0.570801
0.131441 0.119542 0.570650
0.131199 0.119751 0.570805
0.131858 0.119463 0.571391
0.131652 0.120223 0.571776
0.132540 0.119988 0.572307
0.133512 0.119207 0.573094
0.132418 0.118860 0.572968
0.133200 0.119539 0.573750
0.134057 0.119786 0.574015
0.132961 0.119687 0.574311
0.133827 0.119697 0.574419
0.135013 0.119506 0.575333
0.134096 0.119620 0.576001
0.135757 0.119815 0.575605
0.134790 0.119765 0.577151
0.135072 0.120216 0.576857
0.136310 0.120552 0.577316
0.136988 0.120234 0.577481
0.135977 0.121080 0.577341
0.136156 0.119659 0.579377
0.137328 0.120513 0.578825
0.136585 0.119787 0.579349
0.136634 0.119684 0.579295
0.138325 0.119833 0.580019
0.138170 0.119311 0.580538
0.137235 0.120048 0.579906
0.138704 0.119355 0.581180
0.137595 0.119748 0.581417
0.138442 0.119145 0.582682
0.138886 0.119878 0.583075
0.137856 0.119447 0.583836
0.138593 0.119250 0.583463
0.139032 0.120044 0.584290
0.139676 0.120067 0.584411
0.140372 0.119160 0.585304
0.139487 0.119417 0.584982
0.139901 0.120549 0.585895
0.139308 0.120673 0.586291
0.140658 0.119971 0.587378
0.141262 0.120345 0.588435
0.140193 0.119126 0.587939
0.140960 0.119693 0.588956
0.141130 0.119328 0.589405
0.141512 0.119735 0.589380
0.140935 0.120087 0.589797
0.141485 0.119776 0.590361
0.141609 0.120393 0.590529
0.141578 0.118787 0.590920
0.140956 0.119850 0.592599
0.142234 0.119383 0.592806
0.141819 0.119214 0.593116
0.141791 0.119338 0.593766
0.141099 0.119616 0.594063
0.141946 0.119504 0.594635
0.143290 0.119730 0.594941
0.143021 0.119214 0.595434
0.143664 0.119786 0.595225
0.142835 0.120023 0.596571
0.142137 0.119847 0.596380
0.142375 0.119563 0.597509
0.141857 0.120641 0.598540
0.141931 0.119504 0.598013
0.142865 0.119902 0.598485
0.143331 0.119042 0.599242
0.143113 0.119574 0.600321
0.141932 0.119333 0.600580
0.142924 0.119647 0.601285
0.142443 0.120490 0.601700
0.141488 0.120521 0.602291
0.141729 0.119877 0.602487
0.143151 0.119597 0.602998
0.143530 0.120116 0.603353
0.142791 0.119928 0.604122
0.143462 0.120109 0.603934
0.142663 0.120162 0.604864
0.142207 0.120178 0.605314
0.142720 0.119369 0.605607
0.141796 0.119490 0.606191
0.142129 0.120367 0.606437
0.142315 0.119567 0.607686
0.142009 0.119685 0.607432
0.141472 0.119812 0.608407
0.140932 0.120270 0.608892
0.141721 0.120411 0.609088
0.141415 0.120735 0.609925
0.140244 0.120017 0.609009
0.141089 0.119540 0.610538
0.140526 0.119872 0.610414
0.140960 0.120288 0.611173
0.140980 0.120383 0.611442
0.140289 0.120615 0.612840
0.140132 0.118871 0.612370
0.140369 0.120112 0.613528
0.140516 0.120507 0.613869
0.140278 0.120659 0.613874
0.140851 0.119185 0.614676
0.139982 0.120271 0.615704
0.140008 0.119348 0.615323
0.139626 0.119338 0.617163
0.138754 0.119503 0.617352
0.138657 0.119593 0.616834
0.137415 0.120136 0.617562
0.138406 0.119606 0.618071
0.138417 0.119681 0.618171
0.138265 0.119484 0.619625
0.137544 0.120139 0.618807
0.138497 0.119847 0.619860
0.137177 0.118840 0.620892
0.137142 0.120441 0.621429
0.136789 0.120052 0.620784
0.136616 0.119363 0.621367
0.136252 0.120344 0.622284
0.135566 0.120225 0.622752
0.135828 0.119237 0.623235
0.134897 0.119504 0.623195
0.134140 0.120073 0.622918
0.135411 0.119951 0.624885
0.134356 0.120553 0.624395
0.133875 0.119031 0.624644
0.133620 0.119768 0.625109
0.134095 0.120059 0.626632
0.133450 0.119973 0.626853
0.133323 0.119721 0.626997
0.133500 0.120027 0.627054
0.133082 0.120443 0.626482
0.132623 0.120280 0.627423
0.132731 0.119471 0.628179
0.132398 0.119044 0.627681
0.131902 0.119527 0.628748
0.130870 0.119535 0.629189
0.130830 0.120114 0.628158
0.130438 0.118996 0.630292
0.129297 0.119485 0.630659
0.129814 0.119601 0.631619
0.129134 0.119255 0.630751
0.128477 0.120449 0.630879
0.128940 0.120448 0.630556
0.127887 0.119879 0.631372
0.127887 0.119485 0.632056
0.126555 0.119531 0.632053
0.127685 0.119048 0.632466
0.126263 0.120327 0.633640
0.126464 0.119137 0.634588
0.126625 0.120235 0.633724
0.125085 0.120693 0.633302
0.124137 0.119511 0.634630
0.123861 0.118484 0.635065
0.124552 0.119828 0.635774
0.123914 0.119822 0.635596
0.123568 0.119667 0.634828
0.122591 0.119981 0.635924
0.121894 0.119992 0.636017
0.122591 0.120125 0.636176
0.121715 0.119389 0.636742
0.121173 0.120845 0.636802
0.121181 0.123999 0.562837
0.121152 0.123858 0.563827
0.121794 0.124258 0.563354
0.122664 0.123891 0.563418
0.122312 0.123638 0.564862
0.123047 0.122449 0.565641
0.123432 0.123451 0.564591
0.124625 0.123215 0.565088
0.124750 0.123346 0.565758
0.124782 0.123856 0.566307
0.125531 0.122835 0.566254
0.125771 0.124098 0.565428
0.126166 0.123093 0.566936
0.127508 0.123256 0.567490
0.127810 0.123278 0.567032
0.126944 0.122630 0.567280
0.128012 0.123917 0.568312
0.128690 0.122066 0.568420
0.128643 0.123102 0.568119
0.129743 0.123226 0.569235
0.128737 0.123503 0.569005
0.129495 0.123364 0.568787
0.129026 0.123082 0.569583
0.130369 0.122105 0.569751
0.130858 0.122884 0.571717
0.130683 0.122781 0.571044
0.132130 0.123113 0.570823
0.131914 0.123303 0.572190
0.132037 0.123834 0.572592
0.133378 0.124462 0.573245
0.132557 0.123896 0.572820
0.133110 0.122631 0.573419
0.132850 0.123652 0.573293
0.133354 0.123082 0.573648
0.133889 0.123556 0.573870
0.134547 0.122674 0.575529
0.134021 0.122464 0.575333
0.135028 0.123349 0.575962
0.135079 0.123582 0.576037
0.134184 0.123062 0.575620
0.135147 0.123765 0.577412
0.135237 0.122620 0.576659
0.136741 0.123551 0.577793
0.136059 0.122569 0.578242
0.136168 0.123361 0.578435
0.136098 0.122775 0.579944
0.135724 0.123368 0.579175
0.137558 0.122627 0.578892
0.137593 0.123309 0.580105
0.138157 0.122435 0.581534
0.137960 0.122436 0.580960
0.138077 0.123401 0.581823
0.138533 0.122869 0.582301
0.138348 0.123258 0.582382
0.138443 0.123013 0.583758
0.139769 0.123437 0.583370
0.139746 0.123282 0.583974
0.140191 0.123206 0.583972
0.139809 0.123306 0.585094
0.140239 0.122967 0.585386
0.139169 0.122821 0.585349
0.140251 0.122848 0.585953
0.140507 0.123846 0.585574
0.141164 0.123301 0.586562
0.140313 0.123528 0.587368
0.140593 0.123697 0.587787
0.140918 0.123969 0.588173
0.140628 0.123891 0.589303
0.141666 0.122672 0.589555
0.141005 0.122883 0.590909
0.141124 0.123178 0.590684
0.141261 0.122570 0.590120
0.142244 0.122598 0.591341
0.141611 0.122981 0.591874
0.141422 0.123381 0.592491
0.141691 0.123155 0.592603
0.142441 0.123216 0.593032
0.141370 0.122805 0.594782
0.141497 0.123424 0.594825
0.141865 0.123173 0.594740
0.142540 0.122801 0.594968
0.142047 0.123802 0.595295
0.141702 0.123521 0.596617
0.142052 0.123064 0.597152
0.142182 0.123086 0.598026
0.142506 0.122843 0.597499
0.142054 0.123252 0.598330
0.143306 0.122144 0.598483
0.143121 0.123004 0.600273
0.141407 0.122989 0.599497
0.142048 0.123426 0.600774
0.142101 0.123114 0.602382
0.142827 0.123237 0.600852
0.143047 0.123987 0.601751
0.141418 0.123299 0.602344
0.142720 0.123686 0.602305
0.141497 0.123424 0.603382
0.142264 0.123827 0.605167
0.143011 0.123695 0.604585
0.143181 0.121217 0.604104
0.142228 0.123092 0.605432
0.142841 0.122936 0.605952
0.141755 0.122882 0.605809
0.141567 0.122525 0.607187
0.141752 0.124094 0.606933
0.142579 0.124325 0.607354
0.141514 0.123418 0.608076
0.141091 0.123564 0.608831
0.141376 0.122658 0.609839
0.141630 0.123528 0.608849
0.141996 0.122899 0.610532
0.141169 0.122700 0.610824
0.141579 0.122917 0.611274
0.141149 0.122972 0.611454
0.140635 0.123626 0.611348
0.140975 0.123038 0.612540
0.140012 0.123839 0.612850
0.140135 0.122828 0.613361
0.140188 0.123302 0.612507
0.139336 0.122176 0.614364
0.139981 0.123507 0.615346
0.139126 0.123305 0.614230
0.139956 0.122235 0.616112
0.138958 0.122549 0.616165
0.138844 0.122688 0.616147
0.138952 0.123732 0.616719
0.138206 0.122934 0.617018
0.138548 0.124202 0.618164
0.138356 0.122191 0.618782
0.138085 0.122309 0.618863
0.138539 0.123062 0.619980
0.136805 0.123205 0.619166
0.137214 0.123367 0.620653
0.136893 0.123865 0.620055
0.136809 0.123801 0.620661
0.136875 0.123226 0.622455
0.136684 0.122480 0.622006
0.135846 0.122664 0.622472
0.135687 0.122803 0.621693
0.135745 0.123598 0.623385
0.135425 0.123015 0.622699
0.134113 0.122311 0.623735
0.134677 0.123363 0.622874
0.135031 0.123727 0.623454
0.133671 0.124047 0.624922
0.134237 0.123083 0.625486
0.133219 0.122857 0.626123
0.132948 0.122912 0.625866
0.133094 0.122141 0.627430
0.131407 0.123266 0.627538
0.132428 0.123208 0.627783
0.131868 0.123519 0.627321
0.131836 0.122751 0.628425
0.130823 0.122297 0.629084
0.131106 0.122842 0.629136
0.130136 0.123652 0.630168
0.130670 0.123587 0.630039
0.130638 0.122302 0.630882
0.129284 0.124030 0.630725
0.129267 0.122748 0.629851
0.129028 0.122372 0.631283
0.128711 0.122692 0.631054
0.128078 0.123416 0.632077
0.128449 0.123020 0.632629
0.127267 0.123661 0.631637
0.127332 0.121679 0.632746
0.126831 0.123471 0.633072
0.126165 0.123534 0.632579
0.125976 0.123371 0.633376
0.125338 0.122802 0.634049
0.124395 0.122993 0.634171
0.124730 0.122847 0.635041
0.124515 0.122495 0.634614
0.124250 0.122966 0.634678
0.122911 0.124238 0.635705
0.122828 0.123695 0.635528
0.123129 0.123498 0.635627
0.122262 0.123089 0.635753
0.122023 0.123547 0.636666
0.121326 0.122954 0.636723
0.122044 0.126747 0.563244
0.121813 0.126422 0.563961
0.121674 0.125979 0.563808
0.123115 0.127218 0.563818
0.122221 0.125978 0.565609
0.123845 0.126227 0.563938
0.123401 0.126182 0.564801
0.124325 0.126580 0.565099
0.124768 0.127690 0.565032
0.124595 0.125756 0.565621
0.125313 0.126763 0.565768
0.124925 0.127319 0.565853
0.125820 0.126595 0.566365
0.127844 0.126518 0.566037
0.127486 0.126662 0.567597
0.126842 0.126133 0.567416
0.127584 0.126285 0.568367
0.128024 0.126444 0.568036
0.127484 0.125869 0.568330
0.128997 0.127137 0.569120
0.129209 0.127073 0.569753
0.130506 0.126991 0.569939
0.129326 0.127705 0.570145
0.130867 0.126472 0.570539
0.130890 0.127055 0.570247
0.129688 0.126403 0.571121
0.131118 0.125569 0.571946
0.132388 0.126012 0.570796
0.132831 0.126652 0.571858
0.132734 0.126297 0.572974
0.132258 0.126931 0.573336
0.132409 0.126266 0.573282
0.132461 0.127338 0.574871
0.132921 0.126239 0.573295
0.133583 0.126728 0.574271
0.133496 0.127398 0.574661
0.134717 0.127050 0.574511
0.134399 0.126369 0.574502
0.134413 0.126864 0.576266
0.135930 0.126821 0.575930
0.135020 0.127012 0.576801
0.136255 0.126639 0.577730
0.135209 0.126042 0.577557
0.135333 0.125946 0.578078
0.136575 0.126221 0.578034
0.136597 0.126313 0.578592
0.137729 0.126234 0.579520
0.137359 0.126590 0.579078
0.136998 0.126551 0.580743
0.137617 0.126712 0.580215
0.137808 0.126493 0.581317
0.139052 0.126753 0.581620
0.138276 0.126939 0.581097
0.138439 0.127243 0.581618
0.138287 0.126587 0.582797
0.137907 0.125707 0.583684
0.139550 0.126885 0.584215
0.139481 0.126260 0.584246
0.139862 0.126718 0.583718
0.140340 0.127277 0.585825
0.139753 0.126031 0.585564
0.139389 0.127578 0.585887
0.140992 0.125953 0.586802
0.140675 0.127251 0.586629
0.139663 0.126466 0.587771
0.140702 0.126769 0.587777
0.141090 0.127074 0.588540
0.141388 0.126852 0.588771
0.141694 0.126742 0.588947
0.142104 0.126216 0.589693
0.141328 0.126688 0.589330
0.142130 0.126867 0.590412
0.141850 0.126758 0.590399
0.141943 0.127320 0.590948
0.141794 0.125438 0.591790
0.141697 0.126966 0.592962
0.141036 0.126701 0.593023
0.142041 0.126380 0.594169
0.141657 0.126854 0.594957
0.141526 0.126708 0.594787
0.142160 0.126575 0.594825
0.142374 0.126197 0.595675
0.142625 0.126054 0.595937
0.142369 0.126392 0.597354
0.142365 0.125804 0.596954
0.142144 0.126660 0.597572
0.142491 0.126808 0.598429
0.143099 0.126192 0.598400
0.142360 0.126117 0.599675
0.142679 0.127071 0.599153
0.142401 0.125935 0.600324
0.142264 0.126548 0.599504
0.142530 0.126093 0.601606
0.142324 0.126920 0.602556
0.141731 0.126224 0.602673
0.142013 0.127315 0.603121
0.141847 0.125184 0.603414
0.142367 0.126712 0.604458
0.142223 0.126844 0.604714
0.142079 0.127672 0.604787
0.141147 0.126546 0.605365
0.141984 0.126296 0.605122
0.142706 0.126678 0.605545
0.142288 0.127008 0.606482
0.141191 0.126580 0.607321
0.141955 0.126906 0.607856
0.142212 0.126119 0.608144
0.141067 0.126142 0.608271
0.142185 0.127171 0.609088
0.141371 0.126362 0.610292
0.141697 0.126748 0.610215
0.140919 0.126281 0.610271
0.141508 0.126038 0.610979
0.140776 0.126341 0.611597
0.139988 0.127098 0.612642
0.140379 0.127441 0.612803
0.140399 0.126903 0.612981
0.139760 0.126109 0.613685
0.140458 0.127163 0.614261
0.140784 0.126324 0.613871
0.139740 0.126624 0.615691
0.139217 0.126513 0.615005
0.139772 0.126425 0.615829
0.139102 0.125940 0.616267
0.138745 0.126508 0.616893
0.138555 0.125904 0.617075
0.139095 0.127076 0.618376
0.138718 0.126426 0.618517
0.138294 0.126391 0.617459
0.138364 0.125683 0.618780
0.137318 0.126101 0.618947
0.137560 0.125619 0.618931
0.137584 0.127042 0.619290
0.137971 0.127403 0.621269
0.136572 0.126844 0.620054
0.136444 0.126414 0.621222
0.136134 0.126897 0.622005
0.135598 0.126266 0.622658
0.135501 0.127041 0.622819
0.135855 0.126491 0.623406
0.134696 0.126686 0.623314
0.133766 0.126356 0.624674
0.135442 0.126612 0.623966
0.134908 0.126035 0.625004
0.134199 0.126018 0.625124
0.134375 0.127993 0.626146
0.134700 0.126477 0.627076
0.133220 0.127051 0.627217
0.132627 0.126664 0.626866
0.132398 0.125982 0.627213
0.132293 0.125711 0.626728
0.132416 0.125632 0.628099
0.131323 0.126474 0.628618
0.131044 0.126653 0.627998
0.130846 0.127051 0.628797
0.130784 0.127136 0.629596
0.130681 0.126425 0.629854
0.129898 0.127164 0.629580
0.129369 0.126564 0.630459
0.129195 0.126937 0.631953
0.129267 0.126469 0.631371
0.129231 0.126048 0.631742
0.128510 0.126553 0.632667
0.127858 0.127248 0.631890
0.127456 0.126471 0.632778
0.127087 0.127127 0.633555
0.126709 0.127319 0.633430
0.126042 0.125589 0.633918
0.126313 0.126663 0.633301
0.126101 0.126557 0.635033
0.124320 0.126419 0.634701
0.123803 0.126499 0.634883
0.123210 0.127280 0.634644
0.124370 0.126481 0.634904
0.124059 0.126428 0.636210
0.122441 0.126856 0.635280
0.122277 0.126387 0.635422
0.122027 0.126354 0.636372
0.121816 0.126765 0.636385
0.120982 0.126993 0.637055
0.120218 0.129776 0.563221
0.122731 0.129864 0.564265
0.122610 0.130791 0.563715
0.123111 0.130273 0.564747
0.122638 0.129569 0.564067
0.124126 0.130174 0.564320
0.124357 0.130296 0.564597
0.124993 0.128910 0.565079
0.124607 0.129861 0.565785
0.124227 0.130173 0.565067
0.125427 0.129881 0.565868
0.126289 0.129638 0.566438
0.127089 0.129905 0.567284
0.126456 0.129432 0.566342
0.126549 0.129473 0.566544
0.128212 0.129551 0.566219
0.128132 0.130113 0.567092
0.128887 0.129610 0.568113
0.127791 0.129524 0.568590
0.128242 0.130562 0.569700
0.128871 0.129053 0.568838
0.129704 0.130987 0.569248
0.129984 0.130513 0.569979
0.130049 0.130107 0.570676
0.131351 0.130457 0.570896
0.131543 0.129203 0.571317
0.131517 0.129340 0.570850
0.131174 0.130308 0.571407
0.131914 0.129090 0.571630
0.132356 0.130094 0.571642
0.131407 0.129992 0.572812
0.132948 0.129925 0.573967
0.133703 0.129495 0.573594
0.134388 0.129956 0.573513
0.133925 0.129898 0.573815
0.134358 0.129515 0.574311
0.134772 0.130475 0.575057
0.134414 0.130452 0.575484
0.135209 0.129618 0.575707
0.134915 0.129559 0.576876
0.135795 0.130464 0.576392
0.135764 0.129963 0.577047
0.136406 0.129819 0.577473
0.135552 0.129581 0.577607
0.137296 0.130696 0.578706
0.136668 0.130380 0.578763
0.137055 0.130099 0.577628
0.137650 0.129546 0.581086
0.137581 0.130937 0.580044
0.138042 0.129218 0.580112
0.137921 0.129598 0.581357
0.137823 0.129612 0.580911
0.138484 0.129605 0.582051
0.138768 0.130034 0.582302
0.138978 0.129672 0.583118
0.139413 0.129911 0.583285
0.138420 0.129677 0.583406
0.139379 0.130046 0.584397
0.139732 0.128950 0.584538
0.139537 0.130476 0.584962
0.140202 0.129660 0.584986
0.140439 0.130483 0.586307
0.140756 0.130170 0.586535
0.141272 0.129860 0.587403
0.140094 0.129710 0.587174
0.139992 0.130660 0.587919
0.140241 0.129960 0.587770
0.140688 0.129446 0.589559
0.141637 0.130002 0.589003
0.141220 0.130053 0.590472
0.140741 0.129587 0.589868
0.141633 0.130785 0.590854
0.140936 0.130902 0.591253
0.142041 0.130236 0.590878
0.141732 0.130104 0.592709
0.142483 0.130744 0.592821
0.142504 0.129858 0.593898
0.142170 0.129584 0.593398
0.142222 0.128872 0.595919
0.142377 0.128759 0.595651
0.142021 0.130312 0.595825
0.142213 0.131182 0.595675
0.142302 0.130386 0.596641
0.142426 0.130030 0.596173
0.142706 0.129377 0.597266
0.142460 0.129482 0.597881
0.142365 0.129592 0.598706
0.142598 0.130036 0.599239
0.142172 0.129552 0.599118
0.142031 0.130483 0.598952
0.142776 0.129401 0.600360
0.142382 0.129721 0.601137
0.142980 0.130189 0.601017
0.141831 0.130316 0.601594
0.142887 0.129808 0.602035
0.142788 0.130177 0.602604
0.141747 0.130688 0.602702
0.142787 0.130468 0.603974
0.142809 0.129967 0.604430
0.142779 0.129745 0.604994
0.142662 0.130145 0.604608
0.142157 0.130007 0.605449
0.142289 0.130015 0.606251
0.141480 0.129827 0.606179
0.141828 0.130385 0.607794
0.141968 0.129619 0.607423
0.141423 0.129696 0.607351
0.140957 0.130100 0.608199
0.141387 0.130049 0.608643
0.141558 0.129847 0.609798
0.141348 0.129841 0.610854
0.141182 0.129755 0.609997
0.140687 0.129175 0.610249
0.140394 0.129090 0.612162
0.140611 0.129734 0.611652
0.140992 0.129739 0.612423
0.140974 0.129681 0.613894
0.140663 0.130385 0.613353
0.140104 0.129100 0.612960
0.139416 0.129345 0.614103
0.140261 0.129891 0.615180
0.140479 0.130197 0.615623
0.139468 0.129444 0.615044
0.139785 0.129443 0.616365
0.138881 0.130240 0.616749
0.138734 0.129275 0.616508
0.139791 0.130121 0.617731
0.138183 0.129852 0.617997
0.138173 0.129489 0.618051
0.138560 0.130382 0.618648
0.137439 0.129967 0.619293
0.137947 0.129637 0.619796
0.137443 0.129929 0.620196
0.137774 0.130055 0.620580
0.136906 0.130171 0.621175
0.137303 0.129412 0.621966
0.135878 0.130053 0.622189
0.135419 0.130024 0.622431
0.135604 0.129968 0.623218
0.135775 0.129809 0.624147
0.136698 0.130370 0.623895
0.135125 0.129396 0.624410
0.134462 0.129429 0.624514
0.134345 0.130045 0.625093
0.133884 0.128982 0.625522
0.133357 0.130540 0.626025
0.133372 0.129870 0.625386
0.132610 0.128626 0.625864
0.132831 0.128953 0.627550
0.132386 0.129042 0.626481
0.132048 0.129841 0.627678
0.131787 0.129449 0.629057
0.131356 0.130105 0.627664
0.131592 0.130914 0.629021
0.131121 0.130492 0.629423
0.130644 0.129016 0.629427
0.131496 0.130097 0.629285
0.129641 0.130053 0.629612
0.129690 0.129832 0.631108
0.129940 0.131208 0.630770
0.129230 0.129667 0.631075
0.129431 0.130621 0.630479
0.127540 0.130248 0.632085
0.127759 0.129084 0.633150
0.127704 0.129682 0.631979
0.126460 0.130486 0.633038
0.126861 0.129252 0.633094
0.126880 0.129390 0.633527
0.126279 0.129893 0.633960
0.125301 0.129188 0.633998
0.125000 0.129764 0.634314
0.124834 0.129649 0.634585
0.123266 0.129999 0.634820
0.124071 0.129882 0.635665
0.124213 0.129219 0.635322
0.123153 0.129822 0.634914
0.122602 0.129466 0.636045
0.122889 0.129062 0.635683
0.121772 0.131037 0.637158
0.122107 0.129598 0.636586
0.120871 0.132936 0.563066
0.121953 0.133836 0.563512
0.121777 0.133541 0.563924
0.121843 0.132467 0.563877
0.122392 0.133553 0.564111
0.123274 0.133484 0.564255
0.124262 0.133908 0.565046
0.124472 0.132965 0.564854
0.124069 0.133003 0.565299
0.124996 0.133707 0.565813
0.124765 0.133797 0.566083
0.125880 0.133696 0.566119
0.126316 0.133220 0.566916
0.126441 0.133778 0.566934
0.127538 0.133334 0.567251
0.126935 0.134556 0.567630
0.127571 0.133131 0.567659
0.127520 0.132671 0.567912
0.128518 0.133377 0.568104
0.129758 0.132673 0.568345
0.128837 0.133627 0.569074
0.129234 0.133711 0.570085
0.129597 0.133096 0.569702
0.130035 0.133313 0.570114
0.130378 0.133234 0.570443
0.130816 0.132984 0.571255
0.131325 0.133425 0.571963
0.131189 0.133647 0.571991
0.131567 0.132949 0.572014
0.131916 0.134711 0.572757
0.133345 0.132928 0.573184
0.132876 0.132642 0.573598
0.133560 0.132390 0.573581
0.133083 0.133479 0.573650
0.134717 0.133192 0.574127
0.133925 0.133407 0.574808
0.135079 0.133712 0.575536
0.134890 0.133328 0.575566
0.134421 0.133656 0.576117
0.134838 0.133420 0.576164
0.135843 0.133326 0.576695
0.135355 0.133132 0.576757
0.136019 0.132949 0.577599
0.137236 0.134030 0.578164
0.137345 0.133505 0.578990
0.136551 0.132739 0.577953
0.137353 0.133445 0.579012
0.136990 0.133125 0.578939
0.138468 0.133366 0.580418
0.137583 0.134297 0.580446
0.138252 0.132577 0.581481
0.138371 0.133079 0.581726
0.138598 0.134041 0.582204
0.138546 0.132998 0.582869
0.138845 0.133290 0.582699
0.139375 0.133264 0.584017
0.138709 0.133581 0.584018
0.138954 0.133998 0.584390
0.140002 0.133746 0.584176
0.139742 0.133423 0.584570
0.139550 0.133216 0.585673
0.139619 0.132443 0.585894
0.139745 0.133796 0.587178
0.139447 0.133210 0.586693
0.140608 0.132051 0.587751
0.140979 0.133112 0.589123
0.139754 0.132877 0.589017
0.140858 0.132910 0.588372
0.140445 0.133136 0.590505
0.140610 0.132857 0.589730
0.140967 0.133749 0.590092
0.140366 0.132967 0.591276
0.141664 0.133153 0.590794
0.141537 0.133702 0.591271
0.141749 0.133195 0.592831
0.141784 0.134498 0.592895
0.141881 0.132973 0.593031
0.141479 0.133072 0.592883
0.141893 0.132695 0.593410
0.142740 0.133824 0.593877
0.142142 0.133493 0.596128
0.142708 0.133005 0.595285
0.143105 0.133360 0.596303
0.142428 0.132835 0.597181
0.142238 0.133252 0.597496
0.142524 0.133415 0.597801
0.142349 0.132936 0.598507
0.142399 0.133918 0.598739
0.142405 0.133288 0.598548
0.142400 0.133657 0.599803
0.142980 0.132294 0.600069
0.142427 0.134113 0.601466
0.142834 0.133317 0.602251
0.143114 0.133031 0.601817
0.143303 0.133246 0.602609
0.141700 0.133685 0.603022
0.141741 0.132800 0.602399
0.142574 0.133225 0.602970
0.143162 0.133947 0.603257
0.142044 0.134202 0.603743
0.141437 0.132699 0.604786
0.141426 0.133119 0.606119
0.142108 0.132557 0.605571
0.142059 0.132937 0.606577
0.141871 0.132922 0.607160
0.142336 0.133686 0.607254
0.142010 0.132627 0.608991
0.141478 0.133474 0.607827
0.141587 0.132626 0.609582
0.140244 0.133433 0.608280
0.141562 0.133630 0.609621
0.140685 0.133610 0.610368
0.141012 0.131891 0.610801
0.140263 0.132555 0.610951
0.140317 0.133518 0.611634
0.140462 0.132762 0.612597
0.140930 0.133964 0.613569
0.140375 0.134566 0.613755
0.140909 0.133528 0.614012
0.140357 0.133745 0.614797
0.139519 0.133579 0.614469
0.140389 0.133057 0.615220
0.139254 0.133842 0.616193
0.139359 0.132930 0.616480
0.138177 0.133577 0.616448
0.138112 0.133508 0.616600
0.138675 0.133321 0.617143
0.137993 0.131558 0.617286
0.138546 0.133148 0.618487
0.138359 0.133917 0.619023
0.137622 0.133661 0.619537
0.137247 0.133866 0.620189
0.136912 0.133142 0.619878
0.138020 0.133317 0.620215
0.136334 0.133131 0.621875
0.137183 0.132249 0.620878
0.136749 0.132948 0.621485
0.135549 0.133697 0.622435
0.135406 0.132922 0.622120
0.135569 0.132740 0.622526
0.136115 0.133460 0.623190
0.135449 0.134303 0.624666
0.134865 0.133349 0.624570
0.134481 0.132574 0.624916
0.134988 0.133621 0.625476
0.134111 0.133482 0.625506
0.133697 0.133618 0.627109
0.132376 0.133464 0.626660
0.133431 0.134153 0.627375
0.132910 0.132986 0.626691
0.132229 0.132840 0.627051
0.131807 0.132435 0.627331
0.131513 0.133174 0.628578
0.131380 0.132612 0.628262
0.130996 0.133262 0.628645
0.130140 0.133382 0.629349
0.129477 0.133249 0.629449
0.130415 0.133450 0.629871
0.129376 0.133489 0.630553
0.128682 0.133376 0.630826
0.128876 0.132830 0.631260
0.127753 0.133706 0.631300
0.128221 0.134030 0.631489
0.127391 0.132889 0.631280
0.126819 0.133088 0.632372
0.126967 0.133172 0.632811
0.125997 0.133104 0.633633
0.126146 0.133339 0.633225
0.125749 0.133910 0.633526
0.125649 0.133741 0.633564
0.125126 0.133128 0.634206
0.124527 0.133601 0.634166
0.125267 0.133343 0.635146
0.124372 0.133857 0.635128
0.123957 0.132962 0.635294
0.122462 0.133153 0.635141
0.122614 0.132703 0.636844
0.122346 0.133697 0.637163
0.121843 0.133566 0.636391
0.120812 0.132552 0.636260
0.121283 0.136787 0.563674
0.121365 0.137216 0.563518
0.122986 0.136940 0.563617
0.121968 0.136840 0.563460
0.122924 0.137358 0.564843
0.123616 0.136229 0.565160
0.123228 0.135995 0.564781
0.124380 0.136722 0.564671
0.124443 0.136103 0.565317
0.125728 0.135853 0.565650
0.124939 0.136639 0.565582
0.126533 0.136453 0.566135
0.126474 0.136482 0.566144
0.126116 0.136831 0.566492
0.126834 0.136141 0.567473
0.127313 0.135893 0.567727
0.127503 0.135991 0.567311
0.128551 0.137062 0.568604
0.127831 0.136927 0.568499
0.128605 0.136834 0.567985
0.129130 0.137320 0.568635
0.130139 0.136575 0.569656
0.129292 0.137491 0.570250
0.131201 0.136760 0.569655
0.130427 0.136971 0.570381
0.130907 0.136440 0.570709
0.131174 0.137647 0.571322
0.132823 0.136293 0.572149
0.132203 0.136173 0.571699
0.131423 0.135190 0.573106
0.132923 0.136464 0.572624
0.132316 0.136925 0.573696
0.132535 0.137634 0.573141
0.133942 0.137220 0.574293
0.134712 0.136714 0.573658
0.134416 0.136162 0.575093
0.135180 0.135759 0.575399
0.135480 0.136718 0.575880
0.135343 0.137212 0.576323
0.134433 0.136919 0.576094
0.135672 0.134833 0.576174
0.136101 0.136425 0.577325
0.136617 0.136734 0.578276
0.137039 0.136841 0.578213
0.135828 0.136595 0.579211
0.136952 0.137344 0.579084
0.135927 0.137073 0.580606
0.137314 0.137389 0.579862
0.137187 0.136866 0.580328
0.138195 0.135750 0.580483
0.138083 0.136957 0.580879
0.138501 0.136347 0.581076
0.138841 0.135820 0.581428
0.138259 0.136778 0.582781
0.139231 0.136044 0.583428
0.138184 0.135838 0.583302
0.138437 0.136911 0.583692
0.139207 0.137337 0.583842
0.139176 0.135807 0.584909
0.140036 0.136168 0.585136
0.139926 0.137030 0.585191
0.141521 0.136039 0.585959
0.140047 0.137489 0.586314
0.141415 0.136311 0.586960
0.141454 0.137215 0.587338
0.140357 0.136371 0.586284
0.140069 0.136723 0.588986
0.141762 0.137045 0.588479
0.140403 0.136079 0.588332
0.141075 0.137119 0.589562
0.142034 0.137122 0.590255
0.140911 0.135316 0.591534
0.141276 0.137303 0.591615
0.142614 0.137307 0.591601
0.141183 0.137309 0.593024
0.141477 0.136891 0.592564
0.142240 0.137089 0.593932
0.142165 0.137109 0.594484
0.141652 0.136996 0.593860
0.142512 0.137279 0.594652
0.142755 0.135957 0.595283
0.141818 0.136494 0.594945
0.142482 0.137409 0.595470
0.141054 0.136608 0.596342
0.142957 0.136683 0.597368
0.142155 0.137243 0.597560
0.141527 0.137895 0.597922
0.143031 0.136075 0.597475
0.142319 0.135862 0.598432
0.142063 0.136334 0.599895
0.141918 0.137355 0.600183
0.142208 0.136505 0.600376
0.141402 0.136867 0.602426
0.142746 0.136295 0.602580
0.142694 0.136704 0.602965
0.142282 0.135577 0.602596
0.142930 0.136771 0.602959
0.142083 0.137318 0.603061
0.141965 0.135803 0.604502
0.142372 0.136887 0.603423
0.142251 0.136129 0.605235
0.142615 0.136850 0.606193
0.142714 0.135146 0.606118
0.141544 0.136811 0.606574
0.142176 0.136997 0.606237
0.141543 0.137326 0.607414
0.141887 0.137145 0.607762
0.141511 0.136657 0.607228
0.141292 0.136631 0.609328
0.141667 0.136672 0.609327
0.142179 0.136646 0.611145
0.141377 0.136753 0.610471
0.140774 0.136140 0.611006
0.140787 0.136111 0.611934
0.140507 0.136527 0.612698
0.139985 0.137176 0.612643
0.140404 0.137919 0.612767
0.140411 0.137835 0.612935
0.140128 0.136609 0.613590
0.139366 0.135779 0.614237
0.140546 0.136999 0.614164
0.138720 0.136156 0.616207
0.138848 0.136916 0.615335
0.138661 0.136162 0.616314
0.138904 0.136622 0.616016
0.139438 0.137363 0.616367
0.138633 0.136911 0.617782
0.138326 0.136099 0.618191
0.138136 0.137299 0.618571
0.138251 0.136982 0.619570
0.137399 0.136154 0.618981
0.138836 0.136957 0.620175
0.137432 0.136077 0.619928
0.137117 0.136129 0.620692
0.135863 0.136150 0.621805
0.136677 0.136619 0.621036
0.136696 0.136711 0.622053
0.135734 0.137133 0.621762
0.136086 0.137566 0.622414
0.135984 0.136553 0.623790
0.135758 0.135350 0.622975
0.134981 0.137131 0.623803
0.134608 0.136930 0.624958
0.134043 0.136479 0.625668
0.134662 0.136174 0.625346
0.133608 0.136988 0.626143
0.133261 0.136332 0.626325
0.132942 0.136840 0.626909
0.133092 0.136618 0.626514
0.132672 0.137545 0.627409
0.131942 0.137006 0.627808
0.131828 0.137716 0.627578
0.133106 0.136192 0.628872
0.130861 0.135833 0.628835
0.130805 0.137164 0.628957
0.129812 0.135795 0.630238
0.130573 0.137288 0.630583
0.130382 0.135722 0.629882
0.129328 0.137166 0.631742
0.129027 0.136119 0.631653
0.129705 0.136514 0.631647
0.127665 0.137845 0.631469
0.127462 0.136760 0.631886
0.128008 0.135603 0.632013
0.126392 0.136061 0.632634
0.126580 0.136224 0.633530
0.126545 0.137080 0.632487
0.126400 0.136752 0.633457
0.125966 0.136245 0.633975
0.125842 0.136501 0.634742
0.124867 0.136127 0.635352
0.125511 0.136701 0.634324
0.124565 0.136903 0.634086
0.122718 0.136809 0.635395
0.122847 0.136218 0.636151
0.123214 0.136025 0.635791
0.122714 0.136498 0.636379
0.122266 0.136603 0.636633
0.121739 0.137516 0.636517
0.120681 0.137507 0.637165
0.120792 0.140685 0.563401
0.122372 0.139827 0.563638
0.121321 0.139962 0.564611
0.121775 0.139291 0.563642
0.123111 0.139548 0.564031
0.123121 0.140426 0.564186
0.123101 0.139949 0.564506
0.123852 0.139228 0.565592
0.124393 0.139703 0.565522
0.125481 0.138734 0.565806
0.126008 0.140261 0.566083
0.125818 0.140384 0.566889
0.126041 0.139516 0.567069
0.126737 0.139916 0.566848
0.127012 0.139780 0.567049
0.127688 0.140060 0.567659
0.127719 0.139762 0.567529
0.128397 0.139966 0.567913
0.128452 0.140250 0.569184
0.128583 0.140276 0.568217
0.129470 0.141628 0.569460
0.129500 0.140871 0.569761
0.130083 0.140941 0.569765
0.129787 0.139739 0.569916
0.130473 0.139737 0.569747
0.130962 0.140385 0.570276
0.130594 0.140694 0.571392
0.132086 0.140076 0.571588
0.131655 0.139548 0.572582
0.132385 0.140346 0.572043
0.132071 0.140327 0.572153
0.133157 0.140102 0.572456
0.133506 0.141052 0.573332
0.132862 0.139453 0.573732
0.134499 0.139807 0.575013
0.134251 0.139955 0.575096
0.134100 0.138848 0.574740
0.134991 0.139231 0.575549
0.134724 0.139348 0.576575
0.134622 0.139648 0.576250
0.136232 0.140934 0.576710
0.136563 0.140475 0.576718
0.135760 0.139785 0.577640
0.136102 0.140659 0.577947
0.136267 0.140567 0.578205
0.136501 0.140752 0.579224
0.136884 0.140373 0.578951
0.137406 0.140120 0.580740
0.138784 0.139941 0.580174
0.138258 0.139662 0.580873
0.138591 0.139586 0.581678
0.139264 0.140349 0.582009
0.137879 0.140422 0.582133
0.139041 0.140287 0.582690
0.138280 0.140128 0.582331
0.138628 0.139699 0.583847
0.139409 0.139246 0.583387
0.139707 0.140519 0.584112
0.139695 0.139642 0.585096
0.138901 0.141030 0.584892
0.140449 0.139735 0.585277
0.139552 0.140207 0.585123
0.141470 0.140571 0.586782
0.140342 0.140166 0.587314
0.140198 0.141213 0.587441
0.140773 0.140083 0.588063
0.140892 0.139489 0.588340
0.141540 0.139652 0.588789
0.140881 0.139935 0.589610
0.141543 0.141288 0.589806
0.140965 0.139755 0.590400
0.141323 0.139407 0.589736
0.142078 0.139657 0.591606
0.141432 0.140211 0.592139
0.141684 0.140163 0.592541
0.141271 0.140180 0.591947
0.141518 0.140278 0.594571
0.142337 0.140171 0.593252
0.142369 0.140709 0.594687
0.141626 0.140205 0.595003
0.142383 0.140325 0.595594
0.141679 0.140285 0.595893
0.142264 0.140251 0.595997
0.142715 0.139662 0.596076
0.141926 0.140914 0.597192
0.142767 0.139822 0.598382
0.142703 0.139384 0.597368
0.143327 0.139432 0.598624
0.141867 0.140070 0.599144
0.142717 0.139516 0.600608
0.142208 0.139945 0.600187
0.142265 0.139622 0.600506
0.143054 0.139464 0.600357
0.142493 0.139653 0.601433
0.141955 0.139875 0.603215
0.142807 0.140167 0.602639
0.141009 0.139976 0.603448
0.142074 0.140406 0.603648
0.142437 0.139835 0.604663
0.141732 0.140026 0.605302
0.141621 0.140020 0.604484
0.141867 0.139657 0.604330
0.141743 0.140039 0.606570
0.142083 0.140088 0.606796
0.141929 0.140561 0.607498
0.141467 0.139753 0.608801
0.141847 0.139768 0.607705
0.141403 0.140073 0.609212
0.142117 0.140345 0.609369
0.141489 0.140446 0.609534
0.140047 0.140198 0.610147
0.140875 0.139413 0.611267
0.141374 0.139155 0.612060
0.140657 0.139862 0.611506
0.140716 0.139838 0.612305
0.140530 0.140591 0.612765
0.140612 0.138869 0.612659
0.140929 0.139263 0.613753
0.139858 0.140956 0.613621
0.140324 0.140456 0.614287
0.139497 0.140215 0.615022
0.139484 0.139991 0.615459
0.139602 0.140390 0.616302
0.139807 0.139572 0.616374
0.138683 0.140424 0.617007
0.138673 0.140054 0.616460
0.138380 0.139834 0.618075
0.138679 0.139838 0.617895
0.137310 0.139169 0.618155
0.137735 0.140382 0.619073
0.137973 0.140999 0.618842
0.137142 0.140693 0.619930
0.136902 0.140254 0.620706
0.136501 0.141275 0.620232
0.137699 0.140677 0.620763
0.137075 0.140158 0.622510
0.136728 0.139630 0.622219
0.136651 0.139525 0.621646
0.136790 0.139833 0.622876
0.135653 0.139525 0.623092
0.135103 0.140466 0.623333
0.135927 0.140462 0.624196
0.135272 0.140043 0.624308
0.134208 0.140388 0.624651
0.133299 0.139682 0.625606
0.133661 0.139795 0.626545
0.133142 0.140596 0.625878
0.132158 0.140441 0.627269
0.133655 0.140546 0.627859
0.131261 0.140184 0.626455
0.131891 0.138645 0.626286
0.132465 0.139622 0.627436
0.131340 0.140779 0.628030
0.131152 0.140027 0.628011
0.130540 0.138864 0.628923
0.131234 0.140122 0.629347
0.130795 0.139417 0.629060
0.130683 0.140489 0.630590
0.129668 0.140292 0.630224
0.128823 0.140056 0.631231
0.127876 0.139883 0.631303
0.128231 0.140204 0.631000
0.127829 0.139769 0.632294
0.126727 0.140390 0.631736
0.127549 0.140258 0.633401
0.126765 0.140198 0.633023
0.126800 0.140263 0.632978
0.125999 0.139887 0.633563
0.125351 0.140052 0.634273
0.125405 0.139653 0.633699
0.124919 0.140390 0.633664
0.123449 0.140450 0.634482
0.123704 0.139375 0.634918
0.124322 0.139820 0.635430
0.123726 0.140784 0.635589
0.122916 0.139668 0.635815
0.123036 0.139862 0.636697
0.122067 0.140029 0.636367
0.121339 0.139473 0.637277
0.121426 0.139648 0.636819
