# .PCD v0.7
VERSION 0.7
FIELDS x y z
SIZE 4 4 4
TYPE F F F
COUNT 1 1 1
WIDTH 21600
HEIGHT 1
VIEWPOINT 0 0 0 1 0 0 0
POINTS 21600
DATA ascii
0.122287 -0.257535 0.564185
0.117770 -0.257284 0.564784
0.120495 -0.258257 0.564795
0.123411 -0.259915 0.565602
0.120739 -0.260489 0.562782
0.125162 -0.259881 0.563622
0.121434 -0.260772 0.564800
0.123363 -0.256118 0.568076
0.116464 -0.265667 0.564817
0.123734 -0.259359 0.566283
0.131755 -0.263336 0.564793
0.131927 -0.258060 0.568215
0.124650 -0.264944 0.567032
0.126909 -0.263682 0.564789
0.126752 -0.262834 0.566857
0.127637 -0.259893 0.565951
0.129510 -0.257326 0.568755
0.125649 -0.257805 0.566614
0.131112 -0.263215 0.571193
0.128782 -0.263746 0.567843
0.129368 -0.259182 0.566178
0.126243 -0.259401 0.568068
0.130626 -0.257721 0.564870
0.131034 -0.256326 0.569276
0.128186 -0.257743 0.571285
0.133648 -0.261036 0.566440
0.130969 -0.261337 0.573575
0.132214 -0.264893 0.568032
0.134615 -0.257961 0.570069
0.132286 -0.258663 0.573771
0.135239 -0.259231 0.572461
0.132150 -0.256833 0.566376
0.132823 -0.259901 0.569240
0.134545 -0.261954 0.576494
0.133473 -0.257993 0.577957
0.135297 -0.262627 0.570155
0.139702 -0.260334 0.573034
0.135163 -0.260574 0.578061
0.135117 -0.259959 0.573769
0.136703 -0.263102 0.578321
0.140141 -0.264574 0.569340
0.137689 -0.252356 0.574153
0.132351 -0.258233 0.575055
0.134845 -0.261044 0.579597
0.135402 -0.259166 0.577898
0.134334 -0.260959 0.576007
0.137132 -0.263372 0.576012
0.141724 -0.260160 0.579565
0.139122 -0.261263 0.579479
0.139092 -0.259153 0.577128
0.140541 -0.261771 0.577881
0.135559 -0.261172 0.586378
0.134948 -0.259520 0.575531
0.138678 -0.257301 0.581686
0.136998 -0.259305 0.584951
0.141075 -0.254083 0.583934
0.137500 -0.260378 0.583547
0.139790 -0.260090 0.584747
0.134633 -0.257511 0.582964
0.136303 -0.258087 0.589105
0.141472 -0.259517 0.582823
0.148774 -0.257359 0.582671
0.137980 -0.259739 0.581896
0.140979 -0.261377 0.590711
0.143509 -0.268134 0.587632
0.135913 -0.256671 0.588487
0.142549 -0.263195 0.593946
0.147096 -0.263194 0.590059
0.139142 -0.260071 0.585624
0.146885 -0.262908 0.589015
0.142903 -0.261943 0.589669
0.139817 -0.260400 0.587361
0.140298 -0.260621 0.590357
0.141881 -0.260879 0.594106
0.140833 -0.260410 0.590340
0.140310 -0.263793 0.594380
0.138543 -0.262238 0.594392
0.143254 -0.261200 0.587748
0.143377 -0.259221 0.590061
0.144491 -0.262103 0.591413
0.142525 -0.260535 0.595894
0.137473 -0.254563 0.593972
0.137717 -0.258143 0.595211
0.143352 -0.261019 0.596592
0.143149 -0.262240 0.599303
0.141031 -0.262609 0.597994
0.143799 -0.260687 0.595672
0.144341 -0.265281 0.595664
0.142612 -0.264083 0.599338
0.142335 -0.257304 0.597007
0.140622 -0.259000 0.592876
0.151794 -0.262096 0.598556
0.145065 -0.260119 0.595905
0.144345 -0.257434 0.600390
0.141596 -0.258542 0.599510
0.143727 -0.259402 0.600708
0.138201 -0.260677 0.600603
0.145341 -0.259568 0.606071
0.142694 -0.259211 0.601871
0.144242 -0.254646 0.603785
0.140401 -0.260474 0.603764
0.140011 -0.259585 0.604829
0.146363 -0.259999 0.607166
0.144827 -0.260902 0.610996
0.139992 -0.262425 0.606077
0.141459 -0.264204 0.607560
0.136708 -0.255824 0.607911
0.139686 -0.262725 0.607488
0.140839 -0.263134 0.606368
0.140837 -0.261562 0.612431
0.144697 -0.259952 0.611517
0.137157 -0.258088 0.610487
0.142490 -0.255199 0.604217
0.141686 -0.263297 0.613316
0.136826 -0.261486 0.612625
0.142463 -0.259776 0.610115
0.138813 -0.257346 0.612951
0.135267 -0.257469 0.614689
0.142779 -0.261010 0.616396
0.136810 -0.258290 0.612909
0.141845 -0.256983 0.612639
0.139492 -0.259883 0.618881
0.141596 -0.263658 0.617147
0.141512 -0.253629 0.611198
0.137475 -0.256000 0.612629
0.135288 -0.258449 0.620205
0.136677 -0.258380 0.617955
0.143030 -0.260005 0.621026
0.135551 -0.260555 0.618214
0.141459 -0.258261 0.616695
0.139863 -0.257688 0.619059
0.136814 -0.260581 0.614750
0.137919 -0.259296 0.617677
0.139340 -0.264119 0.619054
0.135442 -0.254037 0.616345
0.138306 -0.257174 0.622705
0.139909 -0.263008 0.615158
0.138404 -0.263587 0.621444
0.132302 -0.256843 0.625439
0.133409 -0.257290 0.623626
0.134876 -0.259828 0.623068
0.136860 -0.259069 0.623039
0.137749 -0.261834 0.625356
0.135708 -0.255564 0.623384
0.139377 -0.259472 0.624720
0.131832 -0.258241 0.625846
0.130236 -0.263384 0.624427
0.131211 -0.256729 0.630611
0.135532 -0.258926 0.625587
0.132774 -0.257346 0.633648
0.135028 -0.260841 0.627749
0.130516 -0.262347 0.627458
0.132220 -0.254492 0.628539
0.135371 -0.254698 0.628987
0.135784 -0.257855 0.627862
0.131414 -0.259931 0.628778
0.129675 -0.259567 0.631134
0.127265 -0.260028 0.625617
0.130347 -0.258129 0.631023
0.130063 -0.258230 0.628880
0.128125 -0.258467 0.634221
0.129660 -0.252341 0.631276
0.131103 -0.256200 0.631480
0.125267 -0.263548 0.632695
0.130681 -0.259185 0.633049
0.125830 -0.258317 0.626441
0.127279 -0.259916 0.629050
0.132719 -0.264162 0.630237
0.122196 -0.256669 0.631110
0.127407 -0.258237 0.634853
0.121078 -0.261836 0.639388
0.120725 -0.262495 0.634172
0.126617 -0.259245 0.637170
0.120578 -0.257166 0.636932
0.118582 -0.255380 0.642378
0.120643 -0.259833 0.639964
0.118085 -0.265970 0.632147
0.120404 -0.261735 0.638121
0.122485 -0.263738 0.638257
0.126872 -0.256409 0.639779
0.121311 -0.253688 0.560296
0.123932 -0.256900 0.566838
0.123503 -0.259908 0.564085
0.126183 -0.260026 0.562285
0.120643 -0.261126 0.567112
0.127299 -0.254239 0.565227
0.123623 -0.255921 0.562581
0.126871 -0.253502 0.567853
0.123004 -0.256403 0.564844
0.130367 -0.256100 0.559985
0.126597 -0.250992 0.567982
0.128437 -0.256530 0.560312
0.120761 -0.260376 0.566149
0.127512 -0.254570 0.565817
0.129839 -0.257478 0.565039
0.129905 -0.259382 0.559283
0.124549 -0.256356 0.558551
0.127032 -0.257635 0.563839
0.124027 -0.258026 0.566808
0.132622 -0.255514 0.564042
0.126641 -0.254523 0.574812
0.130724 -0.255707 0.575051
0.129852 -0.257566 0.565577
0.128732 -0.250103 0.565903
0.130652 -0.260864 0.570910
0.133624 -0.257370 0.573076
0.133462 -0.255298 0.576398
0.133970 -0.257554 0.569575
0.129428 -0.255211 0.571018
0.140476 -0.251111 0.571722
0.131623 -0.251568 0.567095
0.131572 -0.253786 0.570392
0.131808 -0.257692 0.575498
0.133959 -0.255432 0.575692
0.133939 -0.253307 0.572114
0.129840 -0.261969 0.569835
0.132790 -0.253549 0.575622
0.132935 -0.259848 0.573918
0.133804 -0.258334 0.571615
0.133867 -0.253587 0.569800
0.134847 -0.263003 0.577287
0.133596 -0.262896 0.577458
0.141556 -0.256312 0.581062
0.136149 -0.263111 0.579472
0.135363 -0.261025 0.580782
0.137729 -0.258215 0.581462
0.134497 -0.254708 0.576469
0.138955 -0.259941 0.584194
0.138350 -0.252340 0.577697
0.136389 -0.254120 0.572375
0.134841 -0.253539 0.582445
0.141197 -0.257568 0.583188
0.136282 -0.260755 0.576861
0.137028 -0.258285 0.580508
0.128240 -0.262634 0.581252
0.139945 -0.258375 0.580676
0.132351 -0.250574 0.580461
0.144514 -0.251957 0.585047
0.137928 -0.256242 0.581229
0.140605 -0.256630 0.586749
0.142845 -0.251440 0.584455
0.143289 -0.259014 0.583405
0.138465 -0.259585 0.589501
0.143243 -0.252822 0.586957
0.141445 -0.258374 0.584054
0.142107 -0.255834 0.584662
0.142660 -0.261864 0.587924
0.139145 -0.258226 0.585690
0.144020 -0.254941 0.592971
0.141675 -0.260533 0.588766
0.137824 -0.255298 0.593983
0.142456 -0.258476 0.589722
0.142184 -0.261020 0.591762
0.142261 -0.258319 0.590544
0.142265 -0.259154 0.589813
0.144170 -0.256029 0.597800
0.138947 -0.262042 0.596071
0.144849 -0.258925 0.589328
0.141899 -0.261972 0.593192
0.135547 -0.257442 0.588338
0.141431 -0.252185 0.594384
0.144496 -0.258670 0.592995
0.137731 -0.253632 0.595984
0.147124 -0.260298 0.595976
0.142521 -0.252534 0.602598
0.140357 -0.260180 0.592412
0.146331 -0.257047 0.596168
0.142177 -0.264465 0.593427
0.145145 -0.255607 0.599548
0.139338 -0.255033 0.604929
0.138667 -0.256753 0.598784
0.143416 -0.256757 0.600144
0.139674 -0.256847 0.599238
0.141863 -0.256991 0.603541
0.140532 -0.257771 0.605291
0.141595 -0.257587 0.605164
0.143033 -0.256527 0.603728
0.138457 -0.255414 0.607546
0.143880 -0.261457 0.604926
0.139380 -0.257459 0.604966
0.138469 -0.252762 0.604873
0.144367 -0.254858 0.609611
0.145502 -0.261178 0.606208
0.135454 -0.258090 0.608721
0.144525 -0.252877 0.605941
0.142661 -0.256448 0.611367
0.146376 -0.257813 0.619409
0.141504 -0.257835 0.610345
0.143690 -0.255092 0.607089
0.145730 -0.256561 0.614144
0.145383 -0.260535 0.607084
0.138090 -0.255957 0.610675
0.141778 -0.259137 0.612281
0.145059 -0.260699 0.610898
0.141459 -0.257080 0.611375
0.145879 -0.252837 0.614993
0.138142 -0.249962 0.614005
0.138540 -0.257696 0.611927
0.146478 -0.256065 0.614059
0.133493 -0.254467 0.611165
0.136393 -0.254840 0.612218
0.142114 -0.253312 0.609905
0.139017 -0.261399 0.615550
0.141974 -0.260769 0.621603
0.138110 -0.260231 0.616276
0.141216 -0.260817 0.617107
0.134513 -0.253076 0.618017
0.137146 -0.253586 0.614135
0.137025 -0.251156 0.618075
0.142054 -0.256111 0.616792
0.137018 -0.256468 0.618104
0.135053 -0.259046 0.615322
0.137620 -0.255522 0.622456
0.131630 -0.254287 0.620592
0.132516 -0.256411 0.623520
0.138119 -0.254529 0.624342
0.138985 -0.256811 0.615686
0.133760 -0.255635 0.620950
0.137832 -0.254308 0.622926
0.141146 -0.259625 0.625995
0.133816 -0.259040 0.625383
0.133108 -0.254121 0.620529
0.134777 -0.259227 0.623732
0.133267 -0.260083 0.626809
0.130355 -0.259636 0.627920
0.136714 -0.254690 0.626666
0.140327 -0.260321 0.623811
0.130205 -0.253994 0.627297
0.136209 -0.253771 0.626147
0.130104 -0.259664 0.633842
0.135144 -0.254906 0.626572
0.131323 -0.257716 0.626994
0.124378 -0.256867 0.627191
0.132124 -0.256054 0.631267
0.130878 -0.254291 0.621389
0.127271 -0.251504 0.625775
0.129391 -0.254561 0.627141
0.132045 -0.260965 0.624401
0.125534 -0.261642 0.630436
0.128210 -0.255696 0.627726
0.136428 -0.256968 0.631035
0.129800 -0.257411 0.629614
0.128319 -0.253924 0.633837
0.130513 -0.258372 0.629843
0.133324 -0.257394 0.633927
0.129145 -0.252413 0.628758
0.125105 -0.257975 0.632222
0.118919 -0.256961 0.624755
0.126660 -0.255058 0.635536
0.121756 -0.253804 0.631452
0.121291 -0.259608 0.631797
0.125088 -0.254191 0.628329
0.122542 -0.253957 0.635533
0.125285 -0.261153 0.638071
0.118659 -0.256068 0.639584
0.128587 -0.255104 0.638415
0.120710 -0.258083 0.639546
0.122110 -0.257021 0.632067
0.122131 -0.254701 0.634172
0.119729 -0.251897 0.637341
0.120384 -0.256688 0.561335
0.120929 -0.249170 0.561614
0.127488 -0.256063 0.562628
0.125059 -0.253998 0.561472
0.122553 -0.251931 0.559081
0.122620 -0.253605 0.563288
0.125986 -0.254983 0.563682
0.124303 -0.251091 0.564392
0.129147 -0.256000 0.569201
0.122428 -0.253767 0.566724
0.131566 -0.250590 0.564709
0.129696 -0.253918 0.563851
0.127538 -0.252994 0.569391
0.124932 -0.252133 0.568742
0.127802 -0.253364 0.565059
0.130061 -0.252866 0.568959
0.126677 -0.253238 0.564680
0.128360 -0.250982 0.568398
0.131053 -0.252339 0.572541
0.128272 -0.258193 0.570082
0.128710 -0.256200 0.571078
0.130358 -0.251941 0.568471
0.130511 -0.252514 0.575140
0.128219 -0.253309 0.571260
0.125444 -0.258086 0.577022
0.125659 -0.251553 0.568340
0.129010 -0.259225 0.568547
0.133987 -0.257444 0.573404
0.132903 -0.247222 0.570566
0.136079 -0.250611 0.571505
0.127621 -0.248749 0.568652
0.131507 -0.250628 0.576476
0.130703 -0.253373 0.572740
0.137091 -0.245763 0.568417
0.136599 -0.261852 0.574343
0.130822 -0.247302 0.575197
0.132231 -0.254775 0.573374
0.135296 -0.253752 0.577472
0.139636 -0.251173 0.572234
0.130423 -0.255544 0.579483
0.134564 -0.255280 0.577153
0.131592 -0.256695 0.578687
0.135194 -0.254637 0.578530
0.134609 -0.255336 0.576621
0.138426 -0.253098 0.574844
0.135959 -0.251333 0.584470
0.133686 -0.252262 0.578514
0.139829 -0.251929 0.584143
0.139146 -0.254913 0.578549
0.139034 -0.252092 0.587800
0.143070 -0.256798 0.582100
0.134267 -0.258244 0.583727
0.140129 -0.256393 0.586876
0.135750 -0.256780 0.584354
0.139549 -0.253759 0.582649
0.139756 -0.253696 0.582789
0.133589 -0.257303 0.585598
0.137351 -0.251642 0.587932
0.138581 -0.252428 0.590918
0.141907 -0.247752 0.589753
0.142253 -0.253613 0.583094
0.136824 -0.251818 0.587493
0.139795 -0.250732 0.584746
0.143804 -0.253157 0.586923
0.140621 -0.253573 0.594972
0.135931 -0.252746 0.591715
0.143056 -0.254184 0.593681
0.137830 -0.257196 0.590644
0.136799 -0.260411 0.592070
0.143567 -0.251080 0.588441
0.141947 -0.256173 0.595590
0.143881 -0.251051 0.585022
0.144034 -0.248795 0.595007
0.144078 -0.253280 0.590820
0.143608 -0.252129 0.593044
0.140962 -0.248234 0.589321
0.141903 -0.255018 0.596411
0.146338 -0.249545 0.596072
0.137908 -0.247034 0.595849
0.141854 -0.253213 0.593773
0.143509 -0.252347 0.594205
0.134580 -0.253383 0.597211
0.143915 -0.253738 0.597635
0.145462 -0.254688 0.601170
0.136547 -0.257060 0.594551
0.135108 -0.256277 0.601508
0.146189 -0.252985 0.603423
0.143200 -0.254771 0.599482
0.142082 -0.251070 0.594745
0.145498 -0.254656 0.602317
0.137876 -0.254535 0.600483
0.145198 -0.256930 0.605748
0.143930 -0.254855 0.604895
0.142773 -0.249802 0.608709
0.144747 -0.254857 0.600960
0.144160 -0.252414 0.600234
0.140373 -0.251280 0.610269
0.134445 -0.251106 0.603092
0.144628 -0.250674 0.604378
0.139190 -0.257468 0.599092
0.145847 -0.253906 0.603587
0.141283 -0.257296 0.606615
0.146002 -0.249862 0.601496
0.146061 -0.255570 0.600946
0.138201 -0.256177 0.607155
0.138707 -0.257808 0.606872
0.147482 -0.255384 0.609547
0.141852 -0.245303 0.602947
0.144794 -0.257121 0.607351
0.141109 -0.243719 0.607324
0.135617 -0.249385 0.607579
0.140433 -0.253349 0.610870
0.140525 -0.252474 0.612222
0.143465 -0.254559 0.609293
0.137575 -0.251499 0.611878
0.142282 -0.251663 0.617551
0.141096 -0.251020 0.609360
0.137078 -0.254213 0.609790
0.142228 -0.257276 0.614116
0.132619 -0.256592 0.613363
0.139045 -0.258652 0.615173
0.142570 -0.251333 0.613336
0.137702 -0.256836 0.617664
0.143602 -0.254855 0.611142
0.139684 -0.251154 0.608527
0.139301 -0.246784 0.619612
0.140334 -0.252071 0.620789
0.135651 -0.255813 0.619278
0.136204 -0.252501 0.612766
0.140315 -0.250736 0.619081
0.138310 -0.248415 0.616145
0.134848 -0.256559 0.618561
0.134319 -0.253166 0.618322
0.132765 -0.257928 0.624344
0.136661 -0.253959 0.621222
0.136371 -0.251009 0.623259
0.134594 -0.255748 0.618739
0.132350 -0.249071 0.619673
0.129781 -0.255808 0.620479
0.136558 -0.255935 0.624866
0.136460 -0.249477 0.630177
0.143562 -0.249225 0.620609
0.133518 -0.252534 0.630700
0.136471 -0.249667 0.624378
0.135919 -0.251123 0.623933
0.136181 -0.250065 0.625224
0.136601 -0.248333 0.626293
0.133240 -0.254206 0.624627
0.133395 -0.254513 0.625936
0.130290 -0.257885 0.624443
0.133276 -0.256827 0.625691
0.136890 -0.249898 0.625930
0.133444 -0.255228 0.633265
0.129542 -0.253032 0.632905
0.128477 -0.249364 0.626663
0.131333 -0.254164 0.629210
0.130751 -0.253500 0.626779
0.132520 -0.251116 0.634053
0.133720 -0.257309 0.634388
0.133099 -0.254874 0.633988
0.133247 -0.254894 0.627079
0.127396 -0.244899 0.632259
0.124461 -0.254036 0.628899
0.126531 -0.252992 0.624523
0.128431 -0.249033 0.631938
0.125820 -0.249997 0.629048
0.122844 -0.257449 0.632689
0.127374 -0.253549 0.635119
0.128291 -0.251788 0.631348
0.124597 -0.249533 0.630934
0.124241 -0.254529 0.633828
0.121370 -0.257325 0.642327
0.127028 -0.255415 0.634767
0.125810 -0.254308 0.637074
0.121520 -0.254353 0.635246
0.121576 -0.260636 0.635835
0.123313 -0.251849 0.633056
0.123138 -0.252630 0.630992
0.115073 -0.251848 0.633692
0.124257 -0.246856 0.635058
0.119182 -0.249951 0.565218
0.118272 -0.246180 0.566419
0.124089 -0.251535 0.566450
0.125100 -0.253519 0.570233
0.122047 -0.248808 0.562656
0.124520 -0.246436 0.562077
0.118813 -0.251266 0.560857
0.121914 -0.250295 0.564863
0.128469 -0.252960 0.566399
0.123478 -0.245821 0.573214
0.126312 -0.244893 0.564336
0.121000 -0.253727 0.561489
0.123327 -0.250637 0.569980
0.128681 -0.248525 0.565567
0.124802 -0.249816 0.567565
0.128119 -0.248801 0.567117
0.121955 -0.253262 0.565315
0.133194 -0.251198 0.570144
0.132868 -0.248916 0.567271
0.127963 -0.252983 0.569705
0.132590 -0.248207 0.571439
0.131718 -0.243904 0.567567
0.130392 -0.247800 0.573558
0.122988 -0.251483 0.569543
0.127530 -0.247375 0.571182
0.129771 -0.254818 0.566914
0.128343 -0.248552 0.567591
0.125425 -0.254274 0.569842
0.136983 -0.242410 0.570545
0.135121 -0.245712 0.576219
0.132260 -0.253822 0.571280
0.127341 -0.249200 0.575461
0.127560 -0.250071 0.574393
0.137294 -0.245780 0.576310
0.131789 -0.251021 0.577913
0.132330 -0.250043 0.579381
0.134825 -0.254040 0.574213
0.136649 -0.250487 0.578988
0.138861 -0.251868 0.574401
0.134981 -0.253521 0.577457
0.135028 -0.247560 0.574938
0.133199 -0.244403 0.574518
0.134347 -0.252113 0.576663
0.133615 -0.250051 0.575886
0.135368 -0.248828 0.580533
0.138269 -0.252124 0.580049
0.136752 -0.250235 0.574123
0.139367 -0.250335 0.584845
0.139508 -0.253266 0.576048
0.141270 -0.252541 0.582659
0.137139 -0.243604 0.581290
0.142808 -0.245914 0.580113
0.137496 -0.245447 0.581966
0.136101 -0.246275 0.590151
0.138816 -0.245661 0.582431
0.143228 -0.250550 0.587397
0.141010 -0.250357 0.584592
0.137962 -0.253164 0.581193
0.139620 -0.252938 0.586169
0.141584 -0.248330 0.583842
0.140348 -0.249803 0.589782
0.137933 -0.250872 0.585588
0.140092 -0.251961 0.584878
0.143729 -0.251624 0.589994
0.146940 -0.245868 0.582293
0.143300 -0.248267 0.589830
0.136235 -0.247425 0.585403
0.145129 -0.246492 0.596796
0.140205 -0.254292 0.592764
0.144101 -0.250872 0.594178
0.143657 -0.253592 0.589520
0.140357 -0.250058 0.591635
0.139710 -0.250323 0.593312
0.141673 -0.250544 0.591115
0.141685 -0.255481 0.592998
0.138985 -0.249416 0.588588
0.144919 -0.249024 0.589442
0.142939 -0.252014 0.599393
0.143772 -0.252123 0.595158
0.142268 -0.246134 0.596052
0.143971 -0.253078 0.597858
0.148770 -0.247806 0.595861
0.143029 -0.252574 0.597035
0.139284 -0.249581 0.595810
0.140123 -0.247970 0.593003
0.142526 -0.253685 0.603461
0.148597 -0.247168 0.604160
0.144469 -0.248081 0.597687
0.140013 -0.249327 0.597852
0.141389 -0.247525 0.599571
0.138018 -0.250365 0.598157
0.141807 -0.253013 0.604542
0.148386 -0.253056 0.603383
0.144452 -0.252946 0.602236
0.146866 -0.247184 0.607284
0.139088 -0.251971 0.603790
0.143620 -0.249666 0.602243
0.141276 -0.251570 0.605244
0.134174 -0.244956 0.602795
0.138102 -0.248130 0.600649
0.143485 -0.250977 0.607122
0.144622 -0.245897 0.604347
0.141302 -0.249826 0.602073
0.143872 -0.249410 0.602781
0.145637 -0.245703 0.603338
0.143632 -0.246053 0.610295
0.138875 -0.254002 0.607912
0.140226 -0.249839 0.608432
0.143188 -0.251502 0.608737
0.150396 -0.250214 0.611912
0.142236 -0.249177 0.607444
0.142825 -0.249991 0.613110
0.147266 -0.249286 0.613419
0.137907 -0.249493 0.616265
0.140657 -0.251757 0.612706
0.140137 -0.250569 0.611443
0.146501 -0.252462 0.611796
0.138674 -0.246130 0.612669
0.144137 -0.249351 0.613906
0.135676 -0.246217 0.616067
0.141101 -0.250204 0.613661
0.135905 -0.247015 0.616182
0.138450 -0.251744 0.616186
0.139068 -0.244924 0.618621
0.137360 -0.253169 0.616050
0.136216 -0.249623 0.618428
0.140659 -0.248599 0.617103
0.140348 -0.252509 0.617897
0.140776 -0.248972 0.614772
0.134659 -0.254676 0.624450
0.133256 -0.250240 0.624996
0.140912 -0.245870 0.618435
0.139667 -0.240681 0.620263
0.138453 -0.250761 0.620772
0.138092 -0.245652 0.618546
0.132438 -0.249733 0.622295
0.140705 -0.247655 0.620235
0.137913 -0.246458 0.623391
0.134929 -0.247776 0.621889
0.130076 -0.245816 0.619499
0.134394 -0.250761 0.622771
0.134259 -0.254140 0.625760
0.134906 -0.249707 0.627800
0.137828 -0.245813 0.630537
0.135592 -0.254447 0.626024
0.133972 -0.249625 0.623982
0.130964 -0.247443 0.629087
0.129969 -0.248213 0.626061
0.131847 -0.247780 0.626801
0.131029 -0.249668 0.621344
0.130589 -0.251161 0.623511
0.132562 -0.249045 0.626263
0.131178 -0.247844 0.631611
0.129065 -0.248855 0.631903
0.130908 -0.252196 0.626846
0.129679 -0.252990 0.635535
0.128580 -0.248765 0.630395
0.131843 -0.251062 0.626294
0.134484 -0.250149 0.630883
0.129807 -0.246131 0.633183
0.132364 -0.247447 0.631677
0.129241 -0.252141 0.625739
0.127391 -0.253130 0.639647
0.132410 -0.246399 0.630560
0.133531 -0.255024 0.628910
0.124630 -0.252785 0.633250
0.127168 -0.244181 0.636158
0.129859 -0.248656 0.633033
0.123744 -0.254439 0.631170
0.124264 -0.247623 0.629019
0.120907 -0.249253 0.631226
0.125608 -0.251146 0.632408
0.120195 -0.250193 0.632762
0.121945 -0.251824 0.635788
0.123813 -0.255055 0.635019
0.124145 -0.246798 0.638121
0.123157 -0.253343 0.633728
0.124849 -0.252022 0.639378
0.125501 -0.253102 0.637877
0.120914 -0.243833 0.639320
0.119719 -0.245333 0.560441
0.121225 -0.245940 0.563893
0.123029 -0.249275 0.558141
0.121440 -0.249232 0.561862
0.129361 -0.243066 0.563705
0.119065 -0.250449 0.565583
0.126987 -0.247420 0.565180
0.124954 -0.243356 0.559414
0.125065 -0.245338 0.568192
0.126189 -0.249857 0.563890
0.120829 -0.245975 0.566503
0.127334 -0.249464 0.562805
0.130769 -0.246008 0.571768
0.127900 -0.250940 0.569255
0.130673 -0.247907 0.561378
0.129346 -0.246976 0.568303
0.119669 -0.245183 0.559540
0.125502 -0.243897 0.562645
0.122884 -0.247904 0.573390
0.133689 -0.248379 0.571784
0.130942 -0.245772 0.570188
0.127386 -0.244154 0.572648
0.138020 -0.243809 0.562452
0.126650 -0.245564 0.570364
0.125025 -0.246987 0.569437
0.130798 -0.246936 0.573632
0.135678 -0.244519 0.567903
0.129029 -0.248555 0.571435
0.130670 -0.247618 0.569209
0.135124 -0.244013 0.575217
0.132357 -0.245202 0.570000
0.129880 -0.248197 0.574872
0.132782 -0.249991 0.573785
0.134806 -0.246074 0.571899
0.134036 -0.247826 0.573317
0.133873 -0.244301 0.580168
0.139112 -0.244674 0.573895
0.133800 -0.247356 0.578957
0.126719 -0.245781 0.569935
0.135283 -0.242581 0.573591
0.128720 -0.242663 0.581256
0.137334 -0.242789 0.574749
0.139621 -0.241453 0.579497
0.137206 -0.242705 0.581397
0.134372 -0.242475 0.580662
0.137344 -0.242643 0.581634
0.139351 -0.248078 0.581791
0.134027 -0.246934 0.574646
0.132474 -0.245225 0.579919
0.138071 -0.244779 0.581656
0.135382 -0.246334 0.580848
0.136700 -0.246928 0.580400
0.136527 -0.247557 0.582650
0.144872 -0.249006 0.583962
0.134502 -0.241785 0.581850
0.139501 -0.242722 0.586269
0.134801 -0.244889 0.583082
0.141321 -0.246097 0.586433
0.140522 -0.246974 0.588219
0.135190 -0.247854 0.582286
0.139562 -0.247844 0.585176
0.138688 -0.247963 0.581157
0.140206 -0.245630 0.584771
0.138503 -0.248488 0.592070
0.141186 -0.245391 0.586606
0.139266 -0.249190 0.592609
0.135802 -0.245655 0.588389
0.140269 -0.251254 0.585235
0.144107 -0.248636 0.592058
0.143292 -0.244816 0.592188
0.137768 -0.247977 0.592423
0.137721 -0.241561 0.589193
0.141419 -0.249630 0.592456
0.139509 -0.247282 0.588430
0.145378 -0.251453 0.593688
0.142601 -0.245241 0.589762
0.145072 -0.243661 0.593793
0.142984 -0.247027 0.595735
0.139652 -0.244890 0.595518
0.137950 -0.254427 0.594440
0.141753 -0.242900 0.595458
0.140797 -0.250634 0.595515
0.140585 -0.249863 0.595914
0.145548 -0.246276 0.593624
0.143394 -0.249849 0.592534
0.143924 -0.248206 0.601104
0.143397 -0.248974 0.598918
0.146368 -0.247121 0.595574
0.140509 -0.248994 0.595711
0.138622 -0.245287 0.603080
0.141414 -0.244195 0.602973
0.147545 -0.247114 0.599698
0.143746 -0.246262 0.602149
0.146354 -0.247842 0.602390
0.139497 -0.247033 0.600217
0.140139 -0.247214 0.601393
0.143492 -0.244143 0.598752
0.145347 -0.253234 0.604467
0.144421 -0.248507 0.603533
0.139892 -0.243870 0.595198
0.139266 -0.252366 0.605773
0.146013 -0.242980 0.607706
0.142791 -0.248853 0.609849
0.143841 -0.249088 0.602847
0.140004 -0.243309 0.610928
0.146650 -0.248881 0.606586
0.145859 -0.245894 0.610447
0.137649 -0.247663 0.608594
0.140446 -0.247796 0.604231
0.146292 -0.246108 0.605253
0.144526 -0.246337 0.612268
0.140610 -0.248874 0.608337
0.142104 -0.244190 0.612572
0.142886 -0.242895 0.612456
0.143838 -0.243166 0.612967
0.140472 -0.247775 0.608973
0.135895 -0.242518 0.613030
0.138779 -0.241712 0.616468
0.140456 -0.243415 0.613468
0.141204 -0.240953 0.617700
0.139149 -0.244321 0.618550
0.139456 -0.247639 0.621115
0.138761 -0.250319 0.616411
0.146365 -0.244425 0.619367
0.132858 -0.247916 0.620629
0.138008 -0.242259 0.618937
0.140240 -0.241138 0.616474
0.137456 -0.245842 0.619109
0.133567 -0.242465 0.619593
0.137947 -0.244286 0.618169
0.141848 -0.245950 0.621968
0.135339 -0.246979 0.621358
0.134921 -0.248133 0.620514
0.140845 -0.243879 0.623812
0.138167 -0.243463 0.626148
0.137505 -0.244868 0.623702
0.130735 -0.246479 0.623624
0.138734 -0.247152 0.625712
0.134279 -0.246726 0.628246
0.131867 -0.246448 0.623156
0.135354 -0.247831 0.625943
0.132117 -0.250211 0.625827
0.131448 -0.245145 0.624840
0.132660 -0.247320 0.624866
0.135750 -0.248200 0.624915
0.129791 -0.247149 0.620169
0.133622 -0.247715 0.632565
0.137281 -0.246821 0.629503
0.133947 -0.249832 0.619759
0.136083 -0.245244 0.621530
0.134330 -0.243690 0.625708
0.134450 -0.251598 0.627465
0.131846 -0.244105 0.629679
0.132065 -0.244791 0.626885
0.135487 -0.247484 0.631585
0.130694 -0.247207 0.631316
0.131693 -0.242444 0.633134
0.128299 -0.244971 0.630571
0.127260 -0.249774 0.631375
0.127680 -0.250635 0.630669
0.129581 -0.246181 0.627676
0.126809 -0.242379 0.629311
0.127192 -0.239576 0.632990
0.126285 -0.252327 0.633190
0.123237 -0.246580 0.629979
0.121993 -0.241556 0.632568
0.129374 -0.244305 0.631001
0.126487 -0.247599 0.636387
0.127112 -0.247597 0.638769
0.126975 -0.245153 0.631741
0.126238 -0.250934 0.635768
0.121804 -0.245993 0.633838
0.124885 -0.245473 0.634778
0.123617 -0.251015 0.629531
0.127150 -0.244833 0.631063
0.128676 -0.248698 0.637304
0.123804 -0.246229 0.637863
0.117984 -0.246663 0.635537
0.121942 -0.247377 0.634629
0.119057 -0.243901 0.634262
0.122337 -0.242144 0.562900
0.122949 -0.241567 0.561849
0.123114 -0.237477 0.560488
0.121621 -0.245494 0.569917
0.118740 -0.243172 0.567016
0.120761 -0.243601 0.562363
0.119758 -0.243406 0.566255
0.122995 -0.242704 0.567103
0.128174 -0.246897 0.567175
0.123137 -0.248846 0.563297
0.127321 -0.242274 0.562637
0.130611 -0.241987 0.566018
0.124566 -0.241944 0.565367
0.129979 -0.242255 0.568680
0.126050 -0.247618 0.568730
0.124329 -0.243512 0.567427
0.125392 -0.240533 0.563519
0.132564 -0.244960 0.571000
0.132340 -0.245771 0.566250
0.131651 -0.242636 0.569031
0.123740 -0.248100 0.570729
0.133849 -0.245311 0.566885
0.130545 -0.241808 0.571495
0.128957 -0.248998 0.574519
0.129137 -0.239445 0.564588
0.132068 -0.244684 0.567649
0.134194 -0.239343 0.569502
0.133562 -0.246396 0.569775
0.131233 -0.244228 0.573892
0.128694 -0.240309 0.575245
0.131962 -0.246720 0.565664
0.132739 -0.245326 0.573433
0.130097 -0.243185 0.573332
0.133580 -0.242343 0.574775
0.136735 -0.245522 0.576443
0.134626 -0.244433 0.571741
0.138778 -0.242478 0.573570
0.134952 -0.243173 0.573958
0.130927 -0.242731 0.575436
0.134465 -0.240262 0.572437
0.132746 -0.242707 0.579221
0.137663 -0.241025 0.570642
0.137587 -0.241945 0.579615
0.134337 -0.241668 0.580988
0.141395 -0.242425 0.574504
0.137050 -0.241262 0.580401
0.142811 -0.243765 0.576296
0.135491 -0.241221 0.577376
0.134524 -0.245646 0.583775
0.138549 -0.244163 0.583152
0.140107 -0.246053 0.583543
0.139013 -0.249273 0.578012
0.139281 -0.241718 0.581129
0.135760 -0.242420 0.577011
0.140576 -0.243600 0.582812
0.137197 -0.240689 0.576446
0.136753 -0.241428 0.581731
0.143852 -0.241877 0.582021
0.142997 -0.243394 0.586491
0.138078 -0.244886 0.587350
0.140388 -0.245334 0.583118
0.142192 -0.237864 0.583721
0.142454 -0.251686 0.582577
0.142607 -0.238353 0.587353
0.142376 -0.242286 0.590636
0.137697 -0.241165 0.586842
0.140045 -0.243061 0.587999
0.138908 -0.243802 0.586286
0.145701 -0.240969 0.588347
0.146148 -0.239230 0.591502
0.139969 -0.242274 0.592238
0.145783 -0.243571 0.589350
0.148564 -0.238924 0.592443
0.139141 -0.241591 0.595318
0.144199 -0.240592 0.592621
0.145420 -0.244825 0.591676
0.140643 -0.244952 0.599250
0.137173 -0.242341 0.591031
0.138572 -0.242751 0.589792
0.142049 -0.236245 0.594596
0.143729 -0.245586 0.596847
0.137985 -0.242504 0.595519
0.148896 -0.243352 0.595287
0.140796 -0.246683 0.599133
0.146797 -0.244235 0.599445
0.141445 -0.241938 0.599186
0.138249 -0.245445 0.601099
0.136844 -0.243128 0.597773
0.139763 -0.243005 0.600211
0.144145 -0.251015 0.604802
0.141107 -0.240046 0.599916
0.140785 -0.243357 0.610259
0.147192 -0.244206 0.601947
0.145847 -0.241432 0.602013
0.141898 -0.246398 0.604505
0.145732 -0.236492 0.601113
0.144342 -0.243276 0.607009
0.142054 -0.245122 0.598671
0.144445 -0.242700 0.607601
0.140599 -0.235405 0.602603
0.143730 -0.241937 0.608530
0.141632 -0.245932 0.602748
0.144498 -0.242871 0.607232
0.139533 -0.242770 0.607343
0.143740 -0.247578 0.604874
0.146991 -0.244372 0.607414
0.140515 -0.247683 0.604927
0.142724 -0.245210 0.614723
0.137014 -0.249020 0.607952
0.137770 -0.239051 0.608334
0.142832 -0.247449 0.612079
0.143063 -0.239493 0.611218
0.142564 -0.242715 0.613810
0.139641 -0.241585 0.609806
0.142858 -0.244052 0.610040
0.138558 -0.238809 0.607789
0.135995 -0.241313 0.609949
0.138889 -0.244705 0.620248
0.138109 -0.245390 0.612713
0.140659 -0.241719 0.609940
0.141138 -0.237355 0.609465
0.141355 -0.240903 0.615758
0.138859 -0.250276 0.619358
0.138287 -0.243829 0.619901
0.132046 -0.243415 0.618465
0.141029 -0.241382 0.623253
0.139519 -0.240151 0.619908
0.134020 -0.245507 0.624297
0.137438 -0.243398 0.614549
0.137008 -0.247136 0.617120
0.139475 -0.245689 0.617548
0.141599 -0.241784 0.621381
0.140334 -0.244849 0.619100
0.130935 -0.240995 0.620086
0.136853 -0.246466 0.623000
0.138496 -0.242651 0.616803
0.133834 -0.243299 0.619486
0.137260 -0.240177 0.620155
0.135293 -0.245250 0.625937
0.138258 -0.235208 0.623283
0.132492 -0.241964 0.622979
0.135588 -0.239461 0.623234
0.136900 -0.249541 0.627673
0.134849 -0.243906 0.623406
0.138406 -0.244703 0.629117
0.132342 -0.243040 0.626782
0.139640 -0.242424 0.626828
0.133064 -0.244069 0.624696
0.138384 -0.238750 0.624844
0.133129 -0.246686 0.630118
0.134391 -0.242813 0.625256
0.134305 -0.241298 0.627518
0.133891 -0.247180 0.626632
0.128490 -0.242807 0.633798
0.131150 -0.239739 0.629062
0.129440 -0.240115 0.631141
0.134565 -0.240235 0.627428
0.122310 -0.242750 0.626684
0.125365 -0.247609 0.628634
0.128631 -0.243153 0.637033
0.125228 -0.243203 0.627504
0.125509 -0.242974 0.632824
0.124265 -0.239744 0.629107
0.130620 -0.243334 0.634941
0.129064 -0.244039 0.633978
0.122953 -0.247082 0.631791
0.130710 -0.245424 0.631376
0.131196 -0.243054 0.633481
0.122657 -0.243003 0.635563
0.125242 -0.240892 0.635068
0.128159 -0.240706 0.633976
0.127213 -0.237771 0.635577
0.120535 -0.242613 0.634353
0.131559 -0.240925 0.631906
0.122800 -0.238811 0.632010
0.121465 -0.243201 0.635313
0.120733 -0.242819 0.631783
0.120344 -0.245017 0.635364
0.120748 -0.243239 0.635470
0.119952 -0.242158 0.639456
0.124083 -0.243343 0.563880
0.123863 -0.240690 0.564787
0.121385 -0.238763 0.559070
0.123849 -0.241343 0.561691
0.121984 -0.236941 0.566989
0.124042 -0.237310 0.563208
0.119974 -0.245501 0.564608
0.123675 -0.239800 0.565182
0.128174 -0.242670 0.562941
0.130671 -0.237605 0.564646
0.119206 -0.242467 0.564761
0.125459 -0.239351 0.565453
0.129539 -0.243485 0.565583
0.124447 -0.237610 0.567269
0.129232 -0.239703 0.578305
0.129410 -0.242192 0.567351
0.126423 -0.237660 0.570605
0.129156 -0.240463 0.566027
0.133204 -0.236560 0.559587
0.128973 -0.242418 0.567592
0.134223 -0.243291 0.565946
0.136875 -0.241306 0.568719
0.133313 -0.241393 0.569897
0.130985 -0.235625 0.565305
0.128104 -0.240227 0.573249
0.129028 -0.238448 0.569342
0.130114 -0.236010 0.570542
0.140518 -0.238754 0.574995
0.134190 -0.244500 0.567369
0.133751 -0.243149 0.570722
0.131601 -0.242583 0.576295
0.135264 -0.239308 0.574812
0.130518 -0.237209 0.570964
0.138229 -0.241836 0.572242
0.137344 -0.237884 0.571436
0.135959 -0.239834 0.574753
0.136302 -0.237978 0.578161
0.136184 -0.238845 0.575209
0.139513 -0.242161 0.581658
0.141853 -0.233313 0.575923
0.141899 -0.236369 0.579974
0.145741 -0.239215 0.578899
0.132357 -0.246471 0.578473
0.137683 -0.237683 0.578946
0.130674 -0.238675 0.581829
0.141619 -0.242648 0.576210
0.135055 -0.241727 0.574447
0.135316 -0.235062 0.576558
0.131984 -0.240656 0.578649
0.139859 -0.242063 0.580060
0.135516 -0.242759 0.582155
0.138621 -0.240002 0.583043
0.135984 -0.239783 0.582549
0.142223 -0.245530 0.581325
0.140220 -0.241583 0.583108
0.141130 -0.238407 0.578105
0.135634 -0.248334 0.585710
0.140080 -0.235803 0.584363
0.136189 -0.236626 0.580701
0.139795 -0.240474 0.587470
0.142713 -0.241126 0.583396
0.139990 -0.241590 0.588932
0.141438 -0.235652 0.594400
0.137850 -0.241660 0.588458
0.141817 -0.240890 0.582323
0.148411 -0.239594 0.584445
0.133652 -0.235623 0.589440
0.141031 -0.242981 0.588611
0.139970 -0.247386 0.597478
0.142592 -0.240886 0.586965
0.139551 -0.232532 0.591558
0.137454 -0.237164 0.592353
0.143180 -0.240255 0.590821
0.142333 -0.240494 0.587552
0.138746 -0.239835 0.587465
0.141452 -0.240825 0.595011
0.142428 -0.240766 0.592387
0.143321 -0.237025 0.590526
0.137444 -0.242122 0.587274
0.139768 -0.237344 0.597728
0.146856 -0.239663 0.595725
0.140467 -0.241447 0.596619
0.145061 -0.238568 0.590100
0.143840 -0.239860 0.594940
0.142798 -0.237154 0.597650
0.140202 -0.229730 0.595801
0.143820 -0.236069 0.595599
0.144093 -0.242456 0.597898
0.140141 -0.234558 0.595032
0.144004 -0.239780 0.593693
0.147689 -0.241613 0.599398
0.143091 -0.242636 0.598340
0.142309 -0.242555 0.601479
0.146237 -0.242963 0.596886
0.141978 -0.238680 0.604201
0.139032 -0.247021 0.605327
0.144467 -0.235325 0.600247
0.143973 -0.236853 0.598105
0.145415 -0.235577 0.605907
0.143800 -0.237658 0.603862
0.137771 -0.242690 0.604604
0.139487 -0.236806 0.604400
0.141638 -0.245240 0.607320
0.139778 -0.235350 0.601424
0.142798 -0.241124 0.606014
0.146862 -0.237013 0.605031
0.145843 -0.241865 0.610482
0.136314 -0.240872 0.607699
0.140448 -0.244687 0.603352
0.141279 -0.238074 0.609648
0.140191 -0.244431 0.609220
0.139421 -0.242060 0.611048
0.141491 -0.238689 0.610225
0.138335 -0.240490 0.610540
0.135766 -0.240947 0.606957
0.134625 -0.242376 0.610489
0.142492 -0.240835 0.614484
0.144579 -0.239545 0.614507
0.138009 -0.237441 0.614011
0.140114 -0.243293 0.611495
0.137725 -0.239596 0.618044
0.135023 -0.241008 0.614304
0.146220 -0.240513 0.614081
0.141431 -0.243245 0.617775
0.133972 -0.233846 0.616471
0.137515 -0.243864 0.616608
0.138844 -0.242112 0.621094
0.137401 -0.239637 0.618824
0.142259 -0.241061 0.618634
0.138844 -0.238068 0.613369
0.141196 -0.240269 0.617158
0.137429 -0.245665 0.617468
0.137854 -0.235814 0.619968
0.138245 -0.240770 0.623242
0.135617 -0.238501 0.620087
0.133665 -0.242861 0.619589
0.139799 -0.230296 0.621352
0.133848 -0.238274 0.623853
0.134211 -0.234100 0.625443
0.138375 -0.239660 0.623635
0.138202 -0.244027 0.621245
0.135271 -0.244236 0.629016
0.132855 -0.241124 0.625467
0.138968 -0.239961 0.622595
0.131345 -0.239134 0.623561
0.140974 -0.236054 0.616192
0.130757 -0.238772 0.633038
0.127181 -0.241161 0.630100
0.130846 -0.239618 0.625370
0.134625 -0.243130 0.627324
0.127924 -0.236901 0.629450
0.131854 -0.239721 0.628093
0.130526 -0.239361 0.629483
0.131093 -0.241616 0.627531
0.129585 -0.238469 0.629578
0.136537 -0.240352 0.629702
0.128383 -0.239528 0.628497
0.127342 -0.239347 0.634957
0.126969 -0.241786 0.630413
0.129966 -0.235932 0.628930
0.128420 -0.242227 0.628575
0.127036 -0.243204 0.632861
0.131224 -0.241423 0.629726
0.131647 -0.240533 0.636604
0.118603 -0.240395 0.629408
0.125295 -0.237485 0.636018
0.125985 -0.237099 0.629723
0.126927 -0.240375 0.628288
0.128425 -0.241928 0.634994
0.123027 -0.239383 0.635838
0.124918 -0.241337 0.636113
0.125162 -0.241160 0.634724
0.123881 -0.240915 0.637589
0.128936 -0.241421 0.634816
0.120494 -0.243876 0.638852
0.120886 -0.238862 0.631659
0.120565 -0.238461 0.637413
0.122760 -0.238656 0.636902
0.124639 -0.234786 0.638197
0.120866 -0.242963 0.635299
0.120229 -0.232202 0.558502
0.119239 -0.239614 0.565989
0.119964 -0.242034 0.557478
0.123386 -0.241439 0.567185
0.126056 -0.239957 0.563120
0.123335 -0.241050 0.560692
0.121768 -0.236698 0.565477
0.118433 -0.235879 0.564580
0.123670 -0.237987 0.568289
0.129550 -0.237981 0.564981
0.120500 -0.237820 0.567848
0.125356 -0.235538 0.565764
0.126361 -0.234591 0.568714
0.120638 -0.237212 0.558029
0.126935 -0.238174 0.565313
0.131972 -0.235446 0.570819
0.129571 -0.231447 0.567030
0.127321 -0.236765 0.575446
0.127153 -0.236403 0.572563
0.131603 -0.237964 0.574012
0.130644 -0.232132 0.570940
0.131898 -0.238698 0.573723
0.127817 -0.236240 0.573078
0.129253 -0.236112 0.570193
0.131088 -0.234700 0.566030
0.129388 -0.230274 0.565024
0.129389 -0.234075 0.565726
0.129048 -0.238881 0.576319
0.129357 -0.234574 0.570100
0.132320 -0.239869 0.567952
0.131205 -0.240599 0.572216
0.133282 -0.235244 0.577710
0.137494 -0.239783 0.571266
0.138614 -0.236637 0.572747
0.137060 -0.238347 0.577099
0.133239 -0.232589 0.574259
0.136898 -0.233297 0.579944
0.132338 -0.237624 0.571251
0.129843 -0.237965 0.576389
0.139051 -0.237721 0.582054
0.136112 -0.233831 0.575966
0.132061 -0.231724 0.576279
0.139433 -0.237587 0.579329
0.135876 -0.237521 0.577542
0.138652 -0.240109 0.575491
0.139803 -0.238692 0.579389
0.133045 -0.237143 0.582562
0.137578 -0.235875 0.578514
0.137850 -0.241856 0.575220
0.139003 -0.241818 0.584478
0.140535 -0.240135 0.574443
0.130932 -0.235605 0.581149
0.142454 -0.235121 0.586556
0.141246 -0.239378 0.581770
0.136278 -0.237492 0.581224
0.138307 -0.232476 0.581566
0.135606 -0.238452 0.582246
0.137631 -0.237062 0.582852
0.142909 -0.233807 0.582327
0.142709 -0.232333 0.585106
0.137404 -0.235216 0.585331
0.141123 -0.239700 0.592340
0.139690 -0.234914 0.584742
0.140914 -0.243374 0.583108
0.133189 -0.233515 0.583334
0.136087 -0.233083 0.586517
0.140416 -0.233230 0.589955
0.142001 -0.234476 0.583126
0.145079 -0.232444 0.595011
0.135037 -0.238976 0.588264
0.146572 -0.234716 0.595772
0.142927 -0.238328 0.587042
0.139970 -0.232199 0.588875
0.136442 -0.235550 0.596040
0.149193 -0.232636 0.595327
0.136607 -0.237524 0.591769
0.142458 -0.239188 0.595771
0.145884 -0.236069 0.593002
0.142753 -0.235264 0.596745
0.139653 -0.232067 0.594952
0.141768 -0.234343 0.593234
0.144972 -0.229974 0.597135
0.142997 -0.237865 0.600804
0.145818 -0.240987 0.599728
0.140426 -0.239992 0.597056
0.140453 -0.232977 0.593972
0.138587 -0.239324 0.597831
0.144248 -0.239753 0.596569
0.137765 -0.237082 0.596163
0.149000 -0.230706 0.596930
0.142889 -0.235234 0.598583
0.141291 -0.234578 0.599902
0.141547 -0.236593 0.604919
0.141649 -0.235339 0.602425
0.144555 -0.237085 0.600729
0.140316 -0.235788 0.603122
0.141576 -0.235833 0.610298
0.144674 -0.242005 0.607605
0.142694 -0.239547 0.608227
0.141975 -0.233443 0.602849
0.145327 -0.237341 0.608056
0.144549 -0.239951 0.606781
0.143433 -0.236674 0.600824
0.142788 -0.237456 0.610246
0.138670 -0.233549 0.607559
0.149405 -0.239521 0.610506
0.140079 -0.239345 0.611355
0.143394 -0.233352 0.603786
0.137886 -0.234730 0.606562
0.145338 -0.231485 0.609215
0.141372 -0.236394 0.609218
0.141049 -0.237170 0.611863
0.140035 -0.238034 0.610160
0.139067 -0.236712 0.613157
0.146934 -0.241357 0.607883
0.140417 -0.236376 0.612358
0.146090 -0.241948 0.612502
0.136501 -0.237378 0.614984
0.135828 -0.233399 0.611373
0.136849 -0.241408 0.612281
0.137596 -0.233985 0.610161
0.140285 -0.233947 0.614556
0.141769 -0.238550 0.617017
0.138275 -0.229994 0.615384
0.138186 -0.235259 0.615107
0.138298 -0.235455 0.619776
0.136895 -0.236288 0.617091
0.140567 -0.234006 0.619267
0.139059 -0.231094 0.615889
0.142954 -0.234855 0.614353
0.138207 -0.240712 0.619027
0.131503 -0.234280 0.617470
0.142311 -0.238639 0.620442
0.133045 -0.236850 0.620847
0.138395 -0.229049 0.626096
0.138982 -0.237431 0.620741
0.135467 -0.239000 0.624050
0.135978 -0.234838 0.621736
0.137019 -0.231125 0.623976
0.138434 -0.238920 0.622920
0.134267 -0.234845 0.624694
0.133133 -0.235269 0.624622
0.130206 -0.236377 0.628252
0.131979 -0.232981 0.627215
0.134894 -0.234895 0.623137
0.136223 -0.240475 0.622596
0.135433 -0.239505 0.632399
0.134537 -0.233462 0.629690
0.132049 -0.236089 0.628605
0.132942 -0.231425 0.630680
0.133274 -0.232338 0.628184
0.134632 -0.235647 0.627542
0.129148 -0.238300 0.628854
0.132893 -0.242568 0.627808
0.132983 -0.236679 0.626064
0.127831 -0.231175 0.624932
0.129505 -0.233765 0.624062
0.132156 -0.240923 0.633418
0.137766 -0.240021 0.630531
0.130509 -0.237981 0.632715
0.126904 -0.237969 0.628963
0.128516 -0.234853 0.634662
0.127970 -0.239494 0.630619
0.126368 -0.237461 0.634138
0.127109 -0.236017 0.632853
0.126862 -0.237727 0.635194
0.126467 -0.236659 0.629942
0.124217 -0.238137 0.635300
0.120657 -0.234169 0.634247
0.123365 -0.238934 0.635687
0.125730 -0.242331 0.632380
0.121928 -0.236606 0.632829
0.125645 -0.237957 0.634194
0.127579 -0.237114 0.633808
0.123552 -0.240292 0.630781
0.122922 -0.238182 0.631537
0.125346 -0.234382 0.636738
0.120531 -0.237048 0.634591
0.124269 -0.240771 0.637376
0.121308 -0.239860 0.638664
0.120233 -0.227500 0.566717
0.121515 -0.234236 0.561401
0.119945 -0.232162 0.559404
0.125443 -0.231013 0.563562
0.125199 -0.226216 0.565120
0.128524 -0.233989 0.562682
0.126785 -0.238856 0.567654
0.124187 -0.234550 0.565314
0.124931 -0.229366 0.567867
0.125604 -0.233771 0.562798
0.125999 -0.240835 0.568824
0.125795 -0.238095 0.567920
0.123525 -0.234507 0.561172
0.124335 -0.232631 0.566585
0.127835 -0.235303 0.568834
0.122899 -0.234829 0.559505
0.126787 -0.234775 0.567182
0.129785 -0.229208 0.564551
0.127715 -0.239025 0.573892
0.132701 -0.231753 0.572384
0.131748 -0.235044 0.571258
0.133065 -0.230708 0.569199
0.128754 -0.225992 0.570629
0.131909 -0.237317 0.572217
0.131359 -0.235695 0.574393
0.130953 -0.231165 0.572267
0.129202 -0.232241 0.575402
0.128316 -0.236220 0.568882
0.134185 -0.234497 0.572871
0.135714 -0.236487 0.576784
0.132695 -0.233638 0.577331
0.134295 -0.237058 0.572947
0.130921 -0.232316 0.572101
0.132525 -0.230237 0.568822
0.134688 -0.233815 0.575266
0.127029 -0.235977 0.573471
0.139394 -0.236882 0.571722
0.134151 -0.232161 0.573660
0.135268 -0.238021 0.580976
0.134273 -0.232730 0.584426
0.133878 -0.236836 0.573767
0.140848 -0.233681 0.574804
0.135992 -0.233256 0.580596
0.138524 -0.231978 0.579450
0.134201 -0.236886 0.579647
0.138449 -0.232593 0.579724
0.139013 -0.236526 0.578277
0.134759 -0.238684 0.581329
0.136910 -0.231881 0.582065
0.135111 -0.228582 0.581521
0.141074 -0.228022 0.579625
0.136416 -0.232567 0.584830
0.141904 -0.239016 0.586256
0.137348 -0.231636 0.578425
0.136240 -0.232010 0.577497
0.141508 -0.234725 0.584137
0.139721 -0.234772 0.587705
0.146488 -0.231217 0.579078
0.140012 -0.233786 0.587419
0.140006 -0.226680 0.587233
0.141789 -0.234138 0.582952
0.139904 -0.232500 0.587527
0.140922 -0.233949 0.586708
0.139085 -0.236078 0.584430
0.142101 -0.230932 0.586857
0.140356 -0.231470 0.587574
0.150329 -0.232724 0.586903
0.135603 -0.232479 0.592015
0.140993 -0.229386 0.587642
0.140980 -0.233665 0.587649
0.136951 -0.235968 0.584682
0.143785 -0.233624 0.590561
0.139889 -0.230254 0.588820
0.146765 -0.229854 0.589749
0.141201 -0.231222 0.596089
0.139513 -0.234606 0.600339
0.144730 -0.230420 0.599116
0.143384 -0.234478 0.588620
0.144701 -0.236509 0.596311
0.136255 -0.234532 0.594738
0.138483 -0.234750 0.592790
0.142679 -0.236886 0.594994
0.146459 -0.228907 0.601946
0.143623 -0.234331 0.597757
0.144543 -0.232270 0.601618
0.140468 -0.233731 0.593204
0.141201 -0.229389 0.598417
0.144726 -0.231826 0.601650
0.139987 -0.231505 0.601293
0.145972 -0.228926 0.598260
0.138205 -0.235035 0.604219
0.139514 -0.237238 0.596813
0.138581 -0.230947 0.598941
0.140591 -0.229680 0.604548
0.145085 -0.235405 0.597126
0.143468 -0.227843 0.601665
0.141562 -0.242854 0.608426
0.141739 -0.238333 0.603547
0.140503 -0.231225 0.610680
0.139822 -0.232642 0.603560
0.140187 -0.231729 0.609851
0.143436 -0.234389 0.607257
0.142756 -0.230664 0.604539
0.142384 -0.228167 0.606742
0.144821 -0.233140 0.607388
0.139575 -0.224560 0.611260
0.145252 -0.229636 0.605094
0.139337 -0.233653 0.603598
0.138797 -0.230620 0.602723
0.138697 -0.233422 0.609321
0.141174 -0.235411 0.612816
0.134059 -0.231871 0.606026
0.138845 -0.233341 0.615878
0.138156 -0.237467 0.614456
0.140505 -0.233081 0.613693
0.143626 -0.232639 0.606145
0.139847 -0.233054 0.609480
0.137235 -0.231200 0.614169
0.137431 -0.231424 0.614309
0.136103 -0.233940 0.610425
0.137219 -0.232211 0.611159
0.135892 -0.231983 0.612274
0.138636 -0.233873 0.615282
0.140415 -0.234417 0.613899
0.137689 -0.229614 0.619491
0.138721 -0.229412 0.619282
0.135456 -0.228563 0.626025
0.139566 -0.237980 0.622568
0.140094 -0.233431 0.612390
0.137729 -0.234012 0.618000
0.136549 -0.230217 0.618128
0.138885 -0.238842 0.616864
0.137332 -0.235789 0.620391
0.136967 -0.232536 0.619722
0.138794 -0.237197 0.619948
0.141215 -0.234354 0.626195
0.137424 -0.233816 0.622281
0.140922 -0.234043 0.619091
0.137357 -0.230934 0.625431
0.131000 -0.231897 0.623479
0.134562 -0.234519 0.625093
0.134819 -0.233241 0.630103
0.134908 -0.236587 0.621729
0.132153 -0.237958 0.628160
0.139731 -0.235010 0.628022
0.131586 -0.235179 0.620427
0.133357 -0.229417 0.629876
0.134814 -0.233926 0.630093
0.138145 -0.235420 0.627666
0.132449 -0.235047 0.623718
0.129785 -0.232780 0.628399
0.132382 -0.229265 0.625939
0.127851 -0.236653 0.629569
0.129680 -0.238059 0.631526
0.135162 -0.232567 0.631046
0.126428 -0.237351 0.629963
0.130900 -0.233687 0.628964
0.128034 -0.228781 0.627614
0.129165 -0.229992 0.627471
0.129638 -0.233453 0.632729
0.121507 -0.233999 0.628859
0.131749 -0.233276 0.629862
0.130762 -0.231190 0.634932
0.130980 -0.230800 0.630491
0.128245 -0.232219 0.633614
0.127983 -0.232831 0.631593
0.126366 -0.236053 0.630468
0.128363 -0.234068 0.633747
0.124183 -0.238006 0.632571
0.130247 -0.233421 0.632028
0.127080 -0.234563 0.632528
0.119905 -0.238260 0.635904
0.124601 -0.232998 0.637018
0.122399 -0.233056 0.632617
0.120777 -0.235360 0.638398
0.125064 -0.236136 0.634809
0.122883 -0.235533 0.638057
0.119740 -0.234124 0.635285
0.116130 -0.238374 0.633955
0.124794 -0.231379 0.638147
0.119360 -0.231165 0.563313
0.122472 -0.234327 0.561295
0.119784 -0.225832 0.562047
0.120055 -0.227324 0.562617
0.125719 -0.232670 0.569855
0.123094 -0.229357 0.563757
0.123612 -0.229714 0.563759
0.127886 -0.236537 0.561391
0.123448 -0.230172 0.569636
0.126632 -0.229776 0.563197
0.131268 -0.227161 0.573557
0.121305 -0.224598 0.565910
0.123616 -0.229377 0.566873
0.125629 -0.234110 0.565780
0.123106 -0.229491 0.563056
0.127995 -0.230997 0.570322
0.125352 -0.233833 0.563550
0.128871 -0.217953 0.563942
0.126558 -0.225167 0.570363
0.132602 -0.228888 0.570173
0.129287 -0.233167 0.569676
0.126551 -0.227962 0.561180
0.123562 -0.230335 0.569926
0.135626 -0.232412 0.571841
0.124967 -0.222863 0.562442
0.135225 -0.231143 0.565112
0.129258 -0.227454 0.570443
0.128714 -0.229617 0.571188
0.134294 -0.228118 0.570141
0.129530 -0.230061 0.571451
0.132952 -0.233284 0.572667
0.130008 -0.228510 0.573478
0.132041 -0.234942 0.576444
0.130535 -0.231634 0.573198
0.134630 -0.231834 0.572285
0.129418 -0.227051 0.572782
0.132598 -0.236433 0.572898
0.136943 -0.226998 0.571965
0.134772 -0.228271 0.571219
0.133747 -0.228029 0.579219
0.130825 -0.233464 0.579830
0.134227 -0.229066 0.573265
0.139208 -0.228977 0.581424
0.133130 -0.231793 0.573930
0.132491 -0.234185 0.578465
0.133583 -0.230386 0.576182
0.137569 -0.227876 0.581089
0.139350 -0.230786 0.581240
0.136196 -0.232797 0.575836
0.137084 -0.229518 0.584956
0.136049 -0.225869 0.575830
0.137466 -0.223210 0.579993
0.135286 -0.233290 0.588188
0.141983 -0.231859 0.580587
0.130979 -0.230722 0.587100
0.132855 -0.226906 0.584789
0.143645 -0.231727 0.584215
0.143213 -0.228591 0.586052
0.138396 -0.230590 0.582644
0.139892 -0.229923 0.584111
0.133283 -0.234287 0.585138
0.143405 -0.232690 0.584222
0.139915 -0.227101 0.591308
0.141047 -0.229994 0.584364
0.141534 -0.230892 0.587705
0.137823 -0.226740 0.586494
0.136003 -0.230125 0.584851
0.142384 -0.226015 0.590324
0.140441 -0.232504 0.587710
0.147451 -0.226788 0.586625
0.138342 -0.228825 0.590490
0.141660 -0.228054 0.587471
0.139048 -0.226851 0.592194
0.140850 -0.230142 0.593684
0.142620 -0.231857 0.588748
0.144193 -0.233480 0.598878
0.138435 -0.231679 0.596500
0.146318 -0.229610 0.585738
0.141676 -0.236101 0.592717
0.144657 -0.227435 0.595104
0.142918 -0.227938 0.594042
0.141108 -0.226188 0.597178
0.145914 -0.228587 0.597386
0.144816 -0.227648 0.601865
0.144155 -0.231203 0.596046
0.139558 -0.229103 0.595614
0.138498 -0.227856 0.602646
0.137644 -0.226892 0.599356
0.139373 -0.231863 0.598633
0.149333 -0.229081 0.604453
0.140655 -0.226607 0.602635
0.140430 -0.231524 0.602174
0.137703 -0.229868 0.597316
0.142435 -0.228510 0.603777
0.143598 -0.230346 0.600592
0.139821 -0.231603 0.601417
0.140789 -0.229254 0.601154
0.137536 -0.227774 0.601419
0.137243 -0.232564 0.603138
0.141519 -0.229177 0.610409
0.138181 -0.224986 0.605657
0.141107 -0.236532 0.604779
0.143944 -0.232970 0.601548
0.137982 -0.229306 0.606722
0.146605 -0.231273 0.609508
0.138055 -0.230503 0.610874
0.140759 -0.228263 0.604242
0.138700 -0.231474 0.605149
0.140022 -0.225437 0.608344
0.142073 -0.225121 0.609613
0.140771 -0.231273 0.613396
0.143845 -0.223628 0.616755
0.136514 -0.227470 0.617399
0.141863 -0.229241 0.608103
0.144226 -0.232757 0.612574
0.139652 -0.228319 0.611232
0.139246 -0.226597 0.612898
0.143104 -0.231707 0.617945
0.141784 -0.226016 0.616294
0.135311 -0.237442 0.617612
0.138413 -0.230931 0.612363
0.137999 -0.228820 0.617997
0.138603 -0.236303 0.617575
0.140179 -0.231592 0.612344
0.135062 -0.225984 0.614843
0.142506 -0.230497 0.619787
0.135899 -0.233550 0.616996
0.133250 -0.233784 0.619456
0.142958 -0.229211 0.613532
0.134949 -0.229220 0.618519
0.145027 -0.224064 0.618498
0.143903 -0.232608 0.616982
0.141672 -0.232894 0.618593
0.141948 -0.230983 0.624833
0.139028 -0.230999 0.623111
0.140051 -0.227218 0.619062
0.139247 -0.236791 0.621073
0.136250 -0.226903 0.626572
0.131753 -0.231453 0.622434
0.134097 -0.228658 0.625173
0.137323 -0.230820 0.633303
0.131473 -0.230388 0.628784
0.137217 -0.227336 0.628355
0.133925 -0.229364 0.628392
0.139140 -0.233524 0.623840
0.133999 -0.226874 0.622113
0.136546 -0.231657 0.628527
0.134177 -0.225098 0.623547
0.134824 -0.230448 0.624920
0.135635 -0.232510 0.629638
0.129316 -0.233178 0.629865
0.138595 -0.228212 0.625273
0.132753 -0.230564 0.626462
0.132027 -0.228049 0.631277
0.127932 -0.224760 0.628277
0.125828 -0.232258 0.629880
0.127721 -0.229121 0.627116
0.133018 -0.229229 0.629383
0.132502 -0.232617 0.630020
0.130936 -0.228666 0.630998
0.131427 -0.231378 0.631099
0.125772 -0.230014 0.627971
0.124502 -0.229868 0.628715
0.129936 -0.226913 0.633868
0.129531 -0.228285 0.627898
0.123554 -0.228848 0.629501
0.124444 -0.229952 0.634006
0.121360 -0.229759 0.635954
0.126845 -0.225321 0.632287
0.129158 -0.223325 0.636155
0.127927 -0.226771 0.627763
0.122426 -0.226543 0.630763
0.125021 -0.228171 0.638679
0.123314 -0.227203 0.635103
0.128048 -0.231740 0.633820
0.124070 -0.224800 0.636462
0.122355 -0.231701 0.639106
0.119948 -0.230578 0.635364
0.124939 -0.232404 0.633939
0.121769 -0.229717 0.632270
0.118496 -0.228409 0.563218
0.119056 -0.220564 0.564163
0.125640 -0.225492 0.564337
0.124638 -0.227512 0.558425
0.124177 -0.228721 0.568081
0.120560 -0.226016 0.564500
0.121988 -0.227620 0.564161
0.124643 -0.225696 0.565121
0.124482 -0.233147 0.569411
0.126981 -0.230254 0.563039
0.118918 -0.235327 0.564455
0.130738 -0.225994 0.566827
0.126364 -0.224673 0.566361
0.124058 -0.228199 0.568861
0.125742 -0.232153 0.568776
0.128011 -0.222387 0.567769
0.127752 -0.226728 0.565397
0.128910 -0.227955 0.565000
0.128148 -0.226118 0.569521
0.130844 -0.219828 0.567959
0.133232 -0.226388 0.569486
0.131985 -0.228965 0.569219
0.131968 -0.230743 0.566975
0.128902 -0.226496 0.572457
0.126739 -0.222236 0.572606
0.132754 -0.232319 0.571838
0.128929 -0.224216 0.570938
0.130306 -0.229185 0.570877
0.133941 -0.231337 0.569693
0.131485 -0.227027 0.570910
0.133146 -0.226200 0.566399
0.135945 -0.230699 0.576588
0.135518 -0.231717 0.573794
0.137596 -0.222258 0.574419
0.131496 -0.222790 0.569759
0.129635 -0.224089 0.571025
0.136071 -0.229629 0.573177
0.138192 -0.226638 0.577409
0.134428 -0.227775 0.573817
0.132502 -0.225205 0.577662
0.140554 -0.225538 0.575945
0.137330 -0.222064 0.572826
0.141102 -0.228833 0.575154
0.144078 -0.223111 0.576363
0.139193 -0.222309 0.580488
0.140163 -0.225304 0.580416
0.133686 -0.229473 0.579864
0.133321 -0.224371 0.579476
0.141135 -0.223705 0.578934
0.129736 -0.230727 0.580608
0.144186 -0.226335 0.582805
0.138196 -0.234379 0.583310
0.137721 -0.230897 0.584033
0.138535 -0.217536 0.575733
0.136477 -0.226238 0.581701
0.141038 -0.223715 0.584748
0.139477 -0.228468 0.584315
0.142151 -0.226019 0.577932
0.144711 -0.227868 0.587338
0.138337 -0.223132 0.584179
0.144482 -0.222451 0.583698
0.131416 -0.225333 0.583136
0.143279 -0.225240 0.585454
0.137641 -0.228924 0.591452
0.143530 -0.227021 0.588492
0.143540 -0.226926 0.582577
0.145905 -0.227339 0.586638
0.141137 -0.229237 0.585705
0.141854 -0.228493 0.590730
0.142523 -0.220417 0.589135
0.141706 -0.227977 0.594008
0.143016 -0.225190 0.596597
0.142530 -0.225521 0.587475
0.136521 -0.227874 0.592204
0.138577 -0.229200 0.594666
0.140246 -0.228083 0.591860
0.138746 -0.223736 0.597674
0.145235 -0.221701 0.587952
0.144906 -0.226712 0.598513
0.140318 -0.223857 0.600236
0.144189 -0.225869 0.594935
0.144017 -0.226800 0.592442
0.144375 -0.221214 0.597651
0.145809 -0.222520 0.597103
0.142424 -0.228597 0.598179
0.144170 -0.228983 0.597108
0.145852 -0.228155 0.600707
0.143822 -0.227088 0.601660
0.144570 -0.226334 0.599777
0.143908 -0.224666 0.601293
0.144862 -0.227649 0.604896
0.142424 -0.226685 0.604904
0.145721 -0.231725 0.601469
0.145003 -0.224518 0.596967
0.140567 -0.228470 0.604357
0.145254 -0.225063 0.602869
0.140186 -0.222932 0.596861
0.144204 -0.224342 0.604883
0.142510 -0.225725 0.606457
0.140481 -0.223961 0.604951
0.142692 -0.234146 0.601429
0.141655 -0.228163 0.608629
0.137774 -0.222573 0.608806
0.142817 -0.227666 0.603375
0.138432 -0.228363 0.607316
0.143985 -0.224083 0.611077
0.144960 -0.228296 0.606728
0.145003 -0.228627 0.611878
0.141845 -0.230337 0.610643
0.142256 -0.228619 0.602620
0.142308 -0.224871 0.612754
0.142616 -0.228338 0.605764
0.140838 -0.223298 0.610955
0.137434 -0.231223 0.603837
0.141523 -0.224850 0.605708
0.138973 -0.221957 0.606284
0.145128 -0.222718 0.615739
0.142007 -0.224669 0.615557
0.145315 -0.229499 0.608822
0.134254 -0.225496 0.617660
0.137874 -0.224899 0.615702
0.143358 -0.223967 0.616791
0.137681 -0.227314 0.618656
0.139988 -0.222230 0.614564
0.142155 -0.226737 0.618151
0.133937 -0.224134 0.614642
0.142428 -0.223617 0.615909
0.143091 -0.221651 0.623489
0.142185 -0.227224 0.623081
0.134576 -0.227088 0.620226
0.133280 -0.222521 0.621534
0.137473 -0.232501 0.618111
0.140026 -0.224175 0.617850
0.133500 -0.226048 0.617492
0.132274 -0.221815 0.621401
0.137952 -0.226892 0.624665
0.139484 -0.226632 0.620932
0.135121 -0.223474 0.623048
0.132495 -0.222189 0.623142
0.137275 -0.221907 0.625001
0.137963 -0.226415 0.625689
0.137934 -0.224984 0.624043
0.134441 -0.226974 0.625459
0.133224 -0.224512 0.623745
0.137323 -0.225830 0.623584
0.135334 -0.229409 0.634801
0.131688 -0.226605 0.630460
0.131776 -0.228922 0.623771
0.136459 -0.229552 0.632054
0.134620 -0.226583 0.630788
0.132452 -0.227052 0.624055
0.127868 -0.225517 0.622149
0.127121 -0.230833 0.628281
0.127258 -0.226891 0.636266
0.131040 -0.221186 0.629545
0.127316 -0.228106 0.627459
0.131489 -0.224448 0.630257
0.128636 -0.228825 0.628843
0.126803 -0.228867 0.637761
0.131719 -0.229639 0.630776
0.129687 -0.226666 0.629038
0.129367 -0.226162 0.632819
0.131256 -0.228195 0.632281
0.126126 -0.229129 0.630425
0.127788 -0.228249 0.629505
0.124620 -0.226126 0.636901
0.130251 -0.231217 0.632099
0.127776 -0.227752 0.632886
0.122888 -0.226045 0.633251
0.122717 -0.224958 0.637023
0.126323 -0.229883 0.635057
0.126805 -0.223192 0.638118
0.126878 -0.227021 0.636373
0.125756 -0.226134 0.636110
0.120252 -0.225574 0.634111
0.122427 -0.221420 0.636356
0.123367 -0.228322 0.631570
0.118453 -0.227458 0.635541
0.116272 -0.228455 0.636471
0.118747 -0.227594 0.637059
0.124758 -0.222123 0.567591
0.117512 -0.219303 0.562833
0.124947 -0.217239 0.566434
0.123705 -0.218384 0.562471
0.125959 -0.221939 0.565303
0.121526 -0.222094 0.565525
0.123673 -0.222093 0.560627
0.126911 -0.223814 0.565731
0.122684 -0.224105 0.563391
0.128658 -0.225510 0.563374
0.124835 -0.226667 0.562860
0.126363 -0.222223 0.568398
0.127455 -0.225645 0.563398
0.129571 -0.229545 0.567231
0.128912 -0.219627 0.571118
0.130467 -0.217440 0.562073
0.126802 -0.222070 0.561048
0.125795 -0.219616 0.566107
0.131389 -0.221182 0.571917
0.131255 -0.221455 0.570778
0.126597 -0.218082 0.568430
0.127169 -0.221673 0.565354
0.136074 -0.215982 0.573368
0.127563 -0.221623 0.571065
0.129135 -0.223803 0.571956
0.129596 -0.223003 0.571145
0.127698 -0.223847 0.570182
0.136632 -0.222411 0.573065
0.132890 -0.222818 0.572473
0.132188 -0.229027 0.572710
0.130998 -0.223673 0.570140
0.130447 -0.222775 0.571988
0.133623 -0.222112 0.573714
0.134104 -0.224562 0.573480
0.135945 -0.223323 0.576270
0.134562 -0.219784 0.572044
0.135497 -0.220298 0.573056
0.135405 -0.221778 0.575369
0.137982 -0.221777 0.575431
0.137993 -0.221701 0.584886
0.131134 -0.222345 0.576796
0.136009 -0.228788 0.577587
0.134573 -0.220784 0.574460
0.141514 -0.223065 0.576635
0.137615 -0.227259 0.575394
0.138630 -0.223924 0.579108
0.130438 -0.227102 0.574195
0.142167 -0.223603 0.583402
0.136645 -0.220085 0.578394
0.136266 -0.223637 0.580662
0.131879 -0.223289 0.578000
0.135987 -0.224127 0.580042
0.138009 -0.220104 0.584981
0.143601 -0.225229 0.581833
0.137769 -0.224554 0.584465
0.141113 -0.223476 0.583623
0.142854 -0.223517 0.586961
0.139466 -0.221634 0.589720
0.138095 -0.221892 0.588482
0.140340 -0.218982 0.592844
0.144359 -0.223012 0.583451
0.140988 -0.224428 0.584052
0.142706 -0.220848 0.581936
0.139179 -0.225823 0.589213
0.141992 -0.219986 0.587684
0.142568 -0.220698 0.588102
0.143771 -0.228090 0.591715
0.137321 -0.223860 0.589884
0.141768 -0.226903 0.589709
0.134950 -0.223591 0.588628
0.145934 -0.223834 0.588263
0.139467 -0.225494 0.590871
0.142261 -0.218223 0.587571
0.143439 -0.227162 0.590984
0.145122 -0.219429 0.594863
0.140229 -0.220184 0.597320
0.137927 -0.224613 0.593620
0.142832 -0.222033 0.593264
0.140234 -0.221408 0.592211
0.141753 -0.221564 0.596204
0.144908 -0.220211 0.597455
0.146892 -0.226838 0.596541
0.143097 -0.223536 0.596422
0.143644 -0.223858 0.602961
0.148497 -0.224225 0.600543
0.145152 -0.222102 0.597445
0.144218 -0.222320 0.596922
0.145319 -0.222278 0.602295
0.138905 -0.225097 0.590289
0.141485 -0.226220 0.601634
0.145643 -0.222564 0.603077
0.140585 -0.226521 0.604955
0.145562 -0.220719 0.600394
0.145627 -0.221072 0.609639
0.134723 -0.226487 0.604893
0.144755 -0.221924 0.602334
0.140570 -0.218033 0.606729
0.143487 -0.221655 0.608892
0.139481 -0.226290 0.604018
0.139319 -0.220298 0.606952
0.144468 -0.223569 0.603598
0.143484 -0.229072 0.601263
0.139143 -0.227044 0.606314
0.138651 -0.220982 0.606444
0.137051 -0.230278 0.612729
0.142746 -0.221729 0.606210
0.138819 -0.219053 0.604651
0.140364 -0.223041 0.606008
0.139863 -0.224651 0.607623
0.145955 -0.222911 0.612522
0.138635 -0.224711 0.608175
0.136419 -0.223052 0.606286
0.137484 -0.223085 0.611878
0.138477 -0.222637 0.615036
0.145026 -0.220359 0.611051
0.144376 -0.223910 0.611550
0.143314 -0.221941 0.614439
0.137821 -0.223844 0.614381
0.141721 -0.221364 0.608612
0.146686 -0.220627 0.611941
0.143360 -0.223379 0.613738
0.144586 -0.226303 0.612346
0.136926 -0.224698 0.625520
0.137998 -0.225965 0.616812
0.141393 -0.219189 0.614202
0.144829 -0.222389 0.614661
0.136461 -0.221487 0.617748
0.137293 -0.222469 0.625153
0.142696 -0.224396 0.616483
0.141141 -0.226100 0.613531
0.135010 -0.226932 0.614996
0.136895 -0.225407 0.618811
0.138420 -0.224627 0.615892
0.134303 -0.220492 0.617442
0.133443 -0.221785 0.618311
0.133778 -0.222293 0.621147
0.134669 -0.224286 0.625212
0.137093 -0.225125 0.621147
0.140610 -0.223699 0.623907
0.136506 -0.224524 0.623798
0.132482 -0.223783 0.627200
0.134573 -0.218367 0.624760
0.136343 -0.222585 0.621916
0.137724 -0.218708 0.625894
0.134252 -0.223676 0.626878
0.137144 -0.220227 0.626577
0.133707 -0.222519 0.625714
0.130107 -0.216878 0.624117
0.130152 -0.218678 0.628432
0.134308 -0.224544 0.627280
0.134686 -0.214660 0.629311
0.132443 -0.220954 0.628220
0.129353 -0.228319 0.629933
0.126989 -0.219400 0.627185
0.129570 -0.226631 0.625862
0.128591 -0.222199 0.627908
0.129682 -0.224779 0.631221
0.130954 -0.221762 0.626971
0.127030 -0.227113 0.632478
0.121127 -0.218636 0.629790
0.126711 -0.222662 0.630229
0.127212 -0.222057 0.633138
0.126359 -0.218393 0.627767
0.130125 -0.222421 0.628966
0.129766 -0.219238 0.627653
0.128594 -0.223467 0.633378
0.121419 -0.221332 0.636534
0.126895 -0.225211 0.632299
0.126620 -0.223766 0.629545
0.121716 -0.227641 0.634037
0.130369 -0.219191 0.633527
0.123840 -0.220362 0.636561
0.127839 -0.221839 0.633636
0.125428 -0.217883 0.635932
0.129446 -0.225740 0.634494
0.123555 -0.223424 0.638452
0.123407 -0.221121 0.640471
0.118468 -0.223947 0.642200
0.120602 -0.226299 0.633959
0.117709 -0.223573 0.637491
0.122165 -0.217486 0.562642
0.124028 -0.216421 0.559165
0.119040 -0.218356 0.560086
0.125661 -0.221558 0.561974
0.123266 -0.212780 0.560748
0.123126 -0.222010 0.566100
0.123234 -0.219963 0.566043
0.123368 -0.219685 0.566494
0.124371 -0.220546 0.562597
0.126145 -0.219391 0.565094
0.123393 -0.221234 0.562906
0.130973 -0.217909 0.572122
0.120924 -0.224544 0.567289
0.125911 -0.221177 0.564899
0.126082 -0.227500 0.574358
0.126243 -0.220395 0.570201
0.127115 -0.218752 0.569848
0.130364 -0.218098 0.571393
0.131820 -0.219219 0.570176
0.127390 -0.217129 0.565035
0.125179 -0.221802 0.570797
0.127994 -0.220451 0.573405
0.135029 -0.212918 0.573392
0.132547 -0.217800 0.567249
0.131388 -0.219672 0.574004
0.132901 -0.222126 0.570320
0.133236 -0.218831 0.569716
0.134486 -0.225006 0.573561
0.129634 -0.223874 0.571164
0.135836 -0.224237 0.571958
0.132700 -0.220927 0.571581
0.132623 -0.219011 0.577530
0.125094 -0.218869 0.576201
0.128349 -0.217756 0.576820
0.132667 -0.218887 0.572553
0.130460 -0.221273 0.572668
0.137244 -0.221553 0.577096
0.137403 -0.216093 0.575653
0.136557 -0.221994 0.572899
0.140077 -0.216444 0.573309
0.133014 -0.214522 0.577662
0.139387 -0.215159 0.576755
0.138886 -0.223103 0.577512
0.138789 -0.215482 0.578085
0.138269 -0.222112 0.581228
0.132999 -0.220674 0.578462
0.134370 -0.221437 0.578385
0.140226 -0.217752 0.580775
0.138695 -0.218475 0.577349
0.136847 -0.220310 0.582875
0.138997 -0.218009 0.577574
0.142992 -0.221554 0.578566
0.138579 -0.218862 0.581347
0.143052 -0.221328 0.580948
0.134902 -0.215809 0.581741
0.137864 -0.225136 0.580725
0.137634 -0.218589 0.586426
0.142716 -0.221954 0.584799
0.144122 -0.217812 0.587136
0.143659 -0.217995 0.585499
0.147603 -0.223947 0.586433
0.142291 -0.219150 0.586299
0.139351 -0.216193 0.581414
0.137268 -0.223659 0.585109
0.139128 -0.218461 0.590589
0.138420 -0.219422 0.594326
0.143374 -0.224258 0.590832
0.141458 -0.219347 0.590162
0.143830 -0.218619 0.592576
0.142525 -0.216818 0.591763
0.138987 -0.223939 0.596182
0.139103 -0.222746 0.594128
0.145101 -0.220045 0.595361
0.140277 -0.220650 0.587917
0.148067 -0.219148 0.594663
0.137288 -0.218011 0.587645
0.140163 -0.217435 0.597834
0.147077 -0.219532 0.590153
0.143496 -0.220748 0.596731
0.143893 -0.214159 0.596990
0.142105 -0.217984 0.594680
0.141186 -0.221127 0.595337
0.140754 -0.219285 0.592075
0.141215 -0.217673 0.594677
0.139574 -0.214089 0.595916
0.147886 -0.219679 0.599461
0.145304 -0.221379 0.596102
0.142931 -0.219649 0.601214
0.141267 -0.221449 0.600142
0.140464 -0.222232 0.600801
0.141478 -0.223484 0.602994
0.141961 -0.226226 0.598591
0.145589 -0.219537 0.599332
0.143219 -0.221569 0.600774
0.143666 -0.222440 0.607737
0.134722 -0.224232 0.605481
0.143456 -0.213959 0.605272
0.145816 -0.217525 0.603272
0.137037 -0.220398 0.605637
0.143116 -0.222295 0.607686
0.141048 -0.222502 0.605547
0.142056 -0.223062 0.602929
0.142668 -0.214268 0.598887
0.134881 -0.221678 0.605480
0.144393 -0.224414 0.608099
0.142922 -0.216854 0.605927
0.139431 -0.220243 0.606721
0.140240 -0.221007 0.610950
0.140922 -0.220076 0.611107
0.140778 -0.218784 0.605404
0.141743 -0.219327 0.608423
0.139745 -0.221929 0.614276
0.140843 -0.221533 0.609351
0.138262 -0.218833 0.612147
0.138532 -0.221668 0.612963
0.137369 -0.215191 0.613014
0.138995 -0.218803 0.607697
0.142071 -0.221320 0.616379
0.142883 -0.221874 0.618365
0.139228 -0.220379 0.617631
0.142791 -0.221396 0.615505
0.138017 -0.222281 0.613429
0.140726 -0.224891 0.616572
0.137006 -0.220400 0.619955
0.140462 -0.220682 0.622031
0.134283 -0.219465 0.620017
0.134830 -0.218203 0.616923
0.143364 -0.217026 0.619752
0.133871 -0.220417 0.623463
0.140463 -0.221715 0.618376
0.132569 -0.219261 0.616473
0.133382 -0.222585 0.622154
0.132793 -0.228020 0.626609
0.135770 -0.221016 0.617277
0.140299 -0.217634 0.623382
0.138025 -0.216982 0.622838
0.135842 -0.216643 0.622713
0.134496 -0.218612 0.616712
0.136274 -0.221663 0.618395
0.137290 -0.213754 0.627002
0.137113 -0.221949 0.619490
0.134007 -0.221691 0.624788
0.139883 -0.217186 0.625589
0.135626 -0.224187 0.627077
0.134736 -0.221813 0.625124
0.133284 -0.217834 0.624277
0.136949 -0.219494 0.624699
0.137474 -0.220095 0.626538
0.129835 -0.216106 0.626837
0.134313 -0.220448 0.628140
0.128534 -0.220970 0.623886
0.131065 -0.217416 0.626531
0.131438 -0.219047 0.633383
0.133757 -0.224489 0.632776
0.125965 -0.224060 0.629755
0.135278 -0.222037 0.625875
0.129281 -0.219203 0.633846
0.130119 -0.220852 0.628916
0.129930 -0.218276 0.627534
0.128595 -0.217499 0.637431
0.130207 -0.226344 0.629426
0.129627 -0.220745 0.634994
0.127262 -0.218129 0.633268
0.126304 -0.221283 0.631077
0.124029 -0.219601 0.630417
0.126902 -0.222918 0.637563
0.128077 -0.215617 0.631205
0.125029 -0.218275 0.634444
0.126669 -0.217309 0.635210
0.128766 -0.221281 0.637013
0.114483 -0.218747 0.633569
0.123094 -0.219767 0.634315
0.125278 -0.222730 0.633106
0.124845 -0.221255 0.633914
0.124867 -0.219114 0.633793
0.120568 -0.218119 0.637980
0.124323 -0.218177 0.635146
0.119634 -0.219926 0.635773
0.119755 -0.219009 0.645058
0.119682 -0.220766 0.638833
0.119022 -0.217627 0.561822
0.121408 -0.213963 0.564928
0.117790 -0.217339 0.560663
0.123370 -0.217852 0.567037
0.128565 -0.217290 0.564694
0.125540 -0.218424 0.560066
0.125089 -0.215489 0.559112
0.123815 -0.217948 0.563015
0.124529 -0.220737 0.561058
0.128512 -0.214613 0.565212
0.125550 -0.215568 0.565864
0.132566 -0.218167 0.567849
0.122659 -0.214611 0.571569
0.126276 -0.218707 0.561931
0.130138 -0.218465 0.567672
0.129300 -0.219200 0.567554
0.131604 -0.218875 0.566845
0.128091 -0.221160 0.566759
0.131038 -0.210419 0.565613
0.128956 -0.215308 0.567869
0.127352 -0.216987 0.567765
0.127055 -0.217059 0.569014
0.123174 -0.215961 0.569186
0.130414 -0.222245 0.575946
0.130594 -0.221127 0.573652
0.132778 -0.217954 0.574477
0.132894 -0.219300 0.569247
0.132831 -0.211480 0.570279
0.136083 -0.215823 0.569827
0.136195 -0.218986 0.571777
0.126319 -0.217308 0.575134
0.129179 -0.220869 0.577722
0.135137 -0.218518 0.573285
0.139239 -0.219825 0.576800
0.135459 -0.215234 0.574050
0.136464 -0.219048 0.574968
0.138500 -0.216787 0.575557
0.137395 -0.221198 0.569265
0.139156 -0.215345 0.577396
0.134004 -0.216097 0.578704
0.135328 -0.217960 0.574078
0.131339 -0.223575 0.575922
0.134727 -0.208972 0.575683
0.132933 -0.210723 0.575781
0.135574 -0.213383 0.581428
0.139906 -0.214281 0.576093
0.135226 -0.217637 0.581231
0.136665 -0.212981 0.580606
0.138721 -0.222787 0.580797
0.134881 -0.213478 0.580271
0.140401 -0.214136 0.579575
0.136319 -0.212916 0.585702
0.136296 -0.220910 0.584743
0.134577 -0.216226 0.576386
0.142344 -0.214942 0.581875
0.135609 -0.224456 0.583259
0.141509 -0.215405 0.580051
0.141885 -0.215058 0.579689
0.134747 -0.219009 0.588586
0.138145 -0.210803 0.589153
0.135189 -0.216824 0.595847
0.140396 -0.213902 0.587438
0.139756 -0.218254 0.587669
0.142044 -0.214230 0.589852
0.137564 -0.218856 0.590062
0.141495 -0.221830 0.585313
0.148285 -0.217154 0.587854
0.142332 -0.214643 0.584967
0.139262 -0.211429 0.586688
0.141664 -0.211766 0.589785
0.141366 -0.218833 0.588278
0.145115 -0.214355 0.591862
0.140321 -0.211159 0.596888
0.142387 -0.218637 0.588753
0.148840 -0.208310 0.590559
0.142676 -0.222210 0.590555
0.147938 -0.213751 0.596020
0.141219 -0.219261 0.593014
0.145681 -0.214959 0.596434
0.144321 -0.218378 0.595319
0.139638 -0.219364 0.596910
0.138443 -0.211620 0.596588
0.138393 -0.217915 0.593115
0.145384 -0.214439 0.597074
0.147587 -0.216013 0.596666
0.139792 -0.219799 0.599076
0.145080 -0.216425 0.599281
0.142809 -0.210987 0.599564
0.146158 -0.216705 0.596812
0.137917 -0.219484 0.601111
0.139555 -0.212919 0.599130
0.136920 -0.215734 0.599285
0.148187 -0.214190 0.598216
0.142752 -0.220594 0.597068
0.142217 -0.214700 0.600736
0.145887 -0.221805 0.604421
0.143123 -0.220805 0.604537
0.141402 -0.212722 0.599001
0.144318 -0.217169 0.608829
0.149997 -0.217445 0.603874
0.141880 -0.216553 0.608234
0.140423 -0.218608 0.605514
0.142006 -0.211970 0.604533
0.140128 -0.214571 0.608234
0.138792 -0.217430 0.602997
0.144046 -0.218870 0.605555
0.140392 -0.219157 0.608211
0.144164 -0.215548 0.614947
0.141830 -0.221465 0.608907
0.139472 -0.213574 0.608852
0.142238 -0.220618 0.607842
0.141471 -0.217436 0.610516
0.145826 -0.220167 0.607296
0.144751 -0.215747 0.609345
0.141827 -0.213603 0.609725
0.143324 -0.216831 0.616651
0.133797 -0.210739 0.612607
0.143809 -0.218141 0.614906
0.143461 -0.216037 0.612681
0.137795 -0.218475 0.616759
0.136926 -0.214186 0.614958
0.138948 -0.218399 0.613896
0.133367 -0.214450 0.614375
0.142955 -0.218667 0.613767
0.138887 -0.217525 0.613202
0.132726 -0.218890 0.615219
0.140737 -0.214108 0.614493
0.140768 -0.219428 0.615948
0.136921 -0.219022 0.620734
0.142671 -0.219409 0.620087
0.137756 -0.214863 0.617657
0.141340 -0.214323 0.621462
0.143566 -0.218387 0.620122
0.139251 -0.213191 0.620977
0.138900 -0.211868 0.620623
0.135892 -0.216055 0.614203
0.138145 -0.214625 0.627998
0.131984 -0.215329 0.623732
0.137977 -0.219865 0.613600
0.135732 -0.215494 0.624076
0.133272 -0.218794 0.623382
0.132200 -0.219134 0.624911
0.136403 -0.219612 0.619004
0.131375 -0.214231 0.623953
0.136221 -0.214442 0.628793
0.132806 -0.215935 0.628299
0.132252 -0.219229 0.629402
0.137786 -0.218889 0.628083
0.134287 -0.215622 0.625726
0.130109 -0.219856 0.630186
0.132288 -0.214563 0.622195
0.134932 -0.213425 0.628901
0.137845 -0.215654 0.628875
0.128474 -0.218228 0.630176
0.131932 -0.212796 0.627342
0.132107 -0.219068 0.628934
0.128368 -0.223002 0.632167
0.127150 -0.218990 0.630594
0.126032 -0.219194 0.622764
0.129082 -0.214449 0.629470
0.132075 -0.211971 0.633191
0.127460 -0.214209 0.633671
0.128453 -0.213013 0.633134
0.124055 -0.217138 0.632428
0.123589 -0.220698 0.632677
0.128343 -0.219457 0.634279
0.123584 -0.220086 0.635756
0.126532 -0.221886 0.628451
0.125895 -0.219093 0.631054
0.121063 -0.217260 0.640838
0.119939 -0.211488 0.631549
0.120807 -0.213910 0.633749
0.123174 -0.213105 0.640736
0.124749 -0.219709 0.631767
0.122835 -0.213490 0.636547
0.123582 -0.213154 0.628918
0.124987 -0.216292 0.635868
0.123167 -0.217381 0.632862
0.115471 -0.215474 0.632712
0.120793 -0.221610 0.636511
0.122519 -0.214251 0.564257
0.119304 -0.214562 0.563879
0.121989 -0.211633 0.563970
0.125380 -0.208078 0.565834
0.125786 -0.211879 0.561046
0.125916 -0.210344 0.561176
0.123269 -0.217588 0.565740
0.128671 -0.212470 0.562945
0.127865 -0.211355 0.565948
0.127489 -0.213598 0.568901
0.119089 -0.211349 0.563466
0.126917 -0.215311 0.561324
0.127714 -0.217004 0.559202
0.125836 -0.209026 0.572128
0.131538 -0.218706 0.566928
0.124332 -0.212409 0.561666
0.129554 -0.212425 0.571582
0.131697 -0.212709 0.563204
0.130137 -0.215008 0.568515
0.132328 -0.218814 0.567843
0.126136 -0.212354 0.570394
0.130466 -0.211776 0.566949
0.128038 -0.213294 0.570312
0.129837 -0.215856 0.569078
0.131028 -0.216481 0.567618
0.132345 -0.206168 0.571274
0.127855 -0.208234 0.572806
0.128460 -0.212149 0.572767
0.135014 -0.215813 0.575096
0.131045 -0.212156 0.568623
0.136260 -0.212343 0.570018
0.134160 -0.210854 0.575926
0.135708 -0.218684 0.570152
0.133214 -0.212506 0.570052
0.136963 -0.211666 0.568767
0.130314 -0.209516 0.569046
0.140585 -0.208136 0.571161
0.135785 -0.209979 0.571112
0.129061 -0.208589 0.574924
0.129890 -0.209913 0.579307
0.136575 -0.213490 0.573465
0.130413 -0.210968 0.578290
0.131316 -0.216123 0.574684
0.134536 -0.213668 0.581990
0.136390 -0.210024 0.578291
0.139448 -0.213783 0.581269
0.134461 -0.218579 0.582097
0.133052 -0.216828 0.583868
0.136168 -0.213097 0.580615
0.138975 -0.210284 0.579425
0.134786 -0.210351 0.580303
0.136327 -0.211381 0.583276
0.138745 -0.219680 0.587906
0.138148 -0.217629 0.583717
0.142524 -0.209729 0.583708
0.140199 -0.218737 0.574665
0.142751 -0.212586 0.584077
0.134368 -0.208199 0.581958
0.141766 -0.217635 0.577736
0.140108 -0.211744 0.581299
0.147061 -0.214935 0.589496
0.143256 -0.217657 0.587214
0.137408 -0.212598 0.585911
0.143221 -0.215434 0.588479
0.142699 -0.209734 0.584829
0.142720 -0.210857 0.591065
0.133539 -0.219012 0.582229
0.139118 -0.217129 0.587298
0.140054 -0.210055 0.591887
0.139410 -0.213768 0.584198
0.139199 -0.213917 0.588478
0.147116 -0.220965 0.588692
0.141193 -0.210722 0.592100
0.136168 -0.216286 0.592968
0.141800 -0.209912 0.593725
0.140900 -0.214354 0.594647
0.139510 -0.214108 0.596452
0.140406 -0.211886 0.585638
0.139358 -0.213262 0.595589
0.141363 -0.213106 0.591883
0.141663 -0.210937 0.592077
0.137767 -0.210241 0.600965
0.146273 -0.215253 0.595152
0.140794 -0.211559 0.598899
0.139915 -0.211342 0.598156
0.146635 -0.213660 0.598530
0.136890 -0.214487 0.599944
0.138401 -0.215692 0.598370
0.141209 -0.215997 0.597318
0.143873 -0.208915 0.602304
0.143189 -0.209051 0.595416
0.145726 -0.212872 0.600267
0.140351 -0.213171 0.602400
0.140278 -0.215982 0.602836
0.146878 -0.209668 0.605418
0.140235 -0.214581 0.601375
0.147931 -0.214484 0.606611
0.144635 -0.215656 0.604941
0.146283 -0.210986 0.604897
0.145447 -0.217276 0.603090
0.142226 -0.210832 0.608880
0.140183 -0.212848 0.609305
0.145466 -0.214871 0.603334
0.140807 -0.211931 0.599344
0.146064 -0.213655 0.610202
0.146173 -0.214276 0.603150
0.136522 -0.208051 0.606071
0.141391 -0.217175 0.606961
0.142223 -0.211490 0.608953
0.138199 -0.213726 0.608641
0.144811 -0.214861 0.606220
0.142266 -0.215812 0.614397
0.144869 -0.214199 0.609743
0.142759 -0.217967 0.614560
0.144638 -0.212336 0.612202
0.138603 -0.215615 0.613567
0.141322 -0.214775 0.615937
0.139144 -0.210071 0.610397
0.141086 -0.211116 0.616847
0.139045 -0.212865 0.614705
0.143117 -0.215648 0.614153
0.134240 -0.208042 0.615849
0.138400 -0.213332 0.618055
0.138267 -0.212175 0.611857
0.135222 -0.209474 0.616787
0.133973 -0.212690 0.619428
0.143310 -0.215354 0.618071
0.135965 -0.218108 0.614990
0.138018 -0.214633 0.617647
0.136431 -0.212409 0.625605
0.139433 -0.209985 0.625253
0.133324 -0.216704 0.617307
0.133372 -0.209759 0.616608
0.135016 -0.210130 0.618094
0.137579 -0.210521 0.619093
0.140144 -0.211002 0.622814
0.135889 -0.215888 0.627795
0.134365 -0.213755 0.622046
0.135323 -0.211250 0.620490
0.135457 -0.210057 0.620017
0.135174 -0.216755 0.623214
0.135693 -0.215487 0.629749
0.130432 -0.209453 0.623990
0.135365 -0.215933 0.626690
0.135397 -0.217905 0.624763
0.133119 -0.210429 0.621979
0.135735 -0.211984 0.630657
0.129206 -0.210052 0.618355
0.128966 -0.213956 0.623336
0.134809 -0.214520 0.627454
0.132099 -0.210901 0.625445
0.134987 -0.213574 0.629264
0.133429 -0.211433 0.625991
0.129594 -0.214748 0.629441
0.131535 -0.219496 0.622859
0.132881 -0.216424 0.630782
0.127835 -0.211822 0.630592
0.126694 -0.209472 0.633691
0.131172 -0.218442 0.628262
0.130622 -0.210152 0.628359
0.121085 -0.216064 0.633167
0.125999 -0.208649 0.630538
0.132936 -0.216427 0.631708
0.129967 -0.215654 0.642527
0.131002 -0.214244 0.633966
0.125917 -0.213588 0.636771
0.127129 -0.207891 0.632957
0.128824 -0.211108 0.636998
0.124802 -0.211601 0.634993
0.121011 -0.210486 0.634989
0.122603 -0.210860 0.637167
0.123317 -0.211489 0.638841
0.125249 -0.212754 0.634406
0.120938 -0.209831 0.634786
0.120574 -0.221688 0.635422
0.120912 -0.213649 0.635739
0.121791 -0.211739 0.638940
0.120754 -0.212058 0.634626
0.124017 -0.213677 0.635734
0.122115 -0.212932 0.634973
0.121939 -0.207534 0.562950
0.119936 -0.206093 0.563628
0.119528 -0.212365 0.563032
0.125904 -0.205972 0.566020
0.119312 -0.210733 0.568103
0.125804 -0.208873 0.566900
0.122973 -0.208497 0.566247
0.121808 -0.206541 0.563985
0.126619 -0.212464 0.569690
0.131624 -0.211164 0.567766
0.122688 -0.203915 0.562041
0.124860 -0.211053 0.571382
0.123137 -0.208470 0.569805
0.127516 -0.210898 0.567768
0.125491 -0.207605 0.568881
0.128045 -0.206795 0.566202
0.126852 -0.208840 0.569428
0.126771 -0.207881 0.569949
0.128667 -0.210028 0.567022
0.132722 -0.211809 0.573596
0.128215 -0.214009 0.571068
0.129985 -0.210972 0.569016
0.129202 -0.207619 0.566303
0.127199 -0.206026 0.571705
0.129984 -0.205160 0.568965
0.137115 -0.211764 0.571723
0.131960 -0.205190 0.573094
0.133121 -0.207651 0.574502
0.135094 -0.211356 0.570488
0.133033 -0.214276 0.567353
0.133504 -0.208393 0.571626
0.130559 -0.212284 0.573649
0.138314 -0.210713 0.574679
0.133205 -0.210435 0.576172
0.129144 -0.211309 0.575188
0.134387 -0.214376 0.579770
0.141543 -0.211463 0.577827
0.136078 -0.209337 0.571486
0.137071 -0.208575 0.573106
0.138173 -0.211466 0.579589
0.135948 -0.210890 0.582874
0.140055 -0.207488 0.574459
0.134954 -0.207908 0.575993
0.134419 -0.208272 0.578875
0.132763 -0.207110 0.578527
0.143001 -0.209705 0.578470
0.134969 -0.207716 0.578281
0.137681 -0.206408 0.583879
0.138358 -0.210375 0.579764
0.134750 -0.205534 0.582487
0.134177 -0.213132 0.579120
0.142985 -0.213742 0.581206
0.138912 -0.212787 0.581021
0.143183 -0.206141 0.578094
0.140072 -0.209621 0.586126
0.135438 -0.209361 0.585336
0.135956 -0.209750 0.583555
0.140670 -0.211408 0.591956
0.141567 -0.212769 0.582295
0.136529 -0.209310 0.585300
0.142142 -0.208673 0.583581
0.138799 -0.207850 0.588293
0.136473 -0.211093 0.589000
0.138593 -0.209241 0.584469
0.143992 -0.210514 0.586136
0.142147 -0.209980 0.588867
0.144647 -0.209512 0.588828
0.145661 -0.209882 0.588495
0.144028 -0.213079 0.593123
0.140988 -0.211387 0.588712
0.139373 -0.207352 0.588728
0.135425 -0.211473 0.592929
0.140925 -0.211481 0.588163
0.145105 -0.211304 0.593592
0.135797 -0.210482 0.589651
0.141017 -0.209188 0.591495
0.143064 -0.206281 0.593567
0.138543 -0.206715 0.591690
0.142026 -0.206433 0.594606
0.141687 -0.210251 0.591106
0.140942 -0.213293 0.596537
0.140868 -0.209641 0.598868
0.144723 -0.208707 0.598733
0.144481 -0.209614 0.598645
0.146523 -0.210380 0.598014
0.137700 -0.212099 0.598083
0.141199 -0.208900 0.597400
0.141927 -0.209751 0.596899
0.144486 -0.211740 0.599382
0.146254 -0.209212 0.597918
0.140956 -0.207898 0.602241
0.140411 -0.211451 0.606677
0.139971 -0.205076 0.601809
0.140560 -0.210312 0.600676
0.141374 -0.208467 0.597164
0.145560 -0.208232 0.600330
0.137703 -0.204566 0.598460
0.143232 -0.207936 0.600114
0.145845 -0.214219 0.598899
0.138446 -0.212108 0.608833
0.138488 -0.203965 0.605715
0.145084 -0.208068 0.603408
0.141112 -0.208247 0.607417
0.147901 -0.212357 0.602607
0.138160 -0.213601 0.606580
0.142729 -0.203790 0.607940
0.139799 -0.209216 0.614110
0.140028 -0.212259 0.610047
0.143639 -0.207421 0.610961
0.144379 -0.204105 0.615150
0.144368 -0.208437 0.607643
0.139272 -0.213715 0.608843
0.141486 -0.207084 0.607442
0.144980 -0.210176 0.605908
0.141732 -0.212411 0.609349
0.140374 -0.212967 0.612606
0.140940 -0.206272 0.610093
0.136617 -0.201912 0.611526
0.144120 -0.210035 0.612760
0.146406 -0.207026 0.613048
0.139070 -0.207390 0.614382
0.141271 -0.210558 0.614879
0.140276 -0.210095 0.611704
0.139611 -0.212522 0.615064
0.137724 -0.212758 0.622410
0.134347 -0.206008 0.613394
0.137194 -0.206947 0.617650
0.139077 -0.203874 0.620027
0.142007 -0.208968 0.618729
0.138165 -0.204662 0.609515
0.139029 -0.208038 0.614328
0.138282 -0.210302 0.616936
0.137941 -0.213000 0.624670
0.133225 -0.213203 0.619342
0.136779 -0.207674 0.622011
0.136790 -0.217403 0.620187
0.136053 -0.206792 0.618835
0.137227 -0.210823 0.619967
0.135720 -0.210291 0.623179
0.135302 -0.206940 0.625648
0.132052 -0.205071 0.627771
0.137577 -0.209028 0.629878
0.133629 -0.208829 0.621664
0.135046 -0.206007 0.623672
0.136602 -0.212387 0.626901
0.138863 -0.210251 0.625487
0.136922 -0.206453 0.625999
0.134019 -0.209398 0.629413
0.134962 -0.208643 0.624767
0.128204 -0.215167 0.628585
0.141513 -0.207653 0.630453
0.131865 -0.208284 0.624972
0.132020 -0.213050 0.630263
0.127658 -0.206439 0.628841
0.133125 -0.208212 0.625018
0.126930 -0.206266 0.630874
0.132901 -0.203159 0.632118
0.134978 -0.209862 0.628445
0.130349 -0.209015 0.631682
0.131810 -0.206809 0.634953
0.127852 -0.211334 0.632821
0.131153 -0.208414 0.632621
0.133986 -0.207846 0.628968
0.126426 -0.204403 0.634975
0.123336 -0.212063 0.633839
0.126107 -0.207969 0.629776
0.126648 -0.208532 0.635203
0.126646 -0.209555 0.633384
0.127582 -0.207383 0.631868
0.123276 -0.209100 0.630960
0.124366 -0.202348 0.635973
0.123301 -0.211021 0.632717
0.121106 -0.210335 0.637215
0.126685 -0.207107 0.629380
0.124179 -0.211833 0.635977
0.122721 -0.210600 0.632055
0.122225 -0.209663 0.637471
0.122252 -0.212314 0.640774
0.126562 -0.210501 0.632607
0.128204 -0.204678 0.639098
0.116555 -0.201041 0.566520
0.119813 -0.213393 0.567830
0.120295 -0.205761 0.565813
0.125993 -0.206787 0.566043
0.123996 -0.206572 0.566023
0.122854 -0.206730 0.564153
0.119221 -0.208083 0.561472
0.126330 -0.210787 0.570878
0.125118 -0.206290 0.561520
0.123501 -0.201279 0.565817
0.120601 -0.203641 0.570883
0.124386 -0.206381 0.570878
0.118906 -0.202516 0.564555
0.127830 -0.202487 0.569330
0.128606 -0.202292 0.565220
0.127949 -0.208447 0.568538
0.126304 -0.209016 0.565004
0.130985 -0.211524 0.564054
0.122808 -0.210034 0.562712
0.124674 -0.210017 0.573203
0.129182 -0.208918 0.563096
0.127019 -0.202384 0.567951
0.132194 -0.205509 0.569672
0.129139 -0.206995 0.568740
0.128179 -0.206403 0.573288
0.132333 -0.211149 0.572371
0.132177 -0.208191 0.573570
0.133229 -0.200863 0.564921
0.133944 -0.209758 0.572146
0.133614 -0.202013 0.572751
0.129958 -0.204012 0.574063
0.136197 -0.214531 0.573072
0.124025 -0.205650 0.573178
0.130816 -0.205186 0.574294
0.136861 -0.202129 0.574426
0.133341 -0.208712 0.578259
0.134036 -0.207056 0.576827
0.132783 -0.207066 0.575365
0.137789 -0.209537 0.572215
0.133275 -0.208491 0.573768
0.137633 -0.207905 0.582023
0.138587 -0.206291 0.576646
0.138018 -0.199135 0.578763
0.133363 -0.206221 0.588052
0.133714 -0.207213 0.578470
0.135106 -0.202261 0.576792
0.136706 -0.204768 0.580916
0.136544 -0.205865 0.579386
0.127180 -0.204083 0.580713
0.137268 -0.203571 0.575108
0.141762 -0.208067 0.578064
0.135059 -0.205175 0.579480
0.140594 -0.210590 0.585504
0.137961 -0.200785 0.583575
0.137527 -0.207076 0.577052
0.138261 -0.210101 0.581216
0.145648 -0.209508 0.585404
0.140984 -0.207201 0.583807
0.137539 -0.200807 0.586315
0.142896 -0.211670 0.584584
0.136563 -0.202963 0.584659
0.137715 -0.206029 0.586497
0.139952 -0.201470 0.589459
0.141018 -0.204450 0.585880
0.136276 -0.206370 0.580225
0.143493 -0.207623 0.582104
0.141187 -0.198194 0.586303
0.140542 -0.204831 0.585257
0.145753 -0.207435 0.590383
0.143840 -0.206629 0.592057
0.136592 -0.210510 0.590957
0.139396 -0.208146 0.590862
0.143472 -0.202227 0.597208
0.146096 -0.203270 0.589365
0.139190 -0.209881 0.591162
0.142759 -0.199945 0.590785
0.144098 -0.207683 0.593310
0.136820 -0.198637 0.594735
0.142266 -0.205818 0.590160
0.145051 -0.204826 0.597836
0.147462 -0.203479 0.594132
0.141716 -0.210276 0.603353
0.138437 -0.202097 0.593914
0.143569 -0.205891 0.594153
0.145629 -0.203545 0.598072
0.145520 -0.200419 0.594682
0.141335 -0.209981 0.596293
0.141936 -0.206719 0.599320
0.147844 -0.203194 0.598393
0.144502 -0.207648 0.603056
0.141484 -0.206362 0.596243
0.141182 -0.199893 0.593187
0.142352 -0.208034 0.599713
0.146425 -0.208473 0.597070
0.141836 -0.206611 0.604227
0.146700 -0.204004 0.605335
0.140367 -0.208885 0.604069
0.143966 -0.203724 0.605279
0.140555 -0.208403 0.607873
0.144897 -0.211966 0.606251
0.143457 -0.208738 0.601347
0.144662 -0.204902 0.601503
0.141810 -0.202599 0.604841
0.147078 -0.210439 0.610651
0.141174 -0.209172 0.606190
0.144417 -0.210203 0.611069
0.143790 -0.213470 0.608999
0.145280 -0.208490 0.600479
0.143980 -0.203035 0.613800
0.138389 -0.209551 0.607805
0.145128 -0.209245 0.610239
0.135967 -0.201709 0.610471
0.141353 -0.195779 0.614225
0.142664 -0.206216 0.610925
0.136056 -0.203488 0.611301
0.139990 -0.211141 0.616363
0.140941 -0.205677 0.611457
0.142077 -0.203448 0.615298
0.136852 -0.211662 0.613544
0.141517 -0.213996 0.611459
0.138140 -0.206145 0.618266
0.138286 -0.203459 0.614269
0.142421 -0.208284 0.615688
0.141952 -0.206300 0.608711
0.138007 -0.204884 0.616705
0.135395 -0.207940 0.619265
0.141332 -0.204875 0.615314
0.135461 -0.199699 0.614461
0.141843 -0.205920 0.620180
0.139104 -0.207135 0.620851
0.134780 -0.207438 0.619887
0.129405 -0.202138 0.619181
0.136332 -0.209657 0.619477
0.132510 -0.209710 0.618280
0.136627 -0.206652 0.618742
0.134757 -0.204663 0.618993
0.140761 -0.204494 0.619721
0.131658 -0.206141 0.625376
0.135971 -0.206187 0.617992
0.137801 -0.209882 0.627797
0.135188 -0.201426 0.625518
0.128721 -0.206731 0.625695
0.138893 -0.206862 0.625844
0.129039 -0.205829 0.624057
0.135838 -0.206692 0.624393
0.133261 -0.204449 0.629926
0.136174 -0.202949 0.622874
0.128727 -0.209726 0.623046
0.134429 -0.206750 0.625854
0.139490 -0.207179 0.629904
0.132360 -0.209683 0.622343
0.130015 -0.205024 0.629556
0.135472 -0.204643 0.634077
0.129080 -0.208405 0.631169
0.130489 -0.202908 0.634078
0.131802 -0.207243 0.621843
0.129512 -0.205274 0.625727
0.131297 -0.205389 0.630815
0.132511 -0.201397 0.627423
0.128799 -0.205148 0.635806
0.129193 -0.204133 0.631695
0.129275 -0.205322 0.635216
0.129906 -0.203217 0.632408
0.126987 -0.206285 0.635379
0.127789 -0.210830 0.634058
0.123468 -0.213045 0.632571
0.131844 -0.203588 0.635038
0.123645 -0.209608 0.630221
0.124517 -0.208575 0.633984
0.126031 -0.209079 0.635600
0.118186 -0.208127 0.632578
0.122178 -0.206994 0.633826
0.124859 -0.205118 0.629501
0.126458 -0.204962 0.638967
0.127737 -0.200878 0.639467
0.122919 -0.201681 0.635919
0.121494 -0.205857 0.641725
0.125483 -0.205590 0.636494
0.119111 -0.203280 0.625562
0.121687 -0.207166 0.635003
0.123990 -0.203675 0.567900
0.117896 -0.196260 0.561718
0.124386 -0.204514 0.561970
0.122707 -0.200524 0.562424
0.120794 -0.204458 0.560203
0.119473 -0.202310 0.567049
0.126214 -0.203072 0.565333
0.116413 -0.205471 0.563619
0.125818 -0.201590 0.564944
0.125047 -0.196215 0.562950
0.125577 -0.204294 0.563861
0.124754 -0.202463 0.563888
0.131854 -0.203444 0.565949
0.131303 -0.198195 0.570798
0.130444 -0.208591 0.565482
0.126442 -0.205220 0.571967
0.130601 -0.205589 0.563472
0.123152 -0.206822 0.568464
0.130247 -0.204710 0.572949
0.128060 -0.201731 0.565166
0.128188 -0.206915 0.569096
0.131933 -0.203566 0.568944
0.133428 -0.204271 0.573121
0.131168 -0.204933 0.567421
0.131167 -0.200075 0.569828
0.126921 -0.204559 0.573684
0.132218 -0.203618 0.570978
0.137670 -0.211006 0.567644
0.135225 -0.200903 0.573209
0.129734 -0.200107 0.569889
0.130773 -0.205691 0.574382
0.129081 -0.201239 0.571330
0.135185 -0.204332 0.578441
0.132535 -0.203310 0.572150
0.131983 -0.203162 0.574662
0.129145 -0.205195 0.574883
0.131953 -0.203125 0.577506
0.137347 -0.199215 0.577118
0.139153 -0.207900 0.573880
0.132218 -0.204780 0.578453
0.135187 -0.208924 0.582360
0.138442 -0.202757 0.575565
0.133091 -0.206387 0.573850
0.138335 -0.207718 0.579762
0.140313 -0.203188 0.581999
0.138912 -0.202932 0.578697
0.142287 -0.197407 0.575404
0.137709 -0.207751 0.578496
0.141399 -0.202259 0.577960
0.140154 -0.200718 0.582499
0.141001 -0.202032 0.581836
0.139823 -0.200864 0.588991
0.135168 -0.205792 0.579032
0.132986 -0.206031 0.578602
0.140974 -0.200177 0.578315
0.138434 -0.207263 0.580752
0.139575 -0.204034 0.582677
0.143381 -0.201824 0.581547
0.136747 -0.207805 0.583880
0.143508 -0.199954 0.583958
0.136261 -0.204900 0.580736
0.132013 -0.211043 0.586060
0.137473 -0.208112 0.588403
0.142247 -0.199119 0.586717
0.138067 -0.201094 0.583698
0.139165 -0.199803 0.584072
0.140707 -0.204487 0.584147
0.145842 -0.207052 0.586311
0.140352 -0.200048 0.590203
0.138507 -0.205878 0.591687
0.140736 -0.203787 0.590079
0.142021 -0.203999 0.594343
0.147504 -0.205825 0.589898
0.143806 -0.201960 0.590118
0.138810 -0.205122 0.594147
0.144312 -0.205944 0.593414
0.138269 -0.199422 0.591971
0.140130 -0.206138 0.595281
0.144810 -0.207262 0.597495
0.139512 -0.204296 0.592267
0.145016 -0.197234 0.592946
0.145176 -0.203814 0.600855
0.143005 -0.204620 0.600975
0.142870 -0.201721 0.599563
0.141132 -0.201788 0.598568
0.143573 -0.208243 0.597612
0.145010 -0.200404 0.596845
0.142724 -0.204699 0.596889
0.138664 -0.202527 0.601453
0.142987 -0.200626 0.600232
0.143474 -0.202618 0.600858
0.139163 -0.203633 0.597545
0.138925 -0.197112 0.598746
0.139203 -0.214371 0.601273
0.142339 -0.209352 0.601441
0.143857 -0.206347 0.605390
0.141898 -0.201539 0.600580
0.142498 -0.201344 0.605964
0.140365 -0.204562 0.607637
0.140361 -0.204658 0.604453
0.138947 -0.199698 0.600473
0.139788 -0.201467 0.605435
0.138733 -0.200971 0.607369
0.142242 -0.205643 0.607592
0.135792 -0.200375 0.609050
0.136251 -0.207489 0.604652
0.141279 -0.198266 0.607161
0.145220 -0.201568 0.608229
0.138330 -0.200096 0.610572
0.137069 -0.205088 0.613163
0.138729 -0.200114 0.611051
0.142277 -0.203957 0.610654
0.144779 -0.200852 0.602345
0.138192 -0.199584 0.607424
0.139229 -0.205408 0.615648
0.137406 -0.201178 0.614048
0.145679 -0.201211 0.613401
0.141327 -0.202994 0.613095
0.142837 -0.208814 0.610403
0.141177 -0.198226 0.614601
0.138626 -0.203848 0.610552
0.140504 -0.199674 0.617502
0.140983 -0.199270 0.615242
0.140980 -0.202507 0.613327
0.138232 -0.203040 0.621202
0.139745 -0.202386 0.621370
0.134155 -0.207601 0.617522
0.139945 -0.201976 0.619629
0.139341 -0.209985 0.618201
0.134955 -0.200325 0.621289
0.134608 -0.204105 0.616187
0.142740 -0.201596 0.624365
0.140592 -0.203029 0.621039
0.133499 -0.202954 0.619969
0.134250 -0.207860 0.622541
0.133766 -0.212949 0.620360
0.139510 -0.199767 0.622996
0.134205 -0.203002 0.623573
0.132979 -0.205738 0.620452
0.134798 -0.203651 0.620596
0.136123 -0.202610 0.625965
0.130640 -0.198894 0.617097
0.134816 -0.201396 0.627265
0.136155 -0.196911 0.623967
0.129332 -0.210514 0.623839
0.132804 -0.207422 0.628030
0.136402 -0.202593 0.626298
0.129145 -0.201609 0.629775
0.131574 -0.203919 0.623494
0.134161 -0.205767 0.628055
0.128803 -0.204310 0.628626
0.130943 -0.202879 0.626514
0.127307 -0.200439 0.622513
0.129938 -0.201112 0.627593
0.131745 -0.206434 0.630513
0.134288 -0.202420 0.625324
0.127823 -0.198188 0.631808
0.128624 -0.204518 0.630611
0.129522 -0.200572 0.631487
0.130734 -0.198034 0.629629
0.124594 -0.204571 0.634536
0.128515 -0.203969 0.630570
0.122097 -0.203060 0.628366
0.132476 -0.205844 0.629087
0.125470 -0.200910 0.628992
0.127181 -0.206024 0.639991
0.129115 -0.203341 0.632150
0.127154 -0.207381 0.633984
0.130356 -0.207444 0.629739
0.121350 -0.202219 0.632221
0.125354 -0.198999 0.635469
0.123419 -0.199459 0.630528
0.122496 -0.200420 0.634761
0.129786 -0.207651 0.632013
0.123302 -0.202712 0.638342
0.124185 -0.200674 0.637670
0.119127 -0.203769 0.634492
0.128378 -0.202524 0.639450
0.121099 -0.202116 0.638246
0.118995 -0.204772 0.638073
0.122636 -0.196184 0.561594
0.124192 -0.196421 0.562284
0.119798 -0.201663 0.564839
0.116324 -0.195265 0.557552
0.120316 -0.200925 0.564025
0.121077 -0.203893 0.563158
0.128653 -0.200121 0.567650
0.121088 -0.198046 0.569931
0.125190 -0.202692 0.568699
0.128834 -0.196254 0.564624
0.124968 -0.200653 0.564343
0.118570 -0.197711 0.565849
0.121186 -0.197649 0.561458
0.127861 -0.197448 0.571021
0.122254 -0.200134 0.568350
0.124526 -0.197267 0.565701
0.131025 -0.199150 0.570730
0.129673 -0.201467 0.568826
0.129886 -0.198407 0.571399
0.130296 -0.196530 0.566682
0.133236 -0.198002 0.567903
0.129820 -0.202366 0.567375
0.132542 -0.196467 0.569050
0.124304 -0.202525 0.572252
0.131821 -0.198195 0.567051
0.129926 -0.198597 0.572341
0.129962 -0.200171 0.572245
0.129350 -0.202495 0.573559
0.132188 -0.203342 0.575533
0.136912 -0.197845 0.571644
0.133024 -0.198154 0.571271
0.134042 -0.202039 0.572809
0.129150 -0.201224 0.572360
0.127231 -0.199423 0.574772
0.135862 -0.197913 0.574303
0.130478 -0.195939 0.573801
0.128892 -0.202407 0.574381
0.135639 -0.199274 0.579565
0.130338 -0.200318 0.571617
0.131784 -0.196611 0.576278
0.140906 -0.195859 0.579338
0.137917 -0.201887 0.575363
0.135220 -0.201542 0.577159
0.141709 -0.198413 0.577036
0.135141 -0.199071 0.582447
0.137249 -0.200591 0.583184
0.136121 -0.202266 0.577487
0.135833 -0.202133 0.580254
0.142533 -0.199994 0.575052
0.139058 -0.197583 0.578355
0.135402 -0.197186 0.587379
0.136847 -0.193458 0.586327
0.139744 -0.200579 0.576378
0.139469 -0.202460 0.586064
0.137794 -0.196320 0.580953
0.141004 -0.200732 0.585875
0.135525 -0.201366 0.581370
0.139164 -0.192713 0.585074
0.138616 -0.202023 0.591773
0.146243 -0.199451 0.581689
0.134152 -0.196491 0.589840
0.137451 -0.199544 0.587292
0.142295 -0.202654 0.584923
0.138451 -0.203737 0.588195
0.138803 -0.195063 0.588750
0.139509 -0.199981 0.586618
0.148771 -0.200196 0.585782
0.139984 -0.201133 0.586395
0.143055 -0.198594 0.590031
0.144153 -0.196360 0.588677
0.144892 -0.198261 0.590090
0.142815 -0.199358 0.587289
0.141039 -0.204627 0.592960
0.138341 -0.199155 0.592333
0.138902 -0.196372 0.590692
0.142539 -0.201886 0.595472
0.146669 -0.198035 0.595055
0.139970 -0.198492 0.592815
0.146594 -0.201351 0.596085
0.142903 -0.195072 0.596858
0.136467 -0.195415 0.592453
0.144770 -0.204537 0.595883
0.144077 -0.207026 0.591699
0.149324 -0.200299 0.602352
0.143014 -0.201316 0.595942
0.141411 -0.199896 0.599509
0.142478 -0.195568 0.598270
0.139969 -0.198059 0.597770
0.145682 -0.198781 0.597577
0.143766 -0.201579 0.599677
0.139071 -0.192886 0.599368
0.139265 -0.206290 0.605021
0.147285 -0.198592 0.598929
0.143021 -0.201241 0.599072
0.143904 -0.197461 0.599734
0.145382 -0.201003 0.593464
0.138313 -0.197488 0.603748
0.145049 -0.197911 0.607884
0.139235 -0.196908 0.610281
0.141029 -0.203295 0.604433
0.143588 -0.197433 0.606903
0.151380 -0.202051 0.603470
0.144215 -0.201120 0.604842
0.142307 -0.194633 0.604852
0.137703 -0.198355 0.608598
0.146479 -0.199522 0.607374
0.140812 -0.199688 0.605473
0.141505 -0.203242 0.610485
0.141266 -0.198592 0.607134
0.141336 -0.201222 0.615050
0.142965 -0.200227 0.611699
0.143170 -0.199071 0.606849
0.146565 -0.199655 0.609869
0.139581 -0.197117 0.610537
0.142407 -0.198703 0.613540
0.143703 -0.201194 0.607458
0.139070 -0.198955 0.614353
0.141655 -0.202526 0.612132
0.139220 -0.204325 0.608754
0.143943 -0.203216 0.613986
0.137681 -0.199849 0.614287
0.137373 -0.203627 0.614488
0.147381 -0.197658 0.613883
0.141529 -0.195694 0.613550
0.138876 -0.197874 0.615922
0.137558 -0.197527 0.616672
0.137702 -0.200592 0.618660
0.141064 -0.200927 0.621800
0.130254 -0.199323 0.620505
0.143586 -0.195198 0.613572
0.137369 -0.199240 0.615347
0.133608 -0.202023 0.617889
0.138562 -0.199112 0.615358
0.134542 -0.204773 0.624600
0.135307 -0.200575 0.621175
0.134985 -0.195700 0.622803
0.138704 -0.200316 0.623674
0.133941 -0.197526 0.622856
0.138627 -0.201367 0.623209
0.128228 -0.203906 0.623336
0.132306 -0.199966 0.629229
0.132510 -0.196728 0.621674
0.134516 -0.198238 0.623512
0.132715 -0.196780 0.628769
0.130186 -0.201194 0.626459
0.138224 -0.193230 0.625096
0.136837 -0.195637 0.624288
0.133185 -0.201041 0.628598
0.132300 -0.197831 0.624567
0.129300 -0.198932 0.626877
0.137100 -0.197680 0.631814
0.134483 -0.196742 0.621532
0.129229 -0.201921 0.628069
0.131956 -0.197143 0.629282
0.124052 -0.194556 0.629032
0.131547 -0.200551 0.632341
0.132367 -0.203112 0.628937
0.131970 -0.197383 0.634031
0.128850 -0.198500 0.630379
0.129868 -0.200665 0.634094
0.125967 -0.198835 0.628319
0.130345 -0.198935 0.639380
0.126621 -0.193088 0.630959
0.130212 -0.197416 0.628873
0.127939 -0.196210 0.629147
0.131069 -0.203783 0.634353
0.124201 -0.201789 0.635540
0.128992 -0.197505 0.632541
0.127288 -0.199933 0.636649
0.119939 -0.198816 0.637719
0.123887 -0.200897 0.631391
0.124831 -0.200498 0.637019
0.120780 -0.198578 0.633049
0.119374 -0.202761 0.629745
0.116252 -0.201777 0.641770
0.120490 -0.198746 0.634363
0.118762 -0.198613 0.631121
0.125233 -0.202495 0.641319
0.124266 -0.198773 0.636180
0.120346 -0.200118 0.637747
0.122989 -0.195506 0.562098
0.122578 -0.198065 0.566782
0.120161 -0.193610 0.561998
0.124134 -0.195800 0.564989
0.126155 -0.196941 0.562037
0.123256 -0.192628 0.570968
0.122469 -0.201978 0.562225
0.127267 -0.194078 0.569684
0.127416 -0.190353 0.568798
0.127089 -0.189893 0.567124
0.126338 -0.192545 0.562330
0.124293 -0.197637 0.567468
0.127074 -0.200589 0.570484
0.128552 -0.203451 0.568524
0.124100 -0.199806 0.564207
0.133386 -0.198244 0.569792
0.128643 -0.188719 0.568906
0.126470 -0.193141 0.573028
0.129088 -0.192967 0.565771
0.125070 -0.192826 0.568815
0.131007 -0.197708 0.566425
0.128315 -0.197485 0.568594
0.128686 -0.198290 0.571234
0.127517 -0.203806 0.570436
0.134478 -0.193321 0.572790
0.129510 -0.199295 0.566264
0.131173 -0.196593 0.574103
0.136030 -0.199970 0.570562
0.129700 -0.195022 0.573342
0.131778 -0.194016 0.570183
0.136947 -0.193312 0.576452
0.136520 -0.196056 0.566367
0.139998 -0.200017 0.571895
0.138218 -0.195622 0.574401
0.137492 -0.201853 0.576703
0.129054 -0.197242 0.579036
0.135675 -0.195082 0.571471
0.135404 -0.198249 0.573522
0.138499 -0.196423 0.577192
0.134020 -0.193236 0.571428
0.131826 -0.196867 0.571875
0.136441 -0.194814 0.576529
0.137025 -0.195962 0.584713
0.138141 -0.200911 0.580209
0.132057 -0.192167 0.583242
0.132175 -0.196452 0.576949
0.135641 -0.198509 0.581016
0.138125 -0.198421 0.572391
0.137127 -0.198424 0.586258
0.137414 -0.194735 0.578266
0.130877 -0.196803 0.575623
0.141747 -0.194885 0.586781
0.137072 -0.196748 0.587234
0.140150 -0.195700 0.582985
0.137361 -0.199029 0.582611
0.137322 -0.199707 0.581274
0.137452 -0.200514 0.583394
0.141745 -0.199061 0.584954
0.138079 -0.198615 0.584861
0.134921 -0.195144 0.583503
0.138389 -0.196111 0.590519
0.139447 -0.194579 0.584243
0.136963 -0.196980 0.588699
0.141542 -0.196895 0.591155
0.140614 -0.191452 0.585181
0.140595 -0.197143 0.587891
0.142005 -0.195125 0.586064
0.136803 -0.198199 0.587197
0.140677 -0.195578 0.588355
0.143823 -0.197491 0.585101
0.145246 -0.193436 0.589336
0.144205 -0.204600 0.589456
0.136113 -0.196073 0.590538
0.141293 -0.196493 0.590139
0.140976 -0.199151 0.592486
0.141829 -0.199805 0.598012
0.137969 -0.197945 0.589229
0.135085 -0.197109 0.597193
0.145446 -0.197370 0.597907
0.143092 -0.197137 0.590282
0.145942 -0.191383 0.597063
0.140714 -0.194500 0.596567
0.141303 -0.196647 0.594635
0.144861 -0.198819 0.590685
0.143843 -0.195826 0.599845
0.140986 -0.195419 0.601205
0.140951 -0.199383 0.596217
0.145921 -0.198667 0.598708
0.142226 -0.194388 0.599431
0.144476 -0.198876 0.604876
0.154300 -0.195426 0.599673
0.138090 -0.192854 0.597841
0.145389 -0.191289 0.604614
0.147421 -0.199872 0.596704
0.146751 -0.195665 0.603325
0.139939 -0.198757 0.599668
0.137186 -0.193845 0.606199
0.143768 -0.193565 0.602511
0.136427 -0.198733 0.607742
0.145172 -0.197696 0.604741
0.145117 -0.195996 0.602592
0.140075 -0.195229 0.603855
0.143904 -0.197036 0.607312
0.140263 -0.195626 0.608067
0.143720 -0.193812 0.613852
0.143325 -0.196647 0.608472
0.136541 -0.197253 0.606065
0.144682 -0.195533 0.612845
0.142567 -0.197952 0.609775
0.139089 -0.194961 0.611247
0.140707 -0.197809 0.607045
0.142815 -0.199385 0.614084
0.144483 -0.195766 0.612818
0.144818 -0.194488 0.611381
0.139347 -0.195905 0.612749
0.140831 -0.194413 0.607012
0.136981 -0.199575 0.613314
0.138207 -0.197763 0.617543
0.146340 -0.195856 0.611720
0.137305 -0.195783 0.609101
0.140872 -0.199262 0.619605
0.137764 -0.196758 0.612278
0.142194 -0.200340 0.615884
0.138135 -0.196294 0.615963
0.138877 -0.194951 0.617027
0.139035 -0.198040 0.614020
0.135874 -0.198609 0.611940
0.137646 -0.197600 0.617061
0.139389 -0.193986 0.616586
0.136286 -0.198093 0.622343
0.136986 -0.199841 0.617308
0.140854 -0.194695 0.619984
0.138028 -0.200105 0.618219
0.141826 -0.198594 0.620478
0.139205 -0.198782 0.622356
0.129960 -0.197579 0.618480
0.133009 -0.198881 0.620360
0.128370 -0.194011 0.619445
0.140427 -0.195433 0.623453
0.139049 -0.197219 0.625810
0.131281 -0.193988 0.620744
0.136145 -0.193583 0.625493
0.132668 -0.193739 0.621609
0.135526 -0.196339 0.627351
0.137289 -0.196339 0.622626
0.131289 -0.197651 0.624394
0.132584 -0.196791 0.623761
0.130173 -0.202479 0.624689
0.136916 -0.200154 0.626080
0.130214 -0.200841 0.627074
0.131483 -0.194948 0.632426
0.127911 -0.186108 0.629858
0.132749 -0.193903 0.628968
0.134868 -0.198964 0.624158
0.127442 -0.196405 0.629432
0.129036 -0.192193 0.631753
0.132198 -0.194192 0.630863
0.135444 -0.199422 0.634443
0.132748 -0.201621 0.629621
0.129299 -0.192275 0.631070
0.129046 -0.197422 0.630735
0.132305 -0.197153 0.628787
0.127158 -0.196820 0.626999
0.125562 -0.196048 0.633215
0.126970 -0.193559 0.629629
0.127639 -0.195776 0.625623
0.129042 -0.195302 0.633676
0.128126 -0.200017 0.628553
0.121155 -0.198746 0.637198
0.127482 -0.196329 0.632240
0.127017 -0.201181 0.637583
0.122866 -0.194820 0.634202
0.120634 -0.194438 0.641334
0.124133 -0.196684 0.632720
0.122913 -0.193296 0.630274
0.124036 -0.199951 0.637469
0.125925 -0.197186 0.631710
0.120829 -0.193630 0.634668
0.120164 -0.197762 0.639501
0.121723 -0.195661 0.632635
0.125833 -0.189778 0.559394
0.116101 -0.192888 0.562501
0.124099 -0.193152 0.568189
0.126064 -0.192868 0.563574
0.126932 -0.192400 0.564337
0.124790 -0.191228 0.568785
0.118718 -0.194823 0.562222
0.129910 -0.190967 0.565170
0.127640 -0.199727 0.564480
0.123789 -0.198365 0.565147
0.122391 -0.195184 0.568244
0.128916 -0.192365 0.567557
0.123922 -0.190358 0.567988
0.124425 -0.196710 0.569177
0.125474 -0.193251 0.569912
0.127059 -0.187432 0.566989
0.119497 -0.189862 0.566986
0.123086 -0.192695 0.567297
0.127431 -0.187048 0.563783
0.127180 -0.196159 0.564862
0.129785 -0.190847 0.571500
0.129750 -0.198078 0.569591
0.130326 -0.196884 0.569663
0.134735 -0.189542 0.569524
0.129623 -0.193047 0.569339
0.133362 -0.197018 0.570392
0.131647 -0.195688 0.574451
0.132848 -0.189505 0.572924
0.129505 -0.195080 0.575332
0.130558 -0.189159 0.574157
0.131743 -0.192549 0.575232
0.133019 -0.194244 0.576552
0.134217 -0.190306 0.572929
0.134418 -0.194660 0.571364
0.132018 -0.196490 0.575516
0.134616 -0.188865 0.576830
0.131064 -0.192233 0.576743
0.126975 -0.193870 0.575130
0.133979 -0.188314 0.574826
0.138315 -0.195584 0.576818
0.135134 -0.188942 0.575226
0.131855 -0.187239 0.572131
0.137029 -0.194622 0.577524
0.137963 -0.199322 0.580378
0.136198 -0.189908 0.577771
0.141227 -0.191715 0.576735
0.138534 -0.191356 0.578844
0.134288 -0.195935 0.577293
0.135482 -0.194731 0.577120
0.136127 -0.195272 0.584763
0.135153 -0.193162 0.577302
0.142139 -0.193225 0.584437
0.134954 -0.193723 0.578209
0.142963 -0.186161 0.581825
0.140802 -0.192987 0.587463
0.138041 -0.191762 0.580696
0.138450 -0.193233 0.586528
0.140516 -0.194321 0.585745
0.140648 -0.195178 0.583550
0.141802 -0.193966 0.583278
0.143865 -0.192850 0.585429
0.145312 -0.194575 0.586882
0.136497 -0.190551 0.583076
0.135938 -0.192504 0.587447
0.146102 -0.191930 0.586361
0.139754 -0.194173 0.589603
0.139215 -0.194586 0.587372
0.143607 -0.194073 0.589621
0.135312 -0.192202 0.591522
0.138065 -0.197629 0.593985
0.143288 -0.197300 0.589690
0.141907 -0.189462 0.594150
0.144180 -0.188437 0.590561
0.142040 -0.194217 0.594122
0.148739 -0.191937 0.590835
0.137013 -0.189203 0.595948
0.146301 -0.197667 0.594800
0.137284 -0.199369 0.592344
0.140422 -0.194601 0.593586
0.142153 -0.188386 0.592132
0.138617 -0.196636 0.594658
0.136539 -0.190763 0.592382
0.139919 -0.196015 0.596114
0.139158 -0.193800 0.598518
0.145638 -0.189209 0.595356
0.143296 -0.196613 0.598756
0.142270 -0.193866 0.600982
0.145963 -0.197236 0.599619
0.141155 -0.191516 0.597911
0.142972 -0.187968 0.602142
0.138320 -0.187879 0.594502
0.139352 -0.194821 0.600619
0.143918 -0.192123 0.601399
0.142259 -0.194053 0.603016
0.139995 -0.187750 0.598281
0.140566 -0.187725 0.603693
0.139392 -0.190519 0.605583
0.142561 -0.192779 0.608225
0.139385 -0.191776 0.604357
0.136624 -0.192909 0.601843
0.143594 -0.190612 0.610281
0.139668 -0.188770 0.600134
0.138288 -0.187929 0.604930
0.142979 -0.194600 0.601287
0.144680 -0.194560 0.610152
0.141492 -0.190262 0.615071
0.142538 -0.191619 0.603987
0.143588 -0.197041 0.606102
0.139591 -0.192611 0.605256
0.143267 -0.197003 0.614504
0.141815 -0.193186 0.610240
0.140342 -0.192363 0.606709
0.141826 -0.189296 0.603073
0.135250 -0.187416 0.613048
0.137660 -0.195499 0.609524
0.137529 -0.190581 0.610851
0.137061 -0.197443 0.612501
0.141311 -0.187558 0.607514
0.140543 -0.197523 0.617690
0.134156 -0.192203 0.616693
0.138660 -0.195248 0.615834
0.143303 -0.190501 0.616622
0.145579 -0.192068 0.616601
0.136717 -0.193294 0.618396
0.136714 -0.193573 0.617875
0.137469 -0.198625 0.617604
0.141274 -0.193571 0.618803
0.133866 -0.190082 0.616555
0.138206 -0.195528 0.623353
0.138728 -0.186181 0.617479
0.139117 -0.191490 0.614211
0.136045 -0.194055 0.624722
0.138313 -0.195373 0.621453
0.131524 -0.192126 0.620984
0.141050 -0.192936 0.616032
0.138454 -0.186135 0.619614
0.136632 -0.195054 0.622356
0.131430 -0.189162 0.629408
0.132884 -0.191753 0.621224
0.135884 -0.189436 0.625582
0.140101 -0.191431 0.624576
0.143688 -0.189164 0.625357
0.133541 -0.191077 0.628175
0.136715 -0.192652 0.625149
0.134498 -0.195236 0.622449
0.129388 -0.194330 0.630006
0.133964 -0.196124 0.623665
0.127605 -0.192205 0.629443
0.130014 -0.195448 0.626228
0.133966 -0.191668 0.627201
0.134148 -0.193513 0.628368
0.136424 -0.194070 0.626937
0.134600 -0.193754 0.628421
0.126725 -0.194630 0.628789
0.131934 -0.190606 0.631648
0.132006 -0.192278 0.631303
0.132137 -0.188376 0.629637
0.130445 -0.187947 0.632861
0.126342 -0.193438 0.630452
0.129596 -0.196165 0.625996
0.131342 -0.192783 0.631890
0.126554 -0.189702 0.629524
0.134117 -0.193141 0.637518
0.128709 -0.192017 0.636086
0.127116 -0.191723 0.635069
0.122412 -0.192051 0.632079
0.129108 -0.194224 0.635536
0.124555 -0.195458 0.632309
0.130638 -0.196430 0.631340
0.127005 -0.196763 0.636352
0.123323 -0.194376 0.629670
0.123345 -0.189684 0.633542
0.125026 -0.191340 0.637424
0.121731 -0.190836 0.639437
0.123743 -0.195222 0.635433
0.119171 -0.191290 0.631788
0.121330 -0.190404 0.632627
0.121292 -0.190132 0.632602
0.120386 -0.193216 0.632472
0.122451 -0.190019 0.639198
0.118883 -0.186110 0.565316
0.121216 -0.187765 0.562397
0.122564 -0.186268 0.564720
0.126083 -0.190516 0.563677
0.120357 -0.189034 0.565387
0.116251 -0.193429 0.565112
0.123031 -0.194533 0.563578
0.128551 -0.188497 0.560851
0.124011 -0.195003 0.564661
0.123679 -0.187173 0.564034
0.122673 -0.189424 0.571870
0.123671 -0.187556 0.563686
0.123389 -0.188711 0.565303
0.128682 -0.187708 0.568730
0.126884 -0.186832 0.567125
0.129004 -0.194382 0.567445
0.128167 -0.187982 0.567730
0.130128 -0.191081 0.565277
0.128928 -0.190172 0.568610
0.123726 -0.193491 0.572891
0.131296 -0.188279 0.573513
0.129674 -0.186005 0.568213
0.136362 -0.196250 0.569705
0.123261 -0.188723 0.572685
0.131931 -0.188817 0.570747
0.129917 -0.190962 0.571499
0.131914 -0.184964 0.572320
0.133407 -0.188349 0.569973
0.129514 -0.185854 0.568709
0.133518 -0.186957 0.570347
0.138045 -0.187805 0.572602
0.131917 -0.184977 0.569081
0.134651 -0.190302 0.578068
0.134125 -0.190655 0.577404
0.132727 -0.185466 0.576576
0.135144 -0.186501 0.573626
0.136425 -0.190816 0.576012
0.131026 -0.185658 0.569718
0.131545 -0.188210 0.576363
0.137859 -0.193898 0.574780
0.136518 -0.190250 0.576771
0.137183 -0.189318 0.574286
0.130982 -0.191126 0.574257
0.131185 -0.187891 0.580787
0.136146 -0.185329 0.582347
0.138331 -0.194883 0.578164
0.141406 -0.190893 0.581900
0.139282 -0.191222 0.578145
0.138381 -0.193478 0.580660
0.138013 -0.191316 0.579043
0.134134 -0.194659 0.577810
0.145091 -0.189475 0.581563
0.137130 -0.188324 0.586145
0.137110 -0.190530 0.584005
0.139755 -0.187569 0.576510
0.136880 -0.183541 0.581179
0.141019 -0.185624 0.586008
0.141586 -0.191268 0.577525
0.139042 -0.187450 0.584966
0.140783 -0.191068 0.583290
0.139198 -0.187851 0.593541
0.140409 -0.190401 0.586566
0.142322 -0.188156 0.586674
0.138492 -0.190263 0.589790
0.143617 -0.192521 0.590148
0.137753 -0.182879 0.589478
0.143818 -0.189450 0.588999
0.145602 -0.195539 0.587878
0.145266 -0.190680 0.589812
0.138614 -0.185217 0.584435
0.134146 -0.188901 0.591561
0.139701 -0.195023 0.591555
0.141436 -0.189611 0.589093
0.139567 -0.186225 0.594545
0.141890 -0.188993 0.594458
0.146997 -0.195564 0.596073
0.141424 -0.192315 0.592374
0.142928 -0.190458 0.593823
0.141971 -0.192136 0.594721
0.141985 -0.189280 0.596360
0.143663 -0.189609 0.596230
0.144331 -0.188581 0.599619
0.140256 -0.192146 0.590578
0.144408 -0.190332 0.595723
0.146823 -0.186733 0.596288
0.141691 -0.188777 0.601245
0.142285 -0.188968 0.592992
0.143909 -0.190029 0.595506
0.137852 -0.187470 0.594721
0.149219 -0.195935 0.598149
0.137763 -0.190914 0.604644
0.139682 -0.194695 0.601923
0.144505 -0.189010 0.595696
0.143728 -0.192787 0.601301
0.147516 -0.192940 0.605605
0.143636 -0.194245 0.608524
0.139069 -0.189894 0.601794
0.144956 -0.191584 0.600200
0.145781 -0.190836 0.605034
0.143373 -0.186548 0.603864
0.140953 -0.189803 0.604444
0.143700 -0.190044 0.602549
0.139531 -0.189316 0.606501
0.140343 -0.190443 0.607031
0.142581 -0.191175 0.605136
0.145182 -0.192640 0.607371
0.142570 -0.191312 0.610147
0.138355 -0.186115 0.610768
0.141158 -0.188123 0.607835
0.143496 -0.186405 0.607480
0.142390 -0.189929 0.613769
0.138923 -0.186614 0.611053
0.141631 -0.190967 0.613330
0.145312 -0.191506 0.614585
0.146776 -0.195781 0.615825
0.141345 -0.190924 0.608585
0.139297 -0.189625 0.615489
0.136067 -0.186743 0.611137
0.143939 -0.189660 0.610900
0.139869 -0.191306 0.617610
0.139007 -0.191251 0.615370
0.145009 -0.190286 0.614022
0.135569 -0.186616 0.612578
0.137389 -0.190770 0.617037
0.141637 -0.193137 0.614319
0.140441 -0.187737 0.618520
0.142705 -0.183913 0.616723
0.134589 -0.192770 0.616454
0.139710 -0.193090 0.617643
0.138566 -0.187836 0.623864
0.143572 -0.196678 0.616966
0.140724 -0.185167 0.619861
0.138187 -0.188547 0.619209
0.140033 -0.193027 0.617739
0.140704 -0.188987 0.617790
0.131141 -0.183922 0.623279
0.132852 -0.191935 0.621266
0.138782 -0.187595 0.617443
0.140540 -0.186842 0.621926
0.130838 -0.190190 0.625412
0.132345 -0.186993 0.625166
0.133569 -0.187934 0.627866
0.135567 -0.191849 0.623745
0.132548 -0.189865 0.629168
0.131294 -0.182710 0.621624
0.142879 -0.185418 0.625742
0.131409 -0.188082 0.619173
0.130115 -0.184108 0.626016
0.133215 -0.196713 0.625445
0.127644 -0.191799 0.624870
0.129176 -0.184701 0.625055
0.132422 -0.186619 0.632049
0.133002 -0.194067 0.631931
0.131669 -0.186251 0.630558
0.132491 -0.189328 0.628655
0.125838 -0.193338 0.629934
0.130712 -0.188661 0.631078
0.129557 -0.191588 0.627025
0.129871 -0.191148 0.627786
0.128083 -0.188876 0.627630
0.130667 -0.183727 0.630600
0.131626 -0.187588 0.629374
0.134496 -0.189507 0.632006
0.127863 -0.188697 0.633646
0.128958 -0.189464 0.631534
0.131124 -0.189064 0.629162
0.126269 -0.187872 0.634370
0.124936 -0.189948 0.630062
0.126626 -0.187497 0.639511
0.123099 -0.188598 0.634323
0.118639 -0.185423 0.637780
0.126078 -0.188274 0.634112
0.125272 -0.188726 0.635765
0.121045 -0.195262 0.630035
0.126203 -0.183780 0.638879
0.122903 -0.193131 0.636232
0.120378 -0.188453 0.636327
0.118332 -0.187098 0.638164
0.124514 -0.189102 0.635152
0.124718 -0.189239 0.639154
0.121088 -0.189248 0.561981
0.117780 -0.188798 0.562155
0.120255 -0.179276 0.560925
0.121325 -0.184836 0.570091
0.123146 -0.184318 0.563542
0.120633 -0.187947 0.567217
0.123458 -0.185963 0.564687
0.127956 -0.181300 0.565198
0.123114 -0.187201 0.560970
0.124136 -0.184282 0.567311
0.123675 -0.186098 0.564721
0.125921 -0.183056 0.567016
0.123993 -0.187244 0.564477
0.126936 -0.187042 0.562862
0.125192 -0.183976 0.563793
0.124304 -0.185208 0.573532
0.128644 -0.188560 0.566829
0.129531 -0.181619 0.572626
0.125417 -0.187541 0.567736
0.128850 -0.184197 0.569805
0.128871 -0.181579 0.569372
0.125234 -0.186021 0.568076
0.129361 -0.180533 0.571310
0.126399 -0.185613 0.571558
0.129332 -0.183465 0.569094
0.133015 -0.187763 0.568489
0.133844 -0.190471 0.577321
0.131200 -0.192140 0.567971
0.129291 -0.192656 0.576525
0.140205 -0.188136 0.573832
0.138640 -0.187393 0.574738
0.135853 -0.190897 0.574050
0.136581 -0.185674 0.574113
0.137237 -0.182026 0.573730
0.128118 -0.187006 0.574166
0.134253 -0.185486 0.572637
0.134564 -0.190354 0.581904
0.133733 -0.187382 0.579624
0.134576 -0.185434 0.582522
0.132617 -0.185918 0.577361
0.138276 -0.188269 0.575294
0.130753 -0.183447 0.576066
0.134495 -0.185163 0.580906
0.134111 -0.191781 0.575064
0.138199 -0.185402 0.575982
0.137825 -0.187222 0.578912
0.134583 -0.190198 0.579870
0.138710 -0.186086 0.574860
0.139479 -0.183075 0.578352
0.137387 -0.186387 0.579532
0.137952 -0.183251 0.582670
0.132854 -0.187028 0.580844
0.135089 -0.193633 0.584428
0.139790 -0.184860 0.581465
0.142554 -0.181053 0.586399
0.141143 -0.181226 0.583899
0.141049 -0.189738 0.582672
0.142516 -0.183348 0.586185
0.139477 -0.191098 0.583137
0.142351 -0.190880 0.586142
0.137707 -0.187677 0.582155
0.144088 -0.185568 0.586005
0.147688 -0.188153 0.587273
0.142605 -0.185412 0.587450
0.136352 -0.188123 0.585222
0.137420 -0.185159 0.583515
0.143809 -0.183285 0.587808
0.141209 -0.184917 0.585586
0.140537 -0.182688 0.588925
0.145556 -0.184061 0.588998
0.140404 -0.183332 0.589984
0.144143 -0.192676 0.589519
0.136893 -0.184827 0.591086
0.145318 -0.188732 0.595984
0.144973 -0.188123 0.596644
0.145031 -0.188950 0.593869
0.142313 -0.184913 0.593133
0.145320 -0.186594 0.594941
0.141394 -0.187732 0.588736
0.143361 -0.186376 0.595482
0.142266 -0.188098 0.592200
0.142159 -0.190735 0.593295
0.142480 -0.186700 0.596263
0.138468 -0.187681 0.593440
0.145396 -0.186236 0.596957
0.144340 -0.182426 0.594269
0.143412 -0.188945 0.595673
0.141083 -0.188277 0.600972
0.143060 -0.189527 0.597300
0.140782 -0.182779 0.603483
0.149332 -0.191016 0.599475
0.148418 -0.185680 0.601973
0.142895 -0.186738 0.607329
0.139079 -0.179894 0.601414
0.148447 -0.187996 0.601977
0.138505 -0.186314 0.604373
0.143147 -0.185284 0.602058
0.144282 -0.183854 0.611562
0.140356 -0.182814 0.609072
0.147187 -0.185072 0.605189
0.143520 -0.183552 0.604422
0.142888 -0.182988 0.608943
0.142688 -0.188594 0.608295
0.141356 -0.188391 0.608041
0.140369 -0.188445 0.606807
0.136307 -0.186252 0.608998
0.140859 -0.186891 0.607406
0.144868 -0.179157 0.605797
0.137320 -0.182997 0.605230
0.138735 -0.184362 0.609222
0.138641 -0.183731 0.605565
0.145487 -0.188672 0.611151
0.140035 -0.182109 0.608195
0.138477 -0.184038 0.616068
0.140533 -0.185307 0.614801
0.140478 -0.183989 0.607829
0.137962 -0.184079 0.613386
0.137525 -0.187817 0.616809
0.135925 -0.188316 0.617838
0.141971 -0.187392 0.613680
0.141115 -0.190745 0.619325
0.136465 -0.186733 0.617075
0.138192 -0.181714 0.615360
0.139274 -0.180990 0.614169
0.137546 -0.182928 0.613707
0.138735 -0.184216 0.617845
0.141041 -0.186117 0.619163
0.135059 -0.190301 0.624384
0.137841 -0.180980 0.614761
0.137595 -0.184422 0.625525
0.142342 -0.188158 0.623702
0.139905 -0.184659 0.625694
0.137869 -0.186233 0.614072
0.138995 -0.190434 0.623587
0.131869 -0.187796 0.626265
0.136049 -0.187604 0.623973
0.131370 -0.183357 0.622842
0.138401 -0.188263 0.621205
0.130739 -0.180412 0.622692
0.131390 -0.187359 0.618721
0.130609 -0.187204 0.622516
0.132939 -0.181567 0.621697
0.136360 -0.188441 0.624766
0.128558 -0.188076 0.620875
0.137840 -0.186860 0.622544
0.137043 -0.181027 0.625467
0.132153 -0.184651 0.627196
0.130119 -0.188945 0.635801
0.131142 -0.184328 0.626095
0.128438 -0.185063 0.625738
0.130593 -0.181683 0.627955
0.132306 -0.192988 0.628976
0.131574 -0.188248 0.627077
0.132837 -0.188875 0.628538
0.125249 -0.188332 0.627115
0.130298 -0.178443 0.639189
0.126201 -0.181666 0.632925
0.134123 -0.182725 0.630126
0.131260 -0.182915 0.627552
0.129131 -0.184857 0.636413
0.131647 -0.188911 0.632714
0.128392 -0.186681 0.631626
0.127051 -0.183922 0.633704
0.128095 -0.184372 0.629403
0.129055 -0.184366 0.631949
0.127922 -0.188234 0.633668
0.124253 -0.180278 0.631612
0.128182 -0.186351 0.636470
0.124219 -0.185663 0.632764
0.125411 -0.184897 0.641296
0.129796 -0.188669 0.635190
0.128160 -0.181846 0.637221
0.124965 -0.185256 0.637399
0.122857 -0.183625 0.637591
0.123372 -0.190108 0.636624
0.121677 -0.185029 0.635067
0.123111 -0.186743 0.639331
0.119563 -0.181865 0.637177
0.120789 -0.182510 0.643968
0.118449 -0.187697 0.637473
0.123236 -0.181592 0.565522
0.120692 -0.178668 0.564121
0.129436 -0.184219 0.563905
0.123462 -0.183512 0.567064
0.119552 -0.184352 0.570590
0.123118 -0.182757 0.568848
0.121943 -0.187693 0.563622
0.120821 -0.177498 0.566344
0.123278 -0.179696 0.568241
0.121089 -0.181389 0.563200
0.128395 -0.178762 0.568830
0.126737 -0.182988 0.570742
0.124863 -0.175789 0.565629
0.126336 -0.187279 0.570006
0.125858 -0.183080 0.566213
0.129258 -0.185588 0.564095
0.127478 -0.182316 0.567160
0.126486 -0.175470 0.566050
0.128158 -0.181662 0.572465
0.129873 -0.190984 0.573263
0.128575 -0.183165 0.567919
0.128458 -0.179764 0.570951
0.131039 -0.183291 0.571736
0.132340 -0.183227 0.567226
0.135756 -0.179706 0.567406
0.131862 -0.180648 0.574164
0.134001 -0.183215 0.572677
0.137849 -0.182044 0.574482
0.135543 -0.181058 0.570522
0.129694 -0.181373 0.573121
0.132492 -0.187252 0.569444
0.133099 -0.177812 0.571335
0.132520 -0.185252 0.579007
0.136577 -0.186133 0.573158
0.131301 -0.182481 0.573860
0.139193 -0.185857 0.572941
0.133758 -0.183523 0.575751
0.134817 -0.180503 0.570348
0.134570 -0.182887 0.582119
0.136252 -0.186443 0.576588
0.132865 -0.181655 0.573660
0.137798 -0.183346 0.573719
0.134941 -0.177638 0.573198
0.135518 -0.180893 0.580690
0.134543 -0.180912 0.581609
0.135656 -0.179907 0.574979
0.140061 -0.181320 0.576143
0.132478 -0.178571 0.577765
0.142158 -0.180626 0.581325
0.138788 -0.180993 0.580629
0.134719 -0.182137 0.581905
0.137880 -0.185723 0.578596
0.136863 -0.183004 0.579601
0.142528 -0.183918 0.583441
0.136091 -0.181774 0.583840
0.139581 -0.185820 0.585313
0.137748 -0.180608 0.582488
0.138786 -0.180082 0.584328
0.139821 -0.185664 0.586325
0.141072 -0.180096 0.587168
0.141743 -0.180308 0.585948
0.138049 -0.184164 0.585163
0.138792 -0.185368 0.588340
0.134346 -0.180183 0.585701
0.142028 -0.183561 0.586399
0.134361 -0.185967 0.587186
0.140133 -0.181652 0.587636
0.143806 -0.178368 0.586898
0.136651 -0.184612 0.591296
0.144660 -0.183325 0.591499
0.140543 -0.190109 0.586817
0.140322 -0.178319 0.587563
0.140404 -0.183086 0.590299
0.141625 -0.177478 0.587603
0.143995 -0.181814 0.592024
0.139939 -0.184514 0.597419
0.146068 -0.184234 0.591365
0.142277 -0.181431 0.595301
0.140577 -0.186709 0.589637
0.140423 -0.179037 0.592739
0.143006 -0.184251 0.595259
0.145381 -0.180763 0.595525
0.143168 -0.185785 0.591683
0.142755 -0.185492 0.596229
0.141005 -0.183180 0.602113
0.143966 -0.176792 0.598203
0.142282 -0.183167 0.605005
0.144644 -0.177989 0.602961
0.143813 -0.183175 0.596729
0.142137 -0.179345 0.602464
0.140917 -0.184664 0.600988
0.144389 -0.178893 0.607710
0.138790 -0.186131 0.598200
0.143921 -0.179834 0.602537
0.142873 -0.184679 0.601316
0.141043 -0.181161 0.599882
0.143496 -0.182287 0.600227
0.141450 -0.178751 0.607435
0.144169 -0.180837 0.598199
0.140175 -0.178405 0.604717
0.145140 -0.178360 0.598065
0.142702 -0.179945 0.605071
0.145663 -0.183022 0.606128
0.142850 -0.179975 0.605782
0.143411 -0.182228 0.606835
0.139367 -0.183735 0.607657
0.136959 -0.186562 0.607912
0.142298 -0.180323 0.606258
0.140160 -0.180955 0.610414
0.140114 -0.177387 0.605379
0.140779 -0.182077 0.607881
0.143248 -0.178370 0.612351
0.141300 -0.180600 0.610090
0.142288 -0.180413 0.614642
0.135383 -0.184844 0.613399
0.142697 -0.182504 0.610932
0.140073 -0.185531 0.609756
0.141821 -0.184611 0.610486
0.146121 -0.183560 0.611378
0.140083 -0.173490 0.614118
0.142963 -0.177337 0.617455
0.137670 -0.183206 0.618897
0.144157 -0.190161 0.619207
0.138670 -0.181452 0.619196
0.137849 -0.181085 0.624052
0.144466 -0.186463 0.618996
0.134021 -0.186417 0.619967
0.135632 -0.184084 0.618739
0.140316 -0.186319 0.615934
0.137875 -0.186643 0.621261
0.140437 -0.178875 0.617016
0.139251 -0.186856 0.619736
0.134729 -0.181736 0.619376
0.132319 -0.179450 0.615420
0.141278 -0.179444 0.624018
0.137311 -0.180653 0.619569
0.133825 -0.189763 0.623441
0.132082 -0.184420 0.619867
0.138271 -0.181987 0.616759
0.136597 -0.180695 0.621186
0.131660 -0.181832 0.620362
0.134923 -0.181482 0.627897
0.128355 -0.184005 0.619779
0.133924 -0.186245 0.620168
0.132128 -0.181309 0.622443
0.132325 -0.183841 0.632206
0.136709 -0.188098 0.624804
0.134835 -0.179729 0.630986
0.136359 -0.184814 0.625757
0.137393 -0.185386 0.623335
0.132310 -0.184771 0.626159
0.130837 -0.181067 0.632324
0.129670 -0.183816 0.626880
0.129406 -0.181012 0.626268
0.135968 -0.186530 0.631779
0.136863 -0.180248 0.628252
0.127725 -0.186682 0.628631
0.129582 -0.184864 0.633291
0.128087 -0.182900 0.629108
0.130108 -0.182424 0.626566
0.124639 -0.180778 0.632722
0.127722 -0.188218 0.633096
0.130243 -0.176557 0.631284
0.127305 -0.178922 0.630449
0.129742 -0.183802 0.633853
0.129761 -0.185091 0.633738
0.128381 -0.184717 0.634988
0.128037 -0.184009 0.630506
0.127776 -0.183598 0.634307
0.131181 -0.183815 0.638268
0.127991 -0.181452 0.631075
0.124098 -0.182216 0.634912
0.123693 -0.187049 0.627386
0.121893 -0.188405 0.631924
0.121892 -0.181294 0.634428
0.120631 -0.183025 0.629607
0.122732 -0.185034 0.635872
0.122058 -0.183922 0.641515
0.120072 -0.182242 0.638545
0.121779 -0.175551 0.635272
0.120540 -0.180064 0.565729
0.119106 -0.180687 0.562056
0.124019 -0.177872 0.564504
0.124567 -0.177037 0.562995
0.122937 -0.177731 0.569666
0.121049 -0.178816 0.562653
0.123903 -0.178197 0.564383
0.131167 -0.177859 0.558260
0.123634 -0.181846 0.572788
0.123434 -0.178215 0.563822
0.125068 -0.180347 0.564783
0.123067 -0.175584 0.567600
0.126657 -0.176279 0.568520
0.126095 -0.178307 0.568031
0.123561 -0.183187 0.566771
0.124299 -0.176573 0.569140
0.125303 -0.177752 0.566356
0.131583 -0.181431 0.564758
0.134284 -0.184709 0.568762
0.125501 -0.178006 0.568309
0.131941 -0.176794 0.564674
0.127585 -0.183202 0.562758
0.127835 -0.182133 0.565516
0.134248 -0.175520 0.568925
0.132361 -0.174002 0.570322
0.129350 -0.178581 0.570804
0.134351 -0.179159 0.568170
0.129774 -0.180062 0.568362
0.130683 -0.185761 0.573228
0.134577 -0.177760 0.567452
0.130007 -0.178649 0.564282
0.132985 -0.177501 0.575087
0.129795 -0.176135 0.577903
0.134241 -0.176668 0.577161
0.136833 -0.183029 0.578016
0.133076 -0.180628 0.571430
0.132807 -0.181996 0.574494
0.137119 -0.181177 0.571701
0.136945 -0.172684 0.574244
0.131016 -0.180745 0.578227
0.135818 -0.181667 0.575727
0.135199 -0.176210 0.573954
0.139328 -0.181180 0.579861
0.138048 -0.180861 0.577930
0.135877 -0.179019 0.578428
0.138835 -0.184077 0.576888
0.141938 -0.182077 0.578783
0.131713 -0.172856 0.582808
0.140796 -0.177024 0.584562
0.140428 -0.183537 0.577544
0.133434 -0.182216 0.583180
0.137056 -0.179449 0.581288
0.142296 -0.177872 0.587749
0.141989 -0.181440 0.579398
0.137239 -0.178616 0.581032
0.135335 -0.176975 0.582766
0.144702 -0.180284 0.588572
0.137620 -0.184970 0.582333
0.146274 -0.176256 0.586997
0.140242 -0.181604 0.590293
0.140028 -0.178825 0.584108
0.139852 -0.178870 0.587948
0.142460 -0.178977 0.588078
0.136117 -0.179247 0.584803
0.139675 -0.174364 0.586426
0.138499 -0.177651 0.584642
0.136606 -0.178117 0.588709
0.138694 -0.182378 0.585398
0.139188 -0.171664 0.587223
0.138440 -0.179035 0.593560
0.134780 -0.182273 0.591919
0.139694 -0.178167 0.589309
0.141398 -0.182305 0.590214
0.142030 -0.179761 0.597039
0.142078 -0.181889 0.589197
0.137652 -0.179208 0.593987
0.143783 -0.185797 0.587994
0.144535 -0.171307 0.596690
0.144533 -0.180916 0.592741
0.143276 -0.181857 0.590379
0.142872 -0.182934 0.591900
0.134963 -0.177857 0.597130
0.142341 -0.182236 0.593873
0.141320 -0.179109 0.595336
0.140520 -0.180708 0.594034
0.138978 -0.179004 0.595692
0.142476 -0.177540 0.595611
0.143205 -0.178518 0.598364
0.147871 -0.180470 0.604301
0.145488 -0.179320 0.602268
0.142160 -0.174297 0.601941
0.148027 -0.181496 0.598755
0.150369 -0.178863 0.599907
0.139221 -0.178234 0.604492
0.145838 -0.178795 0.599726
0.143393 -0.180349 0.597827
0.144219 -0.181777 0.601253
0.144136 -0.179852 0.601605
0.137837 -0.173853 0.599421
0.143517 -0.179437 0.601420
0.141502 -0.179756 0.606537
0.142816 -0.175352 0.607727
0.139102 -0.175445 0.606890
0.136966 -0.174877 0.604334
0.140979 -0.178409 0.609520
0.142480 -0.174270 0.604760
0.140476 -0.180083 0.613594
0.146391 -0.183087 0.611768
0.141029 -0.187164 0.611676
0.135998 -0.185430 0.611777
0.143242 -0.180346 0.606717
0.141140 -0.181924 0.609745
0.139401 -0.179886 0.607461
0.138574 -0.177812 0.606784
0.142227 -0.179064 0.608893
0.137196 -0.182320 0.611091
0.137948 -0.176852 0.610100
0.141100 -0.181178 0.614896
0.142044 -0.182583 0.612262
0.140240 -0.176745 0.614562
0.141702 -0.180305 0.613959
0.135858 -0.185286 0.612361
0.141136 -0.178173 0.614338
0.142236 -0.177946 0.611253
0.141384 -0.179479 0.615456
0.136776 -0.178601 0.619110
0.136686 -0.178414 0.613163
0.137004 -0.177053 0.620845
0.136646 -0.176790 0.617357
0.137978 -0.181363 0.629690
0.137295 -0.180087 0.617771
0.141128 -0.173342 0.617144
0.137879 -0.180704 0.621099
0.135831 -0.173874 0.619475
0.139829 -0.176119 0.619964
0.140776 -0.179313 0.620082
0.133633 -0.178242 0.623351
0.132661 -0.179576 0.618112
0.129993 -0.175158 0.618839
0.131483 -0.178643 0.620834
0.134177 -0.180703 0.622267
0.137241 -0.177242 0.625517
0.139146 -0.182084 0.624606
0.139112 -0.179737 0.630158
0.135487 -0.183592 0.623774
0.134907 -0.178627 0.626510
0.134369 -0.182919 0.626144
0.134411 -0.178692 0.630291
0.131187 -0.173669 0.630473
0.135154 -0.180706 0.628544
0.136488 -0.176537 0.633593
0.126871 -0.181389 0.620931
0.131312 -0.177993 0.628041
0.134521 -0.175880 0.624027
0.130937 -0.179209 0.623367
0.133259 -0.180899 0.623763
0.129505 -0.178190 0.629269
0.130755 -0.178425 0.627279
0.131436 -0.183709 0.627895
0.124708 -0.176504 0.638753
0.127084 -0.175789 0.630727
0.126333 -0.180762 0.629466
0.126981 -0.182093 0.630192
0.126285 -0.175833 0.634375
0.131676 -0.171635 0.625675
0.118865 -0.177666 0.634139
0.124400 -0.179699 0.628402
0.125774 -0.182000 0.641388
0.125716 -0.177428 0.639919
0.126181 -0.180350 0.634339
0.122269 -0.175408 0.629434
0.121163 -0.175706 0.631252
0.119989 -0.180598 0.633947
0.125073 -0.178965 0.636483
0.127053 -0.182676 0.637492
0.128514 -0.177783 0.637477
0.122535 -0.179933 0.633342
0.118353 -0.176446 0.636724
0.123458 -0.181360 0.637502
0.123295 -0.179163 0.638604
0.116435 -0.175455 0.557749
0.120262 -0.174959 0.566746
0.125956 -0.176491 0.562362
0.123568 -0.172596 0.566179
0.123733 -0.176862 0.561512
0.121562 -0.175300 0.566098
0.116864 -0.175048 0.564165
0.126298 -0.176453 0.568086
0.123145 -0.178043 0.567421
0.124141 -0.177634 0.558689
0.122263 -0.169122 0.566378
0.125990 -0.178655 0.566266
0.125582 -0.173991 0.568357
0.123883 -0.179083 0.564950
0.129581 -0.177908 0.568085
0.130496 -0.179880 0.562788
0.124571 -0.178031 0.572122
0.125638 -0.175097 0.569789
0.130455 -0.179809 0.568577
0.125880 -0.179926 0.564508
0.127382 -0.176992 0.574695
0.133867 -0.182084 0.568264
0.131627 -0.172989 0.575753
0.130527 -0.173729 0.571475
0.133443 -0.178585 0.566263
0.135794 -0.179729 0.571198
0.128641 -0.175535 0.569677
0.134952 -0.178225 0.569899
0.131221 -0.178775 0.569582
0.133069 -0.174227 0.577376
0.129935 -0.172326 0.574306
0.135339 -0.173498 0.574608
0.134872 -0.170917 0.573406
0.133899 -0.176309 0.576273
0.138945 -0.181217 0.578378
0.136212 -0.169686 0.574839
0.130770 -0.172636 0.574597
0.136091 -0.173716 0.580771
0.132977 -0.182941 0.579202
0.133867 -0.176896 0.576253
0.132827 -0.175117 0.576650
0.136755 -0.182514 0.573424
0.143946 -0.180428 0.581537
0.139470 -0.177663 0.578011
0.135974 -0.181919 0.571859
0.139364 -0.177485 0.576272
0.134264 -0.174145 0.579615
0.137433 -0.176175 0.579310
0.134173 -0.175317 0.583662
0.135727 -0.175782 0.580024
0.137760 -0.174207 0.580037
0.134073 -0.173511 0.577395
0.136218 -0.176853 0.582999
0.137518 -0.174745 0.584220
0.137462 -0.178608 0.581785
0.136612 -0.176677 0.589757
0.138859 -0.179060 0.586997
0.141299 -0.172867 0.580061
0.138793 -0.177235 0.586835
0.135314 -0.172857 0.582583
0.145205 -0.177009 0.588400
0.141710 -0.178076 0.582454
0.140250 -0.175993 0.586931
0.137295 -0.178872 0.582019
0.140460 -0.172659 0.588118
0.137740 -0.177144 0.589216
0.145188 -0.179802 0.590299
0.140530 -0.177554 0.591632
0.141964 -0.177967 0.587165
0.147735 -0.178448 0.588478
0.148854 -0.176595 0.591655
0.143367 -0.174703 0.590526
0.147844 -0.178813 0.585258
0.148742 -0.177907 0.588546
0.145289 -0.172718 0.594060
0.142575 -0.178243 0.595433
0.143150 -0.179170 0.592224
0.141005 -0.177606 0.588125
0.136487 -0.176332 0.595218
0.140872 -0.172887 0.589349
0.141517 -0.173993 0.594450
0.138461 -0.173536 0.596256
0.141562 -0.171366 0.591445
0.140197 -0.177042 0.599121
0.139927 -0.176017 0.591919
0.142306 -0.178509 0.593423
0.142114 -0.178443 0.596748
0.141477 -0.175425 0.598184
0.139476 -0.176871 0.594625
0.139394 -0.177867 0.600887
0.146695 -0.169207 0.599622
0.136735 -0.177710 0.605039
0.144864 -0.174969 0.601247
0.144060 -0.180477 0.597720
0.142794 -0.178188 0.600665
0.142813 -0.178917 0.603929
0.141614 -0.175444 0.604859
0.141721 -0.175463 0.601801
0.138470 -0.178178 0.605086
0.140818 -0.175065 0.611760
0.141230 -0.174934 0.604424
0.144285 -0.176075 0.603265
0.141997 -0.175802 0.605761
0.141728 -0.176469 0.607706
0.139938 -0.174115 0.607817
0.138976 -0.179302 0.608585
0.141784 -0.174058 0.607727
0.141187 -0.180667 0.605053
0.142477 -0.177087 0.608400
0.142758 -0.179213 0.606815
0.137196 -0.175730 0.609479
0.135612 -0.169313 0.612318
0.143915 -0.175597 0.614156
0.137896 -0.180069 0.610247
0.138430 -0.175439 0.614315
0.139083 -0.176226 0.611104
0.140146 -0.173034 0.614575
0.142928 -0.169179 0.613907
0.141139 -0.174711 0.612673
0.140955 -0.180086 0.610564
0.139798 -0.176116 0.614352
0.141396 -0.174422 0.617352
0.139392 -0.177610 0.615731
0.134233 -0.177924 0.615012
0.134996 -0.178666 0.614285
0.134074 -0.175234 0.615654
0.141757 -0.178455 0.620943
0.136299 -0.176644 0.613650
0.132344 -0.173810 0.616931
0.135576 -0.175179 0.614046
0.138923 -0.175744 0.619675
0.134211 -0.180403 0.620670
0.139842 -0.174452 0.622635
0.137335 -0.177866 0.623918
0.138327 -0.172267 0.619033
0.136884 -0.173213 0.618652
0.138110 -0.176524 0.617874
0.130342 -0.174456 0.618291
0.138350 -0.175773 0.621445
0.137617 -0.174544 0.622658
0.132597 -0.181143 0.624063
0.132305 -0.180197 0.624118
0.131349 -0.171126 0.617107
0.136751 -0.178148 0.617730
0.136755 -0.179406 0.632714
0.128996 -0.177785 0.628602
0.131039 -0.168326 0.627113
0.128928 -0.175987 0.622964
0.136279 -0.172491 0.628605
0.129124 -0.176254 0.631386
0.130088 -0.179830 0.624350
0.134958 -0.172498 0.623536
0.128124 -0.180373 0.630302
0.128799 -0.174202 0.630559
0.130154 -0.171063 0.627054
0.133372 -0.177913 0.627643
0.127859 -0.172401 0.632132
0.131846 -0.174562 0.629397
0.133068 -0.173488 0.630984
0.137778 -0.175318 0.627603
0.126817 -0.173233 0.635392
0.133664 -0.172529 0.629669
0.128192 -0.171521 0.631293
0.131205 -0.171211 0.635512
0.131922 -0.175143 0.635190
0.119538 -0.172852 0.636532
0.125987 -0.172652 0.637348
0.127162 -0.174788 0.631659
0.125474 -0.177067 0.633169
0.122560 -0.172983 0.635615
0.122674 -0.175931 0.635408
0.125697 -0.177493 0.634326
0.125245 -0.176995 0.632502
0.122254 -0.173771 0.635104
0.124015 -0.174113 0.635244
0.123824 -0.178680 0.630973
0.125613 -0.179943 0.632856
0.122032 -0.173805 0.635178
0.120884 -0.176360 0.633582
0.124514 -0.170996 0.637152
0.120794 -0.171446 0.563631
0.119779 -0.172936 0.564126
0.123901 -0.177824 0.561775
0.122206 -0.174637 0.566458
0.123716 -0.176594 0.567061
0.119969 -0.172330 0.564924
0.125403 -0.174384 0.562900
0.124928 -0.175158 0.562785
0.126110 -0.178905 0.568558
0.121762 -0.170080 0.564643
0.123748 -0.177514 0.568177
0.120459 -0.175657 0.563973
0.118968 -0.170807 0.569550
0.127166 -0.174650 0.571620
0.127167 -0.172209 0.567768
0.125671 -0.172501 0.561611
0.127816 -0.176261 0.570985
0.128180 -0.171314 0.566205
0.130786 -0.172712 0.567784
0.129945 -0.175146 0.574051
0.125346 -0.172582 0.570982
0.133701 -0.176336 0.564467
0.128027 -0.169695 0.568527
0.130396 -0.173548 0.570119
0.129378 -0.170490 0.568124
0.137294 -0.175979 0.570631
0.131691 -0.173478 0.569009
0.136307 -0.176086 0.562552
0.135759 -0.173811 0.574331
0.135722 -0.169069 0.571001
0.128474 -0.172802 0.575647
0.137288 -0.178906 0.575306
0.138872 -0.166248 0.579705
0.131895 -0.175714 0.573939
0.134861 -0.173639 0.572930
0.135875 -0.172891 0.575289
0.139058 -0.170805 0.572142
0.141450 -0.171761 0.579145
0.133476 -0.176339 0.579250
0.133006 -0.173482 0.574917
0.137658 -0.171338 0.574913
0.133082 -0.175174 0.585000
0.138511 -0.174574 0.577746
0.135753 -0.172905 0.579116
0.135819 -0.176743 0.578743
0.142784 -0.169607 0.581497
0.138060 -0.172150 0.579399
0.139812 -0.171214 0.579017
0.136530 -0.173308 0.579900
0.139356 -0.175180 0.583869
0.142145 -0.172026 0.586897
0.135460 -0.179470 0.579474
0.138092 -0.177496 0.585719
0.135222 -0.180029 0.587381
0.135655 -0.172817 0.584137
0.134126 -0.173537 0.576653
0.138542 -0.172390 0.581826
0.139545 -0.176321 0.579291
0.140676 -0.171134 0.584817
0.136932 -0.175560 0.585256
0.139864 -0.175682 0.580768
0.141189 -0.168712 0.590163
0.139650 -0.175762 0.585804
0.133754 -0.173380 0.583999
0.138104 -0.176475 0.590292
0.134790 -0.173110 0.584436
0.138021 -0.171379 0.588481
0.138631 -0.170532 0.587886
0.141471 -0.172700 0.587635
0.141071 -0.173285 0.589924
0.139099 -0.169655 0.592266
0.140179 -0.169938 0.589554
0.139078 -0.172503 0.590613
0.139388 -0.172567 0.591358
0.138476 -0.174471 0.597789
0.141194 -0.172259 0.589022
0.145102 -0.174093 0.590627
0.139893 -0.170383 0.591765
0.137401 -0.169765 0.593073
0.135643 -0.171295 0.593973
0.140306 -0.176741 0.597001
0.144116 -0.174451 0.596874
0.145797 -0.169657 0.597336
0.138721 -0.172310 0.594834
0.144680 -0.169137 0.596793
0.146018 -0.166524 0.598013
0.143187 -0.173470 0.601303
0.140828 -0.176921 0.603282
0.140554 -0.168693 0.600461
0.143520 -0.167789 0.598954
0.146581 -0.167030 0.597428
0.150128 -0.171030 0.604625
0.138559 -0.175418 0.602612
0.137068 -0.174960 0.600455
0.152184 -0.173085 0.599756
0.136973 -0.174583 0.601190
0.137074 -0.169985 0.605675
0.140627 -0.172835 0.612176
0.138356 -0.167302 0.602873
0.139573 -0.178500 0.607263
0.139128 -0.172726 0.605091
0.138840 -0.175238 0.600518
0.148253 -0.174928 0.607798
0.142330 -0.171697 0.612059
0.138045 -0.175117 0.603540
0.146737 -0.175939 0.606714
0.146129 -0.175032 0.608404
0.140818 -0.178072 0.610538
0.141833 -0.176182 0.608793
0.138398 -0.169920 0.611482
0.138651 -0.180318 0.610625
0.144251 -0.171783 0.613112
0.141250 -0.174827 0.609236
0.141134 -0.169111 0.612882
0.141372 -0.169068 0.612181
0.142257 -0.168300 0.610499
0.138317 -0.170022 0.611495
0.136426 -0.172964 0.618128
0.136851 -0.175473 0.614701
0.140739 -0.173808 0.614522
0.136873 -0.166855 0.615623
0.136036 -0.166943 0.618850
0.139559 -0.170630 0.618646
0.137932 -0.172684 0.618887
0.136539 -0.175207 0.613656
0.139060 -0.175240 0.617009
0.138503 -0.170161 0.610759
0.142436 -0.167592 0.620111
0.132126 -0.171531 0.618767
0.130904 -0.175672 0.619493
0.129671 -0.170152 0.618333
0.142386 -0.171599 0.617293
0.139031 -0.176052 0.616958
0.141203 -0.171129 0.620070
0.135493 -0.168657 0.618386
0.137477 -0.171556 0.629026
0.135043 -0.166355 0.626725
0.133670 -0.173771 0.622446
0.134807 -0.173506 0.624215
0.129679 -0.177422 0.626096
0.140906 -0.176030 0.622441
0.133984 -0.176045 0.627494
0.141292 -0.174065 0.625282
0.133507 -0.172010 0.619136
0.138945 -0.172037 0.626381
0.134019 -0.166945 0.622660
0.130122 -0.175734 0.628281
0.137785 -0.167915 0.630391
0.126495 -0.168509 0.630411
0.133464 -0.175174 0.623526
0.133792 -0.172713 0.623227
0.133105 -0.169565 0.624044
0.130469 -0.176172 0.629553
0.129722 -0.172967 0.627486
0.132879 -0.170092 0.632579
0.129848 -0.172686 0.628793
0.129728 -0.172627 0.625641
0.126041 -0.172073 0.623342
0.126509 -0.171065 0.630742
0.130989 -0.174255 0.631483
0.126183 -0.171033 0.632432
0.126604 -0.177004 0.627999
0.128634 -0.171953 0.631221
0.126034 -0.174300 0.629350
0.121762 -0.169814 0.634228
0.129365 -0.175696 0.637769
0.126770 -0.171033 0.630467
0.123659 -0.171742 0.633601
0.124655 -0.170641 0.629542
0.123960 -0.169686 0.635215
0.128254 -0.173825 0.636221
0.127028 -0.174859 0.634876
0.126805 -0.169853 0.637465
0.116629 -0.171912 0.637618
0.118867 -0.172212 0.637108
0.126094 -0.173116 0.635616
0.124635 -0.173509 0.638802
0.123339 -0.171515 0.634794
0.121968 -0.173144 0.639945
0.118871 -0.176244 0.634367
0.125300 -0.167594 0.565084
0.120260 -0.166857 0.564496
0.117872 -0.170492 0.564656
0.123923 -0.172205 0.559392
0.123864 -0.165225 0.563144
0.124892 -0.165234 0.562109
0.123010 -0.167232 0.566165
0.123334 -0.168936 0.565255
0.119374 -0.171158 0.570262
0.125767 -0.171224 0.564299
0.127718 -0.167913 0.565674
0.127554 -0.169956 0.569206
0.128713 -0.169826 0.571005
0.123882 -0.166523 0.571465
0.125645 -0.171939 0.562903
0.124019 -0.170715 0.564522
0.125799 -0.164755 0.565319
0.128727 -0.166473 0.567453
0.126830 -0.166742 0.572231
0.126744 -0.171790 0.574797
0.129733 -0.164019 0.567670
0.129944 -0.172093 0.566685
0.129178 -0.172331 0.573119
0.135968 -0.169311 0.569861
0.132218 -0.172134 0.568444
0.133789 -0.172523 0.575424
0.132350 -0.174153 0.576183
0.132669 -0.173225 0.569595
0.130065 -0.178684 0.576945
0.131435 -0.165373 0.570957
0.132005 -0.170272 0.573022
0.135700 -0.171213 0.572207
0.127532 -0.175244 0.577082
0.132708 -0.174693 0.575355
0.134956 -0.169172 0.572291
0.132096 -0.170270 0.583580
0.132475 -0.171738 0.577533
0.138842 -0.168161 0.574090
0.134430 -0.171025 0.573421
0.136929 -0.166061 0.575553
0.137876 -0.167596 0.576353
0.139679 -0.166202 0.574270
0.138940 -0.168200 0.579470
0.131631 -0.173120 0.575735
0.139159 -0.166428 0.574012
0.139508 -0.167239 0.578506
0.145529 -0.173022 0.576721
0.136120 -0.168137 0.574446
0.133854 -0.168442 0.575413
0.136690 -0.165962 0.576297
0.134455 -0.167852 0.585109
0.141899 -0.172037 0.585656
0.140852 -0.171058 0.581720
0.139479 -0.171924 0.584146
0.138268 -0.167255 0.584438
0.138794 -0.168912 0.587472
0.140496 -0.169942 0.585787
0.137233 -0.167512 0.588151
0.144491 -0.169375 0.585823
0.142272 -0.176259 0.579442
0.138494 -0.170006 0.590315
0.145841 -0.168697 0.586340
0.138949 -0.168669 0.583731
0.140062 -0.168081 0.584142
0.139834 -0.170872 0.587474
0.141753 -0.166794 0.589983
0.138773 -0.168671 0.589521
0.142210 -0.167751 0.587670
0.141383 -0.174520 0.591228
0.142709 -0.168927 0.593039
0.140157 -0.169511 0.594131
0.145065 -0.167216 0.590216
0.145626 -0.166777 0.587327
0.135050 -0.168946 0.597893
0.144278 -0.176773 0.589908
0.140959 -0.173282 0.597725
0.142519 -0.168979 0.595929
0.142854 -0.172383 0.592679
0.142522 -0.168255 0.592299
0.146138 -0.162287 0.595016
0.142541 -0.168849 0.597234
0.143322 -0.176965 0.602565
0.143531 -0.178153 0.591245
0.136863 -0.163019 0.594401
0.141823 -0.167639 0.593808
0.142752 -0.171543 0.597934
0.142314 -0.165946 0.594427
0.145437 -0.167655 0.601412
0.141392 -0.170928 0.599255
0.141227 -0.167365 0.596217
0.144915 -0.168405 0.595772
0.144866 -0.165928 0.600811
0.139111 -0.173597 0.600052
0.143013 -0.169306 0.601350
0.138319 -0.170949 0.599749
0.139145 -0.171210 0.610163
0.136707 -0.169027 0.603315
0.138355 -0.164425 0.602495
0.140209 -0.170640 0.604506
0.141713 -0.173982 0.607330
0.142131 -0.165157 0.608970
0.139922 -0.172379 0.608776
0.140424 -0.171765 0.603637
0.140182 -0.173451 0.603951
0.143269 -0.165308 0.604318
0.143983 -0.167965 0.606831
0.146357 -0.164499 0.610078
0.137461 -0.172509 0.612746
0.141277 -0.167884 0.615138
0.144532 -0.168475 0.613479
0.144311 -0.169085 0.606165
0.146397 -0.172361 0.610286
0.143463 -0.166021 0.614802
0.138983 -0.169657 0.611503
0.135635 -0.172123 0.608380
0.138445 -0.168916 0.611103
0.139415 -0.172379 0.611007
0.137608 -0.169071 0.616232
0.136882 -0.171454 0.613377
0.137473 -0.168215 0.618861
0.139918 -0.166190 0.620725
0.143954 -0.172966 0.615964
0.140288 -0.169823 0.616383
0.138257 -0.173857 0.611277
0.132905 -0.167791 0.613174
0.141589 -0.170924 0.618055
0.145188 -0.173088 0.619075
0.137913 -0.169321 0.617912
0.140450 -0.168949 0.620766
0.134232 -0.165620 0.618703
0.134216 -0.168655 0.622694
0.138882 -0.168366 0.621584
0.140191 -0.171093 0.622245
0.135231 -0.165669 0.618708
0.141147 -0.169651 0.620338
0.134546 -0.174081 0.617997
0.140509 -0.171516 0.622646
0.134860 -0.172606 0.616779
0.136236 -0.167694 0.619376
0.129738 -0.162228 0.621339
0.131992 -0.170845 0.624175
0.137429 -0.163345 0.624896
0.131737 -0.168629 0.628331
0.132897 -0.166579 0.620960
0.135699 -0.167837 0.629759
0.132425 -0.168485 0.631061
0.136903 -0.170426 0.624198
0.132605 -0.169778 0.624912
0.135916 -0.168665 0.632362
0.130769 -0.166111 0.629456
0.133337 -0.169337 0.631683
0.127545 -0.173139 0.629085
0.141069 -0.165735 0.625427
0.136956 -0.166998 0.626311
0.126414 -0.169079 0.628095
0.133204 -0.172519 0.631115
0.133553 -0.170898 0.626588
0.133771 -0.171340 0.632667
0.135646 -0.168655 0.633134
0.130817 -0.168783 0.633861
0.134571 -0.167865 0.634263
0.127909 -0.168735 0.633504
0.128997 -0.168311 0.629534
0.129750 -0.167448 0.636367
0.125667 -0.170683 0.634149
0.127305 -0.168723 0.633279
0.123673 -0.169468 0.630691
0.127294 -0.171414 0.636115
0.123010 -0.166454 0.633308
0.125879 -0.171798 0.632686
0.118527 -0.168435 0.636666
0.123833 -0.174871 0.632506
0.128136 -0.166841 0.634018
0.119204 -0.165426 0.637426
0.119527 -0.168567 0.637091
0.125928 -0.169641 0.635660
0.127431 -0.166437 0.631554
0.121388 -0.167434 0.634883
0.118985 -0.170774 0.635177
0.120463 -0.171092 0.630769
0.125481 -0.165865 0.563779
0.120422 -0.172234 0.562732
0.121736 -0.164879 0.567423
0.121906 -0.160623 0.561796
0.124473 -0.172844 0.569356
0.123500 -0.168384 0.563709
0.123581 -0.158672 0.565245
0.122985 -0.162081 0.564063
0.123805 -0.163270 0.564490
0.125111 -0.164021 0.563326
0.127393 -0.164764 0.564816
0.125116 -0.165775 0.562970
0.124360 -0.164792 0.568703
0.124004 -0.164451 0.566314
0.124526 -0.164827 0.564675
0.134021 -0.166578 0.567787
0.123788 -0.166936 0.568433
0.133030 -0.166815 0.571977
0.123680 -0.166689 0.569637
0.128950 -0.166286 0.570841
0.123445 -0.168605 0.575324
0.134355 -0.163777 0.564639
0.132247 -0.170576 0.571960
0.130517 -0.168652 0.575330
0.131801 -0.164211 0.570816
0.127891 -0.168604 0.571638
0.133332 -0.162079 0.574232
0.131289 -0.170819 0.572440
0.130670 -0.167245 0.573768
0.133491 -0.162157 0.572646
0.134883 -0.160384 0.577770
0.131425 -0.166431 0.569393
0.132528 -0.171891 0.567879
0.134114 -0.163519 0.577201
0.132985 -0.165924 0.576760
0.139710 -0.169525 0.570276
0.133150 -0.172306 0.574491
0.135246 -0.167031 0.573726
0.133314 -0.165883 0.577049
0.133854 -0.166381 0.576753
0.138478 -0.166955 0.576493
0.143066 -0.167766 0.574487
0.136979 -0.161291 0.576342
0.139026 -0.166002 0.579414
0.130706 -0.163913 0.583958
0.139168 -0.167255 0.582391
0.135282 -0.167105 0.580588
0.138999 -0.166156 0.584537
0.138742 -0.170335 0.585322
0.140173 -0.167647 0.576126
0.139504 -0.162923 0.585671
0.141010 -0.168314 0.578552
0.139973 -0.162158 0.581589
0.140329 -0.159932 0.580100
0.138600 -0.158647 0.584223
0.140017 -0.166549 0.580101
0.134758 -0.168976 0.584864
0.142016 -0.168031 0.584908
0.140059 -0.168593 0.583490
0.142497 -0.166232 0.582765
0.141870 -0.166894 0.584068
0.139883 -0.164992 0.582887
0.144496 -0.166146 0.584410
0.141344 -0.159541 0.585466
0.142333 -0.164480 0.585118
0.139405 -0.166174 0.586223
0.139153 -0.164119 0.591581
0.136230 -0.166764 0.594514
0.139636 -0.166202 0.588195
0.144368 -0.162572 0.591551
0.144286 -0.162211 0.591789
0.141297 -0.168728 0.587543
0.137429 -0.164704 0.590109
0.142810 -0.164830 0.599139
0.141212 -0.167999 0.593553
0.141024 -0.165375 0.590772
0.146357 -0.164624 0.594199
0.142773 -0.167170 0.590369
0.139394 -0.167027 0.597567
0.145266 -0.170186 0.598420
0.148523 -0.167003 0.596487
0.144119 -0.163921 0.593403
0.141643 -0.165148 0.594917
0.140388 -0.164988 0.600005
0.134686 -0.167754 0.596815
0.143673 -0.167564 0.593772
0.144509 -0.165341 0.598341
0.143176 -0.166678 0.603473
0.143450 -0.169889 0.601582
0.139098 -0.166083 0.599727
0.137922 -0.169170 0.603024
0.142051 -0.161385 0.595256
0.144915 -0.166705 0.603372
0.142468 -0.168954 0.598342
0.145695 -0.170946 0.597741
0.145661 -0.161959 0.602142
0.137832 -0.161352 0.599034
0.144396 -0.161847 0.599272
0.138509 -0.168314 0.602451
0.146828 -0.167257 0.606367
0.147987 -0.170743 0.600921
0.139730 -0.167811 0.606850
0.139047 -0.164864 0.607819
0.140345 -0.166158 0.605937
0.137737 -0.163054 0.611468
0.144827 -0.167512 0.605655
0.141856 -0.168869 0.607399
0.139509 -0.165874 0.605077
0.143705 -0.166731 0.606147
0.144498 -0.166596 0.608100
0.139154 -0.164344 0.606565
0.143629 -0.162330 0.613018
0.140740 -0.168998 0.612735
0.140115 -0.169273 0.615361
0.139019 -0.165908 0.612332
0.146342 -0.166329 0.607935
0.138600 -0.167851 0.607120
0.143323 -0.158537 0.616164
0.137882 -0.163744 0.610192
0.143733 -0.168214 0.612120
0.141669 -0.164743 0.616777
0.141912 -0.162216 0.615191
0.136215 -0.170471 0.616609
0.145538 -0.162856 0.616761
0.141706 -0.162309 0.614182
0.142237 -0.164089 0.615393
0.136987 -0.167769 0.619298
0.146299 -0.169741 0.616755
0.133757 -0.167231 0.613952
0.140385 -0.165875 0.617132
0.137204 -0.162789 0.620784
0.134689 -0.166508 0.613674
0.136058 -0.170904 0.617812
0.138970 -0.167613 0.618106
0.136536 -0.166616 0.620437
0.132262 -0.162414 0.623272
0.136909 -0.167137 0.617672
0.141091 -0.165044 0.615901
0.136824 -0.169697 0.623553
0.127951 -0.167594 0.619780
0.136947 -0.163707 0.622136
0.138642 -0.164292 0.627923
0.130819 -0.167526 0.619059
0.132956 -0.164480 0.626015
0.137136 -0.162885 0.623422
0.134954 -0.164766 0.630217
0.132485 -0.168952 0.625026
0.130669 -0.165791 0.627252
0.140373 -0.166437 0.627787
0.126735 -0.163702 0.626350
0.130389 -0.170777 0.628702
0.126523 -0.166122 0.628902
0.129379 -0.160664 0.629101
0.127226 -0.161112 0.635987
0.126438 -0.166050 0.630308
0.130733 -0.162770 0.630182
0.131215 -0.163409 0.625834
0.129485 -0.172717 0.627236
0.126316 -0.167376 0.632450
0.127514 -0.164597 0.629158
0.122423 -0.169083 0.628802
0.127235 -0.163761 0.631470
0.128911 -0.170213 0.634248
0.132627 -0.166514 0.634555
0.127251 -0.166464 0.632171
0.128662 -0.169380 0.633774
0.124803 -0.162563 0.631271
0.125676 -0.168871 0.634771
0.129568 -0.173204 0.634758
0.124609 -0.165773 0.632668
0.122489 -0.162329 0.634396
0.121378 -0.168255 0.630437
0.127008 -0.164446 0.629306
0.121020 -0.166352 0.635534
0.122724 -0.168459 0.635645
0.122687 -0.168158 0.637205
0.119630 -0.170560 0.633108
0.127212 -0.167912 0.635430
0.118644 -0.165323 0.632632
0.117180 -0.168567 0.630866
0.116896 -0.159563 0.564275
0.122938 -0.164129 0.564132
0.117455 -0.162114 0.563925
0.119156 -0.164644 0.561577
0.126812 -0.165327 0.560736
0.126814 -0.160612 0.561307
0.125908 -0.160974 0.567540
0.122105 -0.161602 0.563775
0.129742 -0.166897 0.562177
0.124405 -0.164695 0.564439
0.128349 -0.162533 0.566650
0.131198 -0.166051 0.572557
0.122679 -0.164206 0.568226
0.129860 -0.162449 0.572764
0.118053 -0.160794 0.570127
0.133246 -0.159251 0.569792
0.131961 -0.164676 0.565181
0.128221 -0.163317 0.562322
0.128220 -0.160876 0.571476
0.131666 -0.162993 0.568416
0.126746 -0.162213 0.562391
0.132175 -0.163839 0.570204
0.131015 -0.160122 0.570699
0.136361 -0.165508 0.567530
0.129777 -0.162705 0.569652
0.131067 -0.165365 0.579012
0.133997 -0.164927 0.570611
0.131758 -0.165523 0.573525
0.126923 -0.159588 0.571813
0.131391 -0.158776 0.568943
0.135756 -0.163136 0.575437
0.133687 -0.161347 0.573852
0.136898 -0.165201 0.572749
0.136213 -0.161054 0.574135
0.132017 -0.163431 0.569720
0.134536 -0.159662 0.574462
0.135694 -0.162087 0.576461
0.137126 -0.166423 0.572931
0.136937 -0.166065 0.578685
0.132442 -0.160633 0.578570
0.133581 -0.162923 0.570838
0.138976 -0.164459 0.573160
0.140006 -0.164208 0.580047
0.135625 -0.162707 0.578039
0.129694 -0.163393 0.580770
0.131609 -0.162336 0.578829
0.132859 -0.167677 0.580669
0.136874 -0.159091 0.578919
0.137386 -0.161522 0.582926
0.139530 -0.157198 0.582927
0.141715 -0.161150 0.579868
0.138324 -0.159554 0.575077
0.143055 -0.165722 0.582071
0.132944 -0.161312 0.584707
0.138818 -0.164655 0.582683
0.137587 -0.163350 0.585054
0.140012 -0.158402 0.584124
0.139790 -0.164790 0.583526
0.140805 -0.167409 0.587984
0.138787 -0.159151 0.586717
0.143557 -0.165268 0.587967
0.140340 -0.168760 0.581981
0.141241 -0.164631 0.586227
0.134563 -0.158984 0.588395
0.143369 -0.164224 0.587313
0.140807 -0.160204 0.588975
0.138257 -0.153330 0.591734
0.146547 -0.161941 0.590037
0.138421 -0.166096 0.589225
0.137967 -0.158154 0.592146
0.141782 -0.158866 0.590063
0.136297 -0.159478 0.595321
0.141420 -0.163879 0.588200
0.147318 -0.165584 0.595802
0.137497 -0.165433 0.591069
0.143925 -0.159337 0.594312
0.138300 -0.167043 0.594907
0.145161 -0.163673 0.590743
0.142707 -0.167887 0.590149
0.139097 -0.167774 0.591495
0.143129 -0.160248 0.595805
0.140482 -0.161844 0.592953
0.142337 -0.160913 0.599905
0.142896 -0.165012 0.598793
0.142823 -0.159872 0.596066
0.138884 -0.163869 0.597744
0.142328 -0.168042 0.602054
0.141270 -0.164145 0.595464
0.140082 -0.159895 0.606364
0.140713 -0.158781 0.597456
0.144055 -0.163081 0.605532
0.138960 -0.168444 0.601575
0.145458 -0.162652 0.598487
0.142278 -0.160658 0.598583
0.143744 -0.161470 0.607377
0.143405 -0.158223 0.599666
0.143183 -0.159397 0.604228
0.146844 -0.156309 0.601726
0.145668 -0.164918 0.604440
0.144643 -0.159595 0.605981
0.143563 -0.165689 0.603395
0.144338 -0.161881 0.605796
0.137750 -0.160104 0.601999
0.147114 -0.156215 0.604024
0.141397 -0.161446 0.602635
0.144740 -0.168717 0.607775
0.140334 -0.160300 0.605335
0.140578 -0.155799 0.608109
0.143156 -0.166242 0.607643
0.139649 -0.163962 0.610933
0.141345 -0.162289 0.613475
0.142823 -0.161890 0.611277
0.144829 -0.163866 0.608751
0.143107 -0.159345 0.613668
0.142155 -0.160835 0.616367
0.137571 -0.164716 0.612842
0.142072 -0.158908 0.613177
0.140698 -0.162836 0.615831
0.142771 -0.160162 0.617270
0.144246 -0.162962 0.617820
0.133986 -0.163875 0.616020
0.143713 -0.161707 0.617090
0.138482 -0.158133 0.613900
0.136555 -0.164701 0.612664
0.142370 -0.157365 0.619620
0.138924 -0.165033 0.618651
0.140682 -0.168345 0.620614
0.136717 -0.164014 0.614793
0.142184 -0.159241 0.617846
0.136782 -0.157082 0.614956
0.137139 -0.166857 0.622392
0.132468 -0.161213 0.623028
0.131261 -0.161810 0.621576
0.138985 -0.162347 0.622495
0.134276 -0.157132 0.621823
0.135893 -0.163600 0.622661
0.136319 -0.158288 0.620239
0.135083 -0.159778 0.623845
0.138614 -0.160918 0.620871
0.131156 -0.160149 0.624562
0.138181 -0.164324 0.626066
0.136297 -0.163441 0.625332
0.130063 -0.156109 0.621382
0.131538 -0.157774 0.625633
0.137319 -0.163712 0.623717
0.137771 -0.162465 0.627396
0.134043 -0.154502 0.628558
0.139747 -0.159171 0.623971
0.134888 -0.160345 0.632675
0.136388 -0.160424 0.625558
0.132942 -0.159113 0.626807
0.131198 -0.164910 0.625791
0.131804 -0.163176 0.628630
0.132446 -0.163978 0.624930
0.130270 -0.160890 0.627007
0.132032 -0.167411 0.630286
0.127053 -0.163153 0.629292
0.134198 -0.164707 0.632596
0.130229 -0.160247 0.629950
0.132653 -0.166707 0.632640
0.130028 -0.162208 0.634906
0.127041 -0.159032 0.632298
0.125343 -0.161555 0.635217
0.132397 -0.158337 0.633744
0.125710 -0.162685 0.627652
0.131738 -0.157773 0.635720
0.125992 -0.159859 0.629247
0.130017 -0.162052 0.635047
0.122171 -0.160432 0.629029
0.121698 -0.159776 0.635561
0.120291 -0.162740 0.631132
0.123811 -0.161517 0.639074
0.122584 -0.164849 0.636680
0.123737 -0.160404 0.631667
0.123281 -0.158705 0.633550
0.118550 -0.159602 0.634064
0.125416 -0.165444 0.633975
0.124851 -0.163733 0.631077
0.116415 -0.164029 0.633301
0.119261 -0.161562 0.639153
0.123561 -0.162079 0.561904
0.120211 -0.161070 0.558205
0.120916 -0.154636 0.560110
0.119441 -0.159171 0.563696
0.118115 -0.156050 0.567483
0.123178 -0.155929 0.561366
0.125587 -0.165869 0.563216
0.121972 -0.162458 0.565886
0.124540 -0.154277 0.566922
0.118738 -0.160229 0.562672
0.124602 -0.156046 0.566922
0.126317 -0.158001 0.566686
0.127193 -0.158085 0.564566
0.125019 -0.162056 0.566933
0.126399 -0.157525 0.568809
0.132397 -0.158954 0.565915
0.119712 -0.156368 0.565318
0.129875 -0.156000 0.565921
0.131116 -0.165522 0.570775
0.128803 -0.162379 0.571384
0.131746 -0.154574 0.566814
0.133588 -0.164568 0.570237
0.130048 -0.160790 0.572187
0.133170 -0.163034 0.570960
0.128864 -0.156745 0.569316
0.135222 -0.162745 0.575219
0.135787 -0.158830 0.571899
0.127336 -0.157562 0.571219
0.130381 -0.157855 0.574772
0.131607 -0.157191 0.572088
0.136400 -0.162534 0.572965
0.127000 -0.157454 0.574528
0.137782 -0.161428 0.572069
0.130936 -0.155304 0.580219
0.131846 -0.159442 0.573632
0.132333 -0.156632 0.575903
0.134888 -0.156320 0.577596
0.130800 -0.155314 0.571042
0.138043 -0.160523 0.578190
0.132615 -0.157009 0.579435
0.139492 -0.161000 0.576922
0.134370 -0.158401 0.577568
0.132206 -0.156232 0.579819
0.134590 -0.159621 0.576588
0.133334 -0.157938 0.578436
0.136657 -0.155973 0.579362
0.139868 -0.159916 0.583381
0.132079 -0.161225 0.581898
0.138410 -0.160107 0.579182
0.135987 -0.157006 0.580230
0.134900 -0.157813 0.583440
0.140493 -0.156273 0.584256
0.138656 -0.159855 0.585848
0.144391 -0.159536 0.585606
0.141023 -0.164154 0.579611
0.137231 -0.161475 0.589062
0.138248 -0.157167 0.584857
0.143882 -0.162257 0.588386
0.137428 -0.160939 0.585710
0.143865 -0.159981 0.588695
0.140980 -0.160763 0.584152
0.139601 -0.154524 0.580031
0.141837 -0.160766 0.584402
0.140173 -0.157430 0.581319
0.142836 -0.157483 0.592118
0.135710 -0.155390 0.585977
0.136984 -0.157182 0.589218
0.135703 -0.166183 0.584501
0.140213 -0.155458 0.591388
0.140311 -0.160826 0.590730
0.139135 -0.160361 0.592852
0.139464 -0.155658 0.590414
0.146115 -0.157161 0.593540
0.141030 -0.161635 0.589541
0.143720 -0.158572 0.595015
0.143345 -0.158422 0.590673
0.139138 -0.159338 0.592260
0.143900 -0.159009 0.592736
0.137140 -0.161842 0.600826
0.143645 -0.158934 0.595721
0.140960 -0.158596 0.591292
0.143303 -0.155427 0.596963
0.138116 -0.156664 0.597536
0.142898 -0.158179 0.593479
0.146247 -0.161721 0.598770
0.143900 -0.162401 0.598326
0.138173 -0.163597 0.597128
0.147583 -0.157306 0.595447
0.143418 -0.153949 0.595688
0.142768 -0.160235 0.600265
0.143265 -0.159960 0.599924
0.143441 -0.156946 0.603357
0.143390 -0.157558 0.605733
0.144647 -0.160763 0.598992
0.141716 -0.156150 0.604065
0.142300 -0.159641 0.602524
0.140178 -0.162545 0.601613
0.136658 -0.160652 0.602448
0.142505 -0.159042 0.605886
0.144530 -0.161715 0.602650
0.142215 -0.160897 0.607314
0.145026 -0.162860 0.608056
0.137838 -0.160550 0.607491
0.145227 -0.155614 0.602586
0.139901 -0.156739 0.608166
0.143607 -0.160705 0.611792
0.146059 -0.159150 0.611996
0.141720 -0.161717 0.608844
0.141925 -0.157187 0.608902
0.140436 -0.157287 0.608474
0.140730 -0.160344 0.608179
0.141152 -0.163406 0.609508
0.144736 -0.160356 0.612100
0.137224 -0.157859 0.614258
0.142617 -0.163773 0.609091
0.141994 -0.159733 0.614537
0.137951 -0.155999 0.612353
0.135745 -0.156810 0.608664
0.140276 -0.163476 0.614433
0.138580 -0.159255 0.621312
0.140562 -0.161073 0.614944
0.135831 -0.161174 0.616402
0.142102 -0.161314 0.622320
0.137625 -0.157315 0.615790
0.140578 -0.159356 0.617445
0.140245 -0.158943 0.618028
0.138317 -0.159633 0.617409
0.139126 -0.158588 0.619868
0.137659 -0.153057 0.618652
0.137566 -0.161943 0.616382
0.137003 -0.153755 0.618540
0.136810 -0.155707 0.620113
0.142006 -0.163314 0.622513
0.139286 -0.161933 0.621732
0.134451 -0.157759 0.624091
0.135439 -0.163397 0.613953
0.132070 -0.159977 0.622399
0.131132 -0.158099 0.630475
0.140379 -0.152150 0.626370
0.141458 -0.159769 0.626957
0.134128 -0.164393 0.623697
0.134228 -0.158848 0.625224
0.134178 -0.158968 0.619653
0.133277 -0.161547 0.623845
0.136630 -0.162550 0.628328
0.136702 -0.164262 0.624995
0.136731 -0.159000 0.625391
0.130876 -0.161760 0.628262
0.133215 -0.158379 0.626860
0.129799 -0.154113 0.625680
0.135231 -0.159519 0.632083
0.132337 -0.162988 0.628306
0.131398 -0.154955 0.623757
0.127313 -0.163363 0.631653
0.127657 -0.157374 0.629610
0.124660 -0.157823 0.631612
0.124295 -0.162983 0.630052
0.128904 -0.160556 0.629817
0.130713 -0.162867 0.626928
0.132554 -0.158262 0.626387
0.136797 -0.157257 0.626577
0.124172 -0.157529 0.635661
0.126323 -0.160091 0.630874
0.121350 -0.156896 0.634865
0.130823 -0.160658 0.629747
0.127937 -0.154128 0.632764
0.127380 -0.158742 0.627549
0.127997 -0.156136 0.630914
0.119320 -0.160255 0.635569
0.126925 -0.156149 0.630786
0.126864 -0.160685 0.632163
0.120133 -0.155013 0.633030
0.123577 -0.164206 0.637368
0.124384 -0.159697 0.637980
0.121853 -0.159526 0.633304
0.121526 -0.157900 0.633385
0.129980 -0.159867 0.630832
0.123396 -0.160992 0.635716
0.123072 -0.162527 0.637901
0.115424 -0.153363 0.638738
0.121682 -0.157541 0.560755
0.124406 -0.156957 0.560738
0.119161 -0.158093 0.562452
0.124854 -0.155935 0.561755
0.121824 -0.159772 0.560226
0.117697 -0.158099 0.564472
0.124069 -0.154789 0.567674
0.121204 -0.153582 0.570123
0.128464 -0.154604 0.568977
0.129899 -0.157041 0.565589
0.124682 -0.161095 0.562934
0.128369 -0.155373 0.565875
0.123867 -0.158569 0.572680
0.127037 -0.156881 0.569265
0.129753 -0.158913 0.562259
0.127035 -0.154968 0.568937
0.127690 -0.158879 0.569234
0.128755 -0.154610 0.565637
0.130890 -0.158106 0.570788
0.128103 -0.155172 0.566988
0.130612 -0.152808 0.564846
0.130825 -0.159182 0.570799
0.128342 -0.159134 0.568531
0.130263 -0.153959 0.566311
0.128325 -0.150902 0.569952
0.132863 -0.160446 0.576347
0.128207 -0.157909 0.573919
0.135545 -0.156755 0.574177
0.130029 -0.154775 0.572594
0.130589 -0.156862 0.572520
0.129244 -0.159606 0.575703
0.136461 -0.155254 0.573727
0.133820 -0.154252 0.569823
0.131256 -0.153889 0.573714
0.135543 -0.151169 0.568031
0.132250 -0.160870 0.574608
0.137753 -0.156988 0.574675
0.136144 -0.159710 0.577762
0.132058 -0.160946 0.576625
0.140591 -0.159067 0.577404
0.132280 -0.151722 0.574767
0.138055 -0.155541 0.576983
0.138096 -0.156396 0.578205
0.133003 -0.157753 0.575887
0.138260 -0.163420 0.577801
0.131175 -0.152668 0.577469
0.136672 -0.155171 0.582508
0.135619 -0.157281 0.578775
0.136815 -0.154869 0.581505
0.137866 -0.158504 0.581200
0.139986 -0.158324 0.580877
0.136901 -0.158503 0.580828
0.142135 -0.155661 0.585180
0.134022 -0.154328 0.581913
0.134533 -0.160844 0.582747
0.136521 -0.157758 0.586809
0.138809 -0.160809 0.588502
0.144352 -0.157904 0.582883
0.139750 -0.155614 0.580802
0.145553 -0.153312 0.586697
0.139129 -0.157032 0.592031
0.142180 -0.152511 0.582405
0.140789 -0.159197 0.586612
0.143094 -0.159519 0.586442
0.144457 -0.154319 0.589285
0.138035 -0.156895 0.590634
0.134739 -0.154770 0.586516
0.139847 -0.149012 0.590653
0.140405 -0.152716 0.587184
0.142319 -0.153288 0.586518
0.143404 -0.159527 0.587851
0.145365 -0.160279 0.592667
0.144953 -0.150217 0.593057
0.146066 -0.158646 0.594480
0.140650 -0.153839 0.592092
0.142677 -0.155896 0.589147
0.138819 -0.158010 0.586813
0.135292 -0.149421 0.588057
0.141025 -0.155439 0.596477
0.145556 -0.155406 0.592366
0.143587 -0.150502 0.595181
0.144716 -0.151876 0.593211
0.141903 -0.154422 0.600716
0.141655 -0.156115 0.593185
0.140393 -0.153970 0.598549
0.138669 -0.153331 0.598397
0.142842 -0.155377 0.597656
0.141645 -0.152871 0.601871
0.143830 -0.154850 0.601111
0.139422 -0.159045 0.599742
0.142321 -0.161342 0.599199
0.142627 -0.148005 0.597017
0.138621 -0.154547 0.599511
0.146044 -0.160713 0.602695
0.140719 -0.159439 0.604264
0.144762 -0.152767 0.604973
0.139992 -0.156024 0.603331
0.144634 -0.152512 0.605812
0.143614 -0.161831 0.603673
0.144423 -0.154955 0.604395
0.146629 -0.153857 0.604877
0.148137 -0.159238 0.606864
0.143533 -0.162766 0.606286
0.140531 -0.157639 0.609284
0.140285 -0.155743 0.606327
0.136609 -0.150399 0.607887
0.144646 -0.153197 0.609625
0.148656 -0.155493 0.608999
0.142179 -0.159301 0.608391
0.142475 -0.159527 0.612005
0.141023 -0.158910 0.606778
0.143190 -0.156624 0.615336
0.137022 -0.157744 0.611525
0.139423 -0.154951 0.611965
0.147734 -0.151547 0.612697
0.140184 -0.155064 0.610872
0.141517 -0.156743 0.614984
0.139185 -0.158806 0.615535
0.138658 -0.154163 0.616348
0.140479 -0.156204 0.612481
0.137618 -0.154328 0.608102
0.138956 -0.152161 0.618416
0.141985 -0.150486 0.617219
0.140386 -0.157492 0.619706
0.137020 -0.154853 0.620013
0.140946 -0.151555 0.616928
0.132155 -0.156887 0.618300
0.138581 -0.157813 0.617060
0.136586 -0.153112 0.614864
0.135504 -0.160293 0.617269
0.136421 -0.150761 0.618534
0.140229 -0.151739 0.614179
0.133847 -0.160126 0.621111
0.137520 -0.161226 0.614460
0.137913 -0.157478 0.617955
0.134810 -0.156265 0.622597
0.143811 -0.159451 0.621607
0.141473 -0.153256 0.624977
0.133398 -0.155086 0.619490
0.137388 -0.156994 0.623786
0.134757 -0.155425 0.627524
0.136383 -0.153138 0.631665
0.135465 -0.154418 0.623618
0.132948 -0.163006 0.626709
0.136305 -0.155291 0.625743
0.134195 -0.159254 0.632460
0.132217 -0.156883 0.623676
0.131734 -0.151816 0.629048
0.129140 -0.155259 0.627549
0.142968 -0.160470 0.626178
0.133151 -0.158626 0.626937
0.130692 -0.153201 0.628129
0.134660 -0.155205 0.628696
0.135643 -0.158186 0.630787
0.131469 -0.160434 0.630129
0.132735 -0.155845 0.633190
0.125627 -0.154624 0.630856
0.133370 -0.157912 0.627232
0.129449 -0.160129 0.630730
0.132352 -0.152506 0.631430
0.125561 -0.158866 0.634527
0.130556 -0.156589 0.630794
0.124502 -0.157615 0.628532
0.134480 -0.157306 0.632821
0.120976 -0.152683 0.631314
0.123248 -0.157765 0.634063
0.128166 -0.158523 0.630766
0.125395 -0.157627 0.633065
0.125887 -0.156230 0.624808
0.124819 -0.155148 0.629420
0.123560 -0.160866 0.632447
0.122600 -0.150506 0.638509
0.122984 -0.156944 0.634145
0.123230 -0.149280 0.640767
0.116670 -0.156321 0.629441
0.126591 -0.158987 0.635710
0.119257 -0.155994 0.636207
0.122554 -0.154910 0.634215
0.120049 -0.152814 0.635705
0.116503 -0.154961 0.633340
0.119331 -0.146814 0.567661
0.121431 -0.154930 0.568746
0.114008 -0.156685 0.562006
0.124055 -0.159534 0.562457
0.121410 -0.147981 0.560473
0.133911 -0.147246 0.563711
0.124882 -0.152624 0.565779
0.120352 -0.149414 0.567668
0.125429 -0.147878 0.561905
0.122488 -0.148426 0.566077
0.122143 -0.148516 0.562948
0.130599 -0.149779 0.566449
0.129416 -0.155003 0.564793
0.129216 -0.153798 0.569455
0.128906 -0.153660 0.560404
0.126995 -0.149235 0.563836
0.130279 -0.153410 0.564609
0.127640 -0.157670 0.570085
0.134773 -0.150524 0.568466
0.126296 -0.153699 0.571357
0.130920 -0.152578 0.571662
0.132931 -0.156180 0.570711
0.125514 -0.153221 0.571580
0.134335 -0.153051 0.568446
0.129238 -0.150688 0.570022
0.129470 -0.149840 0.568790
0.136222 -0.152380 0.566078
0.134631 -0.150685 0.571700
0.132539 -0.152105 0.567599
0.127203 -0.152883 0.573666
0.128803 -0.151600 0.572446
0.129151 -0.155499 0.570660
0.128925 -0.152871 0.569454
0.135903 -0.153286 0.573581
0.139528 -0.155550 0.575925
0.130246 -0.153525 0.571269
0.132142 -0.149712 0.572951
0.130480 -0.154036 0.575178
0.135196 -0.152353 0.568436
0.135193 -0.144857 0.575750
0.134556 -0.151000 0.570192
0.133271 -0.149363 0.578122
0.133635 -0.153827 0.574736
0.138461 -0.149243 0.573487
0.139448 -0.153870 0.580311
0.140212 -0.152388 0.582135
0.136681 -0.150266 0.577768
0.138469 -0.151240 0.577951
0.134484 -0.155196 0.583184
0.136383 -0.152248 0.586973
0.133401 -0.155649 0.579831
0.138252 -0.153520 0.586792
0.136431 -0.155280 0.582840
0.137952 -0.153135 0.581946
0.137891 -0.150303 0.578137
0.145958 -0.149197 0.584808
0.143269 -0.154223 0.583823
0.143013 -0.151691 0.584546
0.141994 -0.153383 0.581161
0.135645 -0.152763 0.586344
0.135920 -0.150938 0.588531
0.144835 -0.153143 0.581606
0.138516 -0.157307 0.583385
0.137241 -0.147841 0.583952
0.140828 -0.150822 0.584499
0.148878 -0.154167 0.582240
0.140004 -0.155767 0.587639
0.139986 -0.149952 0.589767
0.148691 -0.155812 0.594343
0.147651 -0.152990 0.597018
0.144104 -0.151016 0.596332
0.143180 -0.153741 0.594264
0.141475 -0.150039 0.593855
0.139211 -0.151645 0.593800
0.138999 -0.157925 0.590279
0.143196 -0.150453 0.592806
0.143766 -0.150313 0.591285
0.142210 -0.153621 0.595732
0.145572 -0.150132 0.592736
0.144298 -0.150049 0.591004
0.142454 -0.154476 0.596447
0.146435 -0.154642 0.592807
0.137496 -0.153446 0.596411
0.148003 -0.156347 0.597167
0.144489 -0.149052 0.594748
0.144046 -0.157070 0.596218
0.144163 -0.154537 0.597543
0.145560 -0.155090 0.595858
0.139821 -0.150226 0.600953
0.139291 -0.154175 0.599738
0.144125 -0.150486 0.600126
0.141481 -0.155511 0.601517
0.145588 -0.152015 0.600240
0.146021 -0.151252 0.596707
0.131698 -0.154914 0.601122
0.144993 -0.151139 0.600979
0.140355 -0.151371 0.599898
0.141890 -0.149432 0.603302
0.138505 -0.155666 0.601362
0.141145 -0.158013 0.604179
0.141425 -0.147689 0.606389
0.136500 -0.150332 0.607219
0.136470 -0.150682 0.605931
0.142115 -0.156680 0.604218
0.145389 -0.149585 0.609171
0.139872 -0.148814 0.603850
0.139217 -0.150589 0.604571
0.141736 -0.156964 0.603519
0.143363 -0.155980 0.605648
0.142347 -0.152863 0.611858
0.143232 -0.153034 0.607787
0.139531 -0.153338 0.611986
0.139773 -0.153372 0.612716
0.140509 -0.153803 0.609592
0.147147 -0.151163 0.607472
0.141302 -0.151903 0.615013
0.140099 -0.155798 0.609039
0.139840 -0.154173 0.611662
0.142065 -0.153612 0.614884
0.141061 -0.150852 0.616050
0.143887 -0.156692 0.611092
0.140496 -0.150576 0.618788
0.137670 -0.157180 0.614712
0.137934 -0.154096 0.616164
0.137754 -0.152414 0.615358
0.141471 -0.146377 0.616768
0.138056 -0.149729 0.613900
0.134330 -0.147544 0.612685
0.133846 -0.149497 0.622297
0.133511 -0.153309 0.619244
0.132730 -0.152043 0.618091
0.142933 -0.155911 0.618882
0.136942 -0.154227 0.620118
0.137114 -0.153891 0.622711
0.135650 -0.155822 0.617838
0.142216 -0.148626 0.620615
0.136340 -0.153229 0.622857
0.139201 -0.155038 0.627627
0.134644 -0.152659 0.621132
0.139215 -0.154547 0.625409
0.139247 -0.155439 0.620913
0.138991 -0.152309 0.620036
0.138449 -0.147718 0.626072
0.136607 -0.147282 0.626464
0.131203 -0.153692 0.628849
0.132141 -0.155024 0.625526
0.135409 -0.152580 0.626416
0.136809 -0.155244 0.625788
0.131260 -0.155909 0.625613
0.133529 -0.150448 0.627129
0.131968 -0.153512 0.629919
0.132808 -0.150229 0.628387
0.132658 -0.151194 0.626114
0.130316 -0.149058 0.625486
0.127452 -0.159077 0.623366
0.133611 -0.155073 0.626500
0.126238 -0.150743 0.631526
0.131362 -0.156878 0.632844
0.129108 -0.157107 0.635847
0.131202 -0.152957 0.623116
0.126969 -0.155715 0.637140
0.129364 -0.151455 0.634888
0.130218 -0.151713 0.632661
0.130015 -0.151642 0.634362
0.128398 -0.156730 0.636165
0.127253 -0.154365 0.635000
0.127416 -0.151067 0.632404
0.127110 -0.152210 0.637210
0.126222 -0.150815 0.633003
0.126041 -0.156718 0.637318
0.127324 -0.152706 0.632493
0.121982 -0.150943 0.638233
0.118999 -0.154768 0.634885
0.127775 -0.154185 0.631165
0.123167 -0.150207 0.636964
0.121524 -0.154299 0.641432
0.120536 -0.150401 0.639824
0.120292 -0.149674 0.640594
0.122760 -0.153374 0.640287
0.121653 -0.157138 0.637309
0.120615 -0.143580 0.568522
0.123506 -0.144682 0.558527
0.124760 -0.149535 0.565574
0.129296 -0.147966 0.566041
0.118854 -0.151516 0.565603
0.121227 -0.147198 0.559920
0.126744 -0.148711 0.565671
0.127566 -0.145594 0.561527
0.126742 -0.149559 0.567865
0.125495 -0.146889 0.567516
0.130258 -0.149537 0.560541
0.125040 -0.154091 0.565373
0.119994 -0.149777 0.567744
0.128626 -0.150712 0.563885
0.126217 -0.151054 0.561256
0.125280 -0.148691 0.567831
0.129902 -0.149202 0.567633
0.131839 -0.151039 0.566145
0.129093 -0.150040 0.571163
0.130401 -0.150580 0.564900
0.124492 -0.153379 0.570739
0.128946 -0.153289 0.572491
0.131768 -0.150298 0.576455
0.122689 -0.146621 0.565704
0.133062 -0.146242 0.570238
0.127335 -0.147301 0.568631
0.135405 -0.148900 0.572692
0.132356 -0.143083 0.571146
0.129930 -0.146706 0.564198
0.128508 -0.142932 0.574320
0.131863 -0.143705 0.576808
0.132586 -0.148701 0.579134
0.135537 -0.149081 0.571128
0.134367 -0.150997 0.576605
0.131002 -0.151210 0.570689
0.135591 -0.148700 0.576001
0.136164 -0.147759 0.575569
0.130545 -0.147118 0.576409
0.139205 -0.150405 0.578679
0.131552 -0.150168 0.577529
0.137808 -0.143347 0.579174
0.133517 -0.144007 0.577997
0.137828 -0.148078 0.578426
0.133019 -0.148141 0.579713
0.137459 -0.149687 0.582900
0.133187 -0.146219 0.585220
0.137389 -0.146453 0.580192
0.140373 -0.149323 0.577601
0.132395 -0.151151 0.581142
0.138494 -0.151961 0.579990
0.141362 -0.143026 0.581195
0.131578 -0.148935 0.584612
0.141320 -0.149012 0.584413
0.138751 -0.142388 0.577573
0.138557 -0.151331 0.579965
0.136613 -0.152108 0.572994
0.146638 -0.154522 0.581751
0.136331 -0.153110 0.583904
0.138455 -0.146333 0.582077
0.139948 -0.155158 0.585862
0.143687 -0.148447 0.590294
0.139319 -0.149564 0.584641
0.138802 -0.150544 0.589485
0.145627 -0.149554 0.585400
0.144475 -0.145669 0.590442
0.140126 -0.151409 0.590764
0.146597 -0.149207 0.592540
0.145109 -0.144259 0.589217
0.143995 -0.145349 0.591965
0.144750 -0.149849 0.588230
0.132505 -0.146826 0.591383
0.144631 -0.150985 0.593036
0.143250 -0.149931 0.590007
0.137785 -0.150191 0.590557
0.135761 -0.153996 0.590751
0.147341 -0.147576 0.587843
0.139264 -0.147021 0.595856
0.141663 -0.148651 0.591549
0.144962 -0.144515 0.593373
0.142254 -0.147832 0.597389
0.146263 -0.145822 0.596314
0.138627 -0.151251 0.593896
0.141217 -0.147156 0.592129
0.140289 -0.149734 0.603231
0.146989 -0.148535 0.597986
0.143559 -0.149019 0.596601
0.142117 -0.148560 0.597659
0.145116 -0.151386 0.599759
0.138624 -0.148251 0.596519
0.143015 -0.148818 0.601972
0.144334 -0.148414 0.602961
0.140569 -0.143738 0.597773
0.142716 -0.148735 0.599910
0.145039 -0.151136 0.600873
0.142328 -0.150856 0.602075
0.141995 -0.146269 0.604124
0.140873 -0.148769 0.605903
0.138133 -0.148023 0.606422
0.138536 -0.153844 0.600628
0.139879 -0.154573 0.605725
0.139851 -0.151862 0.605615
0.142721 -0.149564 0.605717
0.145363 -0.145166 0.608600
0.146614 -0.146123 0.608558
0.141007 -0.146662 0.603049
0.142584 -0.148422 0.605912
0.142945 -0.148127 0.605471
0.139840 -0.154181 0.608442
0.143950 -0.151590 0.609567
0.139347 -0.153332 0.611899
0.141743 -0.153457 0.612106
0.140876 -0.153564 0.616677
0.138069 -0.146162 0.613563
0.143797 -0.152973 0.613990
0.146501 -0.151518 0.616337
0.143500 -0.148762 0.610915
0.141042 -0.143902 0.613127
0.142316 -0.149806 0.608410
0.134201 -0.142997 0.619905
0.143116 -0.148764 0.613248
0.144939 -0.148146 0.618544
0.142536 -0.154977 0.611105
0.142426 -0.148026 0.612016
0.142501 -0.146939 0.615666
0.141732 -0.148541 0.618626
0.141756 -0.143926 0.617950
0.141206 -0.147973 0.616160
0.134340 -0.150570 0.618808
0.138664 -0.152320 0.618739
0.139787 -0.149426 0.623476
0.136610 -0.142513 0.618469
0.145483 -0.146216 0.622365
0.139701 -0.145451 0.619152
0.135861 -0.150986 0.622243
0.138123 -0.145072 0.616099
0.137251 -0.151176 0.628265
0.137987 -0.154111 0.619680
0.129325 -0.144080 0.622634
0.133612 -0.147292 0.622976
0.135702 -0.152070 0.622587
0.130605 -0.147068 0.624532
0.133188 -0.153561 0.624812
0.137456 -0.146266 0.622511
0.130687 -0.151067 0.622954
0.136072 -0.148622 0.628142
0.134481 -0.149245 0.627237
0.134872 -0.150332 0.626784
0.128077 -0.149503 0.621501
0.134603 -0.153152 0.627973
0.131920 -0.149120 0.621860
0.129927 -0.146987 0.625638
0.129559 -0.151817 0.626392
0.134490 -0.144631 0.627430
0.130453 -0.148592 0.628920
0.127570 -0.150357 0.629469
0.129315 -0.147767 0.632104
0.127050 -0.151765 0.629359
0.125668 -0.144816 0.630634
0.130675 -0.146531 0.624174
0.129852 -0.152587 0.631210
0.128549 -0.151201 0.631372
0.131736 -0.145383 0.632651
0.124095 -0.147663 0.629787
0.126165 -0.147427 0.632925
0.128655 -0.147220 0.632388
0.129734 -0.149514 0.628104
0.128912 -0.152489 0.632406
0.128216 -0.144248 0.632062
0.123216 -0.150414 0.638560
0.125326 -0.149232 0.634652
0.125921 -0.153434 0.634271
0.126766 -0.150213 0.634787
0.124164 -0.149778 0.631887
0.122548 -0.150726 0.637268
0.128404 -0.154264 0.634583
0.122349 -0.151714 0.641514
0.121782 -0.153978 0.633829
0.126657 -0.151961 0.635046
0.118775 -0.152954 0.637896
0.124401 -0.153145 0.643285
0.121863 -0.149772 0.564787
0.122118 -0.146172 0.564606
0.121654 -0.144745 0.565462
0.119504 -0.140162 0.565004
0.120716 -0.148042 0.566029
0.123388 -0.146813 0.561977
0.123409 -0.145705 0.565648
0.128087 -0.147479 0.565130
0.123074 -0.151951 0.563027
0.123555 -0.142237 0.567330
0.119689 -0.138088 0.569869
0.122767 -0.146850 0.568948
0.126775 -0.145472 0.566138
0.129368 -0.145397 0.571557
0.125976 -0.146127 0.570896
0.126279 -0.146889 0.567812
0.125702 -0.146495 0.567827
0.129035 -0.150183 0.564958
0.129706 -0.142531 0.568842
0.129120 -0.146248 0.568018
0.131595 -0.145146 0.568666
0.126619 -0.144941 0.567317
0.133584 -0.147335 0.564028
0.132240 -0.145686 0.571383
0.130920 -0.145685 0.573481
0.129657 -0.148090 0.567350
0.132837 -0.138971 0.570289
0.133434 -0.137648 0.570367
0.128305 -0.146530 0.571618
0.131451 -0.145504 0.573885
0.132511 -0.141627 0.575276
0.132220 -0.144271 0.567468
0.135446 -0.143340 0.577846
0.129730 -0.145030 0.573418
0.130313 -0.143713 0.572820
0.139208 -0.144854 0.577601
0.135544 -0.143968 0.572765
0.132818 -0.145078 0.577323
0.132691 -0.146890 0.573954
0.133026 -0.146232 0.573568
0.133612 -0.142186 0.579117
0.128084 -0.143097 0.583589
0.137031 -0.146150 0.576590
0.131503 -0.144870 0.575791
0.134635 -0.143279 0.577374
0.140269 -0.142927 0.574372
0.139685 -0.144677 0.576512
0.133954 -0.143784 0.579329
0.134497 -0.149123 0.577700
0.142186 -0.144249 0.578348
0.139687 -0.144752 0.581569
0.138020 -0.145397 0.582903
0.132142 -0.148264 0.579037
0.139592 -0.145654 0.581160
0.141225 -0.147158 0.581100
0.138024 -0.146015 0.576041
0.144840 -0.145999 0.583500
0.137625 -0.144112 0.586392
0.138941 -0.145993 0.587946
0.142873 -0.143893 0.581633
0.138931 -0.146203 0.578035
0.132887 -0.152419 0.589465
0.141491 -0.147194 0.585547
0.142049 -0.141672 0.587340
0.136593 -0.145032 0.589104
0.141701 -0.150445 0.588279
0.138623 -0.149442 0.585092
0.141601 -0.144866 0.589627
0.141467 -0.147584 0.584449
0.144028 -0.143539 0.586611
0.144340 -0.145604 0.591029
0.135246 -0.147651 0.590096
0.139808 -0.145298 0.594440
0.146889 -0.141693 0.586300
0.144588 -0.148501 0.589466
0.144798 -0.146940 0.592776
0.137783 -0.147503 0.592729
0.143718 -0.143374 0.596206
0.134999 -0.147026 0.592650
0.139482 -0.145547 0.593767
0.139198 -0.148970 0.594747
0.151447 -0.141929 0.591126
0.141659 -0.146020 0.595289
0.146047 -0.147949 0.595591
0.144322 -0.145269 0.598234
0.139469 -0.147485 0.599914
0.142833 -0.140595 0.592483
0.139294 -0.143500 0.602272
0.144401 -0.144380 0.597423
0.141240 -0.149177 0.598447
0.138230 -0.145920 0.598212
0.141483 -0.148091 0.602650
0.143220 -0.148494 0.602883
0.142081 -0.148078 0.597112
0.145759 -0.147826 0.604855
0.144521 -0.147252 0.603373
0.139944 -0.145513 0.601359
0.140477 -0.141972 0.605331
0.141515 -0.145897 0.606942
0.139860 -0.145447 0.604496
0.138521 -0.143425 0.603651
0.135799 -0.145014 0.604657
0.135958 -0.147062 0.609743
0.142608 -0.148832 0.608174
0.142007 -0.144931 0.608294
0.138876 -0.147918 0.612726
0.144551 -0.142524 0.606838
0.140675 -0.144602 0.611184
0.139474 -0.140797 0.604220
0.141604 -0.147108 0.602672
0.141582 -0.146721 0.606246
0.139685 -0.144709 0.613277
0.138851 -0.144756 0.606865
0.141636 -0.147701 0.612117
0.145158 -0.142680 0.607618
0.140719 -0.148846 0.611288
0.143234 -0.149540 0.616436
0.142155 -0.148546 0.615024
0.138966 -0.146642 0.612906
0.145111 -0.144447 0.615227
0.142365 -0.147247 0.617815
0.140332 -0.147986 0.614912
0.140595 -0.145246 0.620004
0.142400 -0.144193 0.615660
0.140805 -0.144947 0.617157
0.136190 -0.148462 0.615774
0.134380 -0.148180 0.616109
0.140895 -0.146289 0.623701
0.144340 -0.145316 0.620146
0.138074 -0.145288 0.620285
0.139754 -0.146386 0.617097
0.140872 -0.149119 0.622940
0.144161 -0.145671 0.620940
0.136063 -0.149650 0.619678
0.132475 -0.143919 0.620002
0.138741 -0.147000 0.619720
0.138516 -0.142825 0.619585
0.137524 -0.140300 0.618517
0.136930 -0.146953 0.623463
0.137865 -0.145977 0.619711
0.137405 -0.145705 0.628669
0.136773 -0.145741 0.625897
0.137636 -0.149166 0.622597
0.136014 -0.144229 0.623280
0.134751 -0.143634 0.625754
0.131081 -0.153159 0.624034
0.133129 -0.147516 0.627298
0.134415 -0.149665 0.627299
0.134878 -0.143254 0.627348
0.133182 -0.147399 0.631791
0.134162 -0.144422 0.629149
0.134818 -0.147063 0.622981
0.128676 -0.141192 0.626910
0.132473 -0.144623 0.632600
0.130896 -0.142851 0.632566
0.129138 -0.146504 0.629458
0.128601 -0.145515 0.629430
0.133949 -0.144393 0.632878
0.133582 -0.140488 0.628976
0.133156 -0.141086 0.629185
0.124190 -0.144706 0.623935
0.128764 -0.146751 0.632965
0.125518 -0.146168 0.631094
0.124676 -0.144241 0.633696
0.129994 -0.148413 0.632702
0.119724 -0.147676 0.632162
0.128806 -0.144619 0.639691
0.124864 -0.147015 0.633863
0.130366 -0.147322 0.634398
0.126836 -0.145709 0.630782
0.125134 -0.147325 0.630757
0.125576 -0.144844 0.637366
0.122049 -0.148101 0.637536
0.124570 -0.147706 0.632997
0.124850 -0.150283 0.637497
0.121323 -0.147965 0.642425
0.127619 -0.151240 0.632041
0.122577 -0.143282 0.635834
0.119304 -0.146339 0.636627
0.117279 -0.149999 0.631363
0.124604 -0.140721 0.564756
0.120935 -0.139169 0.563079
0.124617 -0.145321 0.565125
0.124215 -0.140983 0.563062
0.120505 -0.141476 0.565406
0.124777 -0.142879 0.564310
0.120236 -0.144184 0.570449
0.124079 -0.142723 0.566540
0.126681 -0.145157 0.566555
0.125066 -0.141989 0.566377
0.119578 -0.144553 0.566362
0.126657 -0.136938 0.568305
0.132493 -0.145778 0.569214
0.132898 -0.139089 0.569079
0.127878 -0.138891 0.566722
0.123476 -0.145696 0.559530
0.126831 -0.142137 0.560964
0.131871 -0.142374 0.564979
0.125361 -0.144202 0.571111
0.130745 -0.142309 0.569571
0.127627 -0.144052 0.570490
0.129978 -0.141433 0.569011
0.133145 -0.140519 0.569435
0.134328 -0.145887 0.564445
0.123808 -0.141108 0.571301
0.131317 -0.136402 0.570880
0.127958 -0.138672 0.567571
0.128648 -0.134622 0.573028
0.131554 -0.140853 0.569282
0.136324 -0.145280 0.572979
0.127011 -0.141578 0.574775
0.138228 -0.139110 0.572298
0.133209 -0.141787 0.572348
0.131420 -0.142454 0.577714
0.129657 -0.142197 0.578292
0.131408 -0.148577 0.575195
0.128916 -0.141143 0.573942
0.135566 -0.146332 0.570720
0.139844 -0.137860 0.577661
0.134757 -0.143552 0.572360
0.134935 -0.138326 0.575503
0.137160 -0.140571 0.576124
0.133577 -0.145620 0.579771
0.129183 -0.140216 0.576644
0.134109 -0.140117 0.574994
0.136844 -0.138185 0.576896
0.132526 -0.143973 0.580682
0.134836 -0.139890 0.573870
0.139394 -0.138873 0.576564
0.138420 -0.146050 0.575039
0.141311 -0.145574 0.575949
0.138437 -0.142572 0.579645
0.139489 -0.140169 0.580915
0.136770 -0.141314 0.581446
0.130609 -0.144176 0.581991
0.143805 -0.147582 0.585907
0.134821 -0.139293 0.581222
0.142679 -0.135738 0.581177
0.137106 -0.145579 0.585531
0.142603 -0.142261 0.582563
0.137040 -0.145015 0.583897
0.133913 -0.139954 0.582230
0.139724 -0.136446 0.586689
0.136212 -0.139911 0.586616
0.136657 -0.140213 0.588409
0.143388 -0.138728 0.582434
0.142078 -0.145320 0.591803
0.134685 -0.141737 0.590823
0.145521 -0.141332 0.594438
0.140438 -0.144886 0.588237
0.139428 -0.142449 0.586188
0.140722 -0.141666 0.597488
0.137472 -0.141815 0.593476
0.139927 -0.139655 0.590458
0.140525 -0.139501 0.593563
0.133812 -0.145021 0.592995
0.135428 -0.139698 0.598529
0.146081 -0.144573 0.590405
0.139316 -0.145831 0.591330
0.142335 -0.146679 0.594636
0.141094 -0.142886 0.594665
0.141673 -0.145576 0.594193
0.140940 -0.141463 0.596586
0.143931 -0.145606 0.595941
0.143134 -0.143616 0.597107
0.145968 -0.139434 0.595696
0.143106 -0.145237 0.597551
0.137012 -0.141939 0.597082
0.143056 -0.139087 0.598698
0.143544 -0.144221 0.602221
0.142229 -0.135710 0.605008
0.140241 -0.139285 0.598511
0.144326 -0.137359 0.600900
0.136852 -0.143448 0.598624
0.140484 -0.140161 0.606790
0.145767 -0.143659 0.605318
0.136492 -0.136548 0.604397
0.142591 -0.142429 0.610822
0.143686 -0.144340 0.603645
0.138732 -0.140194 0.607449
0.139302 -0.141091 0.605212
0.144989 -0.139637 0.609740
0.142508 -0.146778 0.604051
0.140801 -0.144870 0.607953
0.140482 -0.140946 0.605448
0.141913 -0.139712 0.613152
0.144032 -0.141642 0.606345
0.139729 -0.139437 0.609624
0.144381 -0.142666 0.608932
0.137999 -0.144030 0.611032
0.147568 -0.137228 0.609216
0.142132 -0.145238 0.607441
0.134985 -0.140348 0.610971
0.132924 -0.143487 0.617063
0.141898 -0.146483 0.613491
0.142279 -0.144789 0.608912
0.139606 -0.142833 0.615047
0.137515 -0.143499 0.614702
0.143800 -0.142804 0.615015
0.144987 -0.140103 0.616757
0.136525 -0.141204 0.612075
0.137026 -0.139261 0.613097
0.140193 -0.141972 0.613118
0.134543 -0.149610 0.614337
0.139439 -0.144840 0.618720
0.135701 -0.135257 0.614330
0.140174 -0.142266 0.616841
0.136432 -0.148618 0.613774
0.135632 -0.148780 0.620117
0.133506 -0.142083 0.617394
0.134308 -0.139774 0.623761
0.134852 -0.141130 0.618912
0.137003 -0.141465 0.613651
0.134117 -0.145435 0.619646
0.138252 -0.147697 0.623238
0.137280 -0.141967 0.618788
0.137115 -0.140930 0.622632
0.139377 -0.139600 0.620049
0.135842 -0.141827 0.623243
0.130981 -0.146446 0.624925
0.137324 -0.143054 0.617865
0.134063 -0.146243 0.628638
0.135107 -0.143544 0.632012
0.132067 -0.141817 0.627945
0.137118 -0.144285 0.623516
0.135777 -0.143360 0.629158
0.134659 -0.141367 0.625397
0.132238 -0.141267 0.629417
0.134508 -0.144671 0.626544
0.129098 -0.145593 0.623459
0.134225 -0.136874 0.630753
0.132489 -0.146166 0.624971
0.134897 -0.134989 0.630890
0.128345 -0.141495 0.636616
0.131760 -0.143950 0.628956
0.133429 -0.143113 0.624938
0.128806 -0.141304 0.628087
0.123583 -0.141481 0.630653
0.124185 -0.148600 0.633822
0.131337 -0.141129 0.635750
0.129829 -0.148194 0.633263
0.126508 -0.139755 0.635914
0.127250 -0.140947 0.635826
0.127115 -0.145207 0.630903
0.124584 -0.137209 0.634831
0.125570 -0.140200 0.639507
0.127022 -0.137476 0.627936
0.123121 -0.143658 0.635392
0.125041 -0.147573 0.632733
0.127539 -0.140384 0.630750
0.123047 -0.142908 0.634388
0.125889 -0.140618 0.628216
0.125752 -0.144331 0.635820
0.121923 -0.137342 0.632626
0.121137 -0.146664 0.632460
0.122819 -0.138211 0.632834
0.123776 -0.141405 0.643109
0.116904 -0.138848 0.642445
0.123267 -0.145120 0.642046
0.120294 -0.145484 0.641277
0.119483 -0.135870 0.564669
0.122244 -0.138391 0.565521
0.116358 -0.143905 0.562799
0.127173 -0.137972 0.563887
0.123692 -0.141206 0.564659
0.125386 -0.136786 0.568688
0.121583 -0.140447 0.566739
0.129304 -0.140749 0.570342
0.123283 -0.139585 0.569159
0.125260 -0.138567 0.562396
0.125149 -0.133243 0.565306
0.126462 -0.143571 0.566111
0.125877 -0.140739 0.566220
0.126232 -0.138461 0.565656
0.125725 -0.139411 0.564400
0.125189 -0.138644 0.566202
0.129286 -0.140561 0.571416
0.129672 -0.133672 0.563560
0.122387 -0.133231 0.566242
0.125141 -0.136096 0.573858
0.137175 -0.133864 0.566793
0.127523 -0.138104 0.566630
0.131326 -0.140357 0.571775
0.128474 -0.145563 0.568327
0.127698 -0.139684 0.571094
0.129537 -0.138514 0.569628
0.133650 -0.143448 0.573116
0.132607 -0.142151 0.575627
0.135072 -0.136967 0.571778
0.132791 -0.140863 0.572448
0.135612 -0.142126 0.569000
0.134139 -0.136659 0.572530
0.138302 -0.132967 0.567755
0.131179 -0.144129 0.577649
0.127694 -0.138816 0.570614
0.128773 -0.135549 0.574780
0.132696 -0.140527 0.576006
0.139022 -0.138633 0.577424
0.132554 -0.139366 0.575796
0.130424 -0.134985 0.574552
0.136561 -0.138933 0.580804
0.132258 -0.138966 0.577742
0.134902 -0.136005 0.573512
0.137874 -0.140465 0.578599
0.133298 -0.136992 0.583796
0.136385 -0.140766 0.575112
0.135863 -0.137321 0.574772
0.134856 -0.137324 0.584070
0.146910 -0.137259 0.581786
0.141687 -0.143957 0.582737
0.137066 -0.140794 0.580296
0.136758 -0.147792 0.580008
0.141486 -0.140685 0.584271
0.138454 -0.138710 0.582295
0.138712 -0.141331 0.581875
0.143856 -0.145938 0.584070
0.142926 -0.143477 0.587548
0.138004 -0.139393 0.580291
0.144658 -0.137287 0.588325
0.141930 -0.138094 0.588145
0.137454 -0.139697 0.587531
0.142836 -0.139095 0.586425
0.137540 -0.133257 0.587030
0.140480 -0.135322 0.585897
0.142828 -0.145532 0.588492
0.141106 -0.138308 0.592082
0.143845 -0.138519 0.589045
0.140450 -0.139724 0.588266
0.141220 -0.142586 0.590810
0.136462 -0.137300 0.588021
0.137967 -0.137229 0.592153
0.140173 -0.137893 0.589120
0.145390 -0.136037 0.591296
0.143707 -0.137441 0.590781
0.141065 -0.138259 0.596283
0.132392 -0.141613 0.594886
0.142171 -0.138016 0.591721
0.140331 -0.137448 0.590032
0.141969 -0.134713 0.588955
0.143304 -0.142327 0.594768
0.139311 -0.137115 0.595555
0.144544 -0.137627 0.597612
0.142824 -0.144564 0.593263
0.138933 -0.137484 0.602547
0.136615 -0.136789 0.595919
0.140701 -0.140605 0.596315
0.145339 -0.138153 0.598049
0.141283 -0.143661 0.596907
0.139603 -0.142827 0.599333
0.141064 -0.137793 0.599895
0.143899 -0.139816 0.601532
0.141490 -0.144473 0.598910
0.144231 -0.141859 0.605859
0.150143 -0.140523 0.606965
0.139467 -0.133564 0.604446
0.146922 -0.133511 0.603757
0.145950 -0.142495 0.601989
0.140337 -0.140384 0.603685
0.142250 -0.139983 0.605980
0.144078 -0.138458 0.605588
0.143329 -0.145352 0.602174
0.149068 -0.144761 0.605741
0.137281 -0.145519 0.607117
0.140615 -0.142243 0.603333
0.140071 -0.137458 0.608408
0.141631 -0.131216 0.608483
0.142577 -0.137067 0.601398
0.140113 -0.141459 0.607035
0.137952 -0.138864 0.608932
0.144164 -0.142734 0.610829
0.136943 -0.137188 0.610664
0.144152 -0.136841 0.614290
0.144750 -0.140530 0.608226
0.142613 -0.139303 0.613618
0.141745 -0.140397 0.611220
0.137659 -0.139370 0.610258
0.140576 -0.140276 0.617286
0.137578 -0.145295 0.614683
0.137464 -0.138282 0.617233
0.140371 -0.142435 0.617094
0.139509 -0.140692 0.616397
0.140204 -0.136448 0.616168
0.141715 -0.134043 0.611452
0.134227 -0.137594 0.618250
0.138756 -0.138514 0.618519
0.142024 -0.142121 0.617530
0.138012 -0.141105 0.614298
0.139042 -0.142778 0.615353
0.138397 -0.142018 0.618333
0.137547 -0.137558 0.619461
0.138919 -0.137402 0.624319
0.137162 -0.146145 0.620164
0.135458 -0.133376 0.622407
0.140540 -0.138848 0.619583
0.136496 -0.139433 0.615784
0.140298 -0.141913 0.622110
0.131645 -0.137374 0.622619
0.134228 -0.139531 0.616972
0.135777 -0.140625 0.631781
0.128717 -0.138854 0.622346
0.136599 -0.137064 0.628553
0.132371 -0.135606 0.626521
0.136367 -0.130352 0.626098
0.135901 -0.139509 0.623532
0.131017 -0.137749 0.625743
0.131989 -0.140214 0.624661
0.134465 -0.137735 0.625019
0.130509 -0.138853 0.632756
0.131624 -0.137042 0.628060
0.129449 -0.139510 0.627646
0.137206 -0.138196 0.628359
0.132839 -0.137327 0.629616
0.129653 -0.142388 0.628536
0.133211 -0.139924 0.628474
0.130873 -0.138821 0.634365
0.130898 -0.132043 0.633449
0.126396 -0.140885 0.628639
0.129953 -0.141276 0.630624
0.130306 -0.142854 0.632137
0.128500 -0.141556 0.632608
0.125386 -0.133539 0.630175
0.130662 -0.133739 0.628143
0.127189 -0.137875 0.632317
0.133258 -0.138891 0.632972
0.126039 -0.136813 0.629025
0.129309 -0.138392 0.628989
0.125399 -0.138297 0.633911
0.122604 -0.146033 0.629032
0.130042 -0.140670 0.627559
0.127242 -0.139603 0.637228
0.124427 -0.140644 0.636122
0.124530 -0.145116 0.639399
0.123905 -0.133984 0.632261
0.126675 -0.136491 0.630596
0.125689 -0.138240 0.629138
0.123831 -0.135557 0.635536
0.120530 -0.135209 0.637768
0.126367 -0.137089 0.637216
0.120564 -0.140417 0.636759
0.128412 -0.139046 0.638945
0.118573 -0.136041 0.564338
0.117802 -0.137199 0.566238
0.129151 -0.133584 0.563062
0.123741 -0.140214 0.562053
0.119666 -0.135780 0.565100
0.122080 -0.137695 0.570069
0.128922 -0.134944 0.563466
0.128852 -0.130881 0.563772
0.124281 -0.139262 0.559355
0.122970 -0.132757 0.560922
0.126637 -0.135060 0.561419
0.125777 -0.135371 0.566628
0.125189 -0.135929 0.564238
0.124866 -0.136932 0.565346
0.126224 -0.135509 0.569987
0.124565 -0.135728 0.571448
0.132655 -0.135310 0.568411
0.132713 -0.138802 0.568198
0.128489 -0.136551 0.574898
0.130834 -0.137670 0.567071
0.135193 -0.133782 0.568468
0.130182 -0.135304 0.568816
0.129490 -0.134320 0.570718
0.129201 -0.133938 0.573205
0.132221 -0.128307 0.571654
0.134651 -0.137400 0.568362
0.133943 -0.136699 0.570660
0.131552 -0.138752 0.572489
0.133416 -0.137251 0.570813
0.124714 -0.134068 0.574846
0.131224 -0.138267 0.573343
0.138955 -0.132092 0.574558
0.132174 -0.134980 0.576234
0.140651 -0.135347 0.578663
0.135279 -0.133521 0.571851
0.130216 -0.134354 0.572447
0.133870 -0.137905 0.579699
0.134875 -0.139863 0.573323
0.139188 -0.136426 0.577063
0.131628 -0.135001 0.574703
0.136275 -0.138948 0.577050
0.137439 -0.139046 0.579781
0.134951 -0.134975 0.573462
0.131998 -0.136386 0.580956
0.133501 -0.134526 0.574501
0.130870 -0.133557 0.580707
0.137829 -0.135920 0.581638
0.137107 -0.137091 0.577603
0.130380 -0.136264 0.581656
0.133818 -0.134416 0.584418
0.137086 -0.136078 0.584530
0.143059 -0.135571 0.578557
0.137705 -0.135098 0.584431
0.142975 -0.136705 0.582944
0.139937 -0.132420 0.576180
0.138914 -0.136651 0.586070
0.137158 -0.134320 0.587936
0.137039 -0.139205 0.580651
0.139248 -0.139501 0.586624
0.138977 -0.134790 0.584819
0.144430 -0.132445 0.579733
0.143487 -0.135054 0.584301
0.142694 -0.133675 0.587753
0.140134 -0.135962 0.585971
0.143522 -0.139359 0.592914
0.145298 -0.136447 0.587885
0.141899 -0.133622 0.588987
0.139334 -0.138772 0.587602
0.137632 -0.135037 0.591225
0.147597 -0.137808 0.587377
0.140971 -0.136682 0.588140
0.143733 -0.134906 0.590446
0.138119 -0.139208 0.591383
0.141040 -0.139304 0.594718
0.140803 -0.135973 0.592487
0.137899 -0.137269 0.586215
0.144034 -0.137984 0.589978
0.140246 -0.132330 0.595076
0.146512 -0.131531 0.595121
0.144932 -0.135929 0.587974
0.143972 -0.134909 0.594399
0.138927 -0.135022 0.592624
0.144477 -0.133612 0.595820
0.137919 -0.135480 0.596285
0.141264 -0.132978 0.598942
0.135225 -0.133468 0.600654
0.140236 -0.135989 0.595628
0.145856 -0.137996 0.597006
0.139966 -0.137154 0.600971
0.137711 -0.134608 0.599136
0.142505 -0.132512 0.598107
0.139650 -0.135569 0.597939
0.143395 -0.136265 0.598278
0.142206 -0.134711 0.596991
0.145372 -0.138621 0.604832
0.139574 -0.135691 0.602835
0.147311 -0.133158 0.601829
0.143620 -0.135854 0.603514
0.140037 -0.135734 0.604055
0.138936 -0.135141 0.603082
0.145623 -0.141368 0.606883
0.137966 -0.135079 0.605578
0.138970 -0.137987 0.608687
0.143075 -0.135485 0.609004
0.143680 -0.135238 0.608275
0.140364 -0.134592 0.605334
0.141602 -0.135920 0.608092
0.141531 -0.133917 0.608797
0.137686 -0.138807 0.610327
0.140962 -0.136869 0.611587
0.140894 -0.136677 0.610203
0.144318 -0.133238 0.613892
0.138901 -0.136726 0.613271
0.133642 -0.132123 0.606486
0.136331 -0.139485 0.609361
0.139523 -0.129901 0.611544
0.140394 -0.136860 0.605838
0.136865 -0.127985 0.614486
0.142970 -0.143029 0.613037
0.139394 -0.135254 0.615434
0.140066 -0.135345 0.614437
0.135006 -0.134163 0.615064
0.141831 -0.134680 0.612262
0.142886 -0.141810 0.613076
0.139642 -0.136169 0.614925
0.135870 -0.133713 0.614906
0.138829 -0.132727 0.620549
0.142774 -0.137640 0.617687
0.143513 -0.133613 0.618625
0.133847 -0.136300 0.616177
0.140612 -0.134893 0.612920
0.133968 -0.137335 0.621720
0.138151 -0.135942 0.615990
0.137483 -0.131699 0.621970
0.138393 -0.136643 0.620190
0.137418 -0.128924 0.621784
0.137241 -0.138358 0.620246
0.129861 -0.133473 0.631041
0.134235 -0.136954 0.617557
0.135935 -0.131832 0.622053
0.134788 -0.130422 0.621207
0.138490 -0.136601 0.619473
0.132205 -0.134280 0.625740
0.136268 -0.133179 0.625725
0.135573 -0.136011 0.630794
0.129983 -0.138263 0.631737
0.135961 -0.131243 0.627890
0.141951 -0.137790 0.622719
0.130968 -0.138757 0.629916
0.129449 -0.138125 0.624349
0.137918 -0.134492 0.636059
0.132710 -0.137926 0.625478
0.123905 -0.129188 0.628038
0.133273 -0.137172 0.631048
0.135083 -0.137575 0.623860
0.132262 -0.136811 0.634778
0.133505 -0.135677 0.629042
0.135245 -0.135363 0.629095
0.133414 -0.133082 0.630080
0.136485 -0.129669 0.631562
0.132777 -0.138287 0.629918
0.127781 -0.135407 0.629740
0.122493 -0.130763 0.628848
0.126713 -0.133820 0.630032
0.129740 -0.135583 0.632470
0.125489 -0.132896 0.634869
0.126141 -0.135175 0.634382
0.125184 -0.136303 0.628667
0.125287 -0.136281 0.633528
0.129298 -0.134651 0.633688
0.127671 -0.133864 0.637072
0.129314 -0.140380 0.630683
0.126094 -0.138391 0.633890
0.117300 -0.134204 0.638362
0.125499 -0.134627 0.635768
0.121140 -0.133851 0.635811
0.121719 -0.136758 0.642014
0.119328 -0.132346 0.636536
0.123288 -0.135858 0.636391
0.124442 -0.133586 0.630968
0.122619 -0.132476 0.570528
0.117714 -0.134604 0.561805
0.120965 -0.132090 0.562051
0.128347 -0.129556 0.565250
0.125466 -0.131630 0.563955
0.124364 -0.135986 0.564779
0.120891 -0.134014 0.571725
0.119141 -0.132961 0.568362
0.125031 -0.130611 0.571115
0.125048 -0.131973 0.566039
0.130288 -0.131766 0.569409
0.128319 -0.135507 0.565230
0.122121 -0.128979 0.570429
0.130058 -0.136535 0.565139
0.129959 -0.135658 0.572168
0.124906 -0.135118 0.566091
0.128461 -0.134339 0.567594
0.127581 -0.131134 0.563157
0.124088 -0.134194 0.567965
0.131412 -0.127937 0.564370
0.132939 -0.131791 0.572538
0.128593 -0.129074 0.564626
0.126498 -0.126709 0.575143
0.130576 -0.135931 0.567404
0.132544 -0.128673 0.571268
0.133211 -0.133976 0.566418
0.131424 -0.134675 0.571118
0.133594 -0.132807 0.571988
0.131963 -0.131642 0.573386
0.133328 -0.131517 0.571213
0.133395 -0.132602 0.569173
0.133878 -0.135177 0.570370
0.134867 -0.135000 0.571822
0.130163 -0.131667 0.573259
0.135081 -0.131866 0.574708
0.137421 -0.129876 0.573125
0.140258 -0.136320 0.579549
0.133603 -0.130305 0.574652
0.132536 -0.128608 0.576729
0.138279 -0.129049 0.576351
0.134283 -0.130943 0.579741
0.129417 -0.125519 0.577084
0.137208 -0.132141 0.576826
0.137571 -0.133558 0.575975
0.134913 -0.133382 0.578495
0.132069 -0.129514 0.577653
0.140415 -0.133348 0.574073
0.140078 -0.136236 0.574522
0.131247 -0.132935 0.578949
0.133844 -0.130574 0.580876
0.137414 -0.135129 0.577543
0.140847 -0.127566 0.576085
0.142821 -0.129252 0.587397
0.136070 -0.134050 0.582453
0.136620 -0.131473 0.586406
0.140727 -0.129279 0.588465
0.136317 -0.130233 0.583765
0.137145 -0.133175 0.585531
0.141220 -0.131259 0.589985
0.142855 -0.128553 0.587348
0.137617 -0.126410 0.584545
0.136985 -0.132394 0.582805
0.140074 -0.132822 0.587046
0.136457 -0.125528 0.592272
0.140257 -0.135294 0.587675
0.140651 -0.133730 0.584329
0.137605 -0.139363 0.588091
0.136347 -0.130331 0.589736
0.141840 -0.138093 0.591799
0.143481 -0.133109 0.593604
0.137860 -0.129297 0.591064
0.139627 -0.133642 0.591566
0.138747 -0.133358 0.593044
0.137409 -0.134835 0.590597
0.142446 -0.135703 0.589227
0.139626 -0.137208 0.592538
0.143113 -0.133987 0.597922
0.141745 -0.121396 0.597174
0.139517 -0.131192 0.598334
0.140676 -0.135911 0.595003
0.143726 -0.129971 0.595041
0.145198 -0.130272 0.597595
0.142131 -0.130312 0.597322
0.143012 -0.130525 0.601620
0.143054 -0.133606 0.600187
0.140015 -0.133084 0.598410
0.143734 -0.132196 0.599540
0.139017 -0.135769 0.599982
0.139977 -0.131382 0.598484
0.148672 -0.138483 0.605886
0.144018 -0.131146 0.598894
0.146328 -0.129920 0.597403
0.143370 -0.137109 0.594974
0.141179 -0.128022 0.604958
0.139084 -0.130380 0.601077
0.141799 -0.132243 0.599998
0.147606 -0.133851 0.601288
0.142794 -0.135266 0.603925
0.145560 -0.127957 0.607196
0.143134 -0.130811 0.596796
0.136814 -0.131408 0.604645
0.139317 -0.135048 0.603755
0.139405 -0.130171 0.607334
0.144538 -0.131967 0.609374
0.145060 -0.137590 0.602678
0.139900 -0.129110 0.610183
0.139589 -0.136778 0.599757
0.140914 -0.136533 0.604782
0.145936 -0.128078 0.612398
0.139453 -0.136719 0.610195
0.143636 -0.132719 0.609450
0.140667 -0.134566 0.607166
0.142291 -0.130047 0.612214
0.132651 -0.130511 0.615623
0.140445 -0.130291 0.614369
0.138227 -0.128613 0.608738
0.137009 -0.125262 0.607631
0.138128 -0.132082 0.612783
0.142325 -0.132187 0.612265
0.141147 -0.131599 0.612171
0.138553 -0.126108 0.614124
0.143319 -0.137202 0.614726
0.135439 -0.136547 0.612839
0.139167 -0.135255 0.616756
0.137917 -0.134968 0.615992
0.134607 -0.132160 0.615009
0.135447 -0.132893 0.616330
0.138575 -0.131854 0.618430
0.134722 -0.124545 0.617484
0.132209 -0.130189 0.622201
0.139616 -0.129925 0.618112
0.138600 -0.131476 0.626355
0.136760 -0.131772 0.618321
0.142124 -0.132433 0.622483
0.134763 -0.133900 0.618878
0.139381 -0.134593 0.626483
0.133174 -0.129868 0.622528
0.133625 -0.130414 0.625075
0.134327 -0.131849 0.619162
0.136885 -0.132609 0.628056
0.135371 -0.135951 0.623695
0.134897 -0.134198 0.616649
0.132865 -0.132892 0.626027
0.141702 -0.135443 0.624041
0.136746 -0.129912 0.629017
0.143132 -0.128111 0.626295
0.131486 -0.131165 0.630004
0.133798 -0.131709 0.625933
0.134604 -0.134410 0.627436
0.134769 -0.129515 0.626970
0.134275 -0.132222 0.629374
0.131768 -0.132752 0.630836
0.129327 -0.130448 0.630622
0.128453 -0.134324 0.624596
0.130300 -0.132792 0.624379
0.130292 -0.135770 0.626614
0.134619 -0.132836 0.630802
0.130180 -0.138258 0.627661
0.130296 -0.131284 0.629812
0.132274 -0.133644 0.638296
0.133650 -0.133309 0.637639
0.131633 -0.135077 0.630599
0.129571 -0.129779 0.635517
0.131509 -0.130747 0.633496
0.130426 -0.131577 0.636839
0.129705 -0.134315 0.632341
0.129209 -0.133253 0.632355
0.124356 -0.131931 0.633465
0.129096 -0.129096 0.633339
0.124165 -0.132338 0.632803
0.122494 -0.139419 0.638598
0.121524 -0.135368 0.630901
0.130189 -0.130476 0.636825
0.126857 -0.130420 0.638068
0.126725 -0.129814 0.632261
0.123594 -0.132228 0.638132
0.126136 -0.128093 0.638835
0.121392 -0.131404 0.634753
0.121372 -0.133103 0.633092
0.120664 -0.133600 0.640950
0.120097 -0.127628 0.565569
0.123888 -0.130842 0.563365
0.127161 -0.131047 0.566685
0.119573 -0.124580 0.565162
0.126098 -0.127738 0.562398
0.120122 -0.127608 0.562260
0.125601 -0.129014 0.564252
0.128326 -0.129565 0.566114
0.123163 -0.127942 0.564579
0.124979 -0.122409 0.564266
0.122183 -0.129999 0.561041
0.124630 -0.131053 0.566962
0.127829 -0.125963 0.570321
0.126329 -0.129249 0.565482
0.129434 -0.123246 0.567567
0.125828 -0.127867 0.568673
0.125752 -0.126627 0.572369
0.123939 -0.130041 0.567323
0.133011 -0.130740 0.572945
0.128133 -0.128827 0.567439
0.127365 -0.133570 0.570572
0.129164 -0.135314 0.569139
0.132331 -0.123418 0.566184
0.130480 -0.124778 0.568100
0.132398 -0.131057 0.568337
0.129076 -0.132322 0.574082
0.132085 -0.127566 0.568398
0.125946 -0.135463 0.572580
0.132723 -0.130457 0.572826
0.135781 -0.125915 0.568110
0.129537 -0.129057 0.575009
0.131393 -0.128195 0.576138
0.130778 -0.137180 0.573172
0.133034 -0.126141 0.573096
0.131100 -0.128520 0.576162
0.135902 -0.131910 0.579054
0.131271 -0.128963 0.579757
0.138377 -0.132136 0.575141
0.141679 -0.126763 0.571650
0.139001 -0.131733 0.578629
0.132608 -0.127858 0.577676
0.137539 -0.126871 0.576330
0.132681 -0.126809 0.579820
0.137118 -0.129096 0.583436
0.141490 -0.126927 0.578931
0.135208 -0.122747 0.583426
0.138357 -0.137665 0.578614
0.136473 -0.134276 0.581552
0.137111 -0.129194 0.586651
0.136730 -0.128635 0.581913
0.141657 -0.128874 0.582215
0.144317 -0.130128 0.581454
0.138957 -0.132773 0.585618
0.139276 -0.132261 0.581286
0.137176 -0.126807 0.583642
0.140897 -0.123345 0.583544
0.138669 -0.130414 0.582978
0.136504 -0.126467 0.588983
0.140500 -0.128757 0.591562
0.138829 -0.127923 0.587199
0.135248 -0.130754 0.586830
0.136747 -0.129897 0.591103
0.139753 -0.129884 0.581237
0.143073 -0.130141 0.585601
0.140174 -0.126495 0.592881
0.135106 -0.127745 0.594515
0.144251 -0.127405 0.592062
0.137994 -0.128310 0.590558
0.140239 -0.129627 0.593093
0.142150 -0.131769 0.588897
0.140695 -0.126138 0.592599
0.137113 -0.133297 0.589956
0.142182 -0.131120 0.589565
0.143348 -0.133261 0.592418
0.140010 -0.127272 0.588428
0.134190 -0.128833 0.596307
0.143864 -0.132319 0.590801
0.143024 -0.121903 0.598290
0.141216 -0.131926 0.598460
0.137104 -0.134200 0.590848
0.137215 -0.128303 0.595121
0.140426 -0.132540 0.593845
0.145670 -0.129416 0.596502
0.141999 -0.130461 0.600477
0.143146 -0.129809 0.593259
0.140019 -0.132066 0.595207
0.141100 -0.126986 0.597277
0.143252 -0.129556 0.600223
0.140014 -0.127037 0.605683
0.144912 -0.125645 0.599810
0.145930 -0.125814 0.598762
0.142004 -0.130484 0.604233
0.145866 -0.131586 0.607350
0.142991 -0.132655 0.599294
0.142127 -0.127623 0.601865
0.145621 -0.130048 0.602391
0.143580 -0.130513 0.602660
0.144396 -0.131941 0.602124
0.139541 -0.129528 0.604173
0.142471 -0.127116 0.607339
0.143410 -0.128081 0.605182
0.142463 -0.125877 0.607989
0.147114 -0.134715 0.607126
0.139709 -0.133433 0.601121
0.144548 -0.129988 0.609879
0.134780 -0.129321 0.604434
0.140856 -0.124669 0.606248
0.139019 -0.130913 0.604872
0.135751 -0.133768 0.608337
0.142113 -0.128722 0.607730
0.144494 -0.126145 0.616157
0.141461 -0.126083 0.611493
0.144294 -0.129568 0.617144
0.145622 -0.132983 0.608702
0.139171 -0.130368 0.609180
0.140323 -0.125507 0.612856
0.137947 -0.132754 0.616205
0.138395 -0.124609 0.610536
0.141936 -0.128496 0.615660
0.142654 -0.129282 0.619440
0.144706 -0.128062 0.616978
0.137753 -0.129981 0.620191
0.138451 -0.125218 0.620348
0.135609 -0.137652 0.611846
0.143567 -0.130118 0.614475
0.142117 -0.130384 0.618174
0.134200 -0.134609 0.618407
0.133777 -0.130175 0.614734
0.144333 -0.129336 0.619025
0.141756 -0.129731 0.620080
0.139514 -0.130257 0.617600
0.141362 -0.131589 0.621632
0.132297 -0.134173 0.624162
0.137150 -0.127647 0.625320
0.136155 -0.128713 0.620571
0.133729 -0.128842 0.626360
0.140915 -0.129860 0.624839
0.139175 -0.122174 0.630822
0.138940 -0.126319 0.623047
0.131966 -0.124899 0.622452
0.134276 -0.130612 0.625674
0.138508 -0.128365 0.621853
0.136318 -0.131553 0.627357
0.130588 -0.132515 0.624808
0.131589 -0.131246 0.624917
0.135773 -0.130367 0.629258
0.134704 -0.130413 0.624825
0.127304 -0.126761 0.625625
0.133458 -0.128580 0.628288
0.127897 -0.135304 0.629459
0.129554 -0.130125 0.627431
0.135214 -0.131414 0.627812
0.124257 -0.128962 0.629248
0.131621 -0.128763 0.623145
0.131164 -0.129925 0.627416
0.132710 -0.133425 0.627855
0.130931 -0.129297 0.629304
0.125211 -0.124601 0.625087
0.129666 -0.126187 0.630153
0.131062 -0.126036 0.633202
0.124259 -0.127793 0.631927
0.133737 -0.130143 0.637409
0.123140 -0.130106 0.639271
0.128839 -0.126118 0.635242
0.130066 -0.125633 0.627252
0.123365 -0.129943 0.633161
0.126617 -0.128774 0.628985
0.126065 -0.132353 0.629815
0.125755 -0.130673 0.633140
0.123913 -0.132053 0.633895
0.124662 -0.132750 0.629556
0.123680 -0.124644 0.633642
0.126058 -0.132041 0.635792
0.115735 -0.129097 0.630572
0.122647 -0.131472 0.636958
0.127000 -0.131767 0.630912
0.126101 -0.133322 0.632890
0.121810 -0.131257 0.635303
0.119199 -0.130587 0.642088
0.120096 -0.130567 0.640496
0.125368 -0.123878 0.564838
0.125210 -0.123237 0.566130
0.121279 -0.127066 0.567357
0.123715 -0.120845 0.569707
0.123236 -0.126775 0.564562
0.124374 -0.128534 0.571362
0.128488 -0.124622 0.561896
0.119503 -0.123153 0.563811
0.125716 -0.123440 0.564608
0.128575 -0.129267 0.564254
0.121965 -0.124065 0.564964
0.119269 -0.121478 0.567842
0.124137 -0.133161 0.567460
0.121686 -0.125059 0.565612
0.129602 -0.128241 0.571294
0.131618 -0.126986 0.563314
0.126599 -0.129768 0.567999
0.123188 -0.124685 0.573240
0.123046 -0.128176 0.567235
0.129053 -0.124914 0.566391
0.129713 -0.126684 0.571736
0.130447 -0.123975 0.569744
0.131197 -0.124401 0.567875
0.130936 -0.122341 0.568664
0.130339 -0.125580 0.569138
0.130216 -0.123787 0.567301
0.132022 -0.124642 0.570035
0.130008 -0.128965 0.575844
0.130282 -0.123899 0.564565
0.130817 -0.122927 0.574118
0.135175 -0.126403 0.576870
0.133872 -0.126342 0.574297
0.132418 -0.126112 0.571722
0.136323 -0.125277 0.571278
0.134329 -0.131665 0.572965
0.134214 -0.128702 0.573880
0.135546 -0.126861 0.573327
0.135473 -0.131279 0.575650
0.136540 -0.127342 0.575670
0.133132 -0.124618 0.574102
0.139008 -0.130802 0.576070
0.136310 -0.125480 0.580878
0.140069 -0.119849 0.577942
0.133772 -0.127481 0.578996
0.139375 -0.127224 0.576498
0.134142 -0.131318 0.581079
0.144194 -0.127472 0.583707
0.133904 -0.122709 0.578934
0.143543 -0.124054 0.579332
0.135562 -0.123264 0.578058
0.135650 -0.131088 0.574414
0.139322 -0.125140 0.586474
0.141020 -0.128026 0.578788
0.140102 -0.123831 0.582736
0.141150 -0.129643 0.580898
0.136571 -0.118146 0.581454
0.137615 -0.127193 0.579955
0.137600 -0.125752 0.581118
0.145353 -0.123955 0.589947
0.136459 -0.126675 0.587323
0.145960 -0.129227 0.588235
0.136045 -0.121762 0.589959
0.145438 -0.125676 0.590225
0.140119 -0.131708 0.592875
0.145628 -0.124474 0.588621
0.145019 -0.119525 0.596859
0.133552 -0.125515 0.589469
0.141121 -0.122719 0.587135
0.143807 -0.129113 0.595060
0.141024 -0.127898 0.589143
0.141928 -0.127692 0.585777
0.138232 -0.122102 0.592461
0.136445 -0.128568 0.598658
0.147095 -0.123642 0.590915
0.142087 -0.124334 0.593518
0.143115 -0.128188 0.599283
0.138219 -0.126028 0.591582
0.141208 -0.121758 0.591460
0.145943 -0.125401 0.595924
0.140951 -0.128528 0.590453
0.145042 -0.124964 0.596023
0.143971 -0.125798 0.595207
0.141364 -0.127557 0.597835
0.145254 -0.129932 0.596287
0.138144 -0.121990 0.599526
0.142529 -0.128978 0.601679
0.139533 -0.120709 0.597665
0.146182 -0.121789 0.595389
0.142486 -0.126927 0.602736
0.140122 -0.123930 0.599929
0.142410 -0.122394 0.602114
0.141045 -0.127330 0.596664
0.142294 -0.129993 0.604661
0.144311 -0.129121 0.603380
0.142018 -0.122587 0.601217
0.144910 -0.126466 0.601681
0.137898 -0.125332 0.602675
0.140002 -0.128551 0.602099
0.139793 -0.126587 0.607101
0.144069 -0.128849 0.600575
0.142643 -0.124098 0.605182
0.141633 -0.124425 0.606467
0.143984 -0.127910 0.603410
0.146231 -0.124300 0.614115
0.143100 -0.123656 0.610089
0.137159 -0.127874 0.610724
0.139459 -0.125680 0.609877
0.138880 -0.125720 0.610103
0.142544 -0.126481 0.612367
0.142040 -0.126035 0.610346
0.141459 -0.122183 0.608806
0.138012 -0.128004 0.616105
0.139608 -0.122895 0.610456
0.137438 -0.127427 0.610918
0.141143 -0.130091 0.619225
0.137322 -0.119566 0.612932
0.138437 -0.125058 0.615160
0.140838 -0.123931 0.615521
0.141943 -0.126838 0.616500
0.136654 -0.122456 0.619656
0.134222 -0.120189 0.616317
0.138725 -0.125774 0.611762
0.141915 -0.123818 0.621984
0.139915 -0.128349 0.621226
0.143877 -0.128532 0.617776
0.139727 -0.124282 0.618237
0.137073 -0.127188 0.621384
0.139378 -0.124698 0.615148
0.139708 -0.120884 0.621996
0.136412 -0.123936 0.618229
0.135766 -0.123913 0.622759
0.140644 -0.123702 0.617058
0.134384 -0.123858 0.621044
0.133930 -0.124736 0.618303
0.137613 -0.126818 0.622147
0.139677 -0.125042 0.620434
0.131410 -0.128201 0.622055
0.137038 -0.127843 0.619872
0.139804 -0.126448 0.619496
0.134919 -0.126788 0.627060
0.136887 -0.128600 0.626966
0.134965 -0.126277 0.623563
0.134668 -0.127462 0.622335
0.131701 -0.127470 0.622617
0.133741 -0.123142 0.619806
0.130994 -0.123415 0.626207
0.132151 -0.127217 0.627677
0.130421 -0.125599 0.626600
0.130311 -0.130221 0.627273
0.129198 -0.125093 0.623071
0.133479 -0.129059 0.635372
0.129083 -0.121359 0.624415
0.124527 -0.123673 0.625384
0.133075 -0.124252 0.626537
0.129850 -0.129921 0.625359
0.127311 -0.124624 0.629243
0.127626 -0.129446 0.630473
0.128601 -0.125855 0.629025
0.132248 -0.131080 0.628011
0.126159 -0.125007 0.628948
0.127049 -0.128188 0.630335
0.124966 -0.128597 0.630915
0.128137 -0.121735 0.631554
0.128171 -0.124004 0.633951
0.126838 -0.126312 0.632567
0.133174 -0.127118 0.633211
0.128804 -0.124345 0.636160
0.124246 -0.126467 0.636785
0.123880 -0.122511 0.638896
0.124529 -0.124053 0.631380
0.121704 -0.127026 0.628378
0.127842 -0.124420 0.638674
0.123763 -0.128915 0.634271
0.120455 -0.127284 0.631853
0.121960 -0.126333 0.638507
0.119531 -0.126426 0.631908
0.119173 -0.124498 0.633210
0.122328 -0.122028 0.634870
0.120519 -0.124287 0.641718
0.128615 -0.126699 0.636482
0.120975 -0.120220 0.565310
0.121923 -0.119813 0.560061
0.125641 -0.123967 0.566336
0.124432 -0.123292 0.568267
0.122738 -0.123719 0.566446
0.120467 -0.117001 0.566549
0.124287 -0.122775 0.568487
0.122094 -0.117898 0.568456
0.124286 -0.128790 0.563180
0.126028 -0.121445 0.567441
0.123890 -0.121389 0.566797
0.123933 -0.119003 0.565519
0.118911 -0.123105 0.566114
0.125476 -0.123468 0.568103
0.127612 -0.123021 0.564717
0.122360 -0.120600 0.564630
0.126387 -0.120588 0.565000
0.128972 -0.125339 0.572754
0.128423 -0.123593 0.561367
0.125582 -0.120229 0.572336
0.132351 -0.123990 0.567027
0.131185 -0.121023 0.567901
0.128238 -0.124974 0.573710
0.129842 -0.122293 0.574562
0.127559 -0.120531 0.568972
0.135805 -0.115438 0.573903
0.133074 -0.120828 0.570490
0.129690 -0.123275 0.572454
0.134042 -0.127268 0.572722
0.126936 -0.119215 0.572054
0.142371 -0.116607 0.572057
0.134406 -0.119922 0.574757
0.129302 -0.122949 0.573273
0.133235 -0.122005 0.572347
0.141737 -0.123188 0.573637
0.129175 -0.123315 0.571847
0.135131 -0.125274 0.578338
0.132504 -0.125440 0.573188
0.130348 -0.123851 0.578262
0.129935 -0.123208 0.575980
0.127824 -0.125211 0.575982
0.137633 -0.119314 0.576090
0.134294 -0.120814 0.582803
0.134491 -0.119917 0.577331
0.134409 -0.116521 0.575813
0.136004 -0.127486 0.576753
0.140783 -0.127237 0.582111
0.136681 -0.123077 0.576993
0.137899 -0.125594 0.577033
0.141814 -0.124727 0.577655
0.134122 -0.119597 0.580524
0.134229 -0.121770 0.581775
0.140437 -0.115979 0.581535
0.136363 -0.114209 0.581298
0.143883 -0.120750 0.582617
0.144510 -0.120097 0.582740
0.141034 -0.122984 0.585265
0.140708 -0.121391 0.587208
0.131599 -0.120368 0.583936
0.140365 -0.120484 0.582974
0.137463 -0.122572 0.585935
0.140470 -0.124576 0.586135
0.138495 -0.126092 0.585625
0.138696 -0.119756 0.584899
0.138275 -0.120622 0.584092
0.138699 -0.123211 0.592608
0.143333 -0.121631 0.590324
0.138251 -0.121814 0.585652
0.145710 -0.121374 0.589711
0.138727 -0.119758 0.588084
0.139688 -0.121991 0.587388
0.140141 -0.121039 0.590797
0.144655 -0.121106 0.595310
0.133887 -0.122755 0.596681
0.145593 -0.121539 0.588607
0.138084 -0.125687 0.595826
0.140589 -0.125790 0.589194
0.138423 -0.121655 0.591281
0.142622 -0.119097 0.595752
0.143335 -0.118511 0.591598
0.143771 -0.120125 0.594596
0.137399 -0.123424 0.597887
0.145650 -0.120097 0.594633
0.143743 -0.121372 0.598909
0.144705 -0.118785 0.599814
0.143042 -0.122294 0.600664
0.140590 -0.119777 0.596777
0.143466 -0.121108 0.597567
0.142055 -0.118240 0.603825
0.144386 -0.116639 0.598808
0.141172 -0.121531 0.603257
0.143901 -0.123919 0.601293
0.141988 -0.122795 0.602861
0.138367 -0.122248 0.605395
0.142717 -0.127794 0.599452
0.143039 -0.121022 0.602345
0.137446 -0.118902 0.597760
0.138525 -0.122291 0.603916
0.143629 -0.128354 0.599359
0.144081 -0.122135 0.603559
0.142745 -0.125455 0.604496
0.147022 -0.123795 0.607026
0.139369 -0.124102 0.608711
0.144599 -0.120745 0.606796
0.143180 -0.122589 0.607195
0.139486 -0.118159 0.604163
0.142177 -0.124647 0.606324
0.143279 -0.119882 0.605131
0.141365 -0.118101 0.610367
0.136946 -0.126505 0.603328
0.144802 -0.126663 0.613641
0.137074 -0.119410 0.608376
0.138243 -0.128863 0.606762
0.136067 -0.127703 0.612954
0.147124 -0.129266 0.610449
0.141514 -0.123290 0.611801
0.139838 -0.123575 0.614826
0.139393 -0.122801 0.612931
0.143702 -0.125831 0.612289
0.140693 -0.123829 0.610267
0.143009 -0.121655 0.615850
0.139724 -0.123096 0.619220
0.140004 -0.120287 0.617553
0.136858 -0.122891 0.614493
0.147385 -0.123442 0.616985
0.136859 -0.122721 0.620055
0.139677 -0.123413 0.620859
0.142138 -0.118445 0.614180
0.135182 -0.124824 0.618398
0.141865 -0.125506 0.620657
0.139954 -0.120631 0.617394
0.138527 -0.122499 0.620164
0.134111 -0.115925 0.621081
0.135198 -0.122066 0.619882
0.133709 -0.123633 0.623419
0.135779 -0.124442 0.615527
0.138405 -0.118047 0.620925
0.137556 -0.120269 0.621943
0.136976 -0.123504 0.622163
0.137276 -0.121741 0.619709
0.133936 -0.117711 0.622868
0.131826 -0.118509 0.620503
0.136447 -0.112219 0.628860
0.135310 -0.119324 0.631029
0.135070 -0.117115 0.624673
0.127758 -0.122676 0.624006
0.133312 -0.120091 0.626140
0.134168 -0.115849 0.625195
0.136358 -0.123164 0.632580
0.136589 -0.120816 0.626635
0.134502 -0.127353 0.622736
0.131023 -0.125949 0.622155
0.130892 -0.117653 0.624989
0.134144 -0.117097 0.628561
0.127873 -0.122163 0.630587
0.125004 -0.118731 0.631860
0.128430 -0.120545 0.628757
0.132394 -0.122658 0.630886
0.131131 -0.120777 0.626990
0.127225 -0.124789 0.628531
0.131622 -0.126970 0.630678
0.129932 -0.127007 0.627422
0.128968 -0.126682 0.633766
0.129230 -0.119406 0.633320
0.124682 -0.117743 0.634465
0.125659 -0.121749 0.638574
0.124846 -0.121886 0.630988
0.123546 -0.120950 0.631533
0.130236 -0.121786 0.630281
0.122463 -0.129554 0.634811
0.127628 -0.122099 0.636459
0.125442 -0.125885 0.633063
0.125387 -0.124674 0.634172
0.122247 -0.122368 0.633845
0.128059 -0.118794 0.642406
0.121780 -0.122786 0.636991
0.128355 -0.122806 0.634251
0.124962 -0.125482 0.636327
0.126995 -0.125054 0.638129
0.123003 -0.124669 0.636041
0.124285 -0.120976 0.563257
0.123083 -0.119556 0.562432
0.123434 -0.123096 0.561184
0.118357 -0.117771 0.564358
0.123426 -0.120267 0.567057
0.125114 -0.123123 0.563963
0.126802 -0.123404 0.560701
0.124992 -0.114193 0.571162
0.129920 -0.126738 0.566236
0.126712 -0.122162 0.560679
0.123119 -0.119538 0.566697
0.120931 -0.118801 0.564789
0.126839 -0.119278 0.565846
0.126135 -0.115293 0.573152
0.125231 -0.118056 0.564659
0.125213 -0.120519 0.561460
0.127518 -0.112227 0.567421
0.132287 -0.118117 0.568164
0.133497 -0.119465 0.568941
0.126171 -0.116998 0.565404
0.132798 -0.116831 0.569612
0.132099 -0.123921 0.569164
0.133616 -0.122298 0.574616
0.131847 -0.119563 0.566390
0.132955 -0.118115 0.565323
0.128798 -0.117244 0.578443
0.129268 -0.120503 0.572262
0.132179 -0.118069 0.574597
0.125913 -0.119003 0.570961
0.134220 -0.119028 0.567392
0.133524 -0.122066 0.571091
0.134247 -0.116622 0.569940
0.133638 -0.111668 0.578482
0.130475 -0.124444 0.573112
0.134645 -0.118372 0.577824
0.134297 -0.118854 0.575930
0.130204 -0.117711 0.571796
0.131709 -0.117648 0.575368
0.136771 -0.117914 0.575252
0.138823 -0.116351 0.579061
0.136365 -0.119200 0.579716
0.137319 -0.119701 0.575423
0.139405 -0.115523 0.579737
0.130573 -0.118709 0.580719
0.129291 -0.115481 0.579926
0.138382 -0.119677 0.577120
0.138662 -0.117161 0.576478
0.136301 -0.115942 0.581659
0.140771 -0.120275 0.576009
0.135025 -0.116702 0.582635
0.137451 -0.119873 0.577785
0.140874 -0.121595 0.582141
0.140990 -0.124263 0.580590
0.145474 -0.122376 0.584724
0.137147 -0.115470 0.587382
0.141130 -0.119405 0.580375
0.142673 -0.117504 0.581214
0.139722 -0.119841 0.581001
0.139956 -0.116852 0.584874
0.139549 -0.123909 0.585933
0.143309 -0.119428 0.584090
0.143150 -0.117574 0.586437
0.143346 -0.122216 0.588057
0.137328 -0.123403 0.582716
0.144479 -0.119801 0.589457
0.135657 -0.118799 0.589309
0.142120 -0.113494 0.586586
0.141822 -0.119438 0.583756
0.143011 -0.122142 0.586534
0.138357 -0.119734 0.589452
0.146033 -0.121456 0.592537
0.143961 -0.118697 0.590293
0.144508 -0.117835 0.589260
0.140759 -0.120794 0.595256
0.139987 -0.124101 0.591785
0.143166 -0.115433 0.591864
0.140839 -0.122723 0.591715
0.144249 -0.119585 0.593429
0.141586 -0.117443 0.596953
0.141668 -0.115633 0.594965
0.140374 -0.119728 0.601655
0.143786 -0.121217 0.591947
0.144395 -0.118830 0.592596
0.145641 -0.119867 0.597984
0.138596 -0.116302 0.599803
0.146358 -0.113034 0.600954
0.144374 -0.112406 0.596862
0.144279 -0.117679 0.600867
0.143061 -0.118633 0.599262
0.142749 -0.118109 0.599095
0.140175 -0.117967 0.597897
0.144803 -0.116933 0.600116
0.142534 -0.118950 0.599319
0.143179 -0.125995 0.603980
0.138626 -0.117388 0.602619
0.139903 -0.112334 0.596838
0.142268 -0.123327 0.597194
0.137729 -0.118667 0.597507
0.139958 -0.120112 0.603188
0.141548 -0.117043 0.608578
0.144766 -0.113527 0.603852
0.143345 -0.119765 0.606826
0.139750 -0.114766 0.601524
0.137828 -0.120754 0.604811
0.148841 -0.117614 0.608771
0.140564 -0.116131 0.600582
0.143684 -0.117928 0.608547
0.144175 -0.122074 0.608000
0.144528 -0.120334 0.608033
0.145425 -0.116189 0.612053
0.135459 -0.115116 0.610103
0.140438 -0.117452 0.615323
0.140894 -0.122576 0.611224
0.138753 -0.116726 0.607964
0.137985 -0.120636 0.610042
0.142496 -0.120666 0.610553
0.140552 -0.123703 0.612458
0.140236 -0.118259 0.611812
0.138870 -0.118514 0.611880
0.143875 -0.121483 0.615432
0.146415 -0.120216 0.618243
0.140984 -0.115134 0.620505
0.138321 -0.116643 0.618250
0.138130 -0.114595 0.613398
0.140474 -0.120942 0.616896
0.139239 -0.118080 0.621540
0.133307 -0.124051 0.618587
0.144783 -0.115745 0.617941
0.138173 -0.120288 0.616332
0.138422 -0.121930 0.617282
0.138876 -0.114894 0.616937
0.139532 -0.116030 0.618850
0.137958 -0.118070 0.618671
0.139958 -0.117344 0.623363
0.137552 -0.116188 0.618265
0.137193 -0.121156 0.618865
0.135320 -0.122753 0.623740
0.139498 -0.116037 0.620371
0.137547 -0.121824 0.622915
0.135888 -0.116259 0.622917
0.132774 -0.111773 0.626611
0.134845 -0.117326 0.619392
0.134808 -0.117816 0.624352
0.127040 -0.116613 0.620637
0.136991 -0.117939 0.625566
0.136369 -0.114897 0.629049
0.128095 -0.122611 0.624783
0.129140 -0.118849 0.627479
0.137375 -0.117372 0.629036
0.134096 -0.122359 0.628497
0.128013 -0.119483 0.631209
0.130021 -0.122336 0.630489
0.127715 -0.119040 0.626712
0.125074 -0.120010 0.633065
0.126394 -0.117277 0.626238
0.127868 -0.114254 0.635438
0.129553 -0.121403 0.629415
0.129925 -0.114593 0.628794
0.135071 -0.119314 0.629504
0.124597 -0.118037 0.631948
0.126482 -0.118949 0.629921
0.126898 -0.118213 0.632743
0.122719 -0.115110 0.635215
0.127025 -0.116799 0.631229
0.130526 -0.120262 0.631761
0.130611 -0.116613 0.627736
0.124734 -0.113764 0.627348
0.124509 -0.116378 0.636508
0.126973 -0.120747 0.628605
0.124305 -0.120330 0.632857
0.123392 -0.118009 0.629580
0.122422 -0.119556 0.636211
0.127679 -0.119181 0.636586
0.119497 -0.111933 0.633393
0.126097 -0.116881 0.635367
0.121080 -0.117074 0.634497
0.121712 -0.120170 0.636023
0.123244 -0.118918 0.636433
0.123939 -0.119045 0.641284
0.118987 -0.117900 0.633831
0.123659 -0.117924 0.561048
0.124008 -0.117243 0.562373
0.121547 -0.117331 0.560823
0.127178 -0.121503 0.559261
0.122315 -0.111271 0.569568
0.117622 -0.109154 0.565068
0.118315 -0.116367 0.561638
0.120601 -0.115873 0.567795
0.126957 -0.113526 0.562874
0.124069 -0.111877 0.562521
0.123004 -0.119567 0.565098
0.123919 -0.116257 0.569942
0.122838 -0.118419 0.565717
0.127417 -0.115303 0.572529
0.125659 -0.115732 0.568660
0.125168 -0.117898 0.567501
0.130020 -0.117189 0.566279
0.129297 -0.116519 0.565902
0.127580 -0.117270 0.570946
0.129655 -0.110286 0.569725
0.128283 -0.111153 0.566317
0.129217 -0.110444 0.572669
0.129192 -0.111048 0.570607
0.126342 -0.116872 0.572467
0.132330 -0.114209 0.571810
0.132064 -0.114945 0.574417
0.131631 -0.110107 0.572102
0.128128 -0.116242 0.572647
0.129703 -0.119715 0.566063
0.133511 -0.118732 0.574121
0.128483 -0.112216 0.573496
0.134384 -0.116633 0.569206
0.130183 -0.112869 0.572339
0.128759 -0.119292 0.570202
0.134645 -0.115469 0.577068
0.138843 -0.118173 0.573642
0.131613 -0.114419 0.578206
0.130452 -0.114312 0.576890
0.135743 -0.115687 0.574274
0.137478 -0.113299 0.578110
0.134566 -0.113247 0.578095
0.137363 -0.112057 0.574203
0.136820 -0.113547 0.573219
0.141169 -0.116494 0.578516
0.134667 -0.111631 0.575792
0.135646 -0.119357 0.583077
0.134404 -0.114678 0.577293
0.133769 -0.123068 0.577964
0.133289 -0.118987 0.579545
0.138617 -0.112965 0.578956
0.137476 -0.108315 0.579276
0.146242 -0.115701 0.581071
0.143886 -0.117232 0.580368
0.139252 -0.114820 0.580174
0.132901 -0.115137 0.578947
0.136990 -0.115746 0.586636
0.137406 -0.118222 0.583736
0.142533 -0.114139 0.583070
0.138710 -0.118766 0.584213
0.140906 -0.115570 0.581340
0.138154 -0.112932 0.585759
0.138437 -0.110237 0.587524
0.138501 -0.109923 0.588342
0.141172 -0.112190 0.592553
0.141865 -0.116222 0.587174
0.142685 -0.117598 0.590458
0.134366 -0.119714 0.586911
0.135988 -0.115515 0.588981
0.136824 -0.118927 0.589464
0.143020 -0.117215 0.589576
0.140937 -0.121652 0.589867
0.137614 -0.111661 0.591886
0.139006 -0.116895 0.592964
0.137391 -0.113221 0.589274
0.136505 -0.116076 0.599604
0.142737 -0.113598 0.593386
0.142830 -0.115521 0.592762
0.142366 -0.118630 0.594564
0.143427 -0.117170 0.598748
0.144293 -0.112923 0.589838
0.139098 -0.116656 0.598574
0.142136 -0.115025 0.590485
0.141783 -0.115945 0.597115
0.143065 -0.118646 0.595154
0.143756 -0.111711 0.596929
0.139699 -0.113832 0.600170
0.143374 -0.114128 0.596968
0.143997 -0.114739 0.595983
0.149040 -0.112752 0.597767
0.143190 -0.116461 0.598663
0.151315 -0.108863 0.599017
0.142724 -0.113036 0.601967
0.145149 -0.113172 0.602927
0.140755 -0.117488 0.602380
0.145900 -0.114093 0.603154
0.139563 -0.110506 0.603415
0.141153 -0.114706 0.605820
0.143138 -0.113931 0.603264
0.143865 -0.112552 0.603556
0.143819 -0.122611 0.603283
0.138134 -0.118383 0.606364
0.139892 -0.113953 0.607649
0.144796 -0.117448 0.606052
0.138824 -0.115521 0.608485
0.147723 -0.116087 0.605847
0.140903 -0.116469 0.607378
0.138402 -0.122243 0.610185
0.141052 -0.118986 0.613244
0.142899 -0.113134 0.611735
0.140069 -0.119080 0.609071
0.142545 -0.114636 0.612956
0.144440 -0.119084 0.609474
0.137844 -0.114123 0.611624
0.143645 -0.117845 0.612641
0.142503 -0.117030 0.610817
0.135297 -0.119589 0.616213
0.141501 -0.119915 0.611327
0.137296 -0.118033 0.608680
0.138526 -0.118940 0.617023
0.141372 -0.113719 0.616658
0.136424 -0.110325 0.616783
0.137600 -0.116698 0.615837
0.137561 -0.118757 0.615294
0.143418 -0.113912 0.621844
0.135405 -0.111653 0.613162
0.136675 -0.116644 0.620620
0.137446 -0.113245 0.612917
0.141668 -0.113564 0.619784
0.134493 -0.114929 0.621538
0.138971 -0.119253 0.623037
0.142644 -0.120525 0.620441
0.138376 -0.119190 0.625369
0.133085 -0.117123 0.622448
0.134928 -0.118990 0.620373
0.134028 -0.115254 0.620753
0.137776 -0.118818 0.618808
0.140528 -0.120111 0.619605
0.139665 -0.114484 0.618591
0.131138 -0.112939 0.622372
0.139869 -0.105504 0.620958
0.136871 -0.107567 0.623957
0.138046 -0.116785 0.625913
0.136435 -0.116142 0.625022
0.134852 -0.115438 0.623083
0.135795 -0.118579 0.630217
0.130299 -0.112670 0.626013
0.134328 -0.116695 0.623976
0.132216 -0.115582 0.622269
0.128614 -0.114798 0.624883
0.132676 -0.119017 0.632569
0.130195 -0.115260 0.628933
0.136459 -0.115725 0.620794
0.127513 -0.109881 0.632302
0.131690 -0.111449 0.628008
0.134645 -0.113748 0.623928
0.133754 -0.116584 0.628440
0.131981 -0.123984 0.633189
0.127605 -0.115299 0.631228
0.128146 -0.114688 0.632535
0.130695 -0.111460 0.633294
0.120997 -0.114242 0.635347
0.127447 -0.117386 0.631011
0.130335 -0.117991 0.633011
0.129036 -0.112423 0.629693
0.129280 -0.117206 0.632691
0.132182 -0.114374 0.631483
0.122503 -0.119570 0.633553
0.129992 -0.119953 0.631600
0.124846 -0.112978 0.633541
0.121994 -0.113461 0.632024
0.128756 -0.114827 0.631798
0.130451 -0.116656 0.636946
0.124820 -0.112344 0.630962
0.125573 -0.114114 0.637196
0.119332 -0.114733 0.637382
0.121658 -0.116207 0.636233
0.128564 -0.115914 0.632659
0.123583 -0.115464 0.637795
0.124524 -0.114348 0.633188
0.120659 -0.116685 0.634999
0.114977 -0.107803 0.562061
0.120005 -0.111719 0.559703
0.128417 -0.110732 0.565658
0.119253 -0.113783 0.563378
0.120229 -0.111859 0.563438
0.122772 -0.116082 0.566594
0.129146 -0.110951 0.562343
0.123431 -0.109546 0.567141
0.120746 -0.111472 0.569450
0.121911 -0.116741 0.569389
0.122938 -0.110547 0.565734
0.131660 -0.112126 0.570846
0.124187 -0.115159 0.566677
0.127029 -0.111239 0.564973
0.127966 -0.108668 0.568608
0.126790 -0.115918 0.567456
0.131384 -0.107719 0.567677
0.126294 -0.107570 0.571533
0.126723 -0.113609 0.566434
0.131117 -0.109595 0.571537
0.124821 -0.110806 0.570264
0.128571 -0.110873 0.571000
0.134206 -0.108008 0.574643
0.139606 -0.113494 0.569823
0.129469 -0.113004 0.569821
0.127486 -0.112068 0.570141
0.131784 -0.114439 0.571126
0.131633 -0.111548 0.566342
0.137141 -0.112585 0.571671
0.130085 -0.114636 0.575549
0.136451 -0.112221 0.566113
0.129521 -0.112032 0.569773
0.133546 -0.113412 0.576007
0.137975 -0.114847 0.574371
0.137204 -0.111429 0.570915
0.139692 -0.110653 0.575570
0.133175 -0.113238 0.570069
0.136019 -0.116941 0.580749
0.136026 -0.109836 0.574731
0.137218 -0.113991 0.576784
0.138861 -0.115732 0.578000
0.135191 -0.113520 0.580130
0.133915 -0.119258 0.579521
0.136878 -0.113094 0.581257
0.131628 -0.114256 0.575394
0.134030 -0.113553 0.577083
0.140392 -0.112191 0.576898
0.140878 -0.115012 0.581678
0.136868 -0.113698 0.579362
0.135503 -0.108722 0.581969
0.139307 -0.109489 0.581484
0.137870 -0.116257 0.579056
0.141045 -0.110803 0.579481
0.141226 -0.111402 0.585111
0.143043 -0.111531 0.582237
0.141143 -0.118672 0.579020
0.137076 -0.116812 0.584583
0.146120 -0.113145 0.587983
0.140426 -0.118249 0.584497
0.139133 -0.113437 0.581370
0.135315 -0.108148 0.582511
0.143021 -0.111425 0.587510
0.141030 -0.111381 0.584102
0.141842 -0.114025 0.586310
0.142317 -0.112628 0.589982
0.145736 -0.108549 0.589190
0.139388 -0.109206 0.592158
0.141847 -0.108244 0.588531
0.137327 -0.115141 0.587606
0.140819 -0.113045 0.587708
0.143428 -0.112554 0.589432
0.145138 -0.110919 0.590774
0.144382 -0.107527 0.591329
0.139607 -0.114228 0.594959
0.142440 -0.112193 0.588034
0.140346 -0.106389 0.591981
0.143780 -0.111381 0.589648
0.143876 -0.112009 0.587624
0.145402 -0.109767 0.594566
0.141407 -0.114221 0.599135
0.137604 -0.108767 0.597098
0.142316 -0.110200 0.601080
0.147758 -0.113599 0.589424
0.138007 -0.113108 0.594023
0.143210 -0.111367 0.595874
0.144721 -0.110885 0.596731
0.139932 -0.109000 0.599594
0.143237 -0.113956 0.598288
0.144790 -0.112644 0.602196
0.138974 -0.109253 0.597833
0.146220 -0.111087 0.599331
0.145132 -0.108414 0.600082
0.135367 -0.108339 0.602598
0.144017 -0.108300 0.602546
0.139545 -0.113585 0.601647
0.140708 -0.107228 0.604699
0.141575 -0.112252 0.604939
0.145127 -0.116044 0.604120
0.143911 -0.113511 0.599414
0.142378 -0.114325 0.604303
0.139689 -0.112358 0.604466
0.144960 -0.107526 0.602023
0.143211 -0.113936 0.602426
0.138726 -0.111911 0.608723
0.135900 -0.112256 0.609406
0.144274 -0.110714 0.606729
0.148543 -0.113804 0.612373
0.138506 -0.118154 0.613284
0.141011 -0.117964 0.606831
0.143730 -0.112660 0.605004
0.141089 -0.110982 0.609574
0.143879 -0.108575 0.610801
0.137831 -0.113567 0.609475
0.140632 -0.108090 0.610931
0.140833 -0.104259 0.611493
0.139173 -0.111849 0.612193
0.141096 -0.110047 0.612963
0.138652 -0.109694 0.614941
0.144386 -0.111529 0.617258
0.145062 -0.102826 0.612924
0.139519 -0.111325 0.611761
0.139775 -0.108381 0.611084
0.137409 -0.114690 0.613889
0.136408 -0.114176 0.620356
0.134620 -0.117106 0.616202
0.138957 -0.109983 0.614305
0.137625 -0.107454 0.616745
0.139342 -0.114577 0.614031
0.137036 -0.109202 0.616730
0.135553 -0.113397 0.624491
0.138885 -0.110684 0.621858
0.138540 -0.111023 0.619770
0.135357 -0.112222 0.621805
0.138920 -0.116193 0.625904
0.136488 -0.115284 0.623217
0.133098 -0.109166 0.626160
0.132817 -0.114927 0.624082
0.130325 -0.111943 0.621004
0.131725 -0.109268 0.622094
0.135504 -0.110164 0.623874
0.131143 -0.114525 0.630690
0.130098 -0.113627 0.621800
0.135040 -0.109361 0.626139
0.134115 -0.110682 0.625471
0.135934 -0.110199 0.624013
0.131660 -0.113368 0.629881
0.131841 -0.107113 0.623045
0.133099 -0.113941 0.626557
0.130909 -0.113906 0.625745
0.128411 -0.109572 0.629069
0.133772 -0.108303 0.632379
0.133039 -0.115635 0.631448
0.134936 -0.114059 0.630564
0.127952 -0.111740 0.626502
0.131551 -0.114098 0.630232
0.133191 -0.112029 0.630867
0.127855 -0.117030 0.624296
0.126776 -0.108369 0.626914
0.131015 -0.111907 0.626132
0.131394 -0.110971 0.631287
0.124949 -0.113584 0.629886
0.131814 -0.113473 0.634499
0.129698 -0.115311 0.635331
0.130273 -0.110332 0.627608
0.126096 -0.112184 0.632903
0.133357 -0.109267 0.631366
0.128250 -0.112337 0.629823
0.124864 -0.112268 0.629995
0.129264 -0.115330 0.635393
0.126598 -0.111017 0.640631
0.122305 -0.113146 0.641027
0.124058 -0.111360 0.639923
0.128657 -0.107347 0.635450
0.121663 -0.111612 0.633099
0.123955 -0.112663 0.633490
0.123973 -0.113045 0.632997
0.119027 -0.113790 0.641452
0.123685 -0.107793 0.631398
0.122308 -0.109795 0.637234
0.119476 -0.114235 0.638049
0.120295 -0.106187 0.564557
0.120833 -0.110077 0.562409
0.118323 -0.101441 0.570334
0.122236 -0.104097 0.564446
0.122539 -0.109064 0.562513
0.124356 -0.108167 0.561065
0.124995 -0.106389 0.565117
0.126219 -0.114663 0.560748
0.127513 -0.108352 0.567231
0.118030 -0.106062 0.567248
0.123255 -0.111711 0.566278
0.124934 -0.112147 0.565925
0.126662 -0.110891 0.565901
0.125393 -0.109169 0.561672
0.124974 -0.107251 0.560394
0.125870 -0.111578 0.575500
0.129020 -0.114563 0.567543
0.127756 -0.108515 0.564874
0.128780 -0.109329 0.573243
0.126017 -0.110504 0.569078
0.128202 -0.108406 0.573754
0.128782 -0.107247 0.567595
0.128755 -0.112749 0.571885
0.131582 -0.106917 0.564353
0.129420 -0.106845 0.570346
0.129986 -0.109750 0.570831
0.126834 -0.108072 0.573268
0.133458 -0.111051 0.575071
0.135120 -0.103032 0.572398
0.131050 -0.108947 0.570314
0.132250 -0.107732 0.569568
0.132206 -0.111145 0.572166
0.135017 -0.105138 0.572351
0.133988 -0.108883 0.571305
0.130991 -0.108765 0.577057
0.134577 -0.102832 0.573825
0.133772 -0.106754 0.578031
0.137557 -0.110763 0.571234
0.137238 -0.108364 0.578761
0.138578 -0.106651 0.575724
0.136285 -0.110144 0.580344
0.137802 -0.110792 0.577495
0.133211 -0.106692 0.575490
0.135618 -0.110999 0.579081
0.141275 -0.111168 0.579433
0.131922 -0.104233 0.581275
0.131933 -0.111019 0.574835
0.134503 -0.110354 0.582209
0.137705 -0.113417 0.584714
0.139479 -0.107207 0.582869
0.139783 -0.107186 0.578106
0.133798 -0.110760 0.580928
0.141247 -0.110563 0.583916
0.140712 -0.109724 0.581524
0.139471 -0.111848 0.584330
0.139094 -0.106888 0.579533
0.136454 -0.106733 0.583207
0.138655 -0.112226 0.582170
0.141275 -0.110502 0.582084
0.144958 -0.113548 0.589985
0.138021 -0.104739 0.586011
0.142361 -0.111931 0.590249
0.138672 -0.112686 0.585605
0.141233 -0.107371 0.582231
0.139042 -0.111429 0.589920
0.139662 -0.110919 0.583716
0.139979 -0.110528 0.591979
0.139728 -0.109633 0.590970
0.145053 -0.108006 0.587547
0.142282 -0.112760 0.591638
0.134980 -0.108969 0.588949
0.139090 -0.108296 0.589344
0.146743 -0.113800 0.589594
0.145195 -0.106694 0.599950
0.137857 -0.105679 0.595967
0.148437 -0.110388 0.591195
0.142293 -0.103347 0.590332
0.142514 -0.112438 0.586231
0.140264 -0.108878 0.591568
0.144887 -0.105985 0.595467
0.140406 -0.106619 0.595451
0.139840 -0.109544 0.592321
0.143110 -0.106739 0.594515
0.143990 -0.109110 0.596432
0.143177 -0.105886 0.596324
0.147937 -0.105502 0.593088
0.139668 -0.107184 0.595465
0.149685 -0.106477 0.599906
0.139293 -0.118952 0.598175
0.138194 -0.109812 0.600664
0.142504 -0.097935 0.596433
0.142876 -0.106679 0.598968
0.147902 -0.106987 0.601315
0.144611 -0.106452 0.595377
0.145568 -0.114893 0.603608
0.146258 -0.104015 0.595919
0.141038 -0.108109 0.597941
0.142759 -0.108697 0.600445
0.142697 -0.113195 0.602173
0.141891 -0.114141 0.602797
0.138412 -0.111956 0.602522
0.144468 -0.109330 0.611659
0.140208 -0.106544 0.606410
0.140099 -0.112215 0.609085
0.143050 -0.104485 0.606897
0.142468 -0.110008 0.602986
0.144793 -0.113225 0.614731
0.140748 -0.110731 0.607546
0.139204 -0.107441 0.605652
0.141224 -0.110079 0.614601
0.147273 -0.112083 0.608838
0.145108 -0.105130 0.610420
0.137556 -0.104707 0.610051
0.138998 -0.111142 0.612805
0.143069 -0.107052 0.615425
0.140902 -0.106102 0.613083
0.134909 -0.115479 0.607650
0.142767 -0.104787 0.610028
0.140957 -0.103982 0.617452
0.139953 -0.108395 0.614904
0.140050 -0.111229 0.616262
0.137372 -0.107649 0.620623
0.145801 -0.111784 0.620414
0.141857 -0.116497 0.618631
0.141230 -0.108771 0.608531
0.137785 -0.100660 0.616108
0.136193 -0.109770 0.616546
0.136627 -0.114740 0.616624
0.136484 -0.108386 0.619346
0.139608 -0.101403 0.621826
0.137525 -0.104372 0.615458
0.136254 -0.106485 0.619408
0.136233 -0.107285 0.624946
0.134407 -0.107091 0.615948
0.139016 -0.110411 0.619555
0.137984 -0.108932 0.620555
0.139338 -0.113061 0.624458
0.137324 -0.106728 0.618224
0.138557 -0.105718 0.621496
0.135684 -0.110855 0.620738
0.134701 -0.108446 0.622715
0.136280 -0.108175 0.627663
0.133751 -0.110624 0.626488
0.138559 -0.116317 0.624720
0.134771 -0.110480 0.625755
0.135311 -0.107258 0.622151
0.133853 -0.101760 0.621728
0.130464 -0.105884 0.618370
0.133224 -0.107688 0.627669
0.131676 -0.112814 0.630076
0.130993 -0.104629 0.629891
0.129558 -0.110669 0.627609
0.133484 -0.108407 0.627222
0.130986 -0.110126 0.632867
0.130130 -0.109396 0.632113
0.125444 -0.107003 0.627789
0.137465 -0.107165 0.627112
0.131501 -0.111330 0.629580
0.129617 -0.112058 0.626388
0.129817 -0.106763 0.630302
0.127171 -0.110789 0.633238
0.124616 -0.106255 0.634464
0.130363 -0.107044 0.632160
0.128646 -0.106138 0.631201
0.125737 -0.110330 0.627668
0.127754 -0.112038 0.635316
0.125358 -0.107247 0.638569
0.126882 -0.111089 0.625708
0.127003 -0.106137 0.628018
0.125385 -0.109817 0.634201
0.122186 -0.113069 0.632546
0.119830 -0.105834 0.630751
0.120731 -0.102251 0.632574
0.117540 -0.112545 0.627492
0.121675 -0.106620 0.632459
0.123403 -0.107621 0.637929
0.123071 -0.105477 0.631357
0.121967 -0.107641 0.629211
0.124298 -0.106078 0.635756
0.124190 -0.102339 0.641139
0.121368 -0.105975 0.564040
0.116953 -0.106959 0.562788
0.119660 -0.103969 0.559394
0.123713 -0.109350 0.566927
0.121685 -0.107537 0.564015
0.126399 -0.107137 0.566094
0.124208 -0.109905 0.565534
0.122831 -0.104104 0.568040
0.121916 -0.106099 0.565079
0.123416 -0.103562 0.561428
0.126354 -0.107158 0.566005
0.123774 -0.109159 0.565689
0.126696 -0.103119 0.568974
0.125105 -0.104157 0.573673
0.125567 -0.100174 0.560718
0.130332 -0.105853 0.568421
0.122752 -0.103836 0.567009
0.127888 -0.107562 0.562717
0.124344 -0.105767 0.567862
0.129993 -0.107792 0.566314
0.133237 -0.102914 0.572577
0.131948 -0.106222 0.571631
0.125972 -0.101891 0.572590
0.128583 -0.100045 0.574743
0.131307 -0.104975 0.574164
0.127030 -0.103591 0.571703
0.127357 -0.110193 0.570478
0.134184 -0.102424 0.574651
0.130643 -0.103511 0.569682
0.126862 -0.105371 0.579216
0.144034 -0.106594 0.570639
0.132279 -0.105848 0.570246
0.135984 -0.108134 0.574150
0.131515 -0.106656 0.575956
0.136251 -0.106328 0.568696
0.132436 -0.106112 0.575813
0.135661 -0.103213 0.575010
0.133821 -0.104638 0.571912
0.135967 -0.106377 0.578702
0.141079 -0.106261 0.580836
0.133965 -0.103516 0.573857
0.135359 -0.103639 0.583464
0.138371 -0.107409 0.581169
0.137357 -0.104074 0.577141
0.145122 -0.101497 0.576729
0.137072 -0.103711 0.581785
0.135714 -0.107021 0.578021
0.136166 -0.108292 0.579475
0.138290 -0.105267 0.577751
0.138416 -0.100800 0.577460
0.133517 -0.110750 0.578354
0.138254 -0.105623 0.583233
0.143915 -0.103005 0.581559
0.139006 -0.105801 0.583605
0.137904 -0.105599 0.577719
0.140622 -0.106830 0.578103
0.138599 -0.102763 0.586152
0.139165 -0.102664 0.581683
0.137626 -0.106757 0.581784
0.141050 -0.108250 0.585106
0.137928 -0.107842 0.582569
0.138147 -0.106513 0.588588
0.143508 -0.106225 0.583917
0.139905 -0.107174 0.587886
0.138790 -0.117031 0.582598
0.143980 -0.107963 0.592610
0.136602 -0.103608 0.589808
0.141329 -0.105612 0.591803
0.140806 -0.106150 0.587206
0.142714 -0.112100 0.591696
0.138619 -0.106341 0.590124
0.147280 -0.105243 0.590635
0.141071 -0.105424 0.591056
0.142894 -0.102948 0.586383
0.143602 -0.105531 0.594841
0.143152 -0.112358 0.589390
0.150677 -0.106063 0.592677
0.140264 -0.109169 0.591293
0.143400 -0.102564 0.594185
0.142388 -0.104147 0.592275
0.139705 -0.104299 0.596932
0.143492 -0.102523 0.597475
0.141763 -0.108261 0.594107
0.137925 -0.106271 0.595159
0.140400 -0.102460 0.596799
0.146272 -0.103506 0.594282
0.149362 -0.104390 0.596991
0.143301 -0.104631 0.593103
0.140620 -0.106991 0.596208
0.145671 -0.105682 0.597080
0.140382 -0.107468 0.599655
0.141840 -0.106193 0.599407
0.146625 -0.106045 0.599238
0.147474 -0.104973 0.603964
0.142995 -0.108024 0.601860
0.142363 -0.107395 0.598339
0.138858 -0.106223 0.603620
0.142954 -0.109319 0.606122
0.143969 -0.105298 0.601900
0.139329 -0.104303 0.612536
0.138943 -0.101765 0.608074
0.137630 -0.106148 0.606900
0.142818 -0.101855 0.610472
0.137017 -0.100496 0.604298
0.139292 -0.104565 0.605312
0.138622 -0.102888 0.607375
0.137470 -0.102229 0.608386
0.141800 -0.106619 0.603567
0.141938 -0.105044 0.606344
0.138605 -0.104632 0.608114
0.140467 -0.103545 0.610905
0.144706 -0.100167 0.609382
0.143172 -0.106294 0.610486
0.136974 -0.100178 0.611734
0.140821 -0.109973 0.612563
0.139925 -0.104652 0.610541
0.140220 -0.107838 0.612044
0.139807 -0.102526 0.611249
0.137881 -0.100521 0.610730
0.139759 -0.107647 0.614194
0.141527 -0.104456 0.620366
0.145694 -0.108026 0.611183
0.144976 -0.105928 0.617091
0.138787 -0.106491 0.612462
0.133684 -0.104040 0.616924
0.135373 -0.104452 0.615914
0.136924 -0.104951 0.614758
0.136145 -0.106857 0.617906
0.138919 -0.103693 0.619045
0.131680 -0.110852 0.620624
0.138322 -0.106120 0.616422
0.136360 -0.104362 0.617774
0.138558 -0.101588 0.622280
0.138932 -0.101337 0.621714
0.138789 -0.102867 0.619018
0.138044 -0.097665 0.622684
0.132304 -0.107642 0.621874
0.135015 -0.106245 0.617616
0.132362 -0.106776 0.619816
0.139081 -0.107778 0.622806
0.135685 -0.105593 0.621292
0.135778 -0.105675 0.624783
0.133761 -0.105248 0.628841
0.137804 -0.102981 0.624162
0.137632 -0.102642 0.623480
0.134232 -0.100381 0.628657
0.134848 -0.103370 0.620488
0.135627 -0.104628 0.625105
0.137301 -0.105935 0.623632
0.129987 -0.105308 0.626471
0.134538 -0.103105 0.631720
0.132431 -0.103553 0.628349
0.132920 -0.103621 0.630811
0.129877 -0.104121 0.629140
0.133204 -0.103359 0.629007
0.130551 -0.107168 0.630072
0.125451 -0.100130 0.630932
0.127818 -0.105628 0.632921
0.131273 -0.103374 0.628159
0.133969 -0.104213 0.627529
0.128608 -0.106138 0.632340
0.128011 -0.106821 0.629369
0.127112 -0.106481 0.631147
0.125264 -0.097783 0.633107
0.130690 -0.102030 0.635244
0.128862 -0.102083 0.640364
0.123070 -0.109381 0.634887
0.116136 -0.106610 0.637616
0.121587 -0.102870 0.629805
0.129735 -0.108176 0.633905
0.124866 -0.107291 0.634574
0.124135 -0.105190 0.637847
0.121951 -0.106040 0.635321
0.122638 -0.099120 0.633022
0.126206 -0.105294 0.636895
0.121551 -0.105799 0.641647
0.124752 -0.107678 0.632126
0.122145 -0.107098 0.637968
0.116754 -0.104329 0.634277
0.125545 -0.104885 0.640198
0.125262 -0.104245 0.557721
0.121342 -0.106810 0.563252
0.124464 -0.097914 0.564819
0.120739 -0.102235 0.562098
0.125984 -0.101983 0.568745
0.126698 -0.099490 0.563088
0.128178 -0.102290 0.565801
0.127234 -0.099058 0.563855
0.129931 -0.105306 0.570223
0.126990 -0.102850 0.564004
0.130241 -0.097497 0.568608
0.120848 -0.100049 0.560411
0.128082 -0.105521 0.567478
0.131747 -0.105160 0.566347
0.125114 -0.103776 0.563186
0.132487 -0.099044 0.570623
0.125852 -0.102693 0.572915
0.130715 -0.103315 0.573510
0.130888 -0.099374 0.572251
0.129755 -0.102485 0.569948
0.125688 -0.105062 0.565797
0.129786 -0.104173 0.567938
0.129995 -0.101156 0.570270
0.132118 -0.101684 0.572624
0.130101 -0.098644 0.573380
0.131185 -0.101400 0.570418
0.129799 -0.103135 0.568841
0.127912 -0.103077 0.573792
0.130436 -0.106662 0.567352
0.130834 -0.102506 0.574636
0.134880 -0.101093 0.572184
0.127800 -0.100776 0.569980
0.135041 -0.102106 0.575801
0.138596 -0.101875 0.575864
0.137304 -0.101543 0.580931
0.130561 -0.101919 0.570151
0.141285 -0.098178 0.579611
0.136418 -0.101358 0.574783
0.129710 -0.100054 0.579082
0.133818 -0.104272 0.582531
0.133640 -0.097956 0.575050
0.137310 -0.106127 0.583934
0.137579 -0.101978 0.580584
0.133946 -0.099847 0.579247
0.131908 -0.099089 0.579766
0.137340 -0.103892 0.581044
0.138115 -0.105985 0.575093
0.137250 -0.102561 0.576811
0.137580 -0.107983 0.581592
0.134013 -0.106297 0.581456
0.144211 -0.097141 0.581598
0.137271 -0.104305 0.585152
0.139931 -0.100622 0.584319
0.142872 -0.101995 0.581981
0.138318 -0.099199 0.583086
0.145769 -0.103799 0.578377
0.137024 -0.096398 0.586837
0.139818 -0.107203 0.582229
0.137792 -0.099571 0.581910
0.136617 -0.106060 0.582107
0.142147 -0.100412 0.587247
0.140646 -0.103031 0.586999
0.138586 -0.105384 0.586691
0.141614 -0.103844 0.590497
0.144173 -0.102985 0.585808
0.139737 -0.102987 0.585882
0.142445 -0.102610 0.591780
0.141335 -0.105340 0.584654
0.139675 -0.103040 0.589174
0.144272 -0.099608 0.593516
0.143560 -0.106784 0.595763
0.139964 -0.098262 0.591013
0.137070 -0.101799 0.584975
0.137847 -0.102677 0.587930
0.140286 -0.098950 0.591731
0.140153 -0.102574 0.595289
0.137938 -0.096430 0.596315
0.141068 -0.101215 0.592125
0.143316 -0.103231 0.593715
0.142435 -0.104494 0.591971
0.146316 -0.104776 0.591931
0.144749 -0.104671 0.591960
0.135908 -0.103534 0.592890
0.142559 -0.097403 0.596803
0.145869 -0.098555 0.598155
0.142724 -0.098402 0.593876
0.141420 -0.099649 0.602697
0.144529 -0.098542 0.596004
0.140625 -0.098136 0.593517
0.143474 -0.095519 0.597794
0.140766 -0.102583 0.599651
0.143499 -0.100668 0.601399
0.143000 -0.106537 0.597086
0.145583 -0.100496 0.599337
0.141701 -0.101471 0.606416
0.143553 -0.099839 0.603034
0.140531 -0.095657 0.602195
0.147647 -0.102631 0.601008
0.142669 -0.101957 0.602584
0.140821 -0.101529 0.604234
0.142829 -0.103258 0.605332
0.142191 -0.099884 0.604780
0.140524 -0.100304 0.606449
0.144636 -0.107869 0.609173
0.142199 -0.101846 0.611985
0.144895 -0.100244 0.609549
0.144511 -0.097463 0.607145
0.141573 -0.101259 0.603659
0.137856 -0.102100 0.607848
0.142184 -0.105270 0.608898
0.140949 -0.100544 0.609872
0.140156 -0.099911 0.607100
0.134716 -0.105266 0.608318
0.142453 -0.108476 0.602011
0.138690 -0.102076 0.616095
0.140354 -0.102969 0.612425
0.140206 -0.106252 0.620246
0.143601 -0.099307 0.610725
0.140883 -0.101429 0.622811
0.137867 -0.104549 0.612538
0.145892 -0.097251 0.617177
0.140142 -0.102838 0.611256
0.137471 -0.099495 0.615229
0.138567 -0.100779 0.612596
0.140800 -0.096895 0.618711
0.140289 -0.105135 0.617267
0.141118 -0.101456 0.616556
0.142113 -0.097057 0.616074
0.136768 -0.103686 0.615236
0.136492 -0.098530 0.621285
0.136932 -0.104309 0.621318
0.133546 -0.103184 0.622888
0.133737 -0.099586 0.619241
0.131774 -0.099239 0.621890
0.134818 -0.103050 0.618459
0.140748 -0.102596 0.621175
0.134331 -0.099074 0.622277
0.134844 -0.102744 0.624947
0.138293 -0.099551 0.626027
0.135078 -0.097482 0.625148
0.133758 -0.100687 0.615595
0.136538 -0.103989 0.628807
0.135247 -0.102357 0.627924
0.137164 -0.100466 0.625805
0.137740 -0.100818 0.623505
0.134244 -0.100783 0.623347
0.137017 -0.098986 0.624488
0.128553 -0.102316 0.626331
0.131068 -0.099945 0.626551
0.135812 -0.106139 0.626850
0.137364 -0.106322 0.631478
0.131263 -0.096090 0.624244
0.134447 -0.100139 0.621088
0.128306 -0.102727 0.631016
0.128269 -0.098643 0.632191
0.124937 -0.101979 0.637656
0.131769 -0.100916 0.633282
0.130971 -0.103685 0.632451
0.132602 -0.098856 0.626920
0.127776 -0.102171 0.631405
0.129515 -0.107830 0.633493
0.123018 -0.097018 0.633584
0.125450 -0.103941 0.628817
0.129786 -0.105407 0.631836
0.126542 -0.099424 0.627225
0.125994 -0.101489 0.633924
0.128910 -0.102356 0.626840
0.130927 -0.101478 0.635274
0.123499 -0.101362 0.625725
0.124341 -0.102100 0.630763
0.120252 -0.096630 0.635364
0.123420 -0.103802 0.633030
0.123823 -0.101367 0.633117
0.124533 -0.106995 0.637620
0.117847 -0.102245 0.636846
0.121355 -0.103854 0.637084
0.123458 -0.099894 0.635379
0.124355 -0.096501 0.636446
0.123256 -0.099394 0.635662
0.120491 -0.103010 0.638968
0.119321 -0.097671 0.562247
0.116172 -0.094151 0.561887
0.124913 -0.097896 0.564978
0.118981 -0.099567 0.562408
0.121647 -0.102383 0.562563
0.127390 -0.100249 0.563460
0.122201 -0.094871 0.564247
0.120526 -0.100696 0.562415
0.128543 -0.097107 0.565382
0.132992 -0.097657 0.566276
0.129904 -0.104098 0.564106
0.115820 -0.094085 0.563990
0.123207 -0.092912 0.568419
0.126827 -0.095088 0.569309
0.133682 -0.099990 0.571928
0.128511 -0.098624 0.564293
0.132461 -0.098864 0.569515
0.129225 -0.094898 0.565057
0.133796 -0.102624 0.568798
0.130228 -0.095920 0.568219
0.129724 -0.099727 0.564412
0.127353 -0.094678 0.568569
0.135601 -0.096591 0.566914
0.133787 -0.103425 0.573397
0.135167 -0.096834 0.574096
0.127798 -0.097953 0.574926
0.132650 -0.097988 0.575438
0.138120 -0.095104 0.570353
0.131366 -0.099036 0.573035
0.130764 -0.099235 0.572944
0.131757 -0.100084 0.566381
0.128581 -0.093354 0.571762
0.132990 -0.098600 0.575823
0.131662 -0.098285 0.573090
0.133516 -0.102545 0.573214
0.127284 -0.099918 0.569572
0.137924 -0.097573 0.576166
0.134319 -0.096416 0.576563
0.135428 -0.097680 0.575476
0.135512 -0.097651 0.570846
0.138802 -0.096750 0.578081
0.136058 -0.096491 0.575308
0.135599 -0.101230 0.582956
0.131322 -0.093680 0.578089
0.133470 -0.099645 0.580678
0.134804 -0.094147 0.581116
0.138976 -0.093350 0.584852
0.134653 -0.100455 0.583360
0.138260 -0.098883 0.580926
0.141525 -0.094636 0.577637
0.138560 -0.097491 0.581647
0.143967 -0.099018 0.579007
0.137320 -0.095483 0.588189
0.134348 -0.097972 0.587150
0.141194 -0.095831 0.582982
0.145202 -0.097205 0.585911
0.138928 -0.094011 0.581413
0.139461 -0.098489 0.586279
0.142840 -0.102021 0.583061
0.136368 -0.102398 0.581528
0.136124 -0.097080 0.585134
0.140002 -0.097553 0.582843
0.142399 -0.098584 0.587467
0.146071 -0.101968 0.584893
0.142588 -0.103537 0.586263
0.138414 -0.101145 0.584229
0.142005 -0.095169 0.590227
0.141697 -0.098323 0.589647
0.140191 -0.098903 0.585525
0.137356 -0.094099 0.594001
0.141429 -0.094943 0.587573
0.140321 -0.098029 0.591741
0.145727 -0.097299 0.590122
0.144349 -0.095642 0.584806
0.140846 -0.098900 0.592072
0.138322 -0.093221 0.593192
0.137424 -0.102561 0.594174
0.144245 -0.101713 0.593317
0.138086 -0.101151 0.591192
0.140898 -0.094892 0.597190
0.143022 -0.099503 0.595191
0.145268 -0.098569 0.596163
0.140294 -0.104056 0.601567
0.140119 -0.102224 0.599721
0.138889 -0.096981 0.592218
0.141974 -0.100076 0.596874
0.146737 -0.097634 0.598595
0.142681 -0.103966 0.597413
0.143893 -0.101195 0.598787
0.139765 -0.097798 0.601369
0.139093 -0.096904 0.603414
0.136093 -0.097998 0.597815
0.142766 -0.099823 0.596641
0.140373 -0.096686 0.600733
0.146625 -0.102640 0.592436
0.143924 -0.102787 0.602145
0.139691 -0.092081 0.602279
0.143456 -0.098110 0.605826
0.141939 -0.098366 0.603062
0.145618 -0.096802 0.605188
0.141847 -0.100054 0.602763
0.140523 -0.102089 0.603413
0.137347 -0.098419 0.604484
0.139679 -0.099303 0.611263
0.140157 -0.096551 0.607755
0.144962 -0.098669 0.602493
0.142139 -0.097992 0.611473
0.138658 -0.102898 0.610115
0.141253 -0.104828 0.606484
0.134371 -0.093167 0.605362
0.141400 -0.102207 0.608612
0.140949 -0.098403 0.610312
0.139503 -0.102124 0.607576
0.143133 -0.102810 0.610795
0.146415 -0.100585 0.611968
0.141519 -0.100428 0.608402
0.142198 -0.092934 0.613112
0.142843 -0.098735 0.611322
0.142821 -0.100977 0.616050
0.141705 -0.099452 0.618381
0.139737 -0.101556 0.614791
0.138546 -0.095851 0.618317
0.141148 -0.099182 0.618137
0.140207 -0.099296 0.616472
0.137605 -0.101803 0.616768
0.133415 -0.096270 0.616229
0.136581 -0.101616 0.618835
0.136143 -0.099866 0.617753
0.137144 -0.097231 0.617133
0.138523 -0.099807 0.617719
0.141431 -0.095292 0.620999
0.138342 -0.103146 0.617247
0.136178 -0.100671 0.624529
0.133868 -0.102717 0.619687
0.136126 -0.101153 0.625200
0.138802 -0.098062 0.619381
0.140994 -0.105853 0.622111
0.133038 -0.104406 0.623808
0.137698 -0.097017 0.626219
0.130260 -0.096811 0.625816
0.136572 -0.104393 0.624167
0.134729 -0.098835 0.622968
0.131958 -0.102434 0.623902
0.130011 -0.106576 0.617606
0.135374 -0.101165 0.631789
0.131889 -0.096530 0.631041
0.136175 -0.097381 0.632349
0.135245 -0.101316 0.632499
0.130958 -0.097647 0.623910
0.132715 -0.103705 0.625572
0.131209 -0.100025 0.628224
0.128904 -0.097074 0.626395
0.134380 -0.100013 0.632387
0.135590 -0.100341 0.630388
0.127953 -0.105288 0.624501
0.126750 -0.096097 0.630407
0.130494 -0.096848 0.631065
0.130048 -0.097879 0.629075
0.130857 -0.100262 0.633504
0.129291 -0.101482 0.630052
0.130952 -0.097323 0.633483
0.128997 -0.098848 0.633122
0.126355 -0.094715 0.631938
0.125321 -0.100429 0.633237
0.125961 -0.095070 0.630471
0.127922 -0.101750 0.636871
0.130130 -0.099512 0.630893
0.127734 -0.101158 0.638469
0.127897 -0.098057 0.634444
0.124385 -0.102750 0.633600
0.124078 -0.101711 0.629078
0.125322 -0.099890 0.629169
0.121307 -0.101649 0.639680
0.125233 -0.100477 0.629678
0.126169 -0.098361 0.635318
0.124272 -0.101203 0.633335
0.117030 -0.097195 0.640435
0.123325 -0.098714 0.638145
0.122225 -0.093876 0.637439
0.123366 -0.101416 0.637776
0.120897 -0.096270 0.562328
0.122254 -0.096819 0.560762
0.117911 -0.095026 0.568521
0.115017 -0.097523 0.568701
0.124189 -0.098003 0.563135
0.123654 -0.096029 0.564343
0.124514 -0.096623 0.564951
0.123172 -0.100574 0.564645
0.126322 -0.098040 0.567817
0.129375 -0.092730 0.568607
0.120849 -0.092665 0.567171
0.125512 -0.094397 0.564345
0.127075 -0.099091 0.569726
0.135516 -0.094058 0.570335
0.125386 -0.090066 0.564635
0.127410 -0.093114 0.565304
0.127968 -0.092680 0.577910
0.130788 -0.092200 0.566255
0.133890 -0.098764 0.573128
0.129126 -0.099064 0.568431
0.129998 -0.094182 0.569938
0.130015 -0.094165 0.566337
0.130637 -0.097067 0.566893
0.127853 -0.099923 0.566142
0.130010 -0.093122 0.575811
0.129412 -0.092825 0.575515
0.132990 -0.093799 0.572383
0.136959 -0.093286 0.570677
0.131904 -0.098865 0.575911
0.133125 -0.093831 0.572760
0.134408 -0.093952 0.576311
0.122103 -0.098511 0.575288
0.137617 -0.093210 0.567836
0.133103 -0.089275 0.570944
0.135393 -0.094537 0.568862
0.134089 -0.095231 0.572050
0.132573 -0.091814 0.574691
0.135876 -0.087849 0.572421
0.134294 -0.095061 0.574744
0.133544 -0.094216 0.576058
0.136673 -0.094935 0.582687
0.133978 -0.094254 0.577703
0.134903 -0.102932 0.580388
0.139817 -0.093128 0.574995
0.140716 -0.092969 0.580163
0.136973 -0.095437 0.575333
0.142576 -0.090767 0.579203
0.142533 -0.095898 0.576055
0.137828 -0.097852 0.577639
0.142913 -0.101001 0.579735
0.134014 -0.090482 0.577060
0.136720 -0.094345 0.585901
0.137142 -0.097474 0.582630
0.135281 -0.094525 0.582801
0.142091 -0.095254 0.582943
0.137577 -0.094965 0.584520
0.137486 -0.100896 0.583901
0.141692 -0.096216 0.582313
0.137860 -0.097072 0.579877
0.133632 -0.097354 0.585202
0.135051 -0.094210 0.585699
0.140539 -0.097078 0.580547
0.142095 -0.099155 0.589579
0.139362 -0.094014 0.583685
0.143482 -0.093240 0.589773
0.143574 -0.093034 0.589846
0.142654 -0.094007 0.586871
0.140547 -0.088275 0.586323
0.141947 -0.092198 0.591046
0.143820 -0.093750 0.589808
0.145203 -0.096371 0.585744
0.139846 -0.101343 0.590426
0.137552 -0.093842 0.597330
0.148352 -0.092315 0.588356
0.144683 -0.096751 0.596143
0.139684 -0.094691 0.593476
0.140314 -0.094967 0.599483
0.143811 -0.090526 0.603919
0.142195 -0.098153 0.591334
0.142243 -0.099380 0.594893
0.138642 -0.092807 0.599030
0.142065 -0.095411 0.594939
0.142884 -0.094053 0.600888
0.143116 -0.095988 0.593951
0.139918 -0.098264 0.595447
0.143481 -0.099854 0.593495
0.138318 -0.094347 0.597042
0.142156 -0.091300 0.593162
0.141657 -0.096055 0.601958
0.143428 -0.097040 0.597571
0.139393 -0.093677 0.596157
0.140342 -0.095425 0.602039
0.141824 -0.097635 0.600239
0.141430 -0.095694 0.601120
0.146214 -0.094903 0.603365
0.141726 -0.088071 0.604643
0.138487 -0.091282 0.598431
0.136834 -0.093271 0.599076
0.141616 -0.095819 0.606203
0.140172 -0.091769 0.604535
0.141579 -0.094969 0.608174
0.141775 -0.096876 0.610249
0.137330 -0.092547 0.608384
0.142449 -0.099328 0.603717
0.135908 -0.092895 0.606425
0.144133 -0.093427 0.604672
0.142724 -0.091589 0.607365
0.140535 -0.093346 0.605270
0.139378 -0.095293 0.609121
0.138885 -0.096768 0.605928
0.144598 -0.090478 0.611453
0.134946 -0.093664 0.610878
0.139569 -0.102880 0.612414
0.142550 -0.095205 0.615963
0.135187 -0.089237 0.613857
0.134471 -0.098190 0.620093
0.142317 -0.095785 0.612175
0.140714 -0.093435 0.615355
0.142101 -0.097804 0.612971
0.141574 -0.091051 0.617295
0.140252 -0.099117 0.611567
0.139372 -0.098792 0.610223
0.142902 -0.097164 0.619021
0.141977 -0.091018 0.612516
0.132476 -0.097881 0.617048
0.135701 -0.092688 0.614455
0.137165 -0.095806 0.617015
0.138990 -0.094338 0.620646
0.142863 -0.097065 0.623735
0.135932 -0.092143 0.619762
0.141721 -0.098213 0.621356
0.138539 -0.092133 0.619609
0.138379 -0.093315 0.619175
0.144683 -0.097770 0.624561
0.138600 -0.092138 0.620058
0.131882 -0.093683 0.625068
0.132111 -0.094850 0.613113
0.142364 -0.093428 0.622151
0.134637 -0.091623 0.618137
0.135321 -0.090161 0.623179
0.131599 -0.093376 0.623783
0.135607 -0.099110 0.623463
0.132758 -0.096602 0.621537
0.137757 -0.091072 0.629185
0.128435 -0.097476 0.622627
0.130610 -0.092060 0.623348
0.134982 -0.096744 0.629746
0.136098 -0.097769 0.627821
0.130929 -0.096918 0.624668
0.135569 -0.096601 0.624032
0.131084 -0.093870 0.627137
0.136218 -0.098794 0.630765
0.131036 -0.091663 0.633292
0.128574 -0.095832 0.627527
0.134910 -0.097039 0.627177
0.132928 -0.097241 0.630347
0.130491 -0.093636 0.625809
0.132044 -0.096949 0.633116
0.126754 -0.096856 0.629290
0.125550 -0.093013 0.636621
0.131705 -0.095959 0.633776
0.127255 -0.098633 0.630665
0.127402 -0.095211 0.631305
0.126945 -0.099064 0.628995
0.128040 -0.098020 0.631403
0.128385 -0.098416 0.634328
0.129222 -0.092184 0.632647
0.126896 -0.093983 0.632783
0.125636 -0.095470 0.634314
0.124409 -0.093923 0.632729
0.124917 -0.098861 0.632269
0.126232 -0.089384 0.638932
0.128333 -0.093252 0.632513
0.124202 -0.091663 0.641003
0.118761 -0.096560 0.631241
0.121504 -0.095381 0.634277
0.121568 -0.095557 0.635943
0.124843 -0.093979 0.638602
0.115960 -0.095194 0.627131
0.114970 -0.094143 0.636452
0.121200 -0.095550 0.563051
0.119903 -0.087504 0.561996
0.127288 -0.097188 0.563110
0.123900 -0.091185 0.565212
0.122758 -0.089251 0.565609
0.124193 -0.094486 0.566016
0.127466 -0.089841 0.563931
0.122627 -0.092417 0.566148
0.124644 -0.094094 0.564882
0.126223 -0.092617 0.573199
0.127582 -0.097703 0.567887
0.127005 -0.093730 0.564736
0.129836 -0.093635 0.570049
0.128386 -0.091055 0.565400
0.119850 -0.089289 0.563213
0.130296 -0.092855 0.563807
0.129193 -0.091936 0.566158
0.130671 -0.095996 0.567305
0.133710 -0.090375 0.566400
0.134422 -0.088565 0.574041
0.128568 -0.090625 0.569040
0.134293 -0.090755 0.570200
0.130656 -0.094452 0.565944
0.130983 -0.092436 0.567726
0.129474 -0.088881 0.569033
0.129059 -0.094657 0.567103
0.135423 -0.091704 0.567617
0.129475 -0.093298 0.567393
0.131389 -0.093604 0.570356
0.129895 -0.094869 0.575636
0.137153 -0.095687 0.571474
0.134345 -0.089950 0.571484
0.134538 -0.097990 0.571208
0.135674 -0.093316 0.571009
0.133089 -0.095981 0.571862
0.137179 -0.088745 0.576822
0.135889 -0.091901 0.570196
0.138315 -0.093445 0.574766
0.130515 -0.089703 0.574760
0.130773 -0.090203 0.583610
0.132256 -0.090974 0.574734
0.137388 -0.098057 0.578113
0.144464 -0.095023 0.580085
0.135243 -0.089508 0.577686
0.138086 -0.091434 0.574715
0.136435 -0.093701 0.573491
0.137508 -0.089484 0.580229
0.136230 -0.090472 0.577384
0.136827 -0.086650 0.579684
0.136421 -0.087844 0.581362
0.136016 -0.090364 0.579736
0.134623 -0.088188 0.582871
0.141188 -0.094352 0.583101
0.136893 -0.095503 0.583566
0.139611 -0.096888 0.585272
0.134516 -0.096211 0.581002
0.148599 -0.091348 0.582265
0.140911 -0.091700 0.584718
0.142941 -0.085487 0.586145
0.132554 -0.091639 0.581448
0.142216 -0.095437 0.582661
0.140086 -0.088145 0.587591
0.139693 -0.094599 0.582214
0.145596 -0.089614 0.584585
0.140720 -0.092147 0.590711
0.140515 -0.092226 0.589695
0.140493 -0.097346 0.592299
0.143276 -0.085903 0.587794
0.139396 -0.095879 0.588759
0.141250 -0.091765 0.594364
0.139089 -0.092520 0.590537
0.142643 -0.094938 0.589242
0.140323 -0.092154 0.593162
0.138543 -0.087704 0.593342
0.141791 -0.091000 0.589632
0.146980 -0.087922 0.591088
0.146002 -0.090610 0.588287
0.138236 -0.093221 0.597443
0.139759 -0.090364 0.592409
0.140072 -0.094562 0.595962
0.143003 -0.089444 0.593693
0.147866 -0.092707 0.589951
0.146068 -0.089766 0.596959
0.144852 -0.090295 0.597450
0.143948 -0.092965 0.595589
0.144264 -0.096203 0.601561
0.137159 -0.095192 0.590903
0.144468 -0.092982 0.599897
0.145542 -0.094752 0.602240
0.140107 -0.086808 0.600057
0.143359 -0.088518 0.600330
0.141289 -0.090400 0.604973
0.134460 -0.091977 0.600340
0.140271 -0.094421 0.602733
0.143000 -0.090114 0.600697
0.142934 -0.091855 0.602547
0.142823 -0.088697 0.604086
0.141910 -0.091128 0.608133
0.135915 -0.094866 0.605562
0.142352 -0.097424 0.607618
0.139238 -0.093276 0.603967
0.140162 -0.093253 0.609829
0.139033 -0.091045 0.606741
0.140550 -0.090747 0.609283
0.137898 -0.090575 0.608015
0.139885 -0.093362 0.612898
0.138059 -0.087753 0.608064
0.141535 -0.097258 0.607576
0.141231 -0.095015 0.606307
0.143571 -0.092469 0.607576
0.140530 -0.085634 0.605404
0.140270 -0.092479 0.606874
0.143066 -0.095471 0.609718
0.139610 -0.096254 0.611315
0.142267 -0.090991 0.611748
0.139145 -0.092140 0.613311
0.142305 -0.089537 0.610416
0.138853 -0.093752 0.611938
0.140899 -0.089841 0.611701
0.141532 -0.088648 0.609891
0.136379 -0.089963 0.614105
0.143204 -0.095829 0.616706
0.138543 -0.090235 0.615907
0.142158 -0.092608 0.616399
0.142266 -0.090054 0.615199
0.136026 -0.095129 0.619690
0.140150 -0.095133 0.611978
0.139985 -0.091494 0.617627
0.139119 -0.093670 0.616936
0.136336 -0.090336 0.621483
0.140769 -0.090621 0.617411
0.134823 -0.088749 0.617964
0.139210 -0.092544 0.624878
0.140468 -0.085329 0.618331
0.136194 -0.092573 0.618413
0.140081 -0.092992 0.626774
0.135474 -0.091343 0.625498
0.138363 -0.092625 0.615581
0.134118 -0.089593 0.617946
0.132946 -0.091962 0.624595
0.137691 -0.087583 0.621568
0.132494 -0.091657 0.624270
0.132603 -0.092102 0.623355
0.131007 -0.095447 0.624705
0.133757 -0.090718 0.623287
0.130491 -0.087790 0.626026
0.132147 -0.095267 0.624859
0.137649 -0.093067 0.620402
0.134329 -0.092280 0.627714
0.134672 -0.087669 0.628766
0.128827 -0.090711 0.624942
0.130188 -0.091185 0.632010
0.131078 -0.093454 0.623250
0.135322 -0.088798 0.631380
0.132764 -0.091918 0.632406
0.131176 -0.094324 0.631100
0.130945 -0.093851 0.630295
0.130397 -0.089659 0.629150
0.130187 -0.086553 0.628447
0.129840 -0.092008 0.635586
0.124386 -0.093824 0.632321
0.130666 -0.088440 0.629717
0.133011 -0.094424 0.629683
0.125375 -0.093492 0.631736
0.126654 -0.088735 0.631660
0.133770 -0.096486 0.638286
0.126200 -0.089520 0.623738
0.130475 -0.093819 0.634263
0.127648 -0.090287 0.632164
0.128316 -0.095048 0.634627
0.125922 -0.087002 0.637026
0.123365 -0.088974 0.630639
0.123829 -0.093862 0.638605
0.124900 -0.094296 0.635188
0.125573 -0.091468 0.638630
0.123019 -0.093041 0.641063
0.121392 -0.093620 0.639126
0.122411 -0.091819 0.638044
0.123038 -0.093556 0.635882
0.117270 -0.092574 0.638252
0.124356 -0.088954 0.562463
0.131398 -0.088590 0.560208
0.115874 -0.089043 0.564374
0.122365 -0.086636 0.563636
0.121916 -0.084134 0.562865
0.123556 -0.089976 0.560547
0.125448 -0.087096 0.566475
0.124313 -0.090995 0.566219
0.125429 -0.086204 0.567528
0.122318 -0.088672 0.569022
0.125171 -0.085565 0.561486
0.126529 -0.088744 0.567744
0.128091 -0.091263 0.563820
0.125291 -0.093054 0.567161
0.124211 -0.086422 0.566395
0.122891 -0.092923 0.568352
0.125795 -0.085423 0.567282
0.123899 -0.090567 0.570620
0.124183 -0.088482 0.565052
0.128897 -0.090110 0.563852
0.128373 -0.084737 0.566796
0.124705 -0.089664 0.570752
0.134711 -0.088262 0.570479
0.124299 -0.089053 0.573329
0.132598 -0.087820 0.573111
0.134789 -0.085990 0.567569
0.127017 -0.087535 0.569677
0.134981 -0.088360 0.573400
0.128817 -0.089809 0.574507
0.129484 -0.090441 0.575339
0.128387 -0.085936 0.568450
0.131527 -0.089862 0.577359
0.134427 -0.088769 0.574287
0.126996 -0.093093 0.574163
0.129746 -0.086079 0.576576
0.131010 -0.093203 0.573294
0.136560 -0.090842 0.574365
0.135199 -0.085830 0.577177
0.134208 -0.088309 0.571046
0.136520 -0.084301 0.573075
0.134079 -0.086550 0.580311
0.137689 -0.088155 0.578613
0.134623 -0.084158 0.574972
0.133752 -0.090189 0.577132
0.139000 -0.090284 0.578999
0.138765 -0.085423 0.579196
0.133415 -0.087543 0.581911
0.143843 -0.087829 0.580185
0.138578 -0.093196 0.581883
0.139065 -0.087444 0.580977
0.142121 -0.092907 0.579058
0.134902 -0.095277 0.582918
0.137678 -0.089833 0.582953
0.137642 -0.079371 0.579489
0.136998 -0.088931 0.583557
0.140621 -0.086174 0.583996
0.136758 -0.087368 0.584326
0.138220 -0.090442 0.581951
0.140774 -0.089395 0.582425
0.144150 -0.091475 0.588711
0.139643 -0.085099 0.588690
0.139349 -0.083913 0.584328
0.143306 -0.092691 0.588827
0.142679 -0.091533 0.583674
0.138294 -0.087582 0.588852
0.137500 -0.092849 0.595191
0.139695 -0.090343 0.593500
0.141367 -0.089351 0.591334
0.144924 -0.093304 0.587593
0.142793 -0.089534 0.590058
0.138314 -0.086348 0.590679
0.144805 -0.093721 0.587472
0.144239 -0.089768 0.592976
0.141935 -0.083053 0.594046
0.139715 -0.087637 0.587976
0.144454 -0.089419 0.593797
0.141763 -0.087938 0.596285
0.143181 -0.086584 0.592940
0.137580 -0.086836 0.593056
0.142091 -0.088751 0.597270
0.140799 -0.085398 0.595769
0.147941 -0.086872 0.596703
0.138443 -0.083760 0.594243
0.141535 -0.087522 0.596404
0.143574 -0.090490 0.593256
0.146640 -0.084448 0.601278
0.141911 -0.086862 0.596369
0.149258 -0.089620 0.598691
0.141572 -0.089622 0.601623
0.140113 -0.089008 0.603156
0.145657 -0.088080 0.604280
0.140031 -0.089235 0.602064
0.142451 -0.087030 0.604896
0.142090 -0.091412 0.603106
0.144921 -0.089903 0.599481
0.144852 -0.083834 0.601988
0.136645 -0.086074 0.607362
0.146727 -0.083857 0.604480
0.145934 -0.088095 0.602578
0.138776 -0.088804 0.605142
0.145136 -0.089309 0.606076
0.139141 -0.090845 0.603328
0.139147 -0.088101 0.602475
0.144071 -0.082717 0.615000
0.138386 -0.091823 0.604188
0.136789 -0.083818 0.604491
0.146702 -0.090586 0.606004
0.136464 -0.086236 0.609392
0.146138 -0.092225 0.606968
0.140586 -0.087964 0.609153
0.145206 -0.085681 0.611742
0.136386 -0.085693 0.609521
0.141954 -0.089673 0.614059
0.140537 -0.083515 0.614542
0.144433 -0.087105 0.611374
0.136098 -0.093206 0.610056
0.139219 -0.086009 0.615698
0.142189 -0.092602 0.613133
0.141251 -0.090315 0.618301
0.142758 -0.086147 0.617681
0.138750 -0.093279 0.613440
0.138316 -0.087527 0.606640
0.137095 -0.092572 0.618242
0.134723 -0.091935 0.616633
0.136345 -0.091918 0.617523
0.139409 -0.089025 0.616930
0.140548 -0.090270 0.616374
0.139581 -0.083399 0.618987
0.133142 -0.090053 0.618185
0.137214 -0.082541 0.615607
0.140870 -0.090970 0.621861
0.135187 -0.090048 0.621441
0.139788 -0.081863 0.625239
0.134714 -0.092113 0.626945
0.138991 -0.092415 0.620619
0.137490 -0.088413 0.625991
0.135590 -0.088653 0.613600
0.136366 -0.086776 0.620387
0.144180 -0.086463 0.626466
0.137456 -0.095788 0.622528
0.140728 -0.089415 0.620709
0.134725 -0.088468 0.620879
0.140040 -0.093688 0.624815
0.135270 -0.089182 0.627985
0.133396 -0.085511 0.624915
0.134685 -0.087005 0.629445
0.132813 -0.090198 0.625657
0.132888 -0.087857 0.624648
0.131938 -0.085720 0.624315
0.134768 -0.083409 0.628980
0.130413 -0.088503 0.627874
0.126731 -0.088488 0.631297
0.133005 -0.086316 0.626820
0.135898 -0.088369 0.632342
0.127951 -0.090297 0.627444
0.132815 -0.088519 0.630957
0.133356 -0.092489 0.633687
0.128235 -0.093644 0.633567
0.128050 -0.084721 0.632445
0.136927 -0.089933 0.625284
0.128466 -0.089868 0.630237
0.129391 -0.090646 0.628892
0.126426 -0.085446 0.633127
0.136637 -0.087990 0.627238
0.129487 -0.085610 0.632528
0.123154 -0.086236 0.629543
0.129583 -0.089755 0.630514
0.125636 -0.081216 0.633127
0.122674 -0.082544 0.635081
0.125480 -0.088557 0.633972
0.127907 -0.086510 0.632628
0.127304 -0.089125 0.636151
0.118609 -0.091422 0.636419
0.127273 -0.090052 0.635200
0.124613 -0.087402 0.638797
0.123449 -0.088331 0.636629
0.125155 -0.084802 0.636928
0.123443 -0.089061 0.634376
0.125816 -0.090091 0.632785
0.121034 -0.085404 0.638747
0.121751 -0.084112 0.564239
0.121332 -0.084355 0.562951
0.123644 -0.085455 0.559092
0.120300 -0.084683 0.564701
0.125261 -0.087965 0.564448
0.121185 -0.090055 0.563222
0.124319 -0.085883 0.566589
0.126018 -0.090307 0.570159
0.126256 -0.087005 0.561682
0.125874 -0.085113 0.563148
0.125211 -0.088847 0.562590
0.124744 -0.085658 0.565324
0.128057 -0.082266 0.572384
0.127201 -0.086082 0.564444
0.126689 -0.087456 0.567297
0.131725 -0.081673 0.570452
0.126508 -0.085955 0.570363
0.129563 -0.087107 0.563504
0.128966 -0.083367 0.566224
0.129060 -0.085877 0.565960
0.130591 -0.087456 0.565875
0.124718 -0.087570 0.564964
0.130629 -0.088662 0.567323
0.130565 -0.086245 0.568786
0.132234 -0.081743 0.572963
0.130630 -0.083980 0.569044
0.133654 -0.086852 0.574164
0.133554 -0.086428 0.569289
0.125910 -0.085609 0.570563
0.130148 -0.084935 0.573078
0.134708 -0.085263 0.571405
0.128799 -0.091046 0.573987
0.131969 -0.084589 0.574090
0.133431 -0.084560 0.575593
0.137609 -0.084774 0.577253
0.135842 -0.083879 0.574944
0.135471 -0.086510 0.572530
0.135493 -0.085078 0.584428
0.138945 -0.088585 0.578310
0.134883 -0.086488 0.571692
0.135524 -0.086862 0.574160
0.135261 -0.082319 0.583504
0.138298 -0.091396 0.580338
0.130277 -0.088074 0.581194
0.136648 -0.085256 0.575379
0.135501 -0.085216 0.576096
0.131744 -0.085627 0.578513
0.138551 -0.085699 0.580278
0.133190 -0.087891 0.574329
0.138736 -0.086215 0.582428
0.139413 -0.086628 0.577584
0.135612 -0.085916 0.580823
0.138930 -0.088434 0.584682
0.136726 -0.090644 0.585701
0.140313 -0.085439 0.586092
0.138295 -0.088655 0.584100
0.137021 -0.088808 0.581390
0.134489 -0.085756 0.586575
0.137443 -0.088161 0.586325
0.138781 -0.082018 0.588335
0.139236 -0.084573 0.581988
0.141897 -0.082049 0.588368
0.135609 -0.088976 0.583393
0.140494 -0.085303 0.583466
0.142692 -0.081584 0.593839
0.136873 -0.086666 0.584186
0.141384 -0.082250 0.586934
0.140631 -0.084018 0.591564
0.144070 -0.079998 0.588748
0.139647 -0.090073 0.587648
0.142580 -0.085025 0.593717
0.136493 -0.081334 0.589335
0.143439 -0.082249 0.590615
0.140837 -0.090402 0.591835
0.135983 -0.089386 0.593551
0.149448 -0.090231 0.594826
0.144098 -0.079399 0.594228
0.140241 -0.084591 0.592409
0.137211 -0.086983 0.590615
0.142125 -0.085208 0.589934
0.145347 -0.082396 0.592310
0.142323 -0.081839 0.591977
0.140616 -0.090092 0.595345
0.145723 -0.085392 0.602917
0.142689 -0.084534 0.594960
0.140426 -0.081775 0.597129
0.142915 -0.078595 0.603299
0.140544 -0.087703 0.598703
0.143921 -0.083676 0.601979
0.148653 -0.087936 0.601625
0.141823 -0.085657 0.599499
0.138536 -0.084752 0.595675
0.140861 -0.082361 0.602713
0.136359 -0.088347 0.604663
0.143361 -0.083420 0.601021
0.139897 -0.085314 0.607565
0.149828 -0.084408 0.603210
0.144408 -0.084850 0.599968
0.140433 -0.086676 0.604965
0.145447 -0.087823 0.605657
0.137739 -0.082805 0.605059
0.141264 -0.090620 0.609534
0.145317 -0.090423 0.607471
0.141239 -0.080703 0.605281
0.141521 -0.086861 0.610515
0.147208 -0.084286 0.610371
0.140010 -0.083721 0.612573
0.138720 -0.085128 0.611315
0.137728 -0.081036 0.608573
0.144977 -0.083486 0.612339
0.143403 -0.089771 0.608952
0.141739 -0.081860 0.613506
0.145809 -0.082664 0.610425
0.140971 -0.083608 0.612564
0.139044 -0.089212 0.615662
0.134435 -0.087312 0.608481
0.143798 -0.086203 0.612027
0.141850 -0.079919 0.612991
0.134306 -0.083914 0.615472
0.136543 -0.085639 0.615934
0.142135 -0.086933 0.613693
0.141622 -0.087372 0.617552
0.137272 -0.087319 0.616106
0.137242 -0.083525 0.616874
0.145604 -0.090382 0.616417
0.140579 -0.083942 0.612204
0.135235 -0.085983 0.618580
0.139860 -0.085985 0.614288
0.136067 -0.086399 0.620605
0.140457 -0.082518 0.618300
0.136887 -0.082940 0.618877
0.136876 -0.081871 0.617304
0.140589 -0.086776 0.620059
0.140130 -0.089854 0.622613
0.138998 -0.083890 0.622709
0.133704 -0.084610 0.623457
0.135059 -0.090165 0.620173
0.138144 -0.088215 0.618055
0.134922 -0.086648 0.621660
0.135561 -0.085889 0.621623
0.138826 -0.081393 0.620510
0.138092 -0.084735 0.619856
0.133929 -0.084886 0.622229
0.134299 -0.082393 0.623845
0.135260 -0.084184 0.621568
0.134998 -0.087203 0.625044
0.133874 -0.084168 0.628042
0.131807 -0.088530 0.624709
0.129613 -0.085573 0.625183
0.137067 -0.082598 0.628932
0.131921 -0.086161 0.629821
0.127625 -0.081869 0.625676
0.131100 -0.085006 0.624482
0.133129 -0.087220 0.631562
0.133443 -0.082271 0.630024
0.131461 -0.092354 0.628666
0.130256 -0.085639 0.627377
0.132875 -0.086136 0.632606
0.129493 -0.086120 0.632431
0.125249 -0.082435 0.631232
0.125996 -0.085935 0.634636
0.124343 -0.085275 0.634958
0.128979 -0.081946 0.631642
0.126730 -0.087390 0.632790
0.129427 -0.082997 0.632676
0.124221 -0.084086 0.628270
0.126837 -0.087296 0.634415
0.125889 -0.087435 0.632626
0.121727 -0.075863 0.641079
0.126754 -0.085725 0.631962
0.128611 -0.083981 0.636550
0.124334 -0.085426 0.637725
0.121607 -0.091344 0.641467
0.124954 -0.081526 0.635709
0.123032 -0.086809 0.633347
0.118406 -0.082811 0.632163
0.125676 -0.085293 0.631956
0.120916 -0.086017 0.635047
0.123900 -0.086915 0.633817
0.119938 -0.083672 0.639155
0.122346 -0.083265 0.567063
0.121262 -0.085455 0.564254
0.125240 -0.077258 0.564617
0.129113 -0.082652 0.571751
0.124145 -0.083025 0.557461
0.125922 -0.084298 0.561714
0.133268 -0.085260 0.561519
0.123813 -0.077172 0.564435
0.120857 -0.080273 0.563685
0.126007 -0.081544 0.565924
0.124294 -0.080260 0.564326
0.122838 -0.078355 0.561645
0.122108 -0.082423 0.566408
0.128618 -0.086551 0.564614
0.127536 -0.084892 0.569355
0.122637 -0.082183 0.569394
0.129774 -0.085418 0.563431
0.125825 -0.082523 0.575726
0.126934 -0.082143 0.568174
0.131812 -0.080429 0.568673
0.129997 -0.088080 0.563471
0.132959 -0.078594 0.569873
0.128905 -0.083478 0.562580
0.127891 -0.081823 0.575167
0.129261 -0.080531 0.571227
0.133073 -0.082869 0.576735
0.126233 -0.077238 0.575865
0.130833 -0.080779 0.568668
0.133707 -0.083918 0.574303
0.128892 -0.086406 0.573868
0.134922 -0.079103 0.573569
0.133823 -0.081760 0.573481
0.133264 -0.082258 0.574701
0.133229 -0.078304 0.573367
0.129819 -0.084519 0.568552
0.137050 -0.084973 0.568345
0.130855 -0.079039 0.570428
0.135571 -0.083097 0.575038
0.134083 -0.077301 0.572878
0.133038 -0.078468 0.577124
0.133801 -0.083094 0.575233
0.132270 -0.083924 0.576253
0.136240 -0.083923 0.581622
0.137813 -0.081374 0.573954
0.138249 -0.083191 0.577556
0.135770 -0.083719 0.583392
0.135653 -0.076975 0.579244
0.135720 -0.080795 0.576668
0.139559 -0.085036 0.580051
0.138895 -0.079471 0.583882
0.138540 -0.080739 0.580260
0.139772 -0.079940 0.577954
0.137199 -0.081337 0.579374
0.140307 -0.087168 0.583708
0.135717 -0.083094 0.584089
0.140448 -0.078387 0.584395
0.137838 -0.088540 0.582292
0.139949 -0.085509 0.584441
0.138504 -0.077051 0.582141
0.136206 -0.079745 0.586684
0.136641 -0.073889 0.583518
0.138404 -0.079959 0.587751
0.139818 -0.078326 0.586171
0.139668 -0.082035 0.584014
0.141750 -0.079957 0.583163
0.147314 -0.080199 0.581886
0.147568 -0.080770 0.590883
0.146134 -0.074636 0.589197
0.141011 -0.087915 0.590163
0.136526 -0.091208 0.592743
0.140239 -0.080025 0.592054
0.144504 -0.080596 0.582660
0.139455 -0.080407 0.593485
0.141945 -0.083829 0.593067
0.140669 -0.076395 0.587309
0.138219 -0.081805 0.591398
0.139871 -0.075730 0.597368
0.143673 -0.079858 0.593157
0.142903 -0.076739 0.595571
0.143911 -0.079015 0.591385
0.140462 -0.084944 0.594055
0.139107 -0.084692 0.596174
0.139099 -0.080218 0.594810
0.136451 -0.080086 0.598343
0.141902 -0.082576 0.594198
0.138147 -0.083809 0.602215
0.138927 -0.086899 0.595381
0.136754 -0.078842 0.599816
0.144866 -0.078367 0.605643
0.142135 -0.085742 0.600746
0.147353 -0.078607 0.601180
0.139087 -0.076079 0.602657
0.140550 -0.081122 0.600373
0.140970 -0.079185 0.606024
0.143067 -0.085400 0.602643
0.141003 -0.082795 0.605989
0.141804 -0.082056 0.606563
0.140382 -0.086447 0.609435
0.140971 -0.082107 0.606430
0.139038 -0.082145 0.603366
0.137777 -0.085246 0.604983
0.142017 -0.086887 0.611739
0.143372 -0.087420 0.607372
0.141182 -0.081183 0.608577
0.143100 -0.077687 0.606636
0.142598 -0.085882 0.605690
0.141143 -0.083034 0.607266
0.143915 -0.086491 0.613253
0.144945 -0.083513 0.603808
0.139373 -0.083509 0.607263
0.143387 -0.084609 0.614708
0.139672 -0.082766 0.610727
0.138546 -0.080440 0.613244
0.141136 -0.079740 0.607492
0.141563 -0.082892 0.607152
0.138556 -0.082111 0.611108
0.140120 -0.082773 0.619664
0.144982 -0.078297 0.609870
0.142120 -0.076541 0.607501
0.137787 -0.080312 0.613939
0.137989 -0.083780 0.612639
0.135734 -0.076688 0.612325
0.137390 -0.081124 0.615439
0.137749 -0.082105 0.616409
0.141876 -0.081754 0.616766
0.143338 -0.080326 0.618573
0.136564 -0.078915 0.618010
0.140370 -0.083738 0.622039
0.138256 -0.080993 0.614058
0.136696 -0.078760 0.619984
0.139922 -0.080619 0.620254
0.141666 -0.081116 0.614893
0.137787 -0.081594 0.618688
0.138468 -0.076152 0.620273
0.135272 -0.085985 0.617833
0.134201 -0.083444 0.620025
0.135507 -0.080334 0.617198
0.138128 -0.083259 0.622064
0.130038 -0.076276 0.620622
0.138026 -0.082435 0.624338
0.134816 -0.079091 0.628291
0.135185 -0.079400 0.617877
0.135923 -0.084867 0.618927
0.132369 -0.083846 0.624554
0.127959 -0.078787 0.625837
0.133717 -0.083755 0.629921
0.127394 -0.087287 0.625967
0.133128 -0.080616 0.626162
0.134192 -0.081549 0.630735
0.128087 -0.080960 0.622906
0.137854 -0.075824 0.627939
0.133837 -0.078580 0.632077
0.135908 -0.084222 0.627328
0.128800 -0.083429 0.624285
0.129158 -0.078740 0.625969
0.135616 -0.081016 0.629917
0.126964 -0.079137 0.626496
0.126924 -0.077667 0.633534
0.131216 -0.077447 0.631055
0.128302 -0.082380 0.627227
0.133537 -0.079831 0.625742
0.125401 -0.079215 0.633597
0.130832 -0.079055 0.628667
0.125317 -0.077099 0.631613
0.121763 -0.080582 0.631225
0.126781 -0.083956 0.631220
0.124181 -0.081246 0.633952
0.133417 -0.076427 0.634176
0.124895 -0.077811 0.634617
0.129170 -0.077239 0.635969
0.124733 -0.081797 0.638539
0.125422 -0.082118 0.633931
0.119881 -0.081493 0.636095
0.120877 -0.078388 0.639016
0.122304 -0.086223 0.640235
0.118381 -0.085019 0.638736
0.116863 -0.082544 0.638113
0.119555 -0.079144 0.636731
0.121714 -0.088730 0.641061
0.122418 -0.079509 0.640043
0.122109 -0.076027 0.562221
0.122852 -0.081272 0.559865
0.118443 -0.082864 0.564251
0.120411 -0.080284 0.560690
0.120809 -0.078439 0.560418
0.128928 -0.076137 0.567372
0.119226 -0.079304 0.561289
0.129015 -0.080660 0.563535
0.126127 -0.075431 0.563265
0.123025 -0.081121 0.567320
0.125868 -0.082754 0.568773
0.128998 -0.074994 0.568513
0.124855 -0.077225 0.561202
0.129321 -0.081408 0.566534
0.129425 -0.073621 0.565769
0.122171 -0.075230 0.567725
0.127308 -0.083431 0.561405
0.126599 -0.077579 0.564744
0.120018 -0.079441 0.564814
0.131324 -0.076005 0.568864
0.127804 -0.077970 0.570336
0.129572 -0.077656 0.569080
0.130586 -0.077679 0.569437
0.131988 -0.079370 0.572991
0.129861 -0.079992 0.568370
0.127622 -0.078537 0.571616
0.130713 -0.077027 0.573853
0.132579 -0.074366 0.569840
0.130913 -0.080372 0.574733
0.127880 -0.075524 0.573618
0.130251 -0.080256 0.569202
0.133173 -0.080365 0.572330
0.124509 -0.073145 0.580155
0.128810 -0.078803 0.572412
0.130512 -0.080340 0.571703
0.140584 -0.076783 0.571422
0.140786 -0.083753 0.577602
0.133841 -0.075716 0.576149
0.135510 -0.077154 0.573721
0.138285 -0.076684 0.581167
0.139676 -0.076799 0.577854
0.134587 -0.074227 0.581524
0.136804 -0.080200 0.575641
0.134349 -0.074225 0.575423
0.134461 -0.077762 0.583027
0.137584 -0.079123 0.583239
0.137883 -0.076805 0.577311
0.142055 -0.077944 0.579177
0.141189 -0.080958 0.580768
0.133814 -0.074639 0.579525
0.138558 -0.084530 0.584606
0.141546 -0.079586 0.580463
0.143198 -0.080231 0.581595
0.139101 -0.080242 0.581721
0.140846 -0.074137 0.580898
0.134698 -0.078722 0.584066
0.135366 -0.070334 0.585741
0.140124 -0.076718 0.581507
0.136131 -0.073740 0.579196
0.145542 -0.080657 0.577247
0.135747 -0.073154 0.584492
0.139305 -0.080521 0.587105
0.141405 -0.078559 0.583603
0.139943 -0.077740 0.588600
0.139773 -0.075409 0.584374
0.141237 -0.080588 0.584001
0.141608 -0.080106 0.591653
0.139518 -0.079479 0.584949
0.137589 -0.082615 0.596943
0.140667 -0.076739 0.587568
0.141865 -0.079856 0.592501
0.142628 -0.080394 0.586939
0.145988 -0.071963 0.587441
0.138720 -0.084459 0.592927
0.144957 -0.075616 0.595177
0.142589 -0.078958 0.592158
0.142011 -0.076120 0.595089
0.144275 -0.080667 0.597697
0.142534 -0.079271 0.596088
0.144565 -0.079503 0.594295
0.139535 -0.080011 0.599989
0.139886 -0.076218 0.594983
0.140432 -0.078601 0.594548
0.143323 -0.079699 0.602968
0.140735 -0.077538 0.597235
0.146852 -0.078824 0.595806
0.139911 -0.074698 0.598194
0.145714 -0.074962 0.597839
0.142072 -0.074371 0.596703
0.139443 -0.078992 0.600473
0.140949 -0.078178 0.602968
0.145403 -0.079978 0.601552
0.143537 -0.077435 0.605431
0.140167 -0.084232 0.598124
0.145841 -0.082227 0.603269
0.144950 -0.077372 0.601884
0.140869 -0.080968 0.601934
0.145178 -0.073433 0.606701
0.142214 -0.082003 0.609643
0.144401 -0.070587 0.605207
0.139795 -0.078048 0.601683
0.134153 -0.077565 0.603678
0.145130 -0.081348 0.601770
0.145982 -0.073208 0.603728
0.141691 -0.076858 0.604821
0.144356 -0.077933 0.606798
0.141368 -0.072006 0.605399
0.136913 -0.083914 0.609367
0.146018 -0.080045 0.606783
0.141678 -0.076182 0.611277
0.145646 -0.077354 0.611547
0.145885 -0.078289 0.605374
0.142436 -0.076995 0.614496
0.138475 -0.080412 0.610001
0.140136 -0.079566 0.610578
0.140666 -0.074833 0.608909
0.134943 -0.077581 0.607309
0.140777 -0.077548 0.613186
0.141974 -0.079443 0.611412
0.140048 -0.074477 0.620463
0.141364 -0.077869 0.615594
0.135020 -0.077428 0.613241
0.139484 -0.076899 0.612212
0.142699 -0.077642 0.612861
0.139806 -0.074930 0.615559
0.146739 -0.079522 0.618083
0.135215 -0.076061 0.618916
0.131746 -0.079707 0.621307
0.141160 -0.084495 0.614656
0.137090 -0.075154 0.617419
0.137035 -0.084307 0.616004
0.139459 -0.074911 0.619674
0.133817 -0.076675 0.623516
0.139010 -0.082505 0.621615
0.141503 -0.078539 0.625141
0.136873 -0.079413 0.616101
0.138820 -0.086373 0.621720
0.136130 -0.081438 0.622428
0.135035 -0.078797 0.618236
0.135916 -0.077376 0.623467
0.137071 -0.084464 0.625984
0.133116 -0.078440 0.620869
0.132446 -0.081177 0.622381
0.140595 -0.070735 0.627665
0.134022 -0.076695 0.627718
0.136620 -0.075973 0.624602
0.133814 -0.083200 0.625050
0.132438 -0.081494 0.634164
0.131137 -0.080797 0.623961
0.131114 -0.080482 0.629442
0.132955 -0.079493 0.626789
0.132595 -0.080201 0.625620
0.129014 -0.078155 0.626178
0.135600 -0.073688 0.626265
0.129175 -0.076725 0.625606
0.137115 -0.073734 0.628204
0.129130 -0.078110 0.632299
0.136779 -0.075577 0.630070
0.127752 -0.076860 0.631515
0.125518 -0.076082 0.628435
0.128757 -0.078047 0.631149
0.125523 -0.078076 0.629130
0.127695 -0.082513 0.634398
0.122879 -0.086458 0.633430
0.124658 -0.073310 0.633021
0.127021 -0.082582 0.634412
0.134560 -0.079162 0.632101
0.125012 -0.076189 0.632461
0.128708 -0.078983 0.630036
0.126171 -0.076680 0.634115
0.126422 -0.079072 0.636698
0.120485 -0.079888 0.629877
0.124769 -0.077257 0.632168
0.124362 -0.079156 0.634854
0.123746 -0.077421 0.632358
0.123288 -0.080433 0.635341
0.121584 -0.077377 0.632950
0.123041 -0.081982 0.633372
0.119648 -0.082492 0.640237
0.121823 -0.075748 0.635231
0.122833 -0.075347 0.559814
0.127207 -0.076772 0.563951
0.123806 -0.072928 0.566133
0.122516 -0.078398 0.564652
0.125373 -0.067975 0.565258
0.121922 -0.075366 0.569328
0.120684 -0.072625 0.563079
0.124734 -0.067048 0.569011
0.123622 -0.079736 0.569753
0.126018 -0.079314 0.566366
0.125285 -0.077163 0.563736
0.126195 -0.079410 0.565653
0.122972 -0.075976 0.571895
0.121182 -0.073301 0.566042
0.132534 -0.077988 0.567708
0.134596 -0.074511 0.567839
0.124905 -0.078807 0.565746
0.126465 -0.071547 0.571175
0.131302 -0.075944 0.566365
0.130042 -0.075651 0.567743
0.124701 -0.073005 0.571270
0.132054 -0.077763 0.565970
0.129836 -0.077774 0.565027
0.127219 -0.074702 0.572005
0.132184 -0.072994 0.571790
0.127203 -0.073811 0.572005
0.131694 -0.075902 0.572537
0.134295 -0.069735 0.580661
0.132757 -0.072813 0.570515
0.131728 -0.071532 0.569645
0.133605 -0.078464 0.575438
0.133760 -0.072080 0.573728
0.139944 -0.076306 0.576728
0.137448 -0.074149 0.572123
0.127848 -0.073717 0.571279
0.129159 -0.075295 0.577281
0.139831 -0.079172 0.574499
0.139128 -0.075608 0.575686
0.133255 -0.073775 0.572759
0.132223 -0.076188 0.578469
0.134761 -0.075579 0.577740
0.133189 -0.078844 0.577995
0.140297 -0.074221 0.578979
0.134745 -0.072871 0.580004
0.137479 -0.077724 0.580250
0.137637 -0.078803 0.578437
0.136908 -0.070367 0.585415
0.133153 -0.074699 0.576201
0.134012 -0.078818 0.577451
0.141418 -0.075970 0.575644
0.134466 -0.074360 0.580427
0.141548 -0.073772 0.583129
0.135260 -0.075564 0.586695
0.138382 -0.074892 0.585347
0.134579 -0.079638 0.588257
0.142555 -0.074713 0.587552
0.139329 -0.072994 0.578892
0.134301 -0.073745 0.580959
0.138482 -0.079004 0.586147
0.137223 -0.071727 0.580619
0.143014 -0.077242 0.588473
0.138615 -0.076340 0.588642
0.136631 -0.072523 0.585842
0.136688 -0.077824 0.582441
0.137585 -0.077172 0.587057
0.138001 -0.081965 0.588011
0.144132 -0.078379 0.589190
0.141636 -0.069840 0.594706
0.139703 -0.073266 0.588347
0.142030 -0.071637 0.585392
0.144699 -0.071973 0.589895
0.142407 -0.068573 0.589002
0.142171 -0.082370 0.590233
0.143968 -0.077045 0.588863
0.136213 -0.078364 0.591846
0.141078 -0.077479 0.588367
0.137791 -0.080947 0.594020
0.140325 -0.075034 0.594440
0.137300 -0.075930 0.597449
0.142451 -0.072200 0.595387
0.140137 -0.074687 0.593715
0.143127 -0.072365 0.592240
0.144469 -0.081628 0.600367
0.139646 -0.077980 0.598708
0.143873 -0.073904 0.598087
0.137126 -0.077313 0.600154
0.139563 -0.072821 0.596096
0.140524 -0.076461 0.599357
0.144522 -0.075665 0.598496
0.144995 -0.068950 0.599426
0.144449 -0.074703 0.601387
0.139880 -0.072212 0.602925
0.144652 -0.073872 0.600553
0.142083 -0.070701 0.600243
0.142305 -0.078643 0.600091
0.141072 -0.075244 0.601756
0.132775 -0.073878 0.597553
0.141362 -0.076319 0.607657
0.146145 -0.074681 0.606753
0.142100 -0.072891 0.607828
0.141704 -0.078845 0.593117
0.146188 -0.074155 0.602033
0.141190 -0.072237 0.604599
0.140013 -0.074641 0.604502
0.139354 -0.067452 0.607754
0.140349 -0.077436 0.604211
0.141695 -0.070417 0.607860
0.142094 -0.078297 0.607451
0.140211 -0.078077 0.608053
0.147114 -0.070216 0.614015
0.140161 -0.073367 0.605864
0.146627 -0.076696 0.608816
0.144100 -0.073611 0.613530
0.144145 -0.075493 0.609881
0.136656 -0.069486 0.617054
0.138422 -0.066423 0.605877
0.143314 -0.072092 0.610770
0.143180 -0.072522 0.612364
0.143350 -0.075505 0.617343
0.137256 -0.077112 0.616365
0.142417 -0.072468 0.613240
0.140611 -0.077283 0.617797
0.139928 -0.077207 0.614810
0.140381 -0.080806 0.614107
0.142814 -0.081440 0.617647
0.140981 -0.080449 0.613502
0.134260 -0.079483 0.616584
0.132117 -0.073604 0.618198
0.139318 -0.077465 0.614595
0.138403 -0.076163 0.618696
0.133759 -0.077362 0.616807
0.134879 -0.075675 0.618632
0.137202 -0.075731 0.619397
0.139517 -0.075155 0.623637
0.137236 -0.076242 0.621411
0.137358 -0.075340 0.620365
0.134299 -0.074699 0.621173
0.143942 -0.076005 0.623807
0.137187 -0.071037 0.621275
0.135790 -0.071334 0.623132
0.133273 -0.074780 0.623822
0.136069 -0.084757 0.624279
0.134835 -0.072874 0.623816
0.131835 -0.075593 0.621202
0.128080 -0.076209 0.627021
0.134753 -0.077864 0.632288
0.134561 -0.070660 0.628145
0.132940 -0.076320 0.624584
0.130503 -0.075160 0.620861
0.132784 -0.077830 0.624601
0.127585 -0.076139 0.626113
0.132421 -0.072994 0.624178
0.129299 -0.078887 0.633046
0.123160 -0.073034 0.629275
0.131639 -0.074903 0.628470
0.127348 -0.071020 0.625499
0.125954 -0.074033 0.631622
0.121340 -0.076599 0.631849
0.124902 -0.073830 0.632833
0.133842 -0.079300 0.631954
0.127980 -0.071176 0.633519
0.130941 -0.077257 0.635198
0.128711 -0.081734 0.629629
0.129992 -0.072922 0.632700
0.125523 -0.075871 0.633409
0.129135 -0.076114 0.630006
0.124546 -0.072523 0.632962
0.122057 -0.079565 0.634817
0.123110 -0.078295 0.633798
0.121443 -0.073588 0.635682
0.122758 -0.076180 0.633402
0.124031 -0.074960 0.635127
0.123627 -0.075023 0.634621
0.128462 -0.075588 0.638092
0.124451 -0.076327 0.637060
0.122213 -0.072884 0.634496
0.122613 -0.077044 0.632791
0.124293 -0.076982 0.638855
0.123007 -0.073383 0.638760
0.129263 -0.072292 0.635136
0.118471 -0.067550 0.559904
0.117698 -0.076251 0.569732
0.126781 -0.069205 0.568638
0.119622 -0.068872 0.568016
0.126088 -0.067831 0.564855
0.126069 -0.072965 0.566781
0.120772 -0.072675 0.568008
0.121638 -0.070397 0.567416
0.127370 -0.074899 0.578560
0.126112 -0.074013 0.565250
0.121174 -0.071650 0.564143
0.123086 -0.068484 0.570723
0.129333 -0.071776 0.565674
0.127000 -0.066171 0.569868
0.125251 -0.071850 0.567788
0.122728 -0.068763 0.562248
0.126219 -0.073182 0.568522
0.125744 -0.072768 0.561538
0.124972 -0.068004 0.574796
0.127141 -0.072701 0.570729
0.129717 -0.072659 0.566385
0.136916 -0.071631 0.571239
0.127756 -0.073490 0.567992
0.128406 -0.072620 0.572015
0.133084 -0.073522 0.571589
0.126765 -0.076192 0.568557
0.126658 -0.067633 0.574185
0.132828 -0.068319 0.573934
0.124798 -0.071604 0.573753
0.129154 -0.070503 0.572338
0.129724 -0.065322 0.573286
0.133833 -0.073821 0.574997
0.134850 -0.071273 0.572522
0.131250 -0.075401 0.573101
0.129295 -0.074018 0.572041
0.137328 -0.072516 0.574489
0.134192 -0.070811 0.574919
0.135525 -0.074282 0.577076
0.137973 -0.075457 0.571196
0.134078 -0.071877 0.575246
0.135652 -0.066305 0.575167
0.128961 -0.070886 0.577866
0.136389 -0.066970 0.580243
0.135173 -0.072790 0.576810
0.138143 -0.068504 0.571723
0.141188 -0.074970 0.577253
0.137645 -0.074588 0.578498
0.138906 -0.069075 0.581345
0.136828 -0.072231 0.580859
0.139985 -0.071673 0.580889
0.131973 -0.068559 0.579128
0.139417 -0.072205 0.576413
0.135212 -0.069790 0.578596
0.137560 -0.071846 0.582365
0.140720 -0.073459 0.579089
0.138724 -0.073699 0.580437
0.137270 -0.071971 0.579200
0.142850 -0.070765 0.586760
0.145326 -0.068814 0.584698
0.137428 -0.071253 0.587247
0.139207 -0.074000 0.590377
0.143188 -0.074233 0.587506
0.141757 -0.069580 0.593474
0.137881 -0.075880 0.583747
0.139363 -0.070608 0.585885
0.143092 -0.076968 0.598312
0.141972 -0.071845 0.591607
0.139176 -0.074381 0.591300
0.141978 -0.068741 0.591817
0.134086 -0.073728 0.594414
0.143952 -0.075838 0.590423
0.140357 -0.070620 0.595083
0.139429 -0.069984 0.594677
0.137545 -0.072370 0.591614
0.144274 -0.071702 0.593199
0.143020 -0.067187 0.594996
0.144014 -0.071412 0.592834
0.139111 -0.076026 0.589673
0.145194 -0.073537 0.592390
0.140080 -0.075312 0.596714
0.144936 -0.072042 0.596434
0.145988 -0.071277 0.597939
0.141043 -0.070998 0.598312
0.143700 -0.074954 0.593372
0.143606 -0.071147 0.598640
0.139344 -0.075301 0.593604
0.143092 -0.068659 0.604327
0.147325 -0.067941 0.601609
0.144681 -0.072824 0.601195
0.142325 -0.073925 0.597741
0.139997 -0.070126 0.600296
0.142246 -0.064660 0.604487
0.138725 -0.072218 0.597762
0.146252 -0.073055 0.599338
0.147252 -0.074695 0.602859
0.147696 -0.074752 0.598933
0.149858 -0.071785 0.606998
0.145048 -0.071006 0.601856
0.147290 -0.073825 0.607547
0.139644 -0.068026 0.605856
0.143400 -0.071828 0.601776
0.145357 -0.070282 0.605446
0.140447 -0.067620 0.604118
0.139776 -0.073206 0.607886
0.145623 -0.069567 0.611173
0.136748 -0.072268 0.603070
0.145588 -0.072670 0.609965
0.142999 -0.071664 0.609524
0.138229 -0.072272 0.608446
0.137214 -0.073116 0.613840
0.142510 -0.070760 0.609033
0.140204 -0.070765 0.607182
0.141619 -0.070066 0.611425
0.142518 -0.068473 0.608408
0.137348 -0.071748 0.612026
0.145303 -0.071224 0.611548
0.144548 -0.074513 0.610264
0.140379 -0.066534 0.613957
0.143094 -0.075673 0.617311
0.141011 -0.069062 0.618020
0.142851 -0.069840 0.613462
0.138356 -0.069244 0.614326
0.141745 -0.066955 0.613304
0.140866 -0.070808 0.620977
0.138300 -0.073031 0.613175
0.135977 -0.072640 0.618918
0.141812 -0.074330 0.619625
0.139085 -0.068296 0.623201
0.141907 -0.072217 0.621486
0.140762 -0.070114 0.619142
0.137340 -0.075444 0.620258
0.137773 -0.071094 0.616762
0.139055 -0.074952 0.620567
0.136383 -0.071648 0.621556
0.136536 -0.073845 0.620288
0.137216 -0.070493 0.622518
0.141101 -0.073144 0.620863
0.132295 -0.069257 0.623974
0.136388 -0.068292 0.623024
0.136540 -0.070444 0.623451
0.131736 -0.074398 0.623666
0.133941 -0.076608 0.617858
0.134414 -0.076824 0.626080
0.135391 -0.073981 0.624692
0.135185 -0.073671 0.624853
0.132338 -0.070085 0.626476
0.133013 -0.066354 0.625214
0.136273 -0.072771 0.628508
0.127794 -0.066221 0.627456
0.131563 -0.067205 0.631679
0.127894 -0.069192 0.626726
0.131881 -0.073657 0.626322
0.128436 -0.072001 0.629640
0.132782 -0.071050 0.628944
0.131970 -0.073205 0.630231
0.134375 -0.072906 0.626290
0.130420 -0.073482 0.631543
0.127711 -0.074711 0.629635
0.128622 -0.066293 0.625528
0.131607 -0.067591 0.636806
0.128027 -0.072101 0.631778
0.127749 -0.064525 0.634531
0.131156 -0.070812 0.633206
0.129720 -0.067789 0.634768
0.125269 -0.068881 0.631625
0.127904 -0.065908 0.626378
0.128201 -0.076590 0.631926
0.125669 -0.070903 0.633802
0.128172 -0.072259 0.631106
0.123299 -0.071835 0.638871
0.121317 -0.071328 0.632413
0.121479 -0.069034 0.635057
0.125260 -0.074020 0.636900
0.127295 -0.070813 0.637359
0.123565 -0.073229 0.633924
0.121476 -0.069249 0.632574
0.123458 -0.070945 0.629839
0.125523 -0.067254 0.639545
0.127524 -0.064812 0.637033
0.121676 -0.066635 0.637612
0.122269 -0.065885 0.559220
0.118342 -0.068519 0.563806
0.122425 -0.068716 0.567399
0.119190 -0.071627 0.568634
0.118836 -0.070193 0.567358
0.120145 -0.069886 0.565327
0.123100 -0.070280 0.566207
0.121205 -0.064430 0.562119
0.117373 -0.069858 0.567534
0.127641 -0.071135 0.566747
0.124293 -0.069117 0.565510
0.126983 -0.066687 0.567416
0.127549 -0.066737 0.568508
0.132567 -0.073314 0.570501
0.122206 -0.065958 0.568315
0.127177 -0.067762 0.568263
0.129296 -0.065924 0.570788
0.133145 -0.066910 0.572749
0.127886 -0.068523 0.567503
0.126045 -0.064904 0.575362
0.126724 -0.069646 0.564280
0.132427 -0.073536 0.568382
0.133376 -0.066478 0.567327
0.133681 -0.068787 0.565498
0.126041 -0.066489 0.571252
0.130098 -0.066369 0.571210
0.136795 -0.069546 0.567281
0.130080 -0.070488 0.573182
0.135313 -0.068283 0.574668
0.135310 -0.064318 0.569675
0.130516 -0.067151 0.576107
0.134427 -0.071409 0.579960
0.137214 -0.069051 0.571404
0.130972 -0.065043 0.573103
0.132102 -0.064794 0.572462
0.136670 -0.067232 0.575833
0.141279 -0.070106 0.576714
0.136876 -0.072785 0.579158
0.136704 -0.069949 0.574644
0.133977 -0.065854 0.577830
0.133828 -0.063495 0.577069
0.139014 -0.066054 0.577495
0.133079 -0.070062 0.578939
0.134242 -0.067488 0.576044
0.133911 -0.063527 0.576637
0.136930 -0.072069 0.579823
0.137619 -0.071079 0.576845
0.135231 -0.071262 0.578422
0.139386 -0.073661 0.575472
0.132778 -0.067145 0.579892
0.138527 -0.064916 0.579996
0.138783 -0.070143 0.577338
0.138747 -0.069720 0.582906
0.135473 -0.072499 0.584613
0.139324 -0.074356 0.578367
0.143003 -0.071082 0.581548
0.141751 -0.070960 0.582776
0.137746 -0.062550 0.580800
0.137144 -0.068467 0.584159
0.143442 -0.067095 0.580054
0.142047 -0.071854 0.586967
0.140288 -0.072831 0.585186
0.137165 -0.071469 0.591273
0.143218 -0.070514 0.586776
0.137382 -0.067436 0.581308
0.145839 -0.063911 0.590994
0.138775 -0.066920 0.588283
0.136765 -0.065455 0.588274
0.139834 -0.066651 0.589197
0.139566 -0.067150 0.597068
0.140299 -0.071181 0.589114
0.140851 -0.067265 0.586044
0.142813 -0.068405 0.593515
0.141097 -0.072758 0.589381
0.143460 -0.068310 0.593229
0.147333 -0.066547 0.594818
0.146101 -0.072210 0.601854
0.140837 -0.067528 0.594824
0.138770 -0.062705 0.591568
0.144191 -0.072727 0.593370
0.143244 -0.069432 0.597522
0.141942 -0.070244 0.594759
0.142115 -0.066725 0.597007
0.137261 -0.069729 0.592234
0.148707 -0.067343 0.595816
0.143808 -0.062821 0.596102
0.138600 -0.063962 0.602586
0.143633 -0.068516 0.599713
0.139492 -0.064372 0.598474
0.142019 -0.058355 0.603869
0.140898 -0.060387 0.603560
0.141684 -0.064544 0.598190
0.144907 -0.069663 0.603958
0.144983 -0.070373 0.600368
0.140616 -0.070550 0.602089
0.142039 -0.069165 0.605401
0.139429 -0.072481 0.601036
0.144058 -0.067487 0.597962
0.142764 -0.067838 0.605111
0.139422 -0.068219 0.604014
0.146161 -0.072272 0.604462
0.142957 -0.071226 0.608121
0.139195 -0.070382 0.604359
0.139962 -0.068916 0.605168
0.141726 -0.068692 0.603865
0.140333 -0.066196 0.608425
0.142435 -0.073741 0.609339
0.143829 -0.065749 0.613112
0.146937 -0.073556 0.607121
0.144191 -0.066370 0.607962
0.141036 -0.065145 0.602557
0.143286 -0.068339 0.608544
0.142186 -0.069977 0.612602
0.144750 -0.069425 0.608131
0.136950 -0.072307 0.612435
0.133983 -0.067209 0.609777
0.143011 -0.068325 0.613615
0.142546 -0.072895 0.612168
0.136587 -0.065348 0.612755
0.140535 -0.066712 0.616193
0.139250 -0.066667 0.615923
0.140839 -0.066269 0.615473
0.137151 -0.066963 0.616820
0.140125 -0.068941 0.615443
0.139984 -0.070717 0.617882
0.136851 -0.061864 0.621900
0.137705 -0.068547 0.620655
0.136401 -0.064887 0.619558
0.141996 -0.073920 0.618272
0.140472 -0.064244 0.612760
0.131391 -0.071007 0.617158
0.141712 -0.063953 0.622769
0.137725 -0.067711 0.622401
0.135569 -0.069644 0.615057
0.135587 -0.064864 0.623397
0.135323 -0.063727 0.619120
0.130817 -0.073699 0.620793
0.133545 -0.069049 0.621621
0.132735 -0.066369 0.621591
0.130279 -0.072029 0.621582
0.132257 -0.063499 0.623068
0.131733 -0.073748 0.623076
0.136169 -0.070781 0.621668
0.138212 -0.068688 0.624175
0.132526 -0.070318 0.624092
0.134601 -0.065490 0.628235
0.134746 -0.072488 0.629492
0.130944 -0.066509 0.624207
0.137561 -0.070645 0.622847
0.132251 -0.067314 0.623385
0.130545 -0.072011 0.626386
0.129123 -0.071543 0.629931
0.133164 -0.065812 0.626850
0.130925 -0.065554 0.629026
0.129403 -0.066209 0.628018
0.125941 -0.070263 0.629292
0.131095 -0.071251 0.628996
0.128321 -0.066654 0.631270
0.127872 -0.071998 0.631148
0.127211 -0.067731 0.631758
0.125784 -0.071797 0.630563
0.127122 -0.068037 0.633087
0.129746 -0.067095 0.634687
0.129449 -0.067184 0.635587
0.121034 -0.071658 0.633896
0.131302 -0.070307 0.628998
0.122160 -0.066770 0.630453
0.128656 -0.071980 0.640621
0.120424 -0.067767 0.635844
0.125023 -0.069855 0.632315
0.122385 -0.065753 0.637577
0.121826 -0.070673 0.633092
0.122241 -0.067921 0.634583
0.121348 -0.067998 0.631837
0.121151 -0.074133 0.636169
0.125089 -0.072260 0.635982
0.120348 -0.063869 0.632721
0.124338 -0.068491 0.638312
0.119963 -0.066743 0.638906
0.120806 -0.071054 0.641674
0.118344 -0.062283 0.563690
0.120554 -0.067675 0.561492
0.123438 -0.064912 0.563564
0.120675 -0.060652 0.567814
0.122936 -0.067298 0.565986
0.121320 -0.070567 0.566279
0.127916 -0.062978 0.567665
0.118906 -0.067168 0.565268
0.125992 -0.066466 0.566393
0.126856 -0.063286 0.563858
0.125368 -0.069451 0.564207
0.124929 -0.071154 0.559450
0.130674 -0.063442 0.567315
0.124795 -0.065083 0.567907
0.125650 -0.063979 0.572652
0.119646 -0.069483 0.567373
0.123925 -0.068847 0.570254
0.132705 -0.064884 0.561044
0.133515 -0.065084 0.564254
0.128181 -0.064149 0.562999
0.132256 -0.061859 0.571916
0.129471 -0.068235 0.567018
0.130281 -0.061962 0.571988
0.131066 -0.067677 0.574748
0.135524 -0.056808 0.570040
0.133910 -0.067873 0.572863
0.131424 -0.063959 0.575181
0.128784 -0.061632 0.570011
0.138922 -0.058450 0.570938
0.128894 -0.064117 0.574525
0.132962 -0.066184 0.567134
0.133500 -0.059326 0.578664
0.131969 -0.065613 0.567637
0.131236 -0.066904 0.575304
0.128453 -0.067258 0.573181
0.140357 -0.068573 0.573700
0.135504 -0.064443 0.576174
0.133430 -0.065966 0.577418
0.128428 -0.063462 0.574791
0.135016 -0.067060 0.578508
0.139505 -0.066288 0.578269
0.137361 -0.067123 0.580601
0.137493 -0.072882 0.579545
0.140608 -0.065439 0.573189
0.138545 -0.067090 0.579036
0.134175 -0.062781 0.582406
0.134654 -0.068325 0.576389
0.134414 -0.063098 0.573511
0.140264 -0.064324 0.575698
0.138419 -0.063066 0.578972
0.135884 -0.060745 0.578540
0.137723 -0.070906 0.583553
0.131927 -0.065983 0.585175
0.132538 -0.061034 0.582976
0.137595 -0.064332 0.586518
0.139983 -0.064892 0.582855
0.142054 -0.062276 0.584523
0.140407 -0.063363 0.586509
0.141318 -0.061322 0.581421
0.136918 -0.070112 0.584444
0.142075 -0.063259 0.583963
0.136079 -0.064663 0.583827
0.140591 -0.066056 0.589904
0.144285 -0.066111 0.589918
0.141850 -0.061664 0.582153
0.149703 -0.070717 0.590480
0.137861 -0.063316 0.587341
0.139903 -0.065944 0.583841
0.136000 -0.063549 0.590283
0.137164 -0.064823 0.592795
0.140369 -0.072140 0.589108
0.142524 -0.063655 0.598450
0.145690 -0.064722 0.595366
0.141914 -0.062253 0.589251
0.146457 -0.068012 0.594111
0.142736 -0.067461 0.595984
0.144878 -0.070201 0.594277
0.139151 -0.067462 0.599663
0.137775 -0.069067 0.595706
0.141498 -0.068904 0.594374
0.141196 -0.062620 0.591613
0.142114 -0.063296 0.593345
0.138253 -0.063405 0.596556
0.141197 -0.064215 0.595947
0.137386 -0.062020 0.596684
0.142184 -0.068768 0.595943
0.143439 -0.068338 0.596400
0.144049 -0.064664 0.591845
0.148337 -0.062163 0.600053
0.142408 -0.063562 0.602596
0.140607 -0.066910 0.599241
0.141653 -0.066013 0.601546
0.135440 -0.068400 0.604450
0.146745 -0.063868 0.605059
0.141386 -0.063820 0.604823
0.143287 -0.065194 0.604568
0.140588 -0.068876 0.601984
0.135569 -0.065060 0.599807
0.140889 -0.063466 0.601732
0.137019 -0.060282 0.608774
0.139882 -0.062007 0.605288
0.144113 -0.064407 0.604427
0.139595 -0.061211 0.615175
0.139533 -0.065674 0.609876
0.137367 -0.067879 0.607795
0.141293 -0.060846 0.608940
0.140446 -0.062257 0.606869
0.143103 -0.066270 0.612256
0.140111 -0.063772 0.612735
0.143545 -0.067144 0.610128
0.143506 -0.060594 0.609803
0.138157 -0.065246 0.609270
0.141408 -0.062546 0.609233
0.142502 -0.069822 0.610388
0.136584 -0.069453 0.608503
0.141380 -0.068649 0.608737
0.140584 -0.067505 0.613443
0.139434 -0.064309 0.609622
0.134988 -0.066672 0.609533
0.139218 -0.064950 0.613711
0.138977 -0.063809 0.614426
0.145340 -0.070256 0.613695
0.140126 -0.067823 0.614192
0.140723 -0.066461 0.615623
0.139551 -0.066032 0.615559
0.140288 -0.069436 0.619178
0.141252 -0.061584 0.620958
0.138191 -0.062383 0.615484
0.133036 -0.071215 0.621127
0.139557 -0.064057 0.615395
0.134515 -0.059078 0.615488
0.136766 -0.066008 0.619452
0.138604 -0.060591 0.621925
0.137426 -0.065254 0.618305
0.133905 -0.066856 0.623595
0.135464 -0.063291 0.621707
0.138092 -0.067946 0.620457
0.141293 -0.059839 0.621908
0.138089 -0.062177 0.621556
0.131928 -0.064535 0.623075
0.131199 -0.063347 0.614540
0.135338 -0.061973 0.623603
0.130829 -0.067031 0.619709
0.136628 -0.064886 0.625096
0.135160 -0.062476 0.621270
0.129184 -0.061144 0.622998
0.131834 -0.063524 0.627436
0.135522 -0.066910 0.628754
0.131216 -0.068307 0.630655
0.132336 -0.065786 0.624173
0.136404 -0.066063 0.624763
0.130424 -0.065589 0.626650
0.131980 -0.060607 0.630621
0.136249 -0.064932 0.632600
0.132584 -0.066952 0.625456
0.132892 -0.063185 0.629467
0.130755 -0.067366 0.625732
0.135665 -0.059861 0.633260
0.131468 -0.064817 0.626084
0.125040 -0.066459 0.630492
0.129569 -0.063910 0.634690
0.129755 -0.061762 0.629973
0.129989 -0.066381 0.628925
0.127379 -0.068180 0.631468
0.130872 -0.064430 0.636912
0.127427 -0.065309 0.633643
0.125243 -0.070866 0.632248
0.125020 -0.061942 0.631527
0.124957 -0.065010 0.631480
0.126230 -0.065963 0.633886
0.121803 -0.068850 0.637139
0.128454 -0.066772 0.635961
0.126111 -0.062023 0.634657
0.123461 -0.064796 0.634767
0.116238 -0.067239 0.631752
0.122679 -0.062703 0.638292
0.125208 -0.065890 0.634491
0.126072 -0.069540 0.634890
0.119374 -0.066682 0.633398
0.123431 -0.065318 0.637952
0.121484 -0.060802 0.561383
0.122984 -0.063371 0.562558
0.120362 -0.061229 0.564453
0.127228 -0.064876 0.566513
0.120828 -0.062827 0.561936
0.117380 -0.057963 0.561401
0.122876 -0.057735 0.571635
0.125328 -0.057959 0.563576
0.124437 -0.061682 0.565298
0.120634 -0.066900 0.566774
0.126243 -0.061783 0.568087
0.126171 -0.060761 0.563106
0.127341 -0.058131 0.569855
0.126659 -0.064801 0.568898
0.123948 -0.058796 0.566261
0.122445 -0.055077 0.567601
0.129266 -0.061376 0.565245
0.126159 -0.064626 0.569211
0.122795 -0.058376 0.568716
0.134033 -0.057998 0.575527
0.132219 -0.059525 0.567686
0.127812 -0.063727 0.569029
0.136266 -0.059650 0.570345
0.127747 -0.062536 0.571468
0.134629 -0.065645 0.572748
0.128359 -0.063020 0.570734
0.126178 -0.062155 0.564949
0.132768 -0.063524 0.573533
0.135981 -0.065373 0.575309
0.131810 -0.059840 0.575003
0.136899 -0.059260 0.569116
0.136234 -0.061372 0.576941
0.134485 -0.062444 0.574921
0.136473 -0.067125 0.575660
0.134050 -0.063011 0.573208
0.127919 -0.062351 0.569616
0.129628 -0.058380 0.575146
0.134072 -0.056836 0.574444
0.135186 -0.062392 0.578602
0.132913 -0.061272 0.574048
0.138470 -0.061118 0.572976
0.138226 -0.063135 0.572813
0.134118 -0.067119 0.577358
0.140692 -0.059008 0.576512
0.136995 -0.059359 0.578767
0.142999 -0.059920 0.583126
0.137027 -0.059378 0.578384
0.136717 -0.064193 0.573585
0.137766 -0.061450 0.578947
0.134233 -0.070163 0.582943
0.142891 -0.061797 0.584738
0.137849 -0.063392 0.578271
0.135954 -0.067520 0.576683
0.141076 -0.065991 0.580741
0.144781 -0.057921 0.580168
0.138282 -0.059700 0.579857
0.139400 -0.064558 0.588958
0.138654 -0.059476 0.588777
0.136710 -0.062324 0.577784
0.139667 -0.064676 0.580165
0.139442 -0.063164 0.584909
0.144072 -0.062850 0.589264
0.141793 -0.054162 0.587524
0.138258 -0.064910 0.591432
0.138661 -0.058635 0.587704
0.143123 -0.057260 0.587709
0.141944 -0.058403 0.585741
0.140615 -0.059536 0.591738
0.146531 -0.063440 0.585923
0.135592 -0.063642 0.588553
0.143908 -0.067581 0.589575
0.145394 -0.058530 0.586882
0.140513 -0.066203 0.593503
0.140194 -0.058133 0.596740
0.139078 -0.061728 0.592406
0.140759 -0.062759 0.592051
0.142075 -0.055825 0.590155
0.146746 -0.059548 0.591748
0.142358 -0.058541 0.595133
0.143548 -0.061819 0.592103
0.142067 -0.062449 0.594771
0.142553 -0.059792 0.595767
0.145141 -0.063526 0.598245
0.140617 -0.061481 0.594454
0.137618 -0.066351 0.597563
0.145535 -0.059195 0.598327
0.142923 -0.059095 0.598343
0.138718 -0.058530 0.599009
0.144824 -0.062409 0.598475
0.138943 -0.058843 0.597094
0.143696 -0.065505 0.602169
0.140385 -0.060245 0.602072
0.144241 -0.062438 0.605326
0.142137 -0.061199 0.598337
0.144111 -0.064547 0.602074
0.144734 -0.064960 0.605511
0.145726 -0.059199 0.601693
0.138761 -0.056511 0.601006
0.139203 -0.062829 0.600671
0.143489 -0.065394 0.607414
0.145758 -0.060616 0.607895
0.139438 -0.060056 0.606621
0.139444 -0.059735 0.603330
0.148263 -0.063472 0.606018
0.143575 -0.061755 0.608864
0.137478 -0.055138 0.612963
0.138565 -0.060355 0.607564
0.138442 -0.059641 0.610146
0.151079 -0.056604 0.610194
0.148922 -0.063023 0.609217
0.142658 -0.062102 0.613565
0.143772 -0.067220 0.608452
0.140990 -0.060758 0.610509
0.145290 -0.064639 0.610216
0.143605 -0.060281 0.613534
0.136197 -0.058558 0.609821
0.142955 -0.061446 0.616552
0.138673 -0.064081 0.615143
0.135768 -0.058172 0.612215
0.135043 -0.060211 0.612915
0.139338 -0.056139 0.613431
0.139672 -0.065178 0.613841
0.139490 -0.058615 0.613737
0.140963 -0.066318 0.614393
0.135687 -0.064080 0.612514
0.138547 -0.052405 0.613031
0.133242 -0.063569 0.614667
0.138307 -0.064311 0.623530
0.135679 -0.060895 0.621605
0.137304 -0.060083 0.621851
0.134121 -0.061386 0.619300
0.135038 -0.063548 0.623144
0.142449 -0.061803 0.619478
0.139987 -0.061790 0.623767
0.132839 -0.065725 0.623330
0.131701 -0.062245 0.618067
0.137497 -0.060808 0.622453
0.133769 -0.062515 0.621384
0.137579 -0.061787 0.624432
0.135656 -0.063342 0.621940
0.130748 -0.068986 0.620255
0.136379 -0.057806 0.626733
0.130321 -0.065480 0.630168
0.137726 -0.061583 0.624549
0.131376 -0.066959 0.625358
0.132174 -0.062018 0.623917
0.136463 -0.057803 0.623450
0.137102 -0.061370 0.626238
0.134678 -0.062622 0.623256
0.132863 -0.058011 0.627202
0.139351 -0.066556 0.624511
0.133127 -0.067929 0.627793
0.131134 -0.055421 0.630150
0.129364 -0.067093 0.630195
0.130162 -0.058133 0.632002
0.129345 -0.061513 0.630700
0.132029 -0.068192 0.628268
0.127345 -0.065488 0.626766
0.132580 -0.059559 0.630508
0.131971 -0.065367 0.630364
0.132546 -0.064562 0.636075
0.134540 -0.063052 0.633656
0.126489 -0.063320 0.629929
0.128483 -0.057138 0.632867
0.122690 -0.065062 0.634130
0.126669 -0.060501 0.631903
0.128989 -0.064387 0.636183
0.126458 -0.056547 0.632990
0.118811 -0.062890 0.632481
0.125532 -0.062176 0.637401
0.125124 -0.057863 0.635210
0.126837 -0.063791 0.630780
0.123307 -0.061487 0.633038
0.126979 -0.061279 0.637811
0.129580 -0.058061 0.636074
0.124792 -0.060299 0.636307
0.125528 -0.061272 0.633626
0.123051 -0.061786 0.636810
0.122971 -0.061926 0.637327
0.125325 -0.065953 0.637061
0.117705 -0.061987 0.565948
0.114204 -0.057303 0.565702
0.117367 -0.061261 0.563193
0.122201 -0.057451 0.558984
0.121814 -0.061053 0.564651
0.121807 -0.054011 0.567436
0.123009 -0.056323 0.563991
0.130234 -0.061730 0.571963
0.119077 -0.061146 0.562148
0.127920 -0.059456 0.568692
0.131489 -0.058222 0.569316
0.125056 -0.060252 0.564220
0.126509 -0.053609 0.565321
0.125573 -0.058138 0.566388
0.130827 -0.062238 0.567922
0.135477 -0.060706 0.571469
0.129761 -0.061097 0.571421
0.125789 -0.058414 0.567593
0.126961 -0.060448 0.566862
0.127309 -0.056359 0.569319
0.127332 -0.060934 0.566756
0.125788 -0.057542 0.569022
0.129417 -0.064636 0.569633
0.130261 -0.060137 0.568835
0.126973 -0.060711 0.568477
0.127920 -0.059217 0.573964
0.131903 -0.063089 0.575782
0.137752 -0.060097 0.569891
0.132511 -0.060666 0.567878
0.133909 -0.057001 0.568286
0.127120 -0.059152 0.573230
0.130782 -0.059292 0.574115
0.130027 -0.057983 0.571587
0.131294 -0.061661 0.570021
0.138465 -0.063517 0.577778
0.133970 -0.056808 0.574722
0.133889 -0.057973 0.575088
0.138916 -0.060360 0.576167
0.135200 -0.058754 0.573222
0.135075 -0.054599 0.577425
0.133993 -0.056719 0.576396
0.130087 -0.055474 0.578917
0.138349 -0.057781 0.574158
0.137769 -0.064554 0.582500
0.133871 -0.056644 0.580486
0.136351 -0.063662 0.577298
0.136243 -0.054251 0.584642
0.136884 -0.057358 0.582905
0.131333 -0.058072 0.572435
0.136492 -0.062936 0.577353
0.137365 -0.060183 0.578267
0.136070 -0.063624 0.581754
0.138475 -0.054323 0.581595
0.140655 -0.053219 0.578940
0.137822 -0.060605 0.575371
0.136350 -0.059761 0.585802
0.139889 -0.059486 0.582217
0.143832 -0.057659 0.583293
0.143573 -0.057813 0.585920
0.147642 -0.060236 0.585319
0.138584 -0.054107 0.581933
0.136671 -0.065289 0.579600
0.137048 -0.057680 0.581834
0.136222 -0.061481 0.590118
0.141632 -0.057088 0.582434
0.138654 -0.060017 0.584010
0.139404 -0.060782 0.585705
0.135807 -0.061175 0.590034
0.143414 -0.055484 0.589556
0.142251 -0.058115 0.588379
0.138760 -0.055928 0.590631
0.138577 -0.058684 0.585382
0.142310 -0.059907 0.590706
0.146568 -0.060581 0.590527
0.146801 -0.060944 0.591217
0.139746 -0.060145 0.593507
0.141771 -0.060690 0.597674
0.146176 -0.055731 0.597942
0.143763 -0.059588 0.593615
0.137575 -0.058330 0.595732
0.143397 -0.058837 0.597562
0.143274 -0.056261 0.593854
0.139099 -0.056952 0.601786
0.147013 -0.058388 0.599359
0.145139 -0.063938 0.597506
0.142246 -0.061812 0.597383
0.145242 -0.059902 0.599583
0.144183 -0.057392 0.597505
0.144341 -0.056842 0.598778
0.141848 -0.058574 0.602518
0.141891 -0.054539 0.603786
0.145474 -0.054351 0.604938
0.140936 -0.059958 0.598601
0.147434 -0.055847 0.600742
0.141748 -0.056370 0.598533
0.139439 -0.063661 0.603712
0.142602 -0.056020 0.605629
0.138283 -0.057744 0.602616
0.143563 -0.060164 0.603927
0.137363 -0.060083 0.599930
0.143424 -0.060502 0.600718
0.141413 -0.053901 0.606005
0.138687 -0.060092 0.606267
0.143032 -0.059094 0.604376
0.140205 -0.056178 0.603856
0.139355 -0.058328 0.616955
0.146674 -0.060471 0.608942
0.141239 -0.058019 0.612066
0.138076 -0.058969 0.610988
0.144727 -0.063371 0.612790
0.137628 -0.058934 0.610043
0.141700 -0.060190 0.612047
0.139023 -0.060654 0.614432
0.142235 -0.055272 0.613714
0.141123 -0.051540 0.609413
0.136056 -0.053434 0.607427
0.142885 -0.061276 0.607931
0.143171 -0.057861 0.613710
0.137406 -0.058168 0.615556
0.142072 -0.056860 0.610835
0.139552 -0.064166 0.615683
0.138311 -0.061914 0.615245
0.137194 -0.058774 0.613226
0.140411 -0.059309 0.610282
0.142462 -0.057520 0.615175
0.139600 -0.056506 0.609392
0.135623 -0.056531 0.617547
0.134527 -0.058442 0.613699
0.140755 -0.056587 0.617532
0.137557 -0.058537 0.620668
0.136858 -0.055994 0.623610
0.143108 -0.057811 0.616307
0.138739 -0.058592 0.617389
0.135845 -0.062025 0.619424
0.136183 -0.061059 0.618861
0.134894 -0.057562 0.618516
0.135286 -0.056918 0.616839
0.135417 -0.054256 0.614841
0.137538 -0.053614 0.622675
0.133545 -0.055300 0.625743
0.136500 -0.053351 0.619750
0.139088 -0.058583 0.627939
0.139525 -0.056656 0.625005
0.132934 -0.059122 0.620578
0.137517 -0.056885 0.625851
0.134524 -0.057077 0.631543
0.134840 -0.059135 0.627955
0.131689 -0.058017 0.627229
0.135614 -0.058884 0.629105
0.133133 -0.061585 0.625572
0.132702 -0.052084 0.627558
0.132110 -0.058162 0.622597
0.126782 -0.058362 0.628576
0.129750 -0.056840 0.627630
0.133407 -0.064873 0.631009
0.135011 -0.058281 0.623017
0.129397 -0.066206 0.633176
0.128428 -0.055180 0.625928
0.129044 -0.059559 0.632007
0.133795 -0.057957 0.629943
0.126053 -0.057504 0.633022
0.126902 -0.057531 0.632890
0.128701 -0.058271 0.631985
0.134691 -0.055069 0.634396
0.127882 -0.058873 0.632498
0.127208 -0.064249 0.631999
0.126066 -0.062251 0.633963
0.124742 -0.058360 0.638997
0.124455 -0.053355 0.630890
0.126814 -0.056077 0.633646
0.124912 -0.060001 0.630897
0.122329 -0.063152 0.634523
0.130198 -0.054865 0.634051
0.117210 -0.054293 0.635109
0.127002 -0.062457 0.629028
0.124001 -0.056418 0.637513
0.118990 -0.063443 0.635193
0.124987 -0.062636 0.638020
0.118917 -0.063701 0.637103
0.117194 -0.055846 0.635738
0.127496 -0.055444 0.560355
0.121106 -0.057843 0.560777
0.123975 -0.052490 0.569779
0.121093 -0.057334 0.566333
0.130073 -0.058150 0.560658
0.121372 -0.050189 0.565007
0.124831 -0.058119 0.566917
0.126359 -0.055426 0.564840
0.124265 -0.059680 0.567604
0.126968 -0.054839 0.560888
0.123710 -0.054815 0.562597
0.119571 -0.055387 0.563728
0.123778 -0.057017 0.567111
0.127165 -0.053698 0.565752
0.126034 -0.054099 0.569741
0.131863 -0.057952 0.568196
0.127235 -0.053174 0.561732
0.127734 -0.059973 0.574122
0.134406 -0.054034 0.573796
0.130783 -0.053987 0.567456
0.128609 -0.057555 0.574382
0.131768 -0.057391 0.570369
0.130687 -0.052009 0.569331
0.129343 -0.051730 0.569478
0.134777 -0.053103 0.567476
0.131542 -0.056824 0.574870
0.130531 -0.059689 0.572349
0.135704 -0.055097 0.574530
0.130286 -0.056314 0.568990
0.129731 -0.055791 0.571958
0.131154 -0.052280 0.565089
0.135239 -0.053643 0.572830
0.135512 -0.056626 0.574701
0.133612 -0.058084 0.568515
0.133036 -0.056420 0.578086
0.131036 -0.052735 0.574707
0.133261 -0.054135 0.573731
0.139679 -0.060109 0.578880
0.135873 -0.054794 0.575883
0.134545 -0.055192 0.580050
0.141260 -0.055955 0.577330
0.135070 -0.055864 0.571925
0.135494 -0.052839 0.579402
0.135825 -0.054719 0.585823
0.137839 -0.055002 0.582347
0.133727 -0.048617 0.582064
0.138116 -0.049122 0.579606
0.134309 -0.058507 0.576890
0.139269 -0.053652 0.574110
0.140848 -0.053624 0.585306
0.143528 -0.055457 0.578932
0.135888 -0.051065 0.581147
0.133195 -0.058034 0.587568
0.139932 -0.051256 0.582879
0.137897 -0.058907 0.585471
0.132196 -0.049788 0.579066
0.136818 -0.053619 0.580559
0.136846 -0.050027 0.584917
0.140427 -0.058408 0.584028
0.142061 -0.052557 0.581279
0.138359 -0.060416 0.584265
0.136346 -0.055332 0.591054
0.142016 -0.052569 0.590900
0.141309 -0.054047 0.579088
0.141637 -0.052840 0.590385
0.141679 -0.054582 0.587406
0.145128 -0.053647 0.590590
0.136377 -0.051004 0.594190
0.141085 -0.056430 0.591838
0.141269 -0.050759 0.591380
0.142389 -0.057503 0.590909
0.142463 -0.052629 0.591764
0.144959 -0.050900 0.590576
0.143234 -0.055004 0.594252
0.139047 -0.050951 0.590204
0.144547 -0.058446 0.597600
0.143221 -0.054780 0.587286
0.137752 -0.055220 0.590414
0.139518 -0.060122 0.595241
0.143226 -0.052791 0.592103
0.146708 -0.056235 0.595947
0.141487 -0.056556 0.595208
0.142973 -0.051243 0.597358
0.142903 -0.055588 0.608111
0.141903 -0.055034 0.600171
0.147515 -0.054139 0.596425
0.145170 -0.050105 0.593329
0.144000 -0.049467 0.597450
0.145588 -0.056178 0.598312
0.147700 -0.053609 0.600175
0.142999 -0.050002 0.598487
0.141399 -0.050643 0.605796
0.138385 -0.055315 0.600652
0.138161 -0.050079 0.602639
0.141484 -0.058106 0.601968
0.145654 -0.059022 0.600294
0.140863 -0.051028 0.603487
0.145990 -0.057948 0.606962
0.146932 -0.058666 0.603612
0.144136 -0.053403 0.599249
0.148203 -0.055907 0.609351
0.141904 -0.056154 0.604104
0.140135 -0.056245 0.609198
0.139151 -0.051494 0.608422
0.140005 -0.055048 0.608988
0.143580 -0.057373 0.605651
0.145076 -0.055321 0.604137
0.141748 -0.050552 0.608151
0.137404 -0.051161 0.608113
0.135886 -0.053076 0.604884
0.143335 -0.053539 0.612286
0.142078 -0.055767 0.617796
0.135831 -0.054160 0.608552
0.140024 -0.053401 0.610721
0.142679 -0.057808 0.609586
0.145210 -0.049368 0.613994
0.140471 -0.049074 0.605119
0.142752 -0.048917 0.616919
0.145095 -0.053871 0.612174
0.133188 -0.054060 0.616286
0.138051 -0.058223 0.614440
0.139320 -0.052547 0.612590
0.142193 -0.055120 0.618982
0.136879 -0.052586 0.615080
0.144134 -0.054938 0.612102
0.137116 -0.054663 0.618691
0.137645 -0.056548 0.621791
0.139830 -0.053841 0.617138
0.136412 -0.053819 0.616379
0.138157 -0.056142 0.614140
0.132892 -0.051313 0.620052
0.139828 -0.059171 0.620167
0.135691 -0.058530 0.615503
0.138879 -0.054358 0.622097
0.140351 -0.055154 0.621945
0.133476 -0.055435 0.621695
0.137336 -0.052481 0.627197
0.133771 -0.058723 0.627695
0.138130 -0.051777 0.620107
0.137926 -0.053861 0.627075
0.138193 -0.049688 0.617155
0.134193 -0.050300 0.623891
0.135451 -0.058680 0.624060
0.131419 -0.054539 0.621176
0.132881 -0.053121 0.621967
0.131601 -0.057555 0.623991
0.134900 -0.056931 0.625261
0.134910 -0.062585 0.627340
0.133934 -0.056868 0.625421
0.134124 -0.053156 0.627750
0.134929 -0.061055 0.621967
0.133736 -0.052491 0.630392
0.130413 -0.055827 0.633760
0.126674 -0.054736 0.625670
0.129477 -0.054185 0.630334
0.128389 -0.051902 0.633972
0.127950 -0.054321 0.625885
0.131931 -0.052101 0.627825
0.132244 -0.055346 0.623086
0.132522 -0.054423 0.630243
0.129087 -0.053864 0.627936
0.127665 -0.053392 0.632942
0.127050 -0.056258 0.634777
0.126257 -0.051242 0.624988
0.123163 -0.049416 0.627785
0.123185 -0.059830 0.638308
0.126134 -0.053928 0.630351
0.125502 -0.056765 0.635340
0.130300 -0.050458 0.628670
0.123813 -0.053085 0.638190
0.123958 -0.055069 0.636986
0.124609 -0.050444 0.631434
0.121191 -0.058646 0.633142
0.122497 -0.053644 0.632750
0.124108 -0.055934 0.633352
0.124481 -0.047259 0.632390
0.121610 -0.058496 0.637215
0.120014 -0.048124 0.636678
0.118512 -0.059818 0.640573
0.123932 -0.050289 0.633257
0.121800 -0.054578 0.568508
0.117522 -0.048351 0.564365
0.122756 -0.051195 0.564759
0.124535 -0.053513 0.561935
0.122109 -0.051409 0.565053
0.123287 -0.050295 0.565660
0.126604 -0.050495 0.560218
0.121039 -0.052651 0.566577
0.119942 -0.049055 0.562436
0.129456 -0.048696 0.566743
0.129748 -0.048719 0.563867
0.129616 -0.058434 0.564206
0.121847 -0.050119 0.569361
0.122475 -0.055648 0.564904
0.125755 -0.052882 0.568174
0.131429 -0.045497 0.574509
0.129914 -0.052385 0.567225
0.126499 -0.052213 0.571344
0.127449 -0.053620 0.569134
0.126316 -0.054236 0.570177
0.125947 -0.047503 0.565330
0.127611 -0.050645 0.568382
0.132104 -0.050708 0.568818
0.127775 -0.046022 0.571407
0.130002 -0.053196 0.569598
0.131002 -0.049367 0.571567
0.130335 -0.055261 0.568963
0.125265 -0.049852 0.572887
0.135838 -0.055100 0.575656
0.134989 -0.044666 0.565115
0.127966 -0.056281 0.572887
0.132694 -0.051495 0.572391
0.133058 -0.050046 0.572025
0.132014 -0.052891 0.567941
0.135419 -0.053485 0.573545
0.134095 -0.048959 0.577838
0.138644 -0.051662 0.574693
0.135203 -0.051776 0.577058
0.133378 -0.053627 0.571956
0.135394 -0.057266 0.575901
0.134455 -0.044232 0.580863
0.135088 -0.048497 0.578456
0.135888 -0.054697 0.578224
0.130553 -0.052958 0.577772
0.135088 -0.050833 0.574513
0.136264 -0.053331 0.577032
0.140418 -0.055057 0.581908
0.133458 -0.053787 0.581916
0.137424 -0.053135 0.581121
0.132794 -0.052474 0.583985
0.133063 -0.053096 0.578864
0.139660 -0.055758 0.582157
0.134863 -0.055533 0.579077
0.140176 -0.053385 0.577947
0.137022 -0.050824 0.583071
0.136537 -0.051948 0.589333
0.141853 -0.046628 0.587177
0.137773 -0.049340 0.585413
0.139079 -0.052121 0.582216
0.134247 -0.050794 0.585554
0.135241 -0.050284 0.591821
0.138969 -0.051693 0.585766
0.140014 -0.051485 0.589175
0.142249 -0.055285 0.582640
0.145455 -0.049603 0.584210
0.140891 -0.053504 0.590376
0.141806 -0.051256 0.588319
0.147570 -0.049846 0.589509
0.139505 -0.054147 0.593252
0.140733 -0.050062 0.592690
0.140384 -0.051057 0.588855
0.135237 -0.052659 0.588593
0.140742 -0.047246 0.592146
0.144627 -0.051051 0.590722
0.138679 -0.053221 0.591708
0.139561 -0.052010 0.591437
0.140723 -0.053496 0.596807
0.141574 -0.054946 0.589090
0.145305 -0.051148 0.594119
0.144542 -0.057820 0.592437
0.139284 -0.056517 0.591815
0.143444 -0.055600 0.594536
0.141944 -0.051448 0.601277
0.148072 -0.047241 0.593677
0.136138 -0.047549 0.601569
0.138351 -0.053494 0.598552
0.139664 -0.054809 0.594350
0.142267 -0.054039 0.599226
0.139373 -0.051836 0.593242
0.144337 -0.049393 0.601741
0.146263 -0.056754 0.605056
0.139079 -0.053883 0.597338
0.143375 -0.047644 0.607090
0.142791 -0.055184 0.601361
0.139827 -0.051818 0.603892
0.146342 -0.058831 0.603129
0.146783 -0.052623 0.605477
0.141295 -0.051177 0.603513
0.144347 -0.049721 0.601810
0.143752 -0.053000 0.602308
0.140586 -0.056094 0.603695
0.140377 -0.050835 0.604279
0.142171 -0.052069 0.604117
0.139788 -0.053213 0.600412
0.144408 -0.051455 0.609743
0.142277 -0.049099 0.609626
0.134297 -0.052926 0.611740
0.140896 -0.047724 0.611389
0.137695 -0.053908 0.608428
0.138144 -0.052631 0.609903
0.141545 -0.051087 0.609660
0.140804 -0.042059 0.612736
0.139178 -0.049660 0.607579
0.135662 -0.055887 0.613385
0.144578 -0.057875 0.615182
0.137062 -0.045679 0.614812
0.141191 -0.051287 0.613296
0.138890 -0.052348 0.614088
0.140384 -0.052908 0.610266
0.141401 -0.054821 0.614754
0.139243 -0.050411 0.614759
0.137227 -0.048886 0.612499
0.136684 -0.056378 0.615273
0.136897 -0.049641 0.615646
0.140212 -0.050143 0.618498
0.140290 -0.050716 0.618289
0.138146 -0.053224 0.610922
0.139710 -0.048464 0.618898
0.135070 -0.050198 0.612666
0.136135 -0.044214 0.621483
0.138214 -0.050909 0.612646
0.135014 -0.046705 0.621186
0.138857 -0.047871 0.620658
0.136340 -0.052159 0.623583
0.133591 -0.046610 0.620131
0.138349 -0.043240 0.622452
0.135470 -0.055246 0.622703
0.139683 -0.048907 0.617796
0.138781 -0.049449 0.622277
0.128767 -0.051418 0.619856
0.138696 -0.053715 0.623086
0.137215 -0.048816 0.622513
0.134712 -0.050962 0.622809
0.132063 -0.052850 0.623792
0.134437 -0.048007 0.624881
0.133843 -0.051637 0.623313
0.131333 -0.052577 0.633261
0.133579 -0.049152 0.628153
0.136280 -0.053322 0.623944
0.133326 -0.050778 0.631265
0.131823 -0.056608 0.625755
0.133839 -0.048354 0.628524
0.132506 -0.052132 0.628017
0.132637 -0.052491 0.620967
0.133428 -0.053194 0.623165
0.126888 -0.050374 0.636503
0.134208 -0.051028 0.627888
0.127174 -0.047011 0.629115
0.131586 -0.053218 0.629089
0.128572 -0.050372 0.628727
0.134147 -0.053405 0.634559
0.130361 -0.050378 0.633784
0.129554 -0.055323 0.633371
0.134044 -0.050461 0.624645
0.127287 -0.047642 0.634697
0.122813 -0.049934 0.635244
0.119471 -0.050362 0.637109
0.123495 -0.047027 0.630540
0.129309 -0.052100 0.634896
0.126198 -0.047616 0.634362
0.122695 -0.052290 0.633423
0.130519 -0.055422 0.635804
0.126302 -0.052401 0.632490
0.126756 -0.050911 0.635156
0.126647 -0.049279 0.636741
0.121319 -0.050448 0.631729
0.122407 -0.046178 0.639568
0.123951 -0.052810 0.638657
0.123492 -0.051068 0.640843
0.122959 -0.049511 0.634508
0.124601 -0.050240 0.562813
0.123936 -0.047058 0.561570
0.118362 -0.043128 0.560367
0.118336 -0.052200 0.566092
0.123862 -0.045333 0.564422
0.116189 -0.046909 0.565671
0.129041 -0.049427 0.563276
0.122370 -0.049257 0.564847
0.126216 -0.046611 0.561999
0.123086 -0.044583 0.566619
0.125400 -0.046667 0.563471
0.123341 -0.046647 0.564157
0.126061 -0.053131 0.567328
0.122615 -0.049904 0.564446
0.126921 -0.052723 0.570694
0.126452 -0.045571 0.564816
0.127085 -0.048008 0.567494
0.124914 -0.045626 0.565815
0.131587 -0.049566 0.572097
0.130011 -0.046483 0.568132
0.122055 -0.049700 0.570655
0.125468 -0.050118 0.571294
0.125995 -0.048909 0.564796
0.128189 -0.045098 0.571561
0.133357 -0.052165 0.574271
0.130685 -0.053218 0.569777
0.135506 -0.049581 0.567547
0.128394 -0.046775 0.573276
0.131657 -0.046984 0.572826
0.131434 -0.050198 0.572750
0.138426 -0.052640 0.569607
0.132444 -0.047169 0.582831
0.139222 -0.045876 0.572754
0.131554 -0.049764 0.571531
0.132721 -0.047863 0.580926
0.130854 -0.047057 0.574315
0.138157 -0.051175 0.573145
0.133147 -0.048738 0.574303
0.136383 -0.050575 0.579199
0.134024 -0.051917 0.579772
0.134026 -0.052077 0.575446
0.135860 -0.053671 0.580805
0.138774 -0.047205 0.580428
0.134123 -0.047464 0.577215
0.138846 -0.047531 0.580243
0.136526 -0.052219 0.579641
0.137024 -0.049530 0.578280
0.140215 -0.049200 0.579740
0.138275 -0.050637 0.584971
0.142984 -0.049688 0.578521
0.132721 -0.053706 0.575774
0.136009 -0.051276 0.585713
0.135167 -0.046128 0.582675
0.140521 -0.044646 0.580749
0.135994 -0.051628 0.578299
0.134161 -0.056213 0.586567
0.131094 -0.047167 0.582981
0.139283 -0.045775 0.585476
0.136595 -0.050830 0.583988
0.141831 -0.048036 0.582185
0.139872 -0.038480 0.580513
0.135456 -0.049459 0.590619
0.140767 -0.044041 0.585203
0.139519 -0.048700 0.591150
0.138277 -0.048814 0.587409
0.138139 -0.048254 0.585521
0.142772 -0.047650 0.584994
0.142969 -0.043573 0.593526
0.135358 -0.049948 0.590787
0.142729 -0.041399 0.586984
0.137849 -0.044738 0.583394
0.141084 -0.047439 0.599500
0.140771 -0.042724 0.594995
0.144238 -0.054273 0.599278
0.138938 -0.045621 0.592639
0.146028 -0.049774 0.594645
0.144034 -0.042484 0.592804
0.134665 -0.048596 0.590354
0.139932 -0.044300 0.589396
0.142307 -0.045673 0.591943
0.142269 -0.049563 0.594904
0.139975 -0.047012 0.595134
0.143569 -0.053169 0.594977
0.144155 -0.045587 0.593303
0.143727 -0.048612 0.594949
0.138392 -0.049807 0.599174
0.143180 -0.052449 0.598842
0.143247 -0.049567 0.595252
0.141931 -0.051201 0.598145
0.145548 -0.047193 0.597343
0.141188 -0.042564 0.602289
0.148355 -0.051409 0.604270
0.138756 -0.045832 0.606787
0.143214 -0.049129 0.607381
0.141555 -0.045219 0.604252
0.142283 -0.047229 0.598389
0.141465 -0.045040 0.599434
0.141992 -0.050693 0.601342
0.143114 -0.044360 0.605356
0.144957 -0.045453 0.602181
0.136564 -0.051960 0.609849
0.149040 -0.046246 0.604320
0.142362 -0.053748 0.603511
0.143219 -0.050045 0.604303
0.139303 -0.051621 0.606889
0.142693 -0.047993 0.611491
0.138814 -0.051464 0.609522
0.144104 -0.049213 0.608975
0.140072 -0.051547 0.604645
0.139823 -0.042797 0.607987
0.144926 -0.048196 0.608952
0.142148 -0.048552 0.609682
0.142889 -0.053550 0.608787
0.141392 -0.047681 0.611447
0.142851 -0.049276 0.615032
0.140951 -0.051952 0.611959
0.141632 -0.046200 0.611409
0.133801 -0.050665 0.614502
0.144170 -0.048314 0.613274
0.138107 -0.053626 0.616362
0.147993 -0.047444 0.613044
0.140045 -0.050522 0.619115
0.139191 -0.050464 0.616727
0.136383 -0.046913 0.615820
0.135860 -0.051052 0.617707
0.139161 -0.043026 0.620644
0.137508 -0.051817 0.618544
0.138422 -0.048096 0.616058
0.134273 -0.048272 0.612355
0.136751 -0.053104 0.615921
0.139356 -0.052069 0.617478
0.142055 -0.046088 0.617301
0.138603 -0.048590 0.619421
0.138417 -0.052976 0.620234
0.140298 -0.046572 0.622856
0.131419 -0.044986 0.622226
0.130931 -0.049961 0.622883
0.139073 -0.049923 0.616015
0.136256 -0.050212 0.619877
0.133664 -0.046766 0.626111
0.139573 -0.047663 0.618879
0.134565 -0.046522 0.625209
0.137378 -0.053016 0.624303
0.137239 -0.047994 0.620034
0.134570 -0.050699 0.622029
0.134432 -0.045814 0.617929
0.138919 -0.050046 0.630024
0.134858 -0.048742 0.624033
0.134040 -0.045614 0.624307
0.137281 -0.048035 0.629078
0.130730 -0.050298 0.631096
0.133139 -0.048657 0.628955
0.133633 -0.047218 0.626480
0.131980 -0.044827 0.630424
0.132439 -0.048004 0.627229
0.128460 -0.050543 0.625375
0.124282 -0.051884 0.631549
0.135314 -0.042792 0.628368
0.124367 -0.046462 0.632991
0.132576 -0.046626 0.628900
0.126357 -0.057640 0.623143
0.125795 -0.049335 0.630508
0.123554 -0.044375 0.636548
0.129975 -0.048290 0.630106
0.129479 -0.047449 0.631262
0.126149 -0.042455 0.626893
0.126929 -0.046696 0.633652
0.125650 -0.049145 0.634318
0.125420 -0.049939 0.637016
0.126674 -0.050545 0.627180
0.127481 -0.041024 0.637953
0.124712 -0.049458 0.625931
0.121931 -0.043858 0.628496
0.128894 -0.052290 0.635906
0.124672 -0.047694 0.636065
0.122172 -0.051122 0.640518
0.123325 -0.046471 0.635644
0.122223 -0.054261 0.634438
0.125211 -0.048529 0.636935
0.115937 -0.051987 0.635604
0.116828 -0.047281 0.563185
0.120226 -0.039915 0.565052
0.122445 -0.043504 0.564334
0.125461 -0.040180 0.565427
0.118240 -0.049889 0.566999
0.127000 -0.048269 0.560011
0.124693 -0.050906 0.566895
0.122119 -0.050682 0.566061
0.129135 -0.048403 0.572687
0.124313 -0.043058 0.564676
0.126488 -0.044312 0.563815
0.122731 -0.044232 0.563238
0.129424 -0.046092 0.564696
0.128166 -0.046664 0.559566
0.125426 -0.044263 0.566889
0.129662 -0.043500 0.568798
0.127720 -0.053450 0.571397
0.131103 -0.043084 0.567849
0.129636 -0.046462 0.573501
0.127120 -0.044964 0.569158
0.130218 -0.043602 0.567458
0.130681 -0.044737 0.568747
0.132373 -0.048966 0.571732
0.129706 -0.043369 0.569936
0.130116 -0.044830 0.573035
0.125621 -0.044800 0.567132
0.133428 -0.043832 0.568485
0.130273 -0.046020 0.573329
0.131445 -0.046658 0.574293
0.131565 -0.048639 0.571895
0.129658 -0.050074 0.575330
0.129201 -0.042979 0.571267
0.134455 -0.046883 0.569971
0.133539 -0.040828 0.573075
0.128036 -0.046979 0.578590
0.130648 -0.049946 0.572453
0.130311 -0.043205 0.575689
0.133717 -0.043382 0.573595
0.137338 -0.045285 0.579396
0.131717 -0.047722 0.573545
0.133003 -0.049983 0.577349
0.135629 -0.040847 0.580386
0.132216 -0.049277 0.579725
0.136750 -0.048624 0.577518
0.133938 -0.038015 0.577687
0.137372 -0.044294 0.579672
0.140408 -0.041412 0.576623
0.133395 -0.040112 0.580510
0.129852 -0.046389 0.580540
0.131150 -0.041686 0.578081
0.134319 -0.046882 0.577298
0.140152 -0.048698 0.583746
0.143215 -0.047707 0.581887
0.143028 -0.045624 0.579829
0.140507 -0.040943 0.586514
0.140358 -0.044662 0.584464
0.139900 -0.047386 0.582735
0.142917 -0.044630 0.584256
0.135336 -0.045227 0.584951
0.139313 -0.048436 0.584282
0.139284 -0.045377 0.585383
0.142415 -0.045624 0.589872
0.139287 -0.043995 0.584714
0.143755 -0.046414 0.592015
0.141761 -0.041717 0.589361
0.137994 -0.046927 0.588086
0.135526 -0.043067 0.583244
0.143098 -0.046994 0.592576
0.143127 -0.043622 0.597005
0.138251 -0.048077 0.588698
0.138732 -0.044728 0.593782
0.141957 -0.040414 0.589837
0.142479 -0.046151 0.587856
0.143675 -0.040568 0.592868
0.140294 -0.052242 0.590150
0.144112 -0.040276 0.588658
0.144165 -0.042577 0.588256
0.138949 -0.042999 0.594067
0.142817 -0.043455 0.592550
0.135515 -0.046499 0.590719
0.141193 -0.041232 0.596713
0.143726 -0.039026 0.586342
0.147415 -0.047417 0.590716
0.145801 -0.045885 0.595499
0.143920 -0.045161 0.600570
0.138822 -0.050090 0.593796
0.140709 -0.039823 0.595943
0.142829 -0.046454 0.597164
0.140721 -0.046128 0.599722
0.147221 -0.041187 0.591279
0.142937 -0.048665 0.598173
0.137421 -0.047845 0.605274
0.148778 -0.048313 0.602460
0.139069 -0.041850 0.601798
0.141888 -0.040905 0.600324
0.142869 -0.045612 0.603599
0.142739 -0.045531 0.602517
0.141668 -0.048280 0.603312
0.143517 -0.043035 0.607183
0.144045 -0.043469 0.602828
0.145778 -0.050609 0.604810
0.147980 -0.049303 0.606881
0.142548 -0.048864 0.600536
0.145183 -0.043585 0.608210
0.141771 -0.049867 0.610829
0.144430 -0.044245 0.612546
0.141200 -0.043008 0.605961
0.140287 -0.039684 0.614392
0.142063 -0.042424 0.613827
0.141472 -0.044367 0.609441
0.147369 -0.045128 0.614722
0.138082 -0.047567 0.609716
0.143288 -0.043075 0.609962
0.140476 -0.042147 0.612003
0.140023 -0.043264 0.611688
0.142618 -0.043680 0.608799
0.139732 -0.047789 0.612640
0.138368 -0.046007 0.611401
0.141409 -0.045865 0.616951
0.141596 -0.045414 0.611676
0.144518 -0.044200 0.617605
0.142527 -0.046386 0.616849
0.145690 -0.039650 0.616373
0.136533 -0.045165 0.615778
0.144840 -0.046899 0.618254
0.141258 -0.046827 0.614414
0.134310 -0.045410 0.618536
0.134848 -0.041227 0.619253
0.137770 -0.047794 0.615962
0.136621 -0.045432 0.616572
0.136406 -0.046376 0.622135
0.137252 -0.042853 0.610434
0.136680 -0.044226 0.623449
0.135186 -0.044095 0.622881
0.133113 -0.046943 0.620543
0.140145 -0.043400 0.621894
0.136846 -0.044612 0.623521
0.135042 -0.047749 0.625656
0.136509 -0.040470 0.622668
0.137705 -0.049905 0.621375
0.132093 -0.041550 0.619012
0.138104 -0.047463 0.627556
0.138355 -0.046066 0.624520
0.131559 -0.041350 0.625549
0.136281 -0.043861 0.627870
0.135404 -0.050301 0.625932
0.134625 -0.046404 0.624411
0.134304 -0.044561 0.627440
0.133050 -0.042889 0.626330
0.129252 -0.045144 0.629086
0.127129 -0.047750 0.631152
0.132029 -0.045157 0.627159
0.124518 -0.046872 0.625455
0.134596 -0.044180 0.631713
0.138418 -0.046816 0.630679
0.139132 -0.040538 0.628419
0.133661 -0.050030 0.632114
0.121731 -0.049735 0.634966
0.126225 -0.049995 0.633063
0.130073 -0.039754 0.629174
0.127292 -0.045192 0.626403
0.131729 -0.049275 0.630073
0.132270 -0.042421 0.630120
0.125040 -0.050714 0.629629
0.130518 -0.042078 0.630841
0.127003 -0.048446 0.635280
0.126320 -0.042776 0.629852
0.120789 -0.043747 0.632350
0.131245 -0.046313 0.632896
0.124985 -0.045724 0.634873
0.124624 -0.046991 0.633503
0.125176 -0.040583 0.634514
0.123881 -0.045663 0.639269
0.118608 -0.045879 0.639133
0.120221 -0.047644 0.629631
0.124340 -0.047153 0.631196
0.122469 -0.042489 0.635343
0.125029 -0.044946 0.638847
0.120751 -0.043851 0.634732
0.121026 -0.045672 0.640351
0.122748 -0.036443 0.564354
0.120802 -0.041532 0.563719
0.120784 -0.043258 0.559242
0.126379 -0.042333 0.567211
0.123469 -0.039461 0.565713
0.121933 -0.037449 0.563470
0.118221 -0.042436 0.563786
0.128369 -0.047847 0.567906
0.119075 -0.037660 0.563604
0.124521 -0.040917 0.565338
0.130702 -0.041833 0.566879
0.125569 -0.042204 0.568823
0.127916 -0.042517 0.561507
0.128048 -0.043930 0.573685
0.127388 -0.039031 0.566081
0.128352 -0.042139 0.569718
0.130377 -0.045386 0.570873
0.130314 -0.043117 0.567428
0.131153 -0.043030 0.562314
0.128637 -0.040453 0.568658
0.126914 -0.043155 0.567593
0.134848 -0.040675 0.567025
0.129523 -0.043907 0.573502
0.132568 -0.044149 0.571443
0.131634 -0.045721 0.569303
0.130407 -0.043188 0.569743
0.123476 -0.043560 0.567838
0.136437 -0.042834 0.572187
0.135797 -0.043459 0.573196
0.137023 -0.041247 0.570249
0.130615 -0.041080 0.572070
0.136919 -0.039370 0.574823
0.132389 -0.043036 0.574663
0.129985 -0.043112 0.575423
0.129041 -0.037053 0.574335
0.130935 -0.045380 0.567983
0.131541 -0.044724 0.575438
0.135863 -0.039920 0.572659
0.135428 -0.039274 0.576158
0.129655 -0.044228 0.578435
0.132791 -0.037641 0.575321
0.136979 -0.046127 0.572434
0.136898 -0.041236 0.579383
0.136042 -0.040447 0.581258
0.131747 -0.043107 0.581918
0.136481 -0.037797 0.580658
0.140829 -0.043253 0.581699
0.142584 -0.037605 0.577880
0.137488 -0.044280 0.583711
0.137987 -0.040501 0.577610
0.136492 -0.038571 0.588235
0.144129 -0.042203 0.573906
0.136559 -0.041409 0.589048
0.142484 -0.045211 0.577917
0.144081 -0.041301 0.583399
0.141989 -0.046282 0.584346
0.141277 -0.043005 0.584979
0.141978 -0.042669 0.586022
0.137573 -0.040447 0.583893
0.137018 -0.038624 0.585935
0.142371 -0.041176 0.585905
0.138893 -0.041432 0.588016
0.134477 -0.046032 0.587894
0.136208 -0.044279 0.586876
0.139410 -0.043577 0.584658
0.145298 -0.046660 0.590208
0.143027 -0.045648 0.585341
0.144238 -0.047004 0.587037
0.139560 -0.043551 0.599127
0.144713 -0.045990 0.588707
0.138179 -0.038571 0.582992
0.137907 -0.042434 0.593352
0.137407 -0.047035 0.585297
0.145774 -0.036010 0.590314
0.139789 -0.040909 0.594028
0.138906 -0.045983 0.595628
0.140813 -0.036959 0.593515
0.139776 -0.040461 0.600573
0.152239 -0.042811 0.595786
0.142391 -0.041656 0.593083
0.138919 -0.040495 0.598435
0.147808 -0.042718 0.592882
0.146969 -0.041407 0.599221
0.141013 -0.039883 0.595015
0.139508 -0.045463 0.603079
0.145193 -0.046949 0.596287
0.141198 -0.043701 0.593109
0.142520 -0.042441 0.598072
0.140444 -0.041086 0.599613
0.145095 -0.042760 0.598776
0.142621 -0.038341 0.599194
0.139585 -0.048647 0.596028
0.140814 -0.041038 0.599390
0.144117 -0.037628 0.595979
0.140275 -0.038590 0.600567
0.146976 -0.051302 0.602052
0.143448 -0.040303 0.598739
0.135828 -0.038865 0.605210
0.143700 -0.042394 0.597825
0.139157 -0.042253 0.607843
0.139011 -0.036193 0.609228
0.142963 -0.043454 0.605289
0.145459 -0.044031 0.606228
0.139701 -0.040034 0.603589
0.144413 -0.041998 0.607909
0.144125 -0.040333 0.605335
0.144059 -0.042198 0.605422
0.139721 -0.042329 0.607365
0.138704 -0.041010 0.610763
0.141834 -0.041403 0.611161
0.142145 -0.041408 0.607440
0.139489 -0.037929 0.606889
0.139409 -0.043216 0.613542
0.144204 -0.038710 0.615615
0.145009 -0.038607 0.614178
0.137220 -0.040577 0.610227
0.142948 -0.039062 0.610604
0.141080 -0.045749 0.611746
0.141869 -0.044185 0.613583
0.136289 -0.041543 0.616527
0.136899 -0.041980 0.619277
0.138924 -0.043573 0.616143
0.140161 -0.041254 0.615114
0.143900 -0.041755 0.616449
0.144784 -0.040754 0.616001
0.142758 -0.038672 0.620176
0.138494 -0.039243 0.620515
0.140596 -0.039677 0.619705
0.138110 -0.043078 0.621409
0.140612 -0.041543 0.614888
0.140051 -0.047176 0.619217
0.129940 -0.039989 0.618700
0.136503 -0.039977 0.618960
0.137060 -0.043818 0.624813
0.135471 -0.038087 0.622847
0.134374 -0.038685 0.618908
0.137255 -0.040059 0.624493
0.140390 -0.041061 0.619877
0.132122 -0.042129 0.615960
0.137277 -0.039661 0.618741
0.128158 -0.045558 0.626562
0.135719 -0.040122 0.620035
0.134011 -0.037847 0.623354
0.134558 -0.044222 0.622161
0.133697 -0.044299 0.625205
0.132226 -0.041608 0.628011
0.129673 -0.040130 0.629514
0.137773 -0.042814 0.625816
0.133091 -0.044945 0.626895
0.135444 -0.042904 0.628245
0.135802 -0.044226 0.630518
0.130099 -0.037091 0.631916
0.128283 -0.039278 0.629338
0.132049 -0.042749 0.625241
0.135440 -0.046443 0.632102
0.130152 -0.043720 0.620998
0.133715 -0.042116 0.625784
0.125608 -0.043781 0.638265
0.129581 -0.042143 0.625935
0.129930 -0.041125 0.631769
0.129694 -0.037213 0.634442
0.124671 -0.043391 0.631551
0.127847 -0.041873 0.639039
0.124784 -0.049087 0.633627
0.129149 -0.046006 0.635350
0.124572 -0.042131 0.629128
0.124935 -0.045059 0.630329
0.121177 -0.043282 0.630927
0.127858 -0.044425 0.634408
0.123199 -0.046707 0.633335
0.123015 -0.041126 0.630329
0.126422 -0.041095 0.636447
0.122918 -0.044943 0.629615
0.127243 -0.039591 0.633841
0.122317 -0.043305 0.634939
0.123666 -0.040320 0.634530
0.120302 -0.040485 0.638910
0.123904 -0.041906 0.638677
0.118798 -0.040464 0.639573
0.124706 -0.043185 0.641295
0.119002 -0.039187 0.564376
0.119899 -0.037827 0.563689
0.128938 -0.034190 0.564026
0.117718 -0.035133 0.564823
0.122641 -0.034970 0.561027
0.122879 -0.033224 0.567301
0.118999 -0.035279 0.568817
0.121911 -0.036081 0.566487
0.121353 -0.038700 0.566366
0.128232 -0.037177 0.566558
0.131911 -0.036428 0.570889
0.125598 -0.033985 0.562127
0.119663 -0.036571 0.562947
0.122641 -0.037335 0.569172
0.128564 -0.035234 0.566374
0.129221 -0.039496 0.566422
0.128393 -0.039130 0.570769
0.127653 -0.042803 0.566814
0.132102 -0.039860 0.566904
0.138148 -0.036234 0.569591
0.130740 -0.037201 0.564494
0.129725 -0.036274 0.570490
0.128399 -0.038665 0.571364
0.127898 -0.038021 0.572469
0.127447 -0.042336 0.564775
0.130384 -0.040954 0.568978
0.134944 -0.042512 0.566723
0.130124 -0.039472 0.573346
0.135731 -0.033994 0.573875
0.133980 -0.036265 0.573485
0.132854 -0.043319 0.572679
0.126981 -0.041091 0.569744
0.129599 -0.038006 0.575131
0.137063 -0.042376 0.577350
0.133238 -0.037086 0.576015
0.135859 -0.035492 0.575667
0.132394 -0.040073 0.578420
0.134175 -0.032647 0.571833
0.135348 -0.041014 0.574119
0.135036 -0.042263 0.574683
0.139960 -0.036764 0.579491
0.142269 -0.035545 0.577126
0.138649 -0.036831 0.575655
0.137701 -0.038234 0.576705
0.136558 -0.039497 0.573251
0.135091 -0.037116 0.575841
0.135323 -0.042836 0.576918
0.135995 -0.036444 0.577636
0.136633 -0.038471 0.585133
0.138539 -0.041314 0.575657
0.136558 -0.031913 0.586636
0.136976 -0.041072 0.581528
0.135107 -0.033983 0.582408
0.142189 -0.040133 0.586763
0.143540 -0.039076 0.583679
0.145533 -0.039617 0.582291
0.140412 -0.040594 0.581696
0.134444 -0.034392 0.586781
0.140516 -0.035463 0.584118
0.135831 -0.043188 0.583450
0.140026 -0.042959 0.586015
0.139651 -0.042011 0.587688
0.138874 -0.035679 0.589610
0.139133 -0.042604 0.588327
0.144441 -0.043714 0.588489
0.145158 -0.036727 0.589944
0.140855 -0.037502 0.588068
0.140411 -0.040616 0.591665
0.139184 -0.036288 0.582782
0.146369 -0.031368 0.587875
0.144573 -0.035899 0.592221
0.142741 -0.036004 0.595967
0.141076 -0.038430 0.590341
0.143083 -0.042855 0.594822
0.139604 -0.037758 0.594717
0.145166 -0.036491 0.592314
0.141288 -0.036714 0.595206
0.146195 -0.041441 0.594588
0.141039 -0.041747 0.596633
0.143393 -0.034601 0.590569
0.140864 -0.037889 0.589612
0.143713 -0.030246 0.600854
0.144177 -0.040913 0.599153
0.136240 -0.036816 0.593856
0.138791 -0.040257 0.597787
0.148110 -0.039968 0.592229
0.145214 -0.034792 0.593936
0.138587 -0.040948 0.597462
0.143447 -0.041250 0.597017
0.143862 -0.043174 0.599586
0.138412 -0.039422 0.599570
0.146235 -0.041999 0.599649
0.144745 -0.037762 0.605509
0.144254 -0.034969 0.606579
0.145230 -0.040143 0.606722
0.138574 -0.040762 0.602151
0.140329 -0.037246 0.598882
0.141156 -0.038674 0.605279
0.137898 -0.040149 0.605045
0.139475 -0.045748 0.606385
0.134552 -0.036517 0.603361
0.147923 -0.040046 0.608358
0.146673 -0.038576 0.607306
0.142840 -0.038678 0.604963
0.141893 -0.036524 0.605488
0.144017 -0.045638 0.608919
0.140447 -0.035488 0.607487
0.145604 -0.036147 0.607766
0.140058 -0.040292 0.610063
0.142259 -0.038924 0.610548
0.139194 -0.039751 0.613945
0.137823 -0.036427 0.609199
0.141470 -0.037243 0.612021
0.143545 -0.042107 0.608813
0.144459 -0.037038 0.612678
0.145095 -0.037563 0.612641
0.141564 -0.039978 0.614167
0.141018 -0.037541 0.609976
0.139536 -0.045584 0.613675
0.140861 -0.037961 0.611069
0.144328 -0.036523 0.615401
0.139866 -0.035137 0.616372
0.139977 -0.039375 0.613526
0.139927 -0.034992 0.611456
0.145174 -0.041231 0.616143
0.136802 -0.039902 0.615530
0.139167 -0.036686 0.620093
0.134546 -0.036229 0.613232
0.140578 -0.041223 0.616107
0.137722 -0.039869 0.613692
0.131491 -0.037962 0.621081
0.135993 -0.040531 0.621900
0.135523 -0.036093 0.619008
0.136736 -0.034875 0.619936
0.133815 -0.036433 0.623141
0.135331 -0.038745 0.620614
0.136032 -0.035488 0.616466
0.132288 -0.036714 0.622420
0.137187 -0.041296 0.619541
0.132138 -0.037683 0.628862
0.139155 -0.035249 0.630288
0.132889 -0.042538 0.621621
0.134714 -0.033263 0.626129
0.135932 -0.033747 0.624427
0.131447 -0.041591 0.625428
0.130911 -0.037501 0.625974
0.137023 -0.038049 0.626596
0.136348 -0.037813 0.628668
0.134466 -0.034684 0.631100
0.129338 -0.038676 0.627932
0.130588 -0.039353 0.629665
0.131634 -0.040612 0.627982
0.138410 -0.032773 0.628572
0.132921 -0.035406 0.627957
0.132916 -0.036493 0.629492
0.130638 -0.039216 0.624087
0.132210 -0.037928 0.629295
0.132940 -0.037043 0.631350
0.130175 -0.036539 0.629351
0.129694 -0.033009 0.624655
0.123464 -0.039498 0.632988
0.128349 -0.038587 0.629575
0.130584 -0.041068 0.627206
0.130325 -0.043177 0.633238
0.127300 -0.037081 0.633037
0.125878 -0.037067 0.636504
0.129198 -0.033685 0.634297
0.129547 -0.038739 0.636717
0.124298 -0.040088 0.632062
0.123724 -0.037817 0.639071
0.122021 -0.039179 0.634284
0.128754 -0.035615 0.628112
0.128940 -0.039238 0.637531
0.121542 -0.036918 0.634921
0.127406 -0.039094 0.631239
0.125090 -0.038943 0.638918
0.128670 -0.032610 0.633470
0.120846 -0.038703 0.641530
0.122312 -0.041571 0.639903
0.120396 -0.037059 0.636203
0.117537 -0.032999 0.560081
0.119894 -0.036919 0.564829
0.118059 -0.033418 0.565065
0.119407 -0.037022 0.564960
0.121694 -0.032455 0.568012
0.122892 -0.034789 0.562301
0.121575 -0.034322 0.566872
0.122580 -0.038014 0.563359
0.127674 -0.032282 0.562448
0.123876 -0.036419 0.569871
0.123064 -0.037283 0.562863
0.124185 -0.035020 0.565511
0.126389 -0.035099 0.566815
0.126714 -0.034387 0.569829
0.129064 -0.037691 0.564163
0.122120 -0.038217 0.568893
0.128785 -0.030681 0.568996
0.134928 -0.034417 0.570486
0.130081 -0.039702 0.572484
0.131802 -0.037142 0.565991
0.126442 -0.032018 0.568802
0.132364 -0.032520 0.567065
0.130951 -0.039496 0.572466
0.133122 -0.033155 0.568656
0.132394 -0.037181 0.571493
0.125664 -0.034741 0.571735
0.128745 -0.039882 0.570631
0.131504 -0.031419 0.572322
0.128610 -0.038991 0.568300
0.131371 -0.033083 0.575382
0.131728 -0.031081 0.569085
0.128565 -0.036916 0.576674
0.129235 -0.031891 0.571122
0.133997 -0.034522 0.578042
0.132861 -0.035997 0.578585
0.134299 -0.038022 0.571758
0.131712 -0.033198 0.575565
0.130561 -0.037907 0.577196
0.135361 -0.036164 0.581238
0.137429 -0.033877 0.578766
0.136166 -0.034732 0.575582
0.139223 -0.033790 0.573149
0.139569 -0.029329 0.578235
0.137933 -0.036916 0.579406
0.133130 -0.031110 0.582551
0.134895 -0.035642 0.582199
0.136934 -0.032650 0.583797
0.133910 -0.035681 0.577167
0.136619 -0.034490 0.581229
0.132587 -0.036092 0.588431
0.137669 -0.038915 0.583860
0.136447 -0.036742 0.584610
0.138996 -0.030921 0.581728
0.138928 -0.036402 0.584080
0.143071 -0.035251 0.580845
0.136995 -0.033107 0.580657
0.140694 -0.027095 0.579554
0.134902 -0.033840 0.584417
0.140277 -0.033768 0.578187
0.139934 -0.034124 0.589316
0.142567 -0.039112 0.584030
0.138505 -0.029584 0.586798
0.139176 -0.028197 0.584473
0.141037 -0.034325 0.590343
0.138120 -0.028230 0.589587
0.136019 -0.036309 0.588832
0.139386 -0.034931 0.594107
0.142905 -0.034094 0.590808
0.141620 -0.032893 0.586035
0.137715 -0.032819 0.590792
0.133123 -0.040968 0.590914
0.142886 -0.035413 0.594478
0.145837 -0.029564 0.591245
0.137986 -0.031048 0.585772
0.140146 -0.042031 0.591829
0.143445 -0.035551 0.588661
0.140418 -0.031889 0.594304
0.144010 -0.040586 0.590672
0.140743 -0.028381 0.594931
0.138219 -0.031585 0.599013
0.137632 -0.036472 0.597440
0.141482 -0.037302 0.599181
0.140516 -0.027756 0.599946
0.143101 -0.034486 0.595510
0.145375 -0.033986 0.602027
0.142614 -0.034933 0.592340
0.144498 -0.034108 0.595564
0.143591 -0.037505 0.601489
0.152589 -0.036324 0.605162
0.143566 -0.038311 0.597318
0.141212 -0.032610 0.599239
0.146198 -0.029396 0.597857
0.143327 -0.036173 0.603535
0.141478 -0.035543 0.602850
0.145834 -0.033286 0.604471
0.146587 -0.033340 0.605573
0.143667 -0.031001 0.601741
0.139509 -0.036262 0.604906
0.142793 -0.035215 0.602890
0.145431 -0.030495 0.608426
0.139867 -0.039015 0.607382
0.144435 -0.031020 0.603140
0.138060 -0.035400 0.606852
0.141669 -0.036070 0.607228
0.145401 -0.037725 0.601985
0.141536 -0.027381 0.609062
0.138457 -0.039471 0.607262
0.145281 -0.037364 0.604098
0.139251 -0.036230 0.605850
0.142875 -0.032480 0.602501
0.143113 -0.037090 0.615062
0.138459 -0.030323 0.609201
0.141763 -0.035612 0.612715
0.144349 -0.033086 0.612770
0.142230 -0.035612 0.617098
0.139581 -0.035959 0.610886
0.139396 -0.034033 0.616928
0.139893 -0.032159 0.614445
0.141350 -0.031781 0.616639
0.141517 -0.033728 0.611567
0.141287 -0.036049 0.617232
0.134703 -0.037801 0.615101
0.142806 -0.033528 0.615632
0.139005 -0.033095 0.613327
0.143375 -0.034699 0.618532
0.138829 -0.036977 0.615934
0.140313 -0.039513 0.614713
0.137066 -0.035681 0.618688
0.139415 -0.031834 0.619609
0.139231 -0.033166 0.617398
0.137244 -0.034538 0.621393
0.136564 -0.037759 0.623835
0.137860 -0.030882 0.614147
0.136638 -0.033343 0.620217
0.136896 -0.032583 0.620825
0.133610 -0.036403 0.621533
0.138377 -0.036818 0.619822
0.140179 -0.030719 0.617370
0.134718 -0.037215 0.622219
0.135990 -0.034010 0.625479
0.134116 -0.032848 0.622555
0.137672 -0.036015 0.621871
0.132727 -0.036842 0.626071
0.137510 -0.043282 0.627804
0.137374 -0.035482 0.625622
0.132837 -0.026503 0.622982
0.136049 -0.035015 0.627978
0.132161 -0.034534 0.630813
0.141939 -0.036115 0.620233
0.133156 -0.040106 0.627734
0.128371 -0.040130 0.635923
0.132374 -0.037519 0.626736
0.129172 -0.036548 0.633306
0.130196 -0.036245 0.627554
0.127452 -0.035443 0.630701
0.128045 -0.035888 0.630878
0.130862 -0.036112 0.635021
0.134061 -0.027610 0.636428
0.129327 -0.029856 0.634054
0.131785 -0.036216 0.630286
0.125226 -0.030230 0.630195
0.134344 -0.029790 0.628957
0.125572 -0.034714 0.634693
0.129621 -0.034475 0.630612
0.128585 -0.031352 0.632749
0.129247 -0.036987 0.630970
0.131475 -0.029545 0.629197
0.124927 -0.035975 0.635027
0.126556 -0.036604 0.634525
0.123228 -0.031305 0.635163
0.126129 -0.027263 0.630075
0.127984 -0.033383 0.628192
0.126398 -0.035062 0.637197
0.123428 -0.032587 0.633282
0.125230 -0.032390 0.636570
0.124422 -0.035573 0.637712
0.123912 -0.034647 0.637626
0.116923 -0.035741 0.642562
0.120057 -0.032334 0.633940
0.121060 -0.038004 0.636522
0.118652 -0.029392 0.561715
0.127255 -0.035878 0.567981
0.118474 -0.032501 0.562440
0.122573 -0.032105 0.562798
0.121241 -0.031014 0.563902
0.123320 -0.035736 0.563520
0.127186 -0.028281 0.560914
0.121532 -0.028088 0.560827
0.126167 -0.032640 0.564819
0.124804 -0.027479 0.563265
0.123339 -0.028287 0.563880
0.123219 -0.027113 0.564353
0.131997 -0.035454 0.569106
0.123112 -0.031135 0.571140
0.124717 -0.026590 0.567689
0.127394 -0.029910 0.564358
0.127309 -0.036614 0.569491
0.122648 -0.033141 0.573733
0.126517 -0.031677 0.571651
0.126564 -0.028986 0.567981
0.126927 -0.028823 0.572711
0.133199 -0.031990 0.568199
0.134779 -0.036716 0.573366
0.129446 -0.036195 0.570205
0.135254 -0.032637 0.568915
0.130946 -0.030239 0.570189
0.128820 -0.032066 0.569810
0.133051 -0.029849 0.568540
0.133457 -0.029771 0.571564
0.125853 -0.031137 0.575999
0.134097 -0.029881 0.568258
0.125622 -0.034101 0.567713
0.129046 -0.025753 0.573001
0.135743 -0.034852 0.572569
0.132719 -0.028810 0.572706
0.132197 -0.031340 0.571305
0.130706 -0.026314 0.573919
0.140778 -0.031784 0.577656
0.130491 -0.031620 0.574284
0.135801 -0.037915 0.580277
0.140806 -0.030972 0.574327
0.138158 -0.034199 0.575170
0.136764 -0.033372 0.575913
0.135191 -0.030260 0.577193
0.136211 -0.031972 0.570756
0.139544 -0.034308 0.585633
0.139851 -0.030583 0.577707
0.142780 -0.025453 0.577957
0.136525 -0.034541 0.578668
0.134316 -0.027125 0.582039
0.141437 -0.031786 0.579272
0.135484 -0.029634 0.583718
0.140136 -0.030556 0.580964
0.142257 -0.027999 0.586663
0.136691 -0.036465 0.584087
0.137309 -0.026793 0.589500
0.141666 -0.031259 0.579878
0.141674 -0.027514 0.577457
0.134426 -0.027341 0.585540
0.140561 -0.031357 0.582321
0.131738 -0.031478 0.582815
0.138676 -0.038393 0.586894
0.134430 -0.029408 0.583503
0.136263 -0.035222 0.586171
0.138037 -0.028599 0.584134
0.144773 -0.035491 0.588209
0.142180 -0.033867 0.587964
0.139376 -0.034991 0.593011
0.136331 -0.034668 0.589229
0.144529 -0.032010 0.586983
0.139909 -0.026114 0.588911
0.141316 -0.031658 0.587403
0.142262 -0.030414 0.591151
0.140950 -0.037111 0.590066
0.140924 -0.032057 0.590434
0.141728 -0.031214 0.592704
0.138818 -0.025779 0.590288
0.143571 -0.033042 0.590672
0.141000 -0.037284 0.596271
0.143279 -0.031857 0.590956
0.143071 -0.037663 0.595443
0.144021 -0.029823 0.594412
0.146001 -0.035419 0.598717
0.136818 -0.028835 0.596809
0.140921 -0.032508 0.597293
0.141767 -0.030128 0.600538
0.141576 -0.031908 0.597786
0.141800 -0.032903 0.594704
0.139606 -0.029417 0.595899
0.140510 -0.026714 0.598123
0.135856 -0.033861 0.599182
0.144242 -0.030045 0.599678
0.140110 -0.031894 0.597869
0.139762 -0.032206 0.605351
0.141026 -0.035165 0.607025
0.143063 -0.034220 0.602076
0.145425 -0.027274 0.603507
0.144713 -0.033176 0.603632
0.144497 -0.029380 0.602904
0.142080 -0.029864 0.604698
0.142598 -0.029531 0.609482
0.145624 -0.030906 0.603947
0.139141 -0.030743 0.605882
0.137453 -0.030198 0.603797
0.142955 -0.035663 0.605814
0.140493 -0.033824 0.606899
0.143382 -0.028370 0.610832
0.142499 -0.032387 0.605378
0.141271 -0.035205 0.610633
0.144823 -0.030661 0.607389
0.143399 -0.031782 0.608198
0.140957 -0.035490 0.615045
0.143212 -0.035751 0.611523
0.144357 -0.032469 0.613775
0.129702 -0.036358 0.609587
0.136106 -0.026935 0.611160
0.139498 -0.030744 0.615012
0.136602 -0.021155 0.610799
0.137810 -0.030708 0.618109
0.139305 -0.031688 0.618213
0.141265 -0.033786 0.612871
0.141145 -0.035468 0.614714
0.142543 -0.035686 0.612713
0.142681 -0.032763 0.619728
0.139685 -0.026880 0.614616
0.140728 -0.029834 0.616596
0.137687 -0.030318 0.617643
0.140193 -0.031616 0.618137
0.137010 -0.031176 0.612244
0.137428 -0.026668 0.623958
0.135665 -0.031790 0.615787
0.137676 -0.031163 0.619790
0.134903 -0.029952 0.622173
0.138346 -0.036552 0.625330
0.143504 -0.027725 0.619770
0.139031 -0.034690 0.621262
0.137293 -0.028277 0.621825
0.135211 -0.036271 0.620042
0.135357 -0.032618 0.620975
0.133335 -0.026675 0.620941
0.131139 -0.026900 0.625450
0.139913 -0.034743 0.619952
0.135839 -0.035155 0.621607
0.139151 -0.029562 0.620977
0.137754 -0.025615 0.627598
0.130263 -0.031422 0.625063
0.132993 -0.031777 0.627731
0.127965 -0.029954 0.630963
0.129645 -0.035970 0.625742
0.129583 -0.033095 0.627646
0.138396 -0.037090 0.630519
0.132713 -0.029848 0.621148
0.127316 -0.027008 0.627995
0.133876 -0.030191 0.627877
0.133110 -0.029797 0.624898
0.129329 -0.030535 0.633384
0.131932 -0.036528 0.630130
0.126215 -0.035084 0.628045
0.125890 -0.032860 0.630483
0.130109 -0.033684 0.636181
0.123819 -0.031054 0.633950
0.129077 -0.029160 0.632485
0.131112 -0.032680 0.630578
0.129330 -0.032374 0.639196
0.131420 -0.030342 0.633106
0.123237 -0.033067 0.629993
0.126057 -0.035463 0.629960
0.126799 -0.033658 0.634063
0.133142 -0.032357 0.631509
0.130497 -0.034283 0.635840
0.125770 -0.034377 0.628568
0.124900 -0.028320 0.635558
0.123916 -0.030360 0.641100
0.122198 -0.032534 0.631453
0.127984 -0.029612 0.637403
0.125592 -0.033858 0.631598
0.123880 -0.032426 0.637119
0.115942 -0.028982 0.635185
0.115612 -0.030902 0.634389
0.117139 -0.026389 0.633932
0.123036 -0.032056 0.564798
0.121968 -0.028716 0.562508
0.122207 -0.028936 0.566390
0.125430 -0.027670 0.562697
0.127016 -0.028328 0.560879
0.122465 -0.026467 0.567672
0.126377 -0.028945 0.562339
0.128015 -0.022783 0.566801
0.125836 -0.028182 0.562273
0.126272 -0.030208 0.561960
0.126985 -0.024032 0.562516
0.129032 -0.025783 0.559643
0.124557 -0.031324 0.566014
0.127957 -0.025562 0.571742
0.126989 -0.034102 0.570324
0.128701 -0.031205 0.571173
0.127517 -0.032741 0.563766
0.129196 -0.031762 0.568463
0.126547 -0.025006 0.574871
0.131128 -0.028714 0.571091
0.121524 -0.028095 0.565866
0.130893 -0.025956 0.574145
0.131906 -0.030082 0.566703
0.131712 -0.026163 0.571174
0.135403 -0.033162 0.568709
0.129902 -0.034517 0.569069
0.133463 -0.030856 0.572870
0.127765 -0.022073 0.571298
0.132822 -0.031804 0.568981
0.133297 -0.025274 0.576789
0.128568 -0.032408 0.575553
0.129936 -0.024132 0.582271
0.131795 -0.029075 0.575194
0.128488 -0.025380 0.569710
0.134648 -0.025255 0.574115
0.126610 -0.032089 0.572398
0.130464 -0.028643 0.582075
0.133496 -0.027194 0.580009
0.136357 -0.023732 0.575532
0.131431 -0.028691 0.575897
0.139752 -0.028006 0.583340
0.136536 -0.033295 0.572840
0.134464 -0.032277 0.575512
0.137998 -0.029087 0.577757
0.135364 -0.028461 0.577886
0.136627 -0.030240 0.569719
0.137794 -0.031778 0.577337
0.141759 -0.030658 0.578339
0.137898 -0.023223 0.583359
0.141666 -0.032557 0.580705
0.138649 -0.020323 0.583030
0.131324 -0.026475 0.581241
0.137486 -0.027400 0.586096
0.141100 -0.032808 0.581104
0.138515 -0.026864 0.582704
0.135356 -0.025130 0.581611
0.143704 -0.027884 0.581991
0.142008 -0.026341 0.591298
0.143059 -0.030847 0.584702
0.140042 -0.030979 0.581631
0.142967 -0.027645 0.582764
0.142136 -0.030323 0.592265
0.142041 -0.030475 0.587428
0.144255 -0.030656 0.584779
0.144994 -0.022869 0.586161
0.139687 -0.029293 0.584937
0.140988 -0.026675 0.591274
0.140073 -0.027098 0.588009
0.147694 -0.030502 0.594707
0.140918 -0.027423 0.586193
0.139627 -0.023862 0.594234
0.137135 -0.026524 0.593051
0.141140 -0.029840 0.586112
0.140138 -0.021738 0.595463
0.137825 -0.027115 0.591011
0.140640 -0.029459 0.589174
0.140468 -0.030116 0.599211
0.139689 -0.038802 0.591987
0.140471 -0.028856 0.593574
0.141493 -0.025037 0.590753
0.142445 -0.026972 0.595177
0.143843 -0.021718 0.589921
0.137911 -0.031535 0.594929
0.146226 -0.027990 0.597607
0.138877 -0.028706 0.597771
0.143845 -0.027908 0.594669
0.138859 -0.029402 0.595033
0.139549 -0.032933 0.598895
0.139212 -0.027607 0.600265
0.141814 -0.026123 0.603276
0.142504 -0.033925 0.605169
0.143643 -0.021134 0.599910
0.143288 -0.022580 0.604321
0.142211 -0.027629 0.597438
0.140983 -0.027219 0.604644
0.139220 -0.029368 0.600220
0.148561 -0.024276 0.599229
0.144573 -0.028372 0.604401
0.141366 -0.028297 0.606237
0.137746 -0.028949 0.607806
0.139499 -0.026535 0.610624
0.142501 -0.029889 0.601010
0.146107 -0.029161 0.609641
0.141826 -0.027996 0.611896
0.138498 -0.030562 0.607282
0.141548 -0.025973 0.606729
0.143671 -0.027685 0.608655
0.135006 -0.030569 0.603855
0.142360 -0.030313 0.610669
0.141803 -0.023300 0.608191
0.141775 -0.022223 0.611266
0.145637 -0.027746 0.616062
0.138667 -0.023589 0.612571
0.142141 -0.028856 0.612763
0.141631 -0.028755 0.614188
0.137164 -0.027190 0.614593
0.138896 -0.026511 0.612292
0.138599 -0.030857 0.616824
0.139156 -0.031833 0.614497
0.134245 -0.031478 0.616867
0.136620 -0.024869 0.617228
0.141229 -0.026609 0.617906
0.139132 -0.029266 0.614749
0.138890 -0.027153 0.617097
0.142546 -0.019520 0.611161
0.140277 -0.024643 0.614815
0.140947 -0.025370 0.620647
0.136394 -0.033177 0.617487
0.138917 -0.027956 0.622772
0.141311 -0.032515 0.619261
0.141329 -0.028111 0.614352
0.139006 -0.030100 0.623421
0.131479 -0.025158 0.622040
0.145227 -0.029705 0.621609
0.134194 -0.026415 0.620691
0.134833 -0.029077 0.621874
0.134839 -0.027086 0.623490
0.137045 -0.027122 0.620145
0.136018 -0.031092 0.621737
0.134205 -0.031064 0.624535
0.136927 -0.025452 0.623018
0.135860 -0.027680 0.623061
0.135229 -0.030616 0.629463
0.132047 -0.033466 0.628209
0.136687 -0.023737 0.622183
0.134496 -0.027370 0.622230
0.134269 -0.031142 0.622854
0.132530 -0.032235 0.631635
0.139160 -0.027526 0.627390
0.130826 -0.034243 0.631585
0.133597 -0.026834 0.627289
0.132845 -0.028365 0.627078
0.128567 -0.025905 0.631342
0.136162 -0.027529 0.629256
0.131066 -0.027524 0.629525
0.131882 -0.030713 0.631205
0.132602 -0.028370 0.624740
0.129237 -0.032274 0.627284
0.134667 -0.032538 0.626490
0.128004 -0.029880 0.632857
0.129459 -0.029803 0.629031
0.126391 -0.028857 0.637141
0.125703 -0.025438 0.633924
0.135438 -0.029367 0.629499
0.127253 -0.030018 0.632525
0.125694 -0.030750 0.629402
0.125751 -0.024401 0.637175
0.128177 -0.026591 0.635565
0.127147 -0.025605 0.633829
0.123086 -0.028911 0.635493
0.121892 -0.028257 0.630322
0.124899 -0.026479 0.638912
0.127678 -0.027488 0.636135
0.129827 -0.021813 0.639324
0.122171 -0.029163 0.634541
0.121545 -0.025396 0.638086
0.126783 -0.023949 0.637923
0.125617 -0.032804 0.636552
0.122638 -0.028068 0.634433
0.118212 -0.026616 0.633869
0.123217 -0.023286 0.561230
0.125102 -0.029978 0.566439
0.125618 -0.025731 0.562552
0.123136 -0.026805 0.563435
0.125394 -0.026438 0.563292
0.122913 -0.024846 0.563051
0.122160 -0.024216 0.567927
0.122771 -0.027360 0.567616
0.122633 -0.033276 0.572496
0.123591 -0.028354 0.566110
0.122826 -0.029371 0.559920
0.129315 -0.028601 0.566736
0.123378 -0.024198 0.565632
0.125365 -0.022149 0.564393
0.126737 -0.021065 0.568773
0.129136 -0.026928 0.563947
0.128452 -0.026832 0.568440
0.127658 -0.020070 0.572542
0.129707 -0.026900 0.573510
0.121222 -0.027154 0.569789
0.128911 -0.029174 0.571301
0.136362 -0.024347 0.574130
0.131981 -0.021908 0.566788
0.126912 -0.025107 0.567690
0.132608 -0.028079 0.573136
0.134465 -0.024957 0.572552
0.133192 -0.024363 0.573114
0.131922 -0.026830 0.576993
0.134373 -0.024331 0.568397
0.131267 -0.023730 0.572668
0.131639 -0.026055 0.573731
0.131156 -0.021645 0.572618
0.133553 -0.028794 0.568693
0.129231 -0.019642 0.572494
0.138462 -0.020966 0.571598
0.130266 -0.027676 0.574229
0.133963 -0.024464 0.572852
0.132319 -0.023311 0.579783
0.133167 -0.027872 0.575179
0.135768 -0.017706 0.575022
0.135359 -0.026818 0.578840
0.137954 -0.026664 0.580289
0.136632 -0.021501 0.578182
0.128848 -0.027620 0.578751
0.138752 -0.022993 0.575097
0.140301 -0.021704 0.578146
0.137892 -0.023506 0.574872
0.135229 -0.021143 0.582376
0.132155 -0.028201 0.581596
0.143504 -0.023823 0.581418
0.134325 -0.022571 0.585044
0.142073 -0.023996 0.580562
0.138070 -0.032936 0.581864
0.135394 -0.025409 0.583838
0.139341 -0.022814 0.585740
0.142622 -0.026135 0.580383
0.141205 -0.026931 0.585826
0.136196 -0.023519 0.580326
0.137103 -0.031376 0.588822
0.143178 -0.023912 0.584806
0.140867 -0.022811 0.580627
0.140884 -0.021851 0.586170
0.140939 -0.025539 0.586386
0.142832 -0.025298 0.585651
0.138592 -0.030815 0.585465
0.142930 -0.024933 0.584489
0.142667 -0.025112 0.584912
0.142695 -0.022848 0.589599
0.142853 -0.023576 0.593148
0.143138 -0.020332 0.589685
0.137686 -0.027723 0.590239
0.138737 -0.024838 0.592036
0.143452 -0.025345 0.585780
0.139894 -0.023804 0.592175
0.142781 -0.028407 0.591411
0.142395 -0.026429 0.596105
0.142280 -0.020403 0.593979
0.141318 -0.027389 0.591708
0.138925 -0.028364 0.594453
0.133902 -0.024149 0.593294
0.146079 -0.028921 0.597697
0.139202 -0.022867 0.596712
0.152136 -0.022983 0.590062
0.140870 -0.025389 0.600327
0.140017 -0.022373 0.596797
0.138265 -0.017668 0.594480
0.140921 -0.021729 0.595201
0.143412 -0.019952 0.592881
0.142723 -0.023409 0.596386
0.149210 -0.019688 0.600003
0.144698 -0.027223 0.600231
0.144603 -0.025606 0.596254
0.141377 -0.026077 0.602790
0.142954 -0.023221 0.600552
0.139173 -0.021566 0.606026
0.137781 -0.024971 0.601657
0.143588 -0.026749 0.600423
0.142623 -0.025276 0.604224
0.138896 -0.024513 0.603403
0.143246 -0.021833 0.604935
0.138461 -0.023942 0.608924
0.144897 -0.022682 0.602349
0.141946 -0.026740 0.603945
0.141672 -0.022186 0.607060
0.148196 -0.026981 0.609064
0.146598 -0.017320 0.607307
0.143004 -0.028336 0.611308
0.145046 -0.023107 0.610125
0.141352 -0.023081 0.609994
0.142209 -0.026629 0.610453
0.144327 -0.023141 0.613097
0.136651 -0.027298 0.612326
0.138434 -0.023458 0.610952
0.138108 -0.026047 0.607784
0.143404 -0.024224 0.610934
0.143355 -0.022643 0.611379
0.141243 -0.017985 0.609488
0.137347 -0.022835 0.618171
0.145774 -0.023858 0.615292
0.136643 -0.025859 0.615304
0.143348 -0.022941 0.620090
0.141071 -0.023257 0.614036
0.136290 -0.023611 0.613576
0.138621 -0.026685 0.617497
0.133255 -0.024465 0.608948
0.139819 -0.021697 0.616840
0.141069 -0.027936 0.620280
0.140048 -0.024954 0.619778
0.141777 -0.019966 0.617716
0.137952 -0.031384 0.614934
0.139419 -0.027441 0.614185
0.134888 -0.029780 0.626462
0.135854 -0.020268 0.624907
0.136962 -0.022031 0.617949
0.139451 -0.025115 0.624223
0.139155 -0.021184 0.622858
0.137233 -0.025026 0.626204
0.136444 -0.027426 0.621746
0.131039 -0.023432 0.624363
0.134894 -0.022846 0.624761
0.133227 -0.024313 0.628196
0.129954 -0.027075 0.629651
0.129897 -0.024950 0.624136
0.134829 -0.024903 0.628121
0.138035 -0.025270 0.616418
0.130609 -0.028053 0.623661
0.131706 -0.023893 0.628373
0.133463 -0.024767 0.620490
0.127982 -0.022135 0.623850
0.133019 -0.022390 0.626211
0.131215 -0.024676 0.627238
0.135432 -0.023731 0.628247
0.132000 -0.021109 0.628552
0.130823 -0.029413 0.631417
0.135733 -0.026103 0.625075
0.129132 -0.020599 0.626964
0.134134 -0.026965 0.630159
0.127770 -0.027753 0.629866
0.129629 -0.025118 0.634590
0.124103 -0.025083 0.634054
0.128744 -0.019247 0.624727
0.126943 -0.020569 0.634894
0.125598 -0.031403 0.634067
0.123013 -0.025101 0.635886
0.129144 -0.024593 0.631257
0.129108 -0.022901 0.634233
0.131596 -0.026988 0.631404
0.128558 -0.025856 0.636789
0.126932 -0.025523 0.626566
0.127421 -0.028314 0.636733
0.124915 -0.022338 0.636225
0.121948 -0.019473 0.635204
0.124117 -0.022408 0.628922
0.125049 -0.026910 0.633184
0.125785 -0.027195 0.638115
0.125272 -0.023700 0.631671
0.120390 -0.024052 0.636061
0.120612 -0.027742 0.636928
0.117611 -0.021908 0.639897
0.123721 -0.023540 0.635351
0.120988 -0.022635 0.561250
0.123777 -0.020565 0.564337
0.123384 -0.018358 0.565164
0.119301 -0.014894 0.561873
0.120516 -0.025768 0.565119
0.123363 -0.022710 0.563858
0.130484 -0.014406 0.561929
0.125552 -0.019859 0.565563
0.123734 -0.020035 0.565573
0.120263 -0.023417 0.565896
0.127998 -0.022169 0.567421
0.121547 -0.018198 0.565781
0.120290 -0.013794 0.563619
0.126367 -0.021745 0.566993
0.127842 -0.015360 0.570641
0.129080 -0.019581 0.566536
0.121264 -0.020838 0.566886
0.131831 -0.022445 0.567140
0.127973 -0.018424 0.567553
0.131399 -0.021950 0.566413
0.129224 -0.020160 0.564583
0.128851 -0.024282 0.566168
0.131842 -0.018935 0.570800
0.126970 -0.022848 0.566830
0.133463 -0.020018 0.568099
0.129051 -0.021555 0.571192
0.133031 -0.017947 0.566366
0.129395 -0.024731 0.574052
0.132618 -0.022788 0.574722
0.126279 -0.021669 0.572752
0.133307 -0.023807 0.569585
0.128889 -0.022809 0.576793
0.133011 -0.025569 0.579353
0.138265 -0.018720 0.565892
0.132716 -0.015141 0.575211
0.136830 -0.026190 0.569925
0.128068 -0.023677 0.582276
0.138951 -0.017707 0.574731
0.137588 -0.023970 0.574609
0.135096 -0.020317 0.571147
0.137080 -0.019025 0.578231
0.137202 -0.023494 0.573479
0.136070 -0.019143 0.583162
0.132081 -0.023941 0.578644
0.140567 -0.018598 0.575690
0.138197 -0.023391 0.579940
0.137103 -0.021246 0.578663
0.135286 -0.024706 0.577637
0.137379 -0.023124 0.575977
0.142835 -0.023481 0.582836
0.138184 -0.017404 0.580877
0.136388 -0.022706 0.578320
0.136441 -0.018213 0.583848
0.138581 -0.028297 0.578766
0.136777 -0.025403 0.585445
0.139991 -0.027816 0.582235
0.138188 -0.021531 0.585380
0.137957 -0.024256 0.586325
0.142605 -0.025337 0.583218
0.137968 -0.020675 0.581963
0.132770 -0.019890 0.578698
0.145818 -0.022657 0.591252
0.139696 -0.015549 0.587033
0.139160 -0.023932 0.585390
0.144001 -0.024086 0.586297
0.143172 -0.017373 0.594228
0.140630 -0.018644 0.586574
0.139660 -0.026202 0.590211
0.137486 -0.025851 0.584452
0.140400 -0.023119 0.585533
0.143521 -0.020474 0.594886
0.135258 -0.020071 0.593377
0.139914 -0.020212 0.591423
0.143407 -0.023076 0.590546
0.139781 -0.018915 0.594025
0.145234 -0.023784 0.593202
0.143951 -0.023818 0.595401
0.146991 -0.022750 0.591979
0.138501 -0.021272 0.594573
0.140228 -0.020238 0.597782
0.146042 -0.022937 0.595454
0.137438 -0.024575 0.592852
0.146610 -0.020335 0.598257
0.140832 -0.031991 0.593192
0.139047 -0.021493 0.597371
0.138241 -0.018763 0.596404
0.141365 -0.021347 0.601707
0.146543 -0.024905 0.599447
0.144053 -0.018817 0.599369
0.144927 -0.021705 0.601362
0.138501 -0.019667 0.604394
0.146716 -0.019147 0.602689
0.138784 -0.024188 0.601980
0.140910 -0.021420 0.602181
0.144567 -0.026362 0.601720
0.148644 -0.021885 0.603207
0.143112 -0.020785 0.606477
0.141125 -0.024954 0.599655
0.147915 -0.024858 0.602498
0.147085 -0.020462 0.601637
0.140227 -0.016927 0.605898
0.141372 -0.021907 0.607855
0.139115 -0.014321 0.604686
0.140166 -0.024907 0.609467
0.145326 -0.018606 0.606555
0.140791 -0.017717 0.605809
0.138112 -0.024512 0.609929
0.137218 -0.025252 0.609828
0.141323 -0.025241 0.607796
0.144735 -0.022576 0.609885
0.139298 -0.021938 0.608230
0.139154 -0.021629 0.614328
0.136321 -0.024500 0.614515
0.135368 -0.020301 0.613858
0.146054 -0.015036 0.610475
0.145444 -0.021165 0.607124
0.141404 -0.020503 0.615644
0.139038 -0.022797 0.614807
0.143368 -0.016201 0.615453
0.137461 -0.021027 0.621168
0.141869 -0.019368 0.614589
0.139547 -0.025449 0.617439
0.135941 -0.020049 0.616552
0.145016 -0.015177 0.616586
0.141498 -0.019371 0.617875
0.138792 -0.018084 0.615738
0.139836 -0.022637 0.615588
0.136337 -0.019476 0.615738
0.134886 -0.025086 0.613933
0.137363 -0.020901 0.620649
0.133502 -0.023182 0.623959
0.144506 -0.021763 0.619362
0.137180 -0.022791 0.619960
0.140484 -0.019160 0.616770
0.135994 -0.020097 0.625074
0.141474 -0.025179 0.627305
0.135072 -0.021774 0.616982
0.138042 -0.019142 0.617205
0.136923 -0.020483 0.622542
0.139254 -0.025897 0.623177
0.139206 -0.024931 0.622269
0.133124 -0.015706 0.631200
0.137243 -0.018217 0.622081
0.136122 -0.018203 0.625170
0.134942 -0.026165 0.622605
0.129065 -0.021992 0.633522
0.132406 -0.024291 0.627043
0.132608 -0.019443 0.622655
0.134646 -0.020427 0.624811
0.135403 -0.024939 0.628291
0.128188 -0.016826 0.627031
0.130279 -0.024649 0.632443
0.130970 -0.025241 0.622920
0.128300 -0.025356 0.625119
0.127209 -0.015806 0.628113
0.131114 -0.021554 0.632152
0.128920 -0.019628 0.632138
0.128656 -0.023610 0.627816
0.129610 -0.023863 0.627675
0.131931 -0.023825 0.627456
0.125866 -0.020626 0.630210
0.130721 -0.018613 0.633228
0.125745 -0.018329 0.626888
0.133695 -0.021783 0.633177
0.130099 -0.018164 0.632938
0.128022 -0.019234 0.634143
0.125659 -0.018142 0.629551
0.121245 -0.019156 0.634741
0.125236 -0.016905 0.630304
0.119941 -0.022631 0.633463
0.124882 -0.020252 0.635639
0.120165 -0.018222 0.633820
0.121172 -0.024143 0.631268
0.124038 -0.024428 0.638547
0.119900 -0.023881 0.639070
0.123646 -0.013958 0.638969
0.123645 -0.016420 0.630854
0.121977 -0.019789 0.634471
0.117690 -0.020310 0.635300
0.121347 -0.021119 0.633928
0.124828 -0.023886 0.561045
0.121784 -0.021659 0.564178
0.114326 -0.017797 0.564894
0.118044 -0.015830 0.562821
0.122195 -0.019730 0.565843
0.124288 -0.017276 0.570137
0.119952 -0.020226 0.569005
0.128872 -0.019231 0.559229
0.122186 -0.018813 0.566427
0.123618 -0.018699 0.571850
0.124424 -0.014553 0.565909
0.127964 -0.018703 0.564556
0.126605 -0.019479 0.567013
0.119682 -0.011846 0.572144
0.131831 -0.019373 0.567229
0.127649 -0.019663 0.566352
0.131783 -0.016629 0.568187
0.123056 -0.015539 0.564509
0.123485 -0.014957 0.569344
0.130911 -0.010568 0.567971
0.128134 -0.014906 0.575337
0.126424 -0.016561 0.569275
0.128821 -0.018011 0.571592
0.131117 -0.014317 0.576285
0.130348 -0.017584 0.570561
0.128524 -0.015794 0.574611
0.133343 -0.025623 0.569305
0.135341 -0.019046 0.570471
0.137538 -0.020399 0.570890
0.133305 -0.016043 0.575421
0.136714 -0.014895 0.576311
0.131011 -0.023279 0.569842
0.132784 -0.014612 0.576984
0.138897 -0.014638 0.574020
0.130028 -0.027373 0.577911
0.137205 -0.023052 0.575390
0.132235 -0.014211 0.579158
0.134359 -0.018692 0.577074
0.137878 -0.022662 0.577163
0.140000 -0.017138 0.577048
0.129796 -0.020933 0.572778
0.140120 -0.014526 0.574101
0.144139 -0.021580 0.575112
0.137855 -0.019240 0.573210
0.138085 -0.009998 0.577025
0.136692 -0.023323 0.581473
0.131937 -0.015620 0.579753
0.141562 -0.019322 0.578362
0.141727 -0.025730 0.580608
0.132688 -0.014959 0.587747
0.138851 -0.021289 0.578498
0.138194 -0.018463 0.583356
0.144446 -0.021619 0.584027
0.141588 -0.023785 0.583650
0.139435 -0.012050 0.583357
0.138354 -0.013149 0.581746
0.136262 -0.022179 0.580561
0.136526 -0.014674 0.582955
0.139631 -0.017525 0.583114
0.136159 -0.015770 0.580672
0.138355 -0.015970 0.584728
0.142573 -0.014480 0.594190
0.141463 -0.021476 0.583528
0.139867 -0.026067 0.585376
0.137184 -0.017764 0.586790
0.137351 -0.021626 0.586255
0.145033 -0.016447 0.589817
0.141624 -0.014889 0.589285
0.144252 -0.016674 0.587489
0.137445 -0.015144 0.585646
0.137531 -0.020736 0.590291
0.140145 -0.018752 0.587422
0.140227 -0.018753 0.596927
0.147548 -0.022200 0.590028
0.138656 -0.017528 0.592400
0.142322 -0.020248 0.598561
0.143744 -0.015459 0.595859
0.143651 -0.016837 0.594044
0.143399 -0.012479 0.589926
0.143058 -0.016992 0.594123
0.139122 -0.015977 0.596401
0.137889 -0.019820 0.594393
0.144340 -0.020641 0.599724
0.137524 -0.015820 0.599171
0.132447 -0.012590 0.599244
0.143374 -0.016386 0.593454
0.145667 -0.014466 0.596947
0.143272 -0.021693 0.597606
0.147489 -0.015298 0.593188
0.144647 -0.018277 0.604700
0.144806 -0.013430 0.602384
0.141672 -0.015304 0.601831
0.140427 -0.022816 0.600585
0.141386 -0.019809 0.601127
0.142754 -0.012458 0.603194
0.137661 -0.016319 0.607767
0.143724 -0.027520 0.601557
0.144279 -0.019351 0.600476
0.140464 -0.018712 0.602982
0.146547 -0.018231 0.602740
0.145546 -0.015386 0.604149
0.152564 -0.019221 0.607094
0.138982 -0.019346 0.610767
0.141473 -0.020468 0.609816
0.146674 -0.015349 0.608416
0.146429 -0.022434 0.608125
0.138301 -0.023223 0.609315
0.139854 -0.020158 0.605923
0.142720 -0.016377 0.611598
0.143710 -0.018389 0.608960
0.142986 -0.012227 0.614335
0.146629 -0.015223 0.609486
0.144175 -0.020514 0.611246
0.141315 -0.018407 0.615564
0.142385 -0.018854 0.613417
0.143847 -0.018226 0.613769
0.141036 -0.017560 0.612174
0.141913 -0.021482 0.610916
0.143416 -0.015139 0.617575
0.135314 -0.019455 0.617335
0.140868 -0.018692 0.613862
0.140968 -0.020264 0.612507
0.143171 -0.018805 0.615123
0.139530 -0.018361 0.614704
0.136997 -0.014338 0.616491
0.138388 -0.019024 0.616894
0.136393 -0.016595 0.614965
0.140631 -0.018996 0.616544
0.137522 -0.015299 0.614224
0.140065 -0.018873 0.613732
0.136338 -0.020807 0.620305
0.134338 -0.021672 0.617614
0.133794 -0.018045 0.618238
0.139013 -0.022026 0.625610
0.134704 -0.021227 0.617649
0.128091 -0.022735 0.623624
0.138314 -0.017822 0.626994
0.130941 -0.021400 0.626628
0.136514 -0.017119 0.627502
0.141294 -0.013271 0.625861
0.138450 -0.016331 0.621150
0.132784 -0.018987 0.622333
0.135168 -0.020923 0.624339
0.137209 -0.021566 0.623981
0.135308 -0.013830 0.626692
0.131800 -0.020957 0.624296
0.126857 -0.016771 0.630904
0.132682 -0.019233 0.628744
0.135815 -0.019626 0.630877
0.136810 -0.017918 0.630773
0.131095 -0.020968 0.629889
0.132194 -0.016398 0.622974
0.136160 -0.016368 0.625374
0.134535 -0.018547 0.626971
0.127789 -0.018082 0.625170
0.130614 -0.012649 0.630831
0.134852 -0.020953 0.631949
0.131424 -0.018088 0.629117
0.131265 -0.017799 0.636248
0.130161 -0.014593 0.634462
0.133715 -0.018063 0.635594
0.126181 -0.014496 0.632306
0.130624 -0.020650 0.627558
0.126817 -0.018219 0.631962
0.127229 -0.019924 0.637419
0.125131 -0.017041 0.630261
0.128246 -0.018362 0.632176
0.124655 -0.022029 0.633747
0.129551 -0.015548 0.629885
0.125757 -0.014589 0.634346
0.121214 -0.023398 0.633930
0.123486 -0.014316 0.636342
0.122154 -0.017206 0.631305
0.121632 -0.020676 0.631592
0.123792 -0.018647 0.638762
0.124024 -0.018128 0.636926
0.119552 -0.017468 0.639478
0.125102 -0.020544 0.636504
0.124172 -0.007768 0.636512
0.120428 -0.014468 0.641518
0.117393 -0.013575 0.563988
0.120568 -0.012498 0.563829
0.120940 -0.007929 0.567449
0.122526 -0.016430 0.564928
0.124147 -0.015672 0.564008
0.122003 -0.013305 0.561226
0.123748 -0.013265 0.563539
0.124004 -0.015854 0.568690
0.126835 -0.008367 0.567575
0.119293 -0.013642 0.565501
0.128447 -0.015537 0.562077
0.126099 -0.018712 0.568750
0.124151 -0.010119 0.568905
0.126963 -0.015738 0.566652
0.129813 -0.012674 0.570172
0.130048 -0.019112 0.563857
0.126391 -0.011158 0.566100
0.125670 -0.009178 0.568058
0.128006 -0.011222 0.564166
0.127593 -0.016403 0.571717
0.131622 -0.017345 0.567595
0.127601 -0.014062 0.573359
0.128679 -0.014203 0.573219
0.131288 -0.017092 0.569719
0.129337 -0.012468 0.576897
0.134220 -0.012977 0.573575
0.133365 -0.013028 0.571804
0.132480 -0.016481 0.579623
0.127354 -0.017979 0.569688
0.132590 -0.016306 0.571660
0.126479 -0.014847 0.569633
0.132515 -0.012432 0.568929
0.131643 -0.011632 0.578317
0.134994 -0.008722 0.576618
0.131560 -0.013843 0.576252
0.133444 -0.015312 0.581307
0.136672 -0.015944 0.572846
0.130047 -0.010283 0.572251
0.137205 -0.017864 0.578876
0.134141 -0.015999 0.579169
0.134410 -0.011898 0.578916
0.132106 -0.013023 0.577232
0.133371 -0.007733 0.577042
0.140462 -0.017589 0.576379
0.134694 -0.017374 0.577159
0.134335 -0.010809 0.577670
0.140565 -0.020268 0.576482
0.139063 -0.013439 0.576670
0.139735 -0.017573 0.582476
0.140886 -0.015273 0.581326
0.141692 -0.011496 0.588333
0.133910 -0.011477 0.583286
0.139068 -0.018443 0.583941
0.144119 -0.016828 0.579060
0.140740 -0.013555 0.586167
0.139740 -0.014598 0.579448
0.139012 -0.014312 0.587127
0.141184 -0.015738 0.584346
0.143287 -0.010057 0.592926
0.144258 -0.013707 0.580856
0.138443 -0.018483 0.580391
0.138134 -0.015500 0.587719
0.139609 -0.017735 0.584951
0.137479 -0.016114 0.585331
0.139262 -0.014058 0.590945
0.143923 -0.014148 0.588625
0.141300 -0.013702 0.589922
0.141147 -0.013364 0.582747
0.144103 -0.016966 0.588052
0.144745 -0.014020 0.587226
0.144150 -0.013108 0.582588
0.146541 -0.013298 0.587390
0.142400 -0.016890 0.590705
0.145719 -0.010938 0.595379
0.140823 -0.016196 0.593612
0.142803 -0.012890 0.591010
0.144454 -0.014735 0.593276
0.137344 -0.016365 0.592881
0.139164 -0.015871 0.596565
0.140790 -0.012706 0.599982
0.142084 -0.012062 0.593514
0.142913 -0.017653 0.593754
0.140436 -0.010771 0.592589
0.141992 -0.012991 0.594117
0.139016 -0.015621 0.597268
0.143138 -0.014042 0.597274
0.141145 -0.011857 0.600692
0.144280 -0.016338 0.594896
0.138879 -0.011966 0.603459
0.145350 -0.016748 0.599966
0.144799 -0.019736 0.596576
0.142583 -0.012874 0.596062
0.140461 -0.015751 0.602945
0.145292 -0.013985 0.601434
0.142776 -0.013393 0.606135
0.143128 -0.012203 0.601955
0.144282 -0.014465 0.609489
0.136921 -0.017015 0.598876
0.140705 -0.015307 0.605014
0.144919 -0.017443 0.606907
0.139113 -0.015661 0.607957
0.134111 -0.017630 0.612645
0.141541 -0.016315 0.611015
0.140809 -0.009470 0.609190
0.141202 -0.010661 0.603711
0.144665 -0.014957 0.608316
0.138444 -0.012133 0.602883
0.141152 -0.015487 0.608161
0.142294 -0.015970 0.607806
0.145453 -0.019088 0.613253
0.142786 -0.014739 0.612120
0.137172 -0.009429 0.613041
0.139079 -0.014910 0.612855
0.143706 -0.014205 0.609801
0.139949 -0.015582 0.615107
0.139066 -0.020442 0.615481
0.137886 -0.019918 0.609914
0.135867 -0.017562 0.615017
0.142308 -0.014042 0.617954
0.136979 -0.013497 0.614097
0.143257 -0.015470 0.611086
0.140328 -0.009636 0.616144
0.140488 -0.009541 0.616800
0.140328 -0.008426 0.614976
0.138148 -0.009569 0.622251
0.137556 -0.015146 0.613724
0.136322 -0.013267 0.619456
0.137223 -0.014481 0.614856
0.139820 -0.015019 0.618409
0.143749 -0.013496 0.620811
0.138220 -0.017404 0.619038
0.137274 -0.018156 0.623380
0.137241 -0.014911 0.620349
0.136115 -0.006876 0.627525
0.134888 -0.018280 0.623947
0.133825 -0.013858 0.619574
0.134806 -0.014974 0.621222
0.133861 -0.011851 0.615882
0.135994 -0.016182 0.623700
0.133169 -0.011875 0.627501
0.138198 -0.015538 0.625283
0.138548 -0.010208 0.621380
0.134671 -0.023066 0.628803
0.136425 -0.014315 0.618862
0.132765 -0.014969 0.622858
0.127482 -0.013921 0.622121
0.134567 -0.011902 0.627834
0.131185 -0.014345 0.629604
0.135221 -0.008556 0.626213
0.134263 -0.015483 0.625051
0.133122 -0.018085 0.633347
0.132537 -0.014578 0.628569
0.135806 -0.021199 0.627685
0.130456 -0.020018 0.631187
0.133908 -0.018188 0.631523
0.135562 -0.014142 0.621717
0.125534 -0.013758 0.623316
0.130413 -0.016021 0.633842
0.130502 -0.013555 0.631534
0.130200 -0.021635 0.632447
0.128188 -0.015444 0.626074
0.126721 -0.010836 0.631606
0.126179 -0.016643 0.633508
0.129113 -0.013420 0.637071
0.128511 -0.010914 0.634298
0.125923 -0.015895 0.628696
0.126871 -0.011338 0.630093
0.120561 -0.013567 0.636673
0.125286 -0.013808 0.633454
0.125884 -0.010538 0.628773
0.125736 -0.017549 0.635359
0.130041 -0.013215 0.633907
0.121936 -0.012685 0.636731
0.123680 -0.017697 0.633765
0.117804 -0.013335 0.633288
0.121208 -0.016418 0.632291
0.121601 -0.010040 0.632177
0.122408 -0.022269 0.632509
0.120635 -0.014909 0.636849
0.119436 -0.011472 0.635938
0.121964 -0.009028 0.567234
0.120055 -0.006430 0.567367
0.127096 -0.013517 0.565047
0.125852 -0.008189 0.566146
0.122060 -0.008896 0.566388
0.122022 -0.012518 0.567360
0.121387 -0.007608 0.567106
0.125452 -0.008475 0.564371
0.122537 -0.015901 0.566389
0.129088 -0.008279 0.565036
0.124589 -0.009258 0.566723
0.124765 -0.011338 0.563971
0.124347 -0.009373 0.564232
0.130224 -0.010765 0.571776
0.131005 -0.014161 0.563703
0.128087 -0.009066 0.564762
0.131540 -0.005167 0.568731
0.123441 -0.007728 0.565587
0.127825 -0.015051 0.568800
0.128690 -0.011990 0.566655
0.130245 -0.008190 0.568704
0.128395 -0.011026 0.566477
0.130701 -0.011073 0.572926
0.126897 -0.008476 0.571579
0.125333 -0.009581 0.566829
0.126404 -0.018215 0.570851
0.129439 -0.012225 0.576820
0.128889 -0.012655 0.571295
0.132224 -0.009272 0.563621
0.129158 -0.009852 0.567338
0.130530 -0.009246 0.571846
0.135291 -0.016123 0.575124
0.125634 -0.009159 0.575248
0.132623 -0.014716 0.575563
0.135851 -0.008071 0.569502
0.130190 -0.009472 0.575356
0.131425 -0.013084 0.578981
0.126715 -0.016532 0.579163
0.132182 -0.013968 0.574401
0.132577 -0.013907 0.572447
0.130020 -0.010563 0.577590
0.137928 -0.011177 0.579561
0.133598 -0.008052 0.580656
0.133505 -0.006123 0.582555
0.135731 -0.014679 0.579787
0.136908 -0.014449 0.577707
0.136002 -0.011586 0.579529
0.137075 -0.016356 0.581785
0.138068 -0.015010 0.577480
0.136985 -0.012031 0.583227
0.134852 -0.018093 0.583469
0.134522 -0.010774 0.582380
0.136072 -0.010087 0.583791
0.137933 -0.012005 0.577666
0.138708 -0.009479 0.583898
0.139469 -0.008084 0.582560
0.140412 -0.013192 0.584703
0.133737 -0.012177 0.580683
0.139023 -0.010351 0.586494
0.140816 -0.010906 0.586963
0.139234 -0.012517 0.588912
0.142349 -0.008624 0.588530
0.132288 -0.014051 0.587010
0.136527 -0.012245 0.590850
0.139955 -0.010113 0.587458
0.141027 -0.007003 0.587180
0.137778 -0.008341 0.590167
0.142909 -0.007840 0.589418
0.143107 -0.007942 0.590641
0.140170 -0.009207 0.589495
0.142103 -0.017657 0.588050
0.141986 -0.015533 0.587663
0.146998 -0.009166 0.591384
0.140378 -0.009655 0.594206
0.140778 -0.006991 0.589004
0.138091 -0.005913 0.587887
0.146683 -0.004606 0.589670
0.143247 -0.006869 0.591802
0.141811 -0.009761 0.593585
0.141692 -0.016303 0.596428
0.138329 -0.010590 0.600717
0.145316 -0.009783 0.598072
0.143268 -0.012200 0.599229
0.145281 -0.011742 0.596147
0.145548 -0.010201 0.600295
0.142173 -0.004356 0.596966
0.145949 -0.012444 0.600823
0.141081 -0.007891 0.598201
0.135311 -0.010314 0.599417
0.142825 -0.010610 0.599924
0.139120 -0.011770 0.600855
0.140958 -0.007537 0.603030
0.142134 -0.009303 0.598586
0.141904 -0.013020 0.602330
0.141871 -0.006249 0.598479
0.147481 -0.014237 0.599481
0.140624 -0.008684 0.602337
0.138174 -0.018770 0.607137
0.140742 -0.005323 0.602715
0.143481 -0.012898 0.606338
0.137112 -0.010566 0.608538
0.143686 -0.010426 0.606008
0.142616 -0.012568 0.609359
0.139051 -0.010405 0.602439
0.137589 -0.012249 0.605225
0.139670 -0.009718 0.607481
0.140998 -0.013802 0.605358
0.138502 -0.016025 0.605807
0.141346 -0.009069 0.606282
0.138540 -0.016489 0.613294
0.139776 -0.009723 0.607402
0.141706 -0.013490 0.611219
0.141160 -0.006964 0.610913
0.136385 -0.007035 0.612219
0.142924 -0.013243 0.615927
0.149818 -0.011725 0.609678
0.147718 -0.012870 0.607332
0.135456 -0.010811 0.617031
0.140535 -0.010043 0.615993
0.142303 -0.011121 0.617273
0.138025 -0.012056 0.606980
0.140465 -0.010001 0.613511
0.142191 -0.010822 0.616547
0.137209 -0.007227 0.620825
0.135951 -0.011854 0.609555
0.140886 -0.015110 0.618081
0.139379 -0.004059 0.616152
0.139513 -0.011158 0.623662
0.134600 -0.011078 0.615816
0.137721 -0.010747 0.616937
0.137871 -0.011149 0.621818
0.134423 -0.007443 0.612528
0.136244 -0.008911 0.617150
0.135493 -0.010563 0.622890
0.130462 -0.012237 0.624393
0.143460 -0.012292 0.627072
0.137546 -0.012940 0.619322
0.137960 -0.007185 0.621009
0.135076 -0.009015 0.628784
0.137032 -0.011864 0.623223
0.134983 -0.015009 0.624581
0.136902 -0.012496 0.630086
0.133273 -0.009408 0.626840
0.134538 -0.012178 0.617643
0.133459 -0.009157 0.627561
0.135167 -0.014436 0.624004
0.131367 -0.009626 0.633736
0.131195 -0.009962 0.629052
0.129315 -0.012437 0.630165
0.131024 -0.010198 0.626778
0.132324 -0.012493 0.625443
0.133996 -0.009362 0.627474
0.129242 -0.015899 0.627500
0.131366 -0.016256 0.630273
0.133820 -0.010506 0.634582
0.133229 -0.011578 0.626329
0.127114 -0.011680 0.626965
0.131745 -0.010143 0.632804
0.128321 -0.007215 0.635939
0.130099 -0.015724 0.633589
0.131259 -0.007471 0.627138
0.131837 -0.017674 0.634983
0.132018 -0.006130 0.633187
0.129285 -0.012990 0.626926
0.122627 -0.017110 0.631342
0.130015 -0.011728 0.636580
0.123873 -0.011546 0.634473
0.128641 -0.016904 0.634456
0.126577 -0.012854 0.637798
0.123874 -0.005921 0.637602
0.127520 -0.009386 0.626771
0.127120 -0.006639 0.639739
0.123916 -0.011844 0.634099
0.120342 -0.010580 0.630021
0.123088 -0.014416 0.637353
0.118711 -0.006157 0.642557
0.123408 -0.009029 0.637839
0.123253 -0.013058 0.637661
0.124480 -0.011388 0.636186
0.120508 -0.017743 0.634529
0.125929 -0.005711 0.557027
0.119030 -0.007692 0.564911
0.124489 -0.013732 0.566828
0.124480 -0.009685 0.563440
0.124450 -0.004249 0.565808
0.117042 -0.007333 0.565437
0.123103 -0.013536 0.567466
0.122516 -0.011358 0.565262
0.120092 -0.007405 0.567050
0.119350 -0.005055 0.566788
0.127387 -0.012660 0.568469
0.121139 -0.008328 0.566469
0.121388 -0.019744 0.567639
0.128522 -0.006322 0.571794
0.130253 -0.005976 0.563961
0.127929 -0.011659 0.563877
0.129107 -0.009764 0.565392
0.129885 -0.008689 0.563892
0.126472 -0.008530 0.564052
0.129443 0.001030 0.566309
0.123667 -0.008848 0.566534
0.129980 -0.006300 0.565869
0.130448 -0.012266 0.569445
0.123580 -0.006559 0.570966
0.123661 -0.006151 0.570224
0.129072 -0.008399 0.569945
0.128784 -0.015231 0.567042
0.132469 -0.010556 0.571753
0.132424 -0.009508 0.571598
0.130563 -0.008273 0.573239
0.134634 -0.003211 0.572984
0.133392 -0.003290 0.571671
0.140275 -0.006259 0.574994
0.130142 -0.009482 0.577465
0.132007 -0.012951 0.572755
0.135244 -0.011442 0.578706
0.133248 -0.008143 0.574233
0.132514 -0.006939 0.571168
0.134095 -0.009965 0.574199
0.131066 -0.009555 0.580779
0.130721 -0.005203 0.574980
0.141257 -0.011854 0.573519
0.140074 -0.011782 0.577789
0.135960 -0.006305 0.579212
0.142820 -0.007867 0.581356
0.138211 -0.014255 0.582488
0.136473 -0.002206 0.576423
0.131978 -0.003232 0.577681
0.135266 -0.004488 0.575975
0.135728 -0.006723 0.578945
0.141381 -0.005310 0.583959
0.135472 -0.010413 0.582190
0.143015 -0.010684 0.582824
0.134378 -0.006602 0.587309
0.137759 -0.009488 0.583782
0.139308 -0.006652 0.589326
0.135221 -0.003033 0.585264
0.139062 -0.009463 0.579655
0.142554 -0.005565 0.585638
0.142622 -0.006417 0.590756
0.143670 0.001764 0.586290
0.141464 -0.009680 0.588173
0.137231 -0.005375 0.584533
0.136118 -0.010385 0.587028
0.141799 -0.005165 0.584755
0.137983 -0.007590 0.588429
0.144211 -0.012104 0.593269
0.135414 -0.008067 0.587429
0.140496 -0.007773 0.587840
0.140164 -0.005509 0.587537
0.141473 -0.003812 0.593117
0.137398 -0.005000 0.595396
0.136841 -0.009591 0.588565
0.143592 -0.009964 0.591724
0.143747 -0.008470 0.590321
0.143487 -0.008699 0.590770
0.140457 -0.003770 0.593456
0.147248 -0.005968 0.594257
0.140390 -0.007096 0.595943
0.145068 -0.009440 0.594686
0.142342 -0.008711 0.598817
0.142869 -0.005402 0.596841
0.141963 -0.006647 0.594618
0.140614 -0.009520 0.599245
0.144115 -0.006008 0.597419
0.141048 -0.006881 0.592996
0.144450 -0.006268 0.596248
0.143653 -0.003389 0.597648
0.141118 -0.014687 0.597876
0.144016 -0.008630 0.601104
0.144668 -0.008031 0.604483
0.137960 -0.012108 0.598771
0.136331 -0.008587 0.601951
0.143414 -0.007612 0.602088
0.144118 -0.012021 0.600746
0.144045 -0.005048 0.602671
0.144266 -0.007309 0.601325
0.142188 -0.010352 0.606213
0.142044 -0.008910 0.608823
0.143062 -0.007200 0.603774
0.147254 -0.003338 0.600279
0.145234 -0.006012 0.605820
0.139086 -0.010943 0.609781
0.142581 -0.004681 0.602303
0.145891 -0.008590 0.608713
0.142211 -0.009596 0.609012
0.136556 -0.006550 0.611213
0.136024 -0.005449 0.606893
0.136566 -0.009102 0.610163
0.145371 -0.003420 0.603976
0.144308 -0.009370 0.613953
0.141896 -0.006858 0.608867
0.139481 -0.006445 0.612319
0.144522 -0.008739 0.614865
0.143888 -0.008666 0.607531
0.139538 -0.004218 0.609147
0.142096 -0.009887 0.611816
0.144953 -0.001565 0.616352
0.140146 -0.005142 0.618145
0.135588 -0.007324 0.606792
0.134359 -0.006329 0.608160
0.139326 -0.006967 0.613707
0.136690 -0.002890 0.612599
0.138857 -0.009136 0.614211
0.132904 -0.002809 0.614775
0.139131 -0.004893 0.614853
0.141579 -0.007511 0.618885
0.141317 -0.013467 0.620186
0.138582 -0.010450 0.618333
0.137016 -0.011201 0.620017
0.138188 -0.006455 0.625972
0.137528 -0.007123 0.621852
0.136259 -0.008800 0.611307
0.140571 -0.006862 0.618518
0.132953 -0.007868 0.625448
0.138081 -0.006194 0.619555
0.135893 -0.007213 0.622372
0.136179 -0.008405 0.623331
0.136338 -0.003467 0.626030
0.136030 -0.010090 0.625606
0.133689 -0.006528 0.618881
0.132792 -0.002037 0.625999
0.133829 -0.006980 0.621811
0.130896 -0.009027 0.624325
0.136386 -0.008034 0.625911
0.133420 -0.005839 0.626675
0.137202 -0.003412 0.623188
0.134270 -0.010313 0.625065
0.130502 -0.004443 0.628229
0.140411 -0.006623 0.626024
0.131693 -0.006953 0.631968
0.128173 -0.008576 0.626309
0.138559 -0.008591 0.628706
0.133514 -0.008107 0.623055
0.133299 0.000771 0.631963
0.127775 -0.012169 0.628852
0.131327 -0.008833 0.627902
0.130187 -0.010768 0.629445
0.130973 -0.011555 0.627626
0.131035 -0.007554 0.632977
0.129639 -0.009709 0.633176
0.129641 -0.006734 0.629458
0.132123 -0.009189 0.637819
0.127238 -0.011013 0.635926
0.125242 -0.011651 0.634155
0.128073 -0.016275 0.635184
0.127470 -0.010454 0.633849
0.126388 -0.010227 0.630975
0.127693 -0.009184 0.638202
0.121267 -0.006050 0.635599
0.117493 -0.005670 0.637763
0.123849 -0.008431 0.630121
0.124981 -0.002357 0.633771
0.124628 -0.010822 0.635312
0.124674 -0.008284 0.635676
0.121344 -0.001533 0.636511
0.116812 -0.005707 0.637515
0.120557 -0.001163 0.637198
0.120482 -0.008617 0.634595
0.116900 -0.005553 0.636944
0.120950 -0.006832 0.563778
0.123590 -0.006715 0.567036
0.120899 -0.002784 0.559475
0.124007 -0.003053 0.564524
0.120041 -0.001649 0.562794
0.120486 -0.005370 0.569963
0.123392 -0.006250 0.565965
0.125338 -0.005357 0.564299
0.130505 -0.003780 0.567776
0.126334 -0.006235 0.564316
0.122917 -0.003620 0.563092
0.121060 -0.003558 0.567725
0.123944 -0.006971 0.566951
0.124160 -0.002506 0.564662
0.131680 -0.000286 0.565881
0.123025 -0.007286 0.567848
0.124395 -0.006868 0.562454
0.126014 -0.005502 0.566662
0.126887 -0.005647 0.568886
0.124345 -0.010044 0.564666
0.122822 -0.007062 0.571397
0.130820 -0.003746 0.567076
0.133463 -0.004028 0.572209
0.128705 -0.002900 0.572589
0.128902 -0.000426 0.572108
0.128464 0.000284 0.574795
0.135954 -0.001290 0.572109
0.133309 -0.002256 0.573319
0.133349 -0.004804 0.570032
0.133699 -0.005749 0.571298
0.129731 -0.002849 0.573184
0.130257 -0.001400 0.571200
0.132226 -0.008810 0.576248
0.134892 -0.005629 0.576679
0.135306 -0.008779 0.570587
0.134039 -0.006142 0.570744
0.130486 -0.004879 0.573235
0.137957 -0.003426 0.571268
0.134023 0.001975 0.573988
0.136553 -0.007489 0.573973
0.137839 -0.005617 0.576013
0.138409 -0.000912 0.579091
0.130601 0.000707 0.585106
0.136463 -0.008922 0.579323
0.135914 -0.005709 0.583430
0.135291 -0.005601 0.575700
0.139196 -0.001599 0.576943
0.138871 -0.009441 0.577384
0.135485 -0.002656 0.580334
0.138733 -0.005890 0.579746
0.135465 -0.005492 0.582297
0.134682 -0.001546 0.582374
0.142429 -0.005048 0.579851
0.142574 -0.004700 0.582002
0.139571 -0.003778 0.586266
0.139242 -0.007100 0.585083
0.140864 -0.001144 0.584000
0.134345 -0.005761 0.587373
0.141634 -0.001958 0.583378
0.141752 -0.003620 0.584139
0.142543 -0.007094 0.583467
0.139166 -0.008773 0.586728
0.137257 -0.001879 0.583820
0.134169 -0.006002 0.592698
0.146786 -0.011283 0.590073
0.139552 -0.008219 0.584308
0.139602 -0.001332 0.587936
0.143980 -0.000671 0.588304
0.138996 -0.003844 0.590323
0.141958 -0.005165 0.587247
0.138866 -0.002976 0.592980
0.143152 -0.003104 0.589688
0.138537 -0.006155 0.593560
0.137590 -0.004099 0.592015
0.140659 -0.009501 0.593190
0.141426 -0.004050 0.590310
0.140668 -0.005069 0.587461
0.142125 -0.007481 0.593826
0.135608 -0.004627 0.594714
0.139108 -0.010763 0.597861
0.138476 -0.003393 0.596081
0.147802 0.003770 0.594385
0.140107 -0.004868 0.596889
0.146967 -0.008654 0.600081
0.140788 -0.009516 0.595856
0.140113 -0.005764 0.595633
0.141117 -0.005937 0.598028
0.148289 -0.002504 0.601014
0.143328 -0.001502 0.596104
0.145789 -0.004012 0.603331
0.149460 -0.004759 0.602869
0.138103 -0.004362 0.598187
0.141497 -0.003887 0.600000
0.140409 -0.008670 0.606128
0.142384 -0.003396 0.600463
0.140346 0.000190 0.607190
0.138923 -0.006760 0.607184
0.145626 0.000519 0.604814
0.139864 -0.007029 0.606691
0.143946 -0.004131 0.606141
0.145493 -0.002231 0.603056
0.147901 -0.004657 0.602321
0.145778 -0.006337 0.610171
0.140752 -0.007887 0.607204
0.141716 -0.000944 0.609387
0.141799 -0.001918 0.609416
0.144075 -0.004721 0.603268
0.139441 -0.001048 0.602489
0.138246 -0.002853 0.609613
0.146404 0.002295 0.614655
0.139718 -0.005799 0.611178
0.136923 -0.006223 0.614038
0.134441 -0.008246 0.608056
0.133796 -0.003837 0.614077
0.140831 -0.005682 0.611890
0.140393 -0.008625 0.615459
0.139585 -0.004277 0.607068
0.137208 -0.009802 0.615762
0.141728 -0.005541 0.615141
0.136148 -0.004562 0.615508
0.139639 -0.003672 0.615576
0.137196 -0.006999 0.618083
0.139132 -0.002042 0.618686
0.142301 -0.006378 0.615452
0.140510 -0.003598 0.617710
0.138132 -0.004064 0.614126
0.134955 -0.003065 0.617764
0.143771 -0.004063 0.618748
0.135603 0.006691 0.619464
0.138136 -0.006542 0.614331
0.137611 -0.004252 0.623974
0.135908 -0.004593 0.619177
0.135878 -0.006834 0.622675
0.140579 -0.007566 0.616805
0.132467 -0.001972 0.620011
0.140210 -0.006578 0.620203
0.135891 -0.004268 0.622173
0.137206 -0.002874 0.628331
0.135082 -0.002318 0.629055
0.134182 -0.006581 0.623864
0.135892 -0.005691 0.621712
0.134371 -0.005230 0.628314
0.132750 -0.004813 0.625379
0.134231 -0.003335 0.627323
0.130172 -0.007675 0.624215
0.133671 -0.003781 0.631177
0.135479 -0.004389 0.622430
0.134754 -0.003030 0.629077
0.132866 -0.002162 0.627361
0.134095 -0.008188 0.632243
0.132071 -0.000919 0.629548
0.129147 -0.006730 0.625081
0.132197 -0.003467 0.627973
0.132644 -0.003442 0.629898
0.131968 -0.008396 0.631862
0.127430 -0.007812 0.624746
0.132310 -0.007529 0.625739
0.129621 -0.008035 0.632008
0.129873 -0.006465 0.627363
0.128264 -0.006171 0.630696
0.129132 -0.004316 0.629566
0.133994 0.001759 0.632876
0.126547 -0.012143 0.628051
0.131588 -0.001414 0.634796
0.128699 0.000998 0.633661
0.125791 -0.006170 0.629449
0.128887 -0.007610 0.633117
0.124827 -0.004628 0.636348
0.128620 -0.008723 0.635628
0.127821 -0.008324 0.636993
0.125289 -0.010987 0.633342
0.123063 -0.008768 0.634359
0.124021 -0.011410 0.636553
0.121297 -0.002290 0.635070
0.129006 -0.007243 0.636889
0.117007 -0.001444 0.636821
0.121355 -0.009346 0.639353
0.126041 -0.002130 0.637127
0.124201 -0.002701 0.638904
0.120711 -0.003963 0.646403
0.122226 -0.002125 0.567530
0.123465 0.002860 0.562707
0.117239 -0.001263 0.565658
0.124168 -0.002993 0.563496
0.124263 -0.002988 0.568529
0.123768 -0.005904 0.569923
0.126396 0.000950 0.571628
0.127221 0.001842 0.567412
0.129517 -0.003301 0.556490
0.122971 -0.001865 0.563394
0.129767 -0.004906 0.564406
0.127848 -0.003435 0.569896
0.122861 0.000188 0.564333
0.122628 -0.004378 0.569231
0.126013 0.001580 0.569131
0.123956 -0.007961 0.568397
0.125457 0.000487 0.569400
0.132485 0.007475 0.571658
0.129685 -0.005381 0.567740
0.125552 0.000724 0.565919
0.131426 -0.002511 0.570030
0.126268 -0.003142 0.564064
0.131382 -0.003794 0.568599
0.133176 -0.000397 0.570329
0.125466 0.002362 0.569889
0.129917 0.001045 0.577239
0.130529 0.001346 0.575720
0.129179 -0.005223 0.574793
0.134735 -0.000697 0.573822
0.129282 0.001608 0.577115
0.132291 -0.005135 0.570756
0.131266 -0.002300 0.573079
0.132318 0.004104 0.579716
0.128730 -0.000622 0.567612
0.133126 0.000656 0.576694
0.126290 -0.000028 0.577273
0.139200 -0.003212 0.577895
0.138583 0.001462 0.574835
0.132791 -0.000175 0.575250
0.137772 -0.000633 0.574556
0.131880 -0.003277 0.572099
0.133852 -0.007164 0.572031
0.130980 -0.001098 0.576715
0.137834 -0.002790 0.575317
0.135171 -0.005119 0.582946
0.140689 -0.006094 0.578634
0.140770 -0.005591 0.574547
0.134243 0.000007 0.575434
0.133079 -0.006064 0.582230
0.136457 -0.004088 0.580684
0.132372 -0.003048 0.581182
0.139501 0.003766 0.581191
0.136249 -0.004218 0.579403
0.139692 0.000656 0.581391
0.140168 -0.004396 0.580539
0.136298 -0.001375 0.583116
0.136061 -0.002116 0.586443
0.146744 -0.001714 0.582197
0.142626 -0.002621 0.584696
0.137049 0.001686 0.586487
0.141146 0.000578 0.588165
0.141052 -0.005736 0.589843
0.140686 -0.000683 0.590823
0.142470 0.000492 0.589565
0.132743 0.000630 0.582768
0.140720 0.000261 0.587173
0.144991 -0.002247 0.590544
0.138410 -0.001029 0.591128
0.138377 -0.001968 0.592858
0.138380 -0.002414 0.592078
0.140492 0.001231 0.588428
0.144556 0.000268 0.592516
0.149329 -0.003789 0.590585
0.142064 -0.000226 0.591443
0.142314 -0.005655 0.590004
0.142542 -0.000736 0.597675
0.141296 0.000374 0.590934
0.145306 -0.004482 0.591737
0.142101 -0.003980 0.592494
0.140575 0.001562 0.589251
0.143514 -0.004604 0.594826
0.141761 -0.000894 0.598823
0.141925 0.001540 0.598555
0.142628 -0.005081 0.601171
0.145664 -0.004149 0.599485
0.144104 -0.008312 0.601099
0.139056 0.000133 0.594389
0.140821 -0.001810 0.598829
0.146727 -0.001800 0.602614
0.141095 -0.001323 0.601126
0.142263 -0.001544 0.597368
0.139711 0.002481 0.594827
0.146132 -0.001932 0.603218
0.139648 -0.003244 0.604112
0.142438 -0.003936 0.607265
0.142982 0.000958 0.608087
0.140008 -0.003174 0.605540
0.142425 0.000222 0.603029
0.134489 -0.003389 0.607627
0.147315 0.004386 0.604408
0.142585 -0.001172 0.600952
0.147885 -0.001109 0.609898
0.146039 -0.002952 0.603391
0.141949 0.000978 0.602048
0.137008 -0.000952 0.605393
0.139038 0.000047 0.608240
0.145861 -0.002027 0.610681
0.139766 -0.000377 0.611158
0.141822 -0.002364 0.607351
0.144164 0.003890 0.614730
0.143390 0.000324 0.613033
0.139131 -0.000045 0.611734
0.144122 0.001347 0.614927
0.142103 -0.001084 0.612574
0.141332 -0.001234 0.607809
0.138608 -0.002477 0.616255
0.143892 -0.005066 0.617891
0.138798 -0.001764 0.610373
0.137767 -0.003959 0.614786
0.139129 -0.006032 0.613751
0.140920 -0.000676 0.617392
0.134900 0.001532 0.617931
0.139974 -0.005099 0.617847
0.146220 0.000420 0.618453
0.138850 -0.001548 0.611967
0.139843 0.001317 0.610503
0.137213 0.001251 0.618285
0.144395 -0.004522 0.615610
0.136964 -0.001102 0.616704
0.136702 0.000410 0.614210
0.137240 0.000061 0.614789
0.139494 -0.000315 0.621797
0.140663 0.000662 0.620419
0.141084 -0.002345 0.619147
0.135860 -0.001651 0.617291
0.141447 0.000226 0.621786
0.142657 -0.000667 0.625626
0.134150 -0.004187 0.627604
0.137042 0.001564 0.618007
0.134315 0.001832 0.627862
0.132444 -0.003119 0.621073
0.134505 0.000164 0.628151
0.137735 -0.001463 0.630938
0.135016 -0.003659 0.621273
0.128774 0.000906 0.623101
0.136891 -0.003756 0.626163
0.141166 -0.001193 0.633257
0.130465 -0.002530 0.624183
0.134921 -0.000841 0.625238
0.130903 0.007043 0.628255
0.132914 -0.000372 0.629905
0.129224 0.000777 0.631547
0.134545 -0.003289 0.632241
0.132018 0.002616 0.630761
0.127357 -0.001055 0.629164
0.124978 0.000970 0.632759
0.129076 -0.000130 0.634939
0.128573 0.000257 0.625194
0.126079 -0.001510 0.630245
0.130816 -0.002311 0.630318
0.133259 -0.002744 0.629547
0.127285 -0.002141 0.626386
0.131592 -0.002946 0.634868
0.130349 -0.004576 0.635050
0.130144 -0.001483 0.633667
0.125621 -0.003091 0.632539
0.126717 -0.002072 0.630333
0.125396 -0.001423 0.629936
0.125899 -0.003766 0.628833
0.122623 0.001900 0.638678
0.122192 -0.003505 0.629305
0.127812 -0.000844 0.631623
0.125956 0.000093 0.636606
0.125172 -0.003547 0.637201
0.120189 0.002117 0.638182
0.123756 0.000288 0.631783
0.124465 -0.002582 0.636014
0.120486 0.000180 0.634810
0.120946 -0.003597 0.634528
0.120756 -0.002557 0.638261
0.124808 0.002323 0.567626
0.118520 0.004751 0.561097
0.117011 0.004284 0.560481
0.120147 0.001767 0.564500
0.127706 0.002973 0.558911
0.123212 -0.000028 0.573594
0.126966 -0.002294 0.561319
0.121777 0.000736 0.567195
0.122515 -0.000495 0.566535
0.124272 0.001752 0.566605
0.129466 0.001081 0.567222
0.127927 -0.001486 0.564118
0.123447 0.000126 0.571143
0.125407 0.002497 0.565301
0.130361 0.003586 0.566258
0.125527 -0.000504 0.572879
0.124980 -0.000961 0.567402
0.135420 -0.002528 0.567042
0.127563 0.001393 0.572141
0.132973 0.003652 0.567504
0.125391 -0.000448 0.571901
0.125726 -0.006201 0.568257
0.125467 0.000763 0.570360
0.128772 0.003967 0.566286
0.132350 0.006870 0.569293
0.127493 0.000558 0.569839
0.131455 -0.002124 0.571452
0.136257 0.005110 0.568195
0.133450 0.002055 0.572275
0.133179 0.000690 0.578117
0.130996 0.006495 0.572949
0.131632 0.001923 0.569001
0.130033 0.001148 0.571654
0.133888 0.004831 0.570826
0.131252 -0.004662 0.578387
0.140334 -0.001121 0.572576
0.136336 0.004851 0.577510
0.138889 -0.000327 0.574299
0.134509 0.003895 0.572142
0.134299 0.004909 0.573155
0.133969 0.002222 0.577539
0.134585 0.006327 0.578393
0.142338 0.006636 0.579954
0.134783 0.000147 0.578495
0.134276 0.005971 0.580138
0.135524 0.000041 0.577602
0.134443 0.001986 0.575590
0.139940 -0.000528 0.582873
0.135861 0.000759 0.580948
0.140118 0.002171 0.579564
0.136115 0.002341 0.578350
0.136769 0.003809 0.576141
0.141648 0.002440 0.586256
0.134875 0.005225 0.584345
0.144207 -0.002420 0.586216
0.134943 0.005521 0.586429
0.133488 0.004265 0.581900
0.136959 0.001730 0.585900
0.135412 -0.003645 0.582172
0.139880 -0.001993 0.588524
0.137999 0.001321 0.584375
0.137370 0.003894 0.584677
0.142708 0.002383 0.588362
0.137445 -0.000418 0.583782
0.143070 0.000052 0.586284
0.136984 0.006888 0.589354
0.142176 -0.005138 0.588103
0.137036 0.003691 0.589994
0.140351 0.003873 0.585900
0.145946 0.003869 0.594361
0.141904 0.004212 0.586046
0.137090 0.001855 0.587256
0.135256 0.006597 0.585384
0.137801 -0.002454 0.591368
0.139975 -0.000953 0.590069
0.141770 0.000390 0.592723
0.145388 0.004663 0.596930
0.143967 0.001494 0.591893
0.140778 -0.000380 0.595805
0.139540 0.006062 0.594736
0.139819 0.002316 0.596220
0.143147 0.002312 0.592435
0.146906 0.001487 0.597165
0.141981 -0.000762 0.602105
0.140518 0.002119 0.598913
0.143046 0.003934 0.596772
0.146693 -0.003827 0.595773
0.140258 0.004529 0.596810
0.140271 0.003431 0.601607
0.142953 0.006235 0.600483
0.141923 0.001657 0.607702
0.144894 0.000140 0.600270
0.141799 0.003760 0.596249
0.135517 0.004558 0.602409
0.146537 0.001821 0.605494
0.139774 0.010373 0.601977
0.142739 0.001293 0.607836
0.141800 -0.002024 0.601865
0.141748 -0.001305 0.606957
0.141439 0.005440 0.606201
0.141916 0.000838 0.611293
0.140190 0.005061 0.600580
0.142968 0.001611 0.612443
0.147050 -0.001071 0.605883
0.143680 0.001455 0.606237
0.139929 0.001733 0.601080
0.142252 0.005594 0.611175
0.143950 0.005339 0.604659
0.139777 0.003494 0.611207
0.141601 -0.000099 0.610310
0.140671 0.005975 0.609227
0.146328 0.001899 0.608682
0.147346 0.001209 0.611321
0.144722 0.002707 0.613297
0.142737 0.002066 0.617484
0.145407 -0.000715 0.612129
0.141537 0.010812 0.612454
0.135777 -0.000450 0.611094
0.139635 0.001616 0.611520
0.144119 0.000705 0.614093
0.137247 0.004984 0.614842
0.136234 0.002572 0.617500
0.136707 0.005149 0.620657
0.140239 -0.001344 0.618177
0.137848 0.005048 0.610301
0.143818 0.005894 0.613004
0.142513 0.004052 0.617334
0.142541 0.003702 0.622413
0.137039 0.000883 0.621587
0.138358 0.004783 0.624805
0.144893 0.002709 0.619900
0.132677 0.005818 0.621398
0.139390 0.002075 0.624791
0.129762 0.004490 0.620800
0.137021 -0.001946 0.618724
0.139764 0.006228 0.622085
0.138376 0.007016 0.621267
0.135253 0.002812 0.624948
0.137052 0.001401 0.626412
0.132980 0.003034 0.624207
0.136764 -0.000854 0.620642
0.137323 0.010279 0.623289
0.137732 0.000784 0.629026
0.137645 0.003288 0.620961
0.136424 0.001507 0.624210
0.134877 0.001549 0.626109
0.139495 0.001150 0.627892
0.133064 0.002463 0.627635
0.136456 -0.000111 0.631337
0.133229 0.000412 0.630567
0.132324 0.003236 0.626256
0.135376 0.001503 0.624036
0.133090 0.000255 0.627144
0.133601 0.002381 0.629937
0.125308 0.002349 0.625890
0.130664 -0.003206 0.624705
0.137332 0.000464 0.630577
0.124136 -0.001482 0.629303
0.134480 0.005487 0.628201
0.127380 0.003099 0.635327
0.132301 0.005281 0.627333
0.127157 0.002137 0.631386
0.126168 -0.000862 0.634966
0.126120 0.009330 0.632136
0.125617 0.004503 0.631033
0.125896 0.007603 0.635815
0.126640 -0.002073 0.632130
0.119615 0.005728 0.624199
0.126722 0.007046 0.635852
0.124278 0.005291 0.633555
0.127859 0.002250 0.633698
0.127918 0.001072 0.633262
0.121416 0.001742 0.634686
0.124699 0.001985 0.638640
0.121922 -0.000403 0.632310
0.115268 0.006498 0.632840
0.124628 0.002032 0.634457
0.121058 0.004566 0.635774
0.120561 -0.003975 0.637132
0.122924 0.004522 0.638563
0.117804 0.001719 0.561839
0.115923 0.001463 0.560778
0.130373 0.000568 0.564272
0.123219 0.004027 0.566368
0.120421 0.005868 0.565888
0.126437 0.002027 0.566706
0.119776 0.002522 0.565768
0.123694 0.007262 0.574004
0.124931 0.014242 0.566030
0.123854 0.007274 0.570604
0.123862 0.003536 0.565723
0.124560 0.003727 0.566709
0.127337 0.010602 0.564890
0.129074 0.008735 0.569815
0.134342 0.009073 0.568707
0.129760 0.007083 0.570114
0.127079 0.006858 0.569693
0.127172 0.008332 0.568618
0.128409 0.010312 0.566001
0.126210 0.007660 0.571994
0.128241 0.004553 0.568826
0.129792 0.005383 0.569413
0.135074 0.004253 0.571913
0.131516 0.009816 0.568830
0.133391 0.007536 0.572145
0.132945 0.000280 0.573314
0.132242 0.005718 0.571891
0.133900 0.003982 0.568521
0.137987 0.005817 0.571305
0.129721 0.006436 0.570761
0.131245 0.006885 0.571065
0.136464 0.006784 0.573727
0.140084 0.004792 0.573923
0.134913 0.006753 0.574195
0.138417 0.009200 0.569913
0.130204 0.004340 0.572159
0.138440 0.001664 0.575582
0.131620 0.008266 0.575615
0.139882 0.006156 0.576749
0.136536 0.007853 0.578833
0.138000 0.005481 0.577200
0.137994 -0.001319 0.578271
0.136729 0.007079 0.575321
0.135267 -0.000203 0.576554
0.135724 0.005565 0.575805
0.134413 0.001833 0.580488
0.137493 -0.001142 0.576744
0.137655 0.006262 0.579542
0.136596 0.003677 0.582530
0.138920 0.007687 0.587457
0.135772 0.003873 0.580627
0.144047 0.005372 0.581404
0.140953 0.001462 0.580045
0.137743 0.002988 0.582373
0.144687 0.011926 0.582465
0.139700 0.005833 0.584294
0.143663 0.010898 0.584753
0.141342 0.004044 0.582133
0.140837 0.012506 0.585665
0.133858 0.007697 0.585396
0.137804 0.006313 0.588627
0.138222 0.004913 0.590847
0.137497 0.003706 0.591396
0.141188 -0.001702 0.586539
0.141928 0.002776 0.590133
0.142183 0.003732 0.588151
0.138388 0.004534 0.591587
0.136085 0.009090 0.587647
0.141415 0.004474 0.587273
0.141773 0.005359 0.586768
0.144561 0.009628 0.592461
0.141894 0.004933 0.583985
0.144780 0.006710 0.591929
0.138698 0.008161 0.591702
0.140679 0.006856 0.591895
0.138404 0.001065 0.590219
0.143011 0.003995 0.594246
0.141873 0.004341 0.593505
0.138910 0.009552 0.594744
0.144695 0.007511 0.594312
0.143852 0.007393 0.595401
0.146302 0.005894 0.596761
0.143648 0.010913 0.592946
0.148285 0.003850 0.602178
0.137826 0.005691 0.591376
0.147074 0.006476 0.599375
0.147461 0.009750 0.598056
0.139366 0.003865 0.599291
0.137538 0.002342 0.601402
0.142117 0.006043 0.601252
0.142288 0.007964 0.602066
0.146198 0.000731 0.604808
0.144960 -0.001526 0.594531
0.145530 0.007099 0.599574
0.147026 0.008032 0.604251
0.143170 0.004389 0.610246
0.146597 0.004054 0.599436
0.141145 0.003296 0.605761
0.147007 0.009911 0.605881
0.143362 0.008512 0.605219
0.144629 0.007288 0.603946
0.143847 0.008496 0.608002
0.139820 0.009600 0.608475
0.137357 0.007603 0.604859
0.147428 0.001941 0.606720
0.143570 0.004342 0.603837
0.138325 0.009405 0.602553
0.138962 0.003979 0.605575
0.141225 0.002330 0.606827
0.145255 0.007204 0.608311
0.145950 0.009086 0.612468
0.139177 0.007100 0.613203
0.146306 0.009215 0.607812
0.140605 0.009242 0.614027
0.139570 0.002236 0.609486
0.136767 0.009330 0.614916
0.138983 0.007405 0.609798
0.136943 0.004459 0.612441
0.135693 0.008741 0.613830
0.137002 0.005001 0.616744
0.141137 0.002638 0.616614
0.134818 -0.001652 0.618485
0.142275 0.004221 0.617033
0.135345 0.002805 0.611744
0.142899 0.001074 0.617211
0.145502 0.008361 0.618424
0.139175 0.004456 0.616163
0.138773 0.004744 0.618554
0.138637 0.006847 0.613069
0.138243 0.004594 0.615443
0.134761 0.008359 0.619749
0.140914 0.008663 0.616787
0.137576 0.003993 0.620902
0.136135 0.007715 0.618378
0.137214 0.004206 0.618590
0.137364 0.004442 0.618170
0.138280 0.010000 0.622535
0.135944 0.011658 0.618732
0.135580 0.009301 0.625088
0.134555 0.005577 0.620016
0.138310 0.003240 0.622400
0.133861 0.003801 0.622858
0.131938 0.009016 0.621612
0.136185 0.006523 0.629360
0.132589 0.003502 0.619399
0.132498 0.005875 0.619578
0.136153 0.005592 0.629251
0.127991 0.004176 0.626348
0.132352 0.004513 0.626611
0.136363 0.009369 0.625987
0.139504 -0.000631 0.629328
0.132363 0.010896 0.626313
0.128883 0.004257 0.628588
0.127058 0.011062 0.629550
0.128759 0.008961 0.633536
0.131206 0.002938 0.624871
0.128791 0.012311 0.631784
0.130153 0.007669 0.633203
0.132286 0.008241 0.625926
0.124542 0.000818 0.629264
0.131935 0.002458 0.632560
0.121181 0.004815 0.633320
0.124538 0.000237 0.632949
0.122470 0.009172 0.634725
0.128467 0.011091 0.632992
0.131843 0.003016 0.629919
0.125528 0.004109 0.633383
0.127523 0.000008 0.630532
0.119376 0.017503 0.629385
0.125432 0.010537 0.634417
0.127976 0.006186 0.635045
0.123789 0.001880 0.636819
0.125887 0.004988 0.635093
0.125107 0.003101 0.632089
0.125145 0.002995 0.635796
0.127125 0.009484 0.634528
0.119844 0.003389 0.632264
0.120100 0.009393 0.632992
0.117062 0.008613 0.636934
0.119657 0.004438 0.638930
0.116741 0.010201 0.560200
0.124676 0.005984 0.569738
0.122761 0.011312 0.565647
0.124278 0.011147 0.563205
0.125785 0.012450 0.561715
0.120597 0.009861 0.558211
0.126176 0.008259 0.564319
0.126174 0.004857 0.565180
0.126657 0.007372 0.566627
0.123567 0.007471 0.564244
0.128216 0.009917 0.567554
0.126848 0.011773 0.567631
0.125205 0.007992 0.564134
0.128728 0.013396 0.568273
0.126321 0.012626 0.565798
0.126597 0.013108 0.569076
0.127160 0.008918 0.569608
0.127087 0.010575 0.568201
0.125796 0.009923 0.569235
0.122518 0.008054 0.572149
0.130622 0.010188 0.566459
0.126390 0.008323 0.571024
0.131981 0.006819 0.566675
0.134475 0.012510 0.567009
0.135033 0.007545 0.575481
0.132229 0.006851 0.569608
0.129134 0.010944 0.573262
0.132244 0.009415 0.573982
0.132525 0.010698 0.574599
0.128845 0.007747 0.574775
0.133405 0.006274 0.560863
0.136402 0.006805 0.571962
0.133841 0.009139 0.575289
0.131417 0.009182 0.568562
0.133665 0.015528 0.576893
0.138288 0.011907 0.572805
0.134209 0.011306 0.577421
0.133306 0.009020 0.570079
0.133269 0.007623 0.573417
0.136763 0.004111 0.581035
0.136427 0.011828 0.577062
0.131515 0.009487 0.581803
0.138004 0.011549 0.574397
0.135175 0.011264 0.577047
0.132367 0.007060 0.577991
0.134733 0.012951 0.574111
0.133870 0.014062 0.583544
0.132891 0.008987 0.575198
0.141621 0.007406 0.577769
0.141864 0.007534 0.580327
0.141746 0.013923 0.577113
0.137601 0.008602 0.581513
0.139351 0.003267 0.579393
0.143194 0.004619 0.580991
0.135703 0.013163 0.582898
0.139120 0.004814 0.580757
0.139648 0.008476 0.583428
0.139798 0.008532 0.581886
0.143942 0.005165 0.581500
0.143300 0.015213 0.584686
0.139943 0.014042 0.581053
0.140869 0.005964 0.584294
0.138142 0.011091 0.592447
0.139733 0.007431 0.589099
0.143970 0.007341 0.586042
0.139181 0.006327 0.588313
0.144270 0.008811 0.589762
0.136254 0.004717 0.590776
0.144129 0.013728 0.591644
0.140524 0.010570 0.589689
0.139044 0.012119 0.592677
0.143816 0.004154 0.591507
0.143465 0.014311 0.595054
0.143074 0.006062 0.593758
0.144460 0.005183 0.587493
0.138177 0.009703 0.595865
0.142574 0.015024 0.591872
0.147202 0.008608 0.591346
0.142264 0.004811 0.594472
0.143852 0.008173 0.596743
0.138180 0.011902 0.594426
0.143916 0.004360 0.594045
0.146755 0.007739 0.592860
0.136320 0.009515 0.599496
0.145560 0.005004 0.598354
0.141369 0.006243 0.593927
0.147500 0.011748 0.596909
0.143852 0.009016 0.599184
0.137902 0.012504 0.596994
0.141698 0.008540 0.601506
0.144746 0.008535 0.598807
0.143287 0.006498 0.601390
0.139478 0.010768 0.608226
0.137705 0.000446 0.599587
0.141985 0.009621 0.598848
0.141527 0.009438 0.600184
0.144899 0.012684 0.600278
0.144634 0.006872 0.603952
0.145192 0.008457 0.606633
0.151133 0.015839 0.605213
0.141423 0.010126 0.607846
0.140122 0.011718 0.608442
0.144257 0.007882 0.609572
0.141967 0.009149 0.610363
0.144541 0.011250 0.602194
0.136024 0.008675 0.604615
0.137532 0.009944 0.607943
0.143600 0.014462 0.606868
0.140527 0.006691 0.606645
0.146702 0.011502 0.610657
0.139491 0.007923 0.606953
0.141526 0.006680 0.611056
0.143057 0.008708 0.614217
0.140593 0.009334 0.613598
0.136776 0.011083 0.607179
0.139243 0.008732 0.615373
0.136882 0.013748 0.612753
0.143452 0.010368 0.622392
0.139745 0.004750 0.614365
0.139837 0.010478 0.610013
0.140798 0.011400 0.613216
0.139517 0.008760 0.618344
0.148634 0.011300 0.613984
0.135609 0.006827 0.614465
0.140600 0.010403 0.617758
0.140056 0.010888 0.614139
0.139856 0.005605 0.615005
0.135607 0.010515 0.619057
0.135541 0.008849 0.616928
0.140193 0.009434 0.618585
0.142934 0.009229 0.614967
0.133627 0.010673 0.619950
0.138328 0.006455 0.619502
0.132714 0.010211 0.621090
0.136194 0.008356 0.619276
0.142270 0.018509 0.623131
0.139831 0.003987 0.625912
0.137259 0.009466 0.624611
0.138915 0.008555 0.620000
0.134022 0.005293 0.624673
0.135951 0.013929 0.617922
0.136883 0.010787 0.629528
0.137104 0.008305 0.623124
0.139110 0.007575 0.625620
0.133718 0.007797 0.624417
0.136065 0.005793 0.625634
0.133760 0.001827 0.621543
0.132412 0.010383 0.621679
0.132255 0.015805 0.622978
0.130531 0.009920 0.634702
0.129851 0.005745 0.628774
0.133607 0.008695 0.629979
0.133335 0.012309 0.629978
0.132708 0.010303 0.628201
0.127780 0.014252 0.631062
0.133215 0.009511 0.632292
0.130082 0.009950 0.632629
0.134498 0.006575 0.628329
0.133434 0.010344 0.628061
0.125853 0.009645 0.624255
0.132064 0.013319 0.636075
0.132053 0.010533 0.631272
0.130178 0.001513 0.629428
0.129680 0.010378 0.632342
0.125893 0.010830 0.630392
0.126043 0.007172 0.631280
0.124181 0.005718 0.631400
0.125661 0.012559 0.637697
0.125571 0.004483 0.640238
0.126548 0.009431 0.627928
0.129913 0.008728 0.629145
0.131081 0.009349 0.637791
0.120044 0.002393 0.631384
0.120062 0.009194 0.636711
0.123211 0.009921 0.634585
0.122299 0.008803 0.636871
0.121120 0.011696 0.632224
0.118730 0.006943 0.638203
0.124856 0.009361 0.635228
0.122734 0.010351 0.635543
0.121844 0.015916 0.565824
0.120036 0.012165 0.564166
0.123581 0.011604 0.562818
0.116428 0.008880 0.560315
0.122534 0.012046 0.564766
0.122946 0.017164 0.566075
0.127743 0.015016 0.562797
0.118679 0.014830 0.563047
0.128990 0.011023 0.564980
0.125209 0.013802 0.563429
0.126219 0.007415 0.563560
0.129644 0.017558 0.559714
0.130309 0.010498 0.567532
0.122557 0.015330 0.569025
0.127357 0.010678 0.565834
0.123715 0.008768 0.566010
0.132951 0.009206 0.565881
0.124198 0.010671 0.568652
0.127316 0.007465 0.565094
0.127665 0.011304 0.566787
0.127387 0.008449 0.568205
0.131279 0.017256 0.570285
0.134664 0.006968 0.573582
0.127853 0.017486 0.577535
0.127133 0.014812 0.569853
0.133054 0.010146 0.565686
0.134428 0.011895 0.568884
0.136338 0.012532 0.565622
0.132105 0.014444 0.574702
0.138522 0.010665 0.568966
0.134439 0.014804 0.573485
0.134380 0.006327 0.571168
0.135503 0.008525 0.574420
0.129771 0.009113 0.574196
0.133930 0.012618 0.573914
0.129425 0.016969 0.575154
0.134027 0.006315 0.573702
0.129664 0.010232 0.573463
0.135719 0.014796 0.576266
0.138743 0.013694 0.575208
0.137535 0.013728 0.582087
0.132664 0.012325 0.575991
0.140578 0.014691 0.572531
0.138965 0.011724 0.579739
0.132409 0.016210 0.582341
0.135015 0.014367 0.579013
0.136981 0.013218 0.589180
0.136293 0.016328 0.579372
0.132034 0.007757 0.584387
0.140187 0.007968 0.583329
0.137961 0.013544 0.586259
0.140061 0.009779 0.583355
0.136946 0.009744 0.576941
0.140099 0.006683 0.581048
0.139954 0.014191 0.585761
0.137670 0.004691 0.579190
0.140025 0.009167 0.578220
0.134682 0.009117 0.587945
0.140454 0.013700 0.584388
0.135965 0.010467 0.583205
0.134186 0.011578 0.586070
0.136221 0.011382 0.583074
0.135870 0.015092 0.584194
0.140408 0.012857 0.589242
0.139866 0.011279 0.590087
0.139577 0.012452 0.593533
0.142634 0.005679 0.591280
0.140235 0.008535 0.589759
0.144787 0.011510 0.593314
0.142712 0.017909 0.589374
0.147329 0.007231 0.591513
0.144351 0.008939 0.597913
0.139996 0.011519 0.586698
0.145077 0.015109 0.593458
0.145426 0.012162 0.596711
0.139998 0.012240 0.589650
0.141257 0.009098 0.593157
0.141729 0.010666 0.593124
0.137310 0.012267 0.595799
0.140283 0.008293 0.594818
0.140285 0.008650 0.593326
0.143778 0.009374 0.593802
0.139629 0.014394 0.597066
0.140389 0.008993 0.594971
0.140874 0.015767 0.593825
0.144597 0.007756 0.595618
0.142670 0.017508 0.599513
0.142692 0.015427 0.600375
0.140779 0.014689 0.601662
0.140746 0.011220 0.601991
0.141153 0.014276 0.602998
0.147292 0.012915 0.600811
0.139299 0.013042 0.599547
0.139933 0.011360 0.602688
0.143706 0.011230 0.598997
0.143893 0.010772 0.604437
0.140709 0.015350 0.603882
0.141141 0.015048 0.602951
0.145293 0.012082 0.606308
0.140687 0.007655 0.604985
0.142320 0.015828 0.604395
0.139471 0.015368 0.604989
0.142943 0.014776 0.606239
0.141724 0.018134 0.607199
0.142815 0.006811 0.600803
0.142973 0.015255 0.605491
0.140329 0.008538 0.613838
0.145042 0.011717 0.611507
0.146649 0.014956 0.611116
0.140852 0.016194 0.604421
0.138702 0.016381 0.607287
0.140182 0.012523 0.610092
0.135750 0.010892 0.612869
0.144037 0.008860 0.608216
0.137728 0.008864 0.610182
0.142998 0.015838 0.612746
0.141867 0.008708 0.612985
0.134232 0.011413 0.611167
0.140785 0.017765 0.609622
0.138908 0.013905 0.614886
0.141427 0.012483 0.622185
0.140234 0.009149 0.619371
0.142547 0.015076 0.613896
0.139490 0.014648 0.616143
0.142134 0.006995 0.616463
0.140686 0.008955 0.617881
0.132736 0.017411 0.618111
0.136820 0.019083 0.622567
0.134934 0.013686 0.618795
0.136383 0.011713 0.621234
0.136022 0.012870 0.619514
0.136622 0.011978 0.620916
0.136665 0.012608 0.616202
0.136922 0.007580 0.615489
0.137840 0.011834 0.622006
0.133936 0.009225 0.617725
0.143045 0.008967 0.616606
0.136915 0.013330 0.627778
0.134099 0.017422 0.626884
0.137831 0.009134 0.629328
0.137252 0.016140 0.624617
0.130851 0.010463 0.626793
0.139198 0.015433 0.627603
0.136735 0.010047 0.619302
0.134886 0.013956 0.623593
0.134761 0.014267 0.625592
0.135799 0.007977 0.625506
0.138095 0.011066 0.629935
0.126064 0.016015 0.624282
0.134329 0.004813 0.627353
0.133824 0.013266 0.625757
0.134153 0.010283 0.625949
0.131567 0.010675 0.628786
0.132944 0.016556 0.624669
0.128558 0.015089 0.627646
0.133098 0.013743 0.628076
0.129219 0.012333 0.625497
0.127668 0.007087 0.629630
0.131018 0.012750 0.630170
0.128874 0.011146 0.630130
0.130047 0.013052 0.625216
0.134236 0.009950 0.629175
0.130027 0.011324 0.635369
0.124796 0.016148 0.630404
0.125494 0.011949 0.636810
0.125226 0.016445 0.636886
0.121084 0.011906 0.637641
0.127025 0.010160 0.632782
0.127077 0.010947 0.629790
0.130312 0.015946 0.632360
0.123375 0.010141 0.632558
0.123823 0.018544 0.639108
0.128993 0.012685 0.632692
0.118742 0.010919 0.632361
0.123090 0.011056 0.635809
0.127935 0.012063 0.632535
0.124564 0.008314 0.635624
0.115876 0.016740 0.635411
0.121164 0.006789 0.644868
0.120995 0.012997 0.636573
0.123452 0.016342 0.559734
0.124330 0.021680 0.559384
0.122286 0.017822 0.566408
0.121728 0.016710 0.556596
0.117532 0.019213 0.568580
0.119417 0.012924 0.566222
0.127666 0.016848 0.566861
0.121241 0.010476 0.565720
0.119965 0.018109 0.564541
0.134693 0.018689 0.567282
0.124849 0.012471 0.567471
0.121745 0.014736 0.562647
0.135286 0.012152 0.566669
0.126166 0.020897 0.565572
0.125060 0.016959 0.567905
0.127128 0.018932 0.568342
0.128636 0.013625 0.564702
0.119106 0.012393 0.564990
0.129882 0.017430 0.568294
0.125037 0.014740 0.564812
0.129999 0.019591 0.569689
0.128531 0.019100 0.567791
0.130776 0.025282 0.569247
0.129547 0.019510 0.571276
0.135725 0.017100 0.567859
0.131934 0.016256 0.567053
0.135086 0.011799 0.571246
0.132795 0.021684 0.575678
0.129939 0.018615 0.578847
0.133109 0.017351 0.572383
0.133954 0.019274 0.574035
0.131582 0.015529 0.573125
0.136192 0.018310 0.570513
0.141599 0.009914 0.572327
0.127151 0.018927 0.572746
0.136615 0.016564 0.574208
0.132956 0.015699 0.573556
0.132432 0.021317 0.566831
0.129557 0.011153 0.573245
0.132301 0.021549 0.580189
0.134895 0.018473 0.580791
0.136983 0.018530 0.574055
0.130637 0.017011 0.579773
0.132092 0.020059 0.579569
0.137787 0.015226 0.583142
0.130921 0.014910 0.579430
0.136688 0.016679 0.574382
0.134135 0.016204 0.573827
0.137282 0.020345 0.574148
0.136364 0.012153 0.576008
0.136483 0.015525 0.583427
0.141792 0.020049 0.578906
0.141785 0.012710 0.579256
0.145342 0.010510 0.586856
0.138303 0.016969 0.580759
0.139653 0.016131 0.583278
0.139114 0.016952 0.581158
0.140842 0.017946 0.577519
0.138533 0.015865 0.585650
0.141797 0.015368 0.585641
0.141606 0.015501 0.583713
0.138806 0.020677 0.583557
0.134281 0.019527 0.587672
0.130128 0.012143 0.587205
0.137780 0.015407 0.587118
0.141243 0.015586 0.586316
0.144860 0.012654 0.589953
0.137494 0.013805 0.585125
0.139746 0.017391 0.591938
0.136955 0.014236 0.586769
0.140465 0.021742 0.588617
0.141286 0.018041 0.588701
0.139712 0.016489 0.589301
0.144083 0.014426 0.589075
0.142488 0.012162 0.592061
0.137770 0.019664 0.588118
0.136615 0.015277 0.594655
0.146362 0.013465 0.594301
0.141378 0.018736 0.595029
0.142919 0.013068 0.589733
0.139479 0.018709 0.594446
0.148091 0.021040 0.591187
0.140297 0.018964 0.597940
0.140710 0.013144 0.599242
0.145965 0.015421 0.595896
0.144071 0.011029 0.596506
0.140662 0.015597 0.596011
0.146052 0.016511 0.602043
0.139278 0.014392 0.592805
0.145212 0.017673 0.598838
0.139969 0.010306 0.602242
0.149402 0.014521 0.604292
0.137558 0.019015 0.601321
0.141233 0.012288 0.602849
0.140551 0.019748 0.601840
0.140589 0.015446 0.601869
0.144506 0.012368 0.603587
0.144186 0.016882 0.606835
0.144841 0.010570 0.602468
0.141557 0.020207 0.602402
0.143332 0.016874 0.608429
0.146170 0.013433 0.609120
0.140469 0.019042 0.597686
0.149177 0.018400 0.606727
0.144698 0.016944 0.607229
0.142927 0.022476 0.610929
0.138064 0.013260 0.612067
0.142194 0.015451 0.610110
0.142854 0.012844 0.611200
0.139424 0.019280 0.610059
0.140446 0.023243 0.610033
0.138612 0.011063 0.606736
0.143205 0.015736 0.614340
0.144274 0.011113 0.613294
0.134634 0.011351 0.617956
0.136619 0.019749 0.611161
0.143521 0.017601 0.613356
0.143532 0.011465 0.610573
0.144712 0.015709 0.617439
0.139379 0.020508 0.613815
0.139370 0.019535 0.611269
0.141050 0.013670 0.615757
0.146858 0.009277 0.610986
0.138467 0.012655 0.609475
0.139153 0.014301 0.616432
0.138863 0.014747 0.618164
0.136781 0.015749 0.617315
0.134077 0.013142 0.616484
0.140391 0.017681 0.616174
0.132210 0.007341 0.621138
0.138510 0.020347 0.617351
0.138586 0.015302 0.617891
0.140832 0.013699 0.619044
0.133020 0.016834 0.619749
0.138451 0.016663 0.620005
0.132732 0.016453 0.619023
0.142174 0.011194 0.618617
0.136907 0.018341 0.624571
0.134132 0.018408 0.617968
0.138910 0.015947 0.625390
0.138511 0.020195 0.625692
0.135019 0.015464 0.618661
0.132528 0.014526 0.622194
0.136422 0.018998 0.630537
0.131487 0.014350 0.626128
0.129241 0.018360 0.623523
0.135278 0.016921 0.621258
0.130207 0.014323 0.623409
0.133370 0.018614 0.633778
0.136153 0.013720 0.628983
0.130556 0.012310 0.633240
0.138511 0.016401 0.629204
0.129166 0.015184 0.635039
0.130223 0.010015 0.632920
0.131494 0.011493 0.627386
0.133357 0.012034 0.629063
0.131118 0.017150 0.623106
0.132194 0.010813 0.631324
0.126083 0.009193 0.630126
0.127524 0.019883 0.636389
0.132091 0.019754 0.628295
0.127201 0.014562 0.627748
0.127426 0.019081 0.627859
0.129214 0.011981 0.632842
0.121882 0.015974 0.626666
0.131272 0.012846 0.635834
0.127379 0.015288 0.627913
0.128144 0.017894 0.636361
0.115935 0.013034 0.644930
0.122183 0.014876 0.633615
0.116748 0.015928 0.628260
0.123097 0.015584 0.630911
0.121650 0.017971 0.640705
0.117621 0.020259 0.626679
0.122158 0.017026 0.630927
0.123937 0.014280 0.635105
0.118214 0.017809 0.635635
0.121884 0.016428 0.641503
0.121564 0.013269 0.641070
0.123112 0.018713 0.639341
0.122980 0.017104 0.558974
0.116950 0.021486 0.567356
0.122811 0.016095 0.560338
0.120701 0.024107 0.564914
0.121418 0.018203 0.565859
0.120524 0.016754 0.571342
0.125176 0.020442 0.563560
0.123627 0.019014 0.563128
0.125662 0.015429 0.560897
0.128437 0.024087 0.565297
0.126048 0.022297 0.565019
0.122450 0.019682 0.560304
0.126566 0.019846 0.561459
0.125577 0.017472 0.564565
0.131575 0.017189 0.565666
0.127967 0.019180 0.566799
0.131828 0.021664 0.569858
0.130312 0.025483 0.570252
0.127488 0.011766 0.565664
0.129001 0.023652 0.563500
0.124697 0.013685 0.569177
0.134234 0.023017 0.571679
0.125340 0.024931 0.570603
0.128190 0.018502 0.566437
0.129694 0.020114 0.566467
0.129684 0.023072 0.568519
0.132972 0.025546 0.569680
0.130783 0.019504 0.575052
0.132626 0.021801 0.574287
0.130447 0.020016 0.571273
0.132025 0.018527 0.569886
0.129214 0.025826 0.572807
0.133364 0.020705 0.565297
0.133011 0.023315 0.572934
0.134208 0.015235 0.579703
0.131843 0.019859 0.572962
0.132532 0.018981 0.573573
0.138385 0.022213 0.574085
0.129640 0.015058 0.576478
0.131844 0.018041 0.574630
0.141739 0.020592 0.575488
0.135988 0.020508 0.573313
0.136081 0.022686 0.579217
0.138873 0.018832 0.577987
0.135625 0.015258 0.578016
0.137872 0.014385 0.579495
0.138107 0.011656 0.581101
0.135073 0.017456 0.580067
0.139521 0.019160 0.579271
0.139889 0.018489 0.581510
0.140841 0.020111 0.579051
0.140159 0.013742 0.579975
0.134825 0.016210 0.583506
0.139483 0.022040 0.577220
0.137818 0.015277 0.584292
0.136945 0.019322 0.582847
0.132627 0.023646 0.581116
0.137317 0.020636 0.580419
0.139884 0.022819 0.581791
0.137889 0.023919 0.592546
0.141484 0.018820 0.583195
0.141518 0.017817 0.583298
0.141130 0.017429 0.583644
0.140284 0.018825 0.588389
0.141138 0.019884 0.583646
0.143976 0.020233 0.584477
0.141359 0.015282 0.586870
0.132408 0.017104 0.587807
0.142511 0.015158 0.588323
0.141507 0.015707 0.586982
0.142548 0.016064 0.588609
0.139752 0.020325 0.592017
0.143553 0.018259 0.590223
0.139871 0.019012 0.591121
0.139950 0.017629 0.595785
0.142526 0.020163 0.593205
0.138923 0.020999 0.590025
0.141989 0.021187 0.596535
0.142465 0.017976 0.595985
0.138735 0.019094 0.593233
0.139874 0.013885 0.592795
0.142404 0.022418 0.594712
0.144694 0.016700 0.594890
0.142914 0.019488 0.592465
0.144184 0.019250 0.597423
0.139167 0.019375 0.593310
0.143011 0.016296 0.598545
0.138961 0.020712 0.598679
0.145172 0.016839 0.596219
0.140237 0.017689 0.601147
0.143272 0.020286 0.600866
0.142379 0.018646 0.602195
0.144729 0.026547 0.597513
0.138754 0.017486 0.593584
0.143534 0.024435 0.599440
0.142134 0.018632 0.602027
0.138775 0.014542 0.604995
0.138860 0.019308 0.608596
0.139664 0.020029 0.608060
0.142337 0.015674 0.602926
0.139611 0.021047 0.600195
0.144642 0.017940 0.603486
0.141883 0.021188 0.607552
0.147798 0.020064 0.605328
0.138999 0.019415 0.608256
0.141397 0.011630 0.607992
0.137857 0.019466 0.607888
0.136267 0.017843 0.610256
0.138579 0.020965 0.609160
0.141305 0.025055 0.609956
0.141395 0.019833 0.615323
0.144966 0.021881 0.611336
0.137134 0.022712 0.612469
0.142523 0.017734 0.612884
0.143522 0.016828 0.613784
0.141681 0.022751 0.613653
0.137812 0.017101 0.608963
0.147103 0.015518 0.609740
0.141850 0.023124 0.617405
0.142252 0.018172 0.616024
0.139862 0.015216 0.614261
0.139690 0.019742 0.615628
0.141493 0.020845 0.615560
0.140398 0.019806 0.613771
0.132720 0.018223 0.617747
0.136990 0.023780 0.618000
0.137789 0.018786 0.611544
0.139708 0.019816 0.617208
0.138243 0.016694 0.618771
0.138076 0.022250 0.612612
0.132928 0.017478 0.620450
0.136786 0.019428 0.620414
0.134931 0.015728 0.622632
0.137035 0.019351 0.614426
0.139900 0.014972 0.625103
0.134089 0.020600 0.622573
0.138801 0.024586 0.619662
0.135578 0.018315 0.621179
0.131963 0.020346 0.626421
0.134360 0.018513 0.623421
0.133385 0.013658 0.621170
0.140427 0.016673 0.619785
0.137285 0.015978 0.628581
0.134888 0.017119 0.629142
0.132955 0.021887 0.624170
0.138783 0.017185 0.629998
0.130534 0.018440 0.626566
0.135553 0.017719 0.626481
0.126115 0.017629 0.628594
0.134566 0.020461 0.627195
0.131926 0.018946 0.629057
0.136101 0.017418 0.624183
0.132240 0.018877 0.630904
0.128741 0.019881 0.629205
0.134046 0.018156 0.632521
0.130431 0.021474 0.630368
0.132309 0.016939 0.629931
0.129366 0.016416 0.627741
0.128013 0.022098 0.632264
0.127505 0.019248 0.635548
0.130284 0.019583 0.626724
0.129173 0.019001 0.632445
0.127319 0.015955 0.628927
0.125572 0.015434 0.628942
0.127298 0.013911 0.630528
0.129766 0.020685 0.641663
0.121271 0.019220 0.629906
0.130427 0.016152 0.632563
0.124010 0.020491 0.634142
0.125128 0.018892 0.625253
0.124576 0.016460 0.631835
0.121165 0.018598 0.634673
0.125038 0.019149 0.640073
0.123248 0.017323 0.639450
0.120422 0.021878 0.635495
0.123418 0.022031 0.634118
0.126683 0.021041 0.639089
0.117171 0.018125 0.639924
0.120536 0.019992 0.636299
0.123799 0.020555 0.635950
0.117355 0.022022 0.562856
0.120640 0.023973 0.563672
0.126137 0.023249 0.563588
0.123555 0.024431 0.564197
0.125299 0.024410 0.566583
0.120768 0.016551 0.563099
0.128119 0.025553 0.563131
0.126971 0.023571 0.564035
0.127762 0.021169 0.562667
0.122986 0.026168 0.569935
0.123398 0.027287 0.570543
0.122621 0.021886 0.563134
0.122295 0.019645 0.563961
0.127628 0.022618 0.567042
0.127276 0.022819 0.567147
0.127157 0.024628 0.564220
0.124919 0.021571 0.568007
0.130446 0.018161 0.565732
0.127285 0.021939 0.565984
0.127295 0.026099 0.576157
0.135312 0.020357 0.567898
0.131415 0.023807 0.575595
0.133661 0.022171 0.569160
0.130542 0.023040 0.570022
0.131113 0.017644 0.571383
0.128567 0.021955 0.571168
0.128828 0.026245 0.566435
0.138966 0.017754 0.570087
0.129663 0.020412 0.572533
0.131658 0.020711 0.567108
0.135668 0.018318 0.573056
0.134424 0.018460 0.570521
0.132776 0.019002 0.577179
0.133414 0.023715 0.572634
0.135328 0.021173 0.574697
0.130768 0.021770 0.575800
0.128977 0.021386 0.582943
0.133259 0.028641 0.571025
0.136000 0.025485 0.578399
0.138062 0.021170 0.578632
0.133095 0.022356 0.572003
0.132732 0.027395 0.577241
0.137763 0.020146 0.579064
0.136763 0.019550 0.577047
0.129905 0.021555 0.575833
0.134083 0.022144 0.572847
0.136286 0.022310 0.578552
0.138169 0.020650 0.580784
0.135877 0.021070 0.583779
0.134102 0.028693 0.584974
0.142789 0.021268 0.580083
0.140095 0.019052 0.579900
0.137463 0.028166 0.581022
0.140341 0.025392 0.583565
0.133656 0.018363 0.582248
0.140471 0.017931 0.579286
0.138869 0.021357 0.588646
0.139764 0.022199 0.582366
0.139347 0.017768 0.586428
0.136850 0.025142 0.579526
0.139493 0.018226 0.587501
0.141791 0.022325 0.588517
0.137985 0.017614 0.586066
0.140240 0.020559 0.586942
0.141512 0.020508 0.590568
0.135206 0.022140 0.592968
0.137235 0.019194 0.583806
0.138207 0.020403 0.588911
0.135393 0.020778 0.588978
0.138372 0.028225 0.588447
0.142942 0.023981 0.593109
0.145967 0.025110 0.585013
0.146526 0.019786 0.588406
0.142667 0.028631 0.593427
0.140637 0.019408 0.592992
0.140817 0.021284 0.593339
0.143928 0.023572 0.591748
0.138570 0.026365 0.592840
0.142057 0.017590 0.590255
0.148801 0.023166 0.598156
0.142855 0.023557 0.594049
0.138125 0.024440 0.594386
0.147555 0.028104 0.591334
0.143107 0.019770 0.593830
0.143446 0.023878 0.592791
0.141258 0.023798 0.596720
0.141664 0.024249 0.601706
0.143582 0.021090 0.597115
0.140248 0.020230 0.595911
0.141724 0.022075 0.599215
0.134218 0.017851 0.605377
0.143389 0.022227 0.599041
0.140604 0.023769 0.602866
0.141506 0.024098 0.607122
0.144324 0.024352 0.602864
0.142354 0.023530 0.596205
0.143770 0.028047 0.603567
0.142086 0.022891 0.604111
0.141094 0.019831 0.606289
0.143081 0.023223 0.603517
0.139626 0.016902 0.604500
0.140065 0.018204 0.607438
0.147551 0.022252 0.606650
0.147863 0.025932 0.607435
0.139057 0.022003 0.612852
0.143353 0.023495 0.604417
0.143666 0.020210 0.608122
0.142647 0.025359 0.605848
0.142756 0.021909 0.611423
0.142829 0.022376 0.610590
0.143139 0.018051 0.613689
0.146506 0.022185 0.608281
0.142851 0.024216 0.610224
0.140156 0.022860 0.604852
0.138570 0.025690 0.613842
0.140447 0.021189 0.608211
0.144466 0.015517 0.615200
0.142260 0.022060 0.614717
0.142110 0.023978 0.615530
0.141637 0.020580 0.614842
0.135696 0.024190 0.610211
0.138153 0.019461 0.619476
0.136495 0.019548 0.609016
0.140869 0.021265 0.610188
0.140405 0.023523 0.613993
0.137472 0.022625 0.618451
0.138584 0.019661 0.618620
0.132357 0.026634 0.619517
0.144718 0.018714 0.623408
0.140694 0.025072 0.619911
0.134677 0.018894 0.610304
0.136764 0.018761 0.621984
0.134831 0.016359 0.621039
0.134762 0.019742 0.615741
0.135793 0.020244 0.623737
0.134861 0.020896 0.625209
0.135771 0.024342 0.624771
0.134689 0.027460 0.622672
0.138239 0.022702 0.624819
0.135371 0.027863 0.624412
0.132070 0.024941 0.620560
0.138987 0.023276 0.624670
0.138382 0.021327 0.627689
0.127297 0.022089 0.625854
0.134381 0.025340 0.629299
0.133902 0.023303 0.622589
0.134803 0.020830 0.624319
0.136386 0.026613 0.618550
0.132697 0.024965 0.622617
0.135250 0.014243 0.630339
0.136678 0.018170 0.622903
0.132098 0.022900 0.626202
0.133477 0.017598 0.627767
0.133512 0.021512 0.628931
0.131729 0.019383 0.628874
0.127835 0.017827 0.628065
0.129306 0.030993 0.632457
0.131027 0.021692 0.628271
0.124464 0.024837 0.629745
0.129816 0.022279 0.626747
0.131521 0.025681 0.630153
0.130839 0.019458 0.629873
0.125334 0.025052 0.632759
0.126425 0.026109 0.634827
0.129694 0.024775 0.637654
0.125539 0.020702 0.633486
0.123177 0.018136 0.631195
0.125384 0.025041 0.631326
0.125165 0.026342 0.635422
0.123350 0.023030 0.633914
0.119497 0.023656 0.634921
0.124414 0.027180 0.631575
0.125817 0.019429 0.632672
0.127045 0.024433 0.632922
0.124956 0.020190 0.637152
0.125266 0.023149 0.636075
0.117927 0.021071 0.638142
0.118966 0.021049 0.633643
0.119322 0.024675 0.640221
0.119495 0.018847 0.638566
0.118235 0.018963 0.562925
0.125034 0.027200 0.563030
0.122472 0.026181 0.561419
0.123644 0.026561 0.565212
0.120527 0.022951 0.567227
0.122524 0.021956 0.563469
0.122864 0.030176 0.568695
0.122241 0.030381 0.566031
0.125087 0.028298 0.566552
0.127831 0.026118 0.564376
0.121776 0.021051 0.569381
0.129692 0.025018 0.560195
0.124093 0.027190 0.569133
0.125110 0.028466 0.565106
0.123842 0.025386 0.567435
0.122969 0.030096 0.570419
0.123309 0.028569 0.565279
0.131502 0.026154 0.569414
0.137298 0.025950 0.564860
0.132003 0.025148 0.572036
0.136343 0.023680 0.566277
0.124321 0.023187 0.562851
0.124022 0.023365 0.564083
0.130458 0.025532 0.572158
0.134694 0.023175 0.573016
0.127644 0.021558 0.571509
0.128888 0.026855 0.574123
0.130570 0.024465 0.572906
0.130946 0.029569 0.573366
0.134239 0.026780 0.574026
0.130312 0.026995 0.571971
0.137393 0.022796 0.576469
0.130975 0.024310 0.572638
0.131516 0.025709 0.573805
0.140831 0.024241 0.575785
0.133526 0.027517 0.577524
0.134820 0.024318 0.575102
0.138057 0.027403 0.578351
0.128644 0.029896 0.574803
0.134133 0.027427 0.577379
0.134789 0.026411 0.579321
0.138664 0.022031 0.575123
0.131931 0.025627 0.578217
0.137510 0.027125 0.571528
0.141064 0.023734 0.580506
0.138119 0.028786 0.580236
0.139439 0.024268 0.580629
0.143549 0.027405 0.579570
0.136189 0.026995 0.580151
0.138324 0.022917 0.583128
0.135971 0.025211 0.587859
0.140012 0.022660 0.579403
0.136466 0.022983 0.583725
0.138960 0.022438 0.577633
0.135304 0.029794 0.581025
0.139246 0.026392 0.584770
0.137607 0.027497 0.584524
0.139692 0.025626 0.581378
0.140427 0.023238 0.585576
0.139837 0.023664 0.586119
0.138481 0.024156 0.587970
0.138263 0.028951 0.583229
0.140632 0.024651 0.587503
0.140278 0.028967 0.587871
0.144266 0.026638 0.588579
0.148298 0.022977 0.588650
0.142347 0.023268 0.590831
0.137421 0.024957 0.586165
0.139874 0.024350 0.583777
0.139801 0.027582 0.590013
0.142919 0.021667 0.591585
0.142988 0.024070 0.591985
0.140161 0.024771 0.592868
0.143097 0.028314 0.595184
0.141404 0.025792 0.590886
0.138295 0.026517 0.594477
0.142363 0.021044 0.594831
0.137959 0.029231 0.589981
0.144797 0.029701 0.601285
0.144398 0.023543 0.592361
0.137277 0.022462 0.596727
0.144999 0.026183 0.600256
0.140272 0.026159 0.595281
0.148651 0.027312 0.595589
0.142908 0.025783 0.596071
0.143452 0.026523 0.596282
0.142814 0.028596 0.596463
0.142650 0.025563 0.600019
0.140876 0.030599 0.591191
0.140325 0.026727 0.595669
0.147466 0.027128 0.602861
0.141779 0.028764 0.602593
0.141070 0.021130 0.606220
0.140263 0.023993 0.597359
0.142944 0.026774 0.602345
0.139521 0.021227 0.603772
0.140068 0.023738 0.601971
0.141949 0.024946 0.606603
0.138695 0.022801 0.604622
0.147685 0.021255 0.606554
0.144678 0.025926 0.607472
0.147479 0.023592 0.605979
0.137745 0.018247 0.607187
0.146290 0.028472 0.611441
0.142862 0.026547 0.608588
0.142183 0.025982 0.608115
0.144908 0.022303 0.608154
0.140732 0.020205 0.612057
0.138863 0.027519 0.606849
0.145581 0.031891 0.605704
0.144220 0.032397 0.609420
0.143357 0.026606 0.610024
0.140258 0.028064 0.608693
0.137452 0.028734 0.615102
0.139801 0.025847 0.613339
0.143585 0.028564 0.613794
0.140339 0.028666 0.614722
0.139811 0.027414 0.611511
0.136417 0.024935 0.610373
0.142714 0.021254 0.617036
0.137993 0.025074 0.620235
0.138164 0.023648 0.618636
0.133168 0.031429 0.617531
0.141881 0.024691 0.616242
0.144060 0.026638 0.618288
0.137523 0.026241 0.613224
0.140487 0.021507 0.620667
0.139128 0.024897 0.623469
0.139078 0.026150 0.619336
0.138253 0.032392 0.616330
0.143349 0.023734 0.617197
0.135733 0.022550 0.616500
0.137295 0.025263 0.623092
0.138639 0.027026 0.619446
0.132107 0.023094 0.616973
0.137884 0.028400 0.621902
0.134458 0.027725 0.615750
0.133369 0.026405 0.624788
0.137389 0.029659 0.620353
0.134404 0.024438 0.620865
0.131541 0.024458 0.625056
0.136829 0.028943 0.626790
0.134010 0.025354 0.623720
0.136106 0.026374 0.625426
0.129933 0.026646 0.625816
0.135394 0.022036 0.628195
0.133069 0.025263 0.629525
0.134199 0.028200 0.629499
0.129415 0.030070 0.624937
0.133802 0.032479 0.629463
0.131604 0.027059 0.627053
0.132503 0.020930 0.631557
0.128750 0.027645 0.632626
0.131358 0.025794 0.623949
0.125450 0.023583 0.632742
0.131034 0.030293 0.631917
0.133508 0.026522 0.630975
0.126958 0.027016 0.626897
0.127424 0.023811 0.629923
0.131930 0.028118 0.637742
0.128374 0.025718 0.638468
0.132940 0.025640 0.633299
0.130157 0.026803 0.628473
0.128072 0.023208 0.630947
0.123641 0.025995 0.633339
0.125558 0.028150 0.630630
0.122881 0.029893 0.631085
0.123913 0.025720 0.630893
0.123031 0.026086 0.633565
0.127933 0.027045 0.636705
0.124398 0.024425 0.638004
0.121954 0.017921 0.631657
0.124374 0.028034 0.639907
0.121832 0.022978 0.632338
0.119365 0.029295 0.634222
0.117606 0.023316 0.635985
0.121567 0.024504 0.634612
0.126465 0.027034 0.637618
0.124393 0.026080 0.635802
0.126258 0.022291 0.639441
0.124052 0.029463 0.562230
0.122211 0.025382 0.563552
0.123451 0.032222 0.558875
0.113990 0.028426 0.568104
0.123077 0.028737 0.558863
0.125190 0.027322 0.560040
0.128591 0.031682 0.566172
0.121126 0.030823 0.566506
0.123317 0.027823 0.564234
0.131005 0.029034 0.566438
0.122770 0.031727 0.569195
0.129498 0.025215 0.569111
0.125987 0.030708 0.568027
0.124716 0.031157 0.567035
0.129551 0.030996 0.571870
0.125198 0.027213 0.571219
0.127518 0.025212 0.569550
0.130895 0.027188 0.567194
0.124488 0.028719 0.570524
0.126116 0.026350 0.571717
0.125308 0.028622 0.570708
0.129173 0.027324 0.568481
0.136184 0.027182 0.571319
0.128793 0.028414 0.567482
0.133840 0.032389 0.568065
0.130790 0.028447 0.570756
0.131665 0.028498 0.572778
0.130140 0.029625 0.573917
0.134738 0.031251 0.572993
0.132199 0.029664 0.570699
0.132537 0.029317 0.573910
0.135661 0.028083 0.566316
0.134424 0.026505 0.570914
0.136437 0.030132 0.575018
0.130206 0.024202 0.568969
0.134380 0.030167 0.575948
0.126956 0.027445 0.579023
0.132707 0.029280 0.578231
0.133322 0.025716 0.574631
0.134414 0.033159 0.578626
0.132793 0.030694 0.582714
0.132570 0.027555 0.581967
0.141222 0.022373 0.577223
0.137416 0.031526 0.580122
0.137224 0.023820 0.581264
0.139553 0.034956 0.581542
0.135393 0.031123 0.577311
0.137714 0.029360 0.584215
0.137108 0.034510 0.582183
0.137475 0.031134 0.583640
0.136724 0.029276 0.581525
0.142975 0.024447 0.584020
0.136141 0.027217 0.579194
0.141318 0.031368 0.578012
0.137094 0.026289 0.579407
0.139596 0.028382 0.583608
0.128285 0.028223 0.581828
0.142660 0.025782 0.585302
0.140279 0.026625 0.589407
0.142985 0.032586 0.578965
0.139611 0.034125 0.589121
0.137057 0.028135 0.587112
0.142242 0.030441 0.582230
0.145490 0.023814 0.588109
0.143422 0.028292 0.590684
0.140543 0.030695 0.589057
0.141515 0.026348 0.589624
0.141309 0.026879 0.586113
0.141699 0.027754 0.592453
0.141073 0.027854 0.586614
0.137417 0.028288 0.589414
0.140105 0.031441 0.588231
0.138091 0.026949 0.595176
0.144836 0.025025 0.587481
0.140914 0.027174 0.591859
0.137953 0.028379 0.593255
0.143839 0.017686 0.590350
0.143908 0.032398 0.592618
0.143071 0.025184 0.595228
0.143275 0.030871 0.595659
0.140946 0.034218 0.594631
0.144927 0.033963 0.598173
0.143899 0.034053 0.595832
0.138721 0.029847 0.593989
0.142414 0.026781 0.596423
0.142162 0.026394 0.592584
0.143389 0.026481 0.599537
0.142413 0.027943 0.599566
0.141431 0.031436 0.600229
0.140599 0.024854 0.600533
0.147461 0.027655 0.597611
0.141663 0.027256 0.601728
0.139973 0.028583 0.603788
0.142442 0.031591 0.601293
0.139410 0.029747 0.601896
0.144625 0.031735 0.601014
0.141545 0.030566 0.595603
0.142607 0.031482 0.604705
0.139098 0.031979 0.600732
0.147708 0.029906 0.610196
0.143581 0.030712 0.605702
0.143686 0.027612 0.608659
0.141163 0.028030 0.597476
0.141244 0.029745 0.604260
0.142909 0.032151 0.605594
0.144107 0.031779 0.605698
0.141072 0.025552 0.607270
0.147307 0.021496 0.608720
0.139666 0.028099 0.607416
0.130402 0.026339 0.615426
0.140635 0.032074 0.610377
0.136808 0.028193 0.611293
0.140309 0.027526 0.611373
0.138724 0.032846 0.613235
0.139406 0.035662 0.608651
0.140004 0.028284 0.611465
0.142371 0.024819 0.613525
0.143582 0.026613 0.614363
0.140468 0.027455 0.614077
0.139266 0.029827 0.614970
0.143678 0.029915 0.613623
0.138283 0.027803 0.620264
0.140128 0.029107 0.614344
0.135787 0.031229 0.615068
0.139747 0.028374 0.613800
0.138608 0.027676 0.613480
0.140800 0.032781 0.619285
0.137713 0.028741 0.619337
0.138367 0.030144 0.627856
0.143398 0.028768 0.616309
0.139526 0.034004 0.615441
0.137797 0.027208 0.626007
0.135448 0.030512 0.620203
0.142205 0.026603 0.618231
0.135647 0.030726 0.618967
0.138107 0.030515 0.629162
0.135575 0.029366 0.620062
0.134684 0.029385 0.616955
0.134411 0.030028 0.621236
0.133266 0.030933 0.626248
0.136009 0.031534 0.618072
0.136567 0.028716 0.626179
0.136299 0.028339 0.626769
0.137812 0.025982 0.629240
0.130780 0.028584 0.632476
0.132357 0.026788 0.623869
0.129467 0.025279 0.625881
0.136278 0.027963 0.624534
0.132193 0.028842 0.634503
0.132706 0.027952 0.628833
0.134301 0.035674 0.623495
0.133069 0.032492 0.629235
0.125717 0.029189 0.628495
0.131177 0.025418 0.622569
0.132126 0.026116 0.627478
0.132622 0.030651 0.627982
0.129851 0.030504 0.628983
0.141819 0.029084 0.627871
0.124364 0.032180 0.633118
0.124694 0.026814 0.632845
0.126431 0.029923 0.630689
0.124534 0.029438 0.631277
0.126150 0.027722 0.631711
0.120601 0.025536 0.634722
0.126565 0.028122 0.632621
0.126851 0.026901 0.635243
0.123496 0.031149 0.629273
0.126800 0.031787 0.638979
0.128859 0.026731 0.637091
0.121500 0.028154 0.635526
0.128061 0.027629 0.634220
0.130992 0.028838 0.641092
0.126801 0.022359 0.632969
0.121828 0.025634 0.631950
0.127859 0.031680 0.633719
0.121791 0.024917 0.634634
0.121663 0.030580 0.633767
0.128374 0.028375 0.639137
0.119990 0.021684 0.640922
0.122422 0.029244 0.638216
0.122454 0.028033 0.561922
0.120406 0.030335 0.564704
0.118504 0.035937 0.559205
0.123496 0.035389 0.561186
0.125129 0.030866 0.566721
0.122857 0.035631 0.564370
0.124591 0.034174 0.566317
0.127142 0.033784 0.565955
0.125396 0.032309 0.561795
0.127602 0.033455 0.573197
0.122675 0.031311 0.566576
0.126863 0.031239 0.564963
0.130429 0.033448 0.563008
0.129039 0.029282 0.566287
0.130302 0.033931 0.567912
0.126986 0.034340 0.570637
0.123818 0.032030 0.566957
0.128012 0.033637 0.565779
0.128993 0.032252 0.569034
0.130397 0.039456 0.574152
0.127233 0.031848 0.569916
0.135942 0.030254 0.569137
0.130067 0.031280 0.566537
0.131534 0.035134 0.568480
0.128329 0.031890 0.571784
0.134493 0.033250 0.567089
0.136007 0.032349 0.567834
0.131217 0.033501 0.571991
0.129639 0.032210 0.575541
0.129380 0.034310 0.568244
0.134003 0.036732 0.577182
0.135251 0.033903 0.573632
0.130894 0.034096 0.575830
0.134707 0.031001 0.574619
0.137845 0.031315 0.573327
0.131116 0.032887 0.574149
0.131059 0.036102 0.567044
0.137013 0.034522 0.577276
0.133377 0.031758 0.577484
0.132105 0.035618 0.579402
0.138996 0.037001 0.575400
0.137613 0.032597 0.577018
0.139017 0.029807 0.579266
0.134720 0.032834 0.571069
0.136529 0.025562 0.580961
0.135186 0.035716 0.580058
0.132825 0.032525 0.582258
0.137595 0.030736 0.577213
0.138334 0.030988 0.581228
0.136872 0.031972 0.578690
0.139415 0.030010 0.584604
0.140560 0.032712 0.574691
0.141338 0.029030 0.581142
0.144200 0.033601 0.584085
0.139009 0.035239 0.588093
0.137020 0.030190 0.582393
0.141038 0.029762 0.582564
0.143180 0.029610 0.584270
0.143604 0.026307 0.586560
0.137826 0.034240 0.585592
0.143795 0.030740 0.589109
0.142746 0.024766 0.586404
0.140972 0.039870 0.587363
0.136963 0.032495 0.586657
0.138617 0.031749 0.580730
0.136964 0.035764 0.589870
0.141217 0.031939 0.594744
0.138064 0.036126 0.586533
0.141186 0.029081 0.585972
0.148043 0.031158 0.591784
0.144076 0.030667 0.590711
0.143829 0.030706 0.593402
0.141300 0.031394 0.592308
0.142780 0.030108 0.589958
0.141814 0.033365 0.592522
0.138885 0.031460 0.588267
0.142188 0.039084 0.590471
0.139456 0.028014 0.591616
0.147895 0.030901 0.592651
0.146147 0.036064 0.589787
0.140679 0.032199 0.594181
0.142250 0.034891 0.594350
0.141549 0.024406 0.593870
0.143352 0.030599 0.600506
0.145785 0.033685 0.595426
0.146187 0.034974 0.596170
0.146808 0.036058 0.597487
0.146863 0.033327 0.597022
0.144716 0.028886 0.599736
0.139588 0.028700 0.601554
0.145178 0.030885 0.595230
0.139839 0.032216 0.599368
0.146992 0.031822 0.603163
0.146774 0.032550 0.604839
0.142869 0.028917 0.601251
0.146658 0.033430 0.604037
0.144554 0.035121 0.599385
0.144462 0.030744 0.603913
0.144779 0.032552 0.604478
0.141625 0.036549 0.607142
0.137264 0.033576 0.601066
0.143215 0.032330 0.602577
0.142237 0.032410 0.605221
0.141836 0.029851 0.609012
0.137928 0.032865 0.600281
0.146440 0.031695 0.607599
0.139007 0.035866 0.607914
0.139060 0.028433 0.612371
0.140304 0.031359 0.599553
0.142419 0.033693 0.606173
0.142842 0.031807 0.606583
0.141461 0.026599 0.611030
0.141654 0.035187 0.608736
0.140771 0.030976 0.617813
0.143402 0.031046 0.613870
0.142144 0.032936 0.611647
0.138104 0.029151 0.611797
0.137152 0.033006 0.614381
0.137686 0.031837 0.613462
0.138213 0.032541 0.615874
0.136269 0.034730 0.618889
0.142056 0.032789 0.617771
0.140282 0.032989 0.616152
0.139061 0.033622 0.620044
0.138082 0.033040 0.613351
0.143670 0.034134 0.616353
0.140553 0.033564 0.613759
0.141871 0.034564 0.619697
0.139078 0.029361 0.618177
0.136108 0.028748 0.622891
0.137672 0.034427 0.620893
0.135195 0.029079 0.619257
0.133440 0.039504 0.621633
0.135793 0.027951 0.619416
0.141007 0.031212 0.613898
0.130483 0.031134 0.623991
0.134323 0.033464 0.621394
0.137754 0.031977 0.617385
0.136680 0.028715 0.618512
0.137189 0.034645 0.616202
0.132957 0.030545 0.624177
0.130130 0.028404 0.621123
0.135495 0.037964 0.630537
0.130402 0.033908 0.625930
0.138540 0.032896 0.625164
0.136043 0.030221 0.625566
0.130427 0.031360 0.626485
0.133003 0.030057 0.631036
0.130603 0.031838 0.627076
0.133946 0.032762 0.628959
0.128996 0.033110 0.624684
0.127092 0.035110 0.627849
0.127745 0.030090 0.630198
0.134794 0.032223 0.622546
0.133991 0.034660 0.627585
0.139272 0.029675 0.628427
0.130717 0.037978 0.626639
0.131454 0.030865 0.633160
0.131493 0.034234 0.629707
0.131006 0.038273 0.634105
0.130040 0.031730 0.631005
0.129432 0.033279 0.630752
0.128757 0.030961 0.630358
0.131847 0.032910 0.635008
0.131673 0.032695 0.632988
0.128961 0.036394 0.632467
0.127037 0.034362 0.638254
0.128082 0.031497 0.629311
0.133257 0.031886 0.634909
0.124142 0.037578 0.637860
0.129702 0.033789 0.628213
0.125178 0.032232 0.632041
0.127239 0.036615 0.636125
0.127622 0.033606 0.634477
0.124836 0.029134 0.638010
0.128347 0.028536 0.633362
0.123529 0.025629 0.632064
0.124099 0.034780 0.631954
0.121208 0.028105 0.632593
0.123659 0.029576 0.636610
0.122048 0.039833 0.564496
0.122033 0.039027 0.563973
0.125489 0.038312 0.562258
0.120307 0.036176 0.564825
0.123698 0.038726 0.563386
0.124974 0.035013 0.565318
0.123780 0.034486 0.563859
0.121118 0.040126 0.563012
0.124376 0.032952 0.562722
0.124883 0.038042 0.566078
0.126539 0.034652 0.566072
0.127364 0.043299 0.567604
0.127405 0.029296 0.567948
0.129729 0.037295 0.561906
0.129614 0.031469 0.564618
0.127304 0.035554 0.564997
0.128136 0.033364 0.564819
0.124339 0.030260 0.570725
0.129874 0.034230 0.569128
0.129981 0.037314 0.566967
0.131863 0.031980 0.564139
0.130018 0.034267 0.568941
0.137654 0.040009 0.572593
0.132114 0.033639 0.576099
0.128843 0.037618 0.571853
0.129363 0.029316 0.578676
0.137647 0.036296 0.571598
0.135605 0.030971 0.572049
0.130048 0.036659 0.568973
0.128751 0.037864 0.571389
0.134647 0.035804 0.570323
0.132082 0.035915 0.569603
0.129893 0.029226 0.573115
0.138038 0.035998 0.569916
0.132225 0.034452 0.570469
0.137136 0.041919 0.573738
0.137439 0.034567 0.574059
0.133200 0.038969 0.578911
0.132470 0.038098 0.579410
0.127463 0.031337 0.573698
0.134463 0.034647 0.573954
0.136316 0.035459 0.580729
0.139466 0.027815 0.578434
0.137938 0.039914 0.575559
0.137730 0.034336 0.573704
0.138354 0.035821 0.578625
0.138393 0.035260 0.578174
0.137392 0.032357 0.575390
0.140147 0.033670 0.586443
0.139808 0.037382 0.579524
0.138058 0.043432 0.575757
0.133873 0.032619 0.580463
0.143405 0.038885 0.579754
0.135117 0.030422 0.577505
0.143812 0.035091 0.583011
0.137133 0.039452 0.580310
0.142417 0.034856 0.585289
0.139444 0.029700 0.581068
0.138235 0.038582 0.588717
0.140654 0.035232 0.579797
0.140012 0.039802 0.586450
0.137835 0.037449 0.588565
0.144301 0.032916 0.589300
0.140909 0.029858 0.584147
0.142711 0.034398 0.591131
0.144360 0.037638 0.587793
0.136372 0.039265 0.589053
0.137457 0.032401 0.589338
0.139664 0.036653 0.589482
0.144876 0.026112 0.591751
0.141639 0.037631 0.584825
0.141105 0.038850 0.590689
0.140119 0.033348 0.593006
0.143326 0.040880 0.588268
0.139479 0.032494 0.592185
0.144585 0.038818 0.588379
0.138731 0.037749 0.598896
0.141868 0.037671 0.594905
0.139791 0.034217 0.595524
0.139304 0.035644 0.596129
0.140085 0.033148 0.594012
0.141719 0.035348 0.598837
0.141998 0.032318 0.596113
0.142055 0.038582 0.598429
0.145002 0.033229 0.594817
0.137463 0.037947 0.600995
0.137856 0.037270 0.595732
0.143384 0.036803 0.596798
0.142171 0.034094 0.602108
0.147189 0.040996 0.602336
0.141778 0.035521 0.594561
0.145133 0.038678 0.597863
0.137388 0.038879 0.599379
0.144923 0.035048 0.601373
0.144058 0.041547 0.600946
0.145951 0.037914 0.596150
0.137762 0.033895 0.602491
0.147153 0.035189 0.600317
0.142450 0.031412 0.603435
0.143142 0.036676 0.603263
0.140578 0.034728 0.606159
0.145737 0.040044 0.607172
0.139037 0.032982 0.608962
0.140364 0.029180 0.610874
0.142748 0.029758 0.604825
0.144216 0.039015 0.608068
0.143975 0.034967 0.613104
0.151855 0.030591 0.608447
0.139348 0.030587 0.613088
0.138929 0.032798 0.610983
0.138582 0.028163 0.607613
0.147533 0.032154 0.612539
0.136217 0.033594 0.609125
0.142409 0.040477 0.606094
0.139980 0.030754 0.611831
0.137678 0.028745 0.611692
0.144278 0.035963 0.611757
0.142279 0.035277 0.608890
0.145216 0.034871 0.614566
0.140862 0.037178 0.615700
0.139495 0.037647 0.615663
0.138651 0.031392 0.620067
0.136263 0.038583 0.616276
0.143621 0.034171 0.615819
0.140638 0.036253 0.620187
0.137595 0.038887 0.618081
0.136463 0.035756 0.615207
0.141349 0.036595 0.612687
0.138679 0.034837 0.616815
0.140917 0.041221 0.618909
0.143063 0.033903 0.619090
0.125806 0.038387 0.622237
0.136722 0.033610 0.619461
0.139175 0.032883 0.620629
0.134103 0.038796 0.615023
0.130645 0.033738 0.621910
0.138942 0.038411 0.619028
0.137749 0.033552 0.619961
0.135491 0.034478 0.627533
0.139862 0.038913 0.620340
0.130325 0.032817 0.626330
0.134010 0.032813 0.629281
0.136084 0.040901 0.624698
0.133039 0.035852 0.621227
0.130867 0.033924 0.622627
0.129351 0.033848 0.628980
0.128475 0.036178 0.628558
0.132958 0.035208 0.626011
0.130076 0.038258 0.629883
0.124973 0.033664 0.628896
0.134694 0.039873 0.629674
0.133654 0.039995 0.627166
0.129403 0.038297 0.628585
0.133142 0.033883 0.627472
0.128683 0.031208 0.635079
0.125544 0.036149 0.630379
0.132767 0.039145 0.628141
0.129719 0.033624 0.632122
0.124194 0.034659 0.632404
0.129339 0.036373 0.627104
0.127533 0.033515 0.633697
0.128143 0.036630 0.629940
0.131604 0.038927 0.628545
0.126088 0.039390 0.633434
0.129643 0.037461 0.634681
0.127508 0.040452 0.630899
0.127720 0.035756 0.635320
0.119869 0.042224 0.640195
0.122933 0.036960 0.635693
0.125082 0.037795 0.637790
0.126910 0.033200 0.634738
0.124431 0.042498 0.638038
0.121812 0.035977 0.631748
0.124585 0.035291 0.633055
0.121360 0.036891 0.634778
0.120777 0.037360 0.634728
0.124463 0.037396 0.641716
0.126099 0.037398 0.639023
0.124467 0.034312 0.636373
0.121736 0.037270 0.635400
0.115905 0.041915 0.562308
0.119871 0.037870 0.564282
0.122379 0.037900 0.566372
0.120724 0.042116 0.569929
0.118327 0.040950 0.565821
0.130007 0.043066 0.567376
0.121322 0.041438 0.565707
0.118918 0.039371 0.563788
0.125313 0.043931 0.565978
0.124054 0.037642 0.565652
0.124055 0.040824 0.565870
0.129449 0.039794 0.568853
0.123186 0.041059 0.562712
0.127595 0.042374 0.565456
0.122797 0.040583 0.569492
0.134265 0.044340 0.562842
0.130459 0.032918 0.567442
0.133448 0.038489 0.571647
0.129387 0.035986 0.568691
0.125598 0.039363 0.569267
0.126509 0.038433 0.569223
0.128815 0.036303 0.568937
0.129920 0.041423 0.568350
0.127655 0.036084 0.575647
0.124311 0.039361 0.569135
0.125306 0.042687 0.572283
0.130170 0.040380 0.570443
0.132693 0.036631 0.571226
0.131339 0.041113 0.568474
0.129715 0.038029 0.572423
0.127969 0.042351 0.574461
0.137922 0.037889 0.573230
0.134636 0.040261 0.567081
0.136608 0.035006 0.577982
0.130424 0.038072 0.574921
0.137024 0.042016 0.571927
0.132863 0.042139 0.571154
0.131559 0.041856 0.576949
0.136457 0.035475 0.576942
0.137851 0.039215 0.575727
0.141055 0.037648 0.579071
0.136236 0.033518 0.575853
0.134055 0.037980 0.577960
0.135185 0.044895 0.572476
0.133832 0.034803 0.572189
0.133816 0.036709 0.577521
0.138598 0.036667 0.579947
0.139896 0.041912 0.572995
0.137260 0.038536 0.581999
0.136299 0.040636 0.584004
0.139589 0.037833 0.580457
0.139381 0.037594 0.577555
0.141430 0.033482 0.579454
0.136638 0.040044 0.582537
0.142442 0.036662 0.580465
0.139572 0.040615 0.581746
0.135854 0.042087 0.584416
0.139594 0.032338 0.584561
0.136849 0.039408 0.584085
0.139627 0.039177 0.582611
0.141614 0.041267 0.589351
0.142281 0.037158 0.580001
0.143463 0.036861 0.583268
0.141570 0.037874 0.583845
0.139875 0.038034 0.586187
0.142750 0.034138 0.589629
0.144729 0.037250 0.585084
0.138604 0.039607 0.583125
0.136739 0.043655 0.586576
0.143733 0.038626 0.586394
0.144579 0.042943 0.586995
0.141623 0.043823 0.595688
0.141613 0.038547 0.597927
0.134186 0.038465 0.592584
0.141930 0.042515 0.590422
0.144772 0.039706 0.597182
0.139865 0.035990 0.593598
0.138232 0.034065 0.591797
0.145795 0.043584 0.595382
0.137426 0.030571 0.595404
0.141576 0.033142 0.597605
0.143919 0.042438 0.598299
0.141202 0.040388 0.594933
0.146592 0.044851 0.597987
0.143127 0.038282 0.593946
0.141024 0.038269 0.592912
0.139435 0.042729 0.597497
0.141383 0.040024 0.599412
0.142958 0.036449 0.589894
0.145673 0.037641 0.598725
0.145615 0.038234 0.596098
0.139289 0.037343 0.600701
0.142413 0.038056 0.596839
0.141423 0.033584 0.602466
0.146379 0.038510 0.603652
0.138921 0.039397 0.598972
0.143987 0.043141 0.607053
0.144256 0.041928 0.607353
0.143767 0.036466 0.605522
0.149806 0.035220 0.609882
0.140911 0.037887 0.608351
0.144868 0.040059 0.602873
0.138894 0.038078 0.603653
0.145542 0.038653 0.604433
0.147632 0.038801 0.603962
0.144391 0.040952 0.605023
0.139254 0.043036 0.601903
0.145169 0.039596 0.607122
0.142244 0.041460 0.616950
0.136466 0.039732 0.606362
0.142402 0.041597 0.609089
0.140718 0.040042 0.610392
0.139462 0.041131 0.612633
0.139909 0.038754 0.610120
0.138115 0.042732 0.609394
0.139643 0.038233 0.616738
0.136162 0.047680 0.616296
0.138761 0.041268 0.617629
0.138911 0.037093 0.617250
0.143446 0.041731 0.614305
0.139180 0.039573 0.613741
0.146308 0.034797 0.615168
0.144764 0.039038 0.621982
0.139163 0.039443 0.617712
0.140149 0.042902 0.615791
0.135904 0.040815 0.617426
0.145350 0.033864 0.617455
0.140844 0.038535 0.618174
0.139710 0.048023 0.615141
0.139316 0.033643 0.619117
0.139689 0.041247 0.615784
0.139295 0.043558 0.616531
0.134449 0.040885 0.618753
0.132606 0.039725 0.618298
0.138801 0.036790 0.616880
0.138195 0.044861 0.619677
0.138068 0.040088 0.623336
0.142614 0.036760 0.623117
0.135923 0.038127 0.624890
0.141061 0.040144 0.622759
0.133325 0.041892 0.619284
0.130814 0.041954 0.624802
0.133722 0.036288 0.623114
0.136228 0.037230 0.626468
0.134177 0.039826 0.621790
0.138485 0.044901 0.625417
0.131242 0.041908 0.625694
0.131955 0.037177 0.623706
0.127145 0.042220 0.628404
0.132463 0.036196 0.627357
0.130332 0.040208 0.626010
0.131057 0.044101 0.626460
0.125909 0.040479 0.630762
0.128500 0.039303 0.628670
0.133138 0.039001 0.626222
0.132232 0.035946 0.626326
0.131386 0.039363 0.630402
0.128298 0.037124 0.631266
0.122519 0.041516 0.632206
0.133106 0.039489 0.628332
0.129463 0.035806 0.629593
0.124174 0.035848 0.634621
0.124463 0.035604 0.632275
0.131603 0.039091 0.630423
0.126819 0.040235 0.633458
0.125031 0.038238 0.630902
0.127246 0.039383 0.635178
0.128326 0.039755 0.631281
0.122212 0.033421 0.634338
0.124805 0.034203 0.633804
0.127554 0.042365 0.632273
0.128052 0.038748 0.632559
0.123215 0.036999 0.632407
0.122755 0.038841 0.632798
0.122648 0.038043 0.638914
0.125122 0.041059 0.634509
0.117492 0.041137 0.637005
0.119414 0.036804 0.640910
0.121881 0.040801 0.636497
0.120142 0.040312 0.633696
0.122321 0.042473 0.561734
0.119575 0.034950 0.563795
0.123640 0.034277 0.561336
0.124474 0.042707 0.565296
0.125845 0.042062 0.564190
0.120472 0.042568 0.561907
0.124066 0.042969 0.562400
0.122990 0.049092 0.560882
0.128615 0.045890 0.565620
0.129132 0.039443 0.564284
0.132272 0.037762 0.568886
0.129878 0.044083 0.571207
0.125838 0.042785 0.569941
0.126909 0.037495 0.572748
0.129587 0.040943 0.565494
0.132439 0.033032 0.568195
0.126536 0.039576 0.569002
0.128067 0.045929 0.576210
0.131919 0.041072 0.566623
0.127491 0.043700 0.563169
0.132168 0.043645 0.564644
0.130724 0.036247 0.568259
0.132140 0.035278 0.566873
0.136338 0.039087 0.570812
0.133848 0.039856 0.573303
0.127652 0.038807 0.571323
0.126621 0.043908 0.574560
0.132121 0.039206 0.567539
0.128106 0.039613 0.573115
0.135757 0.039748 0.569686
0.133908 0.042238 0.570932
0.128888 0.040606 0.566815
0.132338 0.043676 0.572213
0.131083 0.046689 0.575988
0.131710 0.043396 0.580388
0.134246 0.046245 0.576111
0.131050 0.049319 0.575388
0.139744 0.043768 0.573187
0.133197 0.041476 0.576253
0.135656 0.037969 0.578522
0.131759 0.041735 0.572096
0.138671 0.040996 0.574349
0.131576 0.047204 0.574612
0.137178 0.043707 0.572335
0.142429 0.043540 0.581206
0.134157 0.042728 0.580684
0.139362 0.040035 0.587306
0.138176 0.038361 0.579679
0.137177 0.043254 0.585166
0.139884 0.040867 0.577380
0.138375 0.044597 0.581197
0.136689 0.050211 0.582020
0.136415 0.045756 0.577976
0.138777 0.047810 0.580232
0.140900 0.044016 0.583682
0.136613 0.041088 0.582338
0.139626 0.041205 0.579630
0.137036 0.041883 0.582982
0.139513 0.039542 0.586980
0.140298 0.041410 0.588906
0.138901 0.043855 0.580959
0.137634 0.041073 0.588129
0.140629 0.040947 0.587604
0.145145 0.045814 0.588121
0.142116 0.043619 0.585066
0.137607 0.035398 0.588678
0.135290 0.042125 0.592181
0.141255 0.038173 0.585230
0.144757 0.043866 0.591690
0.144216 0.046270 0.587778
0.135864 0.042774 0.590623
0.139291 0.038459 0.591430
0.135041 0.046361 0.592144
0.138283 0.047371 0.594201
0.144506 0.041818 0.593757
0.139952 0.041974 0.593183
0.140146 0.047236 0.588844
0.141285 0.034528 0.592592
0.147299 0.052923 0.595270
0.141865 0.042520 0.596895
0.141822 0.042905 0.596513
0.141896 0.041134 0.601635
0.136736 0.044796 0.594189
0.141695 0.040454 0.599050
0.142317 0.048178 0.590195
0.139594 0.040603 0.595359
0.143583 0.042923 0.597242
0.140280 0.042914 0.596853
0.143951 0.041696 0.598305
0.143609 0.042119 0.603285
0.143268 0.043988 0.604513
0.141776 0.043704 0.600541
0.140503 0.042415 0.594531
0.136711 0.041859 0.604187
0.141455 0.045409 0.601905
0.142009 0.042713 0.603887
0.144837 0.043700 0.599320
0.143379 0.046070 0.602962
0.146484 0.041861 0.602227
0.144278 0.040775 0.602347
0.141542 0.049694 0.605957
0.140314 0.039170 0.602784
0.146745 0.042663 0.607307
0.142353 0.045483 0.608404
0.144012 0.042900 0.608046
0.146367 0.043061 0.610101
0.146174 0.040087 0.603148
0.140035 0.043960 0.613668
0.144293 0.047437 0.609402
0.139132 0.038777 0.604133
0.142408 0.040111 0.607071
0.145517 0.040748 0.610237
0.139092 0.038213 0.611025
0.140102 0.045819 0.613873
0.140010 0.041378 0.607523
0.138232 0.042583 0.614617
0.137454 0.043663 0.611888
0.138415 0.042440 0.612884
0.138819 0.040575 0.610185
0.136497 0.042150 0.616777
0.137384 0.040287 0.615770
0.141487 0.042818 0.614930
0.136314 0.041346 0.616799
0.136898 0.042055 0.615889
0.139345 0.041871 0.612027
0.139632 0.049469 0.617963
0.141155 0.040188 0.620742
0.143655 0.038920 0.617948
0.138608 0.041869 0.615749
0.137925 0.042813 0.618013
0.132134 0.045875 0.616026
0.136308 0.041044 0.618897
0.133432 0.045043 0.623098
0.135563 0.044321 0.619774
0.135553 0.041844 0.625168
0.139174 0.047194 0.623767
0.137262 0.041429 0.621420
0.140237 0.044986 0.617910
0.138683 0.044965 0.628819
0.140281 0.043156 0.623230
0.139784 0.043690 0.620015
0.138345 0.041770 0.624123
0.138946 0.040158 0.624058
0.135365 0.042556 0.620787
0.131528 0.043734 0.626658
0.136321 0.043967 0.622988
0.132802 0.043395 0.629050
0.126200 0.037405 0.623406
0.125362 0.044484 0.628623
0.133137 0.044399 0.620866
0.131036 0.038843 0.625616
0.134349 0.043733 0.634196
0.132198 0.043609 0.626195
0.133489 0.041477 0.630887
0.133454 0.040583 0.629924
0.127792 0.048581 0.627917
0.130494 0.040945 0.632587
0.130136 0.040369 0.635638
0.131438 0.044101 0.628625
0.132183 0.043146 0.629596
0.134301 0.039134 0.632923
0.130303 0.042255 0.632108
0.127932 0.041427 0.631501
0.126915 0.042204 0.634144
0.125292 0.043262 0.629010
0.121520 0.038998 0.629281
0.132599 0.040940 0.631984
0.131516 0.040185 0.636494
0.121418 0.043322 0.632954
0.124682 0.046861 0.633420
0.123516 0.042680 0.634468
0.126316 0.039041 0.636632
0.123649 0.040417 0.632171
0.128061 0.044350 0.632245
0.121333 0.041927 0.634187
0.120558 0.038254 0.631608
0.119515 0.044478 0.637200
0.125718 0.039084 0.638134
0.126669 0.047184 0.633747
0.124335 0.042820 0.635422
0.122139 0.046734 0.562460
0.120406 0.047506 0.557373
0.124527 0.047945 0.559251
0.122299 0.048057 0.565237
0.125631 0.045053 0.560672
0.128749 0.048267 0.563000
0.126890 0.049675 0.565178
0.121902 0.046546 0.566713
0.128264 0.046357 0.567912
0.130741 0.046337 0.569605
0.125835 0.043749 0.565088
0.127542 0.043929 0.564725
0.126295 0.044289 0.570186
0.126081 0.047290 0.566112
0.129986 0.048564 0.570634
0.128626 0.044573 0.567716
0.129475 0.041695 0.568717
0.126336 0.045218 0.572929
0.124064 0.044934 0.570922
0.126350 0.050085 0.571474
0.131927 0.047226 0.568095
0.134048 0.036591 0.571829
0.127664 0.046829 0.569879
0.128671 0.050048 0.570808
0.134711 0.044608 0.570668
0.126048 0.044687 0.574002
0.129511 0.044664 0.569420
0.129503 0.042976 0.572184
0.135563 0.043481 0.578163
0.131410 0.053793 0.575437
0.131399 0.048615 0.576188
0.133270 0.046348 0.577054
0.135675 0.042066 0.573082
0.133049 0.041881 0.570377
0.135904 0.046222 0.572818
0.136607 0.051046 0.576039
0.131018 0.042954 0.578407
0.137897 0.043363 0.577230
0.137929 0.046245 0.574780
0.131356 0.048785 0.577967
0.134690 0.040681 0.578553
0.137352 0.050492 0.574681
0.138497 0.048694 0.577155
0.134960 0.039658 0.581781
0.134377 0.044477 0.577604
0.137358 0.044350 0.574231
0.136376 0.044740 0.583410
0.139711 0.045495 0.582647
0.140078 0.040226 0.582514
0.143449 0.046598 0.575622
0.140538 0.041459 0.576169
0.137815 0.047136 0.578892
0.134599 0.047307 0.584260
0.137449 0.043640 0.580864
0.139950 0.042345 0.584315
0.132429 0.042944 0.581781
0.146745 0.052748 0.580737
0.135019 0.047339 0.581078
0.136463 0.051463 0.584920
0.135420 0.039709 0.585151
0.141229 0.046320 0.584409
0.136907 0.041988 0.580528
0.137235 0.045600 0.586004
0.139838 0.043939 0.587061
0.146675 0.046630 0.589540
0.140326 0.044114 0.593356
0.140463 0.046293 0.594219
0.141736 0.046448 0.584554
0.147248 0.046568 0.586928
0.142949 0.046262 0.595508
0.140067 0.042408 0.593735
0.139379 0.054083 0.596073
0.141108 0.047687 0.591915
0.137525 0.042661 0.589369
0.138348 0.049603 0.598429
0.138482 0.040914 0.584417
0.145658 0.049434 0.590211
0.143207 0.046726 0.597300
0.143656 0.044747 0.595655
0.144218 0.047962 0.592363
0.141982 0.044066 0.598431
0.147382 0.044995 0.594423
0.146851 0.042850 0.595238
0.142756 0.043935 0.600052
0.142383 0.047304 0.598277
0.141105 0.049299 0.598413
0.142699 0.051006 0.595380
0.142697 0.044728 0.598984
0.141182 0.042136 0.599198
0.144856 0.044164 0.598503
0.142459 0.042805 0.598706
0.143780 0.046108 0.601682
0.144595 0.047812 0.605087
0.140281 0.044236 0.601001
0.139232 0.038670 0.597110
0.143473 0.046768 0.599271
0.143434 0.043098 0.606444
0.142867 0.043527 0.602545
0.144743 0.049903 0.603169
0.141584 0.045487 0.606462
0.141456 0.048469 0.602473
0.135737 0.046317 0.607726
0.144123 0.042867 0.606621
0.138877 0.042121 0.603399
0.138564 0.045234 0.604411
0.141243 0.046823 0.606382
0.151959 0.047673 0.609040
0.138177 0.048511 0.606647
0.137712 0.047284 0.610658
0.138902 0.049257 0.609555
0.136524 0.045780 0.611989
0.138667 0.045972 0.611815
0.142975 0.047961 0.611453
0.138843 0.050193 0.612421
0.140693 0.048005 0.615156
0.135953 0.049068 0.614059
0.144292 0.042648 0.614630
0.137959 0.042058 0.612522
0.139430 0.045874 0.609585
0.142651 0.048537 0.613271
0.137176 0.048995 0.618325
0.140129 0.045207 0.610301
0.140451 0.045830 0.615111
0.137969 0.041419 0.614535
0.132596 0.047542 0.613347
0.136243 0.050009 0.617969
0.135869 0.049885 0.615711
0.135604 0.045635 0.619182
0.141964 0.045676 0.617285
0.137595 0.048474 0.617443
0.144502 0.045510 0.619074
0.133286 0.044108 0.621260
0.141220 0.045519 0.622361
0.142111 0.047521 0.618251
0.138913 0.042551 0.615254
0.131767 0.042974 0.619287
0.135285 0.042431 0.622294
0.130899 0.044704 0.628172
0.130670 0.046018 0.620367
0.135572 0.048592 0.616462
0.133310 0.044349 0.624144
0.136864 0.050555 0.627887
0.129144 0.047333 0.625127
0.133512 0.048558 0.624008
0.131888 0.048002 0.627548
0.131651 0.046750 0.625619
0.137629 0.045386 0.623028
0.136854 0.046195 0.628560
0.129841 0.046018 0.622543
0.129969 0.051531 0.629157
0.128529 0.048543 0.627333
0.130077 0.044819 0.625524
0.129472 0.044139 0.625512
0.134021 0.046632 0.627644
0.128234 0.045154 0.626056
0.134302 0.047611 0.638102
0.128609 0.048033 0.630542
0.126874 0.045859 0.630231
0.127319 0.049690 0.634242
0.128502 0.045356 0.628287
0.135236 0.046591 0.634651
0.129639 0.053063 0.630696
0.132256 0.041039 0.627852
0.130325 0.047068 0.630390
0.128747 0.043102 0.632436
0.128849 0.040274 0.629954
0.127406 0.041318 0.634972
0.123406 0.045542 0.638718
0.125605 0.042859 0.635053
0.122867 0.047169 0.634075
0.125730 0.048502 0.634227
0.120895 0.044625 0.637178
0.125100 0.041355 0.637501
0.125488 0.045528 0.638377
0.122599 0.041625 0.637511
0.123830 0.046150 0.636283
0.116886 0.051771 0.640133
0.122641 0.042179 0.637245
0.120676 0.046464 0.632719
0.117954 0.045630 0.637354
0.121549 0.047049 0.563677
0.120079 0.046299 0.559910
0.121036 0.046668 0.565492
0.121360 0.051682 0.564781
0.118775 0.050209 0.564316
0.125450 0.042537 0.564880
0.121766 0.045795 0.560004
0.126119 0.046134 0.568316
0.123859 0.041715 0.568042
0.125673 0.051330 0.568388
0.128661 0.054718 0.564028
0.128448 0.054065 0.565631
0.124368 0.050029 0.566908
0.129547 0.048473 0.564673
0.119769 0.050845 0.568520
0.121641 0.059260 0.572444
0.123273 0.048558 0.569248
0.128232 0.054723 0.566212
0.129424 0.045437 0.568574
0.133629 0.051861 0.571582
0.126339 0.050578 0.565518
0.128697 0.049332 0.573639
0.133134 0.047815 0.572136
0.133601 0.049895 0.570340
0.127244 0.045503 0.571288
0.132786 0.045456 0.573468
0.136642 0.052775 0.569938
0.136057 0.048720 0.570261
0.134773 0.048710 0.570628
0.136220 0.048791 0.572247
0.136497 0.048721 0.575391
0.133105 0.048024 0.571535
0.135573 0.042324 0.571428
0.134245 0.046391 0.573041
0.138182 0.050164 0.574111
0.135492 0.046564 0.569461
0.136945 0.050230 0.573509
0.135128 0.045727 0.577615
0.134611 0.052206 0.575905
0.131239 0.046685 0.576157
0.136175 0.043898 0.582961
0.134150 0.054269 0.579012
0.135866 0.048994 0.578593
0.136055 0.049365 0.582865
0.138179 0.053504 0.576825
0.134496 0.049016 0.580135
0.139687 0.046730 0.582847
0.137590 0.050794 0.578565
0.133232 0.049040 0.576152
0.142315 0.051503 0.582451
0.135150 0.051905 0.583492
0.140139 0.046898 0.581846
0.136735 0.047154 0.578228
0.137348 0.049430 0.582281
0.141990 0.052558 0.585932
0.139962 0.052115 0.584398
0.135504 0.054761 0.591679
0.140000 0.044735 0.584664
0.138960 0.048713 0.588917
0.138729 0.050588 0.582423
0.139929 0.053257 0.588900
0.144401 0.051519 0.583981
0.142637 0.056667 0.591427
0.141607 0.049892 0.585572
0.139709 0.046101 0.587070
0.143704 0.045045 0.583460
0.140270 0.049757 0.590313
0.141685 0.048007 0.588848
0.141761 0.047812 0.588817
0.140147 0.045770 0.594372
0.146676 0.045736 0.585931
0.139838 0.055118 0.595014
0.143737 0.046544 0.588067
0.149089 0.050008 0.589896
0.141864 0.046728 0.589629
0.137308 0.046380 0.589643
0.144869 0.052531 0.593137
0.139171 0.050444 0.589879
0.140351 0.050067 0.595270
0.138657 0.051134 0.595090
0.135813 0.050797 0.598857
0.146261 0.052268 0.603109
0.141427 0.045066 0.595691
0.146602 0.050460 0.601588
0.143566 0.048202 0.595290
0.145362 0.049477 0.595959
0.143979 0.049345 0.598693
0.141272 0.045587 0.602581
0.144416 0.049774 0.600786
0.144591 0.044511 0.598322
0.141068 0.047761 0.597808
0.144213 0.043648 0.599699
0.136250 0.056246 0.602159
0.140855 0.049643 0.598582
0.144938 0.050132 0.603230
0.139630 0.047086 0.609272
0.140601 0.046108 0.603860
0.140702 0.048066 0.604461
0.143387 0.046570 0.608286
0.144284 0.050610 0.604870
0.140116 0.043406 0.609869
0.142045 0.047560 0.600929
0.141836 0.053992 0.606633
0.135462 0.047819 0.609375
0.137115 0.050925 0.603786
0.145216 0.053226 0.606515
0.140670 0.048676 0.608088
0.142883 0.051763 0.609059
0.146410 0.046958 0.607739
0.142366 0.049621 0.611036
0.141433 0.051368 0.610140
0.136098 0.049889 0.608108
0.143447 0.052005 0.610364
0.134755 0.054058 0.610726
0.141788 0.045644 0.610026
0.137276 0.051635 0.618557
0.136355 0.046964 0.610784
0.135352 0.045923 0.615035
0.139457 0.047051 0.619369
0.145291 0.047284 0.617699
0.139212 0.048923 0.613951
0.142615 0.049994 0.612178
0.132947 0.044777 0.609954
0.139805 0.048044 0.616593
0.139027 0.056829 0.613767
0.138598 0.050510 0.615747
0.139403 0.049197 0.617608
0.139495 0.043462 0.617235
0.140860 0.045870 0.618448
0.137370 0.049167 0.621520
0.135223 0.054327 0.615345
0.141692 0.055090 0.621785
0.141337 0.049800 0.615825
0.137191 0.047101 0.620666
0.138801 0.048757 0.621935
0.132326 0.049024 0.616834
0.136658 0.050916 0.629352
0.138274 0.048954 0.625638
0.134863 0.054501 0.622560
0.129056 0.044678 0.623226
0.134999 0.047225 0.622536
0.137344 0.043751 0.623137
0.136550 0.051541 0.625287
0.130799 0.042417 0.623504
0.128310 0.049350 0.629097
0.140645 0.050278 0.629478
0.133940 0.045990 0.624542
0.131476 0.048645 0.632368
0.137940 0.048477 0.627710
0.136479 0.040851 0.628595
0.133165 0.048209 0.627021
0.133781 0.051597 0.628806
0.130148 0.047314 0.629498
0.130386 0.048173 0.627926
0.131775 0.043354 0.629256
0.129337 0.048374 0.634107
0.128178 0.045981 0.631792
0.130157 0.052406 0.632601
0.126680 0.046062 0.629377
0.124303 0.046192 0.631613
0.132227 0.048069 0.625720
0.130065 0.048286 0.630348
0.130664 0.052232 0.629446
0.129814 0.052964 0.632753
0.127523 0.050772 0.632289
0.126965 0.047992 0.630374
0.124397 0.053320 0.635694
0.127579 0.056410 0.630040
0.125209 0.055126 0.635463
0.129921 0.048180 0.638356
0.125036 0.051770 0.630017
0.121822 0.043519 0.633605
0.122591 0.043143 0.635966
0.125349 0.043849 0.637678
0.121953 0.053559 0.638189
0.123187 0.045727 0.638535
0.127895 0.056433 0.638499
0.126419 0.052632 0.636500
0.125725 0.044363 0.634683
0.127777 0.049631 0.635005
0.121343 0.050496 0.559382
0.129189 0.053538 0.561790
0.126578 0.055601 0.563675
0.124929 0.060097 0.558271
0.119176 0.051655 0.560019
0.123386 0.053069 0.558792
0.128785 0.048981 0.566561
0.127904 0.049992 0.570457
0.115579 0.056325 0.566256
0.122783 0.052695 0.564958
0.124147 0.049858 0.560571
0.128206 0.052362 0.569877
0.125000 0.051078 0.566447
0.127902 0.056382 0.571607
0.126898 0.057949 0.571504
0.131336 0.051198 0.567502
0.121932 0.054035 0.567789
0.126990 0.054957 0.566465
0.131981 0.051743 0.569849
0.130085 0.052583 0.570287
0.130133 0.055231 0.562543
0.129751 0.048697 0.567889
0.128748 0.055183 0.569399
0.135882 0.047592 0.572479
0.131827 0.054512 0.571157
0.125779 0.054110 0.565140
0.127455 0.053530 0.570328
0.128035 0.055110 0.572758
0.132651 0.050175 0.575777
0.135394 0.056555 0.572464
0.133291 0.049021 0.572083
0.133161 0.054672 0.572524
0.133262 0.052994 0.573316
0.135620 0.053008 0.571713
0.132907 0.051344 0.570626
0.134189 0.056827 0.573347
0.131990 0.054005 0.576745
0.130659 0.058245 0.575289
0.135591 0.051582 0.576160
0.136141 0.052218 0.575900
0.135299 0.052958 0.571176
0.131815 0.049241 0.578589
0.135250 0.051703 0.576367
0.139772 0.047885 0.581042
0.133096 0.052258 0.577038
0.139471 0.052006 0.572864
0.139196 0.047033 0.586295
0.133173 0.047635 0.580638
0.131097 0.044514 0.583223
0.138433 0.054892 0.581835
0.133859 0.048870 0.585611
0.135968 0.052007 0.584747
0.138604 0.054157 0.580147
0.137472 0.052801 0.580249
0.136822 0.049888 0.580967
0.138303 0.053903 0.578160
0.134052 0.055349 0.580880
0.140739 0.049717 0.584631
0.141530 0.054922 0.584513
0.139205 0.050018 0.580414
0.139037 0.052036 0.582121
0.140099 0.055939 0.585168
0.139218 0.056496 0.594470
0.141801 0.051645 0.583544
0.138570 0.053405 0.584772
0.141383 0.051896 0.586921
0.137024 0.051866 0.587900
0.143098 0.054505 0.593695
0.139385 0.055048 0.592127
0.141764 0.049536 0.592301
0.142433 0.054244 0.594229
0.146880 0.055796 0.586335
0.143011 0.051847 0.594781
0.142879 0.056449 0.593203
0.143001 0.054825 0.595171
0.141816 0.054138 0.592281
0.143400 0.053242 0.595214
0.144780 0.057263 0.590524
0.143478 0.049214 0.592136
0.143609 0.052389 0.596603
0.141855 0.052541 0.595863
0.141190 0.048353 0.592208
0.136775 0.050231 0.595178
0.138718 0.054138 0.595049
0.137668 0.051519 0.597890
0.138360 0.050444 0.603601
0.144535 0.048833 0.600601
0.146434 0.051308 0.598213
0.145931 0.048071 0.591783
0.146834 0.051733 0.600022
0.139101 0.052717 0.602577
0.142688 0.049594 0.599494
0.144674 0.053728 0.600105
0.142048 0.053985 0.601849
0.137539 0.052577 0.602161
0.147162 0.051811 0.606035
0.142625 0.057847 0.603516
0.144685 0.053626 0.601820
0.140025 0.056272 0.605882
0.146213 0.058045 0.603687
0.142673 0.055308 0.604889
0.141818 0.055605 0.602473
0.143953 0.050870 0.603932
0.146546 0.048088 0.604281
0.131976 0.053041 0.607870
0.143695 0.050152 0.599068
0.140506 0.056315 0.611593
0.143651 0.054952 0.609788
0.142483 0.054417 0.607715
0.141813 0.057133 0.608974
0.137727 0.055375 0.604030
0.143000 0.057015 0.613317
0.144402 0.054239 0.612351
0.143592 0.052363 0.603431
0.138771 0.049887 0.616188
0.143715 0.045614 0.611596
0.137452 0.051764 0.612590
0.141600 0.056015 0.617490
0.143604 0.051986 0.611448
0.138560 0.056419 0.616876
0.141171 0.053039 0.615644
0.142980 0.049802 0.615330
0.140920 0.050600 0.616270
0.143208 0.055217 0.610378
0.144560 0.056248 0.617472
0.133675 0.049286 0.615482
0.140836 0.052683 0.613827
0.137438 0.052123 0.622064
0.134691 0.053387 0.610966
0.132971 0.052836 0.624197
0.138803 0.054874 0.620909
0.139877 0.054306 0.616225
0.140709 0.055895 0.620022
0.135988 0.052491 0.618373
0.137428 0.054120 0.619712
0.135371 0.052794 0.620297
0.134265 0.050867 0.620993
0.131694 0.050646 0.621880
0.138826 0.055258 0.626465
0.133433 0.048788 0.625543
0.129986 0.052928 0.628531
0.130211 0.051266 0.620450
0.135409 0.055154 0.619862
0.138519 0.053581 0.621714
0.135444 0.052411 0.626390
0.134270 0.057440 0.626031
0.133115 0.056340 0.620987
0.130209 0.054633 0.626534
0.136874 0.051254 0.626527
0.134738 0.054807 0.633024
0.130623 0.054885 0.627230
0.129696 0.062344 0.629474
0.132377 0.046956 0.633189
0.138759 0.052463 0.626144
0.128862 0.053011 0.626850
0.129843 0.050699 0.630880
0.125411 0.050095 0.630647
0.129843 0.052811 0.630577
0.126423 0.051998 0.634495
0.126182 0.056798 0.633341
0.134030 0.050417 0.631838
0.124784 0.047563 0.634196
0.125113 0.050100 0.632698
0.128083 0.052849 0.632021
0.126391 0.056432 0.630320
0.127935 0.053499 0.632526
0.129256 0.051435 0.628711
0.129504 0.054398 0.635925
0.127319 0.056749 0.631245
0.124178 0.049098 0.634283
0.123823 0.053348 0.631003
0.130887 0.053326 0.626332
0.120869 0.049526 0.625645
0.125694 0.050075 0.635099
0.121299 0.050411 0.635554
0.121640 0.060491 0.632385
0.125939 0.057805 0.636653
0.117891 0.055762 0.637179
0.120472 0.049374 0.633408
0.121841 0.051916 0.635198
0.116597 0.062301 0.561612
0.120277 0.055237 0.558045
0.122290 0.056982 0.562130
0.125294 0.050025 0.563204
0.120951 0.054580 0.563563
0.120600 0.057344 0.566110
0.122536 0.056821 0.568513
0.122196 0.052209 0.562884
0.128099 0.051021 0.565517
0.122911 0.059120 0.562351
0.126927 0.058864 0.567632
0.116594 0.059885 0.565289
0.127665 0.053534 0.560987
0.127833 0.056431 0.568159
0.122340 0.053147 0.569965
0.130887 0.056305 0.573966
0.128559 0.054617 0.569452
0.133253 0.054277 0.567997
0.129919 0.057083 0.567213
0.127103 0.056284 0.572677
0.127357 0.053060 0.570150
0.130013 0.062962 0.569230
0.135653 0.056390 0.573242
0.131467 0.060771 0.571764
0.131345 0.055204 0.572406
0.130953 0.053463 0.567988
0.128566 0.049320 0.565770
0.126081 0.057366 0.571347
0.136221 0.057706 0.575050
0.128433 0.058092 0.573308
0.129681 0.058221 0.573934
0.130007 0.060269 0.570628
0.130619 0.054462 0.578982
0.133821 0.056309 0.578613
0.135150 0.056026 0.576912
0.137662 0.056482 0.571500
0.133272 0.054083 0.577361
0.129316 0.053943 0.579380
0.134874 0.065168 0.572692
0.136724 0.055351 0.574353
0.133166 0.057814 0.575367
0.142039 0.059754 0.576620
0.133458 0.058504 0.577827
0.131973 0.052896 0.576443
0.134944 0.056853 0.584131
0.132667 0.058178 0.575981
0.141921 0.055865 0.579528
0.135988 0.057412 0.579343
0.144610 0.054956 0.581260
0.138908 0.056940 0.582356
0.138111 0.058862 0.580564
0.139107 0.050808 0.577582
0.135729 0.056685 0.588340
0.140782 0.056360 0.582266
0.138277 0.057447 0.580839
0.141188 0.056875 0.581826
0.136798 0.054449 0.587076
0.144614 0.052608 0.580823
0.144817 0.054604 0.581742
0.140806 0.059200 0.585675
0.134892 0.058707 0.588997
0.142973 0.055770 0.585707
0.144540 0.059449 0.586855
0.144351 0.058464 0.586778
0.143364 0.057380 0.588132
0.138166 0.060121 0.590442
0.136463 0.052214 0.591775
0.142249 0.057264 0.589828
0.145456 0.056302 0.587787
0.139940 0.052187 0.588975
0.139795 0.058212 0.588595
0.140271 0.057193 0.598294
0.144820 0.054990 0.590527
0.142944 0.058329 0.591807
0.142378 0.058604 0.588681
0.141804 0.054247 0.593072
0.145362 0.057894 0.592562
0.141465 0.053270 0.598435
0.140840 0.054843 0.597038
0.138069 0.048869 0.598451
0.139971 0.051713 0.596596
0.148543 0.054226 0.596016
0.141553 0.063692 0.593507
0.143167 0.054981 0.598230
0.141678 0.055537 0.600275
0.138876 0.059975 0.600608
0.138094 0.054790 0.599030
0.140797 0.056300 0.599165
0.136848 0.062281 0.597052
0.142918 0.055567 0.602181
0.139463 0.056480 0.605341
0.135452 0.051456 0.600122
0.147268 0.055390 0.603286
0.142117 0.057366 0.600049
0.147648 0.059999 0.598111
0.141583 0.049744 0.609366
0.145311 0.056719 0.599857
0.140022 0.053570 0.600237
0.137413 0.054405 0.602019
0.140220 0.056636 0.606494
0.141029 0.053553 0.602008
0.146374 0.052095 0.604509
0.147223 0.060349 0.607550
0.138509 0.056891 0.603239
0.147384 0.058407 0.609753
0.141080 0.056079 0.607930
0.142095 0.053262 0.612606
0.142565 0.052654 0.610720
0.142446 0.054970 0.606899
0.145928 0.057872 0.608147
0.145583 0.053963 0.606549
0.147116 0.060041 0.612046
0.141711 0.053699 0.612983
0.131894 0.057046 0.606092
0.141187 0.052041 0.614269
0.138692 0.055635 0.606337
0.140051 0.051273 0.609229
0.139277 0.053923 0.613053
0.139786 0.054460 0.612679
0.133811 0.059435 0.615895
0.140867 0.057453 0.614889
0.141418 0.056533 0.615432
0.145602 0.056246 0.619009
0.139773 0.056423 0.621146
0.133039 0.056772 0.611943
0.139103 0.055982 0.614720
0.138337 0.053448 0.615278
0.138825 0.058884 0.616203
0.139247 0.057771 0.616280
0.139181 0.054082 0.616619
0.138423 0.055324 0.621101
0.133204 0.062479 0.623446
0.129523 0.051467 0.616667
0.135832 0.056879 0.614274
0.140860 0.053989 0.623606
0.135123 0.051248 0.623258
0.139032 0.051548 0.620395
0.138090 0.051237 0.624955
0.142297 0.055534 0.618325
0.136430 0.055149 0.617569
0.133525 0.062458 0.621568
0.136948 0.055916 0.626273
0.134678 0.058835 0.622702
0.133053 0.056981 0.627039
0.131275 0.060308 0.622626
0.137433 0.054320 0.626543
0.137800 0.052913 0.625908
0.132199 0.054169 0.623592
0.129941 0.053830 0.628492
0.131588 0.052061 0.622703
0.134801 0.057540 0.626809
0.124401 0.057368 0.626230
0.136109 0.055458 0.627376
0.130656 0.058966 0.629265
0.134240 0.049953 0.627079
0.128343 0.052698 0.631795
0.128117 0.058750 0.627358
0.128490 0.057073 0.634753
0.129315 0.057824 0.635887
0.129423 0.056328 0.627000
0.125494 0.055185 0.628065
0.132119 0.056036 0.632750
0.125997 0.054634 0.636282
0.124002 0.056123 0.630710
0.122042 0.059430 0.633241
0.127395 0.053950 0.633378
0.118180 0.053526 0.634638
0.122428 0.052386 0.629443
0.124865 0.057935 0.633734
0.126730 0.056216 0.632935
0.129598 0.057035 0.645179
0.125658 0.056334 0.634467
0.124412 0.055491 0.631964
0.124414 0.054738 0.639035
0.127437 0.057168 0.635032
0.122469 0.049957 0.634245
0.120207 0.058051 0.634201
0.122109 0.056341 0.635077
0.126386 0.056613 0.635583
0.115929 0.055151 0.637345
0.118664 0.060710 0.560569
0.118511 0.063781 0.564006
0.120401 0.059871 0.566750
0.128270 0.056939 0.564719
0.127777 0.062589 0.566889
0.121741 0.051744 0.565438
0.127162 0.058908 0.563842
0.125497 0.059678 0.565435
0.122237 0.063350 0.561126
0.124224 0.058530 0.565823
0.127553 0.056410 0.564814
0.127603 0.062406 0.571676
0.128707 0.059933 0.564636
0.126839 0.054760 0.565347
0.129703 0.062366 0.568133
0.128436 0.060721 0.565371
0.130064 0.064938 0.570442
0.131757 0.057605 0.566181
0.128416 0.057564 0.567834
0.125959 0.062527 0.568439
0.129106 0.060084 0.563274
0.126326 0.061218 0.566865
0.139441 0.057410 0.568657
0.133129 0.065100 0.565672
0.136854 0.056224 0.571932
0.129152 0.055921 0.576212
0.133737 0.057330 0.571019
0.130404 0.062442 0.575623
0.132059 0.058140 0.574296
0.134350 0.060473 0.571299
0.131360 0.058275 0.574806
0.134779 0.059519 0.573864
0.133843 0.058997 0.576677
0.136835 0.056670 0.573979
0.133580 0.056225 0.577592
0.130920 0.058887 0.574042
0.135427 0.060958 0.572215
0.134564 0.057269 0.574236
0.139637 0.059427 0.574328
0.135928 0.056279 0.576425
0.133870 0.060513 0.576448
0.133315 0.058982 0.573274
0.133249 0.059574 0.579354
0.134760 0.058661 0.579035
0.137594 0.052662 0.577354
0.134260 0.063227 0.582571
0.135866 0.061649 0.574300
0.140307 0.067803 0.579217
0.135505 0.060114 0.578095
0.133748 0.057950 0.584556
0.137125 0.058449 0.577836
0.136110 0.051253 0.575741
0.141714 0.056905 0.584705
0.139363 0.056736 0.577498
0.138685 0.056127 0.585445
0.145138 0.054527 0.583926
0.137059 0.058336 0.583871
0.135507 0.061548 0.583927
0.140294 0.062713 0.582852
0.135121 0.059699 0.583572
0.142072 0.056107 0.581903
0.138498 0.059383 0.584838
0.143028 0.061845 0.588083
0.140018 0.062392 0.592023
0.138708 0.056772 0.582455
0.137934 0.063806 0.590015
0.138108 0.064466 0.592764
0.146377 0.057738 0.587475
0.139613 0.057280 0.590978
0.141534 0.056223 0.590628
0.138793 0.056004 0.591079
0.147479 0.058818 0.590051
0.143692 0.062331 0.592420
0.141323 0.058117 0.590229
0.144304 0.059571 0.589802
0.141684 0.057382 0.590167
0.143594 0.058993 0.591771
0.140424 0.060267 0.590308
0.142794 0.062217 0.597339
0.145278 0.057390 0.595175
0.142652 0.058957 0.596360
0.140756 0.058818 0.596581
0.142173 0.060970 0.594812
0.146448 0.054585 0.595934
0.140771 0.061848 0.593453
0.142517 0.057121 0.598453
0.140287 0.059503 0.598090
0.141250 0.057601 0.597573
0.137037 0.059372 0.600382
0.143970 0.056324 0.595795
0.144993 0.056815 0.597732
0.137036 0.055458 0.599034
0.146341 0.057278 0.603770
0.140151 0.057624 0.600743
0.144546 0.058245 0.604144
0.142792 0.064267 0.602278
0.141734 0.059538 0.601295
0.143861 0.058945 0.601719
0.139550 0.056639 0.608671
0.147415 0.058997 0.610063
0.145460 0.060721 0.609999
0.143868 0.059780 0.607174
0.140752 0.059042 0.604118
0.140371 0.058693 0.606297
0.143300 0.052576 0.609628
0.139117 0.059097 0.614956
0.137288 0.058615 0.607408
0.143854 0.068744 0.609531
0.131599 0.056572 0.608886
0.138212 0.060069 0.609301
0.143541 0.062082 0.605308
0.142480 0.057092 0.611844
0.138893 0.056920 0.612379
0.144889 0.056862 0.611092
0.144986 0.056899 0.607350
0.139806 0.056639 0.615114
0.137721 0.059811 0.608638
0.135486 0.055951 0.615102
0.142726 0.057990 0.613836
0.136033 0.061318 0.617459
0.142397 0.056132 0.620134
0.138832 0.058812 0.613923
0.140097 0.058659 0.613912
0.140985 0.058037 0.613194
0.134685 0.061561 0.617984
0.139882 0.064262 0.616583
0.138540 0.061411 0.617209
0.138693 0.059338 0.619365
0.139095 0.060628 0.619991
0.134444 0.058731 0.622511
0.141759 0.059006 0.618410
0.136984 0.059865 0.625001
0.141680 0.062299 0.623860
0.137475 0.055662 0.619264
0.138494 0.059745 0.619213
0.136610 0.056211 0.625940
0.137000 0.059258 0.626594
0.139284 0.058394 0.622175
0.129527 0.057612 0.624036
0.135521 0.061543 0.622552
0.136202 0.058548 0.621073
0.137510 0.060073 0.620794
0.133803 0.063041 0.619331
0.137262 0.060115 0.628856
0.130763 0.065650 0.628291
0.134338 0.059474 0.623603
0.132305 0.060750 0.623517
0.131239 0.060313 0.627198
0.136641 0.062126 0.631164
0.129201 0.056894 0.633396
0.125010 0.053175 0.628010
0.133170 0.061205 0.627507
0.132592 0.063264 0.624465
0.133594 0.058581 0.631663
0.132984 0.055933 0.629995
0.130165 0.059470 0.629872
0.127533 0.059828 0.624943
0.128723 0.063951 0.628761
0.131315 0.067277 0.629250
0.129846 0.056255 0.629519
0.125073 0.059496 0.630519
0.128030 0.058498 0.631059
0.128145 0.058317 0.631693
0.128127 0.056755 0.631314
0.126788 0.060832 0.632647
0.129574 0.060344 0.633280
0.125264 0.057895 0.632639
0.127985 0.056975 0.630197
0.128531 0.059799 0.637696
0.122889 0.059676 0.636144
0.126812 0.060517 0.633568
0.124520 0.057838 0.640485
0.123012 0.057319 0.635240
0.123630 0.061173 0.635056
0.122489 0.057882 0.635471
0.119544 0.063491 0.635419
0.116595 0.057214 0.634180
0.126431 0.058932 0.634990
0.121563 0.055867 0.636137
0.120456 0.063551 0.636222
0.117200 0.062765 0.564401
0.120079 0.060238 0.556273
0.119053 0.066428 0.564479
0.125549 0.064427 0.570807
0.121717 0.058853 0.564485
0.125010 0.058910 0.566875
0.121800 0.064455 0.560877
0.123875 0.067531 0.565430
0.129836 0.064663 0.567031
0.127742 0.065423 0.561743
0.123623 0.064621 0.566983
0.124001 0.061303 0.562781
0.134212 0.064339 0.568076
0.123666 0.061515 0.569781
0.128973 0.064484 0.566080
0.124037 0.061293 0.567595
0.129054 0.066001 0.566062
0.129068 0.063329 0.567082
0.126044 0.056355 0.571732
0.131860 0.065580 0.563827
0.130030 0.060278 0.565985
0.130033 0.065822 0.567221
0.132875 0.064949 0.573878
0.133876 0.065319 0.571398
0.127082 0.057482 0.572480
0.128016 0.063728 0.570464
0.134034 0.067339 0.572934
0.127150 0.061876 0.570999
0.131455 0.062816 0.573549
0.138498 0.061450 0.567558
0.133920 0.061594 0.574251
0.129309 0.061724 0.574955
0.127754 0.065030 0.573196
0.133846 0.068901 0.570967
0.135330 0.058644 0.577187
0.129338 0.059637 0.580978
0.131739 0.057349 0.572921
0.132668 0.064970 0.572129
0.135507 0.060186 0.579878
0.135237 0.065803 0.577114
0.134667 0.056309 0.576400
0.129835 0.059901 0.577440
0.137834 0.061243 0.577181
0.137897 0.063814 0.577041
0.139528 0.067439 0.577338
0.139867 0.064832 0.577921
0.141221 0.058382 0.582512
0.134984 0.062894 0.575461
0.134810 0.063588 0.577590
0.137162 0.061871 0.586818
0.136516 0.057397 0.582410
0.130959 0.062724 0.575483
0.138232 0.064957 0.577828
0.138651 0.060264 0.583009
0.136926 0.060080 0.581667
0.136165 0.055877 0.587037
0.136267 0.064748 0.584178
0.135896 0.063369 0.581149
0.145736 0.063939 0.584553
0.142402 0.057098 0.581404
0.139657 0.060036 0.584852
0.138465 0.062373 0.592744
0.144763 0.063451 0.593581
0.145063 0.063474 0.589939
0.145607 0.064862 0.586328
0.147533 0.064249 0.589914
0.139570 0.060337 0.591575
0.141672 0.063827 0.587505
0.136225 0.061410 0.590891
0.138551 0.060426 0.587972
0.135662 0.057452 0.589920
0.140085 0.061682 0.593653
0.142986 0.060616 0.591591
0.145590 0.064160 0.592615
0.145519 0.062909 0.594783
0.143980 0.061505 0.592617
0.141896 0.063417 0.596290
0.144637 0.059342 0.596185
0.145788 0.061790 0.595920
0.146612 0.060259 0.595937
0.143670 0.063605 0.595676
0.144219 0.062553 0.597038
0.142713 0.059067 0.599048
0.149294 0.061444 0.598476
0.143047 0.065199 0.594229
0.139303 0.061433 0.597197
0.141885 0.063372 0.598670
0.139363 0.058999 0.597104
0.138887 0.062244 0.593697
0.145973 0.062989 0.595347
0.142206 0.062313 0.598456
0.142174 0.057058 0.594860
0.143635 0.058182 0.596236
0.146108 0.060403 0.600893
0.142603 0.065050 0.599605
0.141119 0.059269 0.599906
0.145454 0.065902 0.601775
0.146406 0.058936 0.600566
0.147168 0.064862 0.606527
0.144303 0.060230 0.601068
0.145902 0.063732 0.602729
0.145796 0.063589 0.604643
0.136319 0.065275 0.599774
0.143176 0.061188 0.609548
0.144242 0.061295 0.603300
0.145608 0.058688 0.606601
0.141305 0.067274 0.607334
0.143222 0.066455 0.602149
0.142902 0.069516 0.610137
0.140646 0.062551 0.614303
0.142961 0.062660 0.610244
0.140157 0.058844 0.612615
0.134927 0.062351 0.614339
0.142133 0.061060 0.613972
0.138124 0.062964 0.614397
0.145609 0.062612 0.615680
0.140349 0.061356 0.606369
0.138112 0.063402 0.612286
0.142286 0.062790 0.608585
0.135240 0.063858 0.615272
0.139601 0.058768 0.617261
0.140943 0.067859 0.619841
0.141244 0.060147 0.618246
0.141120 0.059820 0.618192
0.136571 0.062636 0.616503
0.136294 0.062776 0.614765
0.138548 0.063155 0.622121
0.135644 0.063591 0.617622
0.140661 0.057127 0.619895
0.135181 0.065756 0.620701
0.135723 0.055578 0.622239
0.138973 0.061298 0.618311
0.134518 0.060393 0.619102
0.140847 0.062973 0.623130
0.136063 0.062665 0.620902
0.142546 0.062787 0.626103
0.133161 0.063990 0.619871
0.137530 0.056090 0.617164
0.135502 0.062536 0.629747
0.139774 0.068439 0.621819
0.132514 0.060539 0.625452
0.128446 0.065244 0.620568
0.139633 0.066568 0.629474
0.133564 0.062826 0.631161
0.131450 0.063744 0.621642
0.137291 0.059236 0.622170
0.136560 0.057850 0.626449
0.131695 0.064296 0.629460
0.137417 0.059366 0.625711
0.136710 0.064748 0.628348
0.133038 0.061593 0.627964
0.132432 0.067108 0.629745
0.128965 0.063874 0.627542
0.133836 0.062677 0.633963
0.132030 0.068817 0.629881
0.130755 0.061009 0.629983
0.132601 0.059754 0.627785
0.126231 0.061308 0.632286
0.131337 0.064895 0.631638
0.131182 0.059424 0.632468
0.126740 0.064171 0.632589
0.127587 0.065613 0.625114
0.123440 0.061483 0.632142
0.125559 0.065619 0.632848
0.126240 0.062139 0.628985
0.125820 0.064493 0.633278
0.129343 0.063445 0.635512
0.121316 0.059422 0.634003
0.121968 0.061489 0.636789
0.127111 0.070606 0.629299
0.125119 0.063818 0.638727
0.124478 0.057834 0.635628
0.128735 0.060551 0.631959
0.120988 0.063765 0.638667
0.120336 0.064055 0.637512
0.124902 0.063254 0.632823
0.125926 0.064881 0.632025
0.125323 0.063896 0.638622
0.120688 0.062016 0.639884
0.118160 0.063761 0.637559
0.123781 0.065859 0.561750
0.121223 0.071137 0.565988
0.122959 0.066038 0.562319
0.120702 0.064293 0.567518
0.121889 0.060640 0.563269
0.123944 0.066745 0.564151
0.127441 0.069117 0.564907
0.124576 0.062227 0.565140
0.131595 0.066873 0.568824
0.122718 0.066874 0.569862
0.121939 0.064938 0.561002
0.116576 0.066004 0.568162
0.123944 0.064798 0.566901
0.124367 0.066821 0.572117
0.132389 0.066278 0.564689
0.131913 0.065729 0.567430
0.128925 0.064433 0.568373
0.124775 0.068381 0.567020
0.126751 0.071353 0.569306
0.128403 0.062973 0.572511
0.127489 0.061108 0.563756
0.128230 0.065281 0.568739
0.125702 0.068892 0.568296
0.135178 0.065919 0.564962
0.131018 0.072881 0.567867
0.135586 0.061656 0.575729
0.131240 0.063198 0.567352
0.132178 0.064420 0.573858
0.126758 0.064017 0.572011
0.132725 0.063115 0.571888
0.131562 0.071302 0.576810
0.134132 0.065487 0.572235
0.137482 0.067584 0.570664
0.133090 0.068754 0.576051
0.135003 0.068021 0.572210
0.133708 0.071316 0.573320
0.137160 0.063639 0.576284
0.134488 0.057879 0.578213
0.135035 0.064344 0.571294
0.139325 0.070659 0.569635
0.138727 0.060785 0.575892
0.140698 0.065502 0.574270
0.134170 0.063906 0.571212
0.137941 0.062200 0.579962
0.135572 0.068830 0.575308
0.133562 0.071227 0.576384
0.134311 0.065579 0.575595
0.139579 0.066079 0.583371
0.135481 0.067884 0.582663
0.141617 0.069000 0.579516
0.140066 0.062307 0.578894
0.136402 0.070697 0.582010
0.144691 0.065281 0.581217
0.141487 0.063248 0.578861
0.140607 0.064798 0.583569
0.141783 0.060271 0.587503
0.134458 0.069534 0.584443
0.149358 0.072917 0.580133
0.142313 0.065757 0.583196
0.145120 0.064753 0.578159
0.136164 0.065462 0.586107
0.137348 0.059668 0.590943
0.132084 0.067810 0.583022
0.132892 0.065973 0.588266
0.141628 0.064875 0.585880
0.141763 0.060236 0.589239
0.139495 0.066262 0.591527
0.145483 0.068109 0.587304
0.138257 0.068689 0.588857
0.139002 0.068228 0.592283
0.140983 0.072726 0.588564
0.143164 0.058108 0.590098
0.139992 0.065960 0.592467
0.141122 0.066932 0.595173
0.135831 0.070820 0.595194
0.143646 0.063713 0.593905
0.146783 0.063896 0.594604
0.138569 0.068946 0.591450
0.144224 0.065415 0.596489
0.144221 0.065617 0.597496
0.137114 0.067767 0.595996
0.146230 0.065002 0.596628
0.138651 0.068930 0.604129
0.140369 0.064597 0.599545
0.143694 0.063314 0.597039
0.139168 0.066547 0.599706
0.142938 0.060989 0.594631
0.137408 0.068988 0.599322
0.144897 0.065794 0.601970
0.136867 0.073174 0.604363
0.142671 0.067983 0.603143
0.143730 0.064457 0.604928
0.143555 0.063054 0.605280
0.145262 0.066711 0.601985
0.143467 0.061608 0.607871
0.141002 0.067669 0.603309
0.141414 0.067554 0.604659
0.141859 0.064459 0.608078
0.141394 0.063741 0.601145
0.137891 0.069725 0.599691
0.144001 0.066202 0.608558
0.139727 0.063639 0.605551
0.143025 0.066885 0.605315
0.139190 0.065052 0.606827
0.141967 0.064040 0.614182
0.139594 0.061949 0.605476
0.141149 0.063901 0.600945
0.142505 0.067533 0.610164
0.144955 0.063531 0.610390
0.141607 0.070585 0.611930
0.144404 0.062449 0.610383
0.139198 0.063575 0.615614
0.141960 0.067484 0.606320
0.144249 0.059957 0.610620
0.136565 0.067706 0.604625
0.140960 0.062185 0.611889
0.143134 0.064189 0.617641
0.146705 0.059423 0.614338
0.141154 0.070788 0.612613
0.143250 0.059419 0.612104
0.139502 0.063745 0.619181
0.142030 0.062856 0.618666
0.141215 0.063394 0.612041
0.137246 0.067650 0.616871
0.135991 0.058981 0.617040
0.142481 0.063301 0.618073
0.137235 0.067718 0.619397
0.140879 0.061244 0.616602
0.132444 0.062198 0.620825
0.136353 0.066697 0.614134
0.138978 0.064391 0.621712
0.136069 0.059590 0.621100
0.135386 0.064093 0.618119
0.134246 0.062776 0.620494
0.135297 0.062571 0.624445
0.135649 0.066716 0.619954
0.138765 0.068860 0.621501
0.130484 0.065924 0.618190
0.133040 0.058809 0.623148
0.129540 0.062550 0.625413
0.139546 0.064173 0.621543
0.135253 0.066788 0.624813
0.136432 0.063501 0.618856
0.135064 0.065410 0.621961
0.138266 0.066289 0.625285
0.127970 0.061717 0.621875
0.129471 0.067225 0.625139
0.135119 0.063479 0.625176
0.132120 0.066868 0.621642
0.135790 0.069358 0.631841
0.135106 0.065213 0.623697
0.135460 0.063762 0.630105
0.133992 0.067435 0.624558
0.129656 0.069357 0.632474
0.128932 0.069827 0.631653
0.129515 0.065054 0.627026
0.127596 0.067854 0.632572
0.130413 0.064238 0.631873
0.132600 0.065824 0.624162
0.128152 0.068488 0.632015
0.135821 0.064106 0.632040
0.127884 0.065175 0.629380
0.129448 0.064350 0.630035
0.133071 0.063032 0.629112
0.128198 0.067336 0.627882
0.126162 0.064624 0.638758
0.123641 0.066134 0.631890
0.122254 0.061354 0.631427
0.127944 0.067781 0.633905
0.121156 0.067737 0.637606
0.125067 0.067110 0.632354
0.124562 0.064053 0.633041
0.125865 0.061597 0.634619
0.125348 0.068326 0.639774
0.120963 0.063975 0.634391
0.127864 0.065342 0.636256
0.123822 0.066785 0.631793
0.119025 0.064661 0.631019
0.122419 0.065117 0.636821
0.119251 0.068229 0.638007
0.122695 0.072465 0.568670
0.120384 0.069726 0.563182
0.118357 0.064859 0.569744
0.124576 0.074212 0.562545
0.130246 0.067044 0.564990
0.124256 0.070660 0.559542
0.123100 0.071816 0.567769
0.121077 0.071811 0.566872
0.128377 0.067688 0.564596
0.125166 0.068578 0.565539
0.118791 0.075653 0.563112
0.131130 0.071314 0.566337
0.124661 0.073862 0.566286
0.128544 0.072196 0.567846
0.125673 0.071038 0.566106
0.127838 0.067180 0.563451
0.126912 0.077869 0.568761
0.127720 0.070980 0.569198
0.125127 0.069803 0.565866
0.129591 0.072285 0.571833
0.130333 0.072813 0.564898
0.127663 0.071457 0.568356
0.129533 0.069797 0.569584
0.133862 0.064372 0.573537
0.125513 0.071193 0.570526
0.129155 0.069245 0.572468
0.129665 0.067297 0.577279
0.132301 0.068154 0.571481
0.130130 0.070893 0.575187
0.130972 0.066756 0.574750
0.133499 0.069007 0.569066
0.127161 0.075225 0.577119
0.130095 0.071022 0.575034
0.134329 0.069031 0.580030
0.130492 0.067534 0.576992
0.135158 0.072639 0.579211
0.136861 0.068264 0.574891
0.136178 0.072329 0.577194
0.130471 0.066475 0.575350
0.136992 0.064994 0.572485
0.134448 0.064050 0.577377
0.134198 0.070667 0.570192
0.138305 0.068198 0.581488
0.136427 0.063755 0.578771
0.135272 0.067782 0.578322
0.136242 0.068537 0.576752
0.139686 0.066178 0.582328
0.138682 0.066324 0.582461
0.138752 0.069208 0.582956
0.140820 0.064184 0.581159
0.137089 0.067282 0.579814
0.139206 0.064715 0.583555
0.140163 0.067407 0.583315
0.138940 0.070840 0.579722
0.140046 0.068312 0.580118
0.138938 0.069746 0.583485
0.142432 0.067939 0.582876
0.138187 0.062062 0.585318
0.142512 0.078033 0.584214
0.142515 0.069688 0.581385
0.137836 0.067349 0.587621
0.143162 0.071080 0.587599
0.141039 0.068376 0.587096
0.140213 0.067597 0.588223
0.134902 0.068938 0.589342
0.140122 0.068563 0.583402
0.143215 0.069484 0.591844
0.140166 0.077336 0.590086
0.144621 0.066567 0.585545
0.142404 0.070217 0.580704
0.143966 0.072776 0.589056
0.141019 0.065868 0.589512
0.145804 0.066640 0.591968
0.144953 0.066903 0.593741
0.141741 0.069335 0.595435
0.145924 0.068416 0.597478
0.144276 0.071356 0.600315
0.144006 0.069799 0.592516
0.146007 0.068330 0.590538
0.139747 0.072724 0.594139
0.138889 0.073375 0.595620
0.141128 0.068668 0.593541
0.145119 0.069134 0.602810
0.141500 0.064384 0.597035
0.144230 0.071249 0.597315
0.142075 0.069627 0.596967
0.141220 0.070443 0.597190
0.138977 0.065623 0.599730
0.143137 0.066992 0.599662
0.146151 0.065279 0.606030
0.137059 0.075096 0.600921
0.142789 0.067797 0.600591
0.144675 0.072159 0.594445
0.136127 0.069217 0.607453
0.138825 0.070481 0.604341
0.144490 0.066887 0.604311
0.144668 0.070698 0.611232
0.143575 0.065357 0.602449
0.139269 0.066988 0.604790
0.149137 0.067863 0.602219
0.142261 0.068560 0.603573
0.143401 0.069114 0.608055
0.144391 0.066973 0.606916
0.149036 0.069439 0.605404
0.140376 0.069657 0.600542
0.139087 0.069576 0.606927
0.143896 0.072012 0.610226
0.141215 0.068928 0.607382
0.139179 0.072422 0.610124
0.144433 0.068153 0.611453
0.139642 0.072872 0.613484
0.145827 0.065266 0.614908
0.144217 0.069126 0.608153
0.138417 0.067869 0.608382
0.144315 0.064569 0.612853
0.143095 0.068646 0.614330
0.137035 0.072913 0.613414
0.145100 0.070360 0.617038
0.139873 0.070609 0.613059
0.140481 0.064216 0.615470
0.145949 0.069116 0.612514
0.142871 0.065957 0.613789
0.138644 0.072957 0.616474
0.133753 0.066044 0.618164
0.136754 0.067063 0.613921
0.140753 0.061921 0.615376
0.137285 0.071526 0.613942
0.136118 0.072166 0.617186
0.137812 0.072320 0.617552
0.136806 0.071603 0.621043
0.139363 0.067687 0.622796
0.135770 0.068192 0.613165
0.138479 0.067988 0.625700
0.137587 0.071111 0.622844
0.135297 0.072306 0.620985
0.135882 0.069532 0.621923
0.137046 0.068785 0.622744
0.134902 0.070190 0.620457
0.136013 0.068628 0.624227
0.143973 0.070153 0.624023
0.133290 0.066080 0.624791
0.135128 0.067897 0.615816
0.136997 0.071966 0.623249
0.136729 0.066840 0.627809
0.134775 0.072954 0.626201
0.134032 0.069039 0.625706
0.130523 0.068298 0.620442
0.131808 0.071252 0.626497
0.129848 0.069329 0.629962
0.129844 0.062680 0.625203
0.133634 0.068853 0.627203
0.128817 0.067834 0.624362
0.129976 0.068432 0.635636
0.134408 0.070524 0.626778
0.128867 0.067940 0.630450
0.129255 0.070769 0.631332
0.132670 0.067696 0.629647
0.126481 0.072916 0.630840
0.123357 0.067320 0.632351
0.126468 0.069644 0.633351
0.130779 0.063935 0.638269
0.126634 0.066076 0.632526
0.131379 0.064069 0.632637
0.124277 0.067041 0.626088
0.126139 0.069633 0.633011
0.131933 0.069414 0.633533
0.129476 0.065054 0.629278
0.124304 0.068813 0.635765
0.128791 0.068170 0.639070
0.128557 0.071741 0.634522
0.126218 0.066054 0.633055
0.124200 0.068163 0.628262
0.124863 0.075987 0.636722
0.122464 0.070763 0.634399
0.123749 0.066003 0.636400
0.124900 0.071741 0.638528
0.125875 0.072391 0.637445
0.118292 0.066484 0.635011
0.125577 0.069669 0.635332
0.119218 0.066241 0.635711
0.117668 0.072448 0.561135
0.122644 0.069742 0.565760
0.127499 0.072050 0.562707
0.127830 0.074072 0.562848
0.119414 0.074999 0.571554
0.125564 0.073793 0.562391
0.123666 0.076411 0.561663
0.126815 0.072041 0.559713
0.126578 0.068428 0.570031
0.128470 0.067940 0.568376
0.124489 0.069215 0.565793
0.124195 0.074231 0.566864
0.127617 0.070903 0.561568
0.127848 0.076108 0.571192
0.129073 0.074164 0.563393
0.127205 0.072575 0.565329
0.130779 0.066542 0.567301
0.126973 0.073277 0.570660
0.122595 0.073197 0.567393
0.128217 0.070541 0.566237
0.129322 0.069196 0.563878
0.135279 0.076652 0.566522
0.128683 0.078579 0.569731
0.125051 0.075094 0.570016
0.132929 0.069380 0.573070
0.131417 0.073937 0.567137
0.125711 0.075428 0.570473
0.134846 0.073447 0.574901
0.130093 0.078249 0.571232
0.131541 0.072976 0.573947
0.131234 0.069418 0.577880
0.131155 0.069941 0.571626
0.131865 0.070447 0.576120
0.134132 0.068298 0.572767
0.129541 0.072204 0.571330
0.136902 0.072739 0.571354
0.130150 0.076807 0.578873
0.137342 0.074737 0.580170
0.131392 0.073173 0.572091
0.131659 0.069338 0.576473
0.133659 0.071740 0.576782
0.134796 0.075752 0.576710
0.137980 0.071623 0.579229
0.139005 0.073666 0.574689
0.135876 0.075515 0.579502
0.136742 0.074281 0.577347
0.138284 0.074641 0.579160
0.138567 0.070152 0.577100
0.136638 0.071767 0.582199
0.134469 0.074762 0.581328
0.135165 0.072349 0.580322
0.141041 0.073246 0.577201
0.137387 0.073256 0.578831
0.140403 0.078633 0.586035
0.137914 0.072565 0.579961
0.136931 0.072330 0.586474
0.142708 0.072894 0.584481
0.133787 0.068246 0.578245
0.136900 0.073889 0.582196
0.141904 0.074497 0.587746
0.141651 0.073240 0.581586
0.137479 0.069271 0.586308
0.139463 0.074594 0.593332
0.142265 0.072026 0.588893
0.140510 0.074817 0.582580
0.139320 0.071085 0.582867
0.138750 0.071530 0.586245
0.145801 0.073678 0.587458
0.140564 0.071232 0.590098
0.146279 0.073019 0.589012
0.142428 0.074132 0.591201
0.142612 0.068068 0.588163
0.146118 0.071380 0.590176
0.141543 0.074824 0.591651
0.141440 0.072180 0.594642
0.138527 0.072535 0.592027
0.143063 0.068896 0.595170
0.144530 0.073152 0.591364
0.139281 0.069357 0.598460
0.141812 0.073656 0.593873
0.149054 0.072650 0.592569
0.143524 0.074504 0.595472
0.139488 0.081766 0.592446
0.141360 0.072143 0.597890
0.141423 0.071102 0.599314
0.145040 0.068141 0.596572
0.142814 0.071517 0.596755
0.138546 0.076865 0.595591
0.139284 0.069635 0.604108
0.144530 0.069988 0.605162
0.141416 0.072755 0.595008
0.144613 0.077210 0.601897
0.145416 0.072777 0.601304
0.140200 0.068691 0.604779
0.147581 0.071756 0.601285
0.144338 0.073000 0.603673
0.143324 0.073672 0.606023
0.139387 0.074115 0.605999
0.145029 0.069172 0.605840
0.138497 0.070109 0.604551
0.139005 0.070527 0.609119
0.142784 0.074639 0.604790
0.144395 0.073066 0.606698
0.140785 0.073491 0.608752
0.141595 0.074212 0.606648
0.139935 0.072090 0.608740
0.141267 0.069937 0.602891
0.139595 0.072341 0.602941
0.146264 0.073369 0.609752
0.141438 0.066931 0.609849
0.142461 0.070864 0.609559
0.141740 0.070356 0.611520
0.135034 0.074546 0.612936
0.139235 0.072854 0.611828
0.137910 0.076238 0.611549
0.138337 0.073946 0.610876
0.134309 0.073801 0.614152
0.136227 0.068386 0.609726
0.135322 0.070741 0.613247
0.139507 0.076947 0.612202
0.138653 0.075013 0.613413
0.140570 0.073672 0.612207
0.143397 0.072460 0.620772
0.142684 0.074192 0.623711
0.139152 0.075151 0.616981
0.137430 0.076101 0.618098
0.134732 0.072144 0.618557
0.135856 0.078996 0.613206
0.144243 0.072486 0.621476
0.136771 0.071326 0.615124
0.137093 0.076856 0.614438
0.136436 0.074377 0.621544
0.131276 0.073026 0.624130
0.133593 0.070390 0.621147
0.141716 0.074877 0.618074
0.144171 0.072369 0.618186
0.138756 0.073218 0.622590
0.137387 0.070399 0.626804
0.133235 0.071623 0.618392
0.136358 0.072616 0.621449
0.135907 0.071187 0.621383
0.140685 0.074710 0.620534
0.135868 0.071940 0.628105
0.135520 0.071971 0.622696
0.132692 0.069930 0.629810
0.138286 0.072756 0.623025
0.134044 0.078179 0.623378
0.137525 0.072790 0.628928
0.129679 0.068304 0.630255
0.134397 0.072159 0.624624
0.137503 0.074497 0.627805
0.132078 0.078399 0.627983
0.126317 0.073314 0.627955
0.129798 0.072899 0.627844
0.131221 0.070066 0.628683
0.132176 0.079683 0.631243
0.126203 0.069062 0.630436
0.130748 0.074399 0.627584
0.129225 0.075771 0.628271
0.131065 0.067667 0.631007
0.134738 0.067966 0.635806
0.132993 0.075415 0.632612
0.129226 0.075266 0.629306
0.130432 0.075028 0.629247
0.133214 0.074532 0.630885
0.125299 0.074826 0.630901
0.128062 0.073334 0.629702
0.124637 0.074600 0.634710
0.124485 0.069617 0.630737
0.126575 0.075321 0.635516
0.125833 0.072907 0.634850
0.122431 0.072579 0.634950
0.118714 0.069529 0.637581
0.123801 0.072007 0.635312
0.124530 0.073095 0.638377
0.122832 0.071222 0.631739
0.122677 0.067375 0.638410
0.124452 0.075149 0.638886
0.123449 0.073502 0.632336
0.120968 0.074008 0.637298
0.123006 0.080862 0.567686
0.124260 0.076101 0.561638
0.122667 0.073189 0.565744
0.121474 0.074128 0.560934
0.123921 0.084024 0.571811
0.124443 0.076101 0.562321
0.124319 0.077603 0.560815
0.125881 0.071974 0.566791
0.129158 0.073121 0.558372
0.121638 0.078392 0.565051
0.123521 0.077858 0.565819
0.129837 0.070345 0.567535
0.127326 0.079850 0.567425
0.129373 0.072939 0.568979
0.123385 0.073756 0.560566
0.129452 0.081246 0.562747
0.128892 0.076997 0.571105
0.127445 0.075206 0.566896
0.129215 0.073662 0.565190
0.134824 0.078011 0.574075
0.133081 0.078868 0.570497
0.128928 0.077401 0.573625
0.127576 0.072947 0.576242
0.132966 0.073324 0.575815
0.129524 0.078345 0.567790
0.130861 0.078980 0.569892
0.132422 0.077540 0.573504
0.134125 0.076162 0.571256
0.131952 0.075074 0.571421
0.127602 0.080441 0.574336
0.127503 0.076608 0.575848
0.128725 0.074436 0.567741
0.132077 0.074554 0.575229
0.136275 0.076441 0.570738
0.132999 0.074232 0.574215
0.137350 0.076053 0.573593
0.136429 0.077078 0.582484
0.134784 0.073279 0.569687
0.131977 0.072751 0.572828
0.131401 0.075974 0.576641
0.136973 0.078847 0.577509
0.136799 0.077568 0.570094
0.138374 0.073407 0.582659
0.135623 0.073374 0.579026
0.138740 0.076393 0.577250
0.129405 0.074775 0.575761
0.136893 0.077269 0.582164
0.140297 0.070362 0.581630
0.141239 0.081823 0.582885
0.137513 0.074014 0.580811
0.137982 0.075935 0.583379
0.140171 0.077598 0.585456
0.138440 0.075057 0.582694
0.142900 0.079399 0.581313
0.139261 0.077247 0.580224
0.135208 0.075919 0.580802
0.137484 0.082006 0.587541
0.136452 0.079618 0.586009
0.142589 0.074578 0.580247
0.139461 0.076138 0.582362
0.138441 0.077538 0.586897
0.138401 0.073911 0.589309
0.140011 0.072938 0.588702
0.141841 0.073600 0.585851
0.137856 0.076890 0.591933
0.142666 0.071894 0.589466
0.139158 0.070251 0.589513
0.140166 0.074838 0.589437
0.140262 0.077495 0.595283
0.142017 0.079410 0.581346
0.142162 0.074516 0.587590
0.146956 0.077239 0.586581
0.144926 0.077870 0.587246
0.139956 0.078194 0.591020
0.140943 0.075457 0.591084
0.141084 0.075756 0.599678
0.141524 0.074776 0.595194
0.140505 0.071793 0.589988
0.142879 0.079844 0.588580
0.140570 0.082644 0.597370
0.140373 0.075667 0.588040
0.147415 0.078935 0.599757
0.144654 0.079179 0.596526
0.139673 0.075691 0.596381
0.145693 0.076518 0.595038
0.140665 0.074436 0.601739
0.144463 0.072794 0.599214
0.144055 0.082482 0.598956
0.145603 0.074986 0.597563
0.140534 0.074507 0.597810
0.138638 0.074020 0.603741
0.143364 0.077194 0.596811
0.146550 0.075567 0.600309
0.142587 0.077048 0.602300
0.139216 0.080309 0.597217
0.141604 0.073883 0.604537
0.142478 0.080043 0.599272
0.142726 0.075481 0.605546
0.140551 0.080311 0.604033
0.140366 0.077688 0.608341
0.143395 0.074799 0.608500
0.143143 0.076456 0.606435
0.144702 0.074035 0.610715
0.144729 0.074793 0.609275
0.140627 0.074972 0.606233
0.141900 0.076719 0.610054
0.140082 0.072429 0.603269
0.146722 0.079102 0.609700
0.132627 0.077993 0.613067
0.141000 0.079291 0.605880
0.143721 0.080572 0.607862
0.138830 0.075901 0.613079
0.140363 0.075858 0.614209
0.145252 0.077126 0.607837
0.134334 0.077290 0.613433
0.138820 0.075701 0.612300
0.138173 0.075826 0.613785
0.144426 0.075430 0.618889
0.137088 0.074880 0.614358
0.143460 0.077559 0.612872
0.136025 0.077084 0.610377
0.136562 0.077213 0.615567
0.138012 0.078728 0.613715
0.134154 0.077825 0.614680
0.140505 0.079787 0.616067
0.141050 0.075990 0.615243
0.135021 0.074619 0.619422
0.134434 0.078255 0.620900
0.140651 0.076758 0.616612
0.138595 0.080149 0.622691
0.132199 0.078813 0.618810
0.140118 0.078103 0.618473
0.136233 0.074428 0.619563
0.132515 0.077700 0.617762
0.134271 0.078704 0.617380
0.132223 0.076027 0.626973
0.145230 0.076920 0.620775
0.135216 0.078439 0.621784
0.136231 0.072873 0.625912
0.135451 0.075483 0.619205
0.134001 0.075285 0.616046
0.132834 0.072335 0.620991
0.135893 0.082122 0.617855
0.135709 0.075702 0.627666
0.131201 0.077868 0.629747
0.130316 0.078821 0.624066
0.132604 0.074668 0.628150
0.136980 0.075159 0.623566
0.135407 0.074885 0.630722
0.135292 0.076712 0.630953
0.128788 0.080828 0.634095
0.135056 0.076945 0.628968
0.131058 0.081717 0.627318
0.135494 0.072784 0.629717
0.133090 0.078126 0.630641
0.133120 0.077016 0.629480
0.126624 0.080735 0.624515
0.128050 0.080263 0.628784
0.129711 0.075352 0.631339
0.131309 0.077214 0.629697
0.132654 0.069077 0.630908
0.126874 0.071076 0.628593
0.128860 0.077632 0.636777
0.123194 0.077545 0.635059
0.122911 0.079333 0.632345
0.129412 0.073750 0.635212
0.126747 0.075304 0.639609
0.124749 0.075587 0.632278
0.121016 0.079572 0.630946
0.124631 0.077499 0.629393
0.122579 0.069846 0.629390
0.126828 0.069429 0.641923
0.128171 0.078811 0.638487
0.123456 0.080691 0.629772
0.122971 0.075592 0.632580
0.122860 0.074362 0.633567
0.125177 0.072948 0.641228
0.118658 0.078685 0.631756
0.124837 0.079386 0.635568
0.116455 0.076992 0.636984
0.126826 0.080213 0.562968
0.120863 0.082503 0.559520
0.119244 0.085582 0.566400
0.119729 0.075320 0.567148
0.122039 0.076342 0.563023
0.123606 0.087112 0.563566
0.121523 0.076059 0.563698
0.123605 0.077890 0.567613
0.122875 0.073707 0.567019
0.123259 0.084825 0.562913
0.126086 0.083437 0.569650
0.129560 0.080615 0.571079
0.126921 0.084120 0.565872
0.128396 0.076907 0.562258
0.124849 0.081402 0.564283
0.127615 0.082931 0.565742
0.132254 0.084807 0.570784
0.128569 0.076777 0.567147
0.121117 0.085830 0.575178
0.126398 0.074952 0.563818
0.131641 0.078620 0.567421
0.128586 0.082061 0.573134
0.129803 0.085290 0.572750
0.129812 0.084517 0.567275
0.131372 0.081036 0.568817
0.133119 0.081236 0.568262
0.127454 0.080882 0.569428
0.128877 0.078801 0.574777
0.139223 0.078765 0.574956
0.135538 0.078460 0.564792
0.137003 0.080595 0.573000
0.132215 0.076484 0.573939
0.133237 0.081326 0.575984
0.128824 0.078562 0.569956
0.131269 0.079964 0.572336
0.132960 0.076290 0.572303
0.138324 0.083945 0.577337
0.136386 0.076409 0.577632
0.138386 0.076152 0.580548
0.138589 0.074570 0.579646
0.136834 0.074891 0.577258
0.140167 0.082689 0.581556
0.137370 0.081075 0.572047
0.140260 0.083153 0.577566
0.133405 0.081269 0.583727
0.136307 0.076775 0.577932
0.143082 0.076730 0.578282
0.135774 0.073993 0.581766
0.139571 0.076124 0.586367
0.138783 0.080139 0.582440
0.138372 0.085777 0.583379
0.142747 0.082090 0.580087
0.137289 0.072131 0.579438
0.145357 0.081662 0.582937
0.145062 0.078114 0.583174
0.139566 0.074282 0.585451
0.142803 0.074625 0.582129
0.136851 0.083393 0.589157
0.138896 0.076233 0.583076
0.142251 0.076878 0.592522
0.138927 0.078043 0.587020
0.137021 0.079292 0.586150
0.135099 0.080325 0.584098
0.140259 0.080123 0.585860
0.139693 0.082334 0.588374
0.139631 0.079216 0.589032
0.137636 0.083983 0.586752
0.143945 0.082712 0.585509
0.141477 0.082186 0.589903
0.144176 0.080581 0.592768
0.139486 0.075878 0.595232
0.141811 0.080286 0.591990
0.144548 0.076123 0.587291
0.139050 0.080009 0.589435
0.141114 0.081554 0.595182
0.143518 0.079814 0.594909
0.143983 0.080414 0.596727
0.142371 0.083164 0.598844
0.141545 0.079410 0.598592
0.140741 0.076094 0.593561
0.144989 0.079860 0.593684
0.136809 0.082437 0.594454
0.140503 0.074804 0.595075
0.147416 0.081385 0.597519
0.146599 0.075689 0.600345
0.147196 0.079155 0.597469
0.143284 0.079752 0.594023
0.145043 0.083589 0.601680
0.141941 0.076956 0.601966
0.139594 0.076458 0.604104
0.139628 0.077549 0.603885
0.145364 0.074232 0.601509
0.144524 0.082397 0.598414
0.143760 0.084068 0.601700
0.147472 0.082638 0.604721
0.142602 0.081130 0.603023
0.136926 0.079012 0.599901
0.138389 0.083901 0.607951
0.145934 0.078181 0.601718
0.146499 0.080416 0.603046
0.147822 0.084824 0.600475
0.142320 0.078555 0.605535
0.134802 0.072738 0.608062
0.142668 0.079131 0.609308
0.138920 0.075329 0.607808
0.141269 0.083551 0.606107
0.141677 0.079571 0.605952
0.141178 0.086144 0.609543
0.143965 0.079645 0.609034
0.141441 0.078305 0.615912
0.144258 0.084668 0.608777
0.143027 0.075853 0.603640
0.137479 0.083279 0.610521
0.138000 0.080285 0.611303
0.141848 0.078595 0.610220
0.139273 0.080841 0.610865
0.144994 0.084333 0.615366
0.141572 0.078385 0.616099
0.145140 0.082712 0.610655
0.139633 0.081216 0.616224
0.139633 0.076301 0.611643
0.138380 0.078564 0.617180
0.141881 0.079184 0.618121
0.141254 0.080087 0.621078
0.143304 0.081714 0.617315
0.139105 0.080882 0.617695
0.137552 0.081810 0.615879
0.138976 0.088424 0.613597
0.134977 0.077978 0.619101
0.136962 0.080426 0.619737
0.134685 0.079558 0.620808
0.137899 0.080524 0.614249
0.137527 0.078176 0.626662
0.139161 0.081734 0.621198
0.136684 0.081947 0.620320
0.134338 0.086667 0.621242
0.134746 0.078538 0.619652
0.136887 0.081528 0.617441
0.135214 0.079534 0.621419
0.132729 0.082360 0.628721
0.133959 0.079244 0.624982
0.138021 0.084776 0.623383
0.134615 0.082810 0.625484
0.137800 0.080163 0.625565
0.133272 0.080817 0.622617
0.133086 0.074461 0.626272
0.130375 0.081047 0.624418
0.129904 0.082949 0.628187
0.130225 0.078995 0.631597
0.131596 0.081398 0.623600
0.137146 0.081957 0.624745
0.132980 0.082053 0.633346
0.134959 0.084092 0.630536
0.133042 0.080904 0.630667
0.129073 0.075577 0.631011
0.129660 0.085293 0.630686
0.132632 0.071927 0.630866
0.132190 0.081593 0.627922
0.129744 0.078051 0.627159
0.130462 0.080029 0.633447
0.130864 0.085007 0.628898
0.127041 0.080407 0.633211
0.128191 0.079398 0.635648
0.129493 0.081396 0.632928
0.130310 0.077712 0.633696
0.122400 0.076830 0.634406
0.128657 0.079582 0.632518
0.131564 0.081029 0.634603
0.122041 0.082509 0.637623
0.130760 0.082340 0.628711
0.121688 0.075307 0.628953
0.125351 0.079116 0.632781
0.122375 0.077865 0.640941
0.122639 0.079437 0.635536
0.120429 0.076585 0.635655
0.123090 0.079654 0.633807
0.117983 0.076918 0.631979
0.127253 0.080791 0.634502
0.126018 0.084325 0.637052
0.119854 0.079592 0.641130
0.119543 0.081164 0.561616
0.118576 0.083140 0.558086
0.124068 0.085521 0.563495
0.122432 0.084975 0.570704
0.118326 0.084852 0.562870
0.121148 0.083851 0.562339
0.120141 0.081789 0.561415
0.125784 0.085831 0.566657
0.120272 0.083638 0.575052
0.125610 0.083096 0.565179
0.124450 0.085123 0.567530
0.129493 0.090201 0.565543
0.120378 0.080397 0.568454
0.126434 0.086997 0.567232
0.126419 0.083050 0.569989
0.128894 0.083472 0.566825
0.130630 0.078842 0.564825
0.127602 0.081779 0.568407
0.126094 0.084042 0.570978
0.123914 0.087303 0.573306
0.132983 0.078710 0.570989
0.133051 0.078182 0.570301
0.127250 0.078659 0.574931
0.130724 0.081598 0.574312
0.132512 0.084505 0.569212
0.127454 0.083698 0.570534
0.133067 0.081258 0.570551
0.127087 0.084982 0.572360
0.133736 0.084975 0.575469
0.135741 0.081065 0.573096
0.132263 0.083621 0.572741
0.133889 0.080618 0.568116
0.132735 0.087365 0.570447
0.130623 0.087346 0.575706
0.132006 0.082318 0.571279
0.137241 0.079010 0.573395
0.128451 0.080425 0.579745
0.128508 0.086678 0.577675
0.137780 0.080970 0.576938
0.136115 0.084790 0.575378
0.133740 0.083496 0.576387
0.132847 0.086758 0.575358
0.139936 0.079290 0.580361
0.135984 0.084189 0.575361
0.135114 0.085536 0.580576
0.135356 0.084512 0.578604
0.131635 0.081643 0.577403
0.136590 0.078995 0.581667
0.135245 0.083035 0.581930
0.143675 0.081670 0.578351
0.137490 0.087877 0.575945
0.135528 0.082244 0.575902
0.138186 0.079723 0.580999
0.139580 0.078098 0.581025
0.142877 0.079553 0.580073
0.137371 0.079134 0.584265
0.136609 0.080378 0.581616
0.137405 0.084742 0.586197
0.139722 0.083295 0.586652
0.144327 0.085941 0.583445
0.135913 0.080950 0.585414
0.141321 0.082591 0.583507
0.141536 0.080717 0.587403
0.138756 0.083037 0.586545
0.142024 0.084862 0.582595
0.138429 0.082891 0.582957
0.143930 0.082027 0.584454
0.137028 0.078849 0.587633
0.143944 0.085800 0.586260
0.140630 0.086589 0.587395
0.140086 0.086890 0.587644
0.139018 0.086640 0.589982
0.141028 0.081121 0.590941
0.139503 0.082926 0.588787
0.143218 0.079490 0.596206
0.139520 0.081780 0.591464
0.141233 0.082791 0.594517
0.140649 0.084827 0.589309
0.141040 0.078165 0.595994
0.144151 0.088871 0.590409
0.147221 0.081179 0.598388
0.144243 0.085486 0.593970
0.142512 0.078993 0.591571
0.146240 0.077091 0.595086
0.141830 0.078705 0.596968
0.137811 0.082219 0.598561
0.132375 0.082355 0.600505
0.141164 0.086945 0.596069
0.144894 0.080750 0.599770
0.136986 0.084471 0.599154
0.142608 0.082451 0.597444
0.138443 0.081320 0.599414
0.138577 0.084903 0.600222
0.145318 0.078485 0.603442
0.143622 0.085608 0.604176
0.143701 0.081337 0.602013
0.143908 0.081403 0.603084
0.140954 0.076539 0.602880
0.138478 0.079424 0.603620
0.146146 0.083303 0.602215
0.144610 0.079053 0.609512
0.143651 0.090910 0.604692
0.141375 0.080693 0.608024
0.139897 0.085263 0.607915
0.138091 0.084228 0.598009
0.149377 0.078948 0.602661
0.139299 0.083510 0.610423
0.147408 0.082451 0.606422
0.140182 0.076076 0.612637
0.147328 0.082478 0.609709
0.138732 0.078319 0.608895
0.141094 0.082545 0.613314
0.143238 0.081095 0.612574
0.145397 0.085794 0.613069
0.140223 0.078690 0.611362
0.140872 0.080980 0.614362
0.139298 0.082475 0.607982
0.142101 0.081902 0.614382
0.145857 0.082178 0.611737
0.141849 0.087427 0.616562
0.139655 0.086257 0.613679
0.137146 0.086336 0.619885
0.140205 0.082187 0.620352
0.132869 0.079563 0.619427
0.143722 0.083302 0.620394
0.137113 0.078913 0.610744
0.138756 0.082524 0.617991
0.137425 0.082812 0.611995
0.139206 0.082130 0.618519
0.138926 0.087059 0.613033
0.136538 0.079091 0.615947
0.136519 0.086946 0.624807
0.139084 0.081320 0.619850
0.141977 0.081420 0.623999
0.140700 0.081899 0.618832
0.134088 0.080280 0.622547
0.138494 0.081194 0.621602
0.135564 0.075354 0.626965
0.137942 0.081668 0.616985
0.134600 0.090407 0.625953
0.128238 0.078287 0.625128
0.132553 0.085903 0.625643
0.136009 0.084120 0.623779
0.134031 0.081260 0.621468
0.135147 0.079727 0.623191
0.133619 0.083819 0.626588
0.128183 0.077994 0.626683
0.133569 0.081421 0.629412
0.131161 0.079181 0.624442
0.132227 0.085272 0.624433
0.130795 0.084991 0.625494
0.135566 0.083019 0.628955
0.129636 0.079469 0.626047
0.129955 0.081973 0.622417
0.132583 0.081219 0.625999
0.132057 0.086413 0.631199
0.130845 0.084334 0.626208
0.128576 0.084434 0.630809
0.129897 0.082841 0.635540
0.129903 0.080550 0.634517
0.131271 0.076981 0.630476
0.130765 0.085292 0.636073
0.128756 0.078407 0.631570
0.129964 0.084858 0.633131
0.123850 0.080502 0.637705
0.131335 0.082474 0.633016
0.121304 0.078317 0.636807
0.122999 0.086986 0.635414
0.129379 0.084349 0.634155
0.126045 0.078915 0.631012
0.126273 0.078626 0.632811
0.122347 0.080645 0.634887
0.120991 0.081754 0.634920
0.121338 0.084862 0.637207
0.125171 0.075622 0.637561
0.127429 0.085482 0.632167
0.126223 0.083499 0.641164
0.122434 0.079696 0.637027
0.122656 0.081848 0.632262
0.117822 0.083312 0.641918
0.121331 0.086257 0.561251
0.121855 0.083924 0.559455
0.123205 0.086725 0.565705
0.119402 0.092622 0.568565
0.117993 0.088379 0.562181
0.121135 0.081512 0.564242
0.121909 0.090488 0.563835
0.119258 0.082008 0.561344
0.132236 0.086300 0.568126
0.125652 0.088773 0.563010
0.123423 0.085083 0.567139
0.122085 0.085319 0.568943
0.124489 0.080015 0.567523
0.120815 0.090832 0.565899
0.131875 0.087830 0.564846
0.128377 0.084089 0.565770
0.125959 0.084600 0.568154
0.132192 0.086558 0.572119
0.130693 0.084510 0.569602
0.129809 0.088241 0.567766
0.125907 0.085739 0.570356
0.128584 0.090644 0.573140
0.126879 0.088849 0.572001
0.128797 0.085251 0.571478
0.129554 0.088164 0.567865
0.126672 0.086052 0.573039
0.134690 0.087121 0.575070
0.128292 0.081413 0.573264
0.135123 0.082309 0.572755
0.135526 0.084319 0.570880
0.137880 0.082548 0.575705
0.128239 0.087587 0.570166
0.133198 0.086351 0.568788
0.135613 0.086386 0.576015
0.140472 0.087886 0.572354
0.134482 0.088258 0.577874
0.134470 0.078700 0.578099
0.130872 0.085086 0.578499
0.131517 0.088816 0.568790
0.134275 0.084919 0.577448
0.137682 0.087349 0.576601
0.134172 0.084634 0.577075
0.139390 0.091954 0.576597
0.138021 0.086922 0.579009
0.136886 0.089058 0.574728
0.136447 0.085423 0.577255
0.135806 0.083971 0.580633
0.133167 0.083312 0.583117
0.139358 0.082800 0.582796
0.132679 0.084849 0.586716
0.143105 0.082916 0.578052
0.138580 0.088384 0.579157
0.138249 0.088541 0.577183
0.131637 0.090382 0.580565
0.138291 0.084390 0.582845
0.135676 0.086019 0.584594
0.137927 0.084291 0.585824
0.139885 0.087365 0.581431
0.137060 0.089020 0.583329
0.142507 0.085625 0.588365
0.139252 0.084006 0.584926
0.141482 0.082666 0.583343
0.138155 0.088288 0.583197
0.137686 0.086756 0.585563
0.143586 0.088629 0.585173
0.140546 0.086433 0.583975
0.137333 0.085143 0.589076
0.142813 0.085076 0.592306
0.141993 0.089212 0.584121
0.145534 0.087241 0.590225
0.145818 0.087242 0.589803
0.140052 0.088789 0.586791
0.142154 0.090463 0.587262
0.142112 0.083105 0.582595
0.142877 0.084999 0.589288
0.143940 0.086786 0.592107
0.144627 0.085559 0.586922
0.146981 0.086370 0.593018
0.140061 0.087257 0.592824
0.141435 0.085741 0.598513
0.140563 0.088367 0.596943
0.142289 0.086025 0.598205
0.151183 0.087519 0.592406
0.145544 0.088379 0.598556
0.146885 0.090773 0.597230
0.140121 0.086324 0.598705
0.141745 0.088805 0.599994
0.141598 0.087698 0.603436
0.146947 0.086061 0.602935
0.141757 0.087192 0.596734
0.142908 0.084078 0.600560
0.143560 0.086921 0.604506
0.142013 0.085811 0.600375
0.138799 0.086423 0.606724
0.136862 0.083880 0.601882
0.144434 0.086351 0.606250
0.140440 0.090091 0.602466
0.148653 0.085319 0.600992
0.145016 0.087279 0.603119
0.137734 0.082575 0.600399
0.142008 0.086993 0.608274
0.136140 0.088122 0.610360
0.139118 0.084601 0.607744
0.140630 0.086963 0.609628
0.139272 0.085094 0.607501
0.138743 0.089800 0.608264
0.136836 0.088422 0.609489
0.141216 0.083224 0.608075
0.138952 0.088168 0.608647
0.139471 0.085061 0.608733
0.144947 0.083721 0.606793
0.143211 0.088736 0.610873
0.138398 0.089477 0.609656
0.136450 0.085537 0.615285
0.139193 0.082638 0.611854
0.143817 0.084376 0.617122
0.137147 0.081370 0.614626
0.135930 0.085949 0.612135
0.135913 0.081194 0.612236
0.138800 0.089333 0.619795
0.138810 0.085254 0.617414
0.138384 0.088755 0.616557
0.137723 0.092041 0.617016
0.138890 0.085967 0.618579
0.137408 0.087925 0.613436
0.135507 0.086488 0.615309
0.137346 0.077846 0.614009
0.136416 0.083710 0.620507
0.142550 0.082549 0.619081
0.138453 0.087956 0.618232
0.137816 0.083540 0.615470
0.136193 0.089935 0.623951
0.138400 0.085147 0.618454
0.135121 0.089736 0.616558
0.137380 0.094429 0.616537
0.133547 0.083784 0.624254
0.135909 0.084550 0.621956
0.138995 0.084133 0.618674
0.140961 0.084458 0.624532
0.139169 0.084995 0.624935
0.130643 0.080335 0.625940
0.135961 0.085202 0.621957
0.130483 0.081436 0.621662
0.132296 0.091960 0.625622
0.133726 0.088988 0.622860
0.132775 0.088341 0.625912
0.135016 0.088337 0.628536
0.135005 0.086481 0.627179
0.134415 0.090790 0.627350
0.128935 0.086580 0.626551
0.129060 0.083278 0.625644
0.135792 0.088511 0.626834
0.127539 0.090678 0.624639
0.133323 0.083842 0.633544
0.131611 0.086489 0.628045
0.132833 0.087186 0.631220
0.132591 0.088570 0.630456
0.132693 0.085238 0.633595
0.124764 0.081768 0.632259
0.128738 0.085040 0.626309
0.131699 0.087445 0.626063
0.125630 0.091416 0.636042
0.126192 0.082273 0.630861
0.131392 0.084510 0.624785
0.129173 0.083086 0.633951
0.129839 0.091290 0.631607
0.124450 0.082688 0.632942
0.127978 0.083314 0.641940
0.126884 0.085583 0.633504
0.123401 0.082684 0.636462
0.129471 0.084438 0.634335
0.121252 0.084969 0.632035
0.124913 0.086921 0.633044
0.123314 0.088897 0.638786
0.122400 0.085199 0.639379
0.122489 0.085566 0.636425
0.123951 0.080624 0.630923
0.121847 0.086794 0.632545
0.119339 0.089175 0.633561
0.121635 0.087333 0.631172
0.122660 0.087828 0.560464
0.116358 0.089436 0.562192
0.121348 0.090200 0.562814
0.123911 0.089986 0.564263
0.126100 0.083899 0.562509
0.121479 0.088244 0.564335
0.127592 0.093341 0.566970
0.122514 0.086221 0.563829
0.119956 0.092585 0.563585
0.125506 0.090519 0.567432
0.127256 0.089072 0.567329
0.124382 0.089341 0.566462
0.125724 0.088005 0.572896
0.126769 0.088921 0.564653
0.125906 0.090787 0.564152
0.129475 0.088025 0.564820
0.128499 0.088310 0.569608
0.127727 0.089801 0.563855
0.129633 0.090965 0.571458
0.127680 0.092487 0.571937
0.128036 0.093030 0.569168
0.133804 0.088363 0.567987
0.130552 0.085640 0.566048
0.127970 0.084928 0.570996
0.125927 0.087913 0.570902
0.127155 0.086701 0.570890
0.130293 0.096716 0.573578
0.131259 0.090527 0.571172
0.128278 0.090795 0.569932
0.132178 0.093278 0.570235
0.134143 0.088200 0.572786
0.133665 0.090572 0.572524
0.134994 0.087697 0.575892
0.127871 0.090500 0.571551
0.140247 0.089026 0.574579
0.133963 0.087234 0.572822
0.135349 0.080205 0.577474
0.134335 0.094248 0.574441
0.134588 0.091401 0.574979
0.132736 0.087793 0.576901
0.131526 0.087103 0.579982
0.132549 0.086501 0.580300
0.137887 0.089474 0.581415
0.133455 0.086313 0.574476
0.142451 0.089924 0.582710
0.136767 0.089515 0.582045
0.134526 0.090987 0.583293
0.134669 0.095048 0.575840
0.138486 0.090699 0.579000
0.138746 0.090631 0.581120
0.139093 0.088124 0.575618
0.142887 0.090733 0.580697
0.137144 0.087160 0.584295
0.136265 0.095852 0.582392
0.137373 0.089582 0.586935
0.143102 0.086913 0.582944
0.139966 0.094513 0.579910
0.141327 0.088384 0.582572
0.138237 0.087867 0.587434
0.142030 0.092096 0.586137
0.141251 0.087038 0.581034
0.137858 0.090754 0.578291
0.141645 0.093549 0.586825
0.137340 0.083323 0.587152
0.140900 0.090257 0.587869
0.141104 0.093509 0.583263
0.140367 0.091911 0.589185
0.137734 0.091534 0.585269
0.140434 0.086913 0.586297
0.142256 0.090983 0.588569
0.144830 0.088910 0.589995
0.140906 0.087619 0.592504
0.136476 0.091665 0.585219
0.144625 0.086092 0.593620
0.141103 0.085102 0.595128
0.140251 0.087877 0.601718
0.141244 0.085296 0.594903
0.141625 0.089485 0.591288
0.145326 0.089637 0.591589
0.140252 0.090871 0.589471
0.145176 0.088261 0.590251
0.141988 0.086825 0.590214
0.139670 0.093497 0.594615
0.138313 0.085255 0.592156
0.144909 0.092982 0.600751
0.141504 0.090208 0.599470
0.135291 0.087992 0.603379
0.138413 0.092475 0.596915
0.139477 0.092377 0.600087
0.136408 0.092398 0.596323
0.144994 0.087738 0.605317
0.146115 0.089011 0.599424
0.142235 0.091566 0.598411
0.141020 0.088365 0.605679
0.138995 0.089336 0.605135
0.143062 0.089540 0.604039
0.143703 0.090252 0.605924
0.140862 0.085083 0.602097
0.141787 0.086102 0.607695
0.139009 0.084010 0.602060
0.134504 0.088502 0.608655
0.142271 0.090943 0.601835
0.141405 0.086626 0.603247
0.142027 0.086307 0.606128
0.146794 0.089738 0.606831
0.143655 0.088198 0.606877
0.139460 0.097297 0.605811
0.141902 0.084483 0.610505
0.148448 0.094611 0.606985
0.139266 0.088631 0.610820
0.143226 0.090439 0.612120
0.141459 0.093637 0.614019
0.140764 0.091653 0.616290
0.139428 0.092604 0.612619
0.145863 0.093997 0.615607
0.144255 0.089886 0.613700
0.138984 0.086819 0.616532
0.139530 0.090863 0.612492
0.139267 0.089249 0.611060
0.140617 0.088322 0.615246
0.136481 0.083979 0.617231
0.141386 0.092191 0.612528
0.134856 0.090853 0.621480
0.141457 0.089096 0.615245
0.143889 0.090508 0.619497
0.137409 0.085170 0.617658
0.137689 0.089565 0.620453
0.139964 0.091189 0.619427
0.138707 0.091442 0.615348
0.140572 0.092258 0.619022
0.135903 0.092599 0.617972
0.137917 0.089600 0.623892
0.138113 0.083950 0.626066
0.140785 0.091674 0.622699
0.138114 0.087290 0.623668
0.133319 0.085919 0.618297
0.135469 0.092486 0.619211
0.137701 0.091660 0.621305
0.137096 0.096699 0.622079
0.137053 0.090908 0.620249
0.137907 0.092843 0.622463
0.139663 0.089932 0.625439
0.130642 0.085010 0.622796
0.135101 0.091754 0.623703
0.135629 0.084599 0.628217
0.134549 0.094529 0.629423
0.136439 0.086436 0.627975
0.134279 0.097464 0.627452
0.123258 0.087393 0.623189
0.138426 0.086915 0.625612
0.133635 0.089185 0.632543
0.135443 0.085390 0.627482
0.132496 0.089716 0.623306
0.133146 0.091063 0.627612
0.127784 0.093561 0.629990
0.125886 0.093987 0.630763
0.131360 0.087857 0.633495
0.131434 0.091277 0.630388
0.133609 0.090811 0.630284
0.128415 0.089256 0.632044
0.129467 0.090259 0.632765
0.125229 0.093203 0.632793
0.129386 0.091828 0.634669
0.125260 0.082723 0.632571
0.125806 0.086690 0.632825
0.127328 0.094940 0.635460
0.129150 0.087807 0.630548
0.123174 0.094328 0.624286
0.128256 0.092824 0.626676
0.125059 0.085805 0.636494
0.123549 0.089751 0.628292
0.119891 0.092725 0.636979
0.121483 0.093619 0.631957
0.119716 0.090809 0.637114
0.128616 0.089778 0.632827
0.120032 0.089271 0.640067
0.122690 0.084364 0.640912
0.125963 0.088993 0.637912
0.121153 0.093523 0.637149
0.120877 0.089593 0.634440
0.120793 0.096355 0.567690
0.119915 0.092460 0.565649
0.121518 0.097217 0.559881
0.124927 0.089833 0.566440
0.116105 0.097350 0.564629
0.120572 0.094940 0.564159
0.126113 0.094080 0.563935
0.124789 0.091588 0.570814
0.128309 0.088129 0.565859
0.124069 0.092520 0.565185
0.122105 0.093970 0.567369
0.124080 0.092997 0.566738
0.125926 0.088857 0.570339
0.132458 0.097472 0.566971
0.126339 0.095771 0.564694
0.122623 0.095769 0.565218
0.120759 0.090130 0.564419
0.134109 0.091355 0.566270
0.135097 0.087683 0.568530
0.130523 0.091364 0.569290
0.124623 0.092216 0.569832
0.124710 0.094303 0.569393
0.129868 0.091499 0.569930
0.124938 0.094112 0.571629
0.130912 0.092561 0.576048
0.131143 0.091154 0.569950
0.134454 0.095076 0.575846
0.133254 0.092032 0.570917
0.130352 0.093757 0.578146
0.129247 0.091320 0.574301
0.130282 0.090177 0.569868
0.133220 0.097145 0.576791
0.130683 0.093193 0.571677
0.129228 0.090711 0.577330
0.135436 0.085256 0.571968
0.139818 0.088923 0.570228
0.137270 0.088903 0.579807
0.135113 0.096320 0.578895
0.137933 0.089851 0.576826
0.136603 0.088024 0.573417
0.131739 0.092117 0.578159
0.134133 0.092165 0.575083
0.138159 0.088278 0.572463
0.132055 0.092291 0.579098
0.137920 0.096236 0.575354
0.140667 0.090714 0.578441
0.130842 0.089812 0.578175
0.135634 0.092418 0.583689
0.132803 0.090580 0.579379
0.137112 0.093842 0.577209
0.137838 0.091242 0.572890
0.139341 0.092577 0.582384
0.137795 0.098263 0.586972
0.132970 0.090633 0.583423
0.140218 0.090976 0.587375
0.139155 0.095595 0.583815
0.141819 0.100092 0.586626
0.133980 0.092618 0.584871
0.140915 0.090333 0.585702
0.144349 0.088212 0.588657
0.138058 0.092499 0.586750
0.136882 0.092958 0.587255
0.139250 0.099642 0.586155
0.139779 0.090053 0.583895
0.141793 0.091032 0.585698
0.142267 0.096553 0.581784
0.138978 0.089832 0.591243
0.141922 0.090571 0.577623
0.137242 0.096763 0.590041
0.142512 0.098793 0.591902
0.143383 0.088378 0.589383
0.140727 0.090243 0.587567
0.138735 0.096366 0.583349
0.138397 0.093925 0.589605
0.143217 0.090355 0.589199
0.143846 0.090783 0.595011
0.143855 0.093937 0.590373
0.138919 0.094104 0.590045
0.141349 0.094943 0.600424
0.147922 0.093485 0.594646
0.143133 0.091564 0.594338
0.142127 0.094792 0.591552
0.144093 0.098122 0.598722
0.141257 0.097950 0.597598
0.141099 0.088603 0.594305
0.138688 0.090211 0.601893
0.143800 0.089635 0.597108
0.142976 0.095375 0.591684
0.143250 0.087132 0.599008
0.140441 0.091966 0.599398
0.145185 0.091316 0.596262
0.137908 0.090395 0.601342
0.140747 0.094538 0.599730
0.139228 0.090476 0.601346
0.137876 0.098097 0.601727
0.138617 0.093846 0.600912
0.141470 0.087676 0.606215
0.139591 0.089082 0.604270
0.145338 0.097943 0.606700
0.142869 0.097432 0.602382
0.139254 0.086992 0.599958
0.140617 0.092239 0.604909
0.139870 0.093373 0.605016
0.143791 0.093950 0.604208
0.143321 0.088675 0.604078
0.137290 0.094919 0.609786
0.140778 0.092895 0.607098
0.146149 0.095982 0.609326
0.139747 0.093157 0.607002
0.140802 0.085584 0.604277
0.143390 0.096148 0.607196
0.140488 0.091347 0.610831
0.142150 0.093131 0.612418
0.145594 0.094529 0.614303
0.140070 0.090841 0.611326
0.140218 0.094857 0.612463
0.146463 0.095234 0.609755
0.139586 0.086304 0.610338
0.144452 0.091574 0.612072
0.138945 0.091454 0.613401
0.142421 0.088020 0.614544
0.141432 0.095185 0.612847
0.140236 0.091033 0.618375
0.141694 0.093979 0.620835
0.142264 0.092926 0.617424
0.137344 0.095201 0.617860
0.142910 0.096591 0.613074
0.142432 0.088386 0.617871
0.141225 0.092333 0.615379
0.139999 0.093627 0.618495
0.136511 0.096647 0.619117
0.136110 0.092465 0.622688
0.136807 0.093705 0.622623
0.139390 0.086774 0.624288
0.136312 0.095266 0.621488
0.139247 0.089311 0.619752
0.132964 0.091245 0.622758
0.140074 0.095493 0.623870
0.140741 0.089032 0.617697
0.134975 0.096145 0.623587
0.134811 0.091561 0.622624
0.130958 0.092018 0.626247
0.140055 0.096849 0.619613
0.137396 0.094319 0.627383
0.133054 0.094937 0.626080
0.134179 0.088188 0.624560
0.129801 0.092149 0.627791
0.134117 0.092679 0.625872
0.133120 0.092903 0.625765
0.129440 0.095286 0.622383
0.134642 0.086119 0.631891
0.130523 0.093349 0.627912
0.123613 0.099392 0.624808
0.128451 0.095800 0.630041
0.130673 0.090653 0.627576
0.128774 0.090994 0.625786
0.132170 0.093474 0.632604
0.124022 0.091998 0.627311
0.127832 0.091498 0.630751
0.125153 0.096686 0.624053
0.129276 0.097950 0.630665
0.128357 0.089856 0.627155
0.127992 0.092331 0.630915
0.128673 0.084551 0.630732
0.131264 0.090241 0.634397
0.123754 0.092867 0.631849
0.123375 0.095564 0.633690
0.126286 0.095616 0.632728
0.126497 0.096643 0.632248
0.121700 0.089811 0.630615
0.130081 0.092273 0.637319
0.126153 0.092966 0.636056
0.122172 0.093077 0.635780
0.125845 0.094015 0.630679
0.123270 0.091712 0.631179
0.122644 0.094088 0.638233
0.118381 0.091749 0.634865
0.120915 0.091059 0.636668
0.123548 0.093465 0.634394
0.120749 0.096197 0.640061
0.120013 0.097722 0.560311
0.117858 0.095548 0.565110
0.126335 0.092521 0.569105
0.114081 0.095910 0.561517
0.117961 0.095299 0.564419
0.126801 0.093917 0.567999
0.121123 0.095401 0.563878
0.124164 0.092541 0.568779
0.119603 0.093485 0.565059
0.127375 0.098441 0.569326
0.121373 0.089556 0.563844
0.125515 0.096016 0.570630
0.126064 0.092323 0.565926
0.123792 0.097485 0.564687
0.126765 0.099952 0.567373
0.130673 0.096325 0.568637
0.128309 0.097727 0.568616
0.127946 0.093767 0.565797
0.129991 0.098314 0.564681
0.130787 0.099078 0.565318
0.125092 0.095616 0.571920
0.133233 0.095969 0.569581
0.129476 0.091268 0.566172
0.131347 0.101214 0.571763
0.131122 0.096607 0.573425
0.133880 0.103791 0.568847
0.127543 0.096239 0.575887
0.126496 0.098040 0.572066
0.134772 0.095354 0.574565
0.132887 0.095812 0.571978
0.131636 0.099659 0.567611
0.130063 0.093611 0.573361
0.135173 0.097049 0.571649
0.131994 0.100940 0.580268
0.136214 0.094966 0.575708
0.140444 0.093057 0.573952
0.135247 0.092088 0.577501
0.132028 0.093083 0.574871
0.137715 0.092493 0.578045
0.135390 0.094672 0.572499
0.135766 0.095020 0.575647
0.140388 0.093604 0.578771
0.134107 0.091719 0.570611
0.135794 0.095692 0.582695
0.139739 0.091896 0.575781
0.135866 0.097379 0.579119
0.140201 0.095079 0.580633
0.135170 0.097132 0.579633
0.140597 0.098860 0.574638
0.143248 0.096522 0.578484
0.137654 0.099392 0.573435
0.141948 0.094346 0.579135
0.139869 0.096428 0.581013
0.135842 0.096150 0.586390
0.138459 0.093209 0.579243
0.142465 0.099220 0.582118
0.137034 0.099382 0.579931
0.138882 0.095112 0.583107
0.140720 0.098205 0.583347
0.145226 0.098052 0.590965
0.137885 0.097526 0.585105
0.135092 0.094976 0.586094
0.143709 0.093960 0.586320
0.136823 0.097291 0.590347
0.138686 0.097468 0.587341
0.144078 0.097569 0.588225
0.142094 0.095967 0.591248
0.136178 0.097577 0.593667
0.148681 0.090106 0.590511
0.141400 0.095381 0.588377
0.138494 0.100016 0.591855
0.142571 0.097906 0.592465
0.143760 0.095706 0.592162
0.140700 0.095972 0.591443
0.137518 0.094296 0.590521
0.142766 0.099729 0.596075
0.143932 0.099882 0.599814
0.140787 0.102415 0.602468
0.143951 0.100835 0.597075
0.140831 0.093175 0.594357
0.136792 0.093460 0.592675
0.147764 0.096811 0.594633
0.145025 0.096933 0.590579
0.138090 0.092918 0.596095
0.143474 0.094838 0.596735
0.140261 0.098275 0.597226
0.141245 0.092727 0.597715
0.145889 0.093569 0.596681
0.140477 0.094344 0.600514
0.138927 0.092479 0.597035
0.145101 0.096924 0.601186
0.141427 0.094225 0.600849
0.138933 0.099720 0.597299
0.142207 0.101430 0.608955
0.144451 0.098350 0.599928
0.139477 0.103325 0.600283
0.142316 0.096611 0.603944
0.142706 0.097332 0.600910
0.141106 0.096222 0.602374
0.141648 0.097315 0.601143
0.139510 0.100913 0.607186
0.145533 0.097560 0.607603
0.141481 0.095552 0.606209
0.146571 0.091759 0.605813
0.141947 0.096363 0.607943
0.144699 0.097995 0.603244
0.141338 0.094171 0.609811
0.141847 0.091287 0.607882
0.139403 0.102720 0.613504
0.138416 0.095103 0.610121
0.140220 0.101167 0.608050
0.137284 0.092556 0.611656
0.141739 0.098739 0.612038
0.144189 0.100947 0.617414
0.142412 0.095993 0.610569
0.136867 0.097303 0.613733
0.138545 0.096771 0.610771
0.147413 0.096229 0.618122
0.145042 0.097504 0.614571
0.138022 0.098210 0.612894
0.136819 0.094442 0.615622
0.140589 0.097656 0.618749
0.129013 0.096871 0.619688
0.137930 0.093510 0.614977
0.138236 0.095208 0.616021
0.137488 0.098553 0.622766
0.137919 0.096426 0.623877
0.140331 0.096235 0.618883
0.140674 0.100925 0.619162
0.136490 0.096101 0.617895
0.142780 0.100193 0.621706
0.135865 0.092734 0.626180
0.131665 0.101783 0.619421
0.141037 0.094140 0.616769
0.135775 0.092183 0.622783
0.140985 0.096829 0.620677
0.139612 0.095027 0.620991
0.133033 0.092942 0.615042
0.137488 0.097569 0.622493
0.134659 0.094811 0.623963
0.132234 0.096714 0.622550
0.135720 0.099062 0.626003
0.130800 0.099105 0.621753
0.134720 0.093371 0.626846
0.133193 0.100090 0.621028
0.135221 0.101034 0.622385
0.134972 0.098337 0.629312
0.128540 0.097698 0.623349
0.136626 0.089699 0.628163
0.132529 0.097091 0.628794
0.137978 0.097075 0.626418
0.132172 0.095451 0.628748
0.129924 0.094345 0.628283
0.125404 0.100987 0.626846
0.128873 0.097037 0.630488
0.133467 0.099682 0.632512
0.129418 0.097525 0.631441
0.128662 0.098270 0.634385
0.127284 0.100636 0.631620
0.128082 0.098228 0.636226
0.127883 0.099226 0.629995
0.127037 0.095901 0.633146
0.126385 0.101254 0.632834
0.124730 0.097925 0.631038
0.127072 0.098156 0.634160
0.119445 0.092430 0.633761
0.123569 0.097986 0.626534
0.125686 0.097404 0.632760
0.122938 0.099095 0.634896
0.128784 0.098891 0.637052
0.125642 0.097285 0.633871
0.124515 0.096198 0.633240
0.121738 0.102518 0.637717
0.123494 0.093385 0.639551
0.124073 0.097391 0.636778
0.121610 0.096472 0.627086
0.121489 0.092139 0.637453
0.116895 0.093377 0.632320
0.121179 0.094001 0.635062
0.121483 0.096547 0.638770
0.120516 0.103418 0.564213
0.122307 0.097529 0.556456
0.121079 0.098572 0.564399
0.122169 0.097097 0.564658
0.125988 0.099629 0.571304
0.120605 0.094520 0.560278
0.123776 0.095824 0.561701
0.123198 0.101697 0.569484
0.125801 0.100406 0.565522
0.127580 0.097799 0.566528
0.128133 0.100585 0.565610
0.126857 0.095541 0.568280
0.129295 0.100404 0.562017
0.131416 0.096341 0.568109
0.124527 0.098220 0.571425
0.126767 0.099366 0.568388
0.131007 0.097876 0.564487
0.129219 0.099233 0.565667
0.132570 0.098999 0.575546
0.128877 0.101010 0.574188
0.130687 0.096700 0.570999
0.131247 0.102938 0.570357
0.129009 0.096711 0.572250
0.124507 0.094363 0.566370
0.131266 0.096067 0.569083
0.134472 0.100473 0.573754
0.131146 0.096388 0.572444
0.132200 0.098242 0.572159
0.135388 0.099525 0.570195
0.128528 0.099812 0.568342
0.135847 0.102127 0.576135
0.132911 0.093440 0.564915
0.131549 0.098457 0.572855
0.133903 0.095355 0.572100
0.132543 0.097988 0.575451
0.131715 0.099404 0.570935
0.130336 0.099890 0.575979
0.131848 0.100176 0.579217
0.137369 0.098653 0.574497
0.136646 0.101408 0.580115
0.133605 0.100482 0.574803
0.136702 0.104161 0.576779
0.138988 0.101130 0.574323
0.136971 0.096688 0.579898
0.139178 0.105738 0.579089
0.129537 0.099726 0.583548
0.134455 0.100786 0.579096
0.137087 0.100944 0.573484
0.132352 0.095166 0.575717
0.133398 0.102961 0.582851
0.139382 0.099681 0.584363
0.136458 0.100130 0.582500
0.139600 0.099122 0.585130
0.140958 0.101917 0.578948
0.138528 0.095193 0.583688
0.135976 0.104141 0.583725
0.145152 0.104770 0.585805
0.139984 0.097576 0.582614
0.134662 0.097574 0.589069
0.143381 0.098967 0.587980
0.144046 0.093430 0.584498
0.142747 0.098769 0.585118
0.136038 0.099692 0.584532
0.132787 0.105435 0.590372
0.137720 0.093328 0.586186
0.140409 0.100084 0.589406
0.140535 0.098155 0.589189
0.135155 0.097175 0.593381
0.138514 0.104532 0.589380
0.140862 0.095776 0.586712
0.139614 0.097959 0.588294
0.139779 0.102518 0.592572
0.140857 0.104459 0.591559
0.145429 0.098708 0.592373
0.141784 0.098551 0.589674
0.145291 0.102043 0.596228
0.148295 0.099270 0.594934
0.144609 0.100048 0.590368
0.138765 0.093725 0.593026
0.142585 0.100794 0.595668
0.144213 0.095009 0.593425
0.147331 0.099558 0.596156
0.140191 0.098377 0.596440
0.146799 0.102757 0.596088
0.139423 0.099515 0.598232
0.138900 0.101610 0.598917
0.145472 0.102460 0.598818
0.141176 0.099418 0.596198
0.145448 0.101557 0.591926
0.139943 0.102449 0.596597
0.143705 0.101275 0.598001
0.139853 0.095776 0.596037
0.144220 0.102124 0.603508
0.143948 0.096249 0.603535
0.134463 0.098546 0.599272
0.145752 0.103432 0.601091
0.140583 0.101869 0.604406
0.137618 0.099020 0.604302
0.137743 0.103833 0.599932
0.143845 0.097482 0.607970
0.144856 0.098825 0.600930
0.143539 0.103371 0.606907
0.138999 0.097318 0.610117
0.144654 0.098296 0.605887
0.140198 0.099761 0.609435
0.144232 0.098254 0.604279
0.143007 0.096176 0.607373
0.139919 0.101672 0.606877
0.143264 0.090546 0.605622
0.133846 0.101019 0.609329
0.140272 0.104756 0.610674
0.137727 0.098885 0.609295
0.137993 0.098551 0.609335
0.140210 0.097280 0.609327
0.142528 0.099580 0.613445
0.137232 0.097283 0.614051
0.142925 0.100449 0.608961
0.134066 0.102774 0.615313
0.139694 0.100174 0.613709
0.139311 0.100944 0.618169
0.140240 0.104129 0.611006
0.140532 0.097908 0.616548
0.141950 0.098096 0.611964
0.138222 0.100161 0.613029
0.142202 0.100143 0.621379
0.142961 0.097017 0.620788
0.133997 0.103798 0.614570
0.135081 0.099135 0.616973
0.132746 0.100314 0.619821
0.135734 0.102945 0.618482
0.138328 0.099346 0.616148
0.140724 0.097131 0.622773
0.138059 0.105002 0.621870
0.136993 0.098882 0.613890
0.138793 0.101616 0.618967
0.137832 0.094916 0.620344
0.133176 0.100587 0.624253
0.135274 0.102758 0.624838
0.132053 0.099843 0.620831
0.145473 0.099674 0.620646
0.130431 0.102988 0.624946
0.138129 0.097592 0.623458
0.133115 0.099299 0.621766
0.133931 0.098820 0.626011
0.131372 0.098849 0.626136
0.127541 0.099361 0.626436
0.135415 0.101716 0.631186
0.136568 0.095494 0.626220
0.136082 0.103225 0.628705
0.129854 0.099293 0.623901
0.132164 0.100743 0.626850
0.136359 0.102693 0.629402
0.136598 0.102600 0.629029
0.127376 0.092706 0.630498
0.129411 0.096190 0.631207
0.128972 0.103054 0.630633
0.127759 0.102360 0.624330
0.125815 0.100975 0.627161
0.128798 0.100252 0.629696
0.131240 0.099798 0.636991
0.125795 0.102055 0.630875
0.130396 0.095836 0.631273
0.129579 0.098669 0.629042
0.126801 0.103304 0.628179
0.124468 0.100755 0.631184
0.131481 0.103047 0.635080
0.128255 0.101959 0.640481
0.128360 0.099092 0.639147
0.128602 0.094459 0.628911
0.124677 0.100090 0.633973
0.126016 0.097020 0.634260
0.125502 0.096317 0.634817
0.120224 0.098797 0.637890
0.126595 0.100998 0.636341
0.124934 0.097799 0.636155
0.120479 0.097747 0.632763
0.121010 0.099194 0.634497
0.123733 0.100200 0.635285
0.122310 0.099093 0.633998
0.122561 0.098121 0.638787
0.124458 0.101568 0.562501
0.117890 0.106758 0.562406
0.123968 0.102046 0.568930
0.122259 0.100028 0.566610
0.117364 0.105938 0.568807
0.125792 0.102683 0.564168
0.120516 0.100623 0.565327
0.125755 0.105858 0.570064
0.119902 0.101176 0.567642
0.128129 0.106724 0.565223
0.127896 0.102387 0.560495
0.126290 0.105111 0.565650
0.129031 0.099998 0.564658
0.126416 0.108287 0.566240
0.125514 0.104066 0.567523
0.127731 0.106354 0.569263
0.129064 0.099159 0.564899
0.129369 0.106150 0.564579
0.135113 0.105647 0.571090
0.127713 0.106183 0.571010
0.124520 0.103211 0.571715
0.124966 0.102281 0.563388
0.125495 0.101947 0.569912
0.126850 0.100464 0.566185
0.133112 0.104060 0.575256
0.132313 0.099894 0.570605
0.130309 0.102821 0.568845
0.127427 0.104280 0.574306
0.129120 0.105311 0.577469
0.138162 0.102390 0.573599
0.135274 0.102464 0.570616
0.132420 0.104197 0.572481
0.131903 0.103380 0.570650
0.130619 0.101635 0.575004
0.133907 0.101468 0.572267
0.136231 0.102055 0.579059
0.137872 0.103968 0.574513
0.131602 0.094989 0.573104
0.138736 0.102769 0.579304
0.138072 0.101034 0.580368
0.129644 0.104404 0.572516
0.137441 0.101549 0.578874
0.134833 0.106571 0.580945
0.138219 0.105660 0.582760
0.134936 0.105628 0.573631
0.133897 0.100420 0.575623
0.132196 0.105378 0.576914
0.135414 0.099099 0.576885
0.135994 0.110533 0.575249
0.141432 0.099125 0.580216
0.138788 0.102286 0.583963
0.138826 0.102630 0.576107
0.141390 0.103664 0.579517
0.135258 0.100873 0.577686
0.139338 0.108448 0.579739
0.140827 0.100826 0.584068
0.143293 0.103562 0.580567
0.136191 0.106200 0.583343
0.142105 0.103154 0.582648
0.139512 0.103832 0.580923
0.139834 0.099378 0.587815
0.134735 0.100186 0.586600
0.137911 0.105630 0.588230
0.143178 0.110297 0.586312
0.142150 0.104491 0.583186
0.141934 0.100734 0.590547
0.136895 0.101707 0.592104
0.137298 0.101922 0.585382
0.143820 0.102659 0.587704
0.144869 0.101749 0.593083
0.144449 0.100464 0.586561
0.142341 0.104925 0.593136
0.134586 0.099892 0.592260
0.142488 0.106114 0.586916
0.148729 0.100416 0.603606
0.141546 0.103401 0.595230
0.138521 0.103651 0.595029
0.142818 0.096522 0.592398
0.139787 0.102404 0.594401
0.142394 0.103262 0.598315
0.142281 0.098824 0.590282
0.144241 0.099942 0.595891
0.140431 0.104269 0.598877
0.143762 0.101733 0.597887
0.145887 0.105469 0.595304
0.143154 0.101859 0.592079
0.138796 0.105528 0.593433
0.141064 0.102644 0.599524
0.147003 0.103817 0.594896
0.137655 0.100762 0.595600
0.147265 0.095970 0.605058
0.146728 0.099221 0.607386
0.142259 0.103837 0.600404
0.139356 0.107098 0.601463
0.141095 0.101498 0.600735
0.142692 0.103060 0.599646
0.146289 0.102936 0.599548
0.143262 0.102748 0.600752
0.142251 0.101564 0.604277
0.135121 0.104373 0.606462
0.138981 0.101070 0.603792
0.148777 0.099071 0.610711
0.141091 0.102937 0.609312
0.142379 0.101858 0.605388
0.145189 0.103072 0.603801
0.140276 0.102261 0.604311
0.143713 0.100955 0.612278
0.142323 0.104454 0.609522
0.139777 0.104972 0.611497
0.148073 0.107427 0.607740
0.138757 0.094179 0.610093
0.146714 0.100733 0.610844
0.140381 0.107135 0.609542
0.141012 0.103866 0.611159
0.141303 0.102032 0.614564
0.141336 0.095549 0.612825
0.145107 0.106222 0.609033
0.142363 0.107897 0.606149
0.136367 0.104984 0.619260
0.141691 0.107408 0.616284
0.140070 0.098458 0.615152
0.141849 0.101784 0.614886
0.137827 0.101205 0.613925
0.138483 0.096913 0.616511
0.143066 0.101008 0.612030
0.140946 0.107213 0.610943
0.138766 0.102247 0.619548
0.138135 0.104204 0.619000
0.134148 0.104509 0.615137
0.140346 0.103742 0.612653
0.133934 0.104313 0.620397
0.135158 0.101660 0.621082
0.138366 0.099465 0.620592
0.139156 0.101760 0.617945
0.136725 0.096886 0.622631
0.132854 0.104952 0.620181
0.129820 0.101597 0.622885
0.134896 0.099433 0.622703
0.131977 0.105199 0.623076
0.138151 0.102019 0.625254
0.137579 0.104981 0.622280
0.138386 0.107478 0.627552
0.136537 0.104765 0.628843
0.136453 0.100253 0.622055
0.136619 0.104147 0.630204
0.133009 0.103334 0.625085
0.133349 0.103083 0.627304
0.128025 0.101725 0.621823
0.134056 0.104042 0.621778
0.139127 0.105909 0.634625
0.136315 0.100492 0.627422
0.136590 0.097260 0.627740
0.130493 0.106277 0.630421
0.127826 0.103403 0.631595
0.129343 0.103373 0.627091
0.130972 0.103069 0.628543
0.132283 0.102642 0.630601
0.132920 0.096894 0.629510
0.134402 0.099810 0.630985
0.126360 0.105318 0.633402
0.127945 0.106488 0.630941
0.133671 0.100199 0.631221
0.122124 0.103789 0.628215
0.122605 0.105443 0.633963
0.129477 0.098382 0.631801
0.128453 0.104921 0.630517
0.125377 0.103409 0.632180
0.126027 0.108405 0.631120
0.118777 0.106861 0.630785
0.123830 0.101000 0.632740
0.126258 0.098779 0.641256
0.122723 0.102558 0.636789
0.126036 0.097610 0.639101
0.121047 0.105203 0.636862
0.122558 0.102814 0.635291
0.124988 0.104443 0.638946
0.115384 0.105020 0.635234
0.124116 0.099654 0.636430
0.118668 0.103796 0.632118
0.121320 0.102204 0.637196
0.123694 0.108666 0.566647
0.121456 0.106204 0.563254
0.121893 0.099180 0.561992
0.122063 0.102675 0.564096
0.123270 0.106561 0.561453
0.126164 0.100470 0.568417
0.118271 0.105412 0.567170
0.128129 0.105126 0.574075
0.124645 0.106941 0.563342
0.124405 0.104850 0.568008
0.124751 0.106584 0.561177
0.129136 0.112562 0.563130
0.128136 0.107790 0.562146
0.125680 0.106798 0.571398
0.129230 0.101138 0.569735
0.125102 0.107152 0.574099
0.128845 0.109308 0.567249
0.126399 0.103300 0.562772
0.126008 0.112952 0.570642
0.131447 0.106817 0.570904
0.126900 0.110670 0.567981
0.131175 0.104906 0.571545
0.131210 0.108512 0.568781
0.129946 0.105488 0.569802
0.129094 0.106690 0.571397
0.134565 0.109946 0.570856
0.133985 0.104144 0.568575
0.131925 0.113700 0.577182
0.129643 0.110442 0.568249
0.133890 0.107524 0.575204
0.133989 0.110449 0.570569
0.132147 0.106341 0.576397
0.130360 0.104309 0.577384
0.130467 0.103814 0.568009
0.135375 0.108330 0.573756
0.132433 0.113305 0.574118
0.131884 0.104262 0.577665
0.128426 0.103715 0.572593
0.136757 0.100538 0.574266
0.137069 0.111447 0.579587
0.132488 0.105628 0.578256
0.133055 0.100348 0.575880
0.137770 0.107121 0.576943
0.139001 0.113102 0.575986
0.129085 0.104153 0.579633
0.139262 0.108025 0.580160
0.134967 0.110150 0.585000
0.136963 0.105180 0.575675
0.137844 0.104848 0.577534
0.134153 0.106090 0.583984
0.139454 0.108583 0.584169
0.135361 0.109660 0.584400
0.137908 0.110512 0.582815
0.134730 0.107022 0.581403
0.140150 0.105766 0.588199
0.139018 0.106842 0.581973
0.139031 0.104498 0.586982
0.139939 0.102207 0.581801
0.141655 0.107329 0.583526
0.139053 0.102469 0.580608
0.140068 0.106372 0.586276
0.140469 0.102109 0.581375
0.143777 0.101238 0.581757
0.146936 0.107500 0.585840
0.140433 0.109302 0.589873
0.137837 0.107578 0.588378
0.136724 0.101387 0.593263
0.142789 0.107051 0.586338
0.145265 0.103813 0.588075
0.140703 0.108276 0.596726
0.138140 0.101867 0.592639
0.142217 0.105170 0.590654
0.139995 0.110033 0.590284
0.142599 0.106070 0.591706
0.141831 0.108055 0.595522
0.147727 0.109145 0.592281
0.145906 0.109321 0.591481
0.141413 0.107075 0.589792
0.141948 0.108237 0.593083
0.146766 0.108790 0.593766
0.145752 0.104258 0.597009
0.142190 0.111674 0.595436
0.143165 0.102552 0.595265
0.137256 0.105473 0.594999
0.141750 0.103446 0.595599
0.147250 0.109784 0.598962
0.141118 0.113527 0.598269
0.146868 0.108254 0.596698
0.139914 0.102096 0.598919
0.144267 0.112269 0.597283
0.140557 0.100833 0.595146
0.142267 0.107789 0.607484
0.140538 0.106493 0.600833
0.138992 0.105478 0.602446
0.140904 0.105240 0.608198
0.139916 0.110007 0.601357
0.138917 0.108358 0.598279
0.140816 0.110283 0.603371
0.143170 0.106056 0.606158
0.141411 0.101965 0.610377
0.144679 0.106291 0.607014
0.141681 0.104079 0.602251
0.138953 0.104367 0.607044
0.138310 0.111270 0.606036
0.143196 0.105340 0.608862
0.145800 0.107032 0.608019
0.139814 0.104386 0.608189
0.140726 0.112602 0.608331
0.147367 0.110984 0.610049
0.139801 0.106400 0.607862
0.139042 0.101907 0.605329
0.144476 0.107235 0.608781
0.139484 0.102326 0.610670
0.137440 0.107553 0.613253
0.142490 0.106011 0.613747
0.139184 0.105629 0.612726
0.138855 0.106619 0.613679
0.144080 0.106481 0.614947
0.135170 0.105493 0.612593
0.144163 0.106124 0.613581
0.141806 0.108588 0.614379
0.138720 0.103645 0.616864
0.139132 0.105242 0.615829
0.142006 0.112925 0.616589
0.143622 0.105059 0.615759
0.136763 0.104535 0.615883
0.138334 0.105447 0.618646
0.140532 0.102803 0.620123
0.142958 0.109083 0.617351
0.133484 0.106058 0.619095
0.140108 0.105486 0.620435
0.131378 0.105789 0.623959
0.139107 0.109926 0.617981
0.139384 0.105288 0.621344
0.138035 0.099796 0.624294
0.139093 0.105399 0.618190
0.138860 0.101507 0.617804
0.133925 0.110479 0.620909
0.137260 0.112422 0.623386
0.133572 0.108546 0.620335
0.139380 0.101351 0.621682
0.139718 0.108286 0.621105
0.133710 0.107676 0.619721
0.139023 0.110359 0.616616
0.129169 0.111265 0.623376
0.134174 0.109700 0.623798
0.132364 0.108103 0.624298
0.139025 0.109344 0.626813
0.130828 0.103378 0.630470
0.131489 0.107335 0.628036
0.131668 0.105038 0.624458
0.128219 0.106595 0.628236
0.125647 0.106916 0.628127
0.134558 0.106812 0.632501
0.130712 0.106343 0.620103
0.124805 0.107244 0.630135
0.133369 0.108344 0.631145
0.124760 0.102946 0.631522
0.129681 0.109873 0.635615
0.128335 0.110001 0.625985
0.129232 0.102168 0.630152
0.126076 0.108811 0.636371
0.129502 0.103524 0.628983
0.130253 0.104215 0.630852
0.123016 0.108205 0.629000
0.125509 0.109166 0.634602
0.129928 0.107852 0.635369
0.126728 0.099378 0.627670
0.128635 0.106191 0.635649
0.122908 0.101739 0.640662
0.127473 0.105574 0.629508
0.127509 0.109132 0.633883
0.127255 0.104277 0.642310
0.125567 0.100658 0.633908
0.129140 0.107850 0.635272
0.125196 0.104325 0.638470
0.124475 0.103120 0.631108
0.122483 0.106236 0.630948
0.124767 0.108092 0.635331
0.121328 0.103410 0.640726
0.124962 0.112044 0.563809
0.123590 0.103211 0.562799
0.121966 0.110098 0.559133
0.118367 0.105930 0.564360
0.121911 0.110367 0.563943
0.120258 0.105095 0.566586
0.123197 0.109117 0.566463
0.118238 0.109372 0.567591
0.125357 0.102848 0.565929
0.118786 0.109368 0.565753
0.129469 0.117802 0.563217
0.126146 0.110660 0.569346
0.123778 0.108956 0.567955
0.127677 0.110298 0.565019
0.128993 0.107372 0.572461
0.128926 0.106227 0.566238
0.122983 0.110943 0.571671
0.129679 0.112797 0.562939
0.129245 0.109447 0.567703
0.133486 0.113076 0.565116
0.129169 0.109954 0.564095
0.130791 0.105311 0.565552
0.132732 0.113566 0.573443
0.129517 0.110791 0.576562
0.131677 0.106799 0.575580
0.132105 0.106580 0.571456
0.131826 0.112174 0.569596
0.126918 0.106640 0.572689
0.136910 0.106730 0.567536
0.127873 0.107257 0.569142
0.132255 0.108327 0.574207
0.133420 0.114714 0.577334
0.133917 0.102737 0.576362
0.133701 0.106981 0.572482
0.139873 0.106521 0.573735
0.132584 0.106860 0.576007
0.140737 0.108922 0.574892
0.136731 0.109294 0.571807
0.135136 0.109080 0.574662
0.137871 0.106981 0.574846
0.134663 0.109658 0.579472
0.136886 0.114524 0.574268
0.139650 0.112002 0.578987
0.134878 0.106076 0.579723
0.134011 0.111691 0.579766
0.138278 0.111441 0.581308
0.138979 0.112848 0.579156
0.139809 0.112777 0.584106
0.137271 0.111577 0.579925
0.143829 0.107028 0.580833
0.139161 0.107553 0.581086
0.139511 0.113088 0.583001
0.136961 0.110794 0.579223
0.137337 0.107027 0.584741
0.135834 0.107607 0.585498
0.139057 0.107674 0.581911
0.134130 0.108648 0.580896
0.142048 0.106926 0.582008
0.137623 0.109115 0.586976
0.138887 0.116863 0.585767
0.139799 0.112424 0.589602
0.137959 0.107333 0.591113
0.142221 0.115197 0.582463
0.137094 0.110746 0.593282
0.140345 0.111581 0.587359
0.135987 0.114399 0.586950
0.137546 0.109541 0.581988
0.140657 0.116851 0.589365
0.138420 0.112192 0.589621
0.142261 0.112317 0.591576
0.140374 0.114647 0.593693
0.139845 0.108907 0.594829
0.139529 0.110402 0.591667
0.142156 0.110536 0.594958
0.142473 0.107494 0.588064
0.146513 0.110109 0.596222
0.144996 0.109671 0.591923
0.133287 0.109428 0.592966
0.137394 0.109928 0.592717
0.140724 0.109155 0.596369
0.144295 0.108246 0.592861
0.143728 0.113755 0.596096
0.145867 0.108921 0.602621
0.139387 0.104621 0.594355
0.143041 0.109080 0.599507
0.140045 0.110845 0.600630
0.143908 0.113112 0.597613
0.149804 0.105598 0.597749
0.138715 0.110706 0.597501
0.143314 0.107812 0.605620
0.141890 0.110425 0.604510
0.139320 0.111596 0.603313
0.141560 0.111734 0.601669
0.147415 0.110520 0.603076
0.142648 0.108412 0.603541
0.139272 0.113040 0.608337
0.142032 0.109705 0.602719
0.146517 0.113316 0.602875
0.143573 0.106960 0.608477
0.142695 0.104996 0.603966
0.142667 0.107554 0.609188
0.144481 0.104936 0.605279
0.138359 0.112704 0.608143
0.144581 0.110012 0.606088
0.142609 0.111611 0.614051
0.149449 0.107935 0.606877
0.141588 0.110786 0.607877
0.137736 0.110524 0.614261
0.142619 0.107860 0.606667
0.143249 0.106040 0.611620
0.135984 0.114103 0.609986
0.144475 0.110169 0.607447
0.142685 0.106752 0.616857
0.143312 0.114995 0.613262
0.144027 0.111072 0.610008
0.139650 0.105956 0.614177
0.136950 0.107782 0.616597
0.142045 0.105414 0.607910
0.138030 0.112396 0.615181
0.141172 0.106036 0.617075
0.139712 0.107842 0.617782
0.135982 0.114509 0.611426
0.139193 0.111179 0.618261
0.140845 0.110631 0.619541
0.136446 0.107952 0.617046
0.141021 0.108913 0.612934
0.132658 0.111538 0.621103
0.138198 0.110656 0.614598
0.138555 0.111239 0.616956
0.134425 0.106518 0.615380
0.135355 0.100618 0.616389
0.142788 0.110978 0.618488
0.137975 0.104679 0.620201
0.136536 0.110431 0.620469
0.138402 0.113688 0.619241
0.137281 0.108880 0.618004
0.137260 0.116223 0.621765
0.134934 0.111242 0.626883
0.138247 0.109179 0.620930
0.132670 0.112882 0.626268
0.139352 0.112769 0.626645
0.138882 0.110992 0.625539
0.136071 0.110052 0.626254
0.132350 0.104843 0.621636
0.136971 0.116214 0.629785
0.130053 0.106580 0.628877
0.132703 0.109728 0.623195
0.128543 0.109340 0.631535
0.131857 0.110186 0.629022
0.129437 0.109467 0.628975
0.129749 0.108123 0.628116
0.129670 0.109631 0.629224
0.130428 0.110040 0.623133
0.133238 0.109152 0.632946
0.128969 0.114943 0.624716
0.129961 0.116570 0.631438
0.126739 0.104692 0.626772
0.127794 0.108511 0.627217
0.127806 0.110193 0.624453
0.129132 0.105913 0.637142
0.123247 0.104846 0.627145
0.130808 0.102051 0.631393
0.126274 0.109350 0.638230
0.134425 0.110126 0.627636
0.128935 0.110512 0.639576
0.133093 0.109948 0.628836
0.128899 0.111970 0.632755
0.123027 0.104662 0.629648
0.123554 0.104967 0.632041
0.125835 0.115593 0.632686
0.126618 0.110375 0.633169
0.128853 0.109430 0.636138
0.125348 0.109950 0.634798
0.117953 0.111439 0.632149
0.125623 0.111132 0.635905
0.132356 0.117468 0.634367
0.126690 0.110062 0.632212
0.121977 0.109401 0.632489
0.119545 0.109182 0.632423
0.122783 0.107144 0.632504
0.126587 0.111699 0.559640
0.122821 0.113635 0.566374
0.122357 0.117369 0.569202
0.124896 0.112040 0.560196
0.128940 0.110493 0.567256
0.126770 0.112252 0.566623
0.122940 0.114048 0.567148
0.127007 0.108382 0.566836
0.126601 0.111290 0.563328
0.120467 0.115631 0.563100
0.121416 0.113499 0.564644
0.129770 0.116511 0.564886
0.129645 0.110179 0.570344
0.130220 0.110553 0.571272
0.126086 0.114660 0.567579
0.125697 0.112737 0.572040
0.126127 0.110355 0.570595
0.127012 0.111381 0.564702
0.133395 0.113782 0.568567
0.128730 0.114884 0.564995
0.130451 0.113886 0.565364
0.125421 0.117132 0.571338
0.129385 0.111505 0.577060
0.128927 0.113515 0.567451
0.127017 0.112784 0.571405
0.131343 0.113052 0.567959
0.131081 0.111578 0.569570
0.133391 0.112555 0.571698
0.129785 0.110132 0.571599
0.134197 0.112433 0.579225
0.131866 0.117092 0.569586
0.134180 0.116815 0.573233
0.127789 0.116994 0.573144
0.133806 0.113171 0.575451
0.138552 0.114600 0.572610
0.134347 0.113037 0.571570
0.134542 0.112111 0.578038
0.135947 0.118750 0.575410
0.132073 0.113423 0.574952
0.131411 0.114292 0.578233
0.133338 0.111391 0.573970
0.140969 0.114466 0.577688
0.135975 0.110682 0.579158
0.134910 0.111208 0.576972
0.133171 0.109707 0.578313
0.140774 0.117932 0.582656
0.137836 0.111246 0.580162
0.141010 0.112535 0.577890
0.138690 0.109611 0.582191
0.139263 0.114992 0.585376
0.137673 0.111396 0.577957
0.142775 0.118100 0.582143
0.139160 0.109468 0.586175
0.137237 0.110838 0.584373
0.141172 0.118204 0.581875
0.134984 0.117160 0.586290
0.139701 0.106312 0.579636
0.147040 0.117182 0.586191
0.132845 0.116189 0.583452
0.136011 0.113596 0.588964
0.137013 0.113223 0.586484
0.136980 0.113527 0.587602
0.140390 0.108113 0.588443
0.142108 0.110914 0.589145
0.143114 0.110082 0.588544
0.146268 0.110593 0.584755
0.138674 0.109350 0.587590
0.138490 0.111030 0.585050
0.142182 0.109887 0.592160
0.139685 0.114042 0.585451
0.142923 0.108845 0.589261
0.145095 0.111439 0.589142
0.139807 0.112656 0.593418
0.144462 0.116769 0.590249
0.139349 0.109664 0.588451
0.139689 0.118296 0.592190
0.145273 0.115929 0.591373
0.145865 0.113595 0.591198
0.144355 0.110101 0.594914
0.138135 0.119488 0.589652
0.143703 0.117374 0.599960
0.143934 0.115322 0.594967
0.143476 0.118792 0.595390
0.141651 0.108663 0.595735
0.140749 0.112016 0.596021
0.145095 0.114978 0.596575
0.143301 0.106065 0.599451
0.142325 0.110453 0.599702
0.139204 0.114991 0.601742
0.140402 0.113453 0.596763
0.143698 0.110023 0.595134
0.142980 0.114887 0.599242
0.145962 0.115059 0.604210
0.143272 0.110823 0.606099
0.144099 0.110992 0.601640
0.142318 0.120489 0.604977
0.140712 0.109403 0.603411
0.139877 0.117023 0.602945
0.144847 0.114920 0.609157
0.142294 0.116620 0.607390
0.141854 0.110278 0.607916
0.137937 0.114291 0.605182
0.143494 0.115901 0.604685
0.138539 0.113179 0.605150
0.139126 0.111523 0.604340
0.140008 0.113823 0.605321
0.141104 0.116846 0.606462
0.138646 0.109653 0.610481
0.145784 0.108842 0.608424
0.138193 0.114490 0.610733
0.144080 0.119639 0.616987
0.140709 0.117282 0.610060
0.141005 0.121223 0.610792
0.141935 0.116238 0.610412
0.142745 0.114173 0.604725
0.143315 0.112394 0.613383
0.142774 0.115846 0.613016
0.138067 0.114549 0.609460
0.138656 0.115194 0.618773
0.139730 0.116375 0.618173
0.141940 0.110734 0.612104
0.144715 0.114281 0.614909
0.138341 0.113236 0.620764
0.136839 0.113598 0.621478
0.140250 0.118558 0.615472
0.131121 0.115988 0.615130
0.139384 0.112329 0.619056
0.138847 0.110437 0.621208
0.137542 0.113621 0.614903
0.133959 0.112721 0.619071
0.143724 0.110488 0.618814
0.134211 0.112144 0.621196
0.136040 0.118274 0.621053
0.134118 0.115363 0.621830
0.140995 0.117843 0.618327
0.128040 0.112894 0.623936
0.130541 0.113164 0.620445
0.137829 0.112954 0.619715
0.133290 0.112638 0.622400
0.138905 0.117705 0.619728
0.132058 0.113255 0.630877
0.130769 0.110612 0.627323
0.139520 0.112880 0.621070
0.136681 0.114352 0.623589
0.132801 0.115622 0.624448
0.135471 0.111696 0.625245
0.132431 0.111773 0.626280
0.130972 0.109627 0.628243
0.135454 0.117842 0.627866
0.139250 0.110243 0.625264
0.135254 0.111075 0.630403
0.131966 0.113355 0.628897
0.129019 0.105824 0.627270
0.130671 0.112082 0.631980
0.132310 0.113812 0.628803
0.128434 0.116226 0.629473
0.128890 0.114240 0.629193
0.131860 0.115546 0.628159
0.128785 0.119457 0.631520
0.130275 0.113904 0.630705
0.129985 0.119225 0.635421
0.131598 0.112961 0.628722
0.127015 0.111291 0.630522
0.125570 0.113442 0.634373
0.133420 0.113475 0.629985
0.126479 0.111033 0.632395
0.130684 0.113614 0.635700
0.128645 0.114100 0.635270
0.121000 0.108183 0.635629
0.125171 0.119558 0.631731
0.127171 0.110485 0.637681
0.127001 0.113404 0.633642
0.121600 0.111115 0.632119
0.123755 0.111765 0.633378
0.127754 0.109929 0.634412
0.118686 0.116588 0.633139
0.122726 0.118179 0.634468
0.114992 0.111622 0.639816
0.121467 0.115142 0.637959
0.121401 0.111368 0.639981
0.115961 0.117922 0.560483
0.120387 0.112440 0.561431
0.125364 0.117144 0.565843
0.129683 0.113099 0.563779
0.119304 0.117403 0.564775
0.128140 0.123445 0.563224
0.125674 0.116177 0.566687
0.123640 0.120093 0.567618
0.126843 0.121507 0.562471
0.121987 0.117953 0.567991
0.123422 0.114420 0.569592
0.120558 0.115142 0.571870
0.127945 0.118426 0.563228
0.127048 0.116685 0.566577
0.126198 0.115496 0.570537
0.130569 0.115694 0.565545
0.126600 0.116210 0.572691
0.127689 0.117349 0.571069
0.126323 0.119986 0.565664
0.129279 0.112510 0.575910
0.128410 0.114148 0.571305
0.129452 0.111732 0.569775
0.130152 0.112415 0.568773
0.129044 0.118464 0.570132
0.131360 0.118007 0.567706
0.130297 0.121981 0.570193
0.131838 0.120537 0.567690
0.133058 0.113567 0.574705
0.134320 0.115819 0.571037
0.129879 0.118903 0.576337
0.136820 0.117522 0.577077
0.130629 0.115503 0.571146
0.134971 0.122804 0.570524
0.130382 0.121031 0.570314
0.132636 0.120502 0.577416
0.134575 0.116639 0.578189
0.138141 0.115352 0.577766
0.129674 0.114029 0.577949
0.135144 0.120722 0.577107
0.135205 0.114907 0.572274
0.132206 0.117836 0.578884
0.137850 0.114767 0.582598
0.137542 0.116929 0.578264
0.138363 0.114709 0.580005
0.136784 0.109268 0.582768
0.137336 0.114538 0.572553
0.130616 0.117138 0.574735
0.140902 0.114114 0.579070
0.137181 0.120236 0.579299
0.137370 0.112308 0.579580
0.138071 0.112533 0.579440
0.138220 0.117132 0.582789
0.135881 0.117703 0.582466
0.139760 0.115599 0.582966
0.141997 0.113628 0.584739
0.137769 0.116116 0.579771
0.139655 0.119116 0.584512
0.140172 0.112541 0.583281
0.140661 0.111505 0.582373
0.137317 0.118587 0.582458
0.137572 0.118731 0.583012
0.143269 0.113777 0.583693
0.138386 0.115115 0.584525
0.142864 0.111724 0.587236
0.135876 0.116834 0.592085
0.141771 0.112132 0.587079
0.143295 0.119743 0.587088
0.140838 0.118339 0.588412
0.137959 0.116959 0.585572
0.145531 0.116944 0.588705
0.143234 0.117439 0.596098
0.134011 0.115499 0.589966
0.141785 0.123264 0.587115
0.141029 0.111870 0.591674
0.142028 0.110770 0.591064
0.139215 0.114994 0.594638
0.141606 0.120796 0.591463
0.143461 0.116405 0.590425
0.144814 0.115332 0.596429
0.138960 0.115643 0.595396
0.136983 0.118592 0.597072
0.145098 0.117984 0.592615
0.140619 0.117513 0.592565
0.144090 0.116245 0.601686
0.142391 0.116501 0.603206
0.142903 0.111696 0.595880
0.140197 0.120550 0.592974
0.140380 0.110865 0.600493
0.145249 0.114915 0.602113
0.143550 0.113694 0.599885
0.142530 0.114976 0.595554
0.145221 0.115349 0.596745
0.147535 0.111154 0.600331
0.142569 0.120514 0.606806
0.144321 0.112722 0.601479
0.141931 0.121392 0.604898
0.148558 0.117055 0.602151
0.141273 0.121694 0.603024
0.143453 0.116203 0.601247
0.139604 0.113068 0.606192
0.139421 0.117040 0.604000
0.138392 0.112328 0.603442
0.139965 0.115858 0.607697
0.143252 0.113085 0.606397
0.139841 0.116004 0.599781
0.139813 0.117273 0.603310
0.142561 0.116453 0.609360
0.143560 0.114609 0.610828
0.138336 0.115633 0.611395
0.141126 0.117930 0.610548
0.136214 0.117283 0.610681
0.137416 0.119535 0.611398
0.144520 0.112236 0.618995
0.139805 0.114434 0.608349
0.137900 0.115573 0.615007
0.137442 0.118048 0.614903
0.141618 0.115829 0.614105
0.144363 0.112695 0.610174
0.140478 0.119217 0.608949
0.139580 0.120820 0.617585
0.136492 0.110634 0.614796
0.138031 0.116303 0.617952
0.148962 0.113962 0.617131
0.138976 0.119450 0.617618
0.137122 0.116357 0.615691
0.142828 0.121619 0.612668
0.139107 0.118019 0.615815
0.134817 0.114616 0.621222
0.139220 0.122536 0.613692
0.138567 0.117815 0.622034
0.136347 0.120861 0.620199
0.137670 0.119158 0.617642
0.140659 0.112559 0.619603
0.137080 0.114820 0.618206
0.138113 0.114367 0.622943
0.134591 0.115957 0.616658
0.136368 0.118704 0.618036
0.139501 0.112699 0.624024
0.133412 0.118134 0.629743
0.131070 0.123365 0.624346
0.138251 0.113197 0.618082
0.136196 0.115240 0.628951
0.140195 0.119116 0.624168
0.135129 0.111936 0.630743
0.135302 0.114384 0.628771
0.130370 0.119355 0.629598
0.133842 0.119559 0.627152
0.132718 0.117201 0.625622
0.128110 0.119437 0.621316
0.133842 0.113778 0.628231
0.129446 0.117101 0.624333
0.132386 0.113982 0.629193
0.135734 0.112899 0.625323
0.131791 0.117796 0.627305
0.129613 0.114746 0.629788
0.132151 0.113724 0.630311
0.131318 0.116466 0.624807
0.127632 0.116898 0.625313
0.127734 0.120497 0.631763
0.129171 0.114609 0.626289
0.128338 0.118225 0.632481
0.128448 0.119786 0.630194
0.127187 0.113556 0.635266
0.136497 0.119466 0.635254
0.123831 0.117696 0.635290
0.124505 0.115710 0.637500
0.131094 0.114531 0.633451
0.129148 0.108648 0.638506
0.129014 0.116990 0.636094
0.125456 0.119684 0.633144
0.125672 0.119185 0.629167
0.122543 0.119117 0.636083
0.124352 0.118362 0.637451
0.121334 0.120219 0.636912
0.124937 0.115604 0.632959
0.119532 0.116697 0.636397
0.124355 0.118514 0.642404
0.122035 0.113556 0.633074
0.125218 0.115446 0.634430
0.120225 0.119590 0.637676
0.118977 0.118652 0.562940
0.125769 0.122463 0.559804
0.123995 0.117884 0.566264
0.125040 0.121166 0.562819
0.121378 0.121299 0.566752
0.119753 0.118431 0.564682
0.120548 0.122360 0.561206
0.120190 0.119418 0.564419
0.126223 0.117712 0.571751
0.127806 0.119444 0.565306
0.125766 0.118339 0.568191
0.122574 0.117274 0.571130
0.133207 0.119599 0.566458
0.128980 0.114640 0.566622
0.129652 0.122948 0.568477
0.131068 0.118900 0.563890
0.128784 0.120151 0.558782
0.131114 0.118255 0.567918
0.131903 0.116492 0.572457
0.126310 0.117154 0.567672
0.126056 0.121135 0.564554
0.129219 0.121785 0.566274
0.131024 0.123118 0.567246
0.131080 0.117665 0.569743
0.130242 0.121155 0.572184
0.133840 0.118095 0.569477
0.130697 0.119348 0.568583
0.132979 0.117620 0.570260
0.130093 0.122178 0.570708
0.133797 0.120769 0.572016
0.138023 0.116082 0.574841
0.129877 0.114001 0.572165
0.133008 0.118075 0.574922
0.136608 0.119558 0.574557
0.128520 0.118964 0.574364
0.132223 0.119024 0.573020
0.137871 0.117875 0.576503
0.130924 0.118558 0.578487
0.139469 0.119728 0.574068
0.132268 0.119427 0.581286
0.132586 0.122138 0.577451
0.138668 0.124152 0.578116
0.141413 0.122242 0.577002
0.134045 0.127320 0.574043
0.133846 0.118794 0.584122
0.139629 0.123917 0.578662
0.133945 0.119564 0.579641
0.133043 0.118947 0.577136
0.142016 0.119837 0.579291
0.139936 0.116704 0.580202
0.133207 0.121126 0.574185
0.140920 0.116970 0.579602
0.133198 0.119326 0.578778
0.137236 0.115712 0.584112
0.138888 0.120105 0.584201
0.131716 0.117521 0.586484
0.135172 0.116339 0.581955
0.136874 0.121102 0.584615
0.139825 0.121242 0.583022
0.143119 0.115799 0.586059
0.136954 0.117340 0.581791
0.138615 0.124137 0.584923
0.134256 0.124880 0.584950
0.141582 0.120667 0.589105
0.144458 0.122909 0.593074
0.137331 0.115595 0.587721
0.141245 0.118997 0.591435
0.141603 0.116806 0.591728
0.143259 0.119252 0.589172
0.139196 0.121363 0.589264
0.141916 0.119498 0.590228
0.142112 0.123198 0.588814
0.141408 0.113561 0.588725
0.137183 0.119938 0.596362
0.144387 0.117141 0.595164
0.141464 0.116122 0.594573
0.140894 0.116870 0.596023
0.136363 0.118534 0.595349
0.141096 0.117861 0.596318
0.148842 0.119219 0.595685
0.146940 0.116127 0.596174
0.150533 0.119555 0.592448
0.145328 0.120979 0.598050
0.140939 0.119925 0.594426
0.142190 0.118219 0.598722
0.138937 0.124686 0.602424
0.139267 0.117863 0.596779
0.144779 0.120254 0.597124
0.147518 0.115093 0.599183
0.146180 0.118284 0.603170
0.139093 0.116839 0.602239
0.145079 0.118723 0.603982
0.142251 0.123778 0.603983
0.136605 0.123967 0.605047
0.138171 0.120102 0.603736
0.146848 0.118423 0.604323
0.149292 0.121535 0.603972
0.145062 0.120406 0.606110
0.149324 0.121494 0.602502
0.144791 0.121811 0.605611
0.142346 0.121909 0.605845
0.145739 0.117053 0.605133
0.140547 0.117778 0.606177
0.142922 0.123041 0.605197
0.144439 0.118245 0.610239
0.143041 0.118949 0.606265
0.140280 0.119711 0.609672
0.137528 0.122462 0.610143
0.142786 0.123306 0.608887
0.141496 0.125251 0.611483
0.135046 0.120945 0.603572
0.140723 0.118082 0.610332
0.137980 0.120072 0.607184
0.141240 0.122565 0.609342
0.142050 0.123140 0.608568
0.138623 0.124529 0.614571
0.138427 0.114067 0.609383
0.140622 0.121512 0.613969
0.142300 0.123885 0.613661
0.141699 0.124792 0.611346
0.145996 0.115951 0.613821
0.141660 0.122467 0.617666
0.142726 0.116927 0.613065
0.141375 0.116869 0.621799
0.137106 0.117856 0.620643
0.137510 0.118400 0.615254
0.131075 0.121656 0.617352
0.138065 0.118476 0.618151
0.139199 0.118925 0.616506
0.139383 0.117744 0.622997
0.136181 0.121674 0.615869
0.143046 0.119921 0.619986
0.136299 0.113880 0.623982
0.137288 0.123483 0.625025
0.136391 0.121154 0.618993
0.136605 0.117016 0.620343
0.135693 0.122907 0.623709
0.132879 0.122189 0.624394
0.135777 0.116264 0.625190
0.131539 0.117862 0.622858
0.128371 0.121280 0.619126
0.137393 0.120549 0.628874
0.132483 0.124156 0.623893
0.131042 0.115027 0.623365
0.130980 0.119450 0.624145
0.135321 0.121195 0.631297
0.132967 0.120677 0.630650
0.133744 0.119168 0.629558
0.136369 0.121004 0.627965
0.135443 0.123501 0.622615
0.134296 0.122522 0.626363
0.136567 0.117663 0.629019
0.136221 0.115102 0.624173
0.134916 0.118003 0.628733
0.130415 0.118052 0.629559
0.131887 0.121527 0.621571
0.131271 0.114818 0.632592
0.126182 0.117750 0.633035
0.131061 0.118446 0.637053
0.128776 0.116369 0.630131
0.126652 0.123533 0.629198
0.131265 0.123529 0.625587
0.126803 0.120114 0.628823
0.128678 0.117750 0.631296
0.122580 0.118028 0.629667
0.131272 0.115131 0.630553
0.124669 0.122800 0.636034
0.127826 0.115660 0.640175
0.130757 0.122248 0.633474
0.123505 0.125001 0.629446
0.119819 0.117904 0.635939
0.120183 0.111747 0.637098
0.126361 0.119811 0.639924
0.124586 0.119773 0.637451
0.124578 0.118845 0.631462
0.120800 0.120724 0.636684
0.118722 0.120792 0.635912
0.125021 0.121593 0.635560
0.121895 0.117172 0.637675
0.120789 0.125910 0.636785
0.120834 0.128029 0.561050
0.118513 0.127181 0.565734
0.120236 0.129580 0.561617
0.123342 0.127378 0.560694
0.119130 0.125859 0.568030
0.121451 0.118730 0.571347
0.121692 0.124738 0.563670
0.126800 0.123327 0.565248
0.125516 0.124110 0.567839
0.123689 0.127169 0.569682
0.126179 0.121041 0.567896
0.125632 0.128623 0.561438
0.126037 0.122594 0.568964
0.132140 0.123569 0.570747
0.132024 0.123701 0.566430
0.124914 0.119813 0.566330
0.129429 0.127538 0.570915
0.131623 0.116430 0.569926
0.129486 0.122647 0.566466
0.134248 0.123392 0.571486
0.126394 0.125050 0.568406
0.129147 0.124216 0.565378
0.124555 0.122526 0.568414
0.130858 0.116666 0.567665
0.132061 0.121340 0.577677
0.129294 0.120720 0.571838
0.136286 0.122710 0.568690
0.133317 0.123853 0.575051
0.132403 0.127036 0.575605
0.138825 0.130808 0.577643
0.132291 0.127412 0.573198
0.134027 0.119820 0.574873
0.130908 0.125943 0.572182
0.132390 0.122524 0.572355
0.134087 0.125369 0.571716
0.136545 0.120081 0.579685
0.131920 0.118816 0.576498
0.136517 0.124127 0.578248
0.135402 0.125525 0.576661
0.128633 0.122407 0.572099
0.133038 0.126621 0.580781
0.132230 0.119756 0.574172
0.139931 0.125340 0.578874
0.134538 0.119448 0.579446
0.133917 0.124197 0.578470
0.132250 0.120682 0.585377
0.128778 0.124244 0.578598
0.138583 0.119793 0.574721
0.137624 0.123888 0.579804
0.139855 0.118642 0.586176
0.137554 0.118647 0.580509
0.137159 0.124442 0.583461
0.138830 0.121245 0.584079
0.136677 0.123580 0.582314
0.136229 0.122111 0.588299
0.143190 0.124656 0.583691
0.142094 0.123724 0.585020
0.143828 0.123272 0.582708
0.140623 0.123867 0.587125
0.142320 0.121834 0.586549
0.135046 0.120961 0.583996
0.140709 0.121123 0.585273
0.141449 0.127108 0.580645
0.144617 0.123842 0.584209
0.138769 0.125200 0.586674
0.139730 0.126216 0.586809
0.140990 0.127847 0.586731
0.138590 0.127380 0.591118
0.144187 0.120063 0.590222
0.139611 0.121331 0.595937
0.139748 0.123100 0.592171
0.140025 0.119454 0.586357
0.145402 0.119621 0.591254
0.141116 0.121922 0.592016
0.139515 0.124318 0.593274
0.140698 0.122962 0.591498
0.144792 0.123327 0.591617
0.137988 0.120866 0.599658
0.138400 0.124580 0.597457
0.140293 0.123073 0.594483
0.144054 0.120841 0.593379
0.140834 0.126846 0.592867
0.138531 0.125159 0.598325
0.140429 0.122419 0.599056
0.141032 0.122547 0.601819
0.142831 0.121089 0.596176
0.140001 0.123545 0.598679
0.147429 0.116896 0.597114
0.146256 0.122056 0.605365
0.135943 0.121968 0.598225
0.139791 0.124589 0.603400
0.140141 0.122715 0.610560
0.144553 0.123458 0.598895
0.145958 0.127953 0.601808
0.136301 0.123828 0.602879
0.144260 0.126150 0.600162
0.137097 0.124578 0.604149
0.141901 0.126998 0.612381
0.146617 0.126206 0.606409
0.147898 0.111334 0.601052
0.142470 0.122585 0.606551
0.146469 0.121648 0.607203
0.140298 0.121328 0.603888
0.139545 0.119185 0.609696
0.141064 0.128595 0.605719
0.146457 0.129985 0.605798
0.140530 0.124544 0.607685
0.138484 0.125416 0.609780
0.140717 0.119981 0.613393
0.142785 0.125200 0.605028
0.145557 0.121428 0.612706
0.141203 0.120232 0.612048
0.144294 0.121534 0.612346
0.142375 0.121866 0.611030
0.139983 0.125787 0.608005
0.142736 0.122264 0.612774
0.137704 0.127067 0.612264
0.139217 0.121003 0.612963
0.140336 0.123844 0.605486
0.136049 0.117088 0.614283
0.140776 0.125078 0.617842
0.136526 0.123862 0.608822
0.142415 0.117441 0.617797
0.137365 0.119329 0.615812
0.137643 0.120164 0.613412
0.139283 0.126425 0.614563
0.135819 0.121639 0.614090
0.138918 0.129245 0.618710
0.138834 0.117182 0.620170
0.138306 0.117888 0.618428
0.142150 0.122405 0.622908
0.132895 0.123263 0.615818
0.136518 0.124234 0.622546
0.135791 0.127222 0.616784
0.136511 0.126841 0.618253
0.138161 0.123392 0.626868
0.138287 0.118912 0.622043
0.134558 0.120018 0.622716
0.134932 0.120850 0.615936
0.136627 0.125619 0.624004
0.136081 0.122123 0.617815
0.129606 0.117900 0.621972
0.134412 0.124209 0.614765
0.137980 0.126398 0.616221
0.131285 0.128315 0.623025
0.136173 0.122534 0.624419
0.131584 0.121178 0.626267
0.131494 0.121504 0.622776
0.133931 0.116879 0.630224
0.125392 0.123631 0.628951
0.133126 0.123282 0.628528
0.131391 0.125147 0.623871
0.132846 0.120538 0.628640
0.128440 0.117815 0.630748
0.131831 0.121086 0.629241
0.127726 0.125946 0.633631
0.132666 0.125555 0.631078
0.134226 0.117844 0.634374
0.127880 0.128211 0.631691
0.129575 0.120522 0.624728
0.129956 0.118268 0.631620
0.129891 0.120188 0.628574
0.127948 0.124530 0.633057
0.132049 0.122156 0.634733
0.126854 0.125998 0.627169
0.129155 0.114106 0.632236
0.128078 0.124858 0.632628
0.126032 0.125237 0.628127
0.126865 0.124257 0.631383
0.125022 0.120847 0.633925
0.121364 0.121991 0.633183
0.125396 0.121115 0.636955
0.126142 0.119004 0.632963
0.126601 0.121829 0.631946
0.120636 0.129461 0.636725
0.122223 0.126206 0.634307
0.126130 0.125021 0.633576
0.123045 0.122565 0.633021
0.123744 0.125318 0.637219
0.121708 0.121758 0.636305
0.126017 0.127712 0.563494
0.122481 0.125757 0.566538
0.119519 0.123100 0.564344
0.126050 0.130535 0.563096
0.118582 0.123098 0.572510
0.126241 0.124592 0.561132
0.121509 0.124321 0.564928
0.125000 0.126704 0.565315
0.125623 0.133366 0.563488
0.122568 0.121763 0.565567
0.124869 0.127804 0.564974
0.120561 0.131141 0.563990
0.123958 0.126797 0.565538
0.134156 0.126333 0.562029
0.130075 0.127201 0.569825
0.124303 0.124022 0.567150
0.126857 0.124937 0.571245
0.127627 0.125890 0.567623
0.122530 0.122443 0.567734
0.129771 0.130049 0.570793
0.129227 0.129667 0.572898
0.135212 0.129175 0.572291
0.126359 0.133457 0.571786
0.133845 0.126061 0.572390
0.132250 0.129559 0.568861
0.123325 0.125642 0.572301
0.130213 0.120641 0.575431
0.136162 0.123299 0.566687
0.137171 0.127141 0.571201
0.134960 0.125008 0.576016
0.130498 0.128814 0.576289
0.129821 0.124823 0.574048
0.128573 0.131252 0.581650
0.129796 0.124663 0.570241
0.132248 0.127593 0.574125
0.130236 0.131612 0.574475
0.136095 0.129527 0.571567
0.132740 0.125438 0.569490
0.131406 0.128410 0.578033
0.139107 0.128152 0.573961
0.132279 0.129297 0.577116
0.138339 0.127058 0.580603
0.130738 0.123479 0.577459
0.130179 0.122904 0.578462
0.136359 0.124553 0.576067
0.135241 0.125107 0.577265
0.140812 0.124633 0.580667
0.137392 0.126768 0.575837
0.134050 0.126534 0.583637
0.136615 0.127500 0.578263
0.136641 0.126188 0.582652
0.143008 0.127747 0.582238
0.137285 0.128860 0.576856
0.137218 0.130683 0.577726
0.135294 0.126751 0.582533
0.132022 0.121467 0.585571
0.140913 0.128535 0.586468
0.139569 0.124784 0.584347
0.140942 0.127533 0.578866
0.142930 0.130890 0.589188
0.138554 0.123412 0.585285
0.135538 0.132696 0.584876
0.144359 0.122946 0.588016
0.141683 0.130732 0.584614
0.134865 0.126024 0.589090
0.140385 0.127839 0.586746
0.142023 0.129670 0.588935
0.143147 0.128338 0.587924
0.144351 0.127678 0.586576
0.146208 0.124523 0.588643
0.140978 0.127355 0.584044
0.145242 0.128431 0.588110
0.143036 0.127774 0.585601
0.143109 0.131148 0.586457
0.141751 0.119854 0.589067
0.140731 0.129023 0.593654
0.136363 0.127432 0.591564
0.142013 0.125504 0.595984
0.139360 0.128353 0.598251
0.138257 0.127475 0.594763
0.141771 0.126677 0.592521
0.142791 0.124412 0.595147
0.144066 0.123554 0.594244
0.142329 0.125578 0.600271
0.142133 0.122050 0.595388
0.140660 0.127186 0.596618
0.142627 0.128078 0.599274
0.146184 0.124380 0.596617
0.141690 0.123926 0.601777
0.143579 0.129656 0.596161
0.141911 0.122839 0.600703
0.141114 0.126513 0.593294
0.142771 0.123787 0.603422
0.141620 0.128748 0.606637
0.138180 0.124570 0.604854
0.140020 0.131118 0.605062
0.139194 0.118333 0.604339
0.142517 0.127499 0.608122
0.141887 0.128290 0.607182
0.141284 0.133261 0.605150
0.135985 0.126503 0.606150
0.141323 0.125001 0.602225
0.146002 0.127298 0.602303
0.143875 0.129278 0.605463
0.137696 0.126707 0.608048
0.142715 0.128663 0.608809
0.144717 0.123943 0.608092
0.138344 0.124081 0.606419
0.145569 0.130254 0.608890
0.141236 0.125397 0.613686
0.143765 0.127714 0.610809
0.139701 0.124910 0.608731
0.143870 0.123453 0.610575
0.140137 0.125273 0.611885
0.136100 0.129816 0.615764
0.139163 0.131871 0.614351
0.140030 0.128648 0.613050
0.136965 0.123881 0.614911
0.141953 0.130207 0.616013
0.144740 0.125173 0.611326
0.139328 0.126974 0.619909
0.137073 0.126308 0.613470
0.141311 0.125779 0.616098
0.138226 0.122864 0.616428
0.137051 0.126276 0.617890
0.136900 0.122648 0.616699
0.141154 0.129684 0.622238
0.139938 0.125784 0.620827
0.138461 0.125572 0.612237
0.139981 0.121324 0.617925
0.134822 0.123834 0.616708
0.137425 0.120943 0.614411
0.138743 0.129481 0.614370
0.142263 0.131643 0.624067
0.135093 0.128292 0.614615
0.135573 0.125712 0.619473
0.134987 0.128608 0.622032
0.133068 0.124823 0.623834
0.133810 0.129472 0.622696
0.137284 0.126174 0.624127
0.131706 0.127345 0.621502
0.127520 0.125365 0.627603
0.138996 0.126899 0.621315
0.137239 0.123436 0.625521
0.134455 0.123333 0.624233
0.137001 0.135185 0.628377
0.140469 0.126090 0.631990
0.133125 0.129534 0.630878
0.131129 0.127211 0.626838
0.131340 0.123121 0.627006
0.132312 0.121493 0.622193
0.134682 0.121020 0.628542
0.129768 0.126070 0.629793
0.129768 0.127148 0.624237
0.130275 0.129533 0.627205
0.131614 0.130044 0.630200
0.132733 0.125777 0.629965
0.129790 0.130208 0.626564
0.128393 0.126613 0.630099
0.129144 0.128850 0.637343
0.131389 0.126041 0.632149
0.133014 0.123518 0.632702
0.130539 0.126546 0.636598
0.128506 0.130713 0.630303
0.127984 0.126052 0.634020
0.127681 0.129986 0.637088
0.127345 0.131143 0.634773
0.125295 0.120763 0.636155
0.128888 0.127203 0.630937
0.129597 0.126566 0.639828
0.120913 0.125741 0.636363
0.119834 0.126223 0.636002
0.118310 0.130908 0.633144
0.127323 0.126115 0.633298
0.127524 0.125796 0.639756
0.119904 0.128363 0.632824
0.121018 0.125549 0.632341
0.121637 0.125353 0.636738
0.122500 0.127818 0.635537
0.119639 0.129183 0.638300
0.115060 0.129076 0.563358
0.127992 0.129602 0.568362
0.125132 0.135167 0.563786
0.126022 0.132060 0.568668
0.121083 0.127833 0.563258
0.127929 0.131461 0.563424
0.127246 0.132195 0.563709
0.129011 0.123881 0.565193
0.124657 0.129588 0.568005
0.120357 0.131460 0.562244
0.125555 0.129706 0.565578
0.128743 0.128246 0.567499
0.131577 0.129850 0.571056
0.125831 0.127012 0.563856
0.124457 0.127256 0.563503
0.132523 0.127725 0.559967
0.130145 0.131101 0.563593
0.132803 0.128080 0.568084
0.124370 0.127564 0.569291
0.125240 0.133790 0.574275
0.127197 0.124737 0.567408
0.130403 0.136344 0.568144
0.130307 0.133497 0.570791
0.128939 0.131060 0.573215
0.135015 0.133161 0.572751
0.134452 0.125636 0.573475
0.132608 0.126459 0.568856
0.128874 0.132268 0.570357
0.131666 0.124959 0.569831
0.132692 0.130986 0.568027
0.125391 0.130373 0.573149
0.133052 0.129967 0.578161
0.136021 0.127393 0.573984
0.138598 0.130157 0.571548
0.134301 0.129809 0.571389
0.135411 0.127512 0.572374
0.136422 0.133271 0.574843
0.132834 0.133131 0.575381
0.136178 0.128129 0.574680
0.133017 0.127776 0.579636
0.136928 0.133203 0.574659
0.135393 0.130197 0.576501
0.137919 0.129333 0.576955
0.131498 0.127908 0.575638
0.140684 0.134597 0.580099
0.135667 0.132701 0.578292
0.136764 0.131013 0.569317
0.139139 0.127696 0.587883
0.137550 0.136044 0.579439
0.139170 0.125729 0.577646
0.137323 0.128009 0.582897
0.135637 0.128091 0.577984
0.138533 0.128051 0.582584
0.139194 0.130625 0.581830
0.139438 0.128455 0.584455
0.141055 0.129889 0.583177
0.134136 0.128482 0.581612
0.138956 0.130696 0.585256
0.140161 0.124121 0.583789
0.138113 0.133273 0.584004
0.141243 0.128378 0.581818
0.141837 0.133315 0.587397
0.142942 0.131442 0.586411
0.145263 0.129578 0.589257
0.137451 0.128681 0.585510
0.136126 0.134381 0.587600
0.136931 0.130181 0.584314
0.138951 0.127099 0.592655
0.144011 0.130434 0.586915
0.140902 0.130737 0.593316
0.137456 0.127941 0.587270
0.142258 0.135128 0.590762
0.137555 0.135832 0.590726
0.143696 0.131833 0.586041
0.141376 0.131044 0.594582
0.145447 0.134882 0.592807
0.145169 0.129570 0.596814
0.142788 0.127923 0.591359
0.142756 0.123653 0.604021
0.143364 0.122977 0.599946
0.140940 0.132292 0.598520
0.141826 0.137515 0.595147
0.142129 0.132737 0.598468
0.142671 0.130601 0.593185
0.144175 0.126684 0.597263
0.142556 0.127315 0.598472
0.141869 0.127973 0.600934
0.143178 0.130638 0.601646
0.140567 0.127735 0.598440
0.139689 0.133319 0.594954
0.144162 0.126829 0.600916
0.141825 0.128745 0.603090
0.145471 0.131553 0.599885
0.138667 0.132319 0.600866
0.145118 0.129267 0.601026
0.144669 0.131483 0.601960
0.138594 0.134547 0.600069
0.145041 0.133226 0.605219
0.145406 0.130220 0.605478
0.145484 0.128888 0.606394
0.145074 0.131288 0.601604
0.142364 0.130460 0.604189
0.143505 0.130510 0.606536
0.139024 0.129382 0.603648
0.141519 0.132733 0.610887
0.142793 0.128133 0.606212
0.139985 0.128598 0.603335
0.137682 0.131023 0.605989
0.140782 0.130715 0.606217
0.142353 0.129504 0.610725
0.141670 0.129467 0.614641
0.141278 0.128950 0.607088
0.138941 0.125473 0.606194
0.137846 0.124960 0.615277
0.139835 0.128826 0.609826
0.142842 0.128855 0.612073
0.143477 0.128504 0.618528
0.142383 0.132732 0.612916
0.139832 0.125018 0.608207
0.136527 0.126491 0.612715
0.142455 0.129768 0.616845
0.144647 0.131605 0.617178
0.139490 0.127084 0.611388
0.142328 0.127077 0.617011
0.137866 0.131862 0.617028
0.137973 0.126071 0.613296
0.145334 0.131147 0.618367
0.136727 0.129532 0.617705
0.137735 0.127356 0.615785
0.141153 0.132711 0.617137
0.135547 0.130220 0.618788
0.139747 0.128241 0.619597
0.137894 0.129993 0.619809
0.141080 0.130751 0.619931
0.137099 0.131446 0.621341
0.140729 0.126894 0.623934
0.133453 0.130738 0.623140
0.131996 0.130563 0.622470
0.134430 0.130225 0.625089
0.136808 0.129277 0.628572
0.143716 0.132641 0.624987
0.135676 0.126797 0.626021
0.133121 0.126997 0.624604
0.133861 0.130690 0.626058
0.132562 0.124313 0.626627
0.130896 0.133663 0.627650
0.132500 0.129643 0.621850
0.129466 0.122177 0.622762
0.132352 0.124137 0.630942
0.131267 0.124670 0.622609
0.130846 0.129465 0.627895
0.130903 0.127113 0.634291
0.129971 0.131049 0.624071
0.133056 0.135906 0.630371
0.131925 0.133372 0.630961
0.130777 0.124516 0.629184
0.137620 0.131001 0.626550
0.128244 0.130740 0.626753
0.130319 0.129413 0.633990
0.133610 0.137665 0.630240
0.131167 0.128422 0.630376
0.134210 0.134146 0.625124
0.124718 0.131908 0.633100
0.127907 0.124924 0.637860
0.129474 0.128514 0.629223
0.123924 0.133336 0.633989
0.128257 0.125933 0.632755
0.130321 0.126758 0.633809
0.128683 0.129780 0.634891
0.124799 0.125549 0.633620
0.124996 0.129002 0.634039
0.126019 0.128312 0.634216
0.118643 0.130417 0.634197
0.125528 0.129715 0.637867
0.128448 0.125733 0.634427
0.124175 0.129354 0.630626
0.122967 0.127214 0.636079
0.126806 0.124794 0.632605
0.122237 0.136641 0.640171
0.126393 0.128006 0.635487
0.118976 0.131232 0.562428
0.123320 0.136630 0.563844
0.120138 0.134860 0.565039
0.118414 0.128414 0.563451
0.119607 0.134931 0.563522
0.122815 0.134519 0.563034
0.126673 0.137063 0.566401
0.125885 0.131401 0.563846
0.121426 0.131630 0.565086
0.124973 0.135855 0.566720
0.121584 0.136396 0.566867
0.126286 0.135787 0.565583
0.126939 0.132931 0.568846
0.125739 0.136284 0.567410
0.130390 0.133617 0.567748
0.124860 0.140949 0.568431
0.126781 0.132398 0.566994
0.124601 0.129637 0.566878
0.128731 0.133874 0.566373
0.134335 0.129653 0.566144
0.126993 0.135376 0.568818
0.127582 0.135880 0.573168
0.127982 0.132188 0.569132
0.128857 0.133489 0.569842
0.129181 0.133018 0.570036
0.130094 0.131520 0.573104
0.131455 0.134165 0.575532
0.128967 0.135496 0.573856
0.129584 0.131306 0.572138
0.130053 0.141882 0.574715
0.137019 0.131179 0.575379
0.132621 0.129464 0.575948
0.135163 0.127951 0.573908
0.130763 0.134488 0.572367
0.139057 0.132767 0.573261
0.132810 0.134053 0.575356
0.138268 0.135883 0.577715
0.135690 0.133583 0.575872
0.131449 0.135547 0.577140
0.132555 0.134136 0.575364
0.137214 0.133571 0.576476
0.132938 0.132404 0.574762
0.135597 0.131307 0.577710
0.141601 0.137796 0.578982
0.140980 0.134643 0.581800
0.134963 0.130047 0.573431
0.138555 0.134281 0.577622
0.135177 0.132362 0.575005
0.142869 0.133811 0.581686
0.136412 0.139396 0.579644
0.139309 0.129078 0.583640
0.138924 0.132090 0.582879
0.139219 0.137860 0.583499
0.137862 0.131604 0.585232
0.138640 0.133354 0.581946
0.140832 0.133199 0.587568
0.135872 0.135102 0.585286
0.136407 0.137601 0.585215
0.141784 0.136089 0.581613
0.139339 0.134151 0.581655
0.137333 0.132912 0.585939
0.136920 0.128270 0.584921
0.136873 0.136391 0.590271
0.134318 0.132875 0.584998
0.140539 0.125919 0.588971
0.142047 0.132284 0.594821
0.134008 0.130876 0.591796
0.139972 0.131072 0.585530
0.136860 0.132430 0.595922
0.137244 0.130753 0.588864
0.138811 0.136107 0.588618
0.134657 0.131415 0.593295
0.141921 0.132529 0.587972
0.140673 0.135823 0.588396
0.141479 0.132785 0.595314
0.141258 0.140601 0.593252
0.141430 0.131449 0.591610
0.138642 0.132047 0.588269
0.140779 0.129784 0.588970
0.145541 0.136558 0.589304
0.141662 0.134571 0.600342
0.144799 0.131645 0.592806
0.146946 0.133774 0.596444
0.142685 0.130622 0.599229
0.141366 0.133128 0.598642
0.142938 0.134106 0.597991
0.141774 0.131227 0.599742
0.141983 0.137121 0.598648
0.141963 0.133339 0.595020
0.141901 0.135558 0.600060
0.145382 0.127376 0.599171
0.142092 0.138292 0.605066
0.144595 0.133515 0.607289
0.146360 0.131799 0.602203
0.147615 0.133090 0.604472
0.138139 0.135725 0.604467
0.138558 0.130413 0.598248
0.143761 0.132961 0.599196
0.147523 0.137296 0.598445
0.141075 0.138827 0.598888
0.137723 0.129808 0.602676
0.137975 0.132330 0.608210
0.142414 0.128955 0.602460
0.142497 0.131233 0.606038
0.141778 0.131148 0.607078
0.145001 0.135732 0.605193
0.143506 0.129376 0.613175
0.140805 0.134456 0.603755
0.141983 0.129372 0.611855
0.134470 0.134212 0.601618
0.142954 0.135390 0.607243
0.138298 0.135273 0.609312
0.140891 0.124957 0.609506
0.137061 0.128944 0.608013
0.138076 0.134723 0.609718
0.139658 0.130183 0.613114
0.143212 0.137400 0.616575
0.140657 0.141010 0.615331
0.144659 0.134780 0.614516
0.142177 0.136084 0.616884
0.138002 0.135089 0.612582
0.144105 0.131955 0.614760
0.138206 0.136663 0.618285
0.139773 0.131193 0.617705
0.133642 0.135077 0.615220
0.134244 0.134662 0.613852
0.138636 0.133537 0.614840
0.135587 0.122959 0.613443
0.139972 0.132502 0.618402
0.139950 0.137118 0.619387
0.136647 0.135579 0.620252
0.135546 0.136811 0.621957
0.134707 0.132464 0.617900
0.142557 0.133514 0.617745
0.133662 0.132400 0.625539
0.140010 0.127106 0.617408
0.138679 0.131304 0.618917
0.132777 0.135798 0.622497
0.133240 0.131146 0.618500
0.135570 0.130055 0.618850
0.140217 0.134375 0.620761
0.137618 0.139431 0.627557
0.135535 0.133710 0.624943
0.134681 0.129055 0.624995
0.139186 0.135340 0.626349
0.135417 0.134508 0.624542
0.134451 0.135322 0.632185
0.128060 0.134397 0.627536
0.135952 0.138533 0.629895
0.134412 0.131527 0.623871
0.131927 0.130656 0.624133
0.131026 0.128226 0.623935
0.130909 0.132657 0.629557
0.131784 0.129285 0.625818
0.131169 0.133184 0.626295
0.127752 0.133904 0.628719
0.125509 0.133110 0.627539
0.132893 0.134315 0.628307
0.128433 0.134548 0.630661
0.126063 0.133869 0.630578
0.129046 0.130595 0.631483
0.124143 0.135847 0.630049
0.128804 0.137793 0.629527
0.125700 0.130946 0.626641
0.124162 0.132140 0.631580
0.126963 0.132645 0.632628
0.123077 0.132237 0.635989
0.125917 0.133645 0.631999
0.125501 0.137073 0.632284
0.126890 0.136061 0.631018
0.125748 0.132381 0.633391
0.124178 0.135219 0.631705
0.130654 0.133669 0.636154
0.127334 0.136758 0.634645
0.126913 0.131387 0.634260
0.120026 0.132529 0.631990
0.123038 0.129833 0.640878
0.123548 0.135796 0.641482
0.122661 0.135010 0.635574
0.118624 0.128927 0.633530
0.121445 0.137530 0.566076
0.119795 0.140100 0.563884
0.127386 0.138449 0.563195
0.119167 0.137848 0.560947
0.122801 0.140955 0.567916
0.124866 0.134179 0.568460
0.120470 0.132776 0.564808
0.125330 0.137141 0.562747
0.123671 0.133427 0.565197
0.129365 0.131923 0.565743
0.122625 0.136638 0.563860
0.130204 0.135526 0.565678
0.127885 0.135701 0.564212
0.123789 0.137791 0.564756
0.126167 0.133650 0.569081
0.127128 0.132163 0.569013
0.126374 0.132755 0.564907
0.130787 0.139178 0.571030
0.124609 0.138366 0.568748
0.127419 0.137812 0.563985
0.128753 0.140729 0.566188
0.133011 0.136255 0.570592
0.126150 0.141755 0.572420
0.135848 0.137365 0.567089
0.129473 0.138630 0.569664
0.130639 0.135444 0.569827
0.130551 0.142687 0.571685
0.138769 0.134566 0.574808
0.133399 0.133843 0.570246
0.127092 0.127945 0.576806
0.134488 0.135590 0.572018
0.129263 0.138359 0.576534
0.129014 0.142612 0.571270
0.135919 0.140129 0.576224
0.139025 0.137092 0.570446
0.135757 0.133778 0.577066
0.138873 0.131361 0.576896
0.139225 0.137117 0.577757
0.136981 0.140076 0.578377
0.130127 0.138322 0.574945
0.136187 0.125803 0.573351
0.137413 0.135357 0.578170
0.139186 0.137212 0.581771
0.140415 0.137854 0.579276
0.131876 0.136380 0.583126
0.137373 0.140871 0.580213
0.129999 0.139245 0.587184
0.137119 0.141140 0.580538
0.135187 0.138002 0.581146
0.140085 0.131309 0.579871
0.138291 0.138551 0.580026
0.139707 0.134888 0.578978
0.140677 0.131724 0.578844
0.136141 0.137478 0.584704
0.140958 0.133068 0.586320
0.133684 0.131835 0.583281
0.134238 0.138271 0.583327
0.137920 0.140831 0.581926
0.136824 0.131647 0.586013
0.141104 0.133812 0.585051
0.139587 0.138989 0.583045
0.148329 0.133043 0.585311
0.138690 0.141742 0.585086
0.146123 0.134675 0.586598
0.145610 0.140099 0.586493
0.138313 0.135032 0.577792
0.135895 0.137145 0.591614
0.145396 0.139074 0.586174
0.136607 0.133283 0.582888
0.140036 0.139522 0.587856
0.145211 0.139541 0.589595
0.137923 0.128704 0.594841
0.139595 0.140625 0.592899
0.147132 0.140651 0.590378
0.138085 0.140663 0.596472
0.139410 0.138155 0.591263
0.143586 0.139338 0.597017
0.142758 0.139460 0.597872
0.139333 0.138780 0.591665
0.144173 0.140483 0.593955
0.145339 0.132547 0.595271
0.139461 0.135773 0.590769
0.143211 0.141261 0.591443
0.134437 0.136457 0.594197
0.145681 0.136905 0.597876
0.140723 0.140267 0.596542
0.136842 0.144178 0.596230
0.145777 0.133260 0.591067
0.141447 0.131980 0.594322
0.139879 0.134808 0.600613
0.139009 0.140936 0.599857
0.140782 0.135837 0.598525
0.136004 0.138010 0.608343
0.144152 0.134574 0.606778
0.143957 0.137031 0.606605
0.141632 0.130266 0.601912
0.145692 0.137432 0.601605
0.140815 0.140717 0.599744
0.140340 0.131628 0.605913
0.143042 0.138130 0.596964
0.142608 0.133579 0.605371
0.145109 0.137905 0.608650
0.146053 0.127681 0.605739
0.139412 0.137674 0.606020
0.143605 0.138789 0.601540
0.140243 0.140761 0.606158
0.142772 0.139678 0.605800
0.141007 0.136751 0.600159
0.140209 0.136594 0.610326
0.143009 0.136837 0.607899
0.146660 0.136684 0.616386
0.142449 0.137328 0.609930
0.139468 0.133647 0.610736
0.140202 0.133475 0.613908
0.139211 0.135968 0.616102
0.136800 0.139865 0.613395
0.140058 0.144321 0.611763
0.140873 0.143818 0.610408
0.139975 0.136462 0.611984
0.136231 0.131483 0.613524
0.144164 0.138802 0.610747
0.134090 0.133745 0.620682
0.135766 0.138301 0.613134
0.135584 0.133776 0.616706
0.138005 0.136539 0.612629
0.142198 0.140983 0.612453
0.138384 0.138272 0.618673
0.137586 0.133404 0.618871
0.137516 0.140603 0.618909
0.139299 0.138699 0.622668
0.135311 0.133731 0.616918
0.145080 0.138549 0.621873
0.137831 0.133269 0.618199
0.137138 0.133580 0.620605
0.130836 0.133708 0.625116
0.136968 0.136522 0.618353
0.138361 0.137072 0.622325
0.133889 0.139605 0.618459
0.137324 0.142203 0.620263
0.138060 0.136125 0.626430
0.138079 0.128908 0.619471
0.134812 0.139593 0.622380
0.133997 0.138384 0.627270
0.132052 0.135679 0.629504
0.137234 0.133852 0.625567
0.132403 0.138737 0.628359
0.131836 0.134801 0.627480
0.131459 0.137847 0.629035
0.133917 0.136513 0.624729
0.132981 0.142078 0.628180
0.130207 0.138843 0.628677
0.131153 0.143104 0.625418
0.140471 0.133957 0.631316
0.128672 0.131805 0.629259
0.130029 0.139790 0.628167
0.125783 0.131576 0.634052
0.132081 0.140537 0.634342
0.132692 0.131141 0.628373
0.128146 0.139805 0.637796
0.128137 0.133520 0.635542
0.134020 0.135894 0.633808
0.123615 0.143875 0.631063
0.124251 0.137365 0.631911
0.129406 0.130422 0.631037
0.121601 0.133172 0.633155
0.124643 0.134150 0.636941
0.126362 0.139287 0.629115
0.127443 0.137316 0.633393
0.126807 0.134274 0.634980
0.128044 0.135814 0.638081
0.124196 0.133571 0.640269
0.130081 0.137010 0.632653
0.126442 0.138223 0.629796
0.117408 0.137661 0.636244
0.120251 0.134112 0.639402
0.124543 0.132954 0.635887
0.123641 0.135793 0.638086
0.123070 0.136426 0.638304
0.122040 0.141903 0.636325
0.117839 0.141850 0.638957
0.118501 0.144110 0.564438
0.125834 0.138959 0.564605
0.117398 0.139772 0.569161
0.118006 0.135748 0.562040
0.123921 0.137289 0.563042
0.121899 0.142556 0.562622
0.119709 0.139696 0.563162
0.122164 0.135368 0.568272
0.123373 0.138217 0.566424
0.127880 0.132406 0.566678
0.129040 0.141568 0.566867
0.125914 0.142303 0.570205
0.125285 0.137098 0.569763
0.127517 0.139496 0.566893
0.127231 0.138677 0.566532
0.129377 0.140358 0.568605
0.127671 0.138574 0.566213
0.129861 0.139795 0.566886
0.128339 0.141498 0.572853
0.127284 0.141659 0.565377
0.130791 0.149767 0.571139
0.129179 0.145226 0.571223
0.130900 0.145644 0.569509
0.127369 0.138435 0.568654
0.129751 0.138425 0.565861
0.130966 0.142310 0.567230
0.127068 0.144161 0.572104
0.134346 0.140453 0.571440
0.130115 0.137286 0.575544
0.132868 0.142074 0.570432
0.129375 0.141964 0.569193
0.134310 0.140610 0.569091
0.134842 0.146313 0.572412
0.129438 0.136716 0.572863
0.137745 0.138843 0.578578
0.134767 0.139732 0.577087
0.132390 0.133088 0.572944
0.136294 0.135388 0.575774
0.133272 0.136089 0.579889
0.131259 0.137890 0.575879
0.139545 0.145602 0.576567
0.140187 0.142850 0.574527
0.134042 0.138711 0.577953
0.134794 0.143954 0.577676
0.134511 0.143402 0.577092
0.134668 0.144510 0.581053
0.135737 0.142239 0.577252
0.137671 0.140721 0.585811
0.144766 0.139644 0.580220
0.140463 0.137974 0.582207
0.141339 0.137515 0.584819
0.144282 0.142093 0.584574
0.134904 0.142531 0.583072
0.140830 0.141724 0.584162
0.135249 0.140768 0.579738
0.136347 0.138193 0.586551
0.140072 0.135475 0.581497
0.140923 0.143112 0.583547
0.139943 0.137852 0.587136
0.134294 0.146182 0.583584
0.142726 0.138409 0.583562
0.136520 0.141243 0.580292
0.147226 0.143424 0.587895
0.139688 0.140994 0.588719
0.138078 0.147279 0.587109
0.140811 0.140496 0.588461
0.140837 0.136936 0.587737
0.144061 0.137910 0.588031
0.139475 0.139608 0.590554
0.142842 0.147730 0.589321
0.138800 0.138531 0.590464
0.140396 0.136441 0.584057
0.144410 0.137942 0.592842
0.140040 0.141266 0.593602
0.141092 0.140978 0.593577
0.138177 0.141082 0.587562
0.139254 0.141666 0.600851
0.143791 0.141028 0.590481
0.143635 0.144252 0.596629
0.138857 0.141228 0.596056
0.143112 0.141948 0.597133
0.138625 0.141711 0.596460
0.141899 0.141509 0.594607
0.144402 0.137972 0.592602
0.139495 0.145485 0.596820
0.144399 0.138930 0.601477
0.143898 0.136301 0.592908
0.147550 0.136591 0.597959
0.138734 0.140422 0.598596
0.143808 0.137093 0.604891
0.140750 0.139671 0.599877
0.141121 0.137734 0.599306
0.145917 0.136784 0.595927
0.142636 0.137916 0.599897
0.139522 0.139249 0.608107
0.144781 0.141000 0.602166
0.134166 0.139855 0.604543
0.140759 0.142436 0.603263
0.143170 0.139011 0.606879
0.139203 0.140158 0.608238
0.138828 0.140122 0.600864
0.140624 0.137944 0.597471
0.140227 0.140235 0.608449
0.142646 0.140526 0.607350
0.142127 0.143364 0.609107
0.139787 0.138521 0.614476
0.142527 0.138610 0.605462
0.140355 0.140436 0.612061
0.145162 0.142071 0.610575
0.141944 0.142674 0.609142
0.133868 0.141190 0.610397
0.139437 0.136481 0.614709
0.143065 0.134930 0.617060
0.139425 0.139170 0.611339
0.140469 0.139030 0.613745
0.140069 0.143546 0.614125
0.141303 0.133213 0.611117
0.143978 0.135576 0.615318
0.138354 0.145734 0.612172
0.141979 0.142734 0.613823
0.137873 0.141292 0.615895
0.138676 0.139945 0.616197
0.140289 0.142341 0.618941
0.142460 0.137431 0.617065
0.136679 0.142544 0.618572
0.137606 0.140326 0.613008
0.136868 0.139005 0.620433
0.139702 0.139026 0.617097
0.132559 0.135013 0.616410
0.136202 0.142291 0.619683
0.138756 0.145993 0.616079
0.134915 0.144160 0.620402
0.134647 0.141523 0.622866
0.133439 0.147652 0.617842
0.141853 0.144063 0.618868
0.139362 0.140946 0.627201
0.138550 0.137778 0.623319
0.139387 0.137149 0.617762
0.141546 0.138999 0.623036
0.136071 0.137148 0.622242
0.134144 0.142797 0.621618
0.140485 0.142773 0.624737
0.137976 0.140259 0.623372
0.133039 0.142330 0.623403
0.129053 0.138094 0.627128
0.132720 0.138771 0.630771
0.131120 0.143575 0.624801
0.126755 0.142648 0.631192
0.137298 0.143277 0.632797
0.124516 0.141106 0.622457
0.129901 0.131869 0.619543
0.134971 0.137729 0.624566
0.129872 0.144671 0.626265
0.130416 0.140163 0.624314
0.128439 0.133181 0.627966
0.134314 0.140730 0.628706
0.133413 0.136505 0.625200
0.134496 0.142934 0.632620
0.130185 0.141753 0.628683
0.126913 0.140335 0.633007
0.123043 0.139297 0.631745
0.127010 0.141221 0.628248
0.126454 0.138616 0.634357
0.121715 0.142341 0.629375
0.128546 0.141550 0.637756
0.125753 0.141185 0.633899
0.127894 0.141578 0.632059
0.125034 0.139323 0.634025
0.123112 0.140313 0.636769
0.125423 0.137916 0.631825
0.124507 0.142340 0.630141
0.117705 0.142700 0.633598
0.121273 0.136253 0.634785
0.127032 0.138922 0.636459
0.125527 0.144705 0.636033
0.122754 0.138006 0.636033
0.125574 0.139172 0.639993
0.121874 0.140176 0.636707
0.119640 0.136840 0.640889
0.122305 0.137887 0.636881
