# .PCD v0.7
VERSION 0.7
FIELDS x y z
SIZE 4 4 4
TYPE F F F
COUNT 1 1 1
WIDTH 21600
HEIGHT 1
VIEWPOINT 0 0 0 1 0 0 0
POINTS 21600
DATA ascii
0.121345 -0.260261 0.562987
0.120458 -0.259100 0.564017
0.121943 -0.259613 0.563842
0.122252 -0.259511 0.563807
0.122784 -0.260396 0.564456
0.123316 -0.259727 0.564196
0.123843 -0.260446 0.565196
0.124284 -0.259835 0.565261
0.124092 -0.259608 0.566370
0.124182 -0.260865 0.564879
0.125822 -0.259936 0.566465
0.126160 -0.259895 0.566368
0.126107 -0.259566 0.565965
0.126371 -0.259879 0.567739
0.126585 -0.260540 0.566870
0.127835 -0.260118 0.568132
0.126793 -0.259436 0.568309
0.127395 -0.259923 0.568727
0.128519 -0.259500 0.569637
0.128979 -0.260140 0.568399
0.129529 -0.260098 0.569035
0.129512 -0.259675 0.568935
0.129155 -0.261217 0.570416
0.130308 -0.259245 0.570164
0.130247 -0.259761 0.570486
0.130334 -0.260443 0.571768
0.131476 -0.259792 0.571111
0.131289 -0.259554 0.571565
0.131584 -0.260067 0.571537
0.132384 -0.259435 0.571947
0.133324 -0.260334 0.572822
0.132509 -0.260111 0.573152
0.133022 -0.260351 0.573177
0.133136 -0.260785 0.573775
0.134050 -0.259546 0.574624
0.135377 -0.259841 0.574470
0.135377 -0.260524 0.575584
0.134253 -0.259823 0.574520
0.135464 -0.260079 0.575429
0.136133 -0.259617 0.576347
0.135196 -0.260022 0.576656
0.136201 -0.259601 0.576822
0.135829 -0.260266 0.576902
0.136067 -0.260046 0.578346
0.137278 -0.260404 0.578703
0.136646 -0.258962 0.578833
0.137364 -0.260468 0.578885
0.137454 -0.260192 0.579903
0.136806 -0.259669 0.579715
0.138678 -0.260144 0.581154
0.137344 -0.259786 0.580606
0.138017 -0.259988 0.581337
0.138606 -0.259626 0.582271
0.138639 -0.260682 0.581994
0.138788 -0.261061 0.583226
0.138964 -0.260126 0.583780
0.139611 -0.259889 0.583264
0.139619 -0.259827 0.583783
0.140168 -0.259746 0.583703
0.139883 -0.260632 0.585721
0.140397 -0.260552 0.585178
0.140210 -0.260119 0.586852
0.140689 -0.260141 0.586848
0.139457 -0.259845 0.587466
0.140533 -0.260355 0.587790
0.141745 -0.259898 0.587423
0.141626 -0.260939 0.588712
0.140745 -0.259535 0.588515
0.141824 -0.259850 0.588558
0.140296 -0.260158 0.590550
0.141462 -0.259966 0.590269
0.141877 -0.259811 0.591012
0.141120 -0.259406 0.592040
0.141060 -0.258849 0.592207
0.141559 -0.260952 0.592663
0.142169 -0.260298 0.591929
0.142533 -0.260294 0.593079
0.143469 -0.258936 0.594283
0.141888 -0.259675 0.593158
0.142233 -0.260380 0.594149
0.141446 -0.259737 0.595330
0.142370 -0.259579 0.595357
0.141719 -0.260888 0.596108
0.142757 -0.260075 0.597091
0.141822 -0.260235 0.596884
0.141817 -0.259070 0.598189
0.142083 -0.260383 0.598231
0.141761 -0.259782 0.598110
0.142308 -0.260512 0.599014
0.141834 -0.260786 0.599268
0.142159 -0.260147 0.600283
0.143257 -0.259594 0.600619
0.142845 -0.260344 0.601967
0.142739 -0.260678 0.602118
0.142849 -0.261343 0.601863
0.142175 -0.260964 0.602200
0.141903 -0.259746 0.603379
0.143650 -0.260197 0.604301
0.142329 -0.259865 0.603640
0.141282 -0.260384 0.605095
0.142971 -0.259698 0.605457
0.141696 -0.259233 0.606373
0.141781 -0.260023 0.605696
0.142705 -0.259797 0.606638
0.142093 -0.259780 0.606970
0.141182 -0.260642 0.606796
0.141941 -0.258891 0.607305
0.141681 -0.259795 0.608149
0.141610 -0.260548 0.609728
0.141101 -0.259950 0.609955
0.141068 -0.260896 0.609831
0.141544 -0.260042 0.610694
0.140496 -0.259928 0.611424
0.140922 -0.259046 0.611435
0.140245 -0.260809 0.612593
0.140593 -0.259494 0.612722
0.141286 -0.259367 0.612779
0.140456 -0.259457 0.612822
0.140884 -0.259394 0.614403
0.139893 -0.259849 0.613821
0.139851 -0.260294 0.614890
0.139399 -0.259858 0.615902
0.138809 -0.259537 0.614779
0.138196 -0.260060 0.616239
0.139306 -0.260824 0.616664
0.138949 -0.259372 0.617098
0.138947 -0.260489 0.617510
0.138251 -0.259648 0.617561
0.137843 -0.259712 0.619399
0.138233 -0.259848 0.618777
0.138361 -0.259730 0.620261
0.137753 -0.260474 0.619550
0.136859 -0.260625 0.620906
0.137517 -0.260619 0.621600
0.136990 -0.260478 0.621335
0.136584 -0.260386 0.620601
0.136382 -0.259854 0.620710
0.136381 -0.259691 0.622188
0.135895 -0.260140 0.622425
0.135389 -0.259324 0.622536
0.135413 -0.259908 0.623322
0.134795 -0.260700 0.623662
0.134738 -0.259837 0.624046
0.135970 -0.260285 0.624964
0.134033 -0.260200 0.625952
0.133610 -0.259333 0.626270
0.133024 -0.259482 0.625769
0.134607 -0.260193 0.626014
0.131971 -0.260647 0.626581
0.132111 -0.260614 0.626907
0.132186 -0.259275 0.626783
0.131688 -0.260477 0.627253
0.131000 -0.260453 0.628741
0.131202 -0.260269 0.629056
0.131101 -0.260112 0.629307
0.130204 -0.259686 0.629709
0.130065 -0.260610 0.630592
0.129967 -0.258474 0.629857
0.129991 -0.260217 0.630658
0.129622 -0.260400 0.630825
0.128923 -0.259943 0.631513
0.128988 -0.259583 0.631682
0.127930 -0.260565 0.631514
0.127465 -0.259659 0.632026
0.126729 -0.259687 0.632129
0.126585 -0.260113 0.633085
0.125375 -0.260561 0.633249
0.126010 -0.260432 0.633199
0.126491 -0.260228 0.634131
0.125797 -0.260225 0.634295
0.124776 -0.260305 0.633806
0.125035 -0.260199 0.634383
0.123626 -0.259096 0.635315
0.123713 -0.260347 0.634460
0.123512 -0.259856 0.634796
0.123529 -0.259612 0.635291
0.122251 -0.260214 0.636118
0.122033 -0.260819 0.637036
0.121837 -0.259370 0.637182
0.121146 -0.259829 0.637174
0.121635 -0.256721 0.562885
0.121697 -0.257039 0.563167
0.121090 -0.256597 0.563188
0.122251 -0.256665 0.564119
0.123893 -0.256536 0.563522
0.123431 -0.256937 0.564699
0.123437 -0.256993 0.564520
0.123876 -0.257551 0.564722
0.124590 -0.256038 0.565195
0.124815 -0.256349 0.565901
0.126201 -0.256346 0.565917
0.126467 -0.255874 0.565988
0.126271 -0.257479 0.566348
0.126140 -0.256746 0.566598
0.126885 -0.256690 0.567399
0.127466 -0.256920 0.566825
0.128346 -0.255930 0.567565
0.128385 -0.257402 0.567338
0.128340 -0.255903 0.567926
0.128425 -0.255835 0.567838
0.129529 -0.256395 0.569021
0.129659 -0.255328 0.568905
0.129763 -0.256758 0.569472
0.129600 -0.255842 0.570279
0.129739 -0.256990 0.570727
0.131162 -0.257359 0.570839
0.131430 -0.256442 0.571447
0.130722 -0.255715 0.571723
0.132866 -0.255207 0.571909
0.131672 -0.256207 0.572275
0.132384 -0.257155 0.573589
0.132705 -0.257338 0.572905
0.132660 -0.256560 0.573306
0.133018 -0.256338 0.573585
0.134211 -0.256008 0.574120
0.133825 -0.256539 0.575144
0.134440 -0.256569 0.575086
0.134886 -0.256324 0.575151
0.134774 -0.256617 0.575580
0.135362 -0.256371 0.576313
0.135267 -0.257027 0.577614
0.136278 -0.257199 0.576736
0.137040 -0.255883 0.577641
0.136942 -0.257382 0.578002
0.136989 -0.257569 0.578036
0.137260 -0.256073 0.578561
0.137258 -0.255838 0.579100
0.136686 -0.256669 0.579530
0.138238 -0.256559 0.579764
0.139017 -0.256889 0.580842
0.138379 -0.256246 0.581136
0.138554 -0.256673 0.580786
0.138364 -0.256738 0.581856
0.138751 -0.256951 0.583058
0.139669 -0.257739 0.582855
0.138729 -0.257942 0.583511
0.138967 -0.256827 0.583439
0.140008 -0.256019 0.584364
0.139992 -0.256695 0.584758
0.139451 -0.256621 0.584796
0.140180 -0.256225 0.585776
0.140751 -0.255294 0.585036
0.140326 -0.256923 0.586331
0.139794 -0.256612 0.586903
0.140306 -0.256766 0.587210
0.139594 -0.256100 0.587831
0.140429 -0.256485 0.588130
0.139949 -0.256195 0.588102
0.141053 -0.256579 0.590096
0.141878 -0.256556 0.589522
0.141191 -0.256095 0.591280
0.141780 -0.256961 0.591387
0.141425 -0.256843 0.591219
0.142006 -0.256501 0.592342
0.142451 -0.256382 0.591168
0.141042 -0.256559 0.592792
0.143051 -0.256654 0.593238
0.142518 -0.256106 0.593689
0.142352 -0.257205 0.593827
0.142796 -0.257342 0.595253
0.142577 -0.256254 0.595742
0.142572 -0.257709 0.595278
0.142036 -0.256181 0.595711
0.142025 -0.256820 0.597429
0.141692 -0.257316 0.597580
0.141378 -0.256473 0.597536
0.141676 -0.256849 0.597759
0.142566 -0.256457 0.599501
0.142487 -0.256588 0.598965
0.142487 -0.256114 0.598789
0.142829 -0.256906 0.600286
0.142656 -0.256213 0.600865
0.142286 -0.256483 0.601249
0.142362 -0.256536 0.602177
0.142510 -0.256561 0.601593
0.142349 -0.257568 0.603093
0.141908 -0.255991 0.604726
0.142138 -0.255974 0.603927
0.142011 -0.257059 0.604501
0.142935 -0.256462 0.603958
0.141659 -0.256753 0.605887
0.142258 -0.256475 0.606307
0.141944 -0.256683 0.606103
0.141082 -0.256405 0.606891
0.142378 -0.257233 0.606768
0.142270 -0.256477 0.608353
0.141279 -0.256538 0.607816
0.141767 -0.256881 0.608910
0.142049 -0.256301 0.608224
0.141869 -0.256415 0.609091
0.140840 -0.256635 0.610383
0.140937 -0.257450 0.610720
0.141121 -0.255418 0.610416
0.142165 -0.255766 0.611691
0.141595 -0.256590 0.612506
0.140255 -0.256599 0.611986
0.139686 -0.256774 0.612638
0.140605 -0.256003 0.613356
0.140188 -0.256545 0.613072
0.140128 -0.256633 0.614357
0.139272 -0.257630 0.614722
0.139804 -0.255968 0.615877
0.140192 -0.256454 0.616353
0.139174 -0.256324 0.616701
0.140429 -0.256517 0.616057
0.139575 -0.257034 0.617120
0.138536 -0.257093 0.618271
0.138772 -0.256945 0.618090
0.138044 -0.256331 0.618315
0.137658 -0.256961 0.618732
0.137962 -0.257098 0.619350
0.137809 -0.255470 0.620263
0.135861 -0.256894 0.620075
0.137273 -0.255854 0.621080
0.135717 -0.256485 0.621196
0.136825 -0.255959 0.621027
0.136915 -0.257466 0.622025
0.136294 -0.255496 0.622072
0.134992 -0.256295 0.622513
0.136351 -0.256993 0.622823
0.135916 -0.256596 0.624177
0.134300 -0.255813 0.623793
0.135140 -0.257141 0.623720
0.134313 -0.256551 0.625689
0.134323 -0.256281 0.625631
0.135405 -0.257048 0.626327
0.133472 -0.256508 0.625820
0.133820 -0.257266 0.625823
0.132823 -0.257218 0.627223
0.133071 -0.257015 0.627647
0.131958 -0.256661 0.627638
0.132902 -0.256639 0.627555
0.131175 -0.256039 0.627548
0.131064 -0.256829 0.627525
0.130726 -0.256138 0.629230
0.130168 -0.256294 0.629734
0.131283 -0.257010 0.629637
0.129940 -0.256708 0.630227
0.129511 -0.256986 0.629729
0.128925 -0.257335 0.630349
0.128568 -0.256387 0.631639
0.127953 -0.256490 0.631946
0.128075 -0.257466 0.630796
0.128117 -0.256190 0.632337
0.126813 -0.255923 0.633126
0.126933 -0.256762 0.631857
0.126945 -0.257458 0.633489
0.126544 -0.256605 0.634247
0.125624 -0.256357 0.634160
0.125513 -0.256861 0.634676
0.125200 -0.256748 0.634273
0.124650 -0.255511 0.634699
0.124058 -0.257184 0.634322
0.122818 -0.256534 0.635226
0.122839 -0.257395 0.635324
0.122673 -0.257320 0.635909
0.122586 -0.256678 0.636409
0.121765 -0.255973 0.635777
0.121922 -0.256336 0.636410
0.121411 -0.257296 0.636039
0.121134 -0.253658 0.563474
0.121679 -0.252985 0.563589
0.122192 -0.253247 0.563499
0.122280 -0.252276 0.563066
0.122839 -0.252792 0.564422
0.124054 -0.253019 0.563851
0.123598 -0.253997 0.565251
0.124894 -0.253516 0.565309
0.124373 -0.254016 0.565098
0.124190 -0.253582 0.565717
0.125744 -0.252651 0.565738
0.125894 -0.253089 0.566481
0.124744 -0.253689 0.566905
0.125998 -0.253178 0.567231
0.125995 -0.253398 0.567245
0.127330 -0.254069 0.567617
0.127421 -0.252894 0.567979
0.127800 -0.253219 0.567743
0.128094 -0.254099 0.568298
0.129211 -0.253255 0.568738
0.128853 -0.253579 0.569456
0.128776 -0.252288 0.569393
0.130962 -0.252735 0.569561
0.130591 -0.253197 0.570351
0.130965 -0.253602 0.570164
0.130699 -0.254014 0.570699
0.131359 -0.253208 0.571289
0.131378 -0.252942 0.570532
0.131704 -0.253503 0.572375
0.132558 -0.252942 0.572307
0.133018 -0.253847 0.572711
0.131800 -0.252493 0.573852
0.132866 -0.253776 0.572392
0.132706 -0.253292 0.573752
0.133036 -0.253603 0.573893
0.134308 -0.252997 0.574514
0.134425 -0.253354 0.573981
0.134747 -0.253383 0.575806
0.134024 -0.252968 0.575520
0.135355 -0.252744 0.575514
0.134841 -0.252851 0.576097
0.135288 -0.253047 0.576984
0.136422 -0.253198 0.577494
0.136786 -0.252253 0.577882
0.137289 -0.252780 0.578414
0.137028 -0.253815 0.578481
0.137183 -0.253369 0.579873
0.136634 -0.253492 0.579339
0.137443 -0.252763 0.579494
0.138175 -0.253640 0.580377
0.138474 -0.253486 0.581317
0.138251 -0.253430 0.581250
0.137543 -0.253716 0.581964
0.138720 -0.254087 0.582834
0.139110 -0.253991 0.582266
0.139276 -0.254219 0.582874
0.139189 -0.253401 0.583677
0.139601 -0.253735 0.583924
0.140616 -0.254036 0.584407
0.139821 -0.253657 0.585709
0.139975 -0.252953 0.584257
0.140699 -0.252756 0.585658
0.140920 -0.253196 0.586973
0.141329 -0.253277 0.586476
0.140568 -0.253964 0.587057
0.140336 -0.253680 0.588520
0.141276 -0.253771 0.588982
0.140151 -0.253649 0.588828
0.141715 -0.252954 0.589609
0.141896 -0.252957 0.590549
0.140968 -0.254160 0.590142
0.141888 -0.253182 0.591283
0.141934 -0.253053 0.591735
0.141319 -0.252763 0.591310
0.141713 -0.254018 0.592555
0.141081 -0.252606 0.592119
0.142068 -0.253380 0.592844
0.142639 -0.253524 0.594508
0.141570 -0.253711 0.593266
0.142425 -0.252850 0.594873
0.142125 -0.253770 0.596431
0.142631 -0.254232 0.595594
0.141000 -0.252518 0.597235
0.143079 -0.253334 0.596444
0.141679 -0.253040 0.596864
0.142223 -0.253627 0.597579
0.142885 -0.252460 0.598307
0.142463 -0.253863 0.598113
0.141933 -0.252861 0.599351
0.142958 -0.253091 0.599524
0.141850 -0.253488 0.599506
0.143473 -0.253167 0.600537
0.143458 -0.253495 0.601498
0.142358 -0.253122 0.601531
0.142665 -0.252584 0.601578
0.141271 -0.252620 0.602794
0.142794 -0.253446 0.603984
0.143232 -0.253890 0.604041
0.141959 -0.254114 0.604043
0.142499 -0.253995 0.604038
0.142774 -0.253290 0.605381
0.141507 -0.253640 0.605729
0.142106 -0.253241 0.606959
0.142015 -0.254093 0.606200
0.141815 -0.252679 0.606781
0.141556 -0.253342 0.607256
0.141240 -0.253452 0.608599
0.141799 -0.253482 0.608785
0.140799 -0.252834 0.609440
0.141487 -0.254164 0.610578
0.139742 -0.253845 0.609568
0.141450 -0.254098 0.610634
0.140895 -0.253488 0.611429
0.141560 -0.253140 0.611337
0.139550 -0.252597 0.611802
0.139623 -0.253259 0.613164
0.140341 -0.253929 0.614048
0.140570 -0.253161 0.613897
0.139004 -0.253369 0.613772
0.141085 -0.253617 0.614047
0.139065 -0.253746 0.614691
0.139727 -0.253429 0.616276
0.139663 -0.253004 0.616417
0.139548 -0.253591 0.615403
0.139217 -0.253747 0.617313
0.138449 -0.254455 0.617123
0.139178 -0.253431 0.617648
0.138504 -0.252452 0.618160
0.138191 -0.253639 0.617622
0.138706 -0.252744 0.618417
0.138076 -0.253161 0.619151
0.137378 -0.252945 0.619173
0.137038 -0.253367 0.620219
0.136955 -0.253217 0.620928
0.136364 -0.253285 0.620824
0.137333 -0.254042 0.621402
0.136668 -0.253472 0.621780
0.135780 -0.253168 0.621784
0.135749 -0.253377 0.622054
0.135661 -0.253559 0.623374
0.135687 -0.253146 0.623035
0.135137 -0.254129 0.623659
0.135538 -0.253313 0.625248
0.134313 -0.253308 0.624300
0.134591 -0.253412 0.625586
0.134039 -0.253037 0.625836
0.133499 -0.253305 0.625717
0.132137 -0.253053 0.627517
0.133453 -0.252113 0.627100
0.132108 -0.253790 0.627621
0.132451 -0.253370 0.628002
0.131513 -0.253019 0.627863
0.131709 -0.252680 0.628309
0.131994 -0.252606 0.628366
0.132137 -0.253904 0.629066
0.130993 -0.254429 0.630001
0.130851 -0.253330 0.629974
0.130034 -0.253378 0.630732
0.129381 -0.253294 0.630722
0.129642 -0.252713 0.630132
0.127818 -0.253342 0.631193
0.127932 -0.253118 0.631874
0.128302 -0.252436 0.631361
0.127745 -0.252295 0.632557
0.126788 -0.253171 0.633132
0.128028 -0.252938 0.633443
0.126021 -0.253401 0.633770
0.125707 -0.253307 0.632524
0.126550 -0.253343 0.634062
0.124640 -0.253943 0.634995
0.124827 -0.253553 0.634628
0.124878 -0.254272 0.634164
0.124216 -0.253275 0.635122
0.123562 -0.253419 0.635334
0.123016 -0.253701 0.635222
0.122951 -0.253354 0.635528
0.122400 -0.253304 0.636199
0.122287 -0.253931 0.636790
0.120866 -0.253003 0.636194
0.121540 -0.252745 0.635850
0.121550 -0.249783 0.562954
0.121868 -0.250172 0.563499
0.121568 -0.249526 0.563992
0.122897 -0.250253 0.564883
0.123939 -0.249967 0.564011
0.123153 -0.249577 0.565011
0.123396 -0.250946 0.564997
0.124162 -0.249837 0.565309
0.124028 -0.249892 0.565182
0.125181 -0.249311 0.565621
0.124958 -0.249300 0.566271
0.125682 -0.250839 0.565769
0.126248 -0.249657 0.566246
0.126783 -0.250255 0.566606
0.127216 -0.250073 0.567201
0.127769 -0.249369 0.567151
0.127579 -0.250606 0.567112
0.128230 -0.250203 0.567161
0.128715 -0.250364 0.568266
0.129025 -0.249743 0.568729
0.128178 -0.249659 0.568799
0.128826 -0.251052 0.570104
0.129964 -0.249887 0.570095
0.130205 -0.250684 0.570483
0.131094 -0.249683 0.571270
0.131891 -0.250341 0.570637
0.131719 -0.249852 0.571331
0.132078 -0.249569 0.571372
0.132002 -0.250296 0.571869
0.131709 -0.250923 0.572094
0.132292 -0.249490 0.573511
0.132918 -0.249701 0.572790
0.132755 -0.250078 0.573354
0.133676 -0.249878 0.574718
0.133724 -0.250759 0.574344
0.133802 -0.249830 0.575245
0.134105 -0.249969 0.575343
0.134243 -0.249823 0.575763
0.135407 -0.249381 0.576176
0.135477 -0.250624 0.574972
0.135075 -0.249216 0.576786
0.134702 -0.250137 0.577326
0.135169 -0.249639 0.576995
0.136875 -0.249909 0.579540
0.135945 -0.249782 0.577684
0.137436 -0.249859 0.579313
0.137159 -0.250506 0.578961
0.136731 -0.250442 0.579795
0.138118 -0.249491 0.580418
0.137532 -0.249664 0.580176
0.138141 -0.249501 0.580954
0.138023 -0.250135 0.581799
0.138317 -0.250628 0.581736
0.138149 -0.249171 0.582400
0.138149 -0.249786 0.583206
0.139270 -0.250098 0.583378
0.139413 -0.249419 0.583943
0.140592 -0.250025 0.584985
0.139653 -0.250768 0.584101
0.138914 -0.250774 0.585750
0.139663 -0.249618 0.585174
0.140151 -0.250442 0.586518
0.140191 -0.250143 0.586477
0.141555 -0.249695 0.587447
0.140002 -0.250241 0.587652
0.139839 -0.249253 0.588116
0.140893 -0.250016 0.588342
0.140782 -0.249225 0.589280
0.141779 -0.250069 0.588981
0.141957 -0.250524 0.589598
0.141751 -0.249378 0.589730
0.141370 -0.249905 0.590803
0.141182 -0.249582 0.591095
0.141588 -0.251038 0.591789
0.140834 -0.249567 0.592577
0.141634 -0.249838 0.592875
0.141895 -0.249739 0.593250
0.141806 -0.250314 0.594637
0.142209 -0.249929 0.594655
0.141983 -0.250109 0.595120
0.142746 -0.249585 0.594546
0.142316 -0.249931 0.596003
0.141894 -0.250440 0.596214
0.141933 -0.250448 0.596733
0.142868 -0.249852 0.597817
0.141943 -0.249569 0.597754
0.142025 -0.250128 0.597830
0.142370 -0.250291 0.599376
0.142311 -0.250624 0.599153
0.142685 -0.250078 0.600172
0.142044 -0.250343 0.601047
0.142491 -0.249653 0.600986
0.142762 -0.249899 0.601144
0.142995 -0.250163 0.601793
0.142775 -0.250115 0.601477
0.142634 -0.249388 0.602855
0.141548 -0.249604 0.604194
0.141573 -0.251252 0.603601
0.142325 -0.249534 0.604620
0.142282 -0.249652 0.604878
0.142239 -0.249945 0.605132
0.142460 -0.249718 0.605492
0.142582 -0.250272 0.606080
0.142037 -0.250847 0.606500
0.142308 -0.249518 0.606592
0.141398 -0.250442 0.607550
0.141679 -0.250695 0.608309
0.141647 -0.249952 0.608313
0.141419 -0.250784 0.609241
0.141502 -0.249967 0.609037
0.141905 -0.249365 0.609183
0.141364 -0.249841 0.609327
0.141288 -0.249599 0.611411
0.140982 -0.250233 0.611290
0.141016 -0.249344 0.611780
0.140488 -0.249575 0.611446
0.140692 -0.250027 0.611901
0.140696 -0.250359 0.613828
0.140831 -0.250520 0.613330
0.139990 -0.250765 0.614738
0.139917 -0.249435 0.613959
0.139748 -0.249686 0.614442
0.139904 -0.250581 0.615869
0.138643 -0.249525 0.617073
0.139122 -0.249891 0.617338
0.138680 -0.249879 0.617563
0.138904 -0.249132 0.618206
0.139433 -0.249901 0.618628
0.137891 -0.249443 0.619394
0.139224 -0.250488 0.618907
0.138206 -0.250302 0.619705
0.137895 -0.250108 0.619619
0.136948 -0.249721 0.620939
0.137301 -0.248515 0.620032
0.136631 -0.249540 0.620631
0.136835 -0.249471 0.621707
0.136300 -0.249409 0.622250
0.136505 -0.249602 0.622141
0.135347 -0.250055 0.622978
0.135522 -0.249406 0.623433
0.135815 -0.249813 0.623368
0.135473 -0.249628 0.623718
0.134572 -0.248504 0.622877
0.135036 -0.249849 0.624904
0.134038 -0.250132 0.626499
0.133665 -0.250034 0.626124
0.133765 -0.249976 0.625981
0.132610 -0.249357 0.625988
0.131755 -0.249376 0.627264
0.132800 -0.250153 0.627862
0.131773 -0.250980 0.627731
0.132378 -0.249593 0.629054
0.132061 -0.250014 0.628301
0.131755 -0.249933 0.628697
0.130099 -0.250057 0.628484
0.130746 -0.249838 0.629840
0.131170 -0.249994 0.630559
0.129369 -0.249827 0.630669
0.130548 -0.250453 0.630415
0.129286 -0.249956 0.630411
0.128039 -0.250516 0.631185
0.127816 -0.249022 0.632172
0.127164 -0.250152 0.632551
0.128461 -0.249350 0.631504
0.127176 -0.249269 0.632591
0.126749 -0.249656 0.633348
0.126660 -0.249785 0.633706
0.125919 -0.250363 0.633860
0.125208 -0.249660 0.633418
0.125828 -0.250502 0.634648
0.125150 -0.250061 0.633945
0.124526 -0.250371 0.634066
0.124733 -0.249612 0.635565
0.123109 -0.250884 0.634438
0.123696 -0.249509 0.634578
0.123464 -0.250131 0.635177
0.122492 -0.249629 0.635932
0.122019 -0.250336 0.635590
0.121492 -0.250728 0.636856
0.120823 -0.249260 0.636011
0.121953 -0.246997 0.562747
0.121825 -0.246105 0.563424
0.121925 -0.245557 0.563955
0.121926 -0.246688 0.564809
0.123113 -0.246142 0.565245
0.123067 -0.246368 0.564164
0.123775 -0.246287 0.564106
0.124262 -0.246484 0.565583
0.124299 -0.247194 0.565538
0.124436 -0.246465 0.565914
0.124960 -0.246618 0.565404
0.124372 -0.247288 0.565174
0.126195 -0.247096 0.566452
0.126550 -0.246029 0.566657
0.126759 -0.246309 0.567954
0.127304 -0.246391 0.567366
0.127371 -0.247335 0.567745
0.127962 -0.246686 0.569106
0.128300 -0.246395 0.568269
0.129428 -0.246706 0.569712
0.129068 -0.246170 0.569630
0.129441 -0.246131 0.569496
0.129535 -0.246895 0.569979
0.131162 -0.246805 0.570438
0.130210 -0.246430 0.569867
0.130562 -0.246562 0.570506
0.131160 -0.246053 0.571183
0.131270 -0.247177 0.571347
0.132537 -0.246599 0.571913
0.132647 -0.246138 0.572865
0.132427 -0.247017 0.571906
0.132580 -0.246744 0.573490
0.133396 -0.246842 0.573955
0.132913 -0.247085 0.573313
0.133299 -0.246686 0.573872
0.133762 -0.245890 0.573960
0.133920 -0.246679 0.575316
0.134969 -0.246693 0.575315
0.134876 -0.246188 0.575446
0.134112 -0.246468 0.575733
0.135534 -0.245865 0.576782
0.136752 -0.247356 0.577270
0.136293 -0.246145 0.577207
0.136439 -0.246498 0.578042
0.135927 -0.247421 0.578695
0.137039 -0.246538 0.579175
0.137652 -0.247137 0.579681
0.138099 -0.246042 0.580024
0.137944 -0.247271 0.579923
0.138336 -0.245806 0.580845
0.137824 -0.246613 0.581488
0.139284 -0.246145 0.581251
0.138803 -0.246320 0.583164
0.139000 -0.246517 0.582379
0.138292 -0.247061 0.582633
0.138700 -0.246437 0.583378
0.139770 -0.245774 0.583865
0.139389 -0.247461 0.584439
0.140000 -0.246916 0.584516
0.139496 -0.246002 0.585486
0.140625 -0.247135 0.586973
0.139754 -0.247045 0.586205
0.140062 -0.245626 0.586373
0.140150 -0.246048 0.587662
0.140221 -0.246776 0.587343
0.140701 -0.245683 0.588627
0.141452 -0.245903 0.588483
0.141486 -0.246578 0.588576
0.142007 -0.247422 0.589433
0.141005 -0.247377 0.589721
0.141440 -0.246317 0.589980
0.141891 -0.246396 0.591282
0.140653 -0.246778 0.591053
0.142000 -0.246923 0.591591
0.141232 -0.247152 0.591866
0.142370 -0.247089 0.591603
0.142112 -0.246786 0.593585
0.142307 -0.246718 0.593589
0.141832 -0.246567 0.593902
0.142269 -0.245872 0.594450
0.141916 -0.246881 0.595584
0.142610 -0.245845 0.596130
0.142394 -0.246333 0.595617
0.142654 -0.246472 0.597805
0.143096 -0.246969 0.596981
0.142877 -0.247589 0.597303
0.142647 -0.246235 0.598351
0.143062 -0.246691 0.598804
0.142396 -0.247101 0.599276
0.142223 -0.246515 0.598445
0.142553 -0.246826 0.599941
0.142516 -0.246790 0.601208
0.143104 -0.246114 0.601725
0.142646 -0.246539 0.601100
0.142257 -0.245950 0.602619
0.142168 -0.246500 0.603262
0.142298 -0.245744 0.602852
0.142732 -0.246206 0.603813
0.142442 -0.246284 0.603090
0.142475 -0.245981 0.604916
0.142750 -0.247142 0.605177
0.142284 -0.246683 0.606297
0.142292 -0.246807 0.606604
0.142382 -0.246769 0.607001
0.142081 -0.246375 0.606554
0.142442 -0.246229 0.607655
0.141887 -0.246385 0.608004
0.141323 -0.246504 0.608346
0.141268 -0.247134 0.608991
0.141902 -0.246447 0.609638
0.141127 -0.246766 0.609350
0.141989 -0.246917 0.609831
0.141236 -0.246428 0.610801
0.140167 -0.247244 0.612323
0.140707 -0.246881 0.612946
0.140350 -0.247017 0.612765
0.140657 -0.245774 0.612189
0.140463 -0.247402 0.613670
0.139831 -0.246786 0.613543
0.140412 -0.245743 0.614337
0.139693 -0.246807 0.615108
0.139130 -0.244783 0.615195
0.140320 -0.246481 0.615087
0.138494 -0.246767 0.615874
0.138958 -0.247134 0.617865
0.139947 -0.247465 0.617386
0.139277 -0.246729 0.617484
0.139014 -0.246291 0.617439
0.138866 -0.246808 0.619426
0.137551 -0.247714 0.618990
0.138415 -0.246307 0.619461
0.137112 -0.246107 0.618891
0.137736 -0.247178 0.619955
0.136432 -0.247034 0.621437
0.136254 -0.246482 0.620715
0.137111 -0.247265 0.621548
0.136792 -0.245442 0.621374
0.135632 -0.246610 0.623140
0.135292 -0.246171 0.622496
0.135013 -0.247391 0.623295
0.135757 -0.246641 0.622569
0.134695 -0.246101 0.624492
0.134833 -0.245844 0.623816
0.133779 -0.245384 0.625202
0.134007 -0.246840 0.623957
0.134236 -0.247642 0.624662
0.133482 -0.245829 0.625853
0.133390 -0.246815 0.626647
0.132041 -0.245524 0.626342
0.132856 -0.247634 0.628120
0.132472 -0.245573 0.627263
0.132455 -0.246680 0.627952
0.132260 -0.247049 0.628725
0.132257 -0.245695 0.629262
0.131099 -0.247077 0.629819
0.130244 -0.245968 0.629281
0.130252 -0.246580 0.630117
0.129673 -0.246486 0.629895
0.129812 -0.246433 0.630727
0.128752 -0.246411 0.630875
0.129117 -0.246551 0.630698
0.128822 -0.246920 0.631671
0.127025 -0.246323 0.632194
0.127236 -0.246282 0.631994
0.128028 -0.246242 0.631871
0.126839 -0.247478 0.632660
0.126833 -0.246158 0.633082
0.126045 -0.246497 0.633139
0.125941 -0.246008 0.633851
0.125818 -0.246971 0.633805
0.125155 -0.245544 0.634867
0.125451 -0.246542 0.635277
0.123324 -0.246299 0.633876
0.124397 -0.246317 0.635811
0.123566 -0.246810 0.635121
0.123044 -0.245796 0.636090
0.122255 -0.246842 0.635681
0.121999 -0.246599 0.636056
0.121685 -0.247352 0.637349
0.121378 -0.245778 0.636956
0.121155 -0.243145 0.563311
0.121350 -0.243379 0.564419
0.122588 -0.243448 0.563974
0.122115 -0.242474 0.563462
0.123411 -0.243169 0.564258
0.122967 -0.243312 0.564126
0.123356 -0.242948 0.566057
0.124029 -0.242676 0.565061
0.124249 -0.242504 0.565674
0.125588 -0.243123 0.565717
0.125001 -0.243315 0.566788
0.124662 -0.242984 0.566981
0.126609 -0.242734 0.566412
0.127167 -0.242594 0.566836
0.127830 -0.243421 0.565920
0.127362 -0.243233 0.567059
0.127515 -0.243447 0.566888
0.128742 -0.243173 0.569488
0.128485 -0.242977 0.567706
0.129371 -0.243725 0.569073
0.129687 -0.242793 0.568722
0.129177 -0.242796 0.570080
0.130663 -0.243192 0.569779
0.131188 -0.243476 0.570566
0.130475 -0.243895 0.569977
0.131202 -0.243069 0.571146
0.131136 -0.243433 0.571405
0.131554 -0.243988 0.571410
0.132827 -0.243566 0.572277
0.132258 -0.242816 0.571937
0.131977 -0.242961 0.572400
0.132916 -0.243345 0.573619
0.133374 -0.243117 0.573032
0.132765 -0.243608 0.574330
0.134201 -0.242896 0.574103
0.133638 -0.242614 0.574793
0.134713 -0.243662 0.574759
0.135056 -0.242821 0.575007
0.135161 -0.243777 0.576524
0.135628 -0.242054 0.577080
0.135240 -0.243093 0.576501
0.135910 -0.242801 0.577154
0.136134 -0.243862 0.577867
0.136356 -0.242881 0.578521
0.136635 -0.242844 0.578126
0.137340 -0.243204 0.578562
0.136998 -0.243902 0.578966
0.137138 -0.243181 0.579682
0.137265 -0.243287 0.579098
0.137861 -0.242917 0.580996
0.138575 -0.243299 0.581005
0.138019 -0.243438 0.581553
0.139138 -0.244040 0.581693
0.138814 -0.243696 0.582595
0.138196 -0.243374 0.582020
0.139211 -0.243594 0.583617
0.139119 -0.243682 0.583543
0.139513 -0.243214 0.584083
0.139456 -0.243204 0.585091
0.139522 -0.242993 0.584479
0.140434 -0.243030 0.585429
0.139979 -0.244050 0.586118
0.140181 -0.243901 0.586325
0.140743 -0.243122 0.587151
0.140332 -0.242789 0.587480
0.141171 -0.242111 0.586978
0.140641 -0.243203 0.588084
0.141535 -0.243377 0.589757
0.141527 -0.242993 0.589403
0.141694 -0.242957 0.590625
0.141601 -0.242687 0.590586
0.141672 -0.243965 0.590876
0.141806 -0.243770 0.590673
0.141560 -0.243047 0.591005
0.141958 -0.242718 0.592212
0.142009 -0.242962 0.592498
0.142279 -0.242969 0.592703
0.142303 -0.242759 0.593273
0.142546 -0.243324 0.593635
0.141667 -0.243631 0.595059
0.142000 -0.243387 0.594660
0.142301 -0.243810 0.595448
0.142640 -0.242864 0.596012
0.142352 -0.242930 0.596766
0.143009 -0.242529 0.597224
0.141831 -0.243269 0.598432
0.143024 -0.242605 0.598815
0.142228 -0.243055 0.599297
0.142627 -0.242754 0.598757
0.141898 -0.242190 0.600137
0.142807 -0.242460 0.601361
0.143931 -0.244382 0.600946
0.143004 -0.244139 0.600361
0.142384 -0.242244 0.602218
0.143525 -0.243041 0.602781
0.143181 -0.242955 0.602732
0.142447 -0.245029 0.603397
0.141412 -0.243597 0.604083
0.142493 -0.244190 0.604486
0.142616 -0.243092 0.605060
0.142466 -0.244045 0.605103
0.141966 -0.243803 0.605675
0.141635 -0.243238 0.605757
0.142491 -0.242088 0.606394
0.141905 -0.243171 0.607394
0.141711 -0.244315 0.607836
0.141639 -0.243738 0.608046
0.141350 -0.243084 0.608473
0.141358 -0.243150 0.609240
0.141396 -0.242617 0.609724
0.140887 -0.242339 0.610146
0.141936 -0.243737 0.610850
0.141887 -0.242567 0.611095
0.140599 -0.243507 0.611435
0.140268 -0.243579 0.611507
0.140110 -0.243086 0.611596
0.140544 -0.242860 0.612483
0.139850 -0.243194 0.613407
0.140623 -0.244203 0.613865
0.140685 -0.243162 0.615255
0.140905 -0.243478 0.615588
0.139896 -0.243210 0.615162
0.139344 -0.243659 0.615681
0.139739 -0.242570 0.616036
0.139342 -0.242961 0.615504
0.139236 -0.243819 0.616568
0.139096 -0.242361 0.617039
0.138022 -0.243678 0.617781
0.138058 -0.243620 0.617677
0.138917 -0.243456 0.618556
0.138255 -0.243390 0.619925
0.137968 -0.242712 0.619622
0.137659 -0.243983 0.619573
0.137135 -0.243359 0.621371
0.136720 -0.244091 0.621162
0.136460 -0.243108 0.620978
0.135965 -0.243172 0.622361
0.136300 -0.242825 0.621687
0.135723 -0.243091 0.623320
0.135695 -0.243320 0.623197
0.135245 -0.243913 0.623687
0.135415 -0.242840 0.623153
0.134728 -0.243948 0.625041
0.134710 -0.242840 0.624565
0.133178 -0.243717 0.625123
0.133098 -0.243698 0.626576
0.132885 -0.242920 0.625160
0.133364 -0.242775 0.626707
0.133529 -0.242295 0.626181
0.132743 -0.242932 0.627470
0.133088 -0.243050 0.628243
0.132550 -0.243111 0.628294
0.131261 -0.243025 0.628490
0.131238 -0.243410 0.629251
0.130922 -0.242037 0.629787
0.131017 -0.243464 0.629949
0.130363 -0.243127 0.629307
0.130234 -0.243045 0.629977
0.129254 -0.243303 0.629898
0.128958 -0.242476 0.630580
0.130026 -0.243834 0.631789
0.129046 -0.242583 0.631866
0.127331 -0.242591 0.632444
0.127778 -0.244344 0.632772
0.126915 -0.243304 0.633177
0.127658 -0.242974 0.632596
0.127460 -0.242590 0.633110
0.125735 -0.243026 0.632816
0.126706 -0.242918 0.633617
0.125626 -0.244010 0.634058
0.124698 -0.243969 0.634067
0.124786 -0.243896 0.634574
0.123473 -0.243081 0.634073
0.124148 -0.242851 0.635651
0.124281 -0.243099 0.635568
0.123259 -0.243421 0.634826
0.121919 -0.243801 0.636139
0.121789 -0.243388 0.636584
0.121777 -0.242187 0.636532
0.120780 -0.242555 0.636601
0.121217 -0.239330 0.563288
0.122034 -0.240138 0.563304
0.122435 -0.240091 0.563514
0.122522 -0.239018 0.564718
0.123083 -0.239777 0.563900
0.124052 -0.239600 0.565000
0.123103 -0.239398 0.564884
0.124603 -0.239277 0.565098
0.124451 -0.239447 0.564776
0.125757 -0.239617 0.565117
0.126092 -0.239303 0.566743
0.126350 -0.239533 0.566259
0.125715 -0.239399 0.566883
0.126427 -0.239477 0.566450
0.127557 -0.239697 0.567334
0.127044 -0.239299 0.567609
0.127499 -0.239581 0.567744
0.128681 -0.240538 0.567597
0.129541 -0.240027 0.568749
0.128692 -0.239674 0.570147
0.128265 -0.239510 0.569201
0.129630 -0.240179 0.569039
0.130649 -0.239532 0.569262
0.130318 -0.240456 0.571652
0.130851 -0.240692 0.571032
0.131317 -0.239634 0.571016
0.131064 -0.239887 0.570276
0.132327 -0.238787 0.571908
0.132311 -0.240478 0.571813
0.131616 -0.240451 0.572672
0.133357 -0.239829 0.574025
0.133375 -0.240929 0.572960
0.133927 -0.239719 0.574070
0.132734 -0.239159 0.573344
0.134053 -0.238737 0.574369
0.134062 -0.239419 0.574311
0.133994 -0.239312 0.574379
0.134135 -0.238921 0.574904
0.135265 -0.239249 0.575909
0.134787 -0.239393 0.575880
0.136656 -0.238694 0.576247
0.136155 -0.240162 0.577370
0.135999 -0.240302 0.577858
0.135556 -0.239655 0.577943
0.136245 -0.239358 0.578468
0.136713 -0.239897 0.578763
0.137599 -0.239961 0.577852
0.135809 -0.240346 0.579110
0.137465 -0.240499 0.579774
0.138494 -0.240489 0.581046
0.137994 -0.239163 0.581516
0.138308 -0.239270 0.581629
0.137932 -0.239559 0.582223
0.138651 -0.239674 0.582208
0.139080 -0.239938 0.582108
0.138983 -0.238999 0.583755
0.140065 -0.239797 0.583595
0.138964 -0.239722 0.584772
0.140090 -0.239426 0.584467
0.139911 -0.240186 0.585602
0.140328 -0.240118 0.585717
0.139055 -0.239446 0.585710
0.140165 -0.239498 0.586929
0.140166 -0.239004 0.588076
0.141379 -0.239144 0.587565
0.141494 -0.240243 0.587455
0.141014 -0.239674 0.588057
0.141958 -0.240537 0.587931
0.140988 -0.238982 0.589824
0.141484 -0.239736 0.590211
0.141585 -0.239757 0.590350
0.140727 -0.239322 0.590680
0.141824 -0.239563 0.591900
0.141336 -0.239397 0.592294
0.141770 -0.239837 0.592430
0.141397 -0.240040 0.592274
0.142586 -0.240205 0.592796
0.142142 -0.239545 0.593638
0.141656 -0.239605 0.594741
0.141375 -0.239362 0.593918
0.142583 -0.240038 0.595173
0.142664 -0.239095 0.596840
0.143037 -0.239473 0.595620
0.142188 -0.239751 0.596485
0.142718 -0.239940 0.598177
0.142363 -0.240453 0.597520
0.142118 -0.239464 0.598974
0.143006 -0.239306 0.598427
0.141954 -0.240219 0.599286
0.142343 -0.239672 0.600282
0.142559 -0.238959 0.599882
0.142832 -0.239840 0.601272
0.142488 -0.240075 0.601203
0.142046 -0.240360 0.602162
0.142160 -0.239205 0.603514
0.142243 -0.239376 0.602712
0.141447 -0.239862 0.603986
0.141744 -0.239900 0.603651
0.141578 -0.239661 0.604158
0.142539 -0.239795 0.604016
0.142256 -0.239509 0.605091
0.142405 -0.239551 0.604629
0.142364 -0.240843 0.605548
0.141902 -0.240326 0.606275
0.142439 -0.240378 0.607760
0.142708 -0.239140 0.607100
0.140929 -0.239815 0.609202
0.141490 -0.240129 0.608564
0.141869 -0.239251 0.609110
0.141316 -0.239594 0.609613
0.141061 -0.240734 0.610140
0.140843 -0.239967 0.610414
0.140576 -0.239571 0.611578
0.141152 -0.240176 0.611608
0.141099 -0.239900 0.612350
0.139898 -0.239957 0.613196
0.140957 -0.239911 0.613014
0.141383 -0.239298 0.613077
0.140303 -0.240071 0.613606
0.139379 -0.239483 0.615484
0.140246 -0.240492 0.615107
0.138911 -0.239723 0.615836
0.140202 -0.239772 0.615935
0.139283 -0.239917 0.617017
0.138608 -0.240628 0.617571
0.140020 -0.240629 0.617619
0.139087 -0.240041 0.617127
0.138554 -0.239998 0.618466
0.137945 -0.239241 0.618190
0.138858 -0.239386 0.619521
0.137625 -0.239945 0.619350
0.138181 -0.240161 0.619445
0.137242 -0.239652 0.620235
0.137082 -0.240487 0.620402
0.136333 -0.239307 0.621122
0.136958 -0.240488 0.621554
0.136551 -0.240359 0.621676
0.135845 -0.239758 0.622564
0.135128 -0.239667 0.622948
0.135714 -0.240268 0.623225
0.135932 -0.239259 0.623368
0.135814 -0.240044 0.623637
0.135290 -0.239671 0.625639
0.134324 -0.239767 0.625266
0.134278 -0.240034 0.625302
0.133837 -0.239843 0.625683
0.132776 -0.239387 0.625783
0.133115 -0.240228 0.626380
0.133414 -0.239200 0.627033
0.132691 -0.240093 0.627115
0.132406 -0.239910 0.627141
0.131995 -0.240354 0.629046
0.131787 -0.240115 0.628616
0.130926 -0.239958 0.629526
0.131605 -0.240424 0.628557
0.130362 -0.238705 0.629507
0.130400 -0.240086 0.630496
0.130402 -0.240696 0.629760
0.128649 -0.240413 0.630124
0.128537 -0.240151 0.631221
0.129405 -0.239776 0.631579
0.127796 -0.239095 0.632697
0.128031 -0.239546 0.632059
0.126643 -0.239323 0.632447
0.126539 -0.240043 0.633109
0.127255 -0.240522 0.632561
0.126236 -0.239757 0.632807
0.126214 -0.239921 0.632727
0.126000 -0.239705 0.633429
0.125770 -0.238688 0.633278
0.125108 -0.239415 0.634382
0.124304 -0.238734 0.634404
0.124122 -0.240162 0.635550
0.122704 -0.240284 0.634993
0.123521 -0.239662 0.635994
0.122884 -0.240203 0.635737
0.122090 -0.240103 0.635795
0.122256 -0.239417 0.635745
0.121379 -0.239847 0.636559
0.121120 -0.239546 0.636695
0.120375 -0.235815 0.562566
0.122494 -0.236342 0.563605
0.121370 -0.236337 0.563596
0.122107 -0.236198 0.564335
0.123540 -0.237083 0.563835
0.124057 -0.236209 0.564903
0.123519 -0.236293 0.565183
0.123584 -0.236805 0.565184
0.125286 -0.236676 0.565679
0.124593 -0.237052 0.565951
0.124904 -0.236442 0.565660
0.126063 -0.237085 0.565542
0.125500 -0.236561 0.567170
0.126995 -0.236368 0.566776
0.127573 -0.236515 0.567671
0.128024 -0.236132 0.567669
0.127924 -0.236508 0.567933
0.127673 -0.236884 0.568892
0.128416 -0.237304 0.569117
0.129510 -0.236249 0.568177
0.130160 -0.235937 0.569731
0.129443 -0.236265 0.569333
0.129803 -0.237046 0.569430
0.130019 -0.236453 0.570652
0.130889 -0.237360 0.571032
0.130216 -0.236235 0.570784
0.131327 -0.236711 0.570724
0.132427 -0.237681 0.571173
0.132607 -0.236485 0.571989
0.131859 -0.237037 0.572649
0.132516 -0.236314 0.573113
0.132068 -0.236994 0.572786
0.133338 -0.236138 0.572991
0.133426 -0.236538 0.573838
0.134609 -0.236851 0.574367
0.132987 -0.236541 0.574743
0.134777 -0.236738 0.574809
0.134118 -0.236733 0.576670
0.134152 -0.237329 0.575947
0.134812 -0.235867 0.575563
0.136374 -0.236704 0.575903
0.134723 -0.236932 0.576821
0.136271 -0.237124 0.579081
0.136769 -0.236574 0.577713
0.137949 -0.236861 0.578796
0.137597 -0.236942 0.579142
0.136859 -0.235783 0.580011
0.137621 -0.236393 0.579116
0.138808 -0.235716 0.580524
0.138566 -0.236460 0.580048
0.138513 -0.236951 0.580786
0.138638 -0.237254 0.581512
0.138329 -0.237050 0.581340
0.138575 -0.236617 0.582478
0.138139 -0.236427 0.582219
0.138680 -0.235985 0.582967
0.139030 -0.236877 0.583761
0.139883 -0.236645 0.584558
0.138994 -0.236239 0.584634
0.139859 -0.236933 0.584845
0.140148 -0.237061 0.586005
0.139939 -0.236244 0.585524
0.139507 -0.236150 0.586903
0.140452 -0.236143 0.587026
0.140952 -0.236397 0.587023
0.141318 -0.236952 0.589113
0.140830 -0.236934 0.588355
0.141069 -0.236400 0.589222
0.140867 -0.237496 0.588999
0.141506 -0.235906 0.588914
0.141457 -0.235905 0.589692
0.142371 -0.236847 0.590823
0.141374 -0.235568 0.591818
0.141789 -0.236639 0.591012
0.141666 -0.236765 0.592281
0.140940 -0.235826 0.593290
0.142783 -0.236755 0.593306
0.141441 -0.236016 0.593705
0.142966 -0.236092 0.594696
0.142466 -0.237200 0.595169
0.141442 -0.236308 0.595594
0.141721 -0.236776 0.595704
0.142483 -0.236312 0.596303
0.141949 -0.236320 0.598030
0.142133 -0.235661 0.596677
0.142128 -0.235796 0.598197
0.143280 -0.236162 0.597960
0.142525 -0.236689 0.599287
0.142807 -0.235839 0.598913
0.142377 -0.236682 0.599571
0.142423 -0.235825 0.600325
0.143089 -0.236363 0.599855
0.141789 -0.236557 0.601828
0.142471 -0.237208 0.601805
0.142318 -0.236175 0.602656
0.142557 -0.236792 0.602215
0.142201 -0.236505 0.603413
0.142110 -0.236787 0.603973
0.142702 -0.236328 0.603707
0.142085 -0.235384 0.604179
0.142000 -0.236010 0.604729
0.141961 -0.235825 0.606193
0.141148 -0.236166 0.606036
0.141278 -0.235936 0.606426
0.141871 -0.236896 0.607576
0.142260 -0.236068 0.608874
0.142032 -0.236613 0.608444
0.141811 -0.236074 0.607496
0.141980 -0.235412 0.609622
0.141150 -0.235326 0.610077
0.142399 -0.235881 0.610049
0.140453 -0.236303 0.610966
0.140962 -0.237005 0.611605
0.140658 -0.235639 0.611393
0.141085 -0.236501 0.612349
0.141024 -0.237398 0.612279
0.140315 -0.236644 0.613051
0.141007 -0.236860 0.613829
0.140075 -0.236707 0.613277
0.139715 -0.236912 0.614709
0.140686 -0.236099 0.615315
0.139338 -0.236025 0.614990
0.139101 -0.236245 0.615549
0.139683 -0.236304 0.616194
0.138888 -0.236282 0.616917
0.139020 -0.235817 0.616958
0.138091 -0.237032 0.617213
0.138112 -0.236446 0.618966
0.137851 -0.236797 0.618333
0.137644 -0.236758 0.619392
0.138543 -0.236730 0.619451
0.138133 -0.236220 0.619835
0.137620 -0.236431 0.620030
0.137454 -0.236695 0.620552
0.137104 -0.236953 0.621577
0.136346 -0.236868 0.621924
0.136770 -0.235919 0.622737
0.135696 -0.236517 0.621972
0.135549 -0.235973 0.623069
0.135771 -0.236197 0.623129
0.135981 -0.236890 0.624070
0.134793 -0.236852 0.625136
0.134612 -0.236072 0.624172
0.134141 -0.235828 0.625160
0.134239 -0.236187 0.625659
0.134320 -0.236179 0.626089
0.133753 -0.236349 0.626691
0.132224 -0.236017 0.626547
0.133065 -0.236547 0.626575
0.132951 -0.237009 0.626812
0.131841 -0.235637 0.627664
0.131980 -0.237133 0.628070
0.132066 -0.236984 0.628431
0.131412 -0.236160 0.629238
0.131932 -0.236464 0.629135
0.130313 -0.235997 0.629462
0.130502 -0.236128 0.629762
0.129835 -0.236390 0.630255
0.129595 -0.236542 0.630512
0.129798 -0.236762 0.630922
0.128851 -0.235948 0.630969
0.128366 -0.236710 0.631947
0.128421 -0.236252 0.631959
0.128827 -0.236312 0.631287
0.126653 -0.237137 0.632328
0.126239 -0.236463 0.632157
0.126556 -0.236777 0.633406
0.126253 -0.236939 0.634341
0.125250 -0.236730 0.633094
0.125872 -0.236016 0.634025
0.123806 -0.236097 0.635232
0.124167 -0.236246 0.635092
0.124206 -0.237046 0.634843
0.123461 -0.236208 0.634366
0.123614 -0.236441 0.634733
0.122451 -0.236212 0.636391
0.122942 -0.235055 0.636123
0.121513 -0.236464 0.635936
0.120496 -0.235963 0.636064
0.120786 -0.235594 0.636480
0.120824 -0.232704 0.564090
0.120749 -0.233656 0.563128
0.122481 -0.232996 0.564250
0.121800 -0.233177 0.564672
0.122035 -0.232588 0.563807
0.123493 -0.233640 0.564800
0.124154 -0.233195 0.565579
0.123686 -0.232634 0.564482
0.125062 -0.232703 0.564977
0.125773 -0.233137 0.564947
0.125237 -0.232666 0.565945
0.126249 -0.232409 0.566634
0.126460 -0.233004 0.566766
0.127302 -0.233401 0.566747
0.127365 -0.233592 0.567650
0.127369 -0.232860 0.567174
0.127631 -0.232507 0.567262
0.128613 -0.232548 0.568172
0.127519 -0.233649 0.568650
0.129373 -0.233793 0.568973
0.129331 -0.233848 0.569219
0.129197 -0.233846 0.570360
0.129551 -0.233812 0.569120
0.131233 -0.232616 0.570446
0.130211 -0.232914 0.570566
0.131330 -0.233827 0.571249
0.131791 -0.233549 0.570788
0.131578 -0.233773 0.571477
0.131820 -0.232426 0.571493
0.132131 -0.232453 0.571513
0.133123 -0.233339 0.573035
0.132922 -0.232792 0.571468
0.132884 -0.234195 0.573367
0.133218 -0.233077 0.574741
0.134114 -0.232905 0.574622
0.134032 -0.232350 0.575037
0.134471 -0.232490 0.574926
0.134485 -0.233537 0.574809
0.134419 -0.232517 0.575703
0.135280 -0.232743 0.576250
0.135083 -0.233529 0.576514
0.136348 -0.233374 0.576869
0.136362 -0.233100 0.577604
0.136473 -0.232265 0.577829
0.136383 -0.232216 0.577973
0.136001 -0.232685 0.578613
0.137099 -0.233071 0.578711
0.137597 -0.233717 0.580139
0.138149 -0.233461 0.580703
0.137900 -0.232198 0.580613
0.137139 -0.234024 0.581488
0.138024 -0.232923 0.580934
0.138179 -0.234227 0.582130
0.139067 -0.233504 0.582636
0.138512 -0.232940 0.582608
0.138630 -0.232894 0.582353
0.140169 -0.233921 0.582753
0.139578 -0.233653 0.584506
0.138923 -0.232391 0.585301
0.139273 -0.232140 0.584913
0.139974 -0.233458 0.585736
0.140332 -0.233193 0.586219
0.140364 -0.232890 0.585884
0.140239 -0.233710 0.586985
0.140569 -0.233227 0.587144
0.141658 -0.233613 0.588223
0.140658 -0.232393 0.589043
0.141230 -0.232790 0.588498
0.140630 -0.232742 0.589411
0.140491 -0.233214 0.589232
0.140661 -0.233160 0.590397
0.141328 -0.233381 0.590325
0.141487 -0.233197 0.591098
0.142863 -0.233277 0.591880
0.141391 -0.233221 0.592337
0.142149 -0.234638 0.593328
0.142220 -0.233008 0.592779
0.141141 -0.233694 0.594130
0.142421 -0.233130 0.594640
0.141700 -0.233671 0.595402
0.142776 -0.232733 0.595822
0.142261 -0.234264 0.595639
0.142876 -0.233242 0.596614
0.142677 -0.233566 0.597021
0.142448 -0.233835 0.597792
0.141902 -0.232885 0.598008
0.142079 -0.233575 0.598473
0.142593 -0.232512 0.598839
0.142744 -0.233027 0.599719
0.141999 -0.234048 0.599993
0.142395 -0.233429 0.601075
0.141785 -0.233255 0.601192
0.142379 -0.233325 0.601395
0.142273 -0.233963 0.601078
0.142772 -0.232785 0.601644
0.142537 -0.232799 0.603059
0.143089 -0.232629 0.603193
0.142212 -0.232776 0.603154
0.141480 -0.232712 0.604777
0.142534 -0.232956 0.603931
0.141478 -0.233418 0.606028
0.141971 -0.233024 0.605309
0.142706 -0.234039 0.607009
0.141976 -0.234413 0.606730
0.142181 -0.232820 0.607413
0.141659 -0.233244 0.607728
0.141416 -0.232252 0.607572
0.141688 -0.233245 0.607928
0.142217 -0.232971 0.608794
0.140976 -0.233236 0.610399
0.141399 -0.233556 0.610171
0.140821 -0.232840 0.610807
0.141419 -0.232936 0.611127
0.140281 -0.232974 0.612108
0.140070 -0.232634 0.611737
0.140329 -0.233392 0.612864
0.140514 -0.232994 0.612494
0.141123 -0.233558 0.614111
0.140801 -0.232725 0.613319
0.140048 -0.233454 0.615178
0.139987 -0.232864 0.614989
0.139810 -0.232561 0.616405
0.139880 -0.232454 0.616152
0.139533 -0.233641 0.616086
0.138829 -0.232772 0.615289
0.137854 -0.233309 0.617396
0.138556 -0.233106 0.618011
0.139235 -0.232226 0.618402
0.138860 -0.233224 0.618139
0.138416 -0.232260 0.619299
0.136961 -0.232500 0.620424
0.138043 -0.233144 0.619516
0.136900 -0.232286 0.620238
0.137099 -0.233093 0.620747
0.137154 -0.233198 0.621417
0.136462 -0.233380 0.620815
0.136530 -0.232365 0.622408
0.136749 -0.233188 0.622156
0.135567 -0.233550 0.623343
0.136287 -0.233349 0.623579
0.134709 -0.232853 0.624164
0.134708 -0.232400 0.623971
0.134958 -0.232199 0.623830
0.134770 -0.233142 0.625723
0.134224 -0.233102 0.625636
0.134805 -0.233311 0.625322
0.133248 -0.232555 0.625293
0.132747 -0.233353 0.626102
0.132902 -0.233402 0.625936
0.133786 -0.232544 0.627221
0.132065 -0.233401 0.626773
0.131457 -0.232970 0.628193
0.132380 -0.233066 0.628122
0.131803 -0.232767 0.628164
0.130655 -0.232626 0.628782
0.130707 -0.233556 0.630038
0.131340 -0.234082 0.629358
0.130314 -0.232921 0.630194
0.128962 -0.233941 0.630376
0.129740 -0.232566 0.632114
0.128030 -0.232951 0.631408
0.129497 -0.233387 0.632304
0.127380 -0.232508 0.631478
0.127267 -0.232872 0.632030
0.127527 -0.233130 0.632163
0.127409 -0.233205 0.632532
0.126254 -0.234038 0.632522
0.126377 -0.232980 0.633424
0.126482 -0.233087 0.633803
0.125696 -0.232911 0.634688
0.124763 -0.233031 0.634405
0.124457 -0.233115 0.635161
0.124984 -0.233050 0.634997
0.123956 -0.232495 0.635582
0.124244 -0.232116 0.636134
0.122724 -0.233228 0.635641
0.122359 -0.232548 0.635783
0.122426 -0.233247 0.635933
0.122358 -0.233752 0.637300
0.120624 -0.232790 0.637009
0.121451 -0.229724 0.562926
0.121617 -0.229000 0.563995
0.123295 -0.229104 0.564085
0.122718 -0.229740 0.564731
0.122867 -0.229807 0.563993
0.123718 -0.228060 0.564420
0.123006 -0.230040 0.565270
0.124066 -0.229934 0.565460
0.124607 -0.230133 0.565611
0.124550 -0.229760 0.566603
0.124324 -0.228908 0.565039
0.125956 -0.230765 0.566118
0.125856 -0.230030 0.566136
0.127365 -0.229225 0.566096
0.126116 -0.229800 0.566475
0.128353 -0.229014 0.567806
0.126885 -0.230076 0.568312
0.127660 -0.229359 0.568169
0.128972 -0.229750 0.568442
0.128210 -0.229793 0.568371
0.129584 -0.230441 0.569575
0.130090 -0.229404 0.568727
0.129302 -0.229640 0.569880
0.130090 -0.229844 0.569643
0.130117 -0.230279 0.570243
0.130900 -0.229917 0.570424
0.131829 -0.229647 0.570750
0.132975 -0.231026 0.571928
0.132132 -0.230036 0.571472
0.132248 -0.229217 0.572816
0.132855 -0.229641 0.572771
0.133396 -0.229681 0.573251
0.133928 -0.230006 0.573688
0.133519 -0.230162 0.574634
0.133379 -0.229925 0.573885
0.134375 -0.229449 0.575525
0.135273 -0.228928 0.575375
0.135251 -0.229859 0.575026
0.135640 -0.230128 0.576266
0.136062 -0.229734 0.577052
0.135638 -0.229750 0.577110
0.136793 -0.230322 0.577334
0.135788 -0.229568 0.577874
0.135698 -0.230236 0.578490
0.136872 -0.230026 0.578494
0.137370 -0.229264 0.577858
0.136878 -0.228885 0.579135
0.137167 -0.229649 0.579925
0.137735 -0.229533 0.579805
0.138054 -0.229325 0.580683
0.137995 -0.230064 0.581163
0.137681 -0.229954 0.581423
0.137348 -0.229627 0.581189
0.138242 -0.230194 0.582190
0.138751 -0.229496 0.582281
0.138843 -0.229592 0.582983
0.138879 -0.229675 0.584053
0.139684 -0.230435 0.584246
0.139582 -0.228951 0.584627
0.139647 -0.229103 0.584758
0.140577 -0.229164 0.585543
0.140265 -0.229461 0.587158
0.140426 -0.229940 0.586904
0.140547 -0.230112 0.587068
0.140841 -0.229132 0.587815
0.141061 -0.229991 0.588511
0.140591 -0.230082 0.588250
0.140658 -0.229678 0.589292
0.141214 -0.229921 0.589559
0.141050 -0.229247 0.590644
0.141299 -0.229877 0.590901
0.142650 -0.229824 0.591569
0.141905 -0.230142 0.591394
0.141927 -0.229912 0.592826
0.140678 -0.229981 0.592087
0.141528 -0.230075 0.592853
0.142225 -0.229701 0.593641
0.141973 -0.230246 0.593473
0.142724 -0.230028 0.594092
0.142371 -0.229462 0.594766
0.142639 -0.229045 0.596091
0.142395 -0.230402 0.595268
0.141825 -0.229593 0.596879
0.142614 -0.229299 0.598263
0.141831 -0.229092 0.597266
0.142150 -0.229930 0.597621
0.143434 -0.229530 0.598964
0.141851 -0.228981 0.599003
0.142981 -0.230180 0.599563
0.142591 -0.229825 0.599793
0.142621 -0.229550 0.599875
0.142903 -0.230341 0.600278
0.141667 -0.231088 0.602115
0.143339 -0.229984 0.601530
0.141987 -0.229729 0.602219
0.141860 -0.229786 0.602040
0.142254 -0.229184 0.603569
0.142447 -0.229887 0.604691
0.142176 -0.230825 0.604055
0.141095 -0.229774 0.604601
0.142901 -0.229065 0.605055
0.142017 -0.229386 0.605184
0.141656 -0.229025 0.605692
0.142081 -0.228526 0.606503
0.142857 -0.230391 0.606761
0.142506 -0.229369 0.607706
0.141693 -0.229188 0.609109
0.141062 -0.229910 0.609146
0.141392 -0.229240 0.608697
0.142131 -0.229333 0.609791
0.141509 -0.228896 0.609569
0.141369 -0.230116 0.610199
0.141793 -0.229471 0.611222
0.141311 -0.229952 0.612201
0.140608 -0.229378 0.612115
0.141138 -0.230141 0.612932
0.140931 -0.229633 0.612770
0.139842 -0.229918 0.613656
0.139962 -0.230532 0.614262
0.140279 -0.229910 0.613766
0.139543 -0.229977 0.614541
0.139744 -0.230722 0.615334
0.139296 -0.229323 0.615328
0.139209 -0.229927 0.615226
0.140205 -0.229902 0.616920
0.138926 -0.229838 0.617108
0.137707 -0.229565 0.617333
0.138350 -0.229187 0.618075
0.139247 -0.229116 0.618833
0.138259 -0.230217 0.620088
0.138711 -0.229781 0.619475
0.136882 -0.229099 0.620025
0.137545 -0.229850 0.620252
0.137007 -0.229923 0.620522
0.136634 -0.228805 0.622353
0.135662 -0.229757 0.621268
0.136057 -0.229380 0.620353
0.136503 -0.230720 0.622503
0.135602 -0.230101 0.622798
0.135010 -0.228860 0.622386
0.134461 -0.229854 0.623657
0.135654 -0.229848 0.623476
0.134419 -0.230165 0.624285
0.134670 -0.229932 0.624548
0.134443 -0.230246 0.625247
0.133994 -0.230100 0.626214
0.133413 -0.228872 0.625951
0.132968 -0.230354 0.626510
0.133231 -0.230531 0.625908
0.131939 -0.229783 0.627213
0.131784 -0.230003 0.627572
0.132138 -0.230384 0.627064
0.131366 -0.228909 0.628093
0.131062 -0.229708 0.627868
0.131272 -0.230197 0.628165
0.130478 -0.229879 0.629952
0.130510 -0.229998 0.630255
0.130313 -0.228855 0.629804
0.129622 -0.230129 0.630637
0.129892 -0.229265 0.630729
0.127659 -0.230083 0.631074
0.128680 -0.229131 0.632112
0.128278 -0.229271 0.631449
0.127343 -0.229084 0.632372
0.127819 -0.229317 0.632861
0.126877 -0.229342 0.632847
0.127016 -0.229246 0.633096
0.127150 -0.229698 0.634192
0.125257 -0.229305 0.633180
0.124941 -0.230491 0.633936
0.125034 -0.229990 0.635504
0.125075 -0.230244 0.634687
0.124095 -0.229585 0.634952
0.123083 -0.228801 0.635832
0.123693 -0.229147 0.635715
0.122620 -0.230296 0.636107
0.122119 -0.229914 0.635482
0.122447 -0.229922 0.636426
0.121501 -0.230305 0.636831
0.121219 -0.230141 0.637214
0.121874 -0.225481 0.563611
0.121840 -0.225887 0.563078
0.122100 -0.226319 0.562883
0.122822 -0.225896 0.563879
0.123554 -0.226841 0.564740
0.123911 -0.226620 0.564543
0.123561 -0.226935 0.564095
0.123644 -0.226215 0.564254
0.124519 -0.225164 0.565680
0.125102 -0.226626 0.564479
0.125792 -0.225914 0.565840
0.125377 -0.226412 0.565818
0.126646 -0.226456 0.566880
0.126116 -0.227122 0.565625
0.127095 -0.227094 0.567736
0.127342 -0.226396 0.566536
0.128072 -0.226101 0.568480
0.127912 -0.226268 0.568304
0.128820 -0.225946 0.568581
0.129078 -0.226016 0.569503
0.129700 -0.226204 0.569062
0.129370 -0.225982 0.569046
0.129438 -0.226376 0.569584
0.130165 -0.226186 0.570132
0.130787 -0.226199 0.570531
0.130592 -0.226058 0.570939
0.131058 -0.226815 0.571301
0.132601 -0.226340 0.572049
0.131784 -0.226731 0.572571
0.132488 -0.226891 0.572974
0.132586 -0.225814 0.573368
0.132913 -0.226755 0.573808
0.134322 -0.226217 0.572797
0.133378 -0.226067 0.573047
0.133522 -0.226781 0.574098
0.135197 -0.226259 0.575563
0.134602 -0.226317 0.575080
0.134800 -0.225642 0.576053
0.135429 -0.225851 0.575400
0.135009 -0.227047 0.576030
0.136131 -0.226816 0.576317
0.135579 -0.227006 0.577217
0.136444 -0.225734 0.577701
0.136682 -0.225830 0.577765
0.136378 -0.226169 0.578520
0.136811 -0.226363 0.578620
0.136642 -0.226253 0.579069
0.136984 -0.225996 0.579837
0.138181 -0.226646 0.580761
0.138809 -0.226570 0.580379
0.137680 -0.226718 0.580966
0.138421 -0.226604 0.581758
0.137997 -0.226520 0.582412
0.139312 -0.225541 0.583162
0.139464 -0.227153 0.582538
0.138841 -0.226400 0.583512
0.139993 -0.226614 0.582497
0.138825 -0.226207 0.584540
0.139133 -0.225930 0.584814
0.140507 -0.227621 0.585234
0.139933 -0.226331 0.585443
0.139812 -0.226543 0.585471
0.139194 -0.226075 0.586304
0.140002 -0.225760 0.586919
0.140554 -0.226074 0.587339
0.140863 -0.226780 0.588521
0.140946 -0.225562 0.588790
0.141657 -0.226574 0.588686
0.141612 -0.225947 0.589325
0.141609 -0.226468 0.590166
0.141063 -0.225993 0.590197
0.141775 -0.226525 0.590914
0.141678 -0.226264 0.591994
0.142580 -0.226118 0.591297
0.141819 -0.226860 0.593008
0.141923 -0.226466 0.593028
0.141784 -0.226055 0.593496
0.141457 -0.226023 0.593580
0.142528 -0.227357 0.595142
0.142007 -0.226512 0.595380
0.141906 -0.225904 0.594524
0.142999 -0.225621 0.596163
0.141658 -0.226133 0.596442
0.142205 -0.226768 0.596601
0.142128 -0.226350 0.597751
0.142419 -0.226073 0.597834
0.142257 -0.226242 0.598227
0.142772 -0.225481 0.597948
0.142668 -0.227257 0.599185
0.141847 -0.226145 0.600589
0.142189 -0.226234 0.599811
0.142590 -0.225724 0.600275
0.142210 -0.227110 0.601383
0.142692 -0.226613 0.602040
0.141647 -0.226229 0.602134
0.141668 -0.227155 0.602262
0.142653 -0.225913 0.603365
0.142894 -0.226407 0.603313
0.142872 -0.226206 0.603620
0.141993 -0.226030 0.605154
0.142319 -0.226882 0.605232
0.142897 -0.226049 0.606290
0.141557 -0.226588 0.606366
0.142118 -0.226464 0.605873
0.142045 -0.226291 0.606879
0.142248 -0.225203 0.607748
0.141690 -0.225899 0.609209
0.141727 -0.226403 0.608525
0.142559 -0.225906 0.609612
0.141501 -0.226536 0.609415
0.141896 -0.225470 0.609796
0.141806 -0.227155 0.609560
0.140973 -0.226133 0.611552
0.140743 -0.226714 0.612176
0.139493 -0.226036 0.612176
0.140081 -0.226639 0.613322
0.139123 -0.226607 0.612270
0.140290 -0.226313 0.613513
0.140422 -0.226007 0.614119
0.139370 -0.226781 0.614854
0.139626 -0.226007 0.615376
0.138237 -0.225389 0.615681
0.139807 -0.225871 0.616201
0.139821 -0.226681 0.616246
0.138901 -0.226459 0.616844
0.138988 -0.226485 0.616886
0.138291 -0.226478 0.617188
0.138122 -0.226018 0.618500
0.138042 -0.226725 0.617492
0.137888 -0.226311 0.618781
0.137630 -0.225925 0.619717
0.137339 -0.225523 0.620497
0.138467 -0.226300 0.620057
0.137106 -0.226384 0.620310
0.137345 -0.226687 0.620119
0.136956 -0.226405 0.621826
0.136125 -0.227374 0.622883
0.136460 -0.226385 0.622613
0.136576 -0.226142 0.622809
0.135617 -0.226993 0.623454
0.135298 -0.226043 0.623411
0.134778 -0.227216 0.623963
0.134645 -0.226575 0.625096
0.134883 -0.226310 0.624475
0.134280 -0.224512 0.625198
0.133793 -0.225991 0.625287
0.133827 -0.227030 0.626129
0.133362 -0.226241 0.627009
0.132970 -0.226424 0.627323
0.132584 -0.225996 0.627042
0.132416 -0.226526 0.627697
0.131793 -0.226375 0.626762
0.132262 -0.226890 0.628496
0.130853 -0.225368 0.629278
0.131883 -0.226599 0.629215
0.131149 -0.226537 0.630621
0.130734 -0.226012 0.629843
0.130622 -0.226342 0.629545
0.129604 -0.226857 0.630581
0.129471 -0.226454 0.630794
0.128047 -0.226695 0.632025
0.127967 -0.227342 0.631479
0.128809 -0.225922 0.631932
0.127809 -0.226534 0.632428
0.127489 -0.226404 0.631677
0.126737 -0.226711 0.632343
0.126670 -0.226297 0.632817
0.126518 -0.226476 0.633181
0.126162 -0.226094 0.634898
0.125850 -0.226186 0.634154
0.124685 -0.227200 0.634254
0.124306 -0.226326 0.635056
0.124143 -0.226044 0.636158
0.123732 -0.226542 0.635903
0.123967 -0.225539 0.635121
0.122202 -0.225602 0.636459
0.122605 -0.227542 0.637055
0.122918 -0.225773 0.635442
0.121784 -0.226767 0.636625
0.121972 -0.226464 0.636280
0.120629 -0.222840 0.562708
0.121455 -0.223362 0.562962
0.121662 -0.223756 0.564364
0.122707 -0.223244 0.564962
0.122978 -0.222592 0.564321
0.123098 -0.223476 0.564242
0.124423 -0.223458 0.564749
0.123892 -0.222923 0.565086
0.124162 -0.222872 0.565010
0.125351 -0.222853 0.565645
0.125548 -0.222754 0.566484
0.126378 -0.222461 0.566553
0.126204 -0.222734 0.566411
0.126395 -0.222889 0.567125
0.126546 -0.222662 0.567254
0.127328 -0.223042 0.567545
0.128473 -0.223689 0.568174
0.127437 -0.222700 0.567923
0.127775 -0.222427 0.567673
0.128480 -0.223544 0.568677
0.128555 -0.222818 0.569721
0.130275 -0.222419 0.569155
0.129782 -0.222866 0.569822
0.130046 -0.224204 0.569876
0.130833 -0.223078 0.571694
0.129262 -0.223868 0.570172
0.131725 -0.222327 0.570708
0.131632 -0.222738 0.571760
0.132058 -0.223419 0.571468
0.131537 -0.223697 0.572676
0.132457 -0.223253 0.572175
0.132944 -0.222528 0.572517
0.133954 -0.222791 0.572149
0.133629 -0.222899 0.574591
0.133752 -0.224270 0.573398
0.133344 -0.222804 0.574143
0.133747 -0.222887 0.575479
0.133914 -0.223042 0.576033
0.135337 -0.222319 0.576584
0.135696 -0.223312 0.577419
0.135954 -0.223007 0.576567
0.136144 -0.223277 0.577136
0.136716 -0.222758 0.576991
0.136490 -0.223207 0.577580
0.136120 -0.223475 0.578520
0.137507 -0.223120 0.579591
0.136690 -0.223129 0.580086
0.137452 -0.222861 0.579911
0.137321 -0.221824 0.580194
0.138294 -0.222741 0.581141
0.138845 -0.224202 0.580315
0.137178 -0.223454 0.581399
0.138620 -0.223300 0.582236
0.139051 -0.222968 0.581816
0.138586 -0.223119 0.583233
0.139009 -0.222847 0.582450
0.137818 -0.222965 0.583820
0.138959 -0.223256 0.584506
0.139943 -0.222384 0.585065
0.139678 -0.222756 0.586221
0.140856 -0.223459 0.585800
0.140922 -0.222947 0.586404
0.140982 -0.222880 0.586795
0.140282 -0.223523 0.586785
0.140970 -0.223120 0.587573
0.141842 -0.223421 0.588471
0.140638 -0.222715 0.588908
0.141705 -0.223411 0.588769
0.141246 -0.223060 0.588012
0.141501 -0.223635 0.589904
0.140735 -0.222890 0.590365
0.142845 -0.222670 0.590689
0.142027 -0.223830 0.591862
0.142296 -0.223246 0.591728
0.140899 -0.222823 0.592774
0.141245 -0.222669 0.592295
0.142772 -0.224123 0.593206
0.142555 -0.223628 0.593462
0.142160 -0.223075 0.593928
0.141815 -0.223221 0.594632
0.141994 -0.222564 0.595386
0.142532 -0.222735 0.595119
0.141767 -0.222028 0.595200
0.142013 -0.222704 0.596662
0.142242 -0.222176 0.596701
0.143012 -0.223800 0.596915
0.142289 -0.222900 0.599466
0.142683 -0.222903 0.599130
0.142496 -0.223367 0.598995
0.142808 -0.223243 0.598965
0.142148 -0.223914 0.600966
0.141607 -0.222712 0.600598
0.143136 -0.222099 0.601060
0.142804 -0.222909 0.600944
0.143220 -0.222610 0.602550
0.142828 -0.222847 0.602378
0.142548 -0.223623 0.604377
0.141718 -0.222469 0.603409
0.142360 -0.222735 0.603732
0.142298 -0.224455 0.604794
0.142854 -0.223152 0.604797
0.141698 -0.224342 0.604972
0.142228 -0.222103 0.606574
0.141958 -0.223057 0.606929
0.142792 -0.223112 0.607193
0.142010 -0.222723 0.607798
0.141001 -0.223910 0.608129
0.142035 -0.222025 0.608844
0.140905 -0.223235 0.608314
0.141292 -0.222456 0.609683
0.142387 -0.223153 0.610136
0.141327 -0.222802 0.610658
0.141187 -0.222568 0.610778
0.140912 -0.222817 0.611358
0.140230 -0.222842 0.612201
0.140237 -0.223524 0.611374
0.139810 -0.222916 0.611788
0.140165 -0.222989 0.613153
0.139766 -0.222546 0.614126
0.139425 -0.222530 0.615250
0.139359 -0.223571 0.614532
0.139816 -0.223062 0.615129
0.138875 -0.222655 0.615752
0.139320 -0.223045 0.616383
0.138283 -0.223299 0.616718
0.139044 -0.222786 0.617632
0.138655 -0.222618 0.617942
0.138648 -0.223111 0.617894
0.138271 -0.222630 0.618115
0.137627 -0.222785 0.619073
0.138325 -0.222395 0.619636
0.136812 -0.222497 0.620068
0.137752 -0.222744 0.620292
0.137354 -0.223633 0.620160
0.136881 -0.222265 0.621290
0.137270 -0.223016 0.621671
0.136867 -0.222549 0.622060
0.135987 -0.222551 0.622604
0.135660 -0.223100 0.622401
0.135671 -0.222582 0.622155
0.135132 -0.223641 0.623476
0.134779 -0.223597 0.624157
0.134082 -0.223478 0.623786
0.134057 -0.222779 0.624702
0.134782 -0.223144 0.624980
0.134421 -0.222842 0.626104
0.133784 -0.222300 0.626551
0.133869 -0.223451 0.626794
0.133374 -0.222998 0.627493
0.132690 -0.223114 0.627529
0.131697 -0.223764 0.627547
0.130848 -0.222494 0.627741
0.132422 -0.222931 0.628058
0.131036 -0.222720 0.629238
0.130886 -0.223658 0.629230
0.130916 -0.222651 0.628866
0.130007 -0.222672 0.630765
0.129941 -0.223585 0.630481
0.128021 -0.222948 0.630299
0.130071 -0.223243 0.630283
0.130127 -0.222826 0.631246
0.128176 -0.223469 0.630700
0.128412 -0.223436 0.632281
0.127961 -0.222556 0.632058
0.127421 -0.223310 0.632403
0.126526 -0.224166 0.632959
0.125961 -0.221870 0.633164
0.125376 -0.223137 0.633775
0.126024 -0.223397 0.633918
0.125502 -0.223229 0.633967
0.125134 -0.223013 0.634639
0.125082 -0.222366 0.634129
0.124003 -0.222853 0.635101
0.123471 -0.223070 0.635202
0.123463 -0.222709 0.635273
0.122070 -0.223193 0.635664
0.122437 -0.222551 0.635545
0.122385 -0.222163 0.635734
0.121599 -0.223029 0.636900
0.121546 -0.223287 0.638164
0.121149 -0.219545 0.563477
0.121842 -0.219636 0.563190
0.121943 -0.219753 0.564377
0.121827 -0.219880 0.563775
0.122554 -0.219230 0.564105
0.123083 -0.219950 0.564945
0.124032 -0.219923 0.564958
0.124246 -0.218930 0.564527
0.123649 -0.219881 0.564994
0.124573 -0.219697 0.565773
0.125510 -0.219581 0.565553
0.126636 -0.219873 0.565712
0.126191 -0.219429 0.565650
0.126936 -0.219492 0.566898
0.126929 -0.218818 0.568109
0.126754 -0.219868 0.567161
0.127649 -0.220161 0.567173
0.127884 -0.219862 0.568550
0.128889 -0.219355 0.568685
0.129632 -0.220060 0.568634
0.129542 -0.220100 0.569461
0.129167 -0.219839 0.569137
0.130281 -0.220026 0.569872
0.130630 -0.219371 0.570182
0.130070 -0.219382 0.570091
0.131343 -0.219806 0.571381
0.131252 -0.219649 0.570724
0.131686 -0.219101 0.571681
0.132140 -0.220114 0.572725
0.131707 -0.218915 0.572160
0.131434 -0.219569 0.572666
0.132466 -0.220332 0.573263
0.133227 -0.219764 0.574173
0.133541 -0.219875 0.573123
0.133648 -0.219395 0.574552
0.134417 -0.219795 0.574933
0.133448 -0.219837 0.576256
0.135066 -0.219583 0.575833
0.135885 -0.219669 0.576149
0.135746 -0.219645 0.576724
0.135230 -0.218473 0.576622
0.135968 -0.218791 0.578327
0.136616 -0.219402 0.578102
0.135230 -0.219636 0.578700
0.136558 -0.218803 0.579151
0.136872 -0.219374 0.579265
0.137817 -0.219729 0.578482
0.137458 -0.218248 0.579341
0.137775 -0.219774 0.580412
0.138966 -0.218926 0.579914
0.138037 -0.219597 0.581072
0.138131 -0.220156 0.580842
0.138397 -0.219426 0.581831
0.138613 -0.218739 0.582294
0.139219 -0.219309 0.582560
0.139885 -0.220295 0.583015
0.139369 -0.219061 0.584494
0.139036 -0.219746 0.583542
0.139067 -0.218833 0.584952
0.140153 -0.220124 0.585249
0.138924 -0.219555 0.585813
0.141057 -0.219593 0.586245
0.140726 -0.218440 0.587231
0.141029 -0.219888 0.587110
0.140544 -0.220141 0.587905
0.140573 -0.219409 0.587581
0.141067 -0.220555 0.588456
0.141783 -0.219833 0.588590
0.141307 -0.219917 0.589328
0.141541 -0.219837 0.589637
0.140417 -0.220398 0.589964
0.141696 -0.219408 0.591041
0.141415 -0.219580 0.591423
0.142518 -0.219674 0.591483
0.141662 -0.219365 0.592699
0.141527 -0.219294 0.592578
0.142902 -0.219672 0.593135
0.141058 -0.218899 0.593428
0.142222 -0.219831 0.593232
0.142205 -0.219842 0.594695
0.141950 -0.219838 0.595862
0.142433 -0.219226 0.595558
0.142199 -0.220060 0.596455
0.142243 -0.219869 0.596625
0.142041 -0.219203 0.596769
0.143141 -0.219541 0.598427
0.143545 -0.219406 0.598588
0.142590 -0.219290 0.599365
0.142563 -0.219516 0.599131
0.142052 -0.219014 0.600255
0.143260 -0.220171 0.600490
0.142830 -0.218943 0.600996
0.142361 -0.219489 0.601980
0.142404 -0.219514 0.601841
0.142680 -0.219312 0.601871
0.143520 -0.220056 0.602345
0.142456 -0.219053 0.603907
0.143426 -0.219467 0.603488
0.141827 -0.219819 0.604448
0.142265 -0.220740 0.604706
0.142410 -0.220065 0.604827
0.141600 -0.219119 0.606574
0.142581 -0.219935 0.605978
0.142899 -0.218581 0.607318
0.141888 -0.220421 0.607541
0.142580 -0.219637 0.607285
0.141855 -0.219517 0.607998
0.141498 -0.220645 0.608592
0.140616 -0.220019 0.608740
0.141338 -0.219172 0.609171
0.141388 -0.220316 0.610077
0.141044 -0.219882 0.610237
0.140597 -0.220551 0.610346
0.140021 -0.219430 0.611071
0.141237 -0.219332 0.611915
0.141226 -0.219820 0.611563
0.140179 -0.219661 0.612911
0.139686 -0.219317 0.613115
0.140707 -0.219548 0.614653
0.140483 -0.219826 0.615065
0.139721 -0.219487 0.615469
0.139788 -0.219103 0.615829
0.139810 -0.219863 0.615018
0.138910 -0.220022 0.616936
0.139160 -0.219490 0.616593
0.138146 -0.219943 0.617409
0.139307 -0.218759 0.618153
0.139183 -0.219825 0.618582
0.138683 -0.220227 0.618579
0.138063 -0.218898 0.619032
0.137145 -0.219613 0.620559
0.136948 -0.219676 0.620062
0.137389 -0.219412 0.619789
0.136917 -0.219817 0.620854
0.136472 -0.220393 0.621608
0.137306 -0.219278 0.621707
0.136840 -0.219736 0.622248
0.135585 -0.220346 0.622221
0.135899 -0.219455 0.623155
0.134986 -0.219360 0.623850
0.135164 -0.219967 0.623297
0.135232 -0.220226 0.624671
0.134920 -0.219868 0.624773
0.134916 -0.219794 0.624355
0.133957 -0.220052 0.625598
0.134137 -0.218896 0.625766
0.133850 -0.220512 0.625381
0.132569 -0.221187 0.626597
0.131793 -0.218698 0.626065
0.132525 -0.219753 0.627878
0.131939 -0.219552 0.627443
0.132097 -0.219780 0.627230
0.131314 -0.219992 0.628682
0.130515 -0.218710 0.628254
0.131072 -0.219518 0.629220
0.129977 -0.219418 0.628684
0.130112 -0.219860 0.629272
0.130419 -0.220698 0.630683
0.129301 -0.220394 0.630673
0.129327 -0.220233 0.630801
0.129685 -0.219717 0.631095
0.129742 -0.219613 0.631634
0.128191 -0.219932 0.631300
0.128016 -0.219345 0.632073
0.126773 -0.219857 0.632732
0.127463 -0.220207 0.632660
0.126719 -0.219456 0.633203
0.126046 -0.219195 0.633752
0.125174 -0.218105 0.634327
0.124939 -0.219824 0.633264
0.124531 -0.220180 0.634162
0.125121 -0.219582 0.634538
0.124230 -0.219902 0.635072
0.124182 -0.218708 0.635225
0.122850 -0.219271 0.635001
0.122445 -0.219600 0.636401
0.122007 -0.218930 0.635910
0.122563 -0.219807 0.636047
0.121949 -0.220064 0.636344
0.121795 -0.219583 0.636978
0.120359 -0.216496 0.562957
0.121501 -0.215104 0.563025
0.121615 -0.216478 0.563471
0.121357 -0.216679 0.564368
0.123196 -0.216056 0.564230
0.123314 -0.216790 0.564600
0.124524 -0.216484 0.565148
0.124934 -0.216798 0.565211
0.124459 -0.216437 0.564987
0.125075 -0.216724 0.565008
0.126093 -0.216321 0.565276
0.125850 -0.215685 0.566739
0.126447 -0.216597 0.567364
0.126890 -0.216207 0.567081
0.126904 -0.215846 0.566759
0.127413 -0.216349 0.566927
0.128000 -0.216570 0.567682
0.128939 -0.216139 0.568545
0.128194 -0.215847 0.567933
0.128540 -0.216431 0.569338
0.128951 -0.216246 0.569414
0.128692 -0.215320 0.569977
0.129514 -0.216575 0.570435
0.130806 -0.216094 0.569705
0.131220 -0.215569 0.569821
0.130986 -0.215533 0.570359
0.131258 -0.215801 0.570697
0.131735 -0.217296 0.572090
0.132744 -0.216195 0.572051
0.132377 -0.216073 0.572150
0.132785 -0.215924 0.572882
0.133241 -0.216281 0.573518
0.132857 -0.216422 0.573562
0.134579 -0.215418 0.573602
0.133877 -0.216419 0.573881
0.133857 -0.215863 0.573937
0.135022 -0.216582 0.575194
0.134755 -0.216529 0.575780
0.134804 -0.216229 0.576896
0.135058 -0.215637 0.575741
0.136703 -0.217441 0.576676
0.134896 -0.216358 0.577068
0.135372 -0.216249 0.578099
0.136540 -0.216527 0.578559
0.137406 -0.216724 0.578643
0.136285 -0.216642 0.579154
0.137440 -0.215828 0.579097
0.137849 -0.215326 0.580016
0.138065 -0.216266 0.580620
0.138761 -0.216156 0.580242
0.137977 -0.216045 0.580858
0.139254 -0.217160 0.581599
0.138637 -0.215816 0.582469
0.138619 -0.216119 0.582044
0.138511 -0.216214 0.582833
0.139315 -0.216521 0.582632
0.139722 -0.215750 0.583826
0.139935 -0.216648 0.584792
0.139231 -0.215970 0.584803
0.140462 -0.215907 0.585630
0.140114 -0.215489 0.586619
0.139912 -0.216142 0.586393
0.140544 -0.216652 0.586452
0.140202 -0.216704 0.586909
0.140844 -0.216552 0.586883
0.140573 -0.216509 0.588071
0.141559 -0.215714 0.587069
0.142768 -0.215431 0.588413
0.141373 -0.216744 0.590575
0.140800 -0.215753 0.589936
0.141794 -0.216203 0.589741
0.140646 -0.216289 0.590837
0.141367 -0.215641 0.591368
0.141443 -0.215264 0.591961
0.141671 -0.216588 0.592053
0.141436 -0.216732 0.592384
0.141370 -0.216965 0.593476
0.141126 -0.216262 0.594353
0.141830 -0.216315 0.594936
0.142514 -0.216815 0.594755
0.142121 -0.215715 0.596286
0.141991 -0.215931 0.596221
0.142681 -0.217303 0.595708
0.141894 -0.216758 0.596070
0.142750 -0.216166 0.597150
0.141137 -0.215885 0.596840
0.142756 -0.216526 0.598605
0.142226 -0.216207 0.598369
0.142848 -0.215977 0.599267
0.143314 -0.216625 0.598116
0.143730 -0.215066 0.600585
0.142089 -0.216424 0.599520
0.141793 -0.216648 0.601189
0.142151 -0.215949 0.601971
0.142510 -0.216768 0.602216
0.142891 -0.216356 0.603334
0.142218 -0.215981 0.602649
0.141726 -0.216514 0.604588
0.141729 -0.216395 0.604431
0.142686 -0.216017 0.604733
0.142149 -0.215855 0.606097
0.142835 -0.216680 0.605045
0.141948 -0.215750 0.606905
0.141897 -0.216836 0.606216
0.142151 -0.216450 0.608390
0.141501 -0.217492 0.608929
0.142378 -0.216944 0.607563
0.140895 -0.215868 0.608528
0.141768 -0.217017 0.608891
0.142096 -0.216959 0.609112
0.141960 -0.216410 0.610015
0.140589 -0.216533 0.609734
0.141957 -0.216252 0.611223
0.140547 -0.216817 0.611374
0.140141 -0.216534 0.611518
0.140836 -0.216706 0.612860
0.141074 -0.216580 0.612759
0.140339 -0.216926 0.613658
0.140619 -0.217295 0.614209
0.139881 -0.216646 0.614154
0.139463 -0.216033 0.614532
0.140404 -0.216254 0.615847
0.138999 -0.216458 0.616438
0.139114 -0.216692 0.617112
0.138330 -0.215866 0.616515
0.139716 -0.216120 0.616964
0.139638 -0.216596 0.619065
0.138803 -0.216239 0.618068
0.138475 -0.216391 0.618801
0.138085 -0.216570 0.619401
0.137788 -0.217113 0.619426
0.136756 -0.216556 0.619379
0.137247 -0.216127 0.620698
0.136909 -0.216251 0.620486
0.137040 -0.215797 0.621899
0.136150 -0.215866 0.621458
0.136362 -0.217424 0.622533
0.135573 -0.216623 0.622327
0.136872 -0.216948 0.622310
0.134775 -0.216497 0.622980
0.135640 -0.216198 0.623375
0.135170 -0.216287 0.624310
0.134855 -0.216035 0.624661
0.134839 -0.217128 0.625051
0.134272 -0.216455 0.625606
0.133524 -0.217384 0.625168
0.133722 -0.215926 0.626138
0.132757 -0.216185 0.626724
0.133008 -0.216376 0.626926
0.132247 -0.216138 0.627119
0.132557 -0.216439 0.626419
0.131822 -0.215950 0.628013
0.132285 -0.216739 0.629020
0.131465 -0.215549 0.629298
0.130195 -0.216715 0.629447
0.131150 -0.215794 0.629023
0.130521 -0.216521 0.630650
0.130492 -0.216566 0.631209
0.129519 -0.216276 0.630714
0.128248 -0.215693 0.631221
0.128789 -0.215490 0.630697
0.129256 -0.216427 0.632301
0.127536 -0.216831 0.632452
0.127138 -0.216255 0.632003
0.127584 -0.215582 0.632397
0.127770 -0.215849 0.633137
0.127245 -0.216398 0.633827
0.126110 -0.216317 0.634257
0.125693 -0.217334 0.634026
0.124990 -0.216447 0.634750
0.124102 -0.215847 0.634848
0.125560 -0.216816 0.633804
0.124334 -0.215886 0.634581
0.124105 -0.217183 0.635425
0.122550 -0.216904 0.635413
0.122955 -0.215966 0.636097
0.122479 -0.215193 0.635872
0.121195 -0.215619 0.636741
0.121795 -0.216189 0.636164
0.121718 -0.215788 0.637566
0.120578 -0.213070 0.562437
0.121802 -0.212778 0.563793
0.122346 -0.212650 0.563858
0.122252 -0.213198 0.564459
0.121868 -0.213380 0.562841
0.123559 -0.212679 0.564991
0.123779 -0.213028 0.565291
0.124557 -0.213029 0.564724
0.125438 -0.213086 0.565427
0.123708 -0.212825 0.566362
0.125564 -0.214277 0.565458
0.126096 -0.213045 0.566037
0.126051 -0.213515 0.566082
0.127176 -0.213357 0.566823
0.127528 -0.212638 0.567701
0.127146 -0.212413 0.568025
0.127316 -0.212638 0.566592
0.127918 -0.212776 0.568405
0.127878 -0.212830 0.568729
0.129292 -0.212763 0.569134
0.129501 -0.212753 0.569496
0.129660 -0.213441 0.569556
0.130622 -0.213128 0.569295
0.129592 -0.212624 0.569827
0.130692 -0.214090 0.569968
0.131767 -0.212179 0.571752
0.130881 -0.213161 0.571336
0.132244 -0.213197 0.571624
0.132056 -0.213158 0.571838
0.132391 -0.213582 0.572845
0.132613 -0.213361 0.573422
0.132757 -0.212198 0.573871
0.133578 -0.212967 0.573967
0.133479 -0.212522 0.573894
0.133015 -0.213138 0.574692
0.134061 -0.212685 0.574225
0.133492 -0.212396 0.575849
0.135129 -0.213426 0.575076
0.135019 -0.213582 0.575665
0.135568 -0.212338 0.577794
0.135566 -0.213445 0.576655
0.136473 -0.213655 0.577364
0.135967 -0.211869 0.578251
0.136674 -0.213086 0.578208
0.136628 -0.212048 0.578818
0.137494 -0.213381 0.579315
0.137273 -0.212079 0.578741
0.137360 -0.212861 0.579299
0.138524 -0.213381 0.580016
0.137557 -0.213280 0.581001
0.138042 -0.212153 0.581325
0.138830 -0.212919 0.581807
0.138111 -0.213226 0.582006
0.138795 -0.212436 0.582568
0.138796 -0.212573 0.582107
0.138032 -0.212971 0.583756
0.139069 -0.212615 0.584194
0.139653 -0.211463 0.584296
0.139889 -0.213061 0.585268
0.139806 -0.213233 0.585081
0.139647 -0.212787 0.585798
0.140313 -0.212989 0.585624
0.140581 -0.212948 0.586015
0.140414 -0.212807 0.587353
0.140523 -0.212795 0.587048
0.139859 -0.213168 0.587890
0.140401 -0.213297 0.588510
0.141361 -0.211955 0.588229
0.141149 -0.213316 0.589387
0.140662 -0.212645 0.589984
0.141836 -0.212585 0.590372
0.141690 -0.212409 0.590723
0.140993 -0.213443 0.591114
0.141497 -0.213918 0.592915
0.142096 -0.212585 0.592530
0.142042 -0.212989 0.592284
0.141769 -0.213449 0.593485
0.142472 -0.213364 0.593617
0.142159 -0.213257 0.594521
0.141559 -0.213710 0.594525
0.142524 -0.212934 0.595616
0.142154 -0.212947 0.596219
0.143503 -0.212678 0.596630
0.142789 -0.212655 0.596772
0.141785 -0.212737 0.597968
0.142015 -0.212043 0.598060
0.142220 -0.213642 0.598502
0.142197 -0.212988 0.599280
0.143216 -0.212689 0.598670
0.142302 -0.212975 0.600730
0.142789 -0.213064 0.599559
0.142078 -0.212408 0.600441
0.142768 -0.212932 0.602061
0.142349 -0.213295 0.601714
0.142954 -0.212915 0.601918
0.142292 -0.213628 0.602763
0.142373 -0.213247 0.602692
0.143047 -0.213177 0.603629
0.143306 -0.212971 0.604005
0.142402 -0.211957 0.604757
0.142304 -0.213016 0.605120
0.141927 -0.213372 0.605477
0.142019 -0.213169 0.607109
0.142675 -0.213690 0.606962
0.142122 -0.213225 0.607318
0.142821 -0.212989 0.608299
0.141822 -0.212821 0.607848
0.142080 -0.212760 0.608350
0.141519 -0.212832 0.609325
0.141633 -0.213200 0.609698
0.141840 -0.213155 0.611033
0.140584 -0.213645 0.611025
0.140873 -0.213208 0.610776
0.141705 -0.211921 0.612031
0.141489 -0.212916 0.611951
0.140905 -0.212661 0.613263
0.140481 -0.213124 0.613219
0.140718 -0.214150 0.613752
0.139181 -0.212711 0.613719
0.140059 -0.213936 0.614437
0.139915 -0.213930 0.614649
0.140458 -0.212374 0.615197
0.139129 -0.212896 0.615727
0.139030 -0.212869 0.616662
0.138914 -0.213265 0.616851
0.139291 -0.212537 0.617661
0.138880 -0.211689 0.617431
0.138733 -0.213341 0.618276
0.137555 -0.213652 0.618601
0.138285 -0.212539 0.618114
0.138185 -0.213135 0.620824
0.137235 -0.213395 0.619832
0.138036 -0.213017 0.619901
0.136765 -0.213057 0.619828
0.137933 -0.212670 0.620998
0.136484 -0.212942 0.621376
0.136470 -0.213263 0.621807
0.135430 -0.212349 0.622255
0.135610 -0.212730 0.622044
0.135655 -0.212720 0.623180
0.134100 -0.212507 0.624043
0.134515 -0.212241 0.623535
0.134317 -0.212282 0.624945
0.134332 -0.212659 0.624565
0.133629 -0.213230 0.625964
0.134412 -0.212789 0.627067
0.133969 -0.213139 0.626508
0.133590 -0.213670 0.625919
0.133638 -0.213530 0.626863
0.133199 -0.212218 0.627116
0.131059 -0.212937 0.627999
0.131793 -0.213885 0.627714
0.132073 -0.212568 0.628063
0.131442 -0.213148 0.628959
0.130526 -0.212906 0.628716
0.131246 -0.213184 0.629537
0.129839 -0.213978 0.629719
0.129274 -0.212503 0.630749
0.129386 -0.213432 0.630934
0.129008 -0.212543 0.631327
0.128713 -0.212069 0.631403
0.128868 -0.212888 0.631052
0.128209 -0.213088 0.632414
0.127357 -0.212836 0.632518
0.128210 -0.213214 0.632594
0.126571 -0.213416 0.632581
0.127150 -0.212414 0.633166
0.125783 -0.212379 0.633608
0.126015 -0.212692 0.634441
0.125664 -0.212981 0.633907
0.124921 -0.213031 0.633909
0.124159 -0.212069 0.635221
0.123911 -0.212936 0.634809
0.124027 -0.213113 0.635228
0.123511 -0.212320 0.635389
0.122915 -0.213533 0.635282
0.122440 -0.213432 0.634961
0.121557 -0.213094 0.636013
0.121574 -0.213356 0.636737
0.121682 -0.212148 0.637130
0.121178 -0.209122 0.562516
0.120530 -0.208790 0.563453
0.121460 -0.208866 0.564451
0.122801 -0.209804 0.565064
0.122721 -0.209715 0.564042
0.123388 -0.210411 0.564206
0.124020 -0.208636 0.564626
0.124058 -0.209453 0.565502
0.125236 -0.209788 0.564522
0.123741 -0.208830 0.565791
0.125819 -0.209158 0.566241
0.126813 -0.209362 0.566963
0.125906 -0.209307 0.566268
0.126320 -0.210376 0.566892
0.126963 -0.208969 0.566921
0.126956 -0.209890 0.567005
0.128187 -0.209189 0.566764
0.128549 -0.209969 0.568357
0.127885 -0.208918 0.567645
0.128419 -0.209403 0.568239
0.129453 -0.210149 0.569396
0.130153 -0.210797 0.569845
0.130179 -0.210116 0.569849
0.130236 -0.208517 0.570052
0.130933 -0.209784 0.570600
0.131165 -0.209775 0.571268
0.131059 -0.209761 0.571000
0.131426 -0.209351 0.571928
0.131018 -0.210183 0.571916
0.132317 -0.210469 0.572746
0.133635 -0.209692 0.572456
0.132337 -0.209821 0.572686
0.133162 -0.209535 0.572615
0.133840 -0.209421 0.573300
0.134338 -0.208865 0.573846
0.134358 -0.209921 0.574412
0.134302 -0.210537 0.575048
0.134331 -0.209850 0.575273
0.134559 -0.209019 0.575860
0.135959 -0.210217 0.576033
0.135058 -0.210006 0.576828
0.136160 -0.208507 0.576879
0.136363 -0.209582 0.577339
0.136180 -0.209841 0.579026
0.136755 -0.209207 0.578143
0.137130 -0.209601 0.578634
0.137079 -0.209971 0.579994
0.137140 -0.209899 0.579252
0.137138 -0.209952 0.579198
0.137433 -0.209339 0.581321
0.138389 -0.209282 0.581602
0.137705 -0.209027 0.581852
0.138577 -0.209713 0.582191
0.139053 -0.210416 0.582526
0.139155 -0.209290 0.582314
0.138775 -0.209983 0.583635
0.140521 -0.209285 0.584179
0.138820 -0.209895 0.584519
0.139541 -0.209837 0.584450
0.139741 -0.209247 0.585383
0.140512 -0.209550 0.586489
0.138749 -0.209721 0.586952
0.140147 -0.210107 0.586157
0.140537 -0.209220 0.586576
0.140818 -0.210134 0.587559
0.140623 -0.209209 0.588189
0.141517 -0.209951 0.586536
0.141403 -0.209374 0.588850
0.140801 -0.210224 0.589343
0.141513 -0.209163 0.589582
0.140682 -0.209261 0.591006
0.141637 -0.210600 0.591497
0.140742 -0.209246 0.590007
0.141061 -0.209498 0.591562
0.141845 -0.209379 0.592832
0.142279 -0.210463 0.592499
0.142960 -0.209791 0.592353
0.142457 -0.209702 0.593691
0.142764 -0.209050 0.594318
0.142911 -0.209591 0.594833
0.142701 -0.209752 0.595337
0.142573 -0.209506 0.595530
0.143354 -0.209545 0.596814
0.142147 -0.209374 0.596400
0.143224 -0.209565 0.597325
0.144058 -0.210301 0.597801
0.142474 -0.209506 0.598453
0.141971 -0.209959 0.599113
0.142234 -0.209400 0.599316
0.143084 -0.209012 0.600325
0.141713 -0.209295 0.600303
0.143098 -0.209389 0.601465
0.141852 -0.208555 0.601339
0.142652 -0.209690 0.601411
0.142921 -0.209667 0.602931
0.143188 -0.208928 0.603094
0.142359 -0.209828 0.602717
0.142281 -0.209024 0.603109
0.142377 -0.209703 0.603725
0.142086 -0.209752 0.603848
0.141105 -0.210758 0.605847
0.142459 -0.209995 0.606157
0.142150 -0.209813 0.606709
0.141304 -0.210493 0.606183
0.141520 -0.208926 0.607815
0.141067 -0.209668 0.608327
0.142388 -0.210210 0.608775
0.141810 -0.209520 0.609067
0.140953 -0.209460 0.608854
0.141518 -0.209796 0.609847
0.142024 -0.209608 0.609897
0.140890 -0.209736 0.610387
0.141422 -0.209814 0.610261
0.140934 -0.209479 0.611776
0.140903 -0.209940 0.611978
0.141012 -0.209133 0.611780
0.140915 -0.210071 0.612846
0.140732 -0.209256 0.613577
0.140286 -0.209296 0.613486
0.139975 -0.209526 0.614509
0.139545 -0.208311 0.615108
0.140316 -0.209549 0.615612
0.139553 -0.209539 0.615953
0.139085 -0.209200 0.616962
0.138704 -0.209954 0.616010
0.139245 -0.208934 0.617492
0.138264 -0.209559 0.617902
0.138921 -0.209192 0.617346
0.137297 -0.209838 0.617654
0.139059 -0.210018 0.619735
0.138212 -0.209708 0.619253
0.137953 -0.208987 0.619353
0.137105 -0.210362 0.620470
0.136604 -0.209695 0.620324
0.136275 -0.209595 0.621025
0.137398 -0.209566 0.620609
0.136880 -0.209721 0.622173
0.136604 -0.210554 0.621668
0.134978 -0.209400 0.622534
0.135907 -0.209234 0.622857
0.135147 -0.209078 0.624545
0.135847 -0.209528 0.624469
0.135225 -0.209081 0.624375
0.134906 -0.209733 0.624415
0.135483 -0.210159 0.624917
0.133825 -0.209814 0.626018
0.133393 -0.210152 0.626253
0.132821 -0.209670 0.626103
0.132266 -0.209048 0.627168
0.132430 -0.209596 0.626570
0.131701 -0.209619 0.628092
0.131613 -0.209786 0.627225
0.131723 -0.210102 0.627873
0.130479 -0.209653 0.629612
0.131421 -0.210310 0.629965
0.130356 -0.209342 0.629643
0.131526 -0.210207 0.630099
0.129887 -0.209866 0.630407
0.128925 -0.208533 0.630963
0.128383 -0.209500 0.630328
0.129042 -0.209671 0.632117
0.129339 -0.210117 0.631563
0.127540 -0.209137 0.632053
0.128365 -0.208716 0.632099
0.127607 -0.210677 0.632810
0.126990 -0.209357 0.632652
0.127911 -0.210036 0.632948
0.125984 -0.208957 0.633807
0.126105 -0.210141 0.634359
0.125606 -0.209975 0.632695
0.125417 -0.209598 0.633159
0.125216 -0.208952 0.633733
0.124594 -0.209221 0.634541
0.123548 -0.209733 0.635931
0.123127 -0.209552 0.635363
0.122528 -0.209387 0.635005
0.121645 -0.210483 0.636410
0.123298 -0.209299 0.636311
0.121762 -0.209262 0.636527
0.120889 -0.208855 0.636872
0.121203 -0.205854 0.563938
0.121764 -0.205864 0.563231
0.121922 -0.205862 0.564140
0.122759 -0.205710 0.563684
0.122256 -0.206907 0.564435
0.122529 -0.205864 0.564660
0.124259 -0.206525 0.564349
0.124542 -0.206585 0.564975
0.124672 -0.206263 0.565455
0.125200 -0.206338 0.565672
0.125654 -0.207111 0.566511
0.125960 -0.206606 0.566122
0.126659 -0.206310 0.566647
0.127007 -0.205640 0.566830
0.126986 -0.206454 0.567103
0.127736 -0.206029 0.567157
0.128157 -0.206471 0.567470
0.127830 -0.206891 0.568839
0.127497 -0.206244 0.568622
0.128257 -0.205777 0.569294
0.129594 -0.206347 0.569687
0.128396 -0.205398 0.569598
0.130051 -0.206377 0.570191
0.129865 -0.206269 0.570241
0.131015 -0.207066 0.570588
0.131008 -0.205730 0.570590
0.130773 -0.206237 0.571253
0.131332 -0.206416 0.572077
0.132068 -0.205860 0.571318
0.132165 -0.206907 0.572785
0.133162 -0.204857 0.572964
0.132767 -0.205294 0.573898
0.132652 -0.206446 0.572777
0.132930 -0.207090 0.573369
0.134311 -0.205836 0.574906
0.133561 -0.206079 0.574785
0.134026 -0.205679 0.575719
0.134756 -0.205772 0.575492
0.135674 -0.205595 0.575281
0.134980 -0.205700 0.576482
0.136534 -0.206308 0.576355
0.136212 -0.206374 0.576348
0.135716 -0.205876 0.577613
0.136372 -0.206074 0.578233
0.136956 -0.206364 0.578965
0.136992 -0.206559 0.579286
0.137833 -0.206753 0.579601
0.138241 -0.205965 0.578830
0.137657 -0.205627 0.580718
0.137826 -0.206191 0.580409
0.137598 -0.206606 0.581306
0.138149 -0.206830 0.580572
0.138129 -0.205539 0.581059
0.138788 -0.207811 0.583099
0.139754 -0.205798 0.583322
0.139423 -0.206174 0.583733
0.138509 -0.206295 0.583350
0.139905 -0.205588 0.584993
0.140206 -0.206066 0.585337
0.140493 -0.205960 0.585428
0.140003 -0.206646 0.586204
0.140401 -0.205768 0.586364
0.141185 -0.206865 0.586691
0.141108 -0.205487 0.587077
0.141191 -0.206086 0.587324
0.140689 -0.206070 0.588831
0.140591 -0.206481 0.588235
0.140364 -0.206194 0.588068
0.141936 -0.205839 0.588681
0.141383 -0.206552 0.590109
0.141719 -0.206155 0.589364
0.142576 -0.205679 0.590931
0.140876 -0.206307 0.590311
0.142156 -0.206065 0.591797
0.142106 -0.205126 0.592217
0.142067 -0.206330 0.591612
0.142820 -0.205824 0.593789
0.142107 -0.205126 0.594097
0.142072 -0.205649 0.594384
0.141730 -0.206102 0.595817
0.141570 -0.206306 0.595231
0.142191 -0.205898 0.596177
0.141696 -0.205773 0.597045
0.141919 -0.207021 0.596709
0.142201 -0.206377 0.597037
0.141852 -0.205719 0.598338
0.141951 -0.206046 0.598582
0.142761 -0.206682 0.598189
0.143543 -0.206993 0.598915
0.142434 -0.205998 0.599186
0.142259 -0.205467 0.600996
0.142524 -0.206582 0.600360
0.142819 -0.206756 0.601679
0.142104 -0.206910 0.601105
0.143237 -0.206635 0.602144
0.142336 -0.207037 0.602759
0.142503 -0.205761 0.602852
0.141933 -0.206219 0.603937
0.142764 -0.207121 0.603776
0.142525 -0.206129 0.605706
0.142695 -0.207048 0.606093
0.142053 -0.206235 0.605776
0.141506 -0.205333 0.605762
0.141458 -0.206013 0.606930
0.142588 -0.206833 0.607322
0.141809 -0.206795 0.607194
0.142608 -0.206816 0.608252
0.140845 -0.206253 0.609107
0.140466 -0.206312 0.610124
0.141443 -0.205962 0.608909
0.141207 -0.206652 0.610568
0.140940 -0.206530 0.610549
0.140179 -0.206370 0.610699
0.140850 -0.206207 0.611561
0.141022 -0.206071 0.611383
0.139203 -0.205766 0.612857
0.140849 -0.206299 0.613614
0.139827 -0.206806 0.614934
0.139862 -0.205947 0.614144
0.140428 -0.206204 0.614765
0.140453 -0.206679 0.613633
0.140019 -0.207277 0.615615
0.139580 -0.205526 0.615997
0.140047 -0.206270 0.615400
0.139631 -0.205767 0.616841
0.139343 -0.206096 0.616563
0.138301 -0.205984 0.618794
0.138888 -0.207712 0.617897
0.137395 -0.206660 0.617622
0.138209 -0.206126 0.618972
0.138030 -0.206287 0.619572
0.138504 -0.206159 0.619452
0.137993 -0.206654 0.621325
0.137333 -0.205646 0.620592
0.137769 -0.206282 0.620805
0.136588 -0.206256 0.621688
0.136741 -0.205697 0.622299
0.136306 -0.206297 0.621783
0.135786 -0.205637 0.623068
0.136107 -0.205914 0.623979
0.134675 -0.206831 0.622421
0.134360 -0.206227 0.623401
0.135825 -0.206281 0.624201
0.134920 -0.205808 0.625648
0.134121 -0.206234 0.625670
0.134600 -0.205757 0.625931
0.133153 -0.206842 0.626642
0.133083 -0.206052 0.625879
0.133705 -0.205547 0.627028
0.133163 -0.206723 0.626718
0.131474 -0.205492 0.627778
0.132180 -0.205867 0.628050
0.131218 -0.207735 0.628384
0.131629 -0.206255 0.628087
0.130673 -0.205696 0.629255
0.129970 -0.206128 0.630503
0.129872 -0.206940 0.629883
0.129826 -0.205521 0.629808
0.128894 -0.206080 0.629992
0.129493 -0.207016 0.630545
0.128428 -0.206119 0.632190
0.129233 -0.206975 0.632526
0.127042 -0.205492 0.631428
0.127661 -0.206083 0.632256
0.126182 -0.205205 0.632984
0.127252 -0.207102 0.632736
0.125963 -0.205919 0.632949
0.127277 -0.206417 0.633614
0.126049 -0.206567 0.633873
0.124954 -0.206429 0.633246
0.124856 -0.206593 0.634823
0.124262 -0.206690 0.634725
0.123257 -0.206289 0.633906
0.123462 -0.206070 0.634893
0.123073 -0.205856 0.635192
0.123404 -0.205793 0.635996
0.121873 -0.205779 0.635415
0.121463 -0.206514 0.635652
0.122172 -0.206904 0.636511
0.121578 -0.205765 0.637332
0.121265 -0.202232 0.564035
0.121993 -0.202216 0.563723
0.122141 -0.202616 0.563247
0.122754 -0.203657 0.564432
0.123019 -0.202264 0.563777
0.123157 -0.203194 0.563922
0.123548 -0.202844 0.563957
0.124241 -0.203478 0.564827
0.124393 -0.202566 0.565063
0.125636 -0.203928 0.565908
0.125730 -0.202573 0.566487
0.124457 -0.202571 0.566415
0.126215 -0.202969 0.565382
0.126821 -0.201986 0.566871
0.126650 -0.203678 0.567790
0.127147 -0.203194 0.566889
0.127192 -0.202858 0.567446
0.128309 -0.203339 0.567056
0.128400 -0.202270 0.568694
0.128588 -0.203091 0.568776
0.128248 -0.203861 0.569473
0.128851 -0.202793 0.569519
0.130571 -0.202458 0.569490
0.128807 -0.203262 0.570021
0.130334 -0.202333 0.569798
0.130900 -0.202131 0.570469
0.131223 -0.202992 0.571403
0.132324 -0.203444 0.571823
0.132319 -0.202939 0.572039
0.132839 -0.201325 0.572695
0.132640 -0.202981 0.574044
0.133482 -0.203439 0.574364
0.132926 -0.202389 0.572980
0.133568 -0.203553 0.574453
0.133919 -0.203002 0.574894
0.133895 -0.202598 0.575042
0.134267 -0.202300 0.574878
0.134531 -0.203299 0.575388
0.135383 -0.202902 0.576045
0.135415 -0.202558 0.576128
0.136011 -0.202295 0.576175
0.136455 -0.203016 0.576380
0.136106 -0.202681 0.577878
0.136676 -0.202751 0.578783
0.136006 -0.202743 0.577390
0.137593 -0.201908 0.578186
0.136369 -0.202489 0.578670
0.137358 -0.201931 0.580012
0.138527 -0.203031 0.580123
0.138469 -0.203810 0.581025
0.137952 -0.202350 0.580520
0.138364 -0.204121 0.581974
0.138953 -0.203120 0.582242
0.138504 -0.202836 0.582847
0.138335 -0.203153 0.583597
0.138920 -0.203193 0.583242
0.138455 -0.203153 0.582889
0.139298 -0.202393 0.585673
0.140353 -0.203584 0.584836
0.139636 -0.202513 0.585241
0.139768 -0.202705 0.585465
0.140409 -0.202716 0.586178
0.139194 -0.202505 0.586226
0.139889 -0.201829 0.587722
0.140332 -0.202786 0.587612
0.140160 -0.203170 0.587858
0.141529 -0.203232 0.588274
0.141692 -0.203615 0.589978
0.142128 -0.203574 0.590036
0.140665 -0.202966 0.590360
0.140921 -0.202871 0.590343
0.140823 -0.203305 0.590658
0.141295 -0.202344 0.592607
0.141745 -0.202984 0.590985
0.141871 -0.203090 0.591513
0.140779 -0.202388 0.592488
0.143365 -0.202484 0.593632
0.140952 -0.203690 0.593936
0.142008 -0.201863 0.593335
0.142001 -0.202898 0.594651
0.142766 -0.202065 0.595908
0.141776 -0.204213 0.596153
0.141758 -0.202494 0.596078
0.142370 -0.202261 0.597364
0.141948 -0.203693 0.597834
0.141900 -0.202791 0.596971
0.142358 -0.203183 0.598522
0.143145 -0.202720 0.598686
0.142523 -0.203510 0.598879
0.143233 -0.203183 0.599085
0.142324 -0.203145 0.600007
0.142725 -0.203176 0.600680
0.142012 -0.202369 0.601357
0.143538 -0.202694 0.601094
0.141638 -0.203172 0.602308
0.142362 -0.203063 0.602905
0.142587 -0.202407 0.604135
0.141617 -0.203248 0.603920
0.142012 -0.203633 0.604780
0.141770 -0.203653 0.604937
0.142990 -0.202916 0.603859
0.142263 -0.202193 0.606937
0.143167 -0.202107 0.605993
0.141984 -0.202667 0.606621
0.141981 -0.202575 0.607068
0.141508 -0.202834 0.607723
0.141266 -0.203333 0.608176
0.140998 -0.202213 0.608882
0.142373 -0.203236 0.609022
0.140609 -0.203235 0.609805
0.141568 -0.203659 0.609542
0.141081 -0.203069 0.610810
0.140636 -0.202951 0.610274
0.141628 -0.202700 0.611790
0.141114 -0.202713 0.612426
0.141262 -0.202551 0.613110
0.141332 -0.203005 0.613768
0.139582 -0.202740 0.613675
0.140725 -0.202779 0.613957
0.139851 -0.202614 0.614836
0.139657 -0.201968 0.614808
0.140139 -0.202743 0.614983
0.138891 -0.203011 0.615138
0.139225 -0.202772 0.616404
0.138865 -0.203507 0.616684
0.139106 -0.202512 0.617335
0.138054 -0.203150 0.617746
0.138504 -0.203111 0.617829
0.138078 -0.202351 0.617937
0.139088 -0.202776 0.619562
0.138041 -0.201925 0.619499
0.136002 -0.203194 0.620719
0.136859 -0.203420 0.619128
0.137410 -0.201769 0.620372
0.136162 -0.202361 0.621233
0.136134 -0.203444 0.621899
0.136206 -0.203397 0.621387
0.135778 -0.204018 0.622949
0.135788 -0.202545 0.622936
0.135394 -0.202375 0.622501
0.134357 -0.203125 0.623264
0.136344 -0.203077 0.624058
0.134673 -0.202307 0.624420
0.134839 -0.202804 0.625224
0.134228 -0.203014 0.625441
0.134408 -0.202632 0.625294
0.133943 -0.203283 0.625808
0.133288 -0.202648 0.626822
0.133239 -0.203310 0.627282
0.132553 -0.203445 0.627662
0.132443 -0.202579 0.627425
0.132604 -0.202441 0.629309
0.132673 -0.202872 0.628406
0.131725 -0.203042 0.628463
0.130845 -0.203249 0.629110
0.132101 -0.201955 0.629396
0.130992 -0.202563 0.630140
0.129806 -0.202446 0.630483
0.129323 -0.202313 0.630241
0.128456 -0.203353 0.631276
0.128401 -0.203188 0.631084
0.127098 -0.202600 0.631578
0.128384 -0.202612 0.631394
0.127689 -0.202944 0.632222
0.126463 -0.202428 0.632234
0.127379 -0.204313 0.632149
0.126410 -0.202738 0.633444
0.126685 -0.203294 0.633588
0.125599 -0.203501 0.632885
0.124830 -0.202852 0.633971
0.125706 -0.203036 0.634460
0.123923 -0.203134 0.635473
0.124404 -0.202722 0.635116
0.122728 -0.202325 0.635613
0.123337 -0.202702 0.635646
0.122826 -0.202354 0.635391
0.122432 -0.202740 0.636191
0.122138 -0.203337 0.636074
0.121973 -0.202951 0.636823
0.120873 -0.202883 0.636884
0.121215 -0.198953 0.563002
0.121796 -0.199591 0.563458
0.121701 -0.199310 0.563052
0.122401 -0.199219 0.563903
0.123202 -0.199573 0.563976
0.123502 -0.199507 0.564184
0.123141 -0.199974 0.564623
0.124507 -0.200347 0.565060
0.125310 -0.200107 0.565010
0.124757 -0.199772 0.565612
0.125012 -0.199253 0.564979
0.126265 -0.199344 0.567056
0.125688 -0.199575 0.567224
0.127967 -0.198466 0.566604
0.127078 -0.199815 0.566342
0.126879 -0.199331 0.566828
0.127552 -0.199534 0.567537
0.128422 -0.200802 0.568103
0.128705 -0.199121 0.568362
0.128692 -0.199532 0.568399
0.129181 -0.199345 0.568819
0.130331 -0.199500 0.569954
0.128996 -0.199600 0.570679
0.130167 -0.199516 0.570907
0.130499 -0.199679 0.570642
0.130565 -0.199666 0.570619
0.130781 -0.198953 0.571134
0.131847 -0.199262 0.572157
0.132503 -0.199616 0.571811
0.132501 -0.199971 0.572797
0.132983 -0.200211 0.574230
0.132999 -0.198856 0.572339
0.133444 -0.199159 0.574387
0.133296 -0.198683 0.573558
0.133754 -0.198757 0.574071
0.133364 -0.199768 0.574628
0.134852 -0.198885 0.575248
0.135753 -0.200208 0.575215
0.135291 -0.199569 0.575262
0.135483 -0.199225 0.576203
0.135441 -0.199656 0.575987
0.136131 -0.199758 0.577447
0.136613 -0.199754 0.577573
0.137072 -0.199346 0.577819
0.135915 -0.200359 0.578802
0.136249 -0.199474 0.579476
0.137618 -0.199901 0.580079
0.136115 -0.199504 0.579840
0.137698 -0.199256 0.580301
0.137784 -0.199609 0.580301
0.137763 -0.198836 0.581640
0.137812 -0.199562 0.580398
0.138215 -0.199629 0.581673
0.139057 -0.199341 0.582202
0.138414 -0.199622 0.583939
0.138274 -0.199663 0.583838
0.139165 -0.199867 0.583416
0.139791 -0.198810 0.582839
0.139833 -0.199653 0.585352
0.140193 -0.199019 0.585398
0.139958 -0.200014 0.585470
0.140297 -0.198598 0.586189
0.139755 -0.199349 0.587010
0.141226 -0.198889 0.586896
0.140509 -0.200628 0.587264
0.139825 -0.199582 0.588610
0.141091 -0.200310 0.588846
0.141291 -0.200288 0.588513
0.141557 -0.199422 0.589628
0.140419 -0.199484 0.590302
0.141028 -0.199583 0.590188
0.141431 -0.199407 0.590180
0.141706 -0.199690 0.592352
0.141628 -0.199447 0.591511
0.141705 -0.200047 0.592117
0.141562 -0.200436 0.592141
0.141746 -0.199260 0.592853
0.141685 -0.199897 0.593115
0.141972 -0.198851 0.594097
0.141750 -0.199374 0.595353
0.142809 -0.199377 0.595858
0.141645 -0.199933 0.595558
0.142791 -0.200555 0.596292
0.142137 -0.198792 0.596377
0.142786 -0.199398 0.597558
0.142974 -0.199190 0.597834
0.142412 -0.199931 0.597813
0.142746 -0.200173 0.598549
0.141387 -0.199424 0.599546
0.142399 -0.199955 0.599647
0.142682 -0.200317 0.600533
0.141988 -0.198928 0.600824
0.142450 -0.199600 0.600721
0.142552 -0.199991 0.601961
0.142245 -0.199928 0.601827
0.142659 -0.198576 0.601868
0.142884 -0.199279 0.602169
0.142173 -0.200205 0.603244
0.142110 -0.199026 0.603607
0.143137 -0.199465 0.605008
0.142346 -0.200206 0.604802
0.142085 -0.199165 0.604787
0.141784 -0.198944 0.606005
0.142909 -0.200706 0.605834
0.141043 -0.198602 0.606962
0.142502 -0.199091 0.607220
0.140991 -0.199437 0.609354
0.141391 -0.198675 0.607895
0.142150 -0.199976 0.608722
0.141427 -0.199200 0.609295
0.141681 -0.199387 0.609364
0.141142 -0.199401 0.610657
0.140527 -0.198683 0.611238
0.141264 -0.199276 0.611395
0.140117 -0.198894 0.611778
0.140916 -0.199094 0.612514
0.140311 -0.199574 0.612430
0.140878 -0.199585 0.613791
0.141225 -0.199805 0.614569
0.139974 -0.199094 0.613661
0.140319 -0.200470 0.614457
0.139650 -0.198622 0.615778
0.138667 -0.198743 0.616588
0.138493 -0.200709 0.616116
0.138886 -0.199527 0.616539
0.138661 -0.200131 0.616907
0.138599 -0.200414 0.618070
0.139359 -0.198889 0.617730
0.138271 -0.199765 0.618241
0.138506 -0.200488 0.618912
0.139085 -0.199461 0.620204
0.138201 -0.199616 0.619661
0.138133 -0.198887 0.620710
0.136609 -0.199547 0.620661
0.136747 -0.199411 0.620959
0.137019 -0.200616 0.620783
0.136622 -0.199592 0.621502
0.135866 -0.200180 0.622897
0.135953 -0.199224 0.623779
0.135243 -0.199090 0.623161
0.135500 -0.199120 0.623660
0.136057 -0.199352 0.623302
0.134709 -0.200107 0.624033
0.133543 -0.199241 0.623758
0.133842 -0.199057 0.625104
0.133191 -0.199450 0.625303
0.132997 -0.199204 0.626425
0.133868 -0.199061 0.626459
0.133336 -0.199625 0.626829
0.133197 -0.199796 0.626471
0.132110 -0.198562 0.627725
0.132007 -0.199188 0.627253
0.131148 -0.199255 0.628089
0.130576 -0.200201 0.628894
0.130470 -0.199597 0.628494
0.130335 -0.200384 0.629228
0.130705 -0.199626 0.629821
0.129323 -0.199315 0.629768
0.129370 -0.199852 0.630925
0.129887 -0.199808 0.631354
0.128900 -0.198790 0.630862
0.127993 -0.199216 0.630581
0.128592 -0.198988 0.631924
0.127492 -0.200182 0.632011
0.127703 -0.199143 0.633007
0.126674 -0.198808 0.632670
0.126992 -0.199569 0.633260
0.126372 -0.199352 0.633520
0.125734 -0.199518 0.633593
0.125186 -0.198540 0.633339
0.125197 -0.199909 0.634255
0.125068 -0.199875 0.634744
0.124172 -0.198715 0.635360
0.124263 -0.199733 0.635695
0.124569 -0.199898 0.635472
0.123172 -0.199094 0.636083
0.122582 -0.200018 0.635825
0.122103 -0.199989 0.636836
0.121420 -0.198873 0.635815
0.121329 -0.200068 0.636176
0.121387 -0.195527 0.562850
0.122099 -0.196251 0.563421
0.122008 -0.195986 0.564047
0.122417 -0.196047 0.564072
0.123372 -0.195864 0.563979
0.123763 -0.195994 0.564600
0.123256 -0.196361 0.564711
0.124099 -0.196693 0.565734
0.124150 -0.195720 0.565278
0.124215 -0.195348 0.566110
0.125203 -0.195496 0.566136
0.125494 -0.195990 0.566757
0.126185 -0.195729 0.566457
0.126324 -0.196784 0.567035
0.127803 -0.196266 0.566569
0.127207 -0.196028 0.568131
0.127672 -0.195925 0.567786
0.127697 -0.196297 0.567902
0.128079 -0.196287 0.568407
0.128072 -0.195148 0.569505
0.129290 -0.196564 0.568660
0.129248 -0.196584 0.569713
0.128503 -0.196614 0.569038
0.130165 -0.196668 0.570374
0.129772 -0.195624 0.570577
0.131982 -0.195980 0.571217
0.131481 -0.197569 0.571489
0.131058 -0.196867 0.572469
0.132369 -0.196221 0.572585
0.131724 -0.195650 0.572466
0.132326 -0.195501 0.572871
0.132203 -0.197102 0.572137
0.132604 -0.195450 0.573184
0.133639 -0.196445 0.573872
0.133952 -0.195440 0.575371
0.133647 -0.196606 0.574675
0.135182 -0.196614 0.575433
0.134659 -0.196217 0.575188
0.135702 -0.196537 0.575423
0.134110 -0.195940 0.575251
0.134290 -0.196215 0.577002
0.136960 -0.196563 0.576414
0.136438 -0.196569 0.576979
0.135815 -0.197225 0.578807
0.136838 -0.196667 0.578789
0.136976 -0.195998 0.579026
0.136919 -0.196484 0.579741
0.138662 -0.195859 0.579759
0.138282 -0.195717 0.580258
0.138997 -0.196204 0.580364
0.137490 -0.195688 0.580881
0.138488 -0.195429 0.580307
0.137682 -0.196267 0.581284
0.138038 -0.196229 0.581993
0.139619 -0.195358 0.582930
0.138985 -0.196527 0.583364
0.138756 -0.196246 0.584132
0.139193 -0.196079 0.583979
0.139507 -0.195744 0.584967
0.139992 -0.196520 0.585476
0.138777 -0.195999 0.585525
0.140228 -0.195712 0.586299
0.140227 -0.196526 0.586506
0.140607 -0.195455 0.586886
0.139756 -0.196871 0.587998
0.140236 -0.196330 0.588281
0.140373 -0.195522 0.588961
0.141752 -0.195830 0.589595
0.141339 -0.196473 0.589491
0.142043 -0.195789 0.589266
0.141537 -0.195853 0.589761
0.140486 -0.195935 0.591491
0.141652 -0.196980 0.591028
0.141179 -0.195840 0.591471
0.142301 -0.196381 0.592885
0.142297 -0.196399 0.594198
0.141954 -0.196734 0.593659
0.140936 -0.195671 0.594015
0.142619 -0.195877 0.593686
0.141541 -0.195748 0.594877
0.142429 -0.195972 0.594631
0.141741 -0.195218 0.596129
0.141675 -0.195887 0.595954
0.141225 -0.196404 0.597192
0.142745 -0.196887 0.597013
0.142484 -0.196143 0.597390
0.141970 -0.196581 0.598334
0.142901 -0.196186 0.598508
0.142326 -0.195312 0.599229
0.142636 -0.196624 0.599847
0.141633 -0.197200 0.600249
0.142619 -0.196168 0.601437
0.143016 -0.196202 0.600770
0.142011 -0.195998 0.601375
0.141433 -0.195657 0.603281
0.142359 -0.195456 0.604009
0.142384 -0.196057 0.604151
0.142361 -0.195613 0.602999
0.142294 -0.196425 0.604271
0.142005 -0.196923 0.604635
0.140949 -0.195475 0.605813
0.142133 -0.196941 0.605207
0.143083 -0.195693 0.606092
0.141954 -0.195710 0.606734
0.142477 -0.196529 0.607413
0.141892 -0.196856 0.607764
0.141465 -0.196367 0.607628
0.142046 -0.195913 0.608809
0.141486 -0.195361 0.609116
0.141145 -0.195946 0.610076
0.141652 -0.195838 0.610279
0.141574 -0.196133 0.609962
0.140069 -0.196637 0.611213
0.141208 -0.195885 0.611417
0.140804 -0.195459 0.611995
0.140671 -0.196863 0.612165
0.140219 -0.197275 0.613319
0.140804 -0.195458 0.613505
0.140647 -0.197049 0.613839
0.139758 -0.197137 0.614322
0.140277 -0.196580 0.614919
0.139142 -0.195842 0.615654
0.138674 -0.196704 0.616002
0.139414 -0.196185 0.615544
0.139477 -0.196417 0.616027
0.139445 -0.195950 0.616886
0.138402 -0.196095 0.617552
0.138464 -0.196443 0.617699
0.138659 -0.196227 0.618622
0.138033 -0.195487 0.618940
0.138469 -0.195363 0.618798
0.137225 -0.196545 0.619895
0.137403 -0.196247 0.621047
0.136884 -0.196902 0.620460
0.137463 -0.196286 0.621390
0.136446 -0.196926 0.621532
0.136158 -0.194616 0.621829
0.135312 -0.195697 0.622692
0.135463 -0.196072 0.623107
0.135516 -0.196251 0.622361
0.135407 -0.196786 0.624068
0.134767 -0.195150 0.624323
0.135142 -0.196689 0.624306
0.133733 -0.196956 0.624217
0.133690 -0.196807 0.625514
0.134046 -0.195697 0.625901
0.133595 -0.196390 0.625987
0.133061 -0.196139 0.626697
0.132814 -0.195812 0.626968
0.132789 -0.196210 0.627921
0.132006 -0.195482 0.627802
0.132407 -0.196327 0.627386
0.131737 -0.196514 0.627668
0.131367 -0.196042 0.628801
0.130492 -0.195644 0.629253
0.129881 -0.196040 0.628813
0.130379 -0.195668 0.631004
0.129756 -0.196424 0.630937
0.129738 -0.196111 0.630028
0.128763 -0.196290 0.631414
0.129520 -0.195701 0.631290
0.129546 -0.195878 0.631329
0.128069 -0.196010 0.632332
0.127118 -0.195888 0.631558
0.126979 -0.196751 0.632524
0.127149 -0.195937 0.633270
0.127105 -0.195274 0.632706
0.126320 -0.196825 0.634526
0.125355 -0.195906 0.633175
0.125096 -0.195503 0.633871
0.125331 -0.196250 0.634137
0.124742 -0.195596 0.635552
0.123530 -0.195527 0.635731
0.123765 -0.195806 0.634948
0.122984 -0.195659 0.635490
0.123368 -0.195697 0.635989
0.122264 -0.194626 0.635526
0.122618 -0.195752 0.636056
0.122159 -0.196123 0.636457
0.120121 -0.196380 0.636692
0.122003 -0.193132 0.563530
0.120734 -0.192624 0.562708
0.122603 -0.192460 0.564538
0.122632 -0.192910 0.564182
0.122597 -0.191850 0.564419
0.123032 -0.193503 0.565367
0.124605 -0.192651 0.565052
0.123429 -0.192117 0.565214
0.125096 -0.192062 0.565965
0.124878 -0.192472 0.566127
0.124203 -0.192723 0.566659
0.126477 -0.193080 0.566044
0.126893 -0.193068 0.566453
0.126619 -0.192164 0.567028
0.127002 -0.192617 0.566778
0.126848 -0.191965 0.567496
0.127242 -0.193000 0.567773
0.129105 -0.192888 0.568494
0.129288 -0.192559 0.568615
0.128770 -0.193614 0.568461
0.128803 -0.192658 0.568843
0.129409 -0.192324 0.570240
0.129509 -0.192466 0.569920
0.129942 -0.192686 0.569648
0.130661 -0.192773 0.569646
0.131255 -0.192856 0.571240
0.131373 -0.192502 0.571049
0.131587 -0.192533 0.571682
0.132197 -0.192823 0.572530
0.132477 -0.192950 0.572642
0.132340 -0.193466 0.572958
0.132843 -0.192993 0.573796
0.133629 -0.192628 0.573721
0.133400 -0.192706 0.573774
0.133805 -0.192871 0.575554
0.134294 -0.192721 0.575069
0.134161 -0.192752 0.574451
0.134414 -0.192326 0.575439
0.134884 -0.192399 0.576501
0.135925 -0.192881 0.576464
0.136232 -0.191912 0.576726
0.136163 -0.192782 0.577747
0.135293 -0.192910 0.578219
0.135700 -0.193284 0.577671
0.136707 -0.193006 0.578163
0.137450 -0.193277 0.579287
0.137261 -0.193104 0.579353
0.136938 -0.192440 0.579341
0.138299 -0.191973 0.579693
0.138062 -0.192476 0.580558
0.138451 -0.193199 0.580119
0.137658 -0.191729 0.581214
0.137912 -0.192422 0.581534
0.138009 -0.191840 0.581739
0.139858 -0.192259 0.583025
0.138985 -0.193569 0.583215
0.139063 -0.193314 0.584458
0.139151 -0.192500 0.584054
0.139920 -0.193056 0.584692
0.139556 -0.192656 0.585367
0.139438 -0.192334 0.585985
0.139509 -0.192194 0.585630
0.139669 -0.192961 0.586460
0.140669 -0.193060 0.587433
0.140841 -0.192905 0.587778
0.140401 -0.192316 0.589200
0.141168 -0.192920 0.589502
0.141802 -0.193256 0.588901
0.141113 -0.192788 0.589654
0.141137 -0.192616 0.589372
0.141081 -0.193201 0.590668
0.141062 -0.192961 0.591007
0.142157 -0.192529 0.591736
0.142238 -0.193463 0.591757
0.142638 -0.192644 0.593510
0.142395 -0.193424 0.590988
0.141787 -0.191445 0.593495
0.142401 -0.193117 0.593500
0.142847 -0.191746 0.594405
0.142855 -0.192716 0.593773
0.141126 -0.192854 0.595940
0.141968 -0.193557 0.595864
0.142198 -0.192966 0.596230
0.142266 -0.192583 0.596795
0.142503 -0.192621 0.597731
0.142581 -0.192775 0.598266
0.142002 -0.192834 0.598262
0.142353 -0.192549 0.598729
0.143102 -0.192589 0.598701
0.142083 -0.191703 0.600124
0.142014 -0.192295 0.599827
0.141759 -0.193375 0.600893
0.142989 -0.192229 0.601114
0.142159 -0.192846 0.601684
0.142039 -0.192656 0.601747
0.143182 -0.192274 0.602340
0.141747 -0.192837 0.602819
0.142624 -0.192432 0.602884
0.142084 -0.192248 0.603563
0.141905 -0.193041 0.604058
0.141358 -0.192216 0.605438
0.141897 -0.192035 0.605627
0.142606 -0.192859 0.606135
0.141620 -0.193303 0.607042
0.143050 -0.193157 0.606589
0.141715 -0.192193 0.607746
0.140391 -0.193026 0.607667
0.141460 -0.192808 0.608271
0.141619 -0.192611 0.609557
0.140795 -0.192742 0.609637
0.141535 -0.193227 0.610705
0.140712 -0.192329 0.611011
0.141807 -0.193493 0.610493
0.140425 -0.192428 0.612129
0.140648 -0.192381 0.611985
0.140332 -0.193086 0.612101
0.140007 -0.192704 0.612922
0.140326 -0.193108 0.612791
0.139968 -0.193003 0.613999
0.139968 -0.191703 0.614076
0.140894 -0.192944 0.614871
0.140406 -0.192878 0.614619
0.139192 -0.192501 0.615940
0.139796 -0.192014 0.615808
0.139308 -0.192979 0.616354
0.139035 -0.191017 0.617443
0.138397 -0.192200 0.617193
0.138602 -0.193557 0.617939
0.138346 -0.193434 0.618209
0.137976 -0.193062 0.619410
0.137925 -0.192935 0.619332
0.137762 -0.192635 0.619402
0.137838 -0.192020 0.621596
0.136850 -0.191423 0.620552
0.136510 -0.192984 0.621149
0.136589 -0.192680 0.621475
0.136717 -0.192713 0.621609
0.136022 -0.193347 0.623005
0.136079 -0.193452 0.622226
0.135524 -0.192986 0.622282
0.135149 -0.193214 0.623019
0.134236 -0.192248 0.624338
0.135323 -0.192263 0.624818
0.134716 -0.191996 0.625883
0.133876 -0.192797 0.625623
0.134308 -0.192018 0.626218
0.133720 -0.192841 0.626393
0.134097 -0.193562 0.625892
0.133355 -0.194242 0.627003
0.132007 -0.192413 0.627745
0.132283 -0.192633 0.627188
0.132671 -0.191603 0.628779
0.131298 -0.193825 0.629174
0.130791 -0.192238 0.627604
0.130186 -0.192682 0.628802
0.130984 -0.193063 0.629340
0.131347 -0.193062 0.629850
0.130029 -0.192545 0.629875
0.130205 -0.192514 0.630730
0.129769 -0.193005 0.631370
0.128646 -0.193627 0.631675
0.128728 -0.193438 0.631371
0.127988 -0.192447 0.632083
0.128326 -0.192086 0.633206
0.127389 -0.192376 0.632671
0.126831 -0.192678 0.633033
0.127095 -0.192861 0.633524
0.125995 -0.192763 0.633164
0.124908 -0.192793 0.634145
0.125858 -0.193449 0.634592
0.124284 -0.192584 0.633802
0.123677 -0.193301 0.634992
0.123191 -0.193609 0.634858
0.122444 -0.192775 0.635475
0.123483 -0.192648 0.635190
0.123364 -0.193453 0.635322
0.122733 -0.192813 0.636664
0.121797 -0.192608 0.636261
0.121644 -0.193753 0.636650
0.120090 -0.193421 0.636820
0.120911 -0.189470 0.563259
0.121098 -0.189492 0.563738
0.121722 -0.190185 0.564066
0.122411 -0.189609 0.563931
0.123727 -0.188390 0.563923
0.124455 -0.190169 0.564627
0.123636 -0.189495 0.564244
0.124533 -0.189903 0.564979
0.124828 -0.189298 0.565774
0.125413 -0.189346 0.565868
0.125626 -0.188883 0.565682
0.125557 -0.189453 0.565762
0.126241 -0.189893 0.565879
0.126776 -0.189389 0.566189
0.126538 -0.189929 0.567914
0.127302 -0.189479 0.567179
0.127647 -0.188946 0.567963
0.128137 -0.189278 0.568627
0.128930 -0.188682 0.567782
0.129048 -0.189516 0.569196
0.128985 -0.189104 0.569669
0.129145 -0.189333 0.569077
0.130093 -0.190250 0.569291
0.130994 -0.189060 0.570212
0.130272 -0.189829 0.570165
0.130704 -0.189656 0.570856
0.131280 -0.189303 0.570896
0.132342 -0.189699 0.571383
0.131999 -0.188737 0.571845
0.132235 -0.189810 0.573499
0.132616 -0.190057 0.573067
0.133071 -0.189285 0.573127
0.133186 -0.189564 0.573250
0.132702 -0.189220 0.573651
0.134317 -0.188981 0.574193
0.133714 -0.190765 0.574851
0.134455 -0.189435 0.574677
0.134184 -0.188787 0.574906
0.135405 -0.189364 0.575375
0.136287 -0.189944 0.576143
0.135275 -0.189407 0.576262
0.136103 -0.189548 0.576559
0.136391 -0.189792 0.578488
0.135772 -0.189216 0.578237
0.137199 -0.188649 0.577759
0.136227 -0.189955 0.578701
0.138436 -0.189757 0.579744
0.137268 -0.189849 0.579917
0.136714 -0.189974 0.580049
0.137744 -0.188884 0.580403
0.138023 -0.189068 0.581529
0.138402 -0.189784 0.581964
0.138888 -0.189863 0.581861
0.139077 -0.189197 0.582511
0.138140 -0.189024 0.582935
0.138850 -0.189840 0.582847
0.139413 -0.189579 0.584058
0.138450 -0.188944 0.584185
0.139458 -0.188931 0.585353
0.139292 -0.190105 0.584730
0.139788 -0.189400 0.585517
0.140116 -0.189761 0.586091
0.140416 -0.189478 0.586386
0.140033 -0.188359 0.587735
0.140238 -0.188765 0.586846
0.141025 -0.189778 0.587853
0.141476 -0.189582 0.588661
0.140220 -0.189141 0.589326
0.142385 -0.189144 0.588972
0.141198 -0.189764 0.589230
0.141743 -0.190232 0.589831
0.141756 -0.189823 0.590782
0.141452 -0.189346 0.591585
0.141813 -0.190302 0.591680
0.141460 -0.189788 0.592346
0.141830 -0.189313 0.592646
0.141571 -0.188855 0.593415
0.142231 -0.190346 0.592962
0.142052 -0.189717 0.594729
0.142715 -0.189252 0.594763
0.141936 -0.189294 0.595072
0.142128 -0.189013 0.596260
0.142735 -0.189344 0.596437
0.142145 -0.188758 0.595896
0.142188 -0.189484 0.597317
0.141400 -0.189320 0.596874
0.142103 -0.189652 0.598188
0.142060 -0.190020 0.598625
0.142860 -0.189289 0.599243
0.142740 -0.189279 0.599214
0.142789 -0.188847 0.601210
0.141453 -0.187935 0.601270
0.142300 -0.189389 0.601247
0.142026 -0.188584 0.601713
0.141838 -0.189603 0.602797
0.142346 -0.188505 0.602564
0.142269 -0.190181 0.602407
0.141811 -0.189693 0.603417
0.141999 -0.188929 0.603413
0.142048 -0.189396 0.604795
0.142119 -0.189041 0.604716
0.142857 -0.189055 0.605727
0.142059 -0.189414 0.605942
0.142625 -0.188936 0.607215
0.141501 -0.189250 0.608226
0.141116 -0.189002 0.607839
0.142113 -0.189083 0.608400
0.142680 -0.189402 0.608708
0.141981 -0.190397 0.609152
0.141755 -0.189513 0.609415
0.142112 -0.189650 0.610212
0.141356 -0.189101 0.611404
0.141694 -0.189540 0.610924
0.141435 -0.189636 0.611384
0.140677 -0.189465 0.611406
0.140340 -0.189476 0.611745
0.140342 -0.189506 0.613241
0.140786 -0.188778 0.614757
0.140055 -0.189680 0.614145
0.139913 -0.189637 0.614428
0.139733 -0.189829 0.614257
0.139118 -0.189742 0.615752
0.139817 -0.189025 0.615435
0.138827 -0.188298 0.616549
0.138992 -0.189752 0.617144
0.138846 -0.189419 0.616804
0.138599 -0.189523 0.618015
0.139400 -0.188653 0.616405
0.138643 -0.188898 0.618071
0.138046 -0.189654 0.618318
0.137298 -0.189922 0.618803
0.138517 -0.189649 0.619691
0.137396 -0.189218 0.620658
0.136805 -0.189858 0.621004
0.137783 -0.188865 0.622115
0.136676 -0.189401 0.622218
0.136227 -0.189312 0.621532
0.136356 -0.188744 0.621684
0.135483 -0.188441 0.623089
0.135348 -0.188929 0.622476
0.135074 -0.189400 0.623519
0.135380 -0.189553 0.623660
0.135110 -0.189101 0.624840
0.134724 -0.188834 0.625149
0.134625 -0.189722 0.625180
0.134275 -0.189585 0.625497
0.133813 -0.189358 0.625771
0.134142 -0.189703 0.626999
0.133278 -0.189660 0.626635
0.133252 -0.188885 0.627319
0.131558 -0.189459 0.627363
0.131215 -0.190418 0.628684
0.131162 -0.189509 0.628030
0.132215 -0.188625 0.629576
0.130670 -0.188710 0.628593
0.130604 -0.189092 0.628747
0.130260 -0.189018 0.629730
0.129895 -0.189285 0.630404
0.129211 -0.189479 0.629962
0.128637 -0.189266 0.631643
0.129212 -0.189646 0.630427
0.128426 -0.188814 0.630997
0.127883 -0.189264 0.631475
0.127601 -0.188928 0.632274
0.127503 -0.189460 0.632786
0.127260 -0.189693 0.632233
0.126782 -0.188988 0.633158
0.125657 -0.189902 0.633171
0.125341 -0.188657 0.634113
0.124963 -0.189302 0.634767
0.124176 -0.189861 0.634201
0.124388 -0.189256 0.634075
0.124631 -0.189280 0.634799
0.123638 -0.189684 0.635108
0.123633 -0.189884 0.635796
0.122980 -0.189489 0.635598
0.122454 -0.190020 0.636005
0.121195 -0.190368 0.636718
0.121777 -0.189826 0.636513
0.120770 -0.190022 0.637388
0.122944 -0.185523 0.562938
0.122655 -0.186684 0.564076
0.122498 -0.185777 0.563064
0.123001 -0.185914 0.564357
0.122347 -0.185775 0.564717
0.123399 -0.186192 0.564607
0.124067 -0.185693 0.564663
0.124940 -0.186071 0.565345
0.124355 -0.185752 0.565185
0.124026 -0.185980 0.566133
0.124735 -0.186881 0.566018
0.125236 -0.186415 0.565808
0.125725 -0.186672 0.566303
0.126235 -0.186203 0.566321
0.127463 -0.186198 0.566655
0.127138 -0.185919 0.567967
0.127346 -0.186045 0.567817
0.128530 -0.186506 0.567487
0.128303 -0.185992 0.568173
0.128453 -0.185751 0.567686
0.128293 -0.186905 0.569208
0.129421 -0.185979 0.568411
0.128904 -0.185397 0.570183
0.129395 -0.185989 0.570586
0.131208 -0.186299 0.569895
0.129797 -0.186483 0.570669
0.131652 -0.186827 0.571167
0.131828 -0.185901 0.571568
0.133102 -0.186190 0.571447
0.133227 -0.184927 0.571996
0.131984 -0.185312 0.572710
0.132428 -0.186742 0.574512
0.133327 -0.186780 0.573905
0.133720 -0.185455 0.574068
0.134356 -0.186645 0.575107
0.134026 -0.186020 0.574494
0.134631 -0.185740 0.575852
0.134459 -0.185591 0.576384
0.134742 -0.185698 0.575612
0.134624 -0.185608 0.576094
0.135815 -0.185857 0.577091
0.135550 -0.186952 0.576468
0.135932 -0.186460 0.577844
0.136704 -0.186306 0.578790
0.136593 -0.185733 0.578289
0.136515 -0.185866 0.579696
0.136267 -0.185953 0.580365
0.136372 -0.186704 0.578873
0.137460 -0.186262 0.579964
0.137957 -0.185574 0.580003
0.138202 -0.185586 0.581670
0.138449 -0.185978 0.581220
0.138662 -0.185400 0.582590
0.139338 -0.185585 0.582272
0.138750 -0.186373 0.581899
0.138608 -0.186841 0.583278
0.138900 -0.185724 0.583949
0.139229 -0.185696 0.584106
0.139052 -0.186381 0.584595
0.139413 -0.186092 0.584327
0.141202 -0.186147 0.585555
0.140412 -0.186738 0.586738
0.141069 -0.186227 0.586349
0.140987 -0.186158 0.586749
0.140500 -0.185570 0.586326
0.140240 -0.185123 0.588311
0.140330 -0.186010 0.588384
0.141673 -0.185687 0.588762
0.141924 -0.186329 0.589777
0.141256 -0.185703 0.590508
0.141406 -0.185266 0.590813
0.141133 -0.185572 0.591360
0.141448 -0.185939 0.591887
0.142213 -0.186400 0.590306
0.142361 -0.186232 0.591667
0.141582 -0.186475 0.592761
0.141801 -0.185750 0.593415
0.141788 -0.185913 0.593354
0.142750 -0.186394 0.594160
0.141652 -0.186033 0.594464
0.142627 -0.186090 0.594883
0.141223 -0.186124 0.596007
0.142321 -0.186446 0.595343
0.142482 -0.186434 0.596827
0.142706 -0.186144 0.598281
0.142412 -0.185879 0.598092
0.142954 -0.186401 0.598548
0.142344 -0.186710 0.598859
0.142828 -0.186585 0.599447
0.142935 -0.186312 0.599052
0.142578 -0.185795 0.599914
0.141661 -0.186278 0.600068
0.142169 -0.185574 0.601482
0.142946 -0.186193 0.601315
0.142012 -0.185468 0.602250
0.142173 -0.185804 0.602222
0.142871 -0.187218 0.603374
0.141922 -0.185772 0.603869
0.142914 -0.186553 0.603679
0.142425 -0.186440 0.604999
0.141894 -0.185966 0.605385
0.141779 -0.186336 0.604918
0.141364 -0.186533 0.606580
0.142907 -0.186725 0.607288
0.141847 -0.186503 0.607249
0.141966 -0.185833 0.608210
0.140847 -0.186130 0.608977
0.141547 -0.185468 0.607774
0.141491 -0.186366 0.608336
0.141045 -0.185971 0.609883
0.141157 -0.186449 0.609112
0.141230 -0.185399 0.611132
0.141537 -0.186473 0.611985
0.140826 -0.186938 0.611214
0.140559 -0.186236 0.611980
0.141043 -0.185618 0.612128
0.139730 -0.186314 0.612308
0.141056 -0.186043 0.613290
0.140292 -0.186204 0.615162
0.139655 -0.186899 0.614253
0.139939 -0.186572 0.614558
0.138509 -0.185684 0.616271
0.139262 -0.186422 0.616142
0.139116 -0.185110 0.616210
0.138717 -0.185551 0.616527
0.139240 -0.185455 0.615964
0.139632 -0.186003 0.617044
0.138084 -0.185669 0.618539
0.138266 -0.186255 0.618011
0.138876 -0.185763 0.618641
0.139110 -0.185563 0.620119
0.137812 -0.185979 0.618593
0.137511 -0.186131 0.621034
0.136906 -0.185015 0.621369
0.136621 -0.187321 0.621016
0.135869 -0.185409 0.621868
0.135808 -0.185492 0.621987
0.136669 -0.186267 0.623140
0.136144 -0.185700 0.622858
0.136167 -0.185549 0.622615
0.136186 -0.185379 0.623389
0.135422 -0.186329 0.624501
0.134763 -0.185643 0.624261
0.134940 -0.185066 0.624751
0.133866 -0.186749 0.625067
0.134293 -0.186382 0.625029
0.132352 -0.185844 0.625781
0.132799 -0.185524 0.626655
0.132393 -0.186256 0.626976
0.132359 -0.185979 0.627824
0.132782 -0.186633 0.627054
0.131313 -0.186316 0.628307
0.131409 -0.186530 0.627743
0.132214 -0.185280 0.628450
0.130786 -0.186290 0.628627
0.130580 -0.186539 0.629302
0.130553 -0.186316 0.629905
0.130180 -0.186227 0.630240
0.130076 -0.185868 0.630397
0.129391 -0.186128 0.630310
0.129028 -0.186361 0.630868
0.128363 -0.185662 0.631718
0.128226 -0.186557 0.631641
0.127887 -0.186605 0.631768
0.126906 -0.186003 0.632458
0.126767 -0.185500 0.632520
0.125666 -0.186725 0.633130
0.126678 -0.186523 0.632553
0.126322 -0.186554 0.632978
0.125262 -0.185365 0.633717
0.124479 -0.186287 0.634396
0.124961 -0.185749 0.635550
0.124359 -0.186372 0.634866
0.123915 -0.186022 0.635134
0.122641 -0.186848 0.635577
0.123121 -0.186848 0.636635
0.123360 -0.185886 0.635841
0.123345 -0.185531 0.635398
0.122480 -0.185738 0.636754
0.121826 -0.186646 0.637409
0.121250 -0.182985 0.563675
0.121571 -0.182457 0.563850
0.122003 -0.182224 0.563723
0.122707 -0.182949 0.564517
0.123101 -0.182521 0.564807
0.123639 -0.182877 0.564372
0.123988 -0.182139 0.565152
0.124408 -0.182201 0.564900
0.124166 -0.182366 0.564333
0.125082 -0.183652 0.565678
0.124892 -0.183725 0.565706
0.126453 -0.183064 0.566239
0.125693 -0.182977 0.565717
0.126276 -0.183021 0.566582
0.127100 -0.182889 0.567432
0.127539 -0.183555 0.568242
0.127848 -0.182451 0.567797
0.128576 -0.182937 0.568170
0.127998 -0.182426 0.568464
0.128948 -0.182143 0.569100
0.129646 -0.182500 0.568257
0.129058 -0.182973 0.570019
0.130589 -0.183377 0.568850
0.130459 -0.182072 0.570458
0.130244 -0.182472 0.570325
0.130875 -0.183000 0.570696
0.131136 -0.182801 0.571255
0.132173 -0.183165 0.571263
0.131605 -0.182301 0.571784
0.132061 -0.183578 0.572927
0.132410 -0.182231 0.572613
0.133253 -0.183775 0.572790
0.132942 -0.182015 0.573532
0.133813 -0.182924 0.573776
0.134411 -0.182058 0.574084
0.134293 -0.182156 0.573659
0.134824 -0.183136 0.574617
0.134293 -0.182209 0.575078
0.134775 -0.182888 0.575580
0.136652 -0.183552 0.576398
0.135357 -0.182587 0.576392
0.136210 -0.182186 0.577149
0.135868 -0.183314 0.577833
0.136279 -0.182103 0.577574
0.136447 -0.182033 0.578685
0.137095 -0.182360 0.579218
0.136381 -0.182775 0.580014
0.137275 -0.183176 0.579929
0.136987 -0.182852 0.579243
0.137272 -0.182730 0.581023
0.137932 -0.182228 0.580021
0.138190 -0.182353 0.581390
0.138582 -0.183351 0.581804
0.138126 -0.181701 0.581881
0.139377 -0.182831 0.582755
0.139310 -0.182000 0.582691
0.138802 -0.182868 0.583767
0.139240 -0.182352 0.584512
0.139702 -0.182174 0.584537
0.139684 -0.182287 0.585152
0.139829 -0.183287 0.585405
0.139746 -0.183280 0.585616
0.140655 -0.182194 0.586162
0.141259 -0.182163 0.587109
0.140656 -0.182852 0.588310
0.141084 -0.183496 0.588306
0.140703 -0.182280 0.589289
0.140419 -0.182593 0.588523
0.141578 -0.183019 0.589400
0.141580 -0.182765 0.590707
0.141438 -0.182548 0.589890
0.140860 -0.182580 0.591609
0.142016 -0.182286 0.591668
0.141233 -0.182779 0.591567
0.141436 -0.183696 0.592386
0.142905 -0.182681 0.592670
0.141213 -0.182290 0.592394
0.140982 -0.183407 0.593976
0.142071 -0.182738 0.593894
0.141328 -0.183176 0.596176
0.142321 -0.182563 0.595599
0.141629 -0.181930 0.595619
0.141836 -0.182553 0.595587
0.142416 -0.182897 0.596999
0.141818 -0.183265 0.597163
0.142977 -0.182925 0.597892
0.142253 -0.181549 0.598684
0.142641 -0.182486 0.599845
0.142368 -0.182516 0.598431
0.142461 -0.182534 0.601004
0.141980 -0.182927 0.600259
0.142024 -0.181587 0.600529
0.142630 -0.182642 0.600477
0.142855 -0.182843 0.601339
0.142790 -0.182562 0.601892
0.142903 -0.182766 0.602868
0.142447 -0.182904 0.603123
0.141564 -0.182530 0.604812
0.141991 -0.182535 0.604199
0.142468 -0.182948 0.604540
0.142438 -0.182615 0.606293
0.142353 -0.182551 0.605854
0.142318 -0.183139 0.606847
0.141818 -0.182854 0.606684
0.142255 -0.182944 0.607382
0.141497 -0.182264 0.608404
0.141564 -0.183229 0.607644
0.141232 -0.182188 0.609486
0.141648 -0.182826 0.608164
0.141124 -0.182403 0.609643
0.142375 -0.183676 0.610112
0.141732 -0.182356 0.610785
0.141275 -0.182948 0.611350
0.140950 -0.182500 0.612800
0.141079 -0.182503 0.611347
0.140843 -0.182092 0.612898
0.140542 -0.182252 0.613393
0.140220 -0.182630 0.613176
0.140543 -0.182484 0.613658
0.139941 -0.182462 0.613749
0.139413 -0.182264 0.615052
0.139170 -0.182607 0.615901
0.138798 -0.182726 0.615553
0.139066 -0.182695 0.616155
0.138934 -0.181842 0.617104
0.139428 -0.182105 0.617119
0.139038 -0.182863 0.617257
0.137961 -0.182719 0.617919
0.138726 -0.182549 0.618243
0.138095 -0.183056 0.619184
0.138209 -0.182162 0.619913
0.137523 -0.182527 0.619367
0.136896 -0.182761 0.619951
0.137079 -0.182621 0.620848
0.135735 -0.182300 0.621286
0.137547 -0.183264 0.621109
0.135937 -0.181972 0.621827
0.136411 -0.182670 0.623355
0.136741 -0.182065 0.623015
0.135165 -0.182564 0.623164
0.135181 -0.182341 0.624230
0.135112 -0.182134 0.623912
0.134285 -0.183016 0.623213
0.135700 -0.182748 0.624283
0.134638 -0.182568 0.625002
0.134053 -0.181720 0.625351
0.133569 -0.182639 0.625883
0.133405 -0.182627 0.627500
0.133315 -0.182273 0.627101
0.132557 -0.181858 0.627275
0.132284 -0.182579 0.628018
0.131821 -0.182854 0.628004
0.131402 -0.182299 0.628156
0.131857 -0.182088 0.629289
0.131005 -0.182769 0.628998
0.130230 -0.183218 0.629296
0.129574 -0.182699 0.628970
0.129914 -0.182601 0.630340
0.129071 -0.183301 0.630943
0.129671 -0.183315 0.630740
0.129919 -0.182133 0.631153
0.128893 -0.182938 0.631531
0.128317 -0.183010 0.632212
0.127348 -0.183182 0.632008
0.127179 -0.182966 0.632563
0.127086 -0.182219 0.632458
0.127156 -0.182929 0.632857
0.126216 -0.183061 0.633726
0.125398 -0.182434 0.633958
0.126075 -0.181715 0.633934
0.125082 -0.182853 0.634909
0.124981 -0.183077 0.635184
0.124904 -0.183603 0.635056
0.123936 -0.182658 0.635051
0.123005 -0.183130 0.635809
0.122903 -0.182925 0.635673
0.122258 -0.182722 0.636251
0.120624 -0.182610 0.636804
0.121658 -0.182763 0.636444
0.121623 -0.182644 0.636815
0.121325 -0.178653 0.562627
0.121896 -0.179444 0.562772
0.121931 -0.178841 0.563267
0.122068 -0.179970 0.565233
0.122188 -0.179108 0.564216
0.124325 -0.178765 0.564805
0.123979 -0.179397 0.565331
0.124118 -0.178738 0.564247
0.125173 -0.178976 0.565610
0.124895 -0.180217 0.566021
0.125462 -0.178999 0.565303
0.125421 -0.179198 0.567399
0.125762 -0.179001 0.566206
0.127043 -0.179244 0.567282
0.126327 -0.178699 0.567549
0.127052 -0.178699 0.566883
0.127746 -0.179302 0.567280
0.128133 -0.179206 0.568728
0.128863 -0.179346 0.568095
0.128794 -0.179145 0.568100
0.128776 -0.178958 0.569873
0.129619 -0.179550 0.569736
0.129959 -0.179941 0.569230
0.130727 -0.179329 0.570127
0.130875 -0.179335 0.570986
0.131009 -0.178801 0.571247
0.132264 -0.179307 0.570511
0.131859 -0.178932 0.571501
0.132572 -0.179005 0.571706
0.132168 -0.180192 0.571765
0.132785 -0.180333 0.573288
0.132810 -0.179565 0.573432
0.133883 -0.179179 0.573728
0.133707 -0.177997 0.574254
0.134347 -0.179133 0.574172
0.133614 -0.178661 0.574379
0.135036 -0.179759 0.574381
0.134909 -0.179117 0.575269
0.134912 -0.179369 0.575644
0.135182 -0.180036 0.575783
0.135189 -0.178931 0.577387
0.135191 -0.178649 0.577703
0.136289 -0.178880 0.578350
0.136467 -0.179471 0.577725
0.136727 -0.179283 0.578437
0.136855 -0.178983 0.578722
0.137467 -0.179480 0.579518
0.137133 -0.179245 0.579411
0.137209 -0.179167 0.579572
0.138082 -0.179653 0.580738
0.137827 -0.180100 0.581260
0.139100 -0.178468 0.581669
0.138434 -0.179659 0.582400
0.138816 -0.179737 0.582168
0.138747 -0.179651 0.581704
0.139246 -0.178945 0.583486
0.139830 -0.179441 0.583116
0.139303 -0.178496 0.583873
0.139741 -0.178703 0.585308
0.139445 -0.179971 0.584593
0.139981 -0.179481 0.585321
0.140365 -0.178645 0.585783
0.140885 -0.179621 0.586683
0.140067 -0.180095 0.587467
0.141303 -0.179238 0.587396
0.140673 -0.178762 0.587036
0.140693 -0.178422 0.588383
0.140925 -0.179840 0.590009
0.141741 -0.178660 0.589720
0.140602 -0.178974 0.590793
0.141768 -0.179470 0.590738
0.141262 -0.179364 0.590698
0.140916 -0.179585 0.592802
0.141219 -0.179349 0.591350
0.142167 -0.180098 0.592672
0.142112 -0.178805 0.593337
0.141258 -0.179087 0.593345
0.142393 -0.179918 0.593994
0.142738 -0.180031 0.595513
0.142648 -0.178708 0.594769
0.142372 -0.179270 0.596169
0.141986 -0.179208 0.596755
0.143213 -0.179943 0.595812
0.142451 -0.179693 0.596824
0.142477 -0.180237 0.596835
0.142436 -0.179259 0.597019
0.142206 -0.180274 0.598105
0.143361 -0.179114 0.598128
0.142618 -0.179588 0.599010
0.141729 -0.179454 0.599455
0.142182 -0.179236 0.600259
0.143080 -0.179345 0.600183
0.143042 -0.178529 0.601398
0.142601 -0.178747 0.602754
0.142996 -0.180021 0.602102
0.141893 -0.179253 0.601818
0.143104 -0.179102 0.602644
0.142756 -0.179198 0.603589
0.141885 -0.179242 0.604407
0.141917 -0.179253 0.604388
0.142533 -0.179516 0.605816
0.141892 -0.178885 0.606431
0.141973 -0.179736 0.605697
0.141602 -0.179838 0.606897
0.141062 -0.179991 0.608853
0.141796 -0.179373 0.608458
0.142359 -0.179833 0.608806
0.141645 -0.179557 0.608525
0.140865 -0.179684 0.609697
0.141579 -0.179531 0.609261
0.141540 -0.178745 0.610439
0.141611 -0.179826 0.610646
0.139916 -0.179219 0.610901
0.141438 -0.179015 0.611129
0.140778 -0.179165 0.612299
0.141177 -0.178337 0.612542
0.140725 -0.179049 0.612626
0.139917 -0.180183 0.612549
0.140101 -0.179089 0.614014
0.140303 -0.179895 0.614716
0.140482 -0.178449 0.615156
0.140395 -0.180339 0.616037
0.138920 -0.179173 0.616329
0.138883 -0.179509 0.615968
0.138581 -0.179873 0.617620
0.138137 -0.179314 0.616687
0.139253 -0.179367 0.617985
0.138005 -0.179983 0.618268
0.138831 -0.179851 0.618360
0.138139 -0.179059 0.618817
0.137892 -0.179411 0.620755
0.137342 -0.179008 0.619421
0.137546 -0.180227 0.619884
0.137538 -0.178944 0.621017
0.136313 -0.178862 0.620641
0.136608 -0.179301 0.622374
0.136350 -0.180087 0.621694
0.136627 -0.179047 0.622834
0.136409 -0.179142 0.622807
0.134777 -0.179248 0.623641
0.135629 -0.179026 0.623637
0.134851 -0.179217 0.623607
0.134841 -0.178926 0.625415
0.133949 -0.179819 0.624188
0.134736 -0.179174 0.625795
0.133796 -0.179270 0.625762
0.133354 -0.178363 0.625881
0.133932 -0.179419 0.627007
0.133593 -0.178731 0.627095
0.132579 -0.179045 0.627298
0.131876 -0.180505 0.628104
0.131468 -0.178836 0.627095
0.131064 -0.179995 0.627781
0.130650 -0.178487 0.629079
0.131798 -0.178935 0.629656
0.130863 -0.178386 0.629846
0.130916 -0.179258 0.630133
0.129077 -0.178922 0.630185
0.129842 -0.178783 0.630964
0.128754 -0.179087 0.630822
0.128394 -0.178945 0.631953
0.128573 -0.179317 0.631306
0.128343 -0.179260 0.631873
0.127317 -0.178781 0.632055
0.127285 -0.179247 0.633113
0.126696 -0.179320 0.632598
0.126721 -0.179046 0.632839
0.125673 -0.178939 0.632804
0.126293 -0.179392 0.634583
0.124877 -0.178863 0.633900
0.124005 -0.178889 0.635507
0.125008 -0.180065 0.634695
0.125044 -0.178984 0.634713
0.123146 -0.179007 0.634798
0.124046 -0.179401 0.635237
0.122953 -0.179021 0.636454
0.122411 -0.179326 0.637263
0.122247 -0.179876 0.636097
0.121480 -0.180197 0.635745
0.121446 -0.179681 0.636144
0.120987 -0.176724 0.563038
0.119726 -0.176454 0.563090
0.121580 -0.175495 0.562836
0.122198 -0.176164 0.564301
0.122814 -0.176219 0.564389
0.122652 -0.176299 0.564452
0.123236 -0.175742 0.564784
0.124228 -0.175642 0.564814
0.124250 -0.175067 0.565441
0.125245 -0.176430 0.565659
0.124887 -0.176045 0.565799
0.125170 -0.176223 0.566062
0.125885 -0.175661 0.566274
0.126552 -0.176163 0.566432
0.126685 -0.175592 0.567294
0.126443 -0.175574 0.567055
0.127961 -0.175777 0.568770
0.128206 -0.175977 0.568099
0.128821 -0.175476 0.569237
0.127687 -0.176081 0.569514
0.129225 -0.177013 0.569205
0.130325 -0.175232 0.570078
0.130477 -0.176031 0.569697
0.130606 -0.175133 0.570328
0.130817 -0.176366 0.570623
0.130087 -0.175654 0.571036
0.131084 -0.175828 0.571297
0.130976 -0.176299 0.571779
0.132591 -0.175324 0.571835
0.132224 -0.175731 0.573332
0.131983 -0.175527 0.572243
0.132559 -0.175345 0.573438
0.132730 -0.175885 0.574110
0.133586 -0.176020 0.573598
0.133748 -0.175447 0.574471
0.135256 -0.175852 0.574876
0.133762 -0.175790 0.573867
0.135217 -0.176419 0.575473
0.135669 -0.175382 0.576465
0.135383 -0.175647 0.575939
0.135928 -0.175516 0.576396
0.136021 -0.175275 0.577127
0.136324 -0.175858 0.578800
0.136826 -0.176112 0.578191
0.136760 -0.176503 0.578524
0.136790 -0.176202 0.578881
0.136920 -0.175588 0.579824
0.138112 -0.175559 0.579624
0.137225 -0.175332 0.579797
0.137571 -0.176100 0.580194
0.137151 -0.175456 0.581097
0.138913 -0.175902 0.582137
0.138191 -0.176023 0.581272
0.138611 -0.176667 0.582106
0.139248 -0.176107 0.583189
0.138902 -0.176044 0.582303
0.139664 -0.176350 0.584440
0.139011 -0.176208 0.583918
0.139216 -0.176541 0.584089
0.140639 -0.175517 0.585237
0.139688 -0.176470 0.585111
0.140037 -0.176695 0.585733
0.140338 -0.176125 0.586654
0.140176 -0.176935 0.586400
0.140350 -0.175913 0.586911
0.140627 -0.174711 0.587737
0.140780 -0.175835 0.588125
0.140800 -0.176238 0.588814
0.141966 -0.175683 0.589466
0.141410 -0.175676 0.590773
0.141204 -0.176377 0.590089
0.141299 -0.175931 0.591339
0.141317 -0.176012 0.592173
0.141213 -0.176775 0.591883
0.141837 -0.175524 0.591987
0.142886 -0.176088 0.593029
0.142414 -0.175852 0.593017
0.141936 -0.175781 0.593707
0.142359 -0.175825 0.594716
0.141801 -0.175549 0.594781
0.142142 -0.176472 0.595177
0.142730 -0.175960 0.595344
0.142502 -0.175975 0.595776
0.142127 -0.176490 0.596555
0.142339 -0.176618 0.597824
0.142629 -0.175056 0.597506
0.143279 -0.175742 0.598594
0.142259 -0.176791 0.598920
0.142890 -0.176491 0.599467
0.142564 -0.177046 0.600103
0.143180 -0.177310 0.600618
0.142212 -0.176626 0.599877
0.141870 -0.175986 0.601319
0.142757 -0.175702 0.601351
0.142261 -0.175291 0.602035
0.142479 -0.176093 0.603823
0.142067 -0.176024 0.602518
0.142540 -0.176400 0.604330
0.142062 -0.176059 0.604870
0.142576 -0.176724 0.604857
0.141617 -0.176373 0.606083
0.142311 -0.176257 0.606018
0.141119 -0.175850 0.605073
0.142660 -0.176002 0.606241
0.141422 -0.175706 0.607246
0.141681 -0.176381 0.606762
0.141965 -0.175839 0.608186
0.141172 -0.175806 0.607907
0.141491 -0.174952 0.608789
0.140738 -0.175792 0.610456
0.141117 -0.176526 0.609398
0.140083 -0.175939 0.611389
0.140846 -0.176991 0.611542
0.140879 -0.175127 0.612085
0.140188 -0.175639 0.612508
0.140631 -0.176792 0.612608
0.140754 -0.175390 0.612085
0.139655 -0.175812 0.612751
0.140688 -0.176310 0.614122
0.140912 -0.175915 0.614847
0.139696 -0.175522 0.614963
0.139543 -0.175703 0.615501
0.140181 -0.175718 0.615891
0.138726 -0.175712 0.616133
0.139773 -0.176842 0.617101
0.138596 -0.174995 0.616139
0.137939 -0.176242 0.617274
0.139067 -0.175903 0.617590
0.138384 -0.174904 0.618453
0.137853 -0.175064 0.618329
0.137900 -0.175816 0.618698
0.137770 -0.175295 0.618997
0.137376 -0.175199 0.620431
0.137014 -0.175602 0.621103
0.137560 -0.176034 0.621657
0.137234 -0.175395 0.620585
0.136312 -0.175130 0.622318
0.136215 -0.176383 0.621636
0.134888 -0.175158 0.622571
0.135621 -0.176216 0.623337
0.135637 -0.176407 0.624205
0.135260 -0.176185 0.623258
0.135220 -0.175123 0.625098
0.134726 -0.175772 0.624888
0.134521 -0.176411 0.626045
0.134338 -0.175782 0.625547
0.132262 -0.175609 0.626104
0.133889 -0.176083 0.626938
0.132909 -0.175688 0.626818
0.132438 -0.176416 0.626805
0.132753 -0.176099 0.627413
0.131936 -0.175780 0.628189
0.131273 -0.175418 0.628641
0.130960 -0.176473 0.628674
0.131147 -0.175685 0.629506
0.130266 -0.175594 0.629654
0.131215 -0.175883 0.630175
0.130150 -0.176197 0.630171
0.129345 -0.176013 0.630311
0.129143 -0.175371 0.632347
0.128683 -0.176335 0.631568
0.128243 -0.175795 0.630993
0.128022 -0.176231 0.632081
0.127992 -0.176434 0.632780
0.127663 -0.176113 0.633282
0.126654 -0.176898 0.633586
0.127075 -0.175662 0.633432
0.126690 -0.175753 0.633582
0.125236 -0.176073 0.634393
0.125901 -0.175798 0.634298
0.124430 -0.175462 0.634237
0.124468 -0.176060 0.634633
0.124054 -0.176152 0.634747
0.124379 -0.176141 0.635342
0.123660 -0.176181 0.635575
0.123998 -0.175264 0.635718
0.123044 -0.176051 0.636193
0.122671 -0.175908 0.635673
0.121612 -0.176818 0.636296
0.120467 -0.175623 0.637449
0.121378 -0.173172 0.563531
0.121490 -0.172140 0.563358
0.121922 -0.172213 0.563828
0.122324 -0.172364 0.564625
0.121665 -0.172772 0.563671
0.123685 -0.171812 0.564600
0.124017 -0.173515 0.565455
0.124580 -0.172542 0.565149
0.123737 -0.172221 0.565196
0.125329 -0.172920 0.565563
0.124428 -0.172569 0.565884
0.125752 -0.172524 0.566156
0.126779 -0.172748 0.566312
0.126495 -0.172580 0.567749
0.126473 -0.172387 0.567827
0.127377 -0.173407 0.567361
0.128102 -0.172854 0.567777
0.128433 -0.171968 0.568844
0.128617 -0.172432 0.568507
0.127679 -0.173014 0.568421
0.129082 -0.173092 0.568957
0.129572 -0.172997 0.569687
0.130055 -0.173201 0.570086
0.130320 -0.172606 0.570338
0.129666 -0.172210 0.570485
0.131896 -0.172125 0.570860
0.131422 -0.172230 0.571769
0.131692 -0.172740 0.571444
0.132589 -0.171815 0.572535
0.132453 -0.173023 0.572909
0.132449 -0.173365 0.573030
0.133396 -0.172430 0.573868
0.132845 -0.172210 0.574126
0.133638 -0.171403 0.572926
0.133535 -0.173533 0.573242
0.133181 -0.172691 0.574546
0.134123 -0.171906 0.574706
0.134883 -0.172630 0.575991
0.134840 -0.173013 0.575280
0.135209 -0.171717 0.575201
0.135430 -0.173560 0.577391
0.134419 -0.172881 0.577613
0.136117 -0.172300 0.578132
0.135980 -0.171709 0.578256
0.135934 -0.173095 0.578205
0.136071 -0.171927 0.578759
0.137170 -0.172373 0.579938
0.137341 -0.172727 0.580076
0.138263 -0.172955 0.580856
0.137980 -0.172937 0.581030
0.138064 -0.173605 0.581603
0.137541 -0.172734 0.581506
0.138589 -0.171926 0.582135
0.137485 -0.172583 0.582271
0.138367 -0.172420 0.582915
0.140249 -0.171604 0.582609
0.138961 -0.172724 0.584522
0.139855 -0.172865 0.584440
0.140512 -0.172193 0.584527
0.140030 -0.172467 0.585263
0.139428 -0.171896 0.585365
0.140984 -0.173108 0.586144
0.139945 -0.172615 0.587042
0.140611 -0.172279 0.586707
0.141055 -0.172992 0.587416
0.140775 -0.173700 0.587061
0.141322 -0.172507 0.588677
0.141690 -0.172735 0.588740
0.141503 -0.172184 0.589293
0.141419 -0.172945 0.589393
0.141710 -0.172948 0.589882
0.141310 -0.172468 0.590415
0.140483 -0.172036 0.591243
0.141176 -0.172737 0.592029
0.141310 -0.172762 0.591765
0.141865 -0.172075 0.592024
0.142222 -0.173198 0.593233
0.142632 -0.172423 0.594341
0.141847 -0.172208 0.593183
0.141947 -0.172842 0.594142
0.141569 -0.173542 0.595411
0.142711 -0.173460 0.595923
0.142322 -0.172494 0.596334
0.142956 -0.172587 0.596881
0.142692 -0.172784 0.598087
0.143167 -0.172978 0.597566
0.141478 -0.172866 0.599371
0.142459 -0.171915 0.597775
0.143022 -0.171956 0.599098
0.141752 -0.172988 0.599161
0.142067 -0.173294 0.600411
0.142598 -0.172300 0.601432
0.142105 -0.172868 0.601361
0.142678 -0.172393 0.601516
0.142504 -0.171250 0.602116
0.141967 -0.171859 0.602599
0.141859 -0.172537 0.602908
0.143075 -0.172233 0.603777
0.143520 -0.172758 0.604999
0.141644 -0.172732 0.604367
0.142779 -0.171821 0.604881
0.142428 -0.171969 0.605661
0.141423 -0.172734 0.606005
0.142228 -0.172096 0.607090
0.141467 -0.172579 0.607387
0.141602 -0.172189 0.607726
0.141942 -0.173089 0.608432
0.141751 -0.171856 0.609100
0.141227 -0.172802 0.610082
0.140711 -0.172380 0.609026
0.141076 -0.173059 0.610523
0.141668 -0.172867 0.609737
0.140980 -0.173010 0.610139
0.140593 -0.174061 0.611926
0.140408 -0.173517 0.612114
0.140389 -0.172214 0.612425
0.140577 -0.172291 0.612737
0.139834 -0.173745 0.614602
0.140428 -0.172829 0.613679
0.139561 -0.171900 0.614189
0.139730 -0.172555 0.613669
0.139358 -0.173023 0.616160
0.139563 -0.172679 0.615128
0.139014 -0.172615 0.615721
0.139152 -0.173001 0.616982
0.138435 -0.172252 0.617391
0.138769 -0.172401 0.617699
0.138215 -0.171176 0.617700
0.137720 -0.173455 0.618463
0.139082 -0.172750 0.618652
0.137871 -0.172492 0.619012
0.137199 -0.172906 0.620318
0.137639 -0.172104 0.621013
0.137708 -0.172821 0.621016
0.136508 -0.172199 0.620645
0.136996 -0.172424 0.620626
0.136639 -0.172520 0.622250
0.136256 -0.172287 0.622067
0.135432 -0.173087 0.622031
0.135992 -0.172799 0.623964
0.134913 -0.172465 0.623818
0.135019 -0.172187 0.624890
0.135644 -0.172514 0.625233
0.135240 -0.173112 0.625221
0.133946 -0.172080 0.625817
0.134613 -0.172334 0.625540
0.133968 -0.172734 0.627834
0.133647 -0.172831 0.626670
0.133605 -0.172840 0.627087
0.132517 -0.173771 0.627649
0.132506 -0.172953 0.627806
0.131614 -0.171714 0.627486
0.132020 -0.171681 0.628046
0.131467 -0.172971 0.627828
0.131685 -0.172587 0.629796
0.131249 -0.171771 0.629431
0.130358 -0.173116 0.630371
0.129030 -0.172756 0.629810
0.129886 -0.173086 0.631366
0.129312 -0.172273 0.631038
0.128760 -0.172688 0.630554
0.129044 -0.172464 0.631561
0.127091 -0.172864 0.631498
0.127269 -0.172175 0.632364
0.127883 -0.172529 0.632426
0.127197 -0.172514 0.632809
0.125969 -0.171719 0.632789
0.126603 -0.172300 0.633972
0.125535 -0.172200 0.633190
0.125716 -0.172334 0.633863
0.126095 -0.173384 0.634072
0.124273 -0.172936 0.635205
0.124109 -0.172506 0.634245
0.122784 -0.171712 0.635432
0.124674 -0.172801 0.634659
0.123060 -0.172085 0.636610
0.122313 -0.172794 0.635832
0.121681 -0.172133 0.635776
0.121584 -0.172079 0.637001
0.122099 -0.172237 0.636129
0.121638 -0.169390 0.563533
0.121409 -0.168695 0.563253
0.122201 -0.168934 0.562999
0.121657 -0.169289 0.564032
0.122501 -0.168343 0.564738
0.123654 -0.168736 0.565765
0.124391 -0.167947 0.565414
0.123973 -0.168005 0.564783
0.124142 -0.168396 0.565639
0.124852 -0.169848 0.565387
0.125529 -0.168561 0.565932
0.124900 -0.168589 0.566048
0.127107 -0.169712 0.566368
0.126745 -0.169751 0.566371
0.127396 -0.168741 0.567215
0.126461 -0.169362 0.567000
0.128475 -0.169423 0.567650
0.127941 -0.169854 0.567511
0.128514 -0.168296 0.567485
0.128589 -0.169101 0.568664
0.128225 -0.169267 0.569985
0.129434 -0.170054 0.569129
0.130258 -0.168409 0.569480
0.130175 -0.168526 0.571055
0.130890 -0.169549 0.571066
0.130432 -0.168385 0.570804
0.130693 -0.169588 0.572063
0.131647 -0.168851 0.571628
0.131638 -0.169000 0.572841
0.132025 -0.169126 0.571615
0.132820 -0.169468 0.572427
0.132607 -0.169944 0.572935
0.132310 -0.169090 0.573579
0.134244 -0.169094 0.573874
0.133517 -0.168765 0.575110
0.134229 -0.168854 0.574897
0.133378 -0.169698 0.575537
0.135416 -0.169283 0.575513
0.135052 -0.168863 0.575989
0.135919 -0.168544 0.575879
0.135853 -0.169670 0.576610
0.136751 -0.168386 0.577031
0.135520 -0.169391 0.577768
0.136972 -0.169963 0.578280
0.136420 -0.168631 0.578230
0.135907 -0.168962 0.579261
0.137171 -0.169011 0.578429
0.136899 -0.169449 0.580189
0.136633 -0.168592 0.579468
0.138428 -0.170072 0.580381
0.137422 -0.169212 0.581170
0.138310 -0.169772 0.581196
0.138871 -0.168927 0.581782
0.139349 -0.169698 0.582332
0.139051 -0.169050 0.582997
0.139340 -0.168977 0.583358
0.139944 -0.169514 0.584545
0.140397 -0.169248 0.584920
0.139735 -0.168909 0.584578
0.139825 -0.168077 0.584470
0.139486 -0.168401 0.585759
0.140339 -0.168928 0.586031
0.140456 -0.169374 0.585714
0.140113 -0.168249 0.587443
0.140587 -0.168847 0.588302
0.140854 -0.169200 0.588328
0.140810 -0.170405 0.588164
0.141905 -0.170000 0.588906
0.140615 -0.169295 0.589868
0.142157 -0.169146 0.590941
0.140409 -0.169337 0.590544
0.141805 -0.168631 0.590624
0.141513 -0.168549 0.591325
0.141237 -0.169259 0.592189
0.142432 -0.167714 0.593082
0.141546 -0.168327 0.592246
0.142753 -0.169831 0.592595
0.142223 -0.169326 0.594101
0.142631 -0.169156 0.594242
0.142544 -0.169034 0.595521
0.141753 -0.168693 0.594983
0.142102 -0.168984 0.596001
0.142978 -0.168761 0.595213
0.142437 -0.169060 0.596667
0.142458 -0.169414 0.596991
0.142272 -0.169740 0.598417
0.141783 -0.168638 0.599006
0.142193 -0.169102 0.599105
0.142438 -0.169118 0.599863
0.142667 -0.169158 0.599543
0.143146 -0.168771 0.600836
0.142373 -0.168355 0.600521
0.142875 -0.168851 0.601930
0.142614 -0.169019 0.601233
0.142288 -0.169797 0.602466
0.142912 -0.169346 0.602241
0.142359 -0.168414 0.603494
0.141954 -0.169508 0.603614
0.141836 -0.168953 0.604623
0.141988 -0.169512 0.604489
0.141728 -0.169219 0.604215
0.142319 -0.169401 0.605506
0.142498 -0.169236 0.606102
0.143172 -0.169137 0.606386
0.141509 -0.169108 0.607565
0.141990 -0.168867 0.608120
0.142623 -0.169939 0.608769
0.141713 -0.168838 0.608896
0.141321 -0.169403 0.609048
0.141630 -0.169938 0.609763
0.141480 -0.169739 0.609902
0.140786 -0.168885 0.610004
0.141678 -0.168408 0.610592
0.140661 -0.168579 0.611308
0.140473 -0.169538 0.612315
0.140715 -0.169514 0.611816
0.140865 -0.169201 0.612460
0.140182 -0.169351 0.613258
0.139687 -0.169810 0.614062
0.140436 -0.169827 0.615077
0.140323 -0.169318 0.614154
0.140645 -0.169375 0.615293
0.138630 -0.169219 0.615243
0.138959 -0.169269 0.617439
0.138615 -0.168725 0.616957
0.138424 -0.169974 0.616305
0.138732 -0.168748 0.617549
0.138318 -0.169472 0.617627
0.138816 -0.168943 0.618930
0.138502 -0.169836 0.619043
0.137203 -0.169648 0.620163
0.137421 -0.169640 0.619377
0.137470 -0.168963 0.620465
0.137094 -0.169438 0.620236
0.136094 -0.170588 0.621562
0.136208 -0.168306 0.621794
0.135476 -0.168526 0.622037
0.136061 -0.168611 0.622492
0.135817 -0.169403 0.623305
0.136263 -0.170193 0.623709
0.135256 -0.169414 0.623303
0.134951 -0.169830 0.622948
0.135143 -0.169655 0.624646
0.133728 -0.168742 0.625304
0.134317 -0.169657 0.626038
0.133749 -0.169027 0.625445
0.132623 -0.169962 0.626218
0.133160 -0.170286 0.626020
0.133467 -0.168637 0.626943
0.132860 -0.169145 0.627738
0.132021 -0.169503 0.627536
0.132038 -0.168377 0.627960
0.131960 -0.168597 0.629060
0.131333 -0.170446 0.628272
0.129807 -0.169160 0.628479
0.130084 -0.168578 0.630036
0.130948 -0.168839 0.629471
0.130367 -0.169239 0.630636
0.129820 -0.168843 0.629885
0.129197 -0.168839 0.631796
0.127840 -0.168625 0.630499
0.128435 -0.168736 0.631646
0.127622 -0.169815 0.631777
0.128148 -0.169447 0.631629
0.126728 -0.169590 0.632781
0.127151 -0.170115 0.632827
0.126799 -0.168994 0.633064
0.126078 -0.169530 0.634202
0.125804 -0.168856 0.633526
0.124799 -0.169510 0.634397
0.124574 -0.168804 0.634701
0.123918 -0.169086 0.634491
0.124305 -0.169225 0.634386
0.123675 -0.168652 0.635931
0.123335 -0.169195 0.635633
0.122945 -0.169687 0.635564
0.121771 -0.169746 0.636274
0.121945 -0.169356 0.636203
0.120915 -0.168769 0.637354
0.121254 -0.169893 0.637258
0.120180 -0.165941 0.562586
0.121527 -0.165944 0.562841
0.121783 -0.165171 0.563298
0.123199 -0.165428 0.564116
0.122984 -0.165527 0.564307
0.123760 -0.165870 0.564172
0.123561 -0.165907 0.564532
0.123683 -0.165602 0.563425
0.124350 -0.166685 0.565267
0.125935 -0.166327 0.565120
0.125210 -0.165431 0.566008
0.126131 -0.166711 0.566453
0.126014 -0.165596 0.566232
0.126550 -0.165789 0.567264
0.126797 -0.165309 0.566391
0.127813 -0.166353 0.567084
0.127906 -0.165965 0.568124
0.128088 -0.165884 0.568453
0.127672 -0.165622 0.568146
0.128337 -0.165399 0.568631
0.129093 -0.166396 0.569406
0.129603 -0.165946 0.569686
0.130365 -0.164808 0.569636
0.129991 -0.164843 0.570132
0.131320 -0.165981 0.569763
0.130441 -0.165893 0.571294
0.132236 -0.165530 0.570762
0.132616 -0.166591 0.571423
0.131148 -0.165620 0.571338
0.132210 -0.165807 0.572612
0.133235 -0.165451 0.573005
0.133475 -0.165178 0.572024
0.133941 -0.166545 0.573515
0.134619 -0.165437 0.574135
0.133998 -0.165927 0.573708
0.133541 -0.166344 0.574405
0.134633 -0.165652 0.575078
0.134682 -0.165556 0.575145
0.134910 -0.165766 0.576070
0.135582 -0.166039 0.576743
0.135046 -0.166305 0.576991
0.136315 -0.165326 0.577426
0.136611 -0.165001 0.577608
0.136390 -0.166079 0.577011
0.136905 -0.166224 0.577511
0.136185 -0.165314 0.578940
0.136699 -0.165927 0.579376
0.137456 -0.165871 0.579313
0.137569 -0.166825 0.581103
0.137114 -0.165781 0.581208
0.138071 -0.165947 0.581371
0.137986 -0.165701 0.581179
0.137638 -0.165151 0.581402
0.138823 -0.165958 0.581893
0.138322 -0.166287 0.583592
0.138731 -0.166935 0.582759
0.139647 -0.165678 0.583351
0.139118 -0.165866 0.585069
0.138589 -0.165738 0.584013
0.139586 -0.165672 0.585242
0.140711 -0.165351 0.585826
0.140447 -0.165764 0.586578
0.140394 -0.166141 0.586659
0.141296 -0.165458 0.586944
0.141647 -0.166371 0.587584
0.140273 -0.165330 0.588635
0.141738 -0.166934 0.588833
0.141277 -0.165684 0.589232
0.141537 -0.166537 0.589131
0.141104 -0.165638 0.589783
0.141132 -0.165427 0.591049
0.142036 -0.166770 0.590663
0.140847 -0.166244 0.590327
0.141077 -0.165438 0.591811
0.140964 -0.165763 0.592398
0.141996 -0.165692 0.592552
0.141283 -0.165845 0.593790
0.141905 -0.166588 0.593434
0.142950 -0.166071 0.594142
0.142708 -0.166623 0.594459
0.143058 -0.165620 0.595322
0.142093 -0.165939 0.594265
0.142321 -0.165094 0.595405
0.142106 -0.165955 0.596791
0.141504 -0.166793 0.596352
0.142287 -0.164796 0.597515
0.143409 -0.166698 0.598483
0.143327 -0.165025 0.598518
0.142758 -0.166224 0.598874
0.141946 -0.166345 0.599194
0.142604 -0.165366 0.600713
0.142863 -0.166369 0.600685
0.142060 -0.165310 0.601302
0.142053 -0.166187 0.601551
0.142737 -0.165544 0.602717
0.142207 -0.166355 0.602433
0.142572 -0.167438 0.604224
0.142027 -0.165661 0.603259
0.142622 -0.165915 0.603492
0.142019 -0.166011 0.604360
0.141746 -0.166535 0.606243
0.142036 -0.165596 0.605725
0.141295 -0.165499 0.606154
0.142191 -0.166089 0.606375
0.142746 -0.166531 0.606608
0.141858 -0.166097 0.607661
0.142442 -0.165862 0.608052
0.142613 -0.166415 0.608861
0.141282 -0.165598 0.609558
0.141310 -0.166339 0.609344
0.142318 -0.165838 0.611156
0.141435 -0.165969 0.610353
0.140502 -0.165737 0.611267
0.140033 -0.165578 0.611592
0.141315 -0.165559 0.612953
0.140463 -0.166101 0.611777
0.140151 -0.166249 0.613831
0.140533 -0.166044 0.613239
0.140077 -0.166303 0.613078
0.139548 -0.165283 0.614941
0.139736 -0.166452 0.614209
0.139129 -0.165912 0.616012
0.138325 -0.166439 0.615559
0.139853 -0.165378 0.616486
0.138807 -0.165659 0.616951
0.138837 -0.166483 0.616892
0.138595 -0.166457 0.617285
0.137423 -0.166327 0.617555
0.138649 -0.165697 0.618767
0.137874 -0.165392 0.619994
0.138243 -0.166195 0.619162
0.138150 -0.165637 0.620664
0.137804 -0.165479 0.620090
0.136748 -0.165457 0.619591
0.136235 -0.165523 0.620624
0.137434 -0.165897 0.621309
0.137809 -0.165519 0.621913
0.136233 -0.165697 0.622052
0.135849 -0.164704 0.622352
0.135522 -0.165797 0.622600
0.134558 -0.166383 0.623167
0.134931 -0.165907 0.624807
0.134779 -0.165740 0.625114
0.135335 -0.166280 0.625576
0.134720 -0.166244 0.624730
0.133592 -0.165653 0.626057
0.133449 -0.166022 0.627323
0.133500 -0.165571 0.626193
0.133291 -0.165546 0.627127
0.132970 -0.165625 0.627229
0.132638 -0.166238 0.627933
0.132032 -0.165566 0.627856
0.131412 -0.166377 0.628495
0.131451 -0.166602 0.629071
0.130861 -0.165600 0.628630
0.130278 -0.165200 0.629525
0.130588 -0.165884 0.630424
0.129725 -0.165659 0.630549
0.130085 -0.165834 0.630521
0.129146 -0.167048 0.630730
0.128357 -0.165489 0.631764
0.128066 -0.165791 0.631112
0.128549 -0.165569 0.631731
0.127172 -0.165927 0.632357
0.127658 -0.164904 0.633555
0.127019 -0.166320 0.632761
0.126320 -0.165878 0.632510
0.125947 -0.166477 0.633510
0.124905 -0.165983 0.634177
0.125066 -0.165665 0.633477
0.125839 -0.166203 0.634754
0.123654 -0.165991 0.635213
0.123656 -0.166211 0.634570
0.124165 -0.165895 0.634709
0.123170 -0.165617 0.635407
0.122900 -0.165912 0.635568
0.123408 -0.166249 0.636005
0.122592 -0.166130 0.636091
0.121659 -0.165947 0.636517
0.120640 -0.165199 0.636955
0.121605 -0.162788 0.564202
0.122391 -0.162966 0.563203
0.121011 -0.161710 0.563997
0.122310 -0.161976 0.563967
0.122897 -0.162294 0.563607
0.123222 -0.163060 0.564710
0.123977 -0.162264 0.564317
0.123773 -0.161986 0.564341
0.124568 -0.161969 0.565713
0.125076 -0.161849 0.566009
0.125369 -0.162661 0.566572
0.126236 -0.162582 0.566882
0.126900 -0.161890 0.565859
0.126648 -0.162450 0.566851
0.126694 -0.162294 0.567945
0.127057 -0.163077 0.568248
0.126660 -0.162188 0.567824
0.127292 -0.162875 0.567151
0.127720 -0.162319 0.569433
0.129620 -0.162485 0.568449
0.129951 -0.162329 0.569152
0.130251 -0.161904 0.570427
0.129786 -0.162937 0.570401
0.131040 -0.163508 0.570410
0.129860 -0.162123 0.571551
0.130905 -0.162165 0.571066
0.131117 -0.161791 0.571035
0.131548 -0.161819 0.571610
0.131188 -0.162531 0.572412
0.131887 -0.162160 0.571978
0.131975 -0.162382 0.572788
0.132438 -0.162387 0.572631
0.133521 -0.162456 0.573771
0.134011 -0.162976 0.574233
0.133916 -0.162244 0.574227
0.133740 -0.162286 0.574071
0.134197 -0.162083 0.575103
0.134601 -0.162145 0.575099
0.134377 -0.162130 0.576201
0.134936 -0.163216 0.576113
0.135834 -0.163139 0.577061
0.135036 -0.162655 0.576857
0.135995 -0.162573 0.577732
0.135995 -0.162379 0.578174
0.136569 -0.162269 0.578079
0.136430 -0.163010 0.578573
0.137780 -0.162713 0.579271
0.137810 -0.160957 0.579223
0.138432 -0.162734 0.580527
0.138175 -0.163359 0.580938
0.137904 -0.162993 0.581057
0.138852 -0.162463 0.581310
0.138664 -0.162870 0.581508
0.137557 -0.162997 0.582158
0.139127 -0.163520 0.582700
0.139088 -0.162601 0.583594
0.139829 -0.162038 0.583464
0.139275 -0.162325 0.583779
0.139412 -0.162607 0.584026
0.139555 -0.163230 0.585377
0.140411 -0.162052 0.585306
0.140087 -0.162795 0.586267
0.140572 -0.162804 0.586933
0.140327 -0.162860 0.587187
0.140043 -0.162868 0.588048
0.141905 -0.162938 0.587942
0.140961 -0.162718 0.587442
0.141390 -0.162876 0.589135
0.140604 -0.162010 0.588849
0.142150 -0.162287 0.591024
0.141042 -0.162085 0.590768
0.141255 -0.162472 0.591031
0.141900 -0.162900 0.590620
0.141655 -0.162354 0.591957
0.141449 -0.162844 0.592738
0.142394 -0.162886 0.593652
0.141815 -0.163184 0.593420
0.142165 -0.162201 0.594344
0.141800 -0.163306 0.594798
0.142626 -0.162480 0.595816
0.142241 -0.161967 0.594863
0.142202 -0.162579 0.596712
0.142467 -0.163207 0.596478
0.142683 -0.162413 0.596263
0.142321 -0.162426 0.597717
0.143065 -0.162609 0.597664
0.142900 -0.162609 0.597918
0.142729 -0.162626 0.599177
0.143156 -0.162541 0.599726
0.142497 -0.161281 0.599160
0.143084 -0.162922 0.599411
0.142283 -0.163030 0.600765
0.142845 -0.162046 0.601096
0.142096 -0.162406 0.602044
0.141502 -0.162248 0.601740
0.143118 -0.163456 0.602554
0.142564 -0.162117 0.603560
0.141892 -0.162568 0.604043
0.141240 -0.163198 0.604045
0.142747 -0.161896 0.605563
0.142218 -0.162102 0.606139
0.142756 -0.161908 0.606000
0.141973 -0.162857 0.606205
0.141927 -0.163125 0.606748
0.142306 -0.162367 0.606925
0.141351 -0.162566 0.607360
0.141473 -0.161545 0.608129
0.141688 -0.162794 0.608716
0.140896 -0.162895 0.609017
0.141800 -0.161923 0.609623
0.141378 -0.162797 0.610144
0.141070 -0.162259 0.609750
0.141189 -0.162774 0.611353
0.140653 -0.162616 0.611859
0.140460 -0.162372 0.612460
0.140497 -0.161637 0.612208
0.139942 -0.162332 0.613168
0.140589 -0.162174 0.612946
0.140232 -0.162872 0.614030
0.139779 -0.162065 0.614803
0.140324 -0.163301 0.614965
0.139471 -0.162222 0.615561
0.139377 -0.162646 0.615881
0.138842 -0.162698 0.615844
0.139034 -0.162752 0.617164
0.138429 -0.162907 0.617229
0.139224 -0.162644 0.617808
0.138404 -0.162121 0.617561
0.138391 -0.162370 0.618728
0.138511 -0.161882 0.618450
0.137560 -0.162760 0.618453
0.138437 -0.162073 0.620478
0.136906 -0.162601 0.620041
0.137476 -0.162981 0.621057
0.136249 -0.161429 0.621319
0.136611 -0.162120 0.621134
0.135967 -0.163135 0.621463
0.135515 -0.162286 0.622461
0.134772 -0.162680 0.623113
0.136073 -0.162720 0.624267
0.135100 -0.163079 0.622640
0.134935 -0.162432 0.623954
0.134797 -0.162156 0.624403
0.133994 -0.162538 0.624813
0.133536 -0.162127 0.626006
0.133226 -0.162570 0.625400
0.133906 -0.162079 0.625084
0.133775 -0.162681 0.626893
0.132323 -0.163378 0.626499
0.133183 -0.162004 0.626706
0.132987 -0.163205 0.627494
0.132508 -0.162503 0.627883
0.132411 -0.161731 0.628169
0.132414 -0.162130 0.629066
0.130707 -0.163098 0.628936
0.131241 -0.163136 0.629725
0.130417 -0.161935 0.630201
0.130238 -0.163683 0.630289
0.129607 -0.162061 0.631626
0.128857 -0.163647 0.630794
0.129034 -0.163404 0.631267
0.128397 -0.161314 0.631624
0.127448 -0.162123 0.631465
0.127862 -0.161847 0.632764
0.127637 -0.162433 0.631373
0.127483 -0.162482 0.634041
0.127517 -0.162519 0.632199
0.125763 -0.162140 0.633154
0.125483 -0.162774 0.635162
0.125215 -0.162983 0.634312
0.125823 -0.162859 0.633295
0.123918 -0.162369 0.635021
0.124308 -0.161393 0.634511
0.123795 -0.161759 0.635031
0.123136 -0.162992 0.635424
0.122593 -0.163242 0.636349
0.122234 -0.162150 0.635481
0.122510 -0.162291 0.636396
0.121563 -0.162729 0.636503
0.120831 -0.162107 0.636625
0.120495 -0.159742 0.562991
0.121368 -0.158712 0.563192
0.122152 -0.159429 0.563278
0.122493 -0.158582 0.564222
0.123222 -0.158744 0.564252
0.123305 -0.159233 0.564461
0.124171 -0.159125 0.563655
0.124667 -0.158933 0.565180
0.124378 -0.159380 0.565463
0.126081 -0.158521 0.565475
0.125940 -0.158748 0.566248
0.125772 -0.159583 0.565878
0.126055 -0.159022 0.566746
0.125544 -0.159344 0.566482
0.127880 -0.159069 0.566584
0.126951 -0.159192 0.566617
0.127638 -0.160111 0.567476
0.128297 -0.158903 0.568491
0.128315 -0.158972 0.568273
0.128504 -0.158454 0.569422
0.129568 -0.159598 0.569813
0.129441 -0.159076 0.569094
0.129772 -0.158998 0.569402
0.130740 -0.157903 0.569957
0.130778 -0.158615 0.570879
0.131063 -0.158233 0.570995
0.132060 -0.158881 0.570794
0.131902 -0.158352 0.571025
0.132039 -0.158973 0.570766
0.131944 -0.159094 0.572660
0.132148 -0.158822 0.572876
0.133432 -0.159015 0.573838
0.133802 -0.158695 0.573893
0.134465 -0.158605 0.572907
0.134199 -0.159288 0.574987
0.134081 -0.158830 0.574261
0.134300 -0.159831 0.575552
0.133731 -0.160029 0.576072
0.134526 -0.159863 0.575886
0.134755 -0.159282 0.576756
0.135282 -0.158686 0.576896
0.135264 -0.159385 0.576609
0.136538 -0.158758 0.577357
0.135663 -0.158815 0.578942
0.136949 -0.159272 0.578692
0.137172 -0.158750 0.578488
0.136308 -0.158697 0.578759
0.137337 -0.158536 0.579835
0.137441 -0.159526 0.580397
0.137899 -0.159124 0.580982
0.137630 -0.158465 0.581614
0.138459 -0.159165 0.581798
0.138954 -0.158361 0.582357
0.139642 -0.158806 0.582615
0.138487 -0.159112 0.583303
0.138680 -0.158956 0.584139
0.139952 -0.158851 0.583884
0.138830 -0.159274 0.583846
0.139957 -0.159531 0.584478
0.139129 -0.159032 0.585598
0.140579 -0.159763 0.585987
0.140390 -0.158924 0.586143
0.140795 -0.159003 0.587249
0.140724 -0.158870 0.586809
0.141337 -0.159065 0.587729
0.140194 -0.158414 0.588173
0.141092 -0.158739 0.588767
0.140869 -0.159379 0.588926
0.139957 -0.159018 0.589385
0.141148 -0.159683 0.591911
0.140535 -0.159079 0.589676
0.141985 -0.159152 0.590419
0.141989 -0.159323 0.590854
0.141459 -0.159205 0.591007
0.141781 -0.159460 0.591956
0.141440 -0.159659 0.593089
0.141458 -0.159132 0.593623
0.141341 -0.158512 0.593683
0.141810 -0.159414 0.593414
0.141953 -0.158584 0.595013
0.143059 -0.158922 0.594557
0.142611 -0.160496 0.595562
0.142635 -0.159537 0.596340
0.142322 -0.159203 0.597064
0.142156 -0.159533 0.597005
0.142952 -0.159485 0.597708
0.141691 -0.159532 0.598025
0.141921 -0.158755 0.600114
0.142746 -0.160061 0.598892
0.141925 -0.159021 0.599584
0.142147 -0.159699 0.599040
0.142202 -0.159387 0.600188
0.142495 -0.159966 0.601927
0.142728 -0.158427 0.601231
0.142197 -0.158978 0.602859
0.142249 -0.159236 0.602578
0.141963 -0.158649 0.602872
0.142574 -0.159511 0.604199
0.141294 -0.159312 0.604561
0.142634 -0.159786 0.604185
0.142177 -0.160074 0.605266
0.141098 -0.159633 0.604957
0.140932 -0.159674 0.606414
0.142027 -0.159345 0.607254
0.142296 -0.159214 0.607508
0.141742 -0.159049 0.608356
0.142158 -0.159291 0.608245
0.142069 -0.158435 0.609598
0.141621 -0.159331 0.609344
0.141746 -0.159034 0.609483
0.140822 -0.159247 0.609534
0.141211 -0.158572 0.610654
0.140432 -0.158983 0.611486
0.140708 -0.159163 0.611634
0.141042 -0.159256 0.611992
0.140361 -0.159354 0.612881
0.141504 -0.159148 0.613203
0.140401 -0.158919 0.613790
0.140152 -0.159831 0.613790
0.139635 -0.159936 0.614638
0.140066 -0.159227 0.614731
0.139420 -0.159542 0.615459
0.139715 -0.159260 0.615134
0.139246 -0.159623 0.615833
0.138607 -0.158647 0.615805
0.138950 -0.158778 0.617242
0.138383 -0.159413 0.617896
0.137919 -0.159101 0.617526
0.138760 -0.159158 0.618456
0.137996 -0.159499 0.619288
0.137520 -0.158991 0.618736
0.136715 -0.159513 0.620124
0.137151 -0.158243 0.619727
0.136620 -0.159107 0.620167
0.137482 -0.158907 0.620203
0.136257 -0.159360 0.621288
0.137057 -0.159081 0.621835
0.135752 -0.159623 0.622247
0.134736 -0.158937 0.623045
0.136029 -0.159258 0.623886
0.135300 -0.159686 0.623629
0.135029 -0.159149 0.624764
0.135241 -0.159037 0.624584
0.134480 -0.159274 0.624086
0.133718 -0.159507 0.625254
0.133666 -0.159217 0.625324
0.133578 -0.159329 0.626707
0.132560 -0.159699 0.625799
0.132585 -0.158648 0.627052
0.133329 -0.158130 0.627168
0.132087 -0.159842 0.627405
0.132301 -0.158934 0.628255
0.131694 -0.159240 0.627851
0.131307 -0.158867 0.629314
0.130518 -0.160050 0.628883
0.130775 -0.159246 0.629761
0.129993 -0.158764 0.630009
0.129842 -0.158961 0.629489
0.129248 -0.159087 0.630984
0.129360 -0.159189 0.631096
0.128657 -0.159050 0.632036
0.128689 -0.158924 0.631396
0.128691 -0.159611 0.632412
0.127083 -0.158942 0.632121
0.127715 -0.158980 0.632669
0.127224 -0.158961 0.631972
0.127037 -0.159198 0.632713
0.127220 -0.158756 0.633005
0.125924 -0.159514 0.633448
0.125650 -0.159182 0.634601
0.125294 -0.159093 0.634254
0.124031 -0.160308 0.634642
0.123975 -0.159941 0.634329
0.124351 -0.159095 0.634796
0.123501 -0.158399 0.635677
0.123069 -0.158559 0.636284
0.121985 -0.158887 0.635478
0.122350 -0.159165 0.636030
0.121645 -0.159544 0.637022
0.121159 -0.159513 0.636430
0.120760 -0.156197 0.563878
0.122046 -0.155683 0.563312
0.121315 -0.156157 0.563271
0.122510 -0.156596 0.563250
0.123196 -0.156208 0.564576
0.123601 -0.155326 0.564952
0.123299 -0.156386 0.565328
0.125180 -0.156368 0.564589
0.125194 -0.155671 0.565979
0.125566 -0.155824 0.564694
0.124869 -0.155740 0.567056
0.126573 -0.156644 0.566154
0.127461 -0.156539 0.564970
0.125659 -0.155593 0.566048
0.126343 -0.154913 0.567321
0.127162 -0.156705 0.567380
0.127858 -0.156281 0.568063
0.128048 -0.156928 0.567771
0.128063 -0.155287 0.567833
0.127899 -0.156062 0.569036
0.129081 -0.155267 0.568331
0.130512 -0.155757 0.570272
0.130175 -0.155991 0.569606
0.130784 -0.154993 0.571077
0.130525 -0.156086 0.570375
0.131304 -0.155767 0.570616
0.131612 -0.155367 0.570776
0.132089 -0.156233 0.571777
0.131946 -0.155120 0.572371
0.131903 -0.156317 0.572900
0.132733 -0.155768 0.572533
0.132947 -0.155604 0.573359
0.132732 -0.156096 0.572831
0.133333 -0.155596 0.574164
0.134131 -0.155887 0.573579
0.133804 -0.155280 0.574674
0.135102 -0.155604 0.574915
0.134830 -0.155549 0.575428
0.134312 -0.155399 0.576250
0.135637 -0.155572 0.576144
0.135148 -0.156124 0.577321
0.135549 -0.155696 0.576311
0.135348 -0.155111 0.576739
0.136535 -0.155493 0.577985
0.135998 -0.156194 0.577585
0.137491 -0.155801 0.578071
0.136427 -0.154369 0.579773
0.137996 -0.154855 0.580172
0.137791 -0.156028 0.580073
0.137137 -0.155544 0.581343
0.137936 -0.155653 0.581062
0.138315 -0.155563 0.581036
0.138908 -0.155125 0.581870
0.138767 -0.155943 0.583023
0.139057 -0.155495 0.583016
0.137818 -0.155653 0.583827
0.139028 -0.155899 0.582841
0.139284 -0.155911 0.584153
0.140275 -0.155945 0.584961
0.140140 -0.155517 0.585600
0.140730 -0.155630 0.585445
0.139837 -0.155587 0.586284
0.139952 -0.154941 0.586735
0.140494 -0.155364 0.587381
0.139964 -0.155809 0.587678
0.140659 -0.156374 0.588442
0.140860 -0.155997 0.588406
0.141551 -0.155356 0.589087
0.140783 -0.155620 0.589928
0.141800 -0.155613 0.589517
0.141330 -0.156094 0.590642
0.141509 -0.156081 0.589932
0.141784 -0.154939 0.591384
0.140890 -0.155421 0.591797
0.141526 -0.154968 0.592620
0.141275 -0.155722 0.592765
0.142445 -0.157004 0.592862
0.141320 -0.155481 0.593599
0.141439 -0.156079 0.595391
0.141853 -0.154846 0.595649
0.142621 -0.155756 0.595312
0.141995 -0.156668 0.596955
0.142194 -0.155824 0.596576
0.142063 -0.155090 0.596505
0.142646 -0.155490 0.597177
0.142107 -0.155712 0.596300
0.142281 -0.155872 0.598678
0.142784 -0.155866 0.597498
0.142122 -0.156743 0.598353
0.142410 -0.156465 0.599407
0.142775 -0.156176 0.600764
0.143057 -0.155782 0.600876
0.143134 -0.156586 0.602277
0.142914 -0.154837 0.602885
0.142865 -0.156045 0.601892
0.142338 -0.156981 0.603165
0.142021 -0.155506 0.602750
0.142105 -0.157172 0.604196
0.142573 -0.155346 0.603859
0.142963 -0.155921 0.604863
0.142298 -0.156522 0.605493
0.141246 -0.154870 0.606110
0.141481 -0.155336 0.605851
0.142094 -0.155612 0.606470
0.141889 -0.156508 0.607559
0.141860 -0.156008 0.607616
0.141673 -0.156311 0.609113
0.141474 -0.155624 0.609240
0.142062 -0.156151 0.608224
0.141596 -0.156061 0.609622
0.140589 -0.155707 0.609223
0.140486 -0.155794 0.610605
0.140952 -0.155657 0.610797
0.140777 -0.154535 0.610787
0.140902 -0.155119 0.611638
0.140435 -0.155783 0.612625
0.141066 -0.156284 0.613250
0.140613 -0.156322 0.612522
0.140484 -0.155649 0.614025
0.140786 -0.155880 0.614676
0.139033 -0.155971 0.614260
0.138380 -0.155973 0.615304
0.140181 -0.156206 0.616476
0.139124 -0.155709 0.616439
0.139204 -0.156338 0.617048
0.138814 -0.155844 0.616908
0.138682 -0.156142 0.618435
0.139193 -0.155794 0.617699
0.138028 -0.156851 0.618589
0.138684 -0.156897 0.618631
0.137662 -0.155527 0.618840
0.137812 -0.155428 0.619408
0.136689 -0.156362 0.620288
0.137910 -0.156057 0.620711
0.136564 -0.156923 0.621343
0.136036 -0.155882 0.622421
0.135710 -0.155857 0.621474
0.134917 -0.156808 0.622543
0.135592 -0.156078 0.623234
0.135608 -0.155546 0.623812
0.136310 -0.155684 0.623613
0.134444 -0.156241 0.623715
0.135088 -0.156212 0.624601
0.135168 -0.156103 0.624726
0.133912 -0.156071 0.626069
0.134017 -0.156064 0.625856
0.133964 -0.155499 0.626383
0.132656 -0.155648 0.626275
0.132821 -0.155307 0.627008
0.132644 -0.156304 0.628370
0.131841 -0.156077 0.628352
0.132771 -0.155272 0.628839
0.130854 -0.156723 0.627616
0.131954 -0.155063 0.628550
0.131001 -0.155923 0.628899
0.130156 -0.156175 0.629913
0.130528 -0.155852 0.630585
0.130225 -0.155275 0.630759
0.128160 -0.155815 0.630893
0.128833 -0.156448 0.630164
0.129198 -0.156261 0.631882
0.128761 -0.155213 0.631812
0.126868 -0.155772 0.632063
0.128228 -0.155802 0.632081
0.128441 -0.155609 0.632876
0.126860 -0.155422 0.632710
0.126669 -0.156143 0.632589
0.126281 -0.156174 0.633172
0.125940 -0.156107 0.633881
0.125471 -0.157303 0.634460
0.124895 -0.155941 0.634287
0.124711 -0.155652 0.635289
0.124082 -0.156015 0.634610
0.124079 -0.156310 0.635060
0.123874 -0.156207 0.635110
0.122744 -0.155560 0.635544
0.122393 -0.155229 0.636276
0.121550 -0.155521 0.636716
0.122303 -0.155726 0.636477
0.120777 -0.154929 0.636505
0.121012 -0.152302 0.563141
0.120780 -0.153493 0.562796
0.121257 -0.151906 0.563887
0.122506 -0.152872 0.564226
0.123163 -0.152746 0.563642
0.123116 -0.152753 0.564020
0.123928 -0.151740 0.564395
0.123853 -0.151872 0.564442
0.124533 -0.152370 0.566071
0.124835 -0.152995 0.565866
0.125719 -0.152326 0.565626
0.125286 -0.152370 0.566253
0.126823 -0.152854 0.566164
0.126316 -0.152724 0.566502
0.127113 -0.153000 0.567278
0.127070 -0.152052 0.567630
0.127535 -0.152734 0.567596
0.128465 -0.152720 0.567204
0.128937 -0.152906 0.568783
0.129264 -0.152312 0.568644
0.129632 -0.153122 0.568824
0.129561 -0.151884 0.570142
0.129913 -0.152728 0.569531
0.130572 -0.152197 0.571477
0.130406 -0.152633 0.570925
0.131079 -0.152321 0.571305
0.132204 -0.153129 0.571001
0.131831 -0.152919 0.571632
0.132311 -0.152878 0.572489
0.132460 -0.153226 0.572714
0.131922 -0.152998 0.572948
0.132574 -0.152980 0.572174
0.133541 -0.152192 0.572995
0.132252 -0.153383 0.573386
0.133409 -0.152713 0.573421
0.134390 -0.153563 0.575057
0.134316 -0.152164 0.574682
0.134694 -0.153420 0.575886
0.135229 -0.152740 0.575045
0.136042 -0.152463 0.575838
0.135369 -0.152692 0.576460
0.135723 -0.151928 0.576106
0.136144 -0.152800 0.576899
0.135919 -0.152733 0.577805
0.136749 -0.151659 0.578624
0.135868 -0.152782 0.579126
0.137110 -0.152326 0.578693
0.136515 -0.153012 0.579969
0.137934 -0.151968 0.580055
0.138481 -0.152443 0.581280
0.138024 -0.152496 0.580780
0.137416 -0.152154 0.580582
0.138086 -0.152451 0.581813
0.137571 -0.152310 0.582698
0.138708 -0.152716 0.583319
0.139191 -0.152281 0.582989
0.139592 -0.152434 0.582737
0.139463 -0.152888 0.584047
0.140540 -0.152243 0.585244
0.140146 -0.151445 0.585635
0.139761 -0.152540 0.585651
0.140170 -0.152187 0.585926
0.140462 -0.152018 0.585802
0.139990 -0.152982 0.588162
0.141152 -0.152072 0.588000
0.140968 -0.151644 0.587793
0.141107 -0.152001 0.588985
0.140828 -0.152068 0.588939
0.141464 -0.153191 0.589076
0.140557 -0.151600 0.589933
0.141818 -0.152296 0.590660
0.141295 -0.152979 0.590581
0.141719 -0.151343 0.591849
0.141474 -0.152351 0.592906
0.141770 -0.151962 0.592368
0.141266 -0.151759 0.592504
0.142082 -0.152083 0.592549
0.142646 -0.152816 0.593666
0.142443 -0.152520 0.595211
0.141876 -0.152866 0.594411
0.142431 -0.151974 0.595534
0.142184 -0.152359 0.595648
0.142974 -0.152107 0.596265
0.142533 -0.151970 0.596900
0.141798 -0.152242 0.596767
0.141421 -0.152038 0.598670
0.142289 -0.152950 0.598458
0.141764 -0.151153 0.598879
0.142556 -0.152004 0.599090
0.142161 -0.151368 0.599267
0.142821 -0.152357 0.599853
0.141728 -0.152069 0.601585
0.142337 -0.152870 0.600802
0.142503 -0.152939 0.601141
0.142125 -0.152022 0.601985
0.142794 -0.151995 0.603174
0.142509 -0.152320 0.603582
0.141974 -0.152008 0.604018
0.141329 -0.152455 0.604494
0.142133 -0.152143 0.604301
0.142358 -0.151403 0.606133
0.142966 -0.152416 0.605611
0.142324 -0.152222 0.606955
0.142607 -0.153427 0.606326
0.141834 -0.151890 0.607335
0.141700 -0.152194 0.607677
0.142435 -0.151814 0.607957
0.142787 -0.152129 0.608951
0.141606 -0.151220 0.609296
0.141415 -0.152843 0.609214
0.141838 -0.152508 0.610522
0.140723 -0.152661 0.610850
0.140249 -0.152227 0.611018
0.140667 -0.152415 0.610932
0.141556 -0.152501 0.611835
0.141449 -0.151778 0.612231
0.140759 -0.152960 0.613288
0.140772 -0.151979 0.612612
0.140040 -0.151488 0.613741
0.139988 -0.153448 0.614637
0.139694 -0.152054 0.614440
0.139440 -0.152814 0.614420
0.139554 -0.152659 0.616732
0.139638 -0.152059 0.616987
0.138810 -0.152382 0.617323
0.139396 -0.151127 0.616621
0.139702 -0.152519 0.618440
0.137402 -0.151485 0.617787
0.138391 -0.153466 0.619395
0.137898 -0.151694 0.619231
0.137695 -0.152589 0.620999
0.137950 -0.152158 0.619649
0.137845 -0.152580 0.620506
0.136861 -0.153162 0.621381
0.136795 -0.152095 0.622355
0.135501 -0.152080 0.621545
0.136339 -0.152308 0.621862
0.136185 -0.152245 0.622493
0.136323 -0.153063 0.622445
0.135612 -0.152864 0.622642
0.134581 -0.152959 0.623321
0.134505 -0.152561 0.624418
0.135142 -0.152601 0.624043
0.134479 -0.152123 0.624366
0.134627 -0.152737 0.625039
0.132442 -0.152227 0.625382
0.133768 -0.152279 0.625573
0.133463 -0.153088 0.626317
0.132534 -0.152573 0.626023
0.133973 -0.152389 0.627609
0.132358 -0.151935 0.627455
0.131170 -0.152284 0.628158
0.131313 -0.151963 0.628980
0.131811 -0.152578 0.628464
0.131054 -0.152170 0.628485
0.130649 -0.152416 0.628910
0.130864 -0.151936 0.629674
0.130196 -0.152324 0.630458
0.129572 -0.152699 0.630179
0.128893 -0.152587 0.631269
0.128253 -0.152531 0.631835
0.127602 -0.152720 0.631091
0.128195 -0.153089 0.632143
0.127814 -0.152335 0.631790
0.127749 -0.151623 0.631437
0.127394 -0.153009 0.632834
0.126740 -0.152034 0.633672
0.125309 -0.152653 0.632943
0.125248 -0.152365 0.634053
0.124876 -0.152399 0.633732
0.125124 -0.151972 0.634325
0.124090 -0.153048 0.634858
0.123879 -0.152815 0.634532
0.123724 -0.151742 0.634965
0.122936 -0.153868 0.635371
0.122361 -0.152420 0.636100
0.121684 -0.151953 0.636389
0.122688 -0.153189 0.637307
0.121736 -0.152569 0.636029
0.121159 -0.151953 0.636431
0.121082 -0.149434 0.563110
0.121671 -0.149212 0.564293
0.122371 -0.149330 0.563309
0.122420 -0.148971 0.564535
0.122961 -0.148908 0.563970
0.123670 -0.148721 0.563796
0.124125 -0.150108 0.564410
0.124035 -0.148087 0.565342
0.124511 -0.149011 0.565191
0.125590 -0.148283 0.565880
0.125924 -0.148852 0.565533
0.125634 -0.148880 0.566457
0.125633 -0.149148 0.566779
0.126094 -0.148775 0.566600
0.126843 -0.148306 0.566924
0.127458 -0.149202 0.567411
0.127729 -0.149112 0.567621
0.128190 -0.148493 0.568400
0.128415 -0.149301 0.568908
0.128865 -0.149149 0.568642
0.129735 -0.149354 0.570088
0.129682 -0.148958 0.568701
0.129673 -0.150055 0.571002
0.130232 -0.149369 0.569832
0.132090 -0.148573 0.569779
0.129778 -0.149540 0.570859
0.131819 -0.149116 0.572013
0.131446 -0.148607 0.571721
0.131004 -0.148564 0.571716
0.131620 -0.149904 0.572521
0.132709 -0.149050 0.572136
0.133120 -0.149031 0.573314
0.133548 -0.148968 0.572692
0.132975 -0.148024 0.573854
0.133506 -0.149869 0.574109
0.134627 -0.149406 0.574727
0.134896 -0.148575 0.574903
0.135189 -0.148970 0.575705
0.135243 -0.149063 0.575738
0.134666 -0.148069 0.576426
0.135375 -0.148748 0.576636
0.135244 -0.148859 0.577003
0.135205 -0.148981 0.577711
0.136041 -0.149632 0.578189
0.136821 -0.148808 0.578348
0.136591 -0.149313 0.578893
0.136776 -0.148038 0.579058
0.137892 -0.148959 0.579924
0.137598 -0.148200 0.579068
0.137371 -0.148790 0.581406
0.138257 -0.148389 0.580991
0.138627 -0.149091 0.580913
0.138959 -0.149318 0.582113
0.139151 -0.148788 0.581784
0.138807 -0.149388 0.582706
0.139603 -0.149516 0.582198
0.138776 -0.148740 0.583024
0.139476 -0.149341 0.584917
0.139709 -0.150349 0.584689
0.139507 -0.148530 0.584992
0.139891 -0.148166 0.586413
0.140089 -0.149983 0.586319
0.139673 -0.148980 0.586456
0.140139 -0.149571 0.586878
0.141717 -0.149235 0.588825
0.140529 -0.148405 0.587280
0.141695 -0.148987 0.588427
0.141330 -0.149379 0.588898
0.141226 -0.149206 0.588590
0.141655 -0.149289 0.590512
0.142019 -0.148912 0.590249
0.141571 -0.149076 0.591030
0.141994 -0.150004 0.590899
0.141472 -0.150444 0.592508
0.141549 -0.148184 0.592879
0.142405 -0.149588 0.592092
0.142386 -0.149086 0.593299
0.141823 -0.148583 0.593504
0.142286 -0.149094 0.593474
0.142265 -0.148995 0.594809
0.141841 -0.149112 0.595985
0.142848 -0.149459 0.594933
0.142377 -0.148877 0.596076
0.142595 -0.148895 0.597223
0.141704 -0.149062 0.597122
0.142891 -0.148413 0.597966
0.143144 -0.149070 0.597836
0.142925 -0.149704 0.598608
0.142906 -0.148976 0.599402
0.142077 -0.149751 0.599296
0.142119 -0.148500 0.600362
0.142326 -0.150022 0.599729
0.143113 -0.148759 0.601027
0.142824 -0.149102 0.600657
0.142312 -0.149023 0.601929
0.142751 -0.149101 0.603003
0.142120 -0.149114 0.603008
0.142176 -0.148688 0.602891
0.142513 -0.148358 0.604739
0.141958 -0.149524 0.605030
0.142285 -0.149394 0.605176
0.141935 -0.148872 0.606251
0.141358 -0.149110 0.606103
0.141176 -0.148535 0.607393
0.142174 -0.148342 0.606141
0.142209 -0.149001 0.607602
0.141428 -0.148828 0.607717
0.141223 -0.148802 0.608906
0.141887 -0.148936 0.609334
0.141012 -0.148866 0.609272
0.141735 -0.148995 0.610429
0.141176 -0.149152 0.610215
0.141098 -0.149515 0.610987
0.140459 -0.148184 0.611887
0.141155 -0.148772 0.612142
0.141711 -0.148784 0.611667
0.140216 -0.149047 0.613613
0.139816 -0.150522 0.613585
0.140929 -0.148811 0.613067
0.139926 -0.149142 0.614471
0.140024 -0.148836 0.614775
0.140702 -0.149045 0.615695
0.139023 -0.148738 0.615679
0.139355 -0.149111 0.616410
0.139005 -0.149179 0.617254
0.138898 -0.148667 0.617751
0.137714 -0.149091 0.617504
0.137944 -0.149551 0.618694
0.138193 -0.148263 0.618850
0.138024 -0.149621 0.618442
0.137602 -0.148703 0.619178
0.137757 -0.149511 0.619578
0.137162 -0.149336 0.620455
0.137126 -0.149381 0.621257
0.136220 -0.148952 0.622082
0.136311 -0.148705 0.621387
0.136692 -0.148332 0.621997
0.135425 -0.148816 0.622730
0.136522 -0.148627 0.623091
0.135546 -0.149433 0.622716
0.134447 -0.149400 0.623428
0.134245 -0.149904 0.623635
0.134469 -0.149233 0.624163
0.134592 -0.149498 0.624674
0.134325 -0.149131 0.625749
0.133063 -0.149294 0.626082
0.133275 -0.148274 0.626534
0.133314 -0.148857 0.626929
0.132634 -0.150525 0.627092
0.132605 -0.149328 0.627876
0.133085 -0.149004 0.627176
0.132513 -0.148725 0.628084
0.131380 -0.148284 0.628765
0.131552 -0.148370 0.628795
0.131517 -0.148667 0.628791
0.130817 -0.148967 0.629127
0.129758 -0.148530 0.630020
0.131143 -0.149513 0.630562
0.128401 -0.148573 0.631037
0.130010 -0.149421 0.629828
0.128062 -0.148225 0.632010
0.127913 -0.149625 0.631137
0.128014 -0.149628 0.631469
0.126754 -0.149354 0.632813
0.127110 -0.148616 0.631852
0.127622 -0.148639 0.632519
0.126646 -0.149052 0.633202
0.125719 -0.148406 0.633657
0.126125 -0.149071 0.633322
0.125437 -0.148387 0.634944
0.124786 -0.150045 0.634707
0.125214 -0.148895 0.634930
0.124335 -0.149022 0.635748
0.123322 -0.149061 0.636018
0.124164 -0.149416 0.635151
0.122074 -0.149803 0.635671
0.122585 -0.149188 0.635121
0.122010 -0.147824 0.636735
0.120548 -0.148370 0.635683
0.121057 -0.149192 0.636750
0.120669 -0.146000 0.562986
0.121834 -0.145401 0.564110
0.122423 -0.145419 0.563534
0.122415 -0.146099 0.564225
0.123138 -0.145522 0.563438
0.124369 -0.146366 0.564663
0.122772 -0.146001 0.564390
0.123973 -0.145469 0.564511
0.124861 -0.145494 0.565058
0.124911 -0.145228 0.564919
0.125754 -0.145237 0.565638
0.126539 -0.145590 0.566661
0.126015 -0.145231 0.566323
0.126854 -0.145187 0.567762
0.127298 -0.145930 0.567445
0.126613 -0.145228 0.567210
0.127383 -0.146644 0.568567
0.127414 -0.145255 0.567893
0.128656 -0.145499 0.568475
0.129149 -0.146061 0.568350
0.129164 -0.146584 0.569205
0.130009 -0.145720 0.569963
0.128850 -0.145959 0.569905
0.129759 -0.145204 0.569844
0.130873 -0.146251 0.570323
0.130807 -0.145443 0.570369
0.131318 -0.146225 0.570736
0.131797 -0.145839 0.570873
0.131711 -0.146185 0.572788
0.131449 -0.146499 0.571890
0.132842 -0.145117 0.572568
0.132621 -0.145518 0.573474
0.133119 -0.145262 0.573596
0.134847 -0.145805 0.574236
0.133543 -0.145599 0.574140
0.134546 -0.146284 0.574854
0.133791 -0.146358 0.575141
0.134725 -0.146244 0.575694
0.135181 -0.145773 0.575824
0.135719 -0.144417 0.576024
0.136152 -0.145586 0.577363
0.135891 -0.146001 0.576894
0.136876 -0.146000 0.578077
0.135806 -0.145827 0.577584
0.137439 -0.145040 0.578443
0.136168 -0.146098 0.578946
0.137090 -0.145188 0.579057
0.136983 -0.145439 0.579335
0.137780 -0.145578 0.580019
0.137803 -0.145127 0.580000
0.138424 -0.146455 0.580913
0.138446 -0.145873 0.581248
0.139262 -0.145772 0.581400
0.138899 -0.145347 0.582238
0.139785 -0.145864 0.582492
0.138363 -0.145896 0.583703
0.139226 -0.145680 0.583434
0.138899 -0.145388 0.583846
0.140481 -0.145524 0.584154
0.138700 -0.145969 0.585275
0.139256 -0.145153 0.586086
0.141020 -0.145833 0.586519
0.139620 -0.145040 0.586383
0.139948 -0.145528 0.586639
0.140668 -0.146232 0.588158
0.141108 -0.145610 0.588888
0.140722 -0.144964 0.588127
0.141805 -0.146821 0.588849
0.140910 -0.145769 0.588998
0.140903 -0.145857 0.590269
0.142033 -0.145530 0.591280
0.140649 -0.145945 0.591117
0.141024 -0.145277 0.591741
0.141832 -0.146492 0.592732
0.141372 -0.145595 0.591656
0.142028 -0.145111 0.591905
0.142206 -0.145400 0.592620
0.141906 -0.146676 0.593375
0.141664 -0.146434 0.593756
0.142083 -0.145366 0.594510
0.142444 -0.146041 0.594637
0.142939 -0.145744 0.595797
0.142650 -0.145323 0.596437
0.142842 -0.145562 0.597021
0.142732 -0.145239 0.597716
0.141717 -0.146872 0.597096
0.142777 -0.145501 0.597963
0.142305 -0.145882 0.599160
0.142753 -0.146679 0.599154
0.142531 -0.145742 0.600268
0.142472 -0.145234 0.600137
0.141696 -0.145441 0.600377
0.142259 -0.145671 0.600607
0.142478 -0.145600 0.601400
0.142458 -0.145523 0.602307
0.142071 -0.145335 0.601576
0.142735 -0.145526 0.603299
0.141599 -0.144962 0.603687
0.141885 -0.145376 0.604525
0.141891 -0.145910 0.605360
0.141792 -0.145600 0.604708
0.141805 -0.145073 0.605924
0.142800 -0.146060 0.606523
0.142303 -0.144758 0.607246
0.141852 -0.145437 0.606794
0.141574 -0.145717 0.606308
0.141608 -0.146043 0.608313
0.142366 -0.145039 0.608628
0.141227 -0.145698 0.608442
0.141055 -0.145495 0.609605
0.141720 -0.145568 0.609995
0.140760 -0.145537 0.611124
0.141382 -0.145693 0.611376
0.140899 -0.145506 0.611655
0.140438 -0.145670 0.612221
0.140537 -0.145317 0.612159
0.140639 -0.146342 0.612940
0.140035 -0.146494 0.613209
0.139585 -0.146645 0.613337
0.140048 -0.145405 0.614732
0.139980 -0.146027 0.614643
0.140696 -0.145943 0.615152
0.138931 -0.146567 0.616173
0.139303 -0.145554 0.615202
0.139448 -0.144938 0.615706
0.138496 -0.145468 0.617981
0.139208 -0.145779 0.617295
0.138072 -0.144891 0.618175
0.138821 -0.145983 0.618593
0.138381 -0.144977 0.619340
0.138635 -0.145649 0.619165
0.136851 -0.145478 0.619645
0.138005 -0.144693 0.620425
0.136595 -0.146116 0.620231
0.136728 -0.147215 0.621378
0.136937 -0.145583 0.621442
0.136038 -0.146430 0.621789
0.136253 -0.145859 0.622661
0.136345 -0.146013 0.622865
0.135857 -0.145349 0.622579
0.134794 -0.145802 0.623178
0.134689 -0.145690 0.624086
0.133694 -0.146482 0.624281
0.134515 -0.145756 0.624770
0.133449 -0.145561 0.625993
0.133388 -0.145279 0.625253
0.133506 -0.146383 0.625423
0.133266 -0.145118 0.625929
0.133503 -0.146676 0.626722
0.131945 -0.146379 0.627074
0.132342 -0.145291 0.627504
0.132324 -0.145843 0.627983
0.131502 -0.145805 0.628099
0.131379 -0.144559 0.628190
0.131004 -0.146019 0.629856
0.130725 -0.146273 0.630277
0.130694 -0.145226 0.629436
0.129473 -0.146775 0.629921
0.129404 -0.145686 0.630333
0.128982 -0.145733 0.629982
0.128555 -0.146383 0.630907
0.128052 -0.145956 0.631358
0.127448 -0.144780 0.631627
0.126869 -0.146304 0.632701
0.126328 -0.145475 0.633265
0.127159 -0.146202 0.633523
0.126291 -0.145351 0.633303
0.125891 -0.145136 0.633204
0.124644 -0.145556 0.633993
0.125763 -0.145817 0.634287
0.124610 -0.145840 0.633875
0.123983 -0.145738 0.634641
0.123504 -0.145758 0.634956
0.123276 -0.146094 0.636682
0.122855 -0.145504 0.636467
0.122172 -0.145687 0.635424
0.122924 -0.144871 0.636694
0.122094 -0.145570 0.635973
0.121562 -0.145207 0.636719
0.121076 -0.145678 0.637135
0.121765 -0.142461 0.562890
0.121336 -0.142785 0.563696
0.122010 -0.142139 0.563783
0.122913 -0.142601 0.563231
0.122673 -0.142342 0.563886
0.123793 -0.142440 0.564672
0.124322 -0.142417 0.564832
0.123618 -0.142119 0.565121
0.125342 -0.142570 0.565370
0.124160 -0.142189 0.564838
0.124600 -0.141955 0.565608
0.126185 -0.142166 0.566570
0.126888 -0.143115 0.566213
0.127007 -0.142190 0.566455
0.126234 -0.141643 0.567401
0.127314 -0.141555 0.567460
0.127626 -0.142643 0.567457
0.128886 -0.142456 0.568843
0.128531 -0.142211 0.568757
0.128656 -0.142975 0.567615
0.129285 -0.141285 0.568995
0.129864 -0.142351 0.568609
0.130748 -0.142379 0.569795
0.129804 -0.142974 0.570768
0.130385 -0.142390 0.571257
0.131158 -0.141516 0.570274
0.131238 -0.142228 0.571004
0.131547 -0.143060 0.571521
0.131933 -0.142643 0.571640
0.132176 -0.142492 0.571974
0.132493 -0.142420 0.573007
0.132631 -0.142679 0.572991
0.132637 -0.142113 0.573048
0.134390 -0.142082 0.574129
0.133559 -0.142574 0.574575
0.133497 -0.142872 0.575106
0.134635 -0.141953 0.575458
0.134279 -0.142399 0.576004
0.135018 -0.141847 0.574792
0.135706 -0.142584 0.576545
0.136908 -0.142555 0.576826
0.136029 -0.142506 0.576315
0.136535 -0.141786 0.578456
0.136681 -0.142924 0.578375
0.136155 -0.142146 0.577895
0.136903 -0.142035 0.579512
0.137000 -0.142134 0.579802
0.137455 -0.141909 0.580030
0.137365 -0.142260 0.579763
0.137606 -0.141730 0.579944
0.137576 -0.142309 0.580697
0.138616 -0.143115 0.582505
0.138852 -0.142455 0.581823
0.138292 -0.142856 0.582578
0.139256 -0.142805 0.582781
0.139065 -0.141799 0.582939
0.139349 -0.142270 0.583746
0.138501 -0.141454 0.583583
0.139229 -0.141882 0.584283
0.139656 -0.142209 0.583554
0.140532 -0.142499 0.586095
0.140395 -0.142186 0.585935
0.140182 -0.143123 0.586713
0.140826 -0.142185 0.587109
0.140602 -0.142799 0.587511
0.140870 -0.141702 0.587593
0.141429 -0.143021 0.588737
0.141452 -0.142555 0.588319
0.140832 -0.141829 0.590327
0.141614 -0.142679 0.589231
0.141315 -0.141703 0.590445
0.141731 -0.141747 0.591572
0.141414 -0.142137 0.591897
0.141825 -0.142490 0.591883
0.141134 -0.142338 0.593531
0.141367 -0.141467 0.592811
0.142093 -0.142087 0.593496
0.141437 -0.141574 0.593569
0.142319 -0.141671 0.594267
0.142120 -0.142033 0.593772
0.143210 -0.142122 0.595165
0.142859 -0.142530 0.596321
0.141892 -0.141490 0.596258
0.141688 -0.142093 0.596806
0.142777 -0.143324 0.597462
0.142002 -0.142068 0.597279
0.142507 -0.142606 0.597650
0.141684 -0.143040 0.598446
0.142360 -0.141514 0.599121
0.142877 -0.143078 0.600135
0.142286 -0.142269 0.599138
0.142972 -0.142526 0.601764
0.142841 -0.143697 0.601460
0.142881 -0.142481 0.601705
0.142275 -0.142254 0.600972
0.142129 -0.142266 0.602486
0.142564 -0.141749 0.603459
0.141633 -0.142316 0.604425
0.142652 -0.142409 0.603914
0.142917 -0.143261 0.604288
0.142374 -0.142985 0.605475
0.141658 -0.142498 0.606373
0.141272 -0.142228 0.606837
0.142548 -0.142981 0.607095
0.142381 -0.142375 0.607416
0.141438 -0.142772 0.608431
0.141446 -0.142230 0.608366
0.141881 -0.141677 0.608803
0.141983 -0.140993 0.608434
0.141497 -0.142066 0.609566
0.140513 -0.141563 0.609284
0.141599 -0.141191 0.611033
0.141196 -0.141870 0.611120
0.142159 -0.142288 0.610982
0.139828 -0.141658 0.611570
0.140324 -0.142300 0.612636
0.140817 -0.142532 0.612632
0.140442 -0.142807 0.612778
0.138900 -0.142542 0.614232
0.139304 -0.142299 0.615472
0.139427 -0.143264 0.614147
0.138635 -0.142244 0.615423
0.138860 -0.142225 0.616653
0.140002 -0.143298 0.616812
0.139556 -0.143174 0.617132
0.138948 -0.142389 0.617334
0.139023 -0.142618 0.617983
0.138674 -0.142851 0.618378
0.138322 -0.142651 0.618880
0.137793 -0.142559 0.618995
0.137834 -0.141812 0.619228
0.137464 -0.142078 0.620065
0.137556 -0.141360 0.619377
0.136938 -0.142185 0.620323
0.137218 -0.141823 0.620423
0.136195 -0.141599 0.621890
0.136201 -0.142261 0.621442
0.136014 -0.141510 0.622650
0.135862 -0.143016 0.622667
0.135206 -0.142014 0.623520
0.134794 -0.143046 0.623198
0.135590 -0.142361 0.624654
0.134927 -0.142733 0.624855
0.135347 -0.141658 0.624861
0.133241 -0.142577 0.625662
0.134738 -0.141440 0.625968
0.133450 -0.141885 0.625656
0.133736 -0.142556 0.627294
0.132726 -0.142389 0.627379
0.133315 -0.142360 0.627680
0.132108 -0.142464 0.627766
0.131907 -0.141839 0.627991
0.131555 -0.142044 0.628332
0.130616 -0.142256 0.628465
0.131179 -0.142617 0.628036
0.130763 -0.142245 0.629176
0.130457 -0.141605 0.630299
0.129566 -0.142457 0.629988
0.130194 -0.141719 0.630273
0.129026 -0.142065 0.631031
0.128302 -0.142617 0.631569
0.128723 -0.141779 0.632434
0.127429 -0.142627 0.631620
0.127724 -0.142142 0.632529
0.127657 -0.142399 0.632600
0.127186 -0.143362 0.631586
0.126603 -0.141487 0.632773
0.125813 -0.142371 0.633664
0.125255 -0.142511 0.634039
0.125306 -0.142139 0.635277
0.124303 -0.142332 0.634233
0.124872 -0.142675 0.633902
0.124030 -0.142678 0.635623
0.123138 -0.142198 0.635052
0.122624 -0.142968 0.635497
0.123246 -0.141638 0.636271
0.122835 -0.143139 0.636249
0.121487 -0.142585 0.636502
0.121777 -0.141991 0.636685
0.121149 -0.142213 0.636508
0.121979 -0.138647 0.563565
0.121015 -0.138822 0.563471
0.122581 -0.139376 0.563776
0.122168 -0.138940 0.563073
0.122046 -0.138384 0.564405
0.124037 -0.139087 0.564940
0.123496 -0.137543 0.564745
0.123792 -0.138227 0.564988
0.124846 -0.138431 0.565826
0.125573 -0.138822 0.565737
0.124507 -0.139455 0.565445
0.125305 -0.139112 0.566276
0.125508 -0.139167 0.566215
0.126426 -0.139170 0.565172
0.127199 -0.139734 0.567293
0.126782 -0.138421 0.567182
0.126609 -0.138214 0.568031
0.129338 -0.139226 0.567553
0.129075 -0.138547 0.568939
0.128792 -0.139639 0.568814
0.129024 -0.138420 0.568970
0.129210 -0.138683 0.568735
0.129863 -0.139958 0.569816
0.130367 -0.138469 0.569784
0.130954 -0.138992 0.570463
0.131322 -0.139008 0.570885
0.131597 -0.139553 0.571523
0.131868 -0.138706 0.571322
0.131240 -0.139110 0.571777
0.133267 -0.138435 0.572849
0.132970 -0.139595 0.573168
0.132885 -0.139573 0.573142
0.133631 -0.138643 0.573596
0.132909 -0.138696 0.573907
0.133836 -0.138323 0.574466
0.134698 -0.138833 0.574335
0.133729 -0.138758 0.575031
0.134498 -0.139161 0.575066
0.135401 -0.138606 0.575217
0.135187 -0.139430 0.575743
0.135441 -0.138706 0.576807
0.136545 -0.138629 0.577526
0.135424 -0.138358 0.578070
0.136246 -0.139496 0.577680
0.136381 -0.138681 0.578698
0.137606 -0.139032 0.578876
0.136808 -0.139196 0.580133
0.137399 -0.138214 0.580164
0.138165 -0.138742 0.580688
0.137349 -0.139393 0.580701
0.138244 -0.138355 0.581749
0.137444 -0.139646 0.581807
0.138682 -0.139102 0.582960
0.138766 -0.139521 0.582852
0.139301 -0.138410 0.582370
0.139964 -0.138322 0.583382
0.138953 -0.138890 0.584355
0.139700 -0.139077 0.583845
0.139436 -0.138588 0.585070
0.139702 -0.138598 0.584201
0.139948 -0.140117 0.585858
0.140051 -0.139027 0.586191
0.139093 -0.140050 0.586819
0.140678 -0.139296 0.587815
0.140099 -0.138459 0.587403
0.140972 -0.139679 0.588036
0.141256 -0.138384 0.589256
0.141744 -0.139752 0.588965
0.140684 -0.139374 0.589336
0.141063 -0.139491 0.589706
0.141662 -0.139001 0.590084
0.140837 -0.139359 0.589735
0.141799 -0.138899 0.591218
0.141958 -0.138617 0.591184
0.142471 -0.138275 0.592594
0.141939 -0.138504 0.591948
0.142331 -0.138667 0.593821
0.141403 -0.138794 0.594305
0.142625 -0.139040 0.594050
0.142238 -0.139254 0.594211
0.142806 -0.138428 0.594744
0.141469 -0.138822 0.594912
0.142718 -0.139177 0.596453
0.142760 -0.138466 0.597454
0.142190 -0.139015 0.596947
0.141124 -0.139106 0.597349
0.143366 -0.138656 0.598247
0.142707 -0.138849 0.598880
0.142035 -0.140121 0.598763
0.142129 -0.139395 0.600232
0.141937 -0.138629 0.600002
0.143181 -0.139135 0.601152
0.143264 -0.139375 0.600439
0.142103 -0.139779 0.601448
0.142785 -0.139352 0.602225
0.141549 -0.139699 0.602518
0.142032 -0.138754 0.603403
0.141759 -0.138652 0.603930
0.143801 -0.139097 0.604536
0.142029 -0.138446 0.603896
0.142281 -0.138811 0.605298
0.142471 -0.139207 0.605039
0.141949 -0.138968 0.606115
0.142190 -0.138538 0.608263
0.142119 -0.138943 0.607705
0.141788 -0.139109 0.607986
0.142587 -0.139787 0.608484
0.142022 -0.138586 0.608517
0.141117 -0.137849 0.609084
0.141063 -0.139458 0.610390
0.140876 -0.139564 0.609650
0.141086 -0.138601 0.610621
0.140734 -0.138853 0.611609
0.141280 -0.139259 0.610775
0.140563 -0.137958 0.612296
0.140499 -0.139190 0.612613
0.141001 -0.138525 0.612382
0.139253 -0.139444 0.613543
0.140440 -0.139273 0.614320
0.139824 -0.138146 0.614217
0.140400 -0.139342 0.614641
0.139651 -0.138361 0.615237
0.139048 -0.138544 0.616162
0.138599 -0.139002 0.616665
0.139411 -0.138903 0.617204
0.138668 -0.138312 0.617287
0.139142 -0.138663 0.617340
0.136853 -0.139022 0.618909
0.138666 -0.138348 0.617956
0.138044 -0.138783 0.619151
0.137724 -0.138516 0.619162
0.137439 -0.139515 0.619346
0.137720 -0.138711 0.619778
0.136267 -0.138140 0.622205
0.137286 -0.138588 0.620852
0.136422 -0.139808 0.621987
0.136314 -0.138938 0.621602
0.136100 -0.139174 0.621850
0.135264 -0.139487 0.622072
0.135552 -0.140134 0.623742
0.135701 -0.138642 0.623325
0.134620 -0.139394 0.625080
0.135058 -0.139855 0.624884
0.134597 -0.138972 0.624714
0.133990 -0.139768 0.624908
0.133137 -0.139931 0.625485
0.133060 -0.139351 0.625560
0.133672 -0.138915 0.625959
0.133713 -0.139144 0.626946
0.132597 -0.139339 0.626031
0.133245 -0.138434 0.627209
0.131902 -0.138471 0.628049
0.131977 -0.139005 0.628614
0.130412 -0.138325 0.629213
0.130427 -0.139284 0.628835
0.130973 -0.138481 0.629526
0.130652 -0.139637 0.630071
0.129942 -0.139241 0.629937
0.129458 -0.137941 0.630133
0.129402 -0.138699 0.630774
0.128310 -0.139214 0.630679
0.128324 -0.138758 0.631247
0.129549 -0.138672 0.630903
0.127674 -0.138759 0.632385
0.128482 -0.138509 0.632055
0.127228 -0.138605 0.632798
0.125599 -0.139023 0.632700
0.125776 -0.138874 0.632413
0.125326 -0.138649 0.633638
0.125124 -0.140040 0.634317
0.125245 -0.138645 0.634674
0.124739 -0.138953 0.634284
0.123835 -0.138554 0.634564
0.123309 -0.139900 0.635189
0.123321 -0.139621 0.634845
0.123677 -0.139494 0.637215
0.123267 -0.138909 0.635551
0.121459 -0.139025 0.636248
0.122457 -0.139374 0.636642
0.120896 -0.138839 0.636998
0.121358 -0.136034 0.563029
0.121003 -0.135542 0.563566
0.121228 -0.135708 0.563824
0.122102 -0.136072 0.564101
0.123263 -0.135994 0.563645
0.123299 -0.135872 0.564364
0.123563 -0.135594 0.564842
0.124374 -0.135024 0.565023
0.124895 -0.135878 0.564582
0.124492 -0.135555 0.565953
0.125830 -0.136218 0.565358
0.125873 -0.135457 0.567182
0.125786 -0.135413 0.565649
0.126661 -0.135569 0.566735
0.127974 -0.135636 0.566326
0.125907 -0.135845 0.568038
0.127576 -0.136467 0.567894
0.128516 -0.136335 0.568082
0.128537 -0.135838 0.568899
0.128685 -0.136325 0.569093
0.129917 -0.136375 0.569866
0.129949 -0.135614 0.569332
0.128942 -0.135574 0.568834
0.129334 -0.135686 0.570140
0.130242 -0.135345 0.570482
0.130152 -0.136345 0.571083
0.131446 -0.135759 0.570529
0.131840 -0.136401 0.571019
0.131747 -0.135385 0.571653
0.132810 -0.135576 0.571660
0.132628 -0.135159 0.572573
0.133113 -0.134830 0.573688
0.132541 -0.135598 0.573145
0.134132 -0.135619 0.573668
0.134021 -0.135209 0.574186
0.134044 -0.136467 0.574868
0.134173 -0.135758 0.574723
0.134849 -0.135683 0.575887
0.134587 -0.135895 0.575787
0.135269 -0.135868 0.576331
0.134787 -0.135599 0.577124
0.135913 -0.134545 0.576514
0.135536 -0.135570 0.577411
0.135573 -0.135781 0.577509
0.136289 -0.135910 0.578944
0.136701 -0.136572 0.578439
0.136223 -0.136037 0.579820
0.137215 -0.135457 0.580117
0.137736 -0.135558 0.581270
0.138070 -0.135663 0.580812
0.138643 -0.135355 0.581321
0.138264 -0.135885 0.581820
0.138768 -0.135475 0.582741
0.139046 -0.135826 0.582154
0.138160 -0.135005 0.582835
0.138548 -0.135544 0.583043
0.138605 -0.134796 0.583064
0.139738 -0.136408 0.583956
0.139952 -0.135599 0.584734
0.140617 -0.135449 0.585629
0.140383 -0.136252 0.585872
0.139528 -0.136522 0.586108
0.140611 -0.135513 0.586482
0.140148 -0.135858 0.586274
0.139142 -0.135863 0.588055
0.140408 -0.135171 0.588336
0.140860 -0.135982 0.588450
0.141861 -0.135374 0.588798
0.141754 -0.134612 0.589888
0.140913 -0.134655 0.590253
0.141890 -0.135185 0.592284
0.141882 -0.135952 0.591218
0.142336 -0.135353 0.591306
0.141525 -0.135090 0.591296
0.142041 -0.136354 0.592661
0.142760 -0.134769 0.592979
0.142506 -0.135535 0.592970
0.142535 -0.135267 0.593658
0.142131 -0.135164 0.593937
0.142985 -0.135680 0.594872
0.141910 -0.135016 0.595858
0.142711 -0.136319 0.596429
0.141654 -0.135374 0.596687
0.142559 -0.135099 0.596379
0.142517 -0.135608 0.597685
0.141966 -0.135523 0.597786
0.142480 -0.134771 0.598171
0.143059 -0.135711 0.598449
0.141917 -0.135068 0.598910
0.142499 -0.135877 0.599492
0.142044 -0.135660 0.599472
0.142056 -0.135459 0.600280
0.143091 -0.134369 0.601680
0.142251 -0.135730 0.601719
0.143188 -0.135312 0.602555
0.141610 -0.135779 0.602916
0.142492 -0.136061 0.603619
0.141801 -0.134756 0.604786
0.142075 -0.135889 0.604336
0.141696 -0.134884 0.604482
0.143324 -0.135711 0.604995
0.142282 -0.136132 0.606007
0.142059 -0.135799 0.606425
0.142005 -0.135693 0.607592
0.142244 -0.136288 0.607473
0.141738 -0.135361 0.607625
0.142455 -0.135347 0.608168
0.142150 -0.135854 0.607958
0.140739 -0.135421 0.608648
0.140483 -0.135709 0.608932
0.141381 -0.136297 0.610356
0.141542 -0.135596 0.611640
0.140439 -0.135953 0.611163
0.140555 -0.136321 0.611323
0.141106 -0.136015 0.611365
0.141135 -0.134778 0.612646
0.139905 -0.135442 0.612707
0.140886 -0.135383 0.612798
0.140198 -0.136582 0.613485
0.139392 -0.136347 0.614588
0.139693 -0.134436 0.614461
0.139845 -0.134647 0.614862
0.138968 -0.135402 0.616483
0.139300 -0.135782 0.616516
0.138915 -0.135144 0.616195
0.139469 -0.135710 0.616207
0.137859 -0.135633 0.617729
0.137735 -0.135737 0.618186
0.137825 -0.135954 0.618755
0.138364 -0.135649 0.619109
0.138117 -0.134580 0.620192
0.137995 -0.135761 0.619509
0.136840 -0.135525 0.621431
0.137393 -0.135702 0.621589
0.137458 -0.135733 0.620147
0.136188 -0.136120 0.622060
0.136638 -0.134939 0.621710
0.136292 -0.136121 0.621999
0.136101 -0.135562 0.623375
0.134757 -0.135454 0.622362
0.135150 -0.135851 0.623143
0.135395 -0.135460 0.624923
0.135362 -0.135499 0.625309
0.134385 -0.136299 0.625265
0.133808 -0.134772 0.624738
0.133636 -0.136113 0.625417
0.133871 -0.136214 0.626405
0.134112 -0.135326 0.625702
0.132854 -0.135921 0.626853
0.132670 -0.135486 0.627218
0.132612 -0.135810 0.626670
0.131409 -0.136325 0.627937
0.131860 -0.135752 0.628018
0.131194 -0.135810 0.629253
0.130525 -0.135501 0.629095
0.131544 -0.135207 0.629062
0.130125 -0.136062 0.630145
0.130106 -0.135081 0.630442
0.127896 -0.135024 0.630598
0.129944 -0.134935 0.630574
0.129428 -0.135539 0.632053
0.128165 -0.136076 0.632492
0.127578 -0.135435 0.632249
0.127826 -0.135304 0.631935
0.127464 -0.136974 0.631860
0.126841 -0.135603 0.633372
0.125361 -0.135325 0.633257
0.126860 -0.136143 0.633606
0.125398 -0.136008 0.633499
0.125294 -0.136107 0.633120
0.124815 -0.136743 0.634799
0.125357 -0.136103 0.635603
0.124279 -0.134722 0.635980
0.123987 -0.136125 0.634468
0.123751 -0.135853 0.635251
0.122836 -0.135706 0.636286
0.122650 -0.135444 0.636889
0.122062 -0.135472 0.635831
0.122005 -0.135525 0.636559
0.121008 -0.136034 0.637155
0.121588 -0.132679 0.563517
0.121642 -0.132968 0.563300
0.122171 -0.132085 0.562763
0.121718 -0.132056 0.564492
0.122560 -0.130759 0.564468
0.123544 -0.132389 0.564104
0.124509 -0.132671 0.564259
0.124162 -0.132262 0.566084
0.125030 -0.132002 0.564770
0.125976 -0.132466 0.565886
0.125721 -0.132536 0.566252
0.125576 -0.132405 0.566229
0.125909 -0.132144 0.566324
0.126575 -0.132853 0.566958
0.127020 -0.132229 0.567376
0.126830 -0.132388 0.567152
0.127430 -0.131867 0.568162
0.127848 -0.131802 0.568153
0.128153 -0.132339 0.567806
0.129130 -0.133087 0.569143
0.129441 -0.132616 0.568810
0.129911 -0.131487 0.570162
0.129718 -0.132672 0.569564
0.130664 -0.132364 0.570037
0.129633 -0.132588 0.570843
0.131433 -0.130805 0.570972
0.130329 -0.132388 0.571012
0.131570 -0.132331 0.571203
0.131931 -0.132109 0.572397
0.132515 -0.132194 0.572291
0.132035 -0.131678 0.571582
0.133510 -0.132440 0.573698
0.133392 -0.132420 0.573902
0.133105 -0.132747 0.574490
0.134053 -0.132234 0.574328
0.134185 -0.132932 0.574990
0.133927 -0.131610 0.575286
0.135086 -0.132038 0.575186
0.134601 -0.132610 0.575699
0.133684 -0.132195 0.575854
0.136168 -0.131982 0.575986
0.135692 -0.132334 0.577632
0.136155 -0.132036 0.577172
0.136621 -0.132479 0.578406
0.136556 -0.132843 0.578260
0.136943 -0.131791 0.579275
0.137892 -0.132311 0.579586
0.137343 -0.132087 0.579292
0.137728 -0.132042 0.580379
0.138305 -0.133480 0.579726
0.138537 -0.132298 0.581926
0.138287 -0.131540 0.581549
0.137975 -0.132291 0.581176
0.138552 -0.132925 0.581940
0.137662 -0.132497 0.583247
0.139114 -0.132168 0.583200
0.139470 -0.132365 0.583738
0.139725 -0.132803 0.583399
0.138439 -0.131859 0.584620
0.140604 -0.132297 0.585086
0.139562 -0.132156 0.585687
0.140798 -0.132320 0.585729
0.139829 -0.132612 0.586876
0.140827 -0.131677 0.587678
0.140810 -0.131231 0.587396
0.140800 -0.132350 0.588180
0.141622 -0.132275 0.587612
0.140838 -0.131982 0.589812
0.141637 -0.132328 0.588660
0.141586 -0.132425 0.590579
0.141718 -0.131855 0.590751
0.141890 -0.132120 0.590992
0.141636 -0.132027 0.591988
0.141283 -0.132488 0.591716
0.142444 -0.131530 0.592145
0.141772 -0.132168 0.592393
0.141982 -0.132356 0.593420
0.142445 -0.131321 0.592910
0.142298 -0.132869 0.594659
0.142529 -0.132709 0.593628
0.142307 -0.133224 0.595115
0.142359 -0.131790 0.596377
0.143413 -0.132040 0.597094
0.142866 -0.132173 0.596596
0.142793 -0.132380 0.597347
0.143063 -0.131691 0.597986
0.142931 -0.131013 0.597188
0.143078 -0.132193 0.598734
0.142802 -0.132621 0.599232
0.141833 -0.132329 0.600114
0.142922 -0.132287 0.600216
0.142462 -0.131946 0.601990
0.142218 -0.131345 0.601066
0.143388 -0.132191 0.601734
0.142409 -0.130853 0.601896
0.142835 -0.132697 0.602286
0.141684 -0.132104 0.603190
0.141711 -0.132469 0.603656
0.141493 -0.132006 0.604751
0.142049 -0.131512 0.604693
0.142843 -0.132253 0.604462
0.142578 -0.132301 0.606460
0.142341 -0.131726 0.605664
0.141901 -0.132670 0.607238
0.141307 -0.132201 0.607819
0.141379 -0.131609 0.608339
0.141023 -0.132013 0.607322
0.142041 -0.132641 0.608858
0.141609 -0.132423 0.609313
0.141502 -0.131253 0.609727
0.141254 -0.132791 0.610063
0.141408 -0.132522 0.611410
0.140781 -0.132181 0.610586
0.141090 -0.131921 0.611970
0.141815 -0.131685 0.612379
0.139585 -0.132018 0.612237
0.140656 -0.132478 0.614123
0.140748 -0.132718 0.613246
0.140312 -0.132777 0.614267
0.140401 -0.132227 0.615032
0.140414 -0.131971 0.615131
0.139216 -0.131268 0.614276
0.138356 -0.132209 0.615765
0.140007 -0.132018 0.615367
0.138831 -0.132496 0.616362
0.138787 -0.131790 0.617654
0.138910 -0.131136 0.617798
0.137934 -0.132173 0.618377
0.138005 -0.131528 0.618623
0.138421 -0.132814 0.619772
0.138775 -0.132304 0.619964
0.138585 -0.132086 0.619153
0.137191 -0.131609 0.620735
0.137435 -0.132322 0.620638
0.136845 -0.131992 0.620271
0.136774 -0.133219 0.622537
0.137246 -0.132590 0.621760
0.136583 -0.132799 0.622918
0.135803 -0.131107 0.622915
0.135870 -0.131663 0.623573
0.135270 -0.132392 0.623247
0.136080 -0.131938 0.623819
0.134604 -0.132298 0.623026
0.135111 -0.132584 0.624903
0.134029 -0.131784 0.625689
0.133340 -0.132626 0.626207
0.133772 -0.132032 0.625543
0.133212 -0.132397 0.627109
0.132383 -0.132492 0.626324
0.132186 -0.132472 0.626085
0.132230 -0.132764 0.627431
0.130413 -0.131878 0.627512
0.132125 -0.133257 0.629039
0.130757 -0.131456 0.628629
0.130687 -0.132260 0.628927
0.130754 -0.132154 0.629154
0.129249 -0.132287 0.628654
0.129846 -0.132669 0.630018
0.129534 -0.132659 0.631838
0.129604 -0.132569 0.631199
0.128274 -0.132996 0.631754
0.128007 -0.132979 0.631093
0.127799 -0.132305 0.631579
0.127056 -0.132102 0.631577
0.126848 -0.132844 0.632830
0.126939 -0.133565 0.633277
0.126226 -0.131642 0.632599
0.125727 -0.132037 0.634117
0.126082 -0.131591 0.634236
0.125027 -0.132371 0.633318
0.124704 -0.133170 0.634469
0.124589 -0.132354 0.634646
0.124345 -0.132270 0.635049
0.123633 -0.132685 0.635924
0.123120 -0.131590 0.636199
0.122493 -0.131954 0.636159
0.122324 -0.131781 0.635986
0.122839 -0.131085 0.636605
0.121700 -0.132516 0.636212
0.121462 -0.132575 0.636653
0.120737 -0.129391 0.563073
0.121416 -0.129354 0.562968
0.122178 -0.129415 0.564183
0.122734 -0.128933 0.563615
0.122572 -0.128765 0.565060
0.124322 -0.129878 0.564035
0.123227 -0.128245 0.564160
0.124173 -0.129164 0.564911
0.124075 -0.128875 0.565700
0.125681 -0.129386 0.566058
0.124847 -0.129051 0.566081
0.125774 -0.128577 0.565350
0.126113 -0.129796 0.567526
0.126874 -0.129924 0.566609
0.127090 -0.129683 0.567991
0.127140 -0.129056 0.567554
0.127543 -0.128307 0.567569
0.126736 -0.129310 0.567604
0.128931 -0.128638 0.568657
0.128495 -0.127820 0.568653
0.128750 -0.128949 0.568998
0.129040 -0.128810 0.568905
0.130369 -0.128815 0.568816
0.129645 -0.128812 0.570325
0.131097 -0.128500 0.570633
0.130652 -0.129276 0.570820
0.131976 -0.128932 0.571480
0.131637 -0.129898 0.570963
0.132528 -0.129002 0.571723
0.131621 -0.128731 0.572215
0.132766 -0.128670 0.572331
0.132795 -0.128150 0.572766
0.133287 -0.129154 0.573311
0.134304 -0.128839 0.573091
0.133443 -0.128312 0.574635
0.134435 -0.129180 0.573636
0.133291 -0.128143 0.575181
0.135477 -0.129142 0.574869
0.135348 -0.128584 0.576559
0.135161 -0.128521 0.576433
0.135401 -0.129299 0.576218
0.135921 -0.129267 0.577753
0.136120 -0.128427 0.578142
0.136854 -0.130215 0.578923
0.136288 -0.128351 0.578722
0.136447 -0.128661 0.579120
0.137950 -0.129973 0.579245
0.137842 -0.128487 0.580762
0.138157 -0.128369 0.579474
0.137696 -0.129093 0.580507
0.138109 -0.127994 0.581421
0.138512 -0.128024 0.581164
0.138144 -0.129286 0.582288
0.139011 -0.128454 0.583231
0.139037 -0.127933 0.583434
0.139897 -0.129278 0.583769
0.139178 -0.129665 0.583545
0.139798 -0.130236 0.584498
0.138721 -0.128439 0.584137
0.139672 -0.129217 0.585296
0.139320 -0.128453 0.586348
0.140740 -0.129167 0.586150
0.140498 -0.128123 0.587116
0.140910 -0.127570 0.587844
0.141679 -0.129049 0.587667
0.140255 -0.128587 0.587293
0.140401 -0.129281 0.587980
0.141463 -0.128037 0.588912
0.140781 -0.128487 0.588973
0.141124 -0.130068 0.590721
0.141819 -0.129020 0.590032
0.141021 -0.128726 0.590796
0.141126 -0.130014 0.591733
0.141485 -0.129185 0.592008
0.141905 -0.128533 0.591453
0.141716 -0.128541 0.592317
0.142348 -0.128767 0.594276
0.142797 -0.128821 0.594600
0.141453 -0.129216 0.594325
0.142156 -0.128283 0.595354
0.142745 -0.129326 0.595347
0.141783 -0.128678 0.595872
0.142042 -0.128732 0.596123
0.142226 -0.128106 0.596564
0.142665 -0.129129 0.596934
0.143110 -0.128707 0.597661
0.142669 -0.129565 0.597486
0.142353 -0.128620 0.599213
0.143062 -0.129055 0.599811
0.142942 -0.129477 0.599526
0.143245 -0.128409 0.600500
0.142457 -0.128955 0.601169
0.142093 -0.129751 0.601607
0.142396 -0.128532 0.601310
0.142119 -0.128455 0.602122
0.143487 -0.128969 0.603425
0.142798 -0.128818 0.603280
0.142325 -0.128689 0.603707
0.141684 -0.128927 0.605021
0.142067 -0.128344 0.605298
0.143017 -0.128856 0.604558
0.142047 -0.129507 0.605655
0.141742 -0.129346 0.605983
0.141623 -0.128149 0.606269
0.142233 -0.128930 0.607426
0.141374 -0.128643 0.606680
0.142053 -0.128783 0.608692
0.141627 -0.128519 0.609196
0.141416 -0.129903 0.608507
0.142205 -0.129004 0.609942
0.141842 -0.128688 0.609654
0.141616 -0.128967 0.610197
0.140919 -0.129435 0.611611
0.141052 -0.128362 0.610835
0.140736 -0.128946 0.612068
0.140359 -0.129081 0.612100
0.139769 -0.129588 0.612634
0.140772 -0.128175 0.613677
0.140106 -0.128732 0.613973
0.140055 -0.129303 0.615313
0.140767 -0.128653 0.614748
0.140165 -0.128524 0.614762
0.139057 -0.129205 0.616297
0.140453 -0.129305 0.616170
0.138918 -0.129346 0.616386
0.137738 -0.129361 0.616822
0.138340 -0.128634 0.617294
0.138174 -0.128538 0.618682
0.137763 -0.128966 0.617905
0.137784 -0.128774 0.619243
0.137676 -0.127777 0.619302
0.136831 -0.129887 0.619745
0.136412 -0.128047 0.620615
0.136845 -0.129358 0.620386
0.137188 -0.128220 0.620822
0.136113 -0.129358 0.621652
0.137158 -0.128307 0.622189
0.136162 -0.129419 0.622497
0.136037 -0.129389 0.623062
0.135323 -0.129281 0.622377
0.136316 -0.128378 0.624037
0.133976 -0.128772 0.623534
0.135199 -0.129639 0.624986
0.135116 -0.128551 0.625538
0.134413 -0.128343 0.626831
0.133856 -0.128351 0.625179
0.133705 -0.128645 0.625235
0.133164 -0.129503 0.625353
0.132998 -0.127816 0.627044
0.132270 -0.128797 0.626742
0.131729 -0.128996 0.626757
0.132724 -0.129097 0.628033
0.131911 -0.128851 0.628667
0.131720 -0.129402 0.628469
0.130838 -0.128784 0.627860
0.130931 -0.129640 0.629472
0.130912 -0.129143 0.629943
0.129772 -0.128648 0.630672
0.128969 -0.128498 0.630797
0.129363 -0.128696 0.630868
0.129144 -0.129114 0.630375
0.128801 -0.128503 0.631646
0.127586 -0.129106 0.631599
0.127955 -0.129538 0.631672
0.126555 -0.129486 0.631744
0.126543 -0.128055 0.632884
0.127640 -0.127734 0.633561
0.125336 -0.129134 0.633167
0.125648 -0.129026 0.633059
0.125479 -0.129288 0.633785
0.124823 -0.128743 0.634834
0.124821 -0.128560 0.634506
0.123341 -0.129109 0.635406
0.123160 -0.129439 0.635347
0.122885 -0.128806 0.635800
0.123005 -0.129268 0.635355
0.122679 -0.129176 0.636939
0.122607 -0.128648 0.636418
0.121333 -0.128675 0.636678
0.121686 -0.129075 0.636457
0.121401 -0.125502 0.562588
0.121655 -0.126396 0.563204
0.121804 -0.126046 0.562555
0.122107 -0.125969 0.565033
0.123464 -0.126290 0.563446
0.123112 -0.125571 0.563864
0.124053 -0.125551 0.565303
0.124051 -0.124822 0.565353
0.124540 -0.125740 0.565596
0.124529 -0.125588 0.565506
0.125394 -0.124641 0.565664
0.125298 -0.125217 0.566309
0.124968 -0.125718 0.566658
0.126855 -0.124935 0.566346
0.125585 -0.125039 0.567264
0.127168 -0.126225 0.567266
0.127827 -0.125747 0.568786
0.127737 -0.125374 0.568928
0.129146 -0.125781 0.568415
0.128926 -0.125251 0.568233
0.128921 -0.125362 0.568865
0.130674 -0.125881 0.569702
0.129731 -0.125824 0.569270
0.131109 -0.125165 0.570620
0.131551 -0.124948 0.570683
0.131167 -0.125554 0.570925
0.131285 -0.125661 0.571547
0.131204 -0.126019 0.571587
0.130706 -0.125587 0.571766
0.133133 -0.124422 0.572793
0.131857 -0.125314 0.572609
0.132878 -0.126101 0.572818
0.132850 -0.125017 0.573557
0.133891 -0.126317 0.574158
0.134551 -0.125287 0.575127
0.134025 -0.125305 0.574169
0.133536 -0.126055 0.575009
0.133888 -0.125051 0.575410
0.135348 -0.125348 0.575905
0.135378 -0.125603 0.576323
0.135505 -0.125150 0.577277
0.135540 -0.124468 0.577002
0.136062 -0.125189 0.577778
0.136128 -0.125370 0.578172
0.136950 -0.124566 0.578523
0.136153 -0.125063 0.578601
0.137245 -0.125982 0.579748
0.138398 -0.125276 0.579720
0.137901 -0.125573 0.580206
0.138066 -0.124505 0.581062
0.137383 -0.125532 0.581128
0.138572 -0.125732 0.580793
0.138785 -0.125833 0.581525
0.138864 -0.124901 0.583285
0.138905 -0.125240 0.583153
0.138824 -0.125116 0.582775
0.139389 -0.125008 0.583317
0.138626 -0.125537 0.584090
0.139833 -0.125290 0.585351
0.140083 -0.125979 0.585154
0.139694 -0.125532 0.585648
0.139488 -0.125291 0.585917
0.140671 -0.125136 0.586071
0.141487 -0.124955 0.587934
0.140472 -0.126144 0.586582
0.140604 -0.125264 0.588131
0.140570 -0.125414 0.587672
0.140680 -0.125408 0.589158
0.141532 -0.125732 0.588678
0.140884 -0.124907 0.589711
0.141117 -0.125997 0.589864
0.140793 -0.125387 0.590902
0.141025 -0.126158 0.590909
0.140911 -0.124951 0.591260
0.141353 -0.125286 0.592389
0.141747 -0.125431 0.593774
0.141903 -0.125645 0.593781
0.142970 -0.125964 0.593215
0.142080 -0.125966 0.594941
0.141781 -0.125022 0.595324
0.142792 -0.125578 0.594681
0.142470 -0.125948 0.596003
0.142492 -0.126651 0.596014
0.143027 -0.125479 0.596511
0.142155 -0.125497 0.597344
0.141849 -0.124662 0.596740
0.142358 -0.125385 0.598093
0.143261 -0.125429 0.599537
0.142130 -0.125772 0.599263
0.143183 -0.125428 0.600203
0.142925 -0.124700 0.599835
0.141488 -0.125623 0.600468
0.142234 -0.125468 0.601661
0.142362 -0.125083 0.602078
0.141818 -0.125583 0.602301
0.142795 -0.125176 0.602568
0.141381 -0.125321 0.603094
0.142136 -0.126556 0.605019
0.142320 -0.125392 0.603858
0.141893 -0.125964 0.604957
0.141996 -0.126055 0.604486
0.141870 -0.126306 0.606370
0.141470 -0.126373 0.605760
0.141954 -0.125601 0.606758
0.141475 -0.125363 0.607634
0.141576 -0.126005 0.607077
0.141352 -0.125396 0.608466
0.141862 -0.124590 0.609147
0.142142 -0.125764 0.608700
0.141385 -0.124686 0.610246
0.140443 -0.126753 0.609556
0.141085 -0.125217 0.610796
0.140881 -0.124853 0.612074
0.142536 -0.125293 0.611504
0.140288 -0.126038 0.612119
0.140860 -0.125800 0.612995
0.140560 -0.126115 0.614072
0.140040 -0.126794 0.613832
0.139506 -0.125450 0.613532
0.140758 -0.126075 0.614063
0.139596 -0.126113 0.614683
0.139763 -0.125657 0.615549
0.139708 -0.125940 0.615472
0.139426 -0.125008 0.616956
0.138356 -0.125551 0.616665
0.139049 -0.124731 0.616552
0.139007 -0.125324 0.617155
0.138942 -0.125888 0.617718
0.137420 -0.124758 0.619149
0.137542 -0.125546 0.619228
0.137941 -0.125146 0.619288
0.137434 -0.125484 0.619936
0.136883 -0.126166 0.619994
0.137476 -0.125306 0.621196
0.137330 -0.126079 0.621177
0.136848 -0.125692 0.621733
0.136196 -0.125724 0.622602
0.136199 -0.125422 0.621659
0.136727 -0.126010 0.622512
0.135136 -0.125944 0.623972
0.135588 -0.126115 0.623457
0.135520 -0.125409 0.624157
0.134739 -0.125947 0.624416
0.134316 -0.125796 0.624193
0.134690 -0.125995 0.624386
0.133911 -0.125129 0.625929
0.132755 -0.126431 0.626059
0.132974 -0.124963 0.626808
0.132790 -0.126598 0.626713
0.132551 -0.125517 0.627068
0.132191 -0.125802 0.628076
0.132506 -0.125906 0.628023
0.131827 -0.125550 0.628295
0.130507 -0.124708 0.628799
0.131573 -0.126590 0.628394
0.130645 -0.125380 0.629538
0.129365 -0.125596 0.630667
0.129992 -0.125185 0.630851
0.128843 -0.125770 0.630594
0.130311 -0.125317 0.631983
0.128738 -0.126938 0.631233
0.127943 -0.124611 0.631177
0.128606 -0.125438 0.632116
0.127691 -0.124837 0.631868
0.128181 -0.125582 0.633010
0.126365 -0.125942 0.632513
0.126582 -0.126050 0.633423
0.125646 -0.125200 0.633262
0.125808 -0.125223 0.634049
0.125388 -0.124792 0.634770
0.124860 -0.124792 0.633825
0.125084 -0.125715 0.633916
0.123879 -0.125829 0.634469
0.124061 -0.125083 0.635374
0.123865 -0.125654 0.636027
0.122695 -0.125525 0.635167
0.122701 -0.125304 0.636062
0.121751 -0.126031 0.635715
0.122027 -0.125358 0.636849
0.121564 -0.125729 0.636739
0.120610 -0.122559 0.563099
0.121768 -0.122519 0.563728
0.122222 -0.122079 0.563817
0.123308 -0.121795 0.563741
0.122679 -0.122248 0.563782
0.124697 -0.122300 0.564029
0.123627 -0.121679 0.564486
0.123464 -0.121547 0.565708
0.125044 -0.123475 0.564896
0.124758 -0.122227 0.566051
0.125253 -0.122046 0.565639
0.125712 -0.122600 0.567129
0.126223 -0.122708 0.565789
0.126656 -0.121966 0.567012
0.127001 -0.122118 0.566712
0.127876 -0.122405 0.567286
0.127464 -0.122811 0.566919
0.128218 -0.122168 0.568179
0.128378 -0.121855 0.568734
0.128996 -0.122047 0.568907
0.128683 -0.122063 0.568581
0.130074 -0.122123 0.569101
0.130032 -0.122617 0.569431
0.130045 -0.122989 0.570158
0.130865 -0.121189 0.571157
0.131043 -0.122046 0.571763
0.131888 -0.122632 0.571302
0.131170 -0.123187 0.570980
0.131745 -0.122256 0.570926
0.132385 -0.122371 0.571765
0.132958 -0.122012 0.572156
0.132840 -0.122073 0.572189
0.134324 -0.121714 0.574428
0.134110 -0.122311 0.574206
0.133830 -0.122014 0.575108
0.134558 -0.121864 0.574581
0.133551 -0.122243 0.575572
0.134661 -0.122284 0.575591
0.134178 -0.121650 0.576516
0.135746 -0.121869 0.576421
0.135072 -0.122280 0.577143
0.136294 -0.121764 0.576533
0.136982 -0.122698 0.577136
0.137302 -0.121924 0.578887
0.136284 -0.122350 0.578010
0.137288 -0.122137 0.579384
0.137176 -0.121659 0.579837
0.137108 -0.121803 0.579886
0.137202 -0.122439 0.579599
0.137263 -0.122992 0.580452
0.138144 -0.122707 0.581768
0.138124 -0.122386 0.581854
0.138205 -0.122481 0.582273
0.139548 -0.121991 0.583194
0.137498 -0.122860 0.582927
0.139355 -0.122669 0.583180
0.138390 -0.122029 0.584465
0.139005 -0.121604 0.583976
0.140168 -0.122361 0.585250
0.140280 -0.122103 0.585218
0.140714 -0.122965 0.585482
0.140675 -0.122595 0.586217
0.139503 -0.122700 0.585366
0.140022 -0.121717 0.587692
0.139929 -0.122209 0.587607
0.141240 -0.122423 0.587824
0.140987 -0.123169 0.588268
0.141571 -0.120883 0.588950
0.141420 -0.122835 0.589027
0.140968 -0.122089 0.589481
0.141948 -0.122246 0.590570
0.141446 -0.121916 0.591561
0.141363 -0.122224 0.591542
0.142126 -0.122714 0.591732
0.141891 -0.121931 0.593526
0.141790 -0.122339 0.593561
0.142454 -0.121470 0.592527
0.141638 -0.122449 0.593529
0.142262 -0.122246 0.594161
0.141876 -0.122702 0.595591
0.142470 -0.122932 0.595826
0.142651 -0.122553 0.595097
0.142488 -0.121790 0.596920
0.142506 -0.122705 0.596540
0.142742 -0.121687 0.596641
0.142781 -0.122753 0.596885
0.143359 -0.122142 0.599087
0.142758 -0.122349 0.599446
0.142735 -0.121874 0.598593
0.142458 -0.122384 0.599017
0.142265 -0.121906 0.600253
0.142737 -0.121814 0.600195
0.142449 -0.122502 0.600871
0.143148 -0.122056 0.602034
0.142522 -0.122527 0.602104
0.142400 -0.122605 0.602970
0.142600 -0.122142 0.603785
0.141355 -0.121917 0.603585
0.141887 -0.121853 0.604428
0.142301 -0.122561 0.605024
0.142828 -0.121588 0.605025
0.141135 -0.122062 0.605456
0.141161 -0.121747 0.606431
0.141302 -0.121491 0.605827
0.141689 -0.121519 0.607255
0.141693 -0.122036 0.608469
0.141269 -0.122100 0.608032
0.141079 -0.121611 0.607808
0.141565 -0.122180 0.608599
0.140971 -0.122659 0.610470
0.140685 -0.122945 0.611001
0.141160 -0.121945 0.610291
0.141063 -0.122590 0.611295
0.141182 -0.122612 0.611585
0.140975 -0.121639 0.612020
0.140787 -0.121418 0.612242
0.140452 -0.121299 0.612909
0.140099 -0.121205 0.612896
0.141080 -0.121688 0.613591
0.140368 -0.121802 0.614843
0.138766 -0.122815 0.614891
0.139660 -0.121676 0.614673
0.139073 -0.121338 0.616444
0.139525 -0.122434 0.616450
0.139221 -0.121989 0.617269
0.139329 -0.122336 0.617238
0.138740 -0.122696 0.617344
0.138740 -0.122743 0.617661
0.138531 -0.121279 0.618158
0.138289 -0.122927 0.618879
0.136850 -0.122103 0.619084
0.137159 -0.121757 0.620533
0.137793 -0.122591 0.620695
0.136684 -0.121813 0.619948
0.136749 -0.121757 0.620922
0.136733 -0.122054 0.621313
0.136786 -0.122411 0.622095
0.136655 -0.122312 0.621513
0.135518 -0.122110 0.622119
0.134722 -0.122713 0.623028
0.135352 -0.122446 0.623813
0.134795 -0.122521 0.623907
0.134632 -0.122066 0.625302
0.133732 -0.122144 0.624528
0.134855 -0.122248 0.625024
0.134241 -0.122436 0.624804
0.133883 -0.121728 0.627097
0.134393 -0.121262 0.626916
0.132976 -0.122078 0.626425
0.132505 -0.121864 0.626995
0.132342 -0.122636 0.627364
0.131718 -0.122538 0.628809
0.131819 -0.122364 0.628705
0.130995 -0.121242 0.629155
0.129526 -0.122662 0.629061
0.130686 -0.121755 0.629088
0.130437 -0.121828 0.630424
0.130225 -0.121636 0.629628
0.129188 -0.122499 0.630410
0.128781 -0.121659 0.631025
0.129364 -0.122515 0.630926
0.128699 -0.121576 0.631482
0.128114 -0.122290 0.631870
0.127471 -0.121267 0.632593
0.127772 -0.121959 0.632550
0.127083 -0.122397 0.632755
0.125851 -0.122300 0.632740
0.126470 -0.122027 0.632939
0.126512 -0.121332 0.633314
0.125790 -0.122511 0.634228
0.125385 -0.121979 0.634461
0.125314 -0.121604 0.634631
0.124583 -0.121982 0.635048
0.123571 -0.122174 0.635528
0.122633 -0.122521 0.635598
0.121874 -0.122238 0.635808
0.123064 -0.122946 0.636197
0.121946 -0.121773 0.635621
0.121739 -0.122121 0.636333
0.120961 -0.122268 0.637408
0.121770 -0.119462 0.561800
0.123035 -0.119703 0.563807
0.121736 -0.118660 0.564267
0.123078 -0.118515 0.563344
0.121987 -0.117545 0.563750
0.123144 -0.118173 0.564048
0.125201 -0.118643 0.565088
0.123791 -0.118769 0.564194
0.124323 -0.118517 0.565285
0.124797 -0.119128 0.565500
0.125341 -0.119865 0.566059
0.126238 -0.120036 0.566660
0.125239 -0.118051 0.565935
0.125929 -0.119017 0.566872
0.127236 -0.119788 0.566613
0.127988 -0.118588 0.567475
0.127949 -0.119031 0.567953
0.127254 -0.118322 0.567970
0.128597 -0.119907 0.568634
0.128368 -0.118798 0.568606
0.128898 -0.118565 0.569355
0.129790 -0.118241 0.569347
0.129877 -0.118856 0.569673
0.130359 -0.118983 0.570174
0.129723 -0.118950 0.570358
0.130947 -0.117829 0.570431
0.131654 -0.118399 0.571801
0.131184 -0.118310 0.571514
0.130511 -0.118329 0.572086
0.132225 -0.118818 0.572891
0.132294 -0.118826 0.572315
0.132479 -0.118064 0.572233
0.134232 -0.118247 0.574222
0.134594 -0.118719 0.574399
0.134735 -0.119210 0.574071
0.133713 -0.118054 0.574446
0.135083 -0.119029 0.574665
0.135351 -0.118243 0.575517
0.134858 -0.118915 0.575820
0.135106 -0.118035 0.576247
0.135220 -0.118604 0.576244
0.135428 -0.119262 0.577127
0.136373 -0.118337 0.577508
0.136251 -0.118069 0.577732
0.135534 -0.118702 0.578826
0.137545 -0.118914 0.578489
0.137357 -0.118660 0.580220
0.136648 -0.118501 0.579539
0.137321 -0.117852 0.580538
0.138498 -0.118356 0.580763
0.138377 -0.118716 0.580854
0.138297 -0.119157 0.581605
0.138971 -0.118585 0.581057
0.138442 -0.119146 0.581822
0.138871 -0.118373 0.583328
0.138673 -0.119173 0.582732
0.139584 -0.118735 0.584210
0.139155 -0.117999 0.584445
0.138909 -0.119061 0.585555
0.140434 -0.118505 0.584081
0.139968 -0.118294 0.584586
0.140298 -0.118570 0.586879
0.139823 -0.118965 0.586507
0.140443 -0.118690 0.585608
0.139303 -0.119401 0.587476
0.140801 -0.119075 0.587896
0.140784 -0.118524 0.588001
0.141252 -0.118821 0.589915
0.141095 -0.118851 0.589568
0.140947 -0.118727 0.590052
0.141455 -0.118711 0.590929
0.142391 -0.118262 0.591533
0.141804 -0.118346 0.590266
0.141273 -0.118037 0.591598
0.141798 -0.117971 0.591788
0.141207 -0.118887 0.593213
0.142181 -0.119468 0.592637
0.142038 -0.118936 0.593264
0.143080 -0.118798 0.594203
0.142040 -0.119155 0.594626
0.142600 -0.118985 0.595717
0.142545 -0.117738 0.595898
0.142729 -0.118638 0.596171
0.142664 -0.119202 0.596865
0.142670 -0.118801 0.597272
0.144100 -0.118517 0.597364
0.142909 -0.119229 0.598144
0.141183 -0.118901 0.597904
0.141892 -0.118663 0.598400
0.142719 -0.119126 0.600030
0.142963 -0.118570 0.599695
0.141148 -0.119494 0.601192
0.142566 -0.119033 0.601014
0.141730 -0.117962 0.602149
0.142034 -0.118393 0.603037
0.142287 -0.118897 0.602577
0.142336 -0.118364 0.603381
0.141496 -0.118411 0.603890
0.142246 -0.119522 0.603593
0.140953 -0.119342 0.604107
0.142073 -0.118564 0.605424
0.142418 -0.119113 0.604202
0.141658 -0.117950 0.605432
0.141669 -0.118625 0.607506
0.143023 -0.118503 0.607809
0.142169 -0.118706 0.606810
0.142340 -0.118496 0.608659
0.141242 -0.119089 0.608810
0.141104 -0.118299 0.609894
0.142007 -0.118752 0.609105
0.141185 -0.119442 0.610157
0.140419 -0.118288 0.609704
0.140861 -0.118771 0.611181
0.141614 -0.118916 0.611670
0.139846 -0.119411 0.612468
0.140751 -0.118315 0.613118
0.141370 -0.118940 0.613126
0.140205 -0.118743 0.613219
0.141181 -0.118951 0.613714
0.140540 -0.118546 0.613888
0.139597 -0.119189 0.614267
0.139686 -0.118629 0.615285
0.139850 -0.119307 0.616067
0.138668 -0.118454 0.617241
0.139778 -0.118383 0.616537
0.139100 -0.119111 0.616419
0.138396 -0.118793 0.617158
0.138981 -0.120950 0.617762
0.137254 -0.118499 0.617646
0.137757 -0.118328 0.618371
0.138147 -0.119486 0.619803
0.137149 -0.118793 0.619364
0.137121 -0.119602 0.619935
0.137253 -0.118389 0.620816
0.137327 -0.118929 0.620666
0.136141 -0.118321 0.620618
0.136089 -0.118524 0.622619
0.135807 -0.118685 0.622544
0.135953 -0.118449 0.622973
0.136284 -0.119304 0.623319
0.135075 -0.118407 0.623917
0.135493 -0.119164 0.624157
0.134195 -0.118975 0.624707
0.134537 -0.119235 0.625553
0.134635 -0.119119 0.624700
0.133504 -0.118834 0.625613
0.132828 -0.118693 0.626750
0.132702 -0.118736 0.626506
0.133040 -0.118863 0.627066
0.131578 -0.120357 0.627362
0.132789 -0.119891 0.627399
0.132130 -0.118941 0.629144
0.132001 -0.118531 0.628679
0.131766 -0.119857 0.628620
0.130898 -0.118288 0.628453
0.130747 -0.118986 0.630019
0.129575 -0.118304 0.629171
0.129533 -0.119318 0.631331
0.129870 -0.119891 0.630116
0.129749 -0.119460 0.631157
0.129147 -0.118684 0.631209
0.129092 -0.118558 0.632005
0.128183 -0.118613 0.631859
0.128162 -0.118104 0.633140
0.126818 -0.118719 0.633335
0.126569 -0.119543 0.633103
0.126286 -0.118737 0.632866
0.126504 -0.118416 0.633346
0.124566 -0.118883 0.633940
0.124937 -0.118889 0.634405
0.125267 -0.118761 0.634563
0.125213 -0.118837 0.635411
0.124409 -0.120120 0.635085
0.122930 -0.119531 0.635022
0.123026 -0.118752 0.635854
0.122868 -0.118812 0.635399
0.122786 -0.119118 0.636269
0.121519 -0.118788 0.636009
0.121136 -0.117861 0.636591
0.121896 -0.118824 0.636969
0.121583 -0.115088 0.562917
0.121013 -0.116163 0.563295
0.122465 -0.115259 0.563340
0.122515 -0.116154 0.563716
0.123030 -0.114808 0.563907
0.124483 -0.115087 0.563840
0.123438 -0.114877 0.564503
0.123944 -0.114920 0.564716
0.124191 -0.115727 0.566029
0.124643 -0.115413 0.565737
0.125725 -0.114998 0.565294
0.126617 -0.115804 0.565521
0.126778 -0.114541 0.566464
0.126786 -0.115175 0.566953
0.127302 -0.115675 0.567759
0.127953 -0.115649 0.567809
0.128178 -0.114765 0.567886
0.128509 -0.115300 0.568590
0.128265 -0.115761 0.568411
0.128377 -0.115383 0.568910
0.128665 -0.115138 0.569382
0.129443 -0.115644 0.569032
0.130012 -0.115921 0.569624
0.129735 -0.116059 0.570510
0.130520 -0.115942 0.570350
0.131092 -0.115231 0.570994
0.130915 -0.115119 0.571766
0.131220 -0.115071 0.571431
0.132621 -0.116332 0.572565
0.132400 -0.115618 0.571290
0.133518 -0.116486 0.573220
0.133444 -0.115395 0.572612
0.133879 -0.116570 0.572757
0.133847 -0.115349 0.573528
0.134519 -0.114983 0.574621
0.134504 -0.115949 0.573955
0.134163 -0.114835 0.574942
0.134746 -0.115752 0.575279
0.134857 -0.115316 0.575130
0.135148 -0.116252 0.575803
0.135409 -0.115755 0.576769
0.135330 -0.116207 0.576896
0.136421 -0.115398 0.577454
0.136187 -0.116080 0.577608
0.136491 -0.115242 0.578050
0.136583 -0.115371 0.578894
0.136619 -0.115380 0.579504
0.137769 -0.115769 0.580011
0.138801 -0.114784 0.580607
0.137265 -0.115439 0.580925
0.138498 -0.115686 0.581831
0.137940 -0.115531 0.581869
0.137850 -0.114217 0.582392
0.138306 -0.115295 0.583535
0.139469 -0.115907 0.582768
0.138956 -0.115820 0.583401
0.139622 -0.115017 0.583000
0.139004 -0.115115 0.583403
0.140831 -0.115981 0.584515
0.139198 -0.116183 0.584172
0.139836 -0.115501 0.586008
0.139787 -0.114816 0.586218
0.139423 -0.115291 0.586878
0.141347 -0.115619 0.587314
0.141120 -0.114904 0.588892
0.140472 -0.114666 0.587882
0.140688 -0.115136 0.588909
0.141908 -0.115287 0.589146
0.142119 -0.114711 0.589693
0.140303 -0.114660 0.589620
0.141252 -0.114869 0.590800
0.141909 -0.115464 0.590408
0.141409 -0.115593 0.590941
0.141792 -0.115811 0.592001
0.142253 -0.115488 0.592681
0.142069 -0.115525 0.592480
0.142056 -0.115169 0.593707
0.142873 -0.115155 0.592717
0.142727 -0.115603 0.595084
0.141783 -0.115518 0.594388
0.141967 -0.114757 0.595499
0.142208 -0.115684 0.594520
0.141758 -0.114784 0.595734
0.141911 -0.115837 0.596471
0.142981 -0.116071 0.597362
0.142117 -0.114588 0.597050
0.142380 -0.115839 0.597544
0.142700 -0.115788 0.598962
0.141481 -0.115798 0.598591
0.143131 -0.115732 0.599481
0.142210 -0.114916 0.601000
0.141932 -0.115119 0.601828
0.142086 -0.115458 0.600750
0.142808 -0.115856 0.601974
0.142961 -0.114953 0.602862
0.142681 -0.114751 0.602742
0.143297 -0.115085 0.603915
0.141761 -0.115977 0.602945
0.142138 -0.116331 0.603958
0.142110 -0.115734 0.605226
0.141568 -0.114969 0.605321
0.142638 -0.115719 0.605860
0.141794 -0.115164 0.605878
0.141569 -0.116544 0.605952
0.140893 -0.114511 0.606387
0.141512 -0.115358 0.607730
0.141926 -0.115152 0.607342
0.141271 -0.115546 0.608977
0.141382 -0.115147 0.608978
0.140791 -0.115512 0.609816
0.140114 -0.114810 0.610563
0.141349 -0.115155 0.611012
0.140764 -0.115112 0.610822
0.141057 -0.115784 0.611962
0.141745 -0.115299 0.612340
0.139958 -0.115194 0.612776
0.140535 -0.115314 0.613412
0.140204 -0.115070 0.613599
0.139760 -0.115647 0.613591
0.140411 -0.115562 0.614687
0.140245 -0.115155 0.615125
0.139625 -0.114952 0.615271
0.139757 -0.116126 0.615577
0.139007 -0.114740 0.616680
0.139145 -0.115605 0.616816
0.138854 -0.115446 0.617435
0.138772 -0.115225 0.617247
0.139058 -0.115062 0.618130
0.138207 -0.115898 0.618578
0.137533 -0.115307 0.618520
0.137656 -0.116680 0.619742
0.137599 -0.115537 0.619305
0.137138 -0.115713 0.620471
0.136939 -0.115444 0.621371
0.136337 -0.115354 0.620735
0.137533 -0.116032 0.621219
0.136035 -0.115974 0.622409
0.136696 -0.115714 0.622493
0.136268 -0.115325 0.623416
0.135310 -0.114556 0.622842
0.135774 -0.114463 0.623801
0.135843 -0.115172 0.624369
0.135375 -0.115605 0.623994
0.133730 -0.115531 0.625111
0.133990 -0.116308 0.625126
0.133081 -0.115552 0.626011
0.133202 -0.116205 0.626353
0.133365 -0.115776 0.626459
0.132229 -0.115873 0.626532
0.132805 -0.116061 0.627897
0.131979 -0.115206 0.627402
0.132060 -0.114892 0.628839
0.131252 -0.115145 0.628645
0.130922 -0.114442 0.628550
0.130247 -0.115745 0.629418
0.131450 -0.115669 0.630257
0.130540 -0.115406 0.629119
0.129552 -0.115270 0.629984
0.128969 -0.115617 0.630793
0.128963 -0.114764 0.630269
0.128516 -0.115238 0.630913
0.128990 -0.115449 0.631716
0.128282 -0.115861 0.631718
0.127654 -0.115635 0.631726
0.127576 -0.115107 0.632730
0.126897 -0.115338 0.632267
0.126050 -0.115372 0.632804
0.126316 -0.114860 0.634748
0.125627 -0.116247 0.633882
0.125774 -0.116256 0.633883
0.125258 -0.115485 0.634687
0.124376 -0.115887 0.633918
0.123579 -0.114661 0.636299
0.123755 -0.115076 0.635422
0.124133 -0.115343 0.635581
0.122492 -0.115526 0.636284
0.122255 -0.115681 0.635209
0.121878 -0.115358 0.637267
0.121708 -0.115096 0.636154
0.121067 -0.115084 0.637164
0.121182 -0.111382 0.563286
0.120987 -0.111627 0.563883
0.121839 -0.111688 0.563806
0.122341 -0.112744 0.563974
0.122629 -0.112255 0.564208
0.123192 -0.111996 0.564630
0.123593 -0.111834 0.564617
0.123807 -0.111597 0.565223
0.124459 -0.111657 0.565877
0.125669 -0.111620 0.565399
0.125164 -0.112577 0.565995
0.125873 -0.112043 0.565181
0.126053 -0.111756 0.566584
0.126861 -0.111933 0.567022
0.128169 -0.112274 0.567146
0.127470 -0.112438 0.566833
0.127730 -0.112110 0.567856
0.128643 -0.112198 0.568126
0.128940 -0.111354 0.568981
0.128698 -0.112247 0.568466
0.128586 -0.111150 0.568778
0.130480 -0.112147 0.569475
0.129771 -0.112459 0.569672
0.130309 -0.112415 0.570505
0.130387 -0.111894 0.570403
0.130684 -0.112042 0.571182
0.130620 -0.112735 0.571439
0.130390 -0.111619 0.570506
0.132688 -0.112133 0.572461
0.132097 -0.112919 0.571785
0.133039 -0.111942 0.572974
0.133092 -0.111431 0.573228
0.134007 -0.111883 0.573287
0.133622 -0.111387 0.573526
0.133707 -0.111634 0.573744
0.134815 -0.112155 0.574714
0.135052 -0.112193 0.575151
0.135784 -0.112328 0.575705
0.134964 -0.112467 0.576067
0.135762 -0.112003 0.576336
0.136081 -0.111087 0.577007
0.136110 -0.112184 0.577470
0.136716 -0.111476 0.577056
0.136198 -0.112497 0.578536
0.136938 -0.111974 0.579784
0.136578 -0.112518 0.578539
0.137664 -0.112241 0.579796
0.136952 -0.112527 0.579890
0.136939 -0.112536 0.581116
0.138430 -0.111880 0.579842
0.137677 -0.112429 0.579826
0.138048 -0.112244 0.582010
0.137814 -0.112107 0.583258
0.138525 -0.112781 0.582519
0.139161 -0.112918 0.582723
0.139689 -0.112367 0.583331
0.139489 -0.112236 0.584110
0.139619 -0.111986 0.583682
0.139785 -0.111587 0.585232
0.139215 -0.111878 0.584429
0.140411 -0.112711 0.585790
0.139864 -0.112864 0.586258
0.141744 -0.112929 0.586879
0.140028 -0.111888 0.586092
0.139911 -0.112478 0.588000
0.141885 -0.112487 0.588316
0.140738 -0.112139 0.588923
0.140976 -0.112509 0.589457
0.141678 -0.111864 0.589148
0.141492 -0.112233 0.590910
0.141448 -0.112339 0.589874
0.142781 -0.111936 0.590234
0.141579 -0.113068 0.591410
0.142396 -0.112161 0.591173
0.141526 -0.111993 0.592822
0.142036 -0.111902 0.591630
0.142704 -0.111840 0.593355
0.142816 -0.112245 0.593332
0.142294 -0.111951 0.594131
0.141970 -0.112806 0.593807
0.142091 -0.111980 0.595406
0.142947 -0.112013 0.595379
0.142702 -0.112003 0.595494
0.141974 -0.112184 0.598360
0.142118 -0.111460 0.597832
0.141873 -0.112288 0.598167
0.142670 -0.112722 0.598082
0.143156 -0.111760 0.599249
0.142109 -0.111444 0.598790
0.142466 -0.111478 0.599420
0.142290 -0.111266 0.600829
0.142790 -0.111965 0.600622
0.142388 -0.112245 0.599907
0.142179 -0.112230 0.601832
0.142636 -0.112526 0.602066
0.142142 -0.111627 0.602888
0.142345 -0.112436 0.602495
0.142294 -0.112383 0.603423
0.142096 -0.112999 0.604776
0.142372 -0.112658 0.604036
0.142246 -0.112365 0.605427
0.141463 -0.112729 0.605529
0.141717 -0.112799 0.606514
0.142758 -0.113277 0.606811
0.141074 -0.112723 0.607334
0.142233 -0.112594 0.607114
0.141663 -0.111483 0.607704
0.141718 -0.111979 0.608132
0.141368 -0.111979 0.608827
0.141063 -0.112196 0.609465
0.141728 -0.111790 0.609470
0.140869 -0.111072 0.610658
0.140917 -0.111635 0.610861
0.140901 -0.113204 0.611344
0.140936 -0.112079 0.612358
0.140617 -0.111683 0.612007
0.140861 -0.110761 0.612735
0.139674 -0.111338 0.612836
0.140483 -0.112376 0.614042
0.139456 -0.112124 0.614067
0.139278 -0.111873 0.614327
0.139655 -0.111045 0.615369
0.138481 -0.112202 0.615649
0.138161 -0.111861 0.616145
0.138580 -0.112484 0.617140
0.138863 -0.112191 0.617223
0.138702 -0.111889 0.617225
0.138660 -0.112376 0.618032
0.137738 -0.111672 0.617870
0.137801 -0.112284 0.618638
0.137846 -0.112605 0.619917
0.138685 -0.114005 0.620277
0.137727 -0.111816 0.620369
0.136931 -0.112275 0.620785
0.137513 -0.111248 0.621120
0.136792 -0.111457 0.621795
0.136116 -0.112110 0.621990
0.136291 -0.112274 0.621878
0.134956 -0.111683 0.622227
0.135601 -0.112402 0.624075
0.135058 -0.111145 0.623270
0.135661 -0.111100 0.623871
0.134765 -0.112432 0.624129
0.133563 -0.112529 0.624998
0.133776 -0.112602 0.624799
0.134467 -0.112627 0.625734
0.133204 -0.110802 0.626252
0.133024 -0.112718 0.627316
0.133457 -0.111844 0.627178
0.133280 -0.111915 0.626322
0.132072 -0.111601 0.627463
0.131679 -0.111926 0.627644
0.132208 -0.111799 0.628295
0.131249 -0.113205 0.628881
0.130252 -0.112555 0.629632
0.130443 -0.112104 0.629592
0.129706 -0.111991 0.629317
0.130117 -0.111879 0.630540
0.130223 -0.111900 0.630891
0.129472 -0.112088 0.630489
0.128889 -0.111869 0.630706
0.128179 -0.111792 0.632255
0.128643 -0.112869 0.631303
0.128104 -0.112560 0.631957
0.126632 -0.111514 0.632237
0.126349 -0.112089 0.632724
0.125798 -0.111531 0.632700
0.126301 -0.112131 0.633624
0.125935 -0.112683 0.633634
0.124798 -0.112088 0.634643
0.125269 -0.112659 0.633717
0.125365 -0.111219 0.634409
0.125104 -0.112524 0.634970
0.123865 -0.112825 0.636002
0.124200 -0.113295 0.635675
0.122863 -0.111121 0.635844
0.122260 -0.112007 0.636212
0.121835 -0.110878 0.635452
0.122106 -0.112137 0.635737
0.123014 -0.111882 0.636687
0.120806 -0.108354 0.563802
0.121253 -0.108134 0.563286
0.122714 -0.109022 0.563370
0.122871 -0.108951 0.563265
0.122531 -0.108060 0.564602
0.124298 -0.109212 0.564527
0.124130 -0.108814 0.565826
0.124088 -0.108225 0.564892
0.124983 -0.109016 0.565327
0.125146 -0.108223 0.566604
0.125435 -0.108832 0.566098
0.126211 -0.108785 0.565953
0.126540 -0.108995 0.566618
0.126364 -0.109272 0.566401
0.127083 -0.108782 0.566767
0.128121 -0.107955 0.567696
0.126879 -0.109011 0.568012
0.128563 -0.108777 0.567959
0.128132 -0.109090 0.568155
0.129224 -0.109276 0.569137
0.128359 -0.109057 0.568782
0.129824 -0.107877 0.569857
0.130172 -0.109441 0.569661
0.131072 -0.109510 0.569985
0.131155 -0.108806 0.570443
0.131054 -0.109495 0.570752
0.131447 -0.108275 0.571488
0.132618 -0.108734 0.570952
0.131697 -0.108467 0.572885
0.132581 -0.109084 0.572854
0.133824 -0.109183 0.574097
0.132658 -0.109147 0.573839
0.133107 -0.109297 0.573757
0.133997 -0.108827 0.574845
0.133082 -0.110307 0.573629
0.134230 -0.109384 0.575150
0.134914 -0.108775 0.574911
0.134155 -0.108555 0.575296
0.133900 -0.108774 0.575477
0.135004 -0.109048 0.575864
0.136875 -0.109034 0.577491
0.135656 -0.108402 0.577480
0.136145 -0.109489 0.577105
0.135737 -0.109039 0.578539
0.136267 -0.108320 0.578643
0.136377 -0.108714 0.578275
0.137187 -0.108978 0.579819
0.137829 -0.109601 0.579969
0.137691 -0.110070 0.579968
0.138584 -0.108077 0.580976
0.138657 -0.109518 0.581209
0.139532 -0.109476 0.581448
0.138818 -0.108737 0.581676
0.139538 -0.108550 0.582222
0.139198 -0.109391 0.582768
0.138242 -0.108689 0.583143
0.138670 -0.108352 0.583279
0.139560 -0.108886 0.584354
0.140470 -0.108311 0.584024
0.140488 -0.108582 0.585094
0.140164 -0.109208 0.586244
0.141424 -0.109274 0.586779
0.139927 -0.108666 0.586938
0.141703 -0.108670 0.587445
0.140817 -0.108282 0.587532
0.140350 -0.108807 0.588561
0.140920 -0.108833 0.588489
0.140809 -0.109446 0.589386
0.140973 -0.109063 0.589501
0.142230 -0.108663 0.589754
0.141602 -0.109177 0.590145
0.141294 -0.107916 0.591391
0.142197 -0.108482 0.591074
0.142623 -0.108700 0.592082
0.141733 -0.107940 0.592063
0.142507 -0.107750 0.592300
0.141583 -0.108201 0.593699
0.141708 -0.109293 0.593780
0.142392 -0.108156 0.594510
0.142402 -0.108940 0.594790
0.142755 -0.108006 0.594954
0.142310 -0.109098 0.596556
0.142758 -0.108625 0.596094
0.142534 -0.108939 0.596985
0.141877 -0.109173 0.596560
0.142195 -0.107999 0.597106
0.143076 -0.108757 0.598231
0.143780 -0.108730 0.598593
0.142682 -0.107828 0.598754
0.142123 -0.109378 0.600673
0.142804 -0.108699 0.600588
0.142418 -0.107681 0.600257
0.142696 -0.108384 0.601529
0.142856 -0.109658 0.602064
0.143341 -0.109484 0.602631
0.142982 -0.108530 0.602118
0.143422 -0.109472 0.603183
0.141991 -0.109130 0.603837
0.141663 -0.108970 0.603424
0.141473 -0.107794 0.605331
0.142254 -0.108914 0.605067
0.142896 -0.108791 0.606030
0.142846 -0.109304 0.607675
0.141683 -0.109113 0.607152
0.141964 -0.108538 0.607366
0.140922 -0.108239 0.607124
0.142401 -0.108174 0.608321
0.141590 -0.108520 0.608407
0.141557 -0.109408 0.608954
0.141349 -0.107752 0.609378
0.141402 -0.108849 0.610575
0.140832 -0.109625 0.611220
0.141320 -0.109708 0.610374
0.141030 -0.108449 0.612231
0.140935 -0.109396 0.611908
0.140787 -0.108808 0.612314
0.139701 -0.108847 0.612834
0.139813 -0.109090 0.612365
0.140035 -0.108734 0.614594
0.140619 -0.108697 0.614067
0.139933 -0.108731 0.615101
0.140566 -0.109014 0.615048
0.139351 -0.109332 0.616093
0.139721 -0.109145 0.616277
0.138271 -0.108361 0.616375
0.138598 -0.109123 0.616930
0.138372 -0.109170 0.618199
0.139065 -0.109654 0.617324
0.138157 -0.109025 0.619603
0.138176 -0.108885 0.618994
0.137806 -0.107964 0.620190
0.137949 -0.108897 0.618661
0.137126 -0.108490 0.620454
0.136076 -0.109328 0.620655
0.135894 -0.108725 0.620987
0.135705 -0.108522 0.621397
0.135272 -0.108847 0.622350
0.136086 -0.108750 0.622392
0.136010 -0.108961 0.622935
0.136164 -0.109007 0.623387
0.134593 -0.109051 0.624231
0.135715 -0.107864 0.624212
0.134453 -0.108720 0.623790
0.135777 -0.107889 0.625139
0.134518 -0.107427 0.625009
0.134018 -0.108363 0.625710
0.133667 -0.108953 0.626688
0.133098 -0.109031 0.626911
0.133549 -0.108347 0.626652
0.132146 -0.110144 0.627528
0.132799 -0.108932 0.628179
0.131860 -0.108966 0.628117
0.131634 -0.109218 0.628208
0.132272 -0.109201 0.628695
0.131705 -0.109423 0.628951
0.130050 -0.109082 0.629408
0.130412 -0.109065 0.629122
0.130147 -0.108187 0.629761
0.130140 -0.108875 0.629942
0.129066 -0.108296 0.629833
0.129260 -0.109044 0.631522
0.128767 -0.108358 0.630927
0.129108 -0.109356 0.632148
0.127392 -0.109338 0.631239
0.127571 -0.108247 0.631868
0.126693 -0.108574 0.633004
0.127136 -0.109288 0.633521
0.126214 -0.109631 0.633224
0.125908 -0.108651 0.632582
0.125702 -0.109519 0.633138
0.125864 -0.109607 0.634366
0.125414 -0.108473 0.634770
0.123571 -0.108665 0.634721
0.123136 -0.108989 0.635390
0.123336 -0.109073 0.634980
0.122423 -0.108627 0.635531
0.121611 -0.108046 0.636377
0.122439 -0.109256 0.635981
0.121547 -0.109565 0.637378
0.121282 -0.108261 0.636592
0.121574 -0.105768 0.563070
0.121519 -0.106358 0.563534
0.122057 -0.105420 0.563399
0.122348 -0.104885 0.564777
0.121799 -0.104292 0.564801
0.123976 -0.105818 0.565347
0.123743 -0.105110 0.565057
0.123929 -0.105023 0.565312
0.124263 -0.105166 0.564194
0.125377 -0.105643 0.565567
0.125716 -0.105113 0.566028
0.124970 -0.105444 0.565915
0.125056 -0.105038 0.565591
0.126220 -0.106175 0.567351
0.127671 -0.105828 0.566592
0.127727 -0.105849 0.568414
0.128540 -0.105178 0.568760
0.128029 -0.105290 0.567732
0.128301 -0.105210 0.567800
0.128874 -0.104384 0.568803
0.129546 -0.105650 0.569550
0.129270 -0.105233 0.569404
0.131179 -0.105256 0.569965
0.130942 -0.106411 0.569997
0.130025 -0.104815 0.570733
0.130953 -0.106278 0.571535
0.131842 -0.105232 0.571713
0.131893 -0.105253 0.572056
0.132646 -0.105040 0.572532
0.132408 -0.105486 0.572525
0.132834 -0.105376 0.573553
0.134557 -0.105835 0.573544
0.134006 -0.105403 0.573557
0.133104 -0.105964 0.573958
0.133854 -0.106665 0.573817
0.134506 -0.105704 0.575257
0.135258 -0.105583 0.575817
0.134166 -0.104833 0.575614
0.136048 -0.106087 0.575455
0.135989 -0.104565 0.576566
0.136639 -0.105850 0.577118
0.135916 -0.105632 0.577546
0.136029 -0.106781 0.577622
0.136813 -0.104677 0.577727
0.136700 -0.104885 0.578302
0.136435 -0.105872 0.579404
0.137496 -0.104840 0.579610
0.136597 -0.105331 0.579020
0.137655 -0.104491 0.580391
0.137810 -0.105297 0.580079
0.137794 -0.104079 0.580946
0.137806 -0.105826 0.581929
0.138534 -0.105801 0.580984
0.139290 -0.104367 0.582471
0.138654 -0.105132 0.581490
0.138226 -0.106114 0.584342
0.139549 -0.105393 0.583316
0.139878 -0.104935 0.584834
0.140017 -0.105761 0.583642
0.140395 -0.105788 0.584641
0.139691 -0.106108 0.585234
0.139611 -0.105041 0.586047
0.139904 -0.105368 0.586854
0.140183 -0.105696 0.587084
0.140135 -0.104584 0.587730
0.141080 -0.105694 0.588824
0.141161 -0.105751 0.588533
0.140955 -0.105809 0.588874
0.141076 -0.105298 0.589350
0.141426 -0.104940 0.590574
0.141517 -0.105716 0.590746
0.141498 -0.105465 0.590841
0.141913 -0.105254 0.591794
0.141881 -0.105002 0.591176
0.142688 -0.105916 0.591897
0.141733 -0.105475 0.593462
0.142299 -0.105512 0.593862
0.141856 -0.105032 0.593968
0.142895 -0.105591 0.594340
0.141605 -0.105507 0.595008
0.142294 -0.106077 0.596042
0.142398 -0.104665 0.596459
0.141946 -0.105276 0.596913
0.142927 -0.105451 0.596844
0.142633 -0.104606 0.596844
0.142900 -0.104559 0.597469
0.142365 -0.104703 0.598490
0.142441 -0.106102 0.598740
0.142581 -0.104556 0.599821
0.143134 -0.106059 0.600134
0.142952 -0.104872 0.599463
0.142284 -0.105277 0.601123
0.141730 -0.104696 0.601171
0.142602 -0.105949 0.601532
0.142549 -0.106035 0.602527
0.142767 -0.106227 0.603335
0.142256 -0.104915 0.603443
0.142214 -0.105797 0.603288
0.143014 -0.105739 0.604165
0.141941 -0.105424 0.604248
0.141912 -0.105750 0.605186
0.141642 -0.105127 0.606240
0.141429 -0.105139 0.606552
0.142332 -0.105813 0.606248
0.141854 -0.106179 0.607064
0.141619 -0.105343 0.607331
0.141707 -0.105309 0.607934
0.141435 -0.104945 0.608403
0.140892 -0.105167 0.609530
0.141118 -0.105573 0.609506
0.141491 -0.105723 0.609530
0.141864 -0.104783 0.610127
0.141642 -0.105780 0.611065
0.141187 -0.105395 0.610719
0.141445 -0.105213 0.611338
0.141617 -0.105649 0.613063
0.140668 -0.105753 0.613112
0.140091 -0.106041 0.614178
0.140687 -0.105484 0.613872
0.140025 -0.105926 0.614817
0.139927 -0.105025 0.615132
0.138852 -0.105287 0.615476
0.139307 -0.104894 0.616254
0.139303 -0.106037 0.615572
0.139889 -0.105331 0.616595
0.139141 -0.104720 0.617278
0.138632 -0.106116 0.617622
0.138623 -0.105755 0.617687
0.138313 -0.105683 0.617861
0.137713 -0.105450 0.619596
0.138193 -0.105637 0.619412
0.136569 -0.105394 0.619252
0.137531 -0.105191 0.619767
0.136443 -0.104559 0.621606
0.136401 -0.105288 0.621350
0.135649 -0.104807 0.621755
0.135842 -0.106398 0.622102
0.136289 -0.106046 0.622162
0.134947 -0.105528 0.623056
0.134545 -0.106338 0.622879
0.135099 -0.105464 0.623901
0.134601 -0.104932 0.625130
0.134200 -0.105501 0.624105
0.133915 -0.104672 0.624400
0.132931 -0.104810 0.626243
0.133314 -0.105421 0.625632
0.133467 -0.105367 0.626281
0.133850 -0.106148 0.626531
0.132957 -0.104965 0.626981
0.132778 -0.105608 0.627360
0.132717 -0.105350 0.627316
0.131728 -0.105527 0.628345
0.130824 -0.104714 0.627732
0.130705 -0.104887 0.628957
0.130705 -0.104660 0.629543
0.130242 -0.104852 0.629536
0.129475 -0.104810 0.629922
0.129936 -0.105716 0.631404
0.130144 -0.106185 0.630429
0.129343 -0.105532 0.632399
0.129386 -0.104720 0.630944
0.128622 -0.105681 0.631586
0.128870 -0.105542 0.631434
0.127624 -0.105027 0.631784
0.127880 -0.106267 0.632552
0.126655 -0.104619 0.633088
0.127096 -0.105661 0.632552
0.126778 -0.105254 0.633191
0.125098 -0.105530 0.632569
0.125016 -0.105516 0.634043
0.124999 -0.105641 0.634018
0.124335 -0.105929 0.634569
0.124537 -0.105545 0.634255
0.122815 -0.105339 0.635333
0.123691 -0.105446 0.636202
0.122440 -0.105603 0.634792
0.121714 -0.105183 0.635051
0.122407 -0.105049 0.636585
0.122501 -0.106215 0.636200
0.121241 -0.104737 0.637479
0.121592 -0.102238 0.563492
0.122370 -0.101808 0.563170
0.122899 -0.101846 0.563925
0.123317 -0.101425 0.563709
0.122899 -0.102371 0.564535
0.123556 -0.102093 0.564895
0.124686 -0.102229 0.564499
0.123680 -0.102018 0.565712
0.123931 -0.101540 0.564570
0.125041 -0.102134 0.565078
0.126083 -0.101726 0.566330
0.126699 -0.101787 0.566418
0.126251 -0.102598 0.566401
0.126830 -0.101668 0.566415
0.126776 -0.102390 0.567246
0.127388 -0.101905 0.567121
0.128127 -0.102743 0.568588
0.127681 -0.101319 0.568103
0.128005 -0.101872 0.568892
0.128803 -0.101810 0.568252
0.128886 -0.101476 0.569761
0.128999 -0.102426 0.570038
0.129569 -0.102318 0.569289
0.129361 -0.102041 0.570638
0.130944 -0.101382 0.571240
0.131349 -0.102087 0.571416
0.131440 -0.102326 0.570999
0.131073 -0.101853 0.571989
0.132399 -0.102025 0.572291
0.131896 -0.101758 0.571770
0.132939 -0.102078 0.572937
0.132944 -0.102300 0.573424
0.133255 -0.101981 0.574469
0.132515 -0.101815 0.574252
0.134450 -0.102527 0.574029
0.134845 -0.102042 0.574411
0.134640 -0.103131 0.575093
0.134848 -0.101973 0.575879
0.136378 -0.101773 0.575951
0.135392 -0.101465 0.576188
0.135541 -0.101752 0.577935
0.136135 -0.101194 0.576908
0.136441 -0.102049 0.576931
0.136348 -0.101511 0.577979
0.136330 -0.102197 0.578487
0.137039 -0.102269 0.579050
0.137645 -0.102393 0.579015
0.138031 -0.102417 0.580440
0.137089 -0.102019 0.580769
0.136912 -0.101164 0.580990
0.138289 -0.102079 0.580610
0.138784 -0.101368 0.581589
0.138986 -0.101668 0.581412
0.138203 -0.102658 0.581847
0.139300 -0.102253 0.582575
0.139614 -0.101658 0.584020
0.140095 -0.102491 0.583914
0.138838 -0.102461 0.584157
0.140056 -0.102322 0.585021
0.140094 -0.102325 0.585266
0.139119 -0.102200 0.585698
0.141069 -0.102453 0.585412
0.140119 -0.102783 0.587634
0.140935 -0.102466 0.586911
0.140400 -0.103090 0.587647
0.140603 -0.102392 0.588459
0.140160 -0.101201 0.588334
0.141580 -0.102548 0.588987
0.141985 -0.102418 0.589316
0.140977 -0.101710 0.589399
0.141563 -0.101921 0.590258
0.141826 -0.101320 0.591227
0.142248 -0.101582 0.591108
0.141396 -0.102632 0.592139
0.141492 -0.101886 0.592953
0.141263 -0.101942 0.593126
0.142783 -0.102406 0.592817
0.141289 -0.101701 0.594281
0.141908 -0.102561 0.594944
0.141675 -0.102814 0.594432
0.142163 -0.101703 0.595418
0.142507 -0.102328 0.595440
0.143175 -0.102711 0.595290
0.143313 -0.102318 0.596774
0.142679 -0.102653 0.597305
0.142356 -0.102254 0.597025
0.143238 -0.102002 0.598004
0.143079 -0.101821 0.598902
0.143437 -0.102636 0.598934
0.142410 -0.101821 0.599284
0.142348 -0.101631 0.599506
0.142501 -0.102354 0.600504
0.142201 -0.102295 0.600476
0.142137 -0.101947 0.601605
0.142666 -0.102253 0.601897
0.142752 -0.101422 0.602822
0.143201 -0.102398 0.603055
0.141424 -0.102385 0.604124
0.143203 -0.101757 0.604281
0.142452 -0.102303 0.603999
0.142097 -0.102611 0.606130
0.142387 -0.101856 0.605561
0.141709 -0.102144 0.604545
0.142833 -0.102137 0.607392
0.141762 -0.101989 0.607201
0.141414 -0.101949 0.607584
0.142139 -0.102239 0.607096
0.141519 -0.101096 0.608321
0.141708 -0.101149 0.609433
0.141175 -0.102330 0.610253
0.141244 -0.102457 0.611375
0.141278 -0.101693 0.610865
0.140290 -0.101864 0.610798
0.141916 -0.102350 0.611922
0.141631 -0.101916 0.612642
0.141069 -0.101451 0.613143
0.140188 -0.102086 0.613063
0.140933 -0.101887 0.613042
0.140373 -0.102204 0.613144
0.140016 -0.102334 0.614590
0.139556 -0.102495 0.614468
0.139946 -0.102249 0.616983
0.139904 -0.101286 0.616293
0.139240 -0.102566 0.616574
0.139385 -0.101534 0.616667
0.139152 -0.102107 0.617324
0.138870 -0.102580 0.617381
0.137757 -0.102297 0.618803
0.138460 -0.102502 0.617515
0.138338 -0.101338 0.618524
0.137038 -0.102667 0.618822
0.137952 -0.102265 0.620065
0.136332 -0.102638 0.620202
0.137629 -0.102121 0.622381
0.136228 -0.102470 0.620996
0.136529 -0.102023 0.621393
0.136624 -0.102568 0.622207
0.135655 -0.102184 0.622764
0.135324 -0.102011 0.624099
0.136355 -0.101774 0.623148
0.135409 -0.101883 0.623593
0.135496 -0.101828 0.624284
0.133626 -0.101984 0.625054
0.135545 -0.102256 0.624570
0.133759 -0.102321 0.625358
0.134164 -0.102283 0.626231
0.133677 -0.101813 0.626162
0.133671 -0.101874 0.626322
0.133152 -0.101967 0.626950
0.132519 -0.101296 0.628188
0.132265 -0.102242 0.627538
0.131716 -0.101823 0.627832
0.131858 -0.101663 0.628220
0.130711 -0.102668 0.629514
0.130966 -0.102081 0.629400
0.130181 -0.102155 0.630319
0.130136 -0.101601 0.630044
0.128996 -0.100778 0.630774
0.130000 -0.102310 0.630818
0.129604 -0.102372 0.630031
0.128792 -0.101449 0.631577
0.128957 -0.102425 0.631087
0.127398 -0.102189 0.632142
0.127361 -0.101200 0.631808
0.127509 -0.101903 0.631996
0.127254 -0.101930 0.633261
0.127018 -0.101614 0.632176
0.125495 -0.101684 0.633638
0.125821 -0.102431 0.634028
0.124768 -0.101630 0.634201
0.125981 -0.101551 0.633391
0.123988 -0.102898 0.634285
0.124821 -0.101422 0.634542
0.123387 -0.102023 0.635035
0.123054 -0.102977 0.635630
0.122594 -0.102416 0.635436
0.122890 -0.101930 0.636601
0.123246 -0.101902 0.636095
0.122146 -0.101785 0.637142
0.121347 -0.102267 0.637545
0.121056 -0.098940 0.563408
0.121379 -0.098656 0.563942
0.121484 -0.099332 0.563869
0.123199 -0.099286 0.563780
0.121587 -0.098993 0.564431
0.123387 -0.098200 0.565491
0.124621 -0.099015 0.564092
0.123649 -0.098566 0.564726
0.124859 -0.097996 0.566094
0.125548 -0.099130 0.565428
0.126817 -0.098929 0.565491
0.125550 -0.099030 0.566146
0.126012 -0.098744 0.566789
0.126783 -0.098783 0.566526
0.127359 -0.098685 0.567914
0.127844 -0.099025 0.566439
0.127712 -0.098395 0.568005
0.128870 -0.099014 0.568307
0.128769 -0.099299 0.568133
0.129142 -0.097921 0.568562
0.129257 -0.098483 0.568622
0.130342 -0.099171 0.568931
0.129900 -0.099202 0.569323
0.129676 -0.098853 0.569470
0.130972 -0.098878 0.570175
0.130384 -0.097914 0.571205
0.131639 -0.098206 0.571343
0.131725 -0.098758 0.571915
0.131647 -0.098465 0.572395
0.132152 -0.099141 0.572732
0.132139 -0.098102 0.573094
0.132908 -0.098706 0.572946
0.133924 -0.097926 0.573627
0.133569 -0.098458 0.573466
0.133826 -0.098844 0.573648
0.134461 -0.097755 0.574663
0.134450 -0.099158 0.575405
0.134523 -0.099184 0.574665
0.135634 -0.098292 0.576261
0.134165 -0.098354 0.575970
0.135928 -0.098563 0.577178
0.135557 -0.099211 0.576898
0.135892 -0.098695 0.577248
0.138069 -0.098426 0.577816
0.136906 -0.098535 0.579170
0.137388 -0.098988 0.579482
0.138458 -0.098219 0.579093
0.136856 -0.098206 0.579772
0.137085 -0.099055 0.580263
0.137130 -0.097896 0.579684
0.138055 -0.098805 0.580719
0.138508 -0.097672 0.581804
0.138411 -0.098948 0.581238
0.139112 -0.099029 0.582840
0.138538 -0.098654 0.582972
0.139570 -0.098878 0.583810
0.138722 -0.098860 0.582927
0.139686 -0.097974 0.584453
0.139001 -0.098741 0.584640
0.139812 -0.098951 0.585341
0.139955 -0.099114 0.585876
0.140365 -0.098610 0.585334
0.140296 -0.098255 0.585962
0.140823 -0.097977 0.587139
0.139964 -0.098576 0.588339
0.141648 -0.098558 0.587156
0.141312 -0.098349 0.588596
0.141299 -0.098889 0.589934
0.141070 -0.098567 0.588740
0.140229 -0.098934 0.590378
0.141185 -0.099014 0.590466
0.142080 -0.098442 0.591543
0.141092 -0.099429 0.590804
0.141590 -0.099029 0.592462
0.141062 -0.098909 0.591815
0.142192 -0.098339 0.592063
0.141862 -0.099114 0.593101
0.141832 -0.098794 0.593897
0.141500 -0.097914 0.593348
0.141815 -0.098882 0.594323
0.141919 -0.098773 0.595144
0.141242 -0.099406 0.595381
0.141925 -0.098525 0.595895
0.143594 -0.099064 0.597371
0.141952 -0.098350 0.596519
0.141631 -0.098808 0.597083
0.141564 -0.099191 0.598598
0.142399 -0.097796 0.599046
0.143027 -0.098377 0.599806
0.141765 -0.098860 0.599464
0.143576 -0.097745 0.600932
0.142822 -0.098096 0.601108
0.141777 -0.098775 0.601860
0.142328 -0.098839 0.601499
0.143127 -0.098895 0.602308
0.142161 -0.098702 0.602298
0.141661 -0.099066 0.603267
0.142850 -0.099193 0.603957
0.142412 -0.098905 0.604474
0.143841 -0.099668 0.605360
0.142009 -0.098807 0.605377
0.142481 -0.098640 0.606045
0.142957 -0.099705 0.605711
0.142172 -0.099300 0.606678
0.141957 -0.098841 0.607711
0.141745 -0.098093 0.608612
0.141181 -0.098180 0.608860
0.141841 -0.100335 0.608312
0.142168 -0.098848 0.609575
0.141394 -0.099101 0.609845
0.140677 -0.098694 0.609492
0.142443 -0.098455 0.611046
0.140970 -0.098766 0.610920
0.141937 -0.098714 0.612504
0.140704 -0.098901 0.613428
0.141371 -0.097814 0.612607
0.141019 -0.098996 0.613641
0.139795 -0.098199 0.613375
0.140278 -0.099191 0.613534
0.138958 -0.098017 0.614693
0.140126 -0.099141 0.614901
0.139820 -0.098173 0.614909
0.139575 -0.098425 0.615217
0.139405 -0.098334 0.616802
0.139156 -0.098273 0.616009
0.139347 -0.098989 0.616540
0.139018 -0.097736 0.617607
0.138440 -0.098852 0.618600
0.137835 -0.098166 0.619003
0.138378 -0.098269 0.619251
0.138013 -0.098409 0.618928
0.137036 -0.098896 0.618778
0.137044 -0.097025 0.620537
0.137821 -0.097897 0.620772
0.136019 -0.098739 0.621318
0.136303 -0.099306 0.621232
0.136492 -0.097947 0.622339
0.136681 -0.098164 0.622798
0.136119 -0.099063 0.622480
0.134168 -0.098342 0.623628
0.134378 -0.098594 0.623109
0.135051 -0.098463 0.624666
0.135336 -0.098812 0.624409
0.135123 -0.097805 0.623968
0.134137 -0.098492 0.626110
0.134578 -0.098497 0.625544
0.132998 -0.098419 0.626178
0.132732 -0.098309 0.625970
0.133667 -0.099146 0.626929
0.132648 -0.098424 0.627449
0.132514 -0.098539 0.626978
0.132122 -0.099037 0.627366
0.130476 -0.098866 0.628044
0.129868 -0.098996 0.627978
0.130428 -0.098362 0.629047
0.130832 -0.098465 0.629375
0.130571 -0.099095 0.629988
0.130387 -0.099465 0.629807
0.130467 -0.098536 0.630087
0.128671 -0.098488 0.630469
0.128885 -0.098697 0.631664
0.128602 -0.098117 0.632015
0.128293 -0.098463 0.631831
0.127061 -0.098077 0.631330
0.126885 -0.098034 0.631747
0.127039 -0.098917 0.632772
0.126186 -0.098066 0.633669
0.126547 -0.098445 0.632949
0.125506 -0.098598 0.633576
0.124986 -0.098272 0.634981
0.124125 -0.097630 0.634196
0.124130 -0.098737 0.633983
0.124615 -0.099311 0.634641
0.123867 -0.098954 0.635682
0.122637 -0.099428 0.635677
0.122622 -0.099111 0.636307
0.122119 -0.099147 0.636274
0.122274 -0.098519 0.635800
0.121367 -0.098571 0.636926
0.121399 -0.098947 0.637008
0.120501 -0.096538 0.561965
0.121501 -0.095960 0.562668
0.122345 -0.095923 0.564658
0.122790 -0.095704 0.564120
0.123371 -0.095555 0.564357
0.123902 -0.094738 0.564275
0.123658 -0.094336 0.565043
0.123117 -0.095377 0.565280
0.124518 -0.095423 0.565992
0.125212 -0.095134 0.565297
0.125849 -0.095471 0.565876
0.125162 -0.094941 0.565408
0.126498 -0.095105 0.566888
0.126682 -0.094517 0.566860
0.126662 -0.095275 0.567905
0.127266 -0.094385 0.567099
0.128292 -0.095621 0.567547
0.128730 -0.095217 0.569045
0.128212 -0.095300 0.568210
0.128090 -0.095720 0.568830
0.129874 -0.095644 0.569737
0.129749 -0.095718 0.569417
0.128858 -0.094290 0.568533
0.131075 -0.095780 0.569666
0.130404 -0.094974 0.570307
0.131174 -0.095229 0.570890
0.131464 -0.095586 0.570108
0.131226 -0.094972 0.571763
0.131641 -0.094907 0.571115
0.132278 -0.095505 0.572250
0.132843 -0.095976 0.572598
0.132898 -0.094722 0.572382
0.133187 -0.094268 0.573843
0.133516 -0.095131 0.574260
0.133159 -0.094989 0.574395
0.134252 -0.095278 0.574795
0.133492 -0.094675 0.575257
0.134703 -0.095908 0.576767
0.135699 -0.095093 0.576043
0.135458 -0.095383 0.576733
0.134564 -0.095236 0.576799
0.135339 -0.095257 0.577563
0.136415 -0.094709 0.577345
0.137036 -0.095644 0.577773
0.136524 -0.095453 0.578118
0.136449 -0.094935 0.578646
0.136553 -0.095530 0.578914
0.136931 -0.095899 0.579717
0.137429 -0.095462 0.580683
0.138265 -0.095280 0.580667
0.137507 -0.095337 0.580799
0.138803 -0.095918 0.580432
0.138701 -0.094978 0.582149
0.138909 -0.095074 0.582760
0.139195 -0.095811 0.582226
0.139234 -0.094624 0.582975
0.139089 -0.094965 0.583523
0.139310 -0.095772 0.584382
0.139653 -0.095800 0.585157
0.140802 -0.094093 0.586220
0.140475 -0.095297 0.585341
0.139427 -0.095877 0.585895
0.140583 -0.094809 0.586524
0.139532 -0.094777 0.586878
0.140734 -0.094868 0.586386
0.140203 -0.095998 0.588178
0.141158 -0.095897 0.589411
0.140741 -0.094926 0.589265
0.140327 -0.095564 0.589816
0.140570 -0.094958 0.588888
0.141326 -0.095250 0.590806
0.141747 -0.096160 0.590642
0.141936 -0.094671 0.591474
0.141134 -0.094893 0.591386
0.141374 -0.095154 0.592655
0.141531 -0.095961 0.593723
0.142717 -0.094856 0.593002
0.142531 -0.095449 0.592399
0.142537 -0.094945 0.594043
0.142778 -0.095393 0.594831
0.141957 -0.094167 0.595994
0.142195 -0.095760 0.595767
0.142007 -0.095389 0.596302
0.143190 -0.095438 0.596360
0.142253 -0.094670 0.597242
0.143148 -0.095400 0.597514
0.141711 -0.096141 0.597718
0.142770 -0.095560 0.598694
0.143199 -0.095532 0.598873
0.143229 -0.095514 0.599984
0.142080 -0.094864 0.600658
0.142858 -0.095849 0.599989
0.142082 -0.095093 0.601703
0.142939 -0.095985 0.601835
0.142905 -0.095556 0.602648
0.142568 -0.096037 0.603057
0.142984 -0.095388 0.603310
0.142138 -0.095750 0.603504
0.141835 -0.095289 0.603750
0.143654 -0.095868 0.605138
0.142688 -0.094900 0.606170
0.142585 -0.095528 0.606479
0.142023 -0.095723 0.606640
0.141858 -0.095767 0.606625
0.141832 -0.095526 0.607166
0.141255 -0.094963 0.607531
0.142146 -0.095087 0.607431
0.140591 -0.095272 0.608110
0.141863 -0.095248 0.608949
0.141814 -0.094926 0.609252
0.141703 -0.094841 0.609816
0.141303 -0.095771 0.610496
0.141309 -0.095746 0.610636
0.140611 -0.095682 0.611905
0.140345 -0.094914 0.612465
0.140772 -0.095216 0.612334
0.139086 -0.095323 0.612609
0.140083 -0.095539 0.612674
0.140230 -0.095216 0.614565
0.140184 -0.094774 0.614961
0.139269 -0.095602 0.615228
0.139368 -0.095872 0.615137
0.139281 -0.095440 0.615476
0.138710 -0.096264 0.616411
0.139515 -0.095004 0.616515
0.139055 -0.094804 0.616247
0.139270 -0.095715 0.618142
0.138127 -0.095360 0.617416
0.139119 -0.095339 0.619132
0.138222 -0.095288 0.619046
0.138261 -0.095343 0.619691
0.136838 -0.095179 0.619329
0.137176 -0.094998 0.619981
0.138119 -0.096043 0.620955
0.136739 -0.094026 0.621138
0.136583 -0.096415 0.620968
0.136833 -0.094536 0.621800
0.136154 -0.094894 0.622573
0.136515 -0.095121 0.623314
0.135025 -0.095872 0.623074
0.135197 -0.095824 0.623849
0.135526 -0.095206 0.624163
0.134698 -0.095150 0.624859
0.134474 -0.094795 0.624860
0.134060 -0.095497 0.625523
0.133774 -0.094231 0.625499
0.133360 -0.095361 0.626179
0.132793 -0.096126 0.626637
0.132853 -0.095497 0.626914
0.132500 -0.095585 0.627640
0.132307 -0.095597 0.627571
0.131160 -0.096168 0.628585
0.130959 -0.095283 0.628901
0.131400 -0.095218 0.628024
0.131278 -0.095360 0.628863
0.131033 -0.094867 0.629815
0.129729 -0.095623 0.629736
0.130469 -0.096055 0.629571
0.128833 -0.095269 0.630343
0.128900 -0.095407 0.630882
0.128977 -0.095717 0.631409
0.127965 -0.094873 0.631592
0.128029 -0.095323 0.631743
0.128200 -0.095787 0.632380
0.127471 -0.094982 0.632027
0.127575 -0.095395 0.631835
0.127339 -0.095470 0.633064
0.124861 -0.095614 0.634273
0.126095 -0.094430 0.633895
0.125117 -0.095881 0.634366
0.125470 -0.094848 0.634133
0.124483 -0.094754 0.634916
0.123217 -0.095361 0.635087
0.123366 -0.095071 0.634753
0.123757 -0.095310 0.635910
0.122671 -0.095141 0.635257
0.122010 -0.095173 0.636254
0.122104 -0.095499 0.636496
0.121762 -0.095981 0.636868
0.120783 -0.095288 0.637283
0.120818 -0.092201 0.563531
0.121599 -0.091806 0.563086
0.122708 -0.091111 0.563338
0.122798 -0.092393 0.564450
0.123212 -0.092612 0.563824
0.123568 -0.091874 0.564856
0.124097 -0.092308 0.563991
0.124214 -0.092398 0.565365
0.125730 -0.091940 0.565535
0.124599 -0.091334 0.565558
0.124899 -0.092708 0.565750
0.126076 -0.091507 0.565912
0.126589 -0.090933 0.566478
0.127049 -0.091799 0.566476
0.127035 -0.091482 0.567161
0.127677 -0.091632 0.567354
0.127999 -0.091576 0.566705
0.127616 -0.092184 0.567854
0.128846 -0.091692 0.569059
0.128697 -0.091562 0.568516
0.128307 -0.092094 0.568640
0.129093 -0.092064 0.569363
0.129977 -0.092178 0.570280
0.129685 -0.091605 0.569792
0.130924 -0.091194 0.570637
0.131792 -0.092713 0.570306
0.131345 -0.092532 0.571342
0.130713 -0.092452 0.571965
0.132639 -0.091847 0.572793
0.131792 -0.092323 0.572493
0.133217 -0.092131 0.572828
0.133664 -0.091754 0.573792
0.133255 -0.091347 0.573438
0.134707 -0.091366 0.574371
0.133354 -0.091375 0.574735
0.134556 -0.091212 0.575357
0.133518 -0.092410 0.575520
0.135029 -0.091574 0.575603
0.134822 -0.092328 0.575590
0.135230 -0.091588 0.576398
0.135858 -0.091354 0.578098
0.135914 -0.091830 0.576883
0.136183 -0.091933 0.577325
0.136299 -0.091552 0.578084
0.136432 -0.091089 0.579270
0.136499 -0.091993 0.577669
0.137021 -0.092383 0.579522
0.137882 -0.091703 0.579608
0.137827 -0.092467 0.580068
0.137562 -0.091930 0.580865
0.137592 -0.091500 0.579806
0.138891 -0.091857 0.581216
0.138004 -0.091860 0.582608
0.138561 -0.092041 0.582809
0.138353 -0.092039 0.583256
0.139341 -0.091475 0.584219
0.137520 -0.091559 0.583656
0.140666 -0.092524 0.584305
0.139162 -0.092010 0.585197
0.139560 -0.092771 0.585595
0.140251 -0.091893 0.585272
0.139986 -0.092054 0.586583
0.139954 -0.092396 0.586180
0.139758 -0.091794 0.586419
0.140509 -0.091853 0.587179
0.140408 -0.091849 0.588450
0.141247 -0.092809 0.589056
0.140806 -0.091637 0.588393
0.141605 -0.092287 0.588914
0.141965 -0.092234 0.590206
0.141396 -0.091859 0.589864
0.140938 -0.091610 0.590876
0.142411 -0.092055 0.590922
0.142487 -0.091736 0.592502
0.141885 -0.091167 0.591925
0.141584 -0.091772 0.592829
0.141604 -0.092449 0.593900
0.142018 -0.092059 0.593679
0.140996 -0.091705 0.594058
0.142446 -0.092410 0.594888
0.142444 -0.091909 0.594593
0.141896 -0.091728 0.595120
0.142591 -0.092960 0.596482
0.142287 -0.091931 0.596693
0.143375 -0.091574 0.598486
0.142165 -0.092372 0.597155
0.142999 -0.092276 0.597950
0.142790 -0.092310 0.598546
0.142481 -0.091704 0.598976
0.142656 -0.092210 0.599173
0.142293 -0.092441 0.600211
0.142262 -0.092313 0.601036
0.143034 -0.092061 0.601753
0.143523 -0.091659 0.601889
0.142708 -0.092107 0.602260
0.142269 -0.092077 0.602006
0.142726 -0.091710 0.603153
0.142937 -0.091906 0.603382
0.141436 -0.092174 0.604205
0.141423 -0.091988 0.603824
0.141794 -0.092096 0.604951
0.141812 -0.091589 0.604909
0.142615 -0.092492 0.606572
0.141353 -0.092100 0.607028
0.141065 -0.091694 0.606560
0.141655 -0.092321 0.608239
0.142122 -0.092223 0.607658
0.142066 -0.091414 0.609353
0.142163 -0.092110 0.609276
0.142003 -0.092230 0.608760
0.141603 -0.092541 0.609627
0.141530 -0.092400 0.611249
0.140678 -0.091298 0.611477
0.140500 -0.092723 0.611820
0.140785 -0.092060 0.612454
0.141338 -0.092005 0.612244
0.141112 -0.092964 0.613108
0.141126 -0.091333 0.613292
0.140384 -0.091869 0.613447
0.139664 -0.092108 0.615202
0.139594 -0.092474 0.614666
0.139121 -0.091200 0.615947
0.138609 -0.091697 0.615748
0.138390 -0.092735 0.616415
0.139341 -0.092127 0.617723
0.139051 -0.091823 0.616255
0.138237 -0.092394 0.617494
0.138133 -0.091895 0.617401
0.138125 -0.091789 0.619591
0.137661 -0.091567 0.618683
0.138192 -0.091940 0.619442
0.137645 -0.092059 0.619855
0.137638 -0.091459 0.620111
0.136383 -0.091638 0.620608
0.136709 -0.092376 0.620828
0.137488 -0.092476 0.621072
0.136427 -0.091652 0.621890
0.136058 -0.091334 0.621793
0.135751 -0.091235 0.622450
0.135080 -0.091415 0.623455
0.135371 -0.092160 0.623763
0.135074 -0.091389 0.624179
0.135574 -0.092004 0.623731
0.134609 -0.091641 0.623999
0.133828 -0.092659 0.624958
0.133190 -0.091729 0.625955
0.133613 -0.091379 0.626195
0.133487 -0.091379 0.626287
0.132883 -0.091659 0.627763
0.132249 -0.092612 0.626824
0.132884 -0.091370 0.627591
0.132147 -0.091868 0.628464
0.131737 -0.092284 0.627649
0.131624 -0.092340 0.628340
0.130874 -0.092345 0.629895
0.129867 -0.092297 0.629650
0.129617 -0.091879 0.629874
0.129021 -0.091742 0.630270
0.129589 -0.092698 0.630808
0.129221 -0.091124 0.630584
0.129158 -0.092664 0.629800
0.128361 -0.091010 0.631348
0.128255 -0.091418 0.631792
0.128200 -0.091628 0.631493
0.127367 -0.092293 0.633222
0.127163 -0.092162 0.632126
0.126744 -0.092238 0.632560
0.127161 -0.090990 0.633667
0.125780 -0.091974 0.633463
0.125689 -0.090254 0.633271
0.125106 -0.092045 0.634634
0.124357 -0.092139 0.634905
0.124059 -0.092386 0.635290
0.124136 -0.092091 0.634915
0.123126 -0.091765 0.635275
0.122915 -0.091919 0.635906
0.121739 -0.091769 0.635746
0.122598 -0.091607 0.635703
0.121200 -0.091971 0.636923
0.121121 -0.091860 0.637083
0.120987 -0.088291 0.563796
0.121924 -0.089223 0.563109
0.122358 -0.088496 0.563472
0.122634 -0.087861 0.564996
0.123373 -0.088236 0.563769
0.123838 -0.088771 0.565581
0.123581 -0.088445 0.564647
0.124524 -0.088070 0.564959
0.124940 -0.088491 0.565353
0.125044 -0.089390 0.565107
0.126147 -0.087953 0.565902
0.125609 -0.088515 0.566253
0.126434 -0.089556 0.566414
0.126933 -0.088184 0.566682
0.126358 -0.088774 0.566994
0.127848 -0.089191 0.567392
0.127555 -0.088075 0.568426
0.128269 -0.088573 0.568477
0.128775 -0.089276 0.568027
0.128845 -0.088125 0.569081
0.129847 -0.089034 0.568839
0.129799 -0.088198 0.569140
0.130245 -0.088233 0.569895
0.129634 -0.088808 0.569698
0.130422 -0.088284 0.571407
0.130353 -0.088890 0.570469
0.131116 -0.088692 0.572062
0.131425 -0.088463 0.571890
0.132459 -0.089165 0.571380
0.133018 -0.088064 0.572733
0.132496 -0.089021 0.573115
0.132752 -0.087828 0.573272
0.132854 -0.088614 0.572785
0.133314 -0.088880 0.574330
0.134154 -0.088824 0.574769
0.134337 -0.087999 0.575234
0.134417 -0.088754 0.574932
0.134551 -0.088361 0.575967
0.134754 -0.087779 0.575195
0.135191 -0.088860 0.577323
0.135937 -0.088646 0.576703
0.136460 -0.088449 0.577870
0.135676 -0.088375 0.577313
0.136713 -0.087901 0.578002
0.136949 -0.088009 0.578567
0.136742 -0.088102 0.578338
0.137916 -0.088299 0.578990
0.136878 -0.088666 0.580135
0.137989 -0.088366 0.580330
0.137454 -0.088115 0.580796
0.138628 -0.088590 0.581046
0.137641 -0.088869 0.580614
0.137461 -0.088347 0.582023
0.138659 -0.088646 0.583373
0.139397 -0.087922 0.583386
0.139098 -0.088040 0.583944
0.139409 -0.089513 0.583539
0.139162 -0.088424 0.584132
0.139636 -0.088286 0.584240
0.140305 -0.088810 0.585558
0.140192 -0.088752 0.585284
0.140223 -0.088702 0.586050
0.140838 -0.087145 0.585298
0.140744 -0.087393 0.586669
0.139988 -0.087559 0.587018
0.141372 -0.088600 0.588671
0.140983 -0.088590 0.587910
0.139878 -0.089406 0.589057
0.141630 -0.088735 0.589198
0.141213 -0.088324 0.589638
0.141403 -0.088077 0.591033
0.141882 -0.089231 0.590531
0.142752 -0.088343 0.592019
0.140913 -0.088957 0.591619
0.142033 -0.088353 0.591330
0.141471 -0.088695 0.592986
0.141398 -0.088734 0.593275
0.142023 -0.088623 0.594500
0.142006 -0.088234 0.593489
0.142050 -0.088898 0.594076
0.142174 -0.089237 0.594558
0.141897 -0.088657 0.595750
0.142590 -0.088588 0.596180
0.142661 -0.088175 0.596153
0.142287 -0.088932 0.597348
0.143099 -0.089642 0.597937
0.142287 -0.089125 0.597446
0.142305 -0.087873 0.598285
0.142812 -0.087686 0.599669
0.142567 -0.088520 0.599795
0.143652 -0.087923 0.599818
0.142722 -0.088984 0.601145
0.142690 -0.088807 0.601322
0.143234 -0.088771 0.602436
0.142515 -0.088050 0.602858
0.142915 -0.088924 0.604035
0.141850 -0.088839 0.603089
0.142194 -0.088132 0.604012
0.143083 -0.088161 0.604781
0.142474 -0.089140 0.604085
0.141771 -0.088674 0.604832
0.141551 -0.089520 0.605379
0.141736 -0.087488 0.606669
0.143331 -0.088672 0.606134
0.142414 -0.088680 0.607299
0.142259 -0.089041 0.608031
0.142194 -0.088394 0.608456
0.143246 -0.089089 0.608548
0.141627 -0.088989 0.609144
0.140684 -0.088385 0.609015
0.141510 -0.088691 0.609913
0.141997 -0.088336 0.610860
0.140470 -0.088529 0.611523
0.141170 -0.088287 0.612060
0.140529 -0.088302 0.611559
0.141536 -0.088935 0.613146
0.140771 -0.087877 0.613438
0.141228 -0.088545 0.613612
0.140586 -0.088215 0.614195
0.140014 -0.089277 0.614834
0.139315 -0.087575 0.615160
0.139774 -0.089204 0.615035
0.139690 -0.087759 0.616437
0.139550 -0.089227 0.616385
0.138729 -0.088331 0.615566
0.139443 -0.087611 0.616448
0.138553 -0.089069 0.617058
0.138707 -0.088925 0.617813
0.139067 -0.088496 0.618464
0.138653 -0.088349 0.618035
0.138739 -0.088931 0.620038
0.137828 -0.088871 0.619524
0.138643 -0.088573 0.619605
0.137016 -0.088064 0.620388
0.137137 -0.088495 0.620262
0.136008 -0.088082 0.621471
0.136037 -0.088025 0.621674
0.136834 -0.088084 0.623326
0.137006 -0.087652 0.623007
0.135137 -0.087739 0.623096
0.135270 -0.089124 0.624254
0.135113 -0.088457 0.623890
0.135203 -0.088389 0.625025
0.135224 -0.089563 0.624008
0.134876 -0.088351 0.624903
0.133115 -0.088500 0.624796
0.133623 -0.088096 0.626206
0.133991 -0.088688 0.626493
0.133731 -0.088443 0.626688
0.131983 -0.088433 0.626482
0.132225 -0.088524 0.628754
0.131979 -0.088781 0.628398
0.131705 -0.088504 0.627943
0.131309 -0.088322 0.628793
0.130801 -0.088933 0.629310
0.130268 -0.088739 0.629465
0.130141 -0.088485 0.629909
0.130301 -0.088142 0.629868
0.129657 -0.088344 0.630487
0.129352 -0.087501 0.631072
0.129117 -0.088890 0.632233
0.128510 -0.088874 0.630986
0.128489 -0.088533 0.631580
0.128401 -0.088586 0.632236
0.127153 -0.088645 0.632675
0.127787 -0.087717 0.633600
0.126886 -0.088973 0.633116
0.126836 -0.088580 0.633069
0.126196 -0.088483 0.633959
0.125676 -0.087733 0.633513
0.124617 -0.087926 0.634770
0.123645 -0.087965 0.634464
0.124380 -0.088262 0.635383
0.124798 -0.088498 0.635154
0.123072 -0.088837 0.635227
0.123340 -0.088239 0.636339
0.121806 -0.088129 0.636187
0.122288 -0.087880 0.637190
0.120692 -0.087956 0.635763
0.122705 -0.088457 0.636372
0.121145 -0.085404 0.563194
0.121782 -0.084843 0.563554
0.122533 -0.085650 0.563836
0.122922 -0.085191 0.564174
0.123433 -0.084093 0.564814
0.123984 -0.085585 0.563553
0.123761 -0.084898 0.564878
0.123119 -0.085297 0.564465
0.125180 -0.085265 0.565082
0.124072 -0.086381 0.565290
0.125702 -0.085050 0.566080
0.126062 -0.085952 0.566089
0.126508 -0.085544 0.566495
0.125555 -0.085114 0.567150
0.126068 -0.085537 0.567048
0.126932 -0.084995 0.566977
0.126217 -0.085065 0.568058
0.127927 -0.085346 0.567584
0.129126 -0.085640 0.568583
0.128838 -0.085498 0.569675
0.128801 -0.085498 0.569339
0.129462 -0.084781 0.569076
0.129041 -0.085391 0.569650
0.129663 -0.085267 0.570087
0.130772 -0.084787 0.570078
0.130836 -0.085436 0.570822
0.131155 -0.085822 0.572027
0.131664 -0.085699 0.571825
0.132672 -0.085435 0.572403
0.131786 -0.084528 0.571781
0.133060 -0.084713 0.573128
0.133350 -0.085113 0.573608
0.133309 -0.084488 0.573374
0.134326 -0.084426 0.573919
0.134380 -0.085253 0.574943
0.134158 -0.084119 0.574713
0.133525 -0.084608 0.574631
0.134556 -0.086330 0.575535
0.134965 -0.084893 0.576735
0.136011 -0.085598 0.575790
0.135540 -0.084258 0.576691
0.136706 -0.083928 0.577536
0.136736 -0.085323 0.577399
0.135663 -0.085425 0.578143
0.136268 -0.085352 0.578298
0.136747 -0.085872 0.579450
0.137301 -0.086036 0.579175
0.137384 -0.084355 0.579362
0.137578 -0.085812 0.581517
0.136416 -0.084638 0.580121
0.138092 -0.086263 0.581128
0.138391 -0.084692 0.580937
0.138434 -0.084787 0.581879
0.138347 -0.085065 0.582168
0.138443 -0.084869 0.581851
0.138278 -0.084849 0.583133
0.139763 -0.084852 0.584392
0.139321 -0.086001 0.584467
0.140023 -0.085474 0.584303
0.139656 -0.085166 0.584950
0.140910 -0.084758 0.586250
0.140356 -0.085277 0.586793
0.140235 -0.085132 0.586765
0.139914 -0.085161 0.585989
0.140779 -0.085808 0.586420
0.140491 -0.085456 0.587797
0.140849 -0.085275 0.588161
0.140301 -0.085314 0.589443
0.140778 -0.085313 0.589704
0.142490 -0.085447 0.589932
0.140554 -0.084389 0.590624
0.140971 -0.085297 0.590963
0.142147 -0.085401 0.591741
0.141777 -0.085576 0.592430
0.141083 -0.085257 0.591673
0.141744 -0.085255 0.592196
0.141895 -0.086072 0.594122
0.141722 -0.084383 0.593566
0.143294 -0.084693 0.594664
0.142272 -0.085652 0.595697
0.142916 -0.085827 0.595602
0.142157 -0.084352 0.595060
0.141638 -0.085801 0.596610
0.142588 -0.085092 0.597344
0.143051 -0.085093 0.597565
0.141935 -0.084675 0.597915
0.142740 -0.085272 0.598959
0.142801 -0.086234 0.598472
0.142217 -0.084368 0.598737
0.142311 -0.084892 0.599536
0.142701 -0.084886 0.600942
0.143171 -0.085522 0.599764
0.142118 -0.085819 0.600814
0.142698 -0.085490 0.601971
0.142356 -0.085388 0.601207
0.142599 -0.085927 0.602525
0.142150 -0.084821 0.603208
0.141269 -0.084643 0.604141
0.143373 -0.085125 0.604082
0.142049 -0.084869 0.605030
0.141847 -0.085082 0.604350
0.141917 -0.085729 0.605940
0.142253 -0.084957 0.606742
0.142032 -0.084681 0.606987
0.142319 -0.085768 0.607372
0.141609 -0.085310 0.607866
0.141379 -0.085440 0.608268
0.141001 -0.085503 0.609830
0.141522 -0.085266 0.608524
0.140907 -0.084809 0.609824
0.140833 -0.085375 0.609721
0.141139 -0.084567 0.610530
0.142897 -0.084135 0.610601
0.140553 -0.085536 0.612030
0.140528 -0.085053 0.611886
0.140515 -0.086281 0.611744
0.139577 -0.085234 0.613297
0.140495 -0.085473 0.613645
0.140341 -0.085244 0.613458
0.139783 -0.085227 0.613591
0.139379 -0.085567 0.614196
0.139478 -0.085230 0.615626
0.138860 -0.085785 0.614934
0.139661 -0.085262 0.615967
0.139558 -0.085114 0.617099
0.138704 -0.084930 0.617014
0.138481 -0.085363 0.617308
0.137958 -0.085264 0.618094
0.137528 -0.085686 0.618492
0.138285 -0.084474 0.619266
0.138744 -0.084856 0.619232
0.137726 -0.084884 0.619596
0.136846 -0.085342 0.619511
0.137562 -0.084495 0.620057
0.137027 -0.085537 0.621791
0.136910 -0.084842 0.620962
0.136571 -0.085852 0.621358
0.136002 -0.084824 0.621435
0.135814 -0.085664 0.622783
0.134998 -0.085769 0.623265
0.135108 -0.085906 0.623679
0.134108 -0.085213 0.623628
0.134733 -0.085387 0.623633
0.134014 -0.084622 0.625610
0.133690 -0.086487 0.624694
0.134188 -0.084859 0.625331
0.133120 -0.085215 0.625529
0.132676 -0.085200 0.626869
0.132818 -0.084859 0.627124
0.132345 -0.085990 0.627073
0.132396 -0.085455 0.628276
0.132005 -0.084249 0.628198
0.130991 -0.084869 0.628453
0.130974 -0.085608 0.628702
0.131375 -0.086183 0.629318
0.131143 -0.083956 0.629830
0.130168 -0.084532 0.630283
0.129429 -0.085912 0.630165
0.129539 -0.085797 0.630844
0.128754 -0.085856 0.630323
0.129079 -0.085595 0.630980
0.127567 -0.085317 0.631828
0.128681 -0.084392 0.631684
0.127478 -0.085741 0.632341
0.128273 -0.084530 0.632894
0.126475 -0.085731 0.633328
0.126648 -0.084644 0.633512
0.126353 -0.084732 0.633497
0.126487 -0.086209 0.633448
0.125518 -0.085859 0.634039
0.125209 -0.084829 0.634103
0.125632 -0.085800 0.634687
0.123405 -0.085162 0.634573
0.124734 -0.084680 0.635034
0.122603 -0.084829 0.635677
0.123600 -0.085644 0.635444
0.122106 -0.085125 0.636932
0.121843 -0.085955 0.636480
0.121334 -0.084668 0.637340
0.121246 -0.085179 0.636840
0.120043 -0.082325 0.563651
0.121189 -0.081610 0.563419
0.121395 -0.082321 0.563375
0.122104 -0.081436 0.563447
0.122438 -0.081534 0.564662
0.123074 -0.081517 0.564988
0.123265 -0.082010 0.564204
0.123681 -0.082187 0.564961
0.124428 -0.081036 0.565260
0.124633 -0.081939 0.565440
0.125160 -0.081464 0.564670
0.126009 -0.082681 0.566426
0.126268 -0.081319 0.566167
0.126536 -0.081881 0.566895
0.126171 -0.082172 0.567604
0.126575 -0.081884 0.567574
0.128417 -0.082157 0.567744
0.128436 -0.081039 0.568262
0.128588 -0.081187 0.569073
0.128858 -0.082232 0.568652
0.130057 -0.081001 0.569708
0.129510 -0.082103 0.568574
0.129493 -0.082092 0.570530
0.130250 -0.082125 0.569438
0.130705 -0.081123 0.569637
0.131220 -0.082133 0.571348
0.130764 -0.082014 0.570663
0.131890 -0.081478 0.571448
0.132121 -0.081926 0.571893
0.131920 -0.082156 0.572201
0.132968 -0.080547 0.572168
0.133012 -0.082868 0.574068
0.133865 -0.081880 0.573535
0.132977 -0.081653 0.573779
0.133545 -0.082215 0.574807
0.134114 -0.081732 0.574634
0.133441 -0.082976 0.574721
0.134408 -0.082456 0.574699
0.135127 -0.081615 0.575805
0.135093 -0.082344 0.576968
0.135394 -0.081908 0.577385
0.136043 -0.081767 0.576781
0.136387 -0.080913 0.577827
0.136752 -0.082704 0.578324
0.137545 -0.081367 0.578935
0.136906 -0.082959 0.578504
0.137371 -0.081826 0.579141
0.137285 -0.082252 0.579396
0.136717 -0.082064 0.579643
0.137510 -0.082846 0.580667
0.137842 -0.081638 0.580603
0.137376 -0.082075 0.581768
0.138591 -0.081573 0.581931
0.138817 -0.082232 0.582779
0.138898 -0.081642 0.583003
0.138688 -0.081603 0.583130
0.138761 -0.081791 0.583582
0.140088 -0.081234 0.583232
0.140299 -0.080443 0.585238
0.139291 -0.081044 0.584863
0.141084 -0.082090 0.585221
0.140303 -0.081609 0.586344
0.140659 -0.082019 0.586490
0.139770 -0.082497 0.587443
0.140070 -0.081111 0.587325
0.141238 -0.081420 0.588176
0.141591 -0.082162 0.587982
0.140514 -0.081840 0.590083
0.141483 -0.081186 0.589917
0.141998 -0.081811 0.590439
0.141780 -0.082218 0.590879
0.141708 -0.081987 0.590634
0.141794 -0.081427 0.591295
0.142209 -0.080925 0.591842
0.142607 -0.081247 0.592699
0.141245 -0.082194 0.592898
0.141850 -0.081007 0.593462
0.141363 -0.082755 0.593688
0.141963 -0.081315 0.595293
0.142416 -0.081883 0.594785
0.142413 -0.082341 0.594923
0.142787 -0.082499 0.595459
0.142772 -0.082628 0.596781
0.141729 -0.082304 0.597377
0.141700 -0.081626 0.597182
0.142193 -0.081374 0.597890
0.142564 -0.082078 0.597535
0.141597 -0.081819 0.597937
0.141864 -0.082207 0.598802
0.142257 -0.082076 0.599598
0.140921 -0.082840 0.600656
0.143008 -0.082491 0.600375
0.142440 -0.082360 0.601762
0.142658 -0.082300 0.602522
0.141716 -0.081901 0.602869
0.141476 -0.082307 0.602352
0.142177 -0.081889 0.603796
0.142634 -0.082550 0.603401
0.142076 -0.081734 0.604504
0.141181 -0.081681 0.604253
0.142231 -0.081307 0.604783
0.141950 -0.082026 0.605093
0.142378 -0.082270 0.606704
0.142308 -0.082513 0.607141
0.141237 -0.081777 0.607067
0.141984 -0.082419 0.607171
0.142209 -0.082426 0.608062
0.141576 -0.082191 0.608612
0.141752 -0.081936 0.609074
0.142773 -0.082345 0.609917
0.141271 -0.081774 0.610364
0.141529 -0.081398 0.609941
0.140724 -0.081364 0.610060
0.139425 -0.082540 0.611177
0.140408 -0.082327 0.611761
0.140872 -0.081952 0.612837
0.140440 -0.081333 0.613229
0.140251 -0.082230 0.614435
0.139378 -0.082023 0.613773
0.140021 -0.081962 0.613815
0.140018 -0.081816 0.614588
0.140174 -0.081606 0.615742
0.140006 -0.082268 0.615612
0.139789 -0.082272 0.616434
0.138785 -0.081630 0.615947
0.139095 -0.082550 0.616769
0.138424 -0.081399 0.617478
0.138840 -0.081669 0.619158
0.138227 -0.082174 0.618280
0.137996 -0.081934 0.618979
0.137305 -0.082320 0.619651
0.138250 -0.081688 0.619584
0.138188 -0.081454 0.620391
0.137409 -0.081326 0.620140
0.137763 -0.081705 0.621543
0.136693 -0.081989 0.622220
0.136021 -0.080725 0.621935
0.136091 -0.082143 0.623013
0.136379 -0.081837 0.622972
0.135975 -0.082152 0.623225
0.135025 -0.080834 0.624669
0.134551 -0.081745 0.623460
0.134240 -0.081285 0.624063
0.133877 -0.081524 0.624518
0.133676 -0.081752 0.626050
0.133818 -0.081936 0.625706
0.133157 -0.081762 0.625981
0.132892 -0.082208 0.627000
0.132689 -0.082580 0.627835
0.133039 -0.082979 0.626837
0.132338 -0.081521 0.627100
0.131277 -0.082214 0.628543
0.132813 -0.082144 0.628895
0.131237 -0.081359 0.628359
0.130797 -0.082206 0.629318
0.130427 -0.081914 0.628775
0.130387 -0.082699 0.630714
0.129459 -0.081183 0.630130
0.130250 -0.082618 0.629969
0.129992 -0.081598 0.630841
0.128838 -0.082472 0.631552
0.127442 -0.081704 0.632295
0.127494 -0.081660 0.631149
0.128165 -0.082250 0.631638
0.126508 -0.082265 0.631880
0.126050 -0.081510 0.632715
0.126968 -0.081454 0.633097
0.126783 -0.081809 0.633802
0.125862 -0.082427 0.634956
0.125827 -0.081871 0.634339
0.124997 -0.082191 0.634459
0.124505 -0.081334 0.634528
0.124167 -0.080585 0.635431
0.123165 -0.081821 0.634540
0.122534 -0.082814 0.635132
0.123046 -0.083083 0.637257
0.121703 -0.082320 0.636267
0.121506 -0.082344 0.636165
0.121908 -0.081897 0.636537
0.120993 -0.081776 0.636677
0.120810 -0.079323 0.562334
0.122031 -0.078329 0.563963
0.121733 -0.078667 0.563461
0.122207 -0.077872 0.564397
0.122563 -0.078857 0.564755
0.123433 -0.077995 0.563834
0.123076 -0.078600 0.565140
0.124279 -0.079713 0.565020
0.124186 -0.078054 0.565108
0.125653 -0.078107 0.564737
0.125162 -0.077400 0.566831
0.125433 -0.078652 0.564967
0.126234 -0.078711 0.565896
0.126967 -0.078113 0.566617
0.126705 -0.079245 0.567131
0.128492 -0.078074 0.567991
0.128133 -0.078762 0.567049
0.127995 -0.078772 0.568545
0.127546 -0.079498 0.568296
0.128801 -0.078233 0.568855
0.129307 -0.078965 0.569221
0.130361 -0.079576 0.568792
0.129487 -0.078169 0.569681
0.131151 -0.078534 0.571241
0.131104 -0.078408 0.571168
0.130857 -0.078569 0.570994
0.131133 -0.078480 0.571451
0.132013 -0.078721 0.571653
0.131777 -0.078547 0.572664
0.133239 -0.078632 0.573209
0.132534 -0.078627 0.574109
0.133271 -0.077528 0.572563
0.132315 -0.079160 0.573246
0.133281 -0.078836 0.573371
0.133584 -0.077895 0.574843
0.135053 -0.078754 0.573831
0.134298 -0.078906 0.575069
0.135275 -0.078430 0.574563
0.134579 -0.079089 0.575835
0.135812 -0.078394 0.576434
0.136142 -0.078909 0.576988
0.135941 -0.078507 0.577052
0.136194 -0.078546 0.576748
0.137162 -0.078307 0.577826
0.137313 -0.077908 0.577985
0.137798 -0.078177 0.578786
0.137171 -0.078277 0.579478
0.137164 -0.078181 0.580152
0.138211 -0.079192 0.579699
0.137769 -0.077772 0.580110
0.138326 -0.078463 0.580800
0.138331 -0.078092 0.581047
0.138767 -0.078532 0.582310
0.138193 -0.079158 0.582831
0.139339 -0.078079 0.582617
0.139100 -0.079063 0.583186
0.138956 -0.078638 0.583291
0.138764 -0.077814 0.584132
0.139824 -0.078631 0.584785
0.139588 -0.078107 0.585451
0.140313 -0.079290 0.585373
0.139645 -0.078403 0.585677
0.140802 -0.078553 0.586144
0.141191 -0.079712 0.586899
0.140495 -0.078681 0.588494
0.140652 -0.079040 0.587976
0.141108 -0.078808 0.588478
0.140796 -0.078204 0.588764
0.141369 -0.078029 0.588655
0.141685 -0.078688 0.590257
0.140996 -0.078391 0.590123
0.142269 -0.078770 0.590905
0.140957 -0.079489 0.592076
0.141378 -0.078350 0.592103
0.142220 -0.078257 0.591378
0.142073 -0.078652 0.593652
0.142212 -0.078156 0.593663
0.142288 -0.079045 0.593304
0.143224 -0.078446 0.593721
0.140716 -0.078435 0.594279
0.142807 -0.077982 0.595123
0.143410 -0.078863 0.595988
0.142416 -0.079543 0.596094
0.142579 -0.078420 0.596619
0.142407 -0.079083 0.597426
0.141960 -0.078307 0.597735
0.143163 -0.078995 0.598001
0.142607 -0.077963 0.598778
0.142074 -0.078810 0.599218
0.143132 -0.078620 0.600301
0.142216 -0.077993 0.600415
0.141869 -0.078942 0.601198
0.142545 -0.078628 0.601378
0.142635 -0.078607 0.600121
0.142839 -0.077852 0.601905
0.142312 -0.077462 0.602240
0.142072 -0.078968 0.603764
0.141981 -0.077860 0.604142
0.141934 -0.077874 0.603926
0.142577 -0.078863 0.604562
0.142506 -0.077748 0.605600
0.141898 -0.077212 0.605746
0.141736 -0.078721 0.606303
0.141922 -0.078997 0.606610
0.142175 -0.078643 0.607751
0.141619 -0.078001 0.607739
0.141118 -0.078850 0.608053
0.141501 -0.077846 0.607220
0.141101 -0.078197 0.609129
0.141439 -0.078325 0.609749
0.142000 -0.078265 0.610563
0.141635 -0.078358 0.610896
0.140856 -0.078667 0.611331
0.140383 -0.078713 0.611290
0.141128 -0.078706 0.611327
0.140178 -0.078277 0.612490
0.139719 -0.079235 0.613180
0.139463 -0.078497 0.614643
0.139067 -0.078666 0.612531
0.139647 -0.078313 0.614775
0.139467 -0.079822 0.614550
0.139721 -0.078506 0.615464
0.140695 -0.078393 0.614988
0.138702 -0.078241 0.616293
0.138737 -0.077981 0.617354
0.138314 -0.078954 0.617575
0.138430 -0.077887 0.617585
0.138620 -0.077989 0.618551
0.138534 -0.078738 0.618466
0.137857 -0.078816 0.619175
0.137154 -0.078611 0.619393
0.137507 -0.078047 0.620439
0.137479 -0.078016 0.620143
0.136237 -0.078552 0.619862
0.136789 -0.078428 0.620843
0.136758 -0.078337 0.622524
0.136784 -0.078656 0.622245
0.135634 -0.079702 0.622072
0.136374 -0.078567 0.621916
0.136216 -0.078566 0.622517
0.135504 -0.078351 0.624131
0.135828 -0.078192 0.624255
0.134274 -0.078243 0.624295
0.134434 -0.078208 0.624249
0.133815 -0.078061 0.625027
0.133203 -0.078115 0.625800
0.133557 -0.077399 0.626267
0.132755 -0.078429 0.626368
0.133281 -0.077930 0.626993
0.132870 -0.078432 0.627268
0.131994 -0.078770 0.627394
0.131961 -0.078722 0.628467
0.131182 -0.078451 0.627474
0.131819 -0.078602 0.628173
0.130644 -0.078328 0.628704
0.130339 -0.078316 0.629903
0.130126 -0.078121 0.631229
0.130512 -0.078893 0.630550
0.129009 -0.078465 0.630525
0.128969 -0.078758 0.631577
0.129096 -0.077569 0.631105
0.128007 -0.078416 0.632079
0.128123 -0.078214 0.632503
0.127436 -0.078244 0.631450
0.126808 -0.078222 0.631689
0.128181 -0.078911 0.632340
0.126683 -0.078660 0.633248
0.125982 -0.079004 0.633791
0.126175 -0.078253 0.633292
0.125412 -0.078720 0.634312
0.125288 -0.078414 0.634514
0.125327 -0.078082 0.634556
0.124454 -0.078115 0.634743
0.123789 -0.078874 0.634937
0.124026 -0.078251 0.635353
0.123505 -0.078378 0.635273
0.121605 -0.078817 0.635656
0.121629 -0.077804 0.635827
0.122434 -0.078094 0.636132
0.120997 -0.078767 0.636970
0.121813 -0.074088 0.562790
0.121766 -0.075100 0.563733
0.121727 -0.074912 0.564028
0.123170 -0.074910 0.564158
0.122965 -0.076000 0.564544
0.123173 -0.074813 0.564730
0.123589 -0.074251 0.565403
0.124582 -0.075030 0.564611
0.125405 -0.075960 0.564682
0.124654 -0.074771 0.565841
0.124816 -0.075060 0.565625
0.125029 -0.074973 0.566314
0.125001 -0.075755 0.567222
0.126498 -0.074774 0.565337
0.126496 -0.075109 0.567392
0.127476 -0.075580 0.567970
0.127864 -0.075775 0.567593
0.128483 -0.075362 0.568080
0.128868 -0.074872 0.568462
0.129210 -0.074582 0.569849
0.128765 -0.074862 0.567848
0.128841 -0.074781 0.569097
0.129250 -0.075168 0.569815
0.130416 -0.075553 0.569452
0.131280 -0.075406 0.570881
0.130082 -0.075257 0.570103
0.131080 -0.075051 0.570419
0.131337 -0.075279 0.571746
0.131580 -0.074574 0.571608
0.132409 -0.074383 0.572141
0.132755 -0.075118 0.572566
0.133156 -0.074460 0.573031
0.132645 -0.075137 0.573680
0.133075 -0.075754 0.573700
0.133780 -0.074482 0.574257
0.134829 -0.075615 0.573804
0.133618 -0.074202 0.575034
0.134438 -0.074911 0.574944
0.135748 -0.074849 0.575776
0.134894 -0.074874 0.575472
0.135141 -0.074977 0.577355
0.136246 -0.074357 0.577469
0.136112 -0.075630 0.577602
0.136536 -0.074871 0.577457
0.136334 -0.075508 0.578402
0.137582 -0.074614 0.578825
0.137453 -0.075279 0.579240
0.137059 -0.075783 0.580506
0.138577 -0.076401 0.580567
0.138260 -0.074997 0.580280
0.137555 -0.074957 0.581062
0.137930 -0.075272 0.581959
0.138609 -0.075198 0.581696
0.139814 -0.077034 0.581988
0.139164 -0.075383 0.582296
0.138199 -0.074887 0.583594
0.138693 -0.074829 0.582906
0.140102 -0.074336 0.584502
0.139539 -0.074655 0.585254
0.139195 -0.075949 0.584553
0.139794 -0.075205 0.585788
0.140769 -0.074991 0.586243
0.139558 -0.074405 0.586055
0.140784 -0.075076 0.587057
0.140777 -0.074904 0.586838
0.140923 -0.075003 0.588129
0.140976 -0.074992 0.588919
0.141076 -0.075392 0.588526
0.141662 -0.073842 0.590724
0.141768 -0.075559 0.590432
0.140953 -0.074921 0.590815
0.141455 -0.075134 0.591179
0.142224 -0.074829 0.591313
0.141870 -0.075805 0.592425
0.141146 -0.075384 0.591858
0.141549 -0.076187 0.592556
0.141173 -0.075553 0.593063
0.142576 -0.074559 0.593237
0.142326 -0.075009 0.594725
0.142675 -0.075208 0.594365
0.141735 -0.074310 0.595033
0.143121 -0.074736 0.595889
0.142664 -0.074835 0.596454
0.142059 -0.075953 0.597368
0.142310 -0.075475 0.598137
0.142062 -0.074953 0.597901
0.142921 -0.075953 0.598512
0.142556 -0.075274 0.599096
0.142364 -0.074679 0.598237
0.142740 -0.076271 0.599851
0.141622 -0.074715 0.599102
0.141480 -0.076113 0.600709
0.142661 -0.075055 0.601698
0.142374 -0.074367 0.601990
0.142485 -0.075408 0.602472
0.143187 -0.075162 0.602765
0.141794 -0.075404 0.602300
0.142528 -0.075385 0.603362
0.142895 -0.076512 0.604505
0.141827 -0.075122 0.604017
0.142536 -0.074644 0.605155
0.141306 -0.073608 0.605672
0.141827 -0.074743 0.605873
0.142772 -0.074821 0.607509
0.142257 -0.075405 0.606590
0.141641 -0.075279 0.606559
0.140968 -0.073751 0.607764
0.142433 -0.074754 0.608245
0.141266 -0.075766 0.609474
0.142039 -0.075048 0.609515
0.140526 -0.074344 0.610956
0.141423 -0.075329 0.610869
0.141592 -0.074194 0.610139
0.141647 -0.074395 0.610970
0.142572 -0.075064 0.612611
0.140703 -0.074777 0.612295
0.140893 -0.075415 0.612916
0.139909 -0.074159 0.613996
0.139597 -0.075564 0.614468
0.140272 -0.075227 0.613917
0.140486 -0.074731 0.615133
0.139121 -0.075037 0.616073
0.138334 -0.075733 0.615381
0.140200 -0.074585 0.616868
0.138663 -0.074501 0.616332
0.138286 -0.075159 0.617589
0.138586 -0.075702 0.617403
0.138517 -0.074484 0.618378
0.138181 -0.075237 0.617882
0.137519 -0.074592 0.619510
0.138249 -0.075159 0.619894
0.137688 -0.075351 0.620231
0.138166 -0.075515 0.619947
0.136739 -0.075336 0.620460
0.137059 -0.075134 0.620891
0.136907 -0.074897 0.622260
0.135863 -0.075883 0.621954
0.136703 -0.075987 0.622382
0.135886 -0.074763 0.622010
0.136170 -0.075689 0.622714
0.135257 -0.074761 0.624044
0.134485 -0.075352 0.623450
0.135132 -0.074724 0.624710
0.134905 -0.075690 0.624733
0.134072 -0.075503 0.624699
0.133068 -0.074764 0.625717
0.133940 -0.075295 0.626509
0.133281 -0.073795 0.626978
0.132966 -0.074295 0.626037
0.132031 -0.074365 0.627273
0.131716 -0.075119 0.627911
0.131664 -0.074134 0.628262
0.132139 -0.074914 0.627571
0.131863 -0.075079 0.629019
0.130883 -0.075004 0.628360
0.130652 -0.075276 0.629331
0.129804 -0.075593 0.629935
0.129500 -0.075274 0.629904
0.129765 -0.075599 0.630161
0.128404 -0.075526 0.630869
0.128747 -0.075769 0.631026
0.129419 -0.074768 0.631434
0.127811 -0.075282 0.631450
0.127775 -0.074435 0.631898
0.127374 -0.074285 0.632657
0.127229 -0.074147 0.632996
0.126142 -0.075125 0.633854
0.126347 -0.074331 0.633769
0.126180 -0.075152 0.633564
0.125339 -0.075477 0.633694
0.124748 -0.074757 0.634227
0.124642 -0.074175 0.634650
0.124534 -0.075054 0.635833
0.123748 -0.075487 0.635649
0.123806 -0.075056 0.635675
0.123303 -0.074982 0.636487
0.121912 -0.074384 0.635519
0.122444 -0.074464 0.636469
0.122386 -0.075328 0.636276
0.121200 -0.074914 0.636837
0.120987 -0.071708 0.563729
0.121715 -0.072643 0.562969
0.121977 -0.071161 0.563934
0.122283 -0.072173 0.564792
0.122375 -0.071104 0.563816
0.123788 -0.072287 0.565210
0.123302 -0.070728 0.565047
0.123353 -0.071261 0.564651
0.124138 -0.072665 0.566016
0.125151 -0.072082 0.566176
0.125651 -0.073092 0.565012
0.126417 -0.071913 0.565969
0.125496 -0.072673 0.566032
0.126360 -0.071556 0.567331
0.126959 -0.071885 0.566446
0.126870 -0.071435 0.567510
0.127546 -0.071281 0.567166
0.128762 -0.070465 0.567780
0.128017 -0.072897 0.568177
0.129397 -0.071519 0.569188
0.129332 -0.071026 0.569506
0.129684 -0.071519 0.569570
0.129744 -0.072090 0.570269
0.131412 -0.071685 0.570218
0.131079 -0.071905 0.570753
0.131466 -0.072175 0.571491
0.130951 -0.071393 0.570858
0.131908 -0.072063 0.571610
0.132063 -0.071693 0.571630
0.131933 -0.071116 0.571555
0.132779 -0.072030 0.572800
0.133569 -0.071857 0.572884
0.131964 -0.071625 0.573298
0.133574 -0.072240 0.573342
0.134641 -0.071003 0.574153
0.134371 -0.072622 0.574398
0.133786 -0.072342 0.575084
0.134457 -0.071877 0.575500
0.134386 -0.072306 0.575583
0.135611 -0.072017 0.576239
0.135675 -0.071838 0.575844
0.136503 -0.071058 0.577362
0.135744 -0.072109 0.577236
0.136721 -0.071662 0.578019
0.136560 -0.071700 0.578796
0.136805 -0.072180 0.579916
0.136504 -0.071410 0.579578
0.136881 -0.071636 0.579332
0.137472 -0.071218 0.581079
0.137281 -0.071541 0.580667
0.138089 -0.071956 0.581274
0.138491 -0.071733 0.581407
0.138078 -0.072399 0.581524
0.138598 -0.071660 0.582813
0.139039 -0.071654 0.581546
0.139534 -0.071070 0.583183
0.138814 -0.071340 0.583299
0.140066 -0.072341 0.583631
0.139206 -0.072412 0.584507
0.140470 -0.071016 0.585922
0.141218 -0.071856 0.585329
0.139801 -0.071937 0.585733
0.139824 -0.071516 0.585526
0.140923 -0.071994 0.586605
0.140630 -0.071639 0.588187
0.140239 -0.072183 0.587475
0.140245 -0.071436 0.588912
0.141070 -0.071721 0.588739
0.141432 -0.071232 0.589910
0.141411 -0.072264 0.590316
0.140540 -0.071619 0.590346
0.142223 -0.072242 0.590700
0.142074 -0.071519 0.591385
0.141555 -0.072150 0.591522
0.142097 -0.071818 0.592702
0.142162 -0.071070 0.592769
0.140969 -0.071741 0.592872
0.141652 -0.070868 0.593584
0.142351 -0.070946 0.595267
0.142507 -0.071558 0.594661
0.142590 -0.071961 0.593800
0.141665 -0.072081 0.595122
0.143260 -0.072040 0.595416
0.141481 -0.071284 0.597083
0.143290 -0.072070 0.597374
0.142428 -0.072493 0.598388
0.142532 -0.072019 0.598342
0.142339 -0.071722 0.598474
0.141808 -0.072008 0.599033
0.142938 -0.071577 0.599918
0.142872 -0.071653 0.600547
0.142770 -0.071716 0.600794
0.142611 -0.072317 0.601476
0.142556 -0.072737 0.602026
0.141372 -0.071370 0.601529
0.141711 -0.072132 0.602696
0.141688 -0.071277 0.603228
0.142006 -0.071279 0.602998
0.142996 -0.072327 0.603205
0.141739 -0.072393 0.605360
0.141791 -0.071423 0.605483
0.142405 -0.072918 0.605247
0.142589 -0.072239 0.606090
0.141160 -0.072168 0.605469
0.140976 -0.071291 0.606813
0.142249 -0.071622 0.607414
0.141386 -0.072573 0.608455
0.140449 -0.072410 0.608924
0.141963 -0.071921 0.609265
0.141086 -0.071047 0.610815
0.140800 -0.071325 0.609868
0.140828 -0.071911 0.611210
0.140321 -0.072860 0.611715
0.140680 -0.071205 0.611399
0.140765 -0.072121 0.612077
0.140860 -0.071330 0.612931
0.139879 -0.071946 0.612562
0.140090 -0.071901 0.613825
0.139647 -0.071542 0.614380
0.139337 -0.073215 0.614632
0.140020 -0.071649 0.614618
0.139282 -0.072142 0.615122
0.139102 -0.072025 0.615680
0.139415 -0.071817 0.615888
0.139809 -0.071794 0.617330
0.139673 -0.071264 0.616854
0.138122 -0.071844 0.617482
0.138783 -0.071969 0.618060
0.137706 -0.071326 0.618225
0.138073 -0.070971 0.618616
0.136879 -0.072366 0.619117
0.138353 -0.072230 0.619953
0.137673 -0.071787 0.620243
0.136746 -0.071751 0.620470
0.137389 -0.071707 0.621297
0.136095 -0.071831 0.621351
0.136801 -0.072069 0.621894
0.136047 -0.071730 0.622977
0.135677 -0.071582 0.622828
0.135681 -0.071803 0.624140
0.134257 -0.071308 0.624461
0.135218 -0.072228 0.624124
0.135626 -0.071261 0.624212
0.134488 -0.071785 0.624650
0.134146 -0.072209 0.625387
0.134536 -0.070970 0.625747
0.133133 -0.072454 0.625540
0.133050 -0.071537 0.626752
0.132557 -0.072188 0.627485
0.132712 -0.070882 0.627490
0.132075 -0.071362 0.628213
0.132035 -0.071884 0.627312
0.131699 -0.071721 0.628148
0.130399 -0.072486 0.628863
0.130186 -0.071716 0.628737
0.130837 -0.070996 0.629038
0.130120 -0.071540 0.629696
0.130696 -0.071395 0.630686
0.129149 -0.071955 0.629827
0.129264 -0.071310 0.631091
0.128554 -0.071167 0.630465
0.128324 -0.071184 0.631763
0.127853 -0.070980 0.631905
0.127866 -0.071047 0.632458
0.127593 -0.071778 0.632374
0.127151 -0.071749 0.632825
0.125960 -0.072146 0.632776
0.126311 -0.071775 0.633356
0.125476 -0.071312 0.634060
0.124584 -0.071042 0.634066
0.125735 -0.071981 0.633896
0.124468 -0.071953 0.634086
0.123913 -0.071869 0.634592
0.123063 -0.072066 0.635365
0.124224 -0.072079 0.636265
0.122090 -0.072891 0.636198
0.122561 -0.072000 0.636374
0.121882 -0.071954 0.635910
0.121606 -0.072335 0.636553
0.121240 -0.071970 0.636240
0.121655 -0.068109 0.563825
0.121224 -0.067181 0.562733
0.122182 -0.068144 0.563707
0.121946 -0.068309 0.562861
0.122386 -0.068149 0.564467
0.124171 -0.067483 0.564993
0.123411 -0.068851 0.564963
0.124468 -0.069244 0.565533
0.124899 -0.068652 0.565426
0.124892 -0.069172 0.565188
0.126564 -0.068429 0.565195
0.125939 -0.067735 0.566689
0.125751 -0.068337 0.567048
0.125942 -0.067916 0.567112
0.126735 -0.068215 0.568012
0.127321 -0.068421 0.567734
0.128627 -0.067730 0.567917
0.127673 -0.068581 0.568398
0.127795 -0.068567 0.568980
0.128552 -0.068973 0.568267
0.129079 -0.068596 0.569191
0.129663 -0.068810 0.569269
0.129723 -0.068460 0.569341
0.130256 -0.067521 0.570521
0.130904 -0.068463 0.570419
0.129984 -0.069138 0.570385
0.131233 -0.067754 0.571258
0.131698 -0.067993 0.571897
0.132265 -0.068484 0.571805
0.133228 -0.068758 0.571483
0.132551 -0.067748 0.572684
0.132157 -0.067696 0.573625
0.132875 -0.068263 0.573696
0.132523 -0.068074 0.574672
0.134500 -0.067558 0.574655
0.134595 -0.067974 0.574841
0.134682 -0.068231 0.575068
0.134799 -0.067702 0.574986
0.135142 -0.068549 0.575887
0.135528 -0.068535 0.576286
0.135735 -0.070054 0.576945
0.135967 -0.068667 0.577105
0.136076 -0.068367 0.577910
0.136167 -0.067884 0.578302
0.136966 -0.068522 0.578516
0.137715 -0.067955 0.579152
0.137332 -0.068809 0.579493
0.136924 -0.068770 0.579349
0.137884 -0.068117 0.579658
0.137513 -0.068038 0.580931
0.138224 -0.068515 0.581260
0.138886 -0.068674 0.581297
0.138856 -0.069034 0.582031
0.139008 -0.069186 0.582825
0.138896 -0.068173 0.582253
0.139068 -0.068984 0.583112
0.139305 -0.068686 0.583814
0.139087 -0.069703 0.583364
0.139924 -0.068281 0.584496
0.139870 -0.067856 0.584701
0.140958 -0.069760 0.585756
0.140339 -0.068573 0.586155
0.139955 -0.068008 0.586476
0.140891 -0.067970 0.586828
0.139784 -0.068137 0.587219
0.140436 -0.068911 0.587334
0.140651 -0.067589 0.588817
0.140810 -0.067737 0.588866
0.141107 -0.068579 0.589352
0.141652 -0.068502 0.589632
0.141433 -0.068893 0.591206
0.142395 -0.068894 0.591361
0.141077 -0.068215 0.590809
0.141611 -0.068165 0.591896
0.141439 -0.068249 0.592225
0.142016 -0.068365 0.593283
0.142718 -0.068816 0.594002
0.142080 -0.068651 0.594204
0.141093 -0.068129 0.594138
0.142286 -0.068173 0.594240
0.143221 -0.067809 0.595138
0.142252 -0.068818 0.596103
0.142133 -0.068928 0.596069
0.141890 -0.068080 0.596682
0.141433 -0.069095 0.597450
0.141988 -0.068997 0.597999
0.142934 -0.068168 0.599125
0.143119 -0.067522 0.598426
0.142405 -0.068334 0.599275
0.142742 -0.068279 0.600042
0.143186 -0.067709 0.599857
0.142851 -0.069025 0.600532
0.142287 -0.067682 0.601721
0.142500 -0.068512 0.600959
0.142575 -0.068472 0.601935
0.141796 -0.068598 0.602672
0.142550 -0.068940 0.603825
0.142802 -0.068195 0.603458
0.142672 -0.068612 0.604183
0.142768 -0.068901 0.604528
0.142870 -0.068483 0.605921
0.142902 -0.068374 0.606066
0.142233 -0.067812 0.605372
0.141295 -0.068754 0.606483
0.142130 -0.068836 0.607151
0.142656 -0.068731 0.607452
0.141691 -0.068065 0.608486
0.141617 -0.067429 0.607948
0.141330 -0.068185 0.608153
0.141184 -0.068725 0.609654
0.141462 -0.068101 0.609794
0.140565 -0.068591 0.609946
0.140322 -0.068654 0.611355
0.140557 -0.067767 0.612010
0.140604 -0.068545 0.612558
0.140529 -0.068114 0.611780
0.140880 -0.068332 0.613209
0.141006 -0.067700 0.613547
0.139687 -0.068212 0.614436
0.139633 -0.068106 0.614435
0.140235 -0.068995 0.615019
0.139822 -0.068714 0.615527
0.139173 -0.067994 0.615556
0.139135 -0.068800 0.615973
0.139117 -0.068748 0.617122
0.138625 -0.068168 0.617252
0.138160 -0.068413 0.618071
0.138799 -0.069072 0.618074
0.137330 -0.068614 0.619134
0.137839 -0.069677 0.618372
0.136965 -0.068148 0.619307
0.136816 -0.068175 0.619783
0.137873 -0.068048 0.620859
0.137980 -0.068646 0.621314
0.136408 -0.069695 0.621674
0.136266 -0.068746 0.621519
0.136737 -0.068398 0.621669
0.135728 -0.068531 0.621997
0.135455 -0.068213 0.623130
0.135680 -0.068695 0.623747
0.135135 -0.068284 0.623758
0.134670 -0.068439 0.624533
0.134649 -0.068524 0.625227
0.134086 -0.068634 0.623865
0.134125 -0.068492 0.625230
0.132622 -0.069240 0.625731
0.133029 -0.069822 0.626474
0.133387 -0.068598 0.625099
0.134082 -0.067636 0.626880
0.131992 -0.068733 0.626631
0.131955 -0.068328 0.627585
0.131289 -0.068358 0.628340
0.131969 -0.068500 0.627944
0.132130 -0.068213 0.628783
0.131113 -0.067863 0.629199
0.130895 -0.068673 0.629161
0.129791 -0.068309 0.629554
0.129946 -0.068493 0.630626
0.128713 -0.068803 0.630834
0.129615 -0.068877 0.630827
0.129512 -0.069038 0.630508
0.128158 -0.069209 0.631537
0.126847 -0.068037 0.631440
0.128496 -0.068677 0.632664
0.125778 -0.068591 0.632513
0.128345 -0.069669 0.633127
0.126630 -0.067260 0.633263
0.125799 -0.068564 0.634548
0.125714 -0.068822 0.633111
0.125535 -0.068640 0.633605
0.125088 -0.068317 0.634594
0.124348 -0.068329 0.635778
0.123833 -0.068912 0.635326
0.123650 -0.069362 0.634390
0.123625 -0.069609 0.634985
0.123959 -0.067957 0.635140
0.122477 -0.068480 0.635986
0.122786 -0.068643 0.635898
0.121440 -0.068093 0.635571
0.121344 -0.068609 0.637827
0.120735 -0.065472 0.563345
0.122372 -0.065581 0.563269
0.122144 -0.065668 0.564223
0.123367 -0.065135 0.564064
0.123175 -0.064501 0.564788
0.123164 -0.064899 0.564002
0.123724 -0.065012 0.564665
0.124652 -0.065184 0.565187
0.124676 -0.065952 0.565617
0.125345 -0.066069 0.566273
0.125553 -0.064633 0.565521
0.125762 -0.063767 0.565828
0.126792 -0.065634 0.565876
0.126899 -0.065849 0.566841
0.125820 -0.065324 0.567365
0.127127 -0.066537 0.567267
0.128263 -0.064210 0.567853
0.129127 -0.064878 0.568467
0.129274 -0.066106 0.568777
0.128438 -0.064118 0.568498
0.128884 -0.065036 0.569813
0.129588 -0.064846 0.569675
0.129355 -0.065432 0.568973
0.130374 -0.065044 0.570625
0.131002 -0.064556 0.571142
0.131319 -0.064924 0.571005
0.131437 -0.065104 0.570251
0.131229 -0.064977 0.570613
0.131749 -0.065373 0.571865
0.131276 -0.065437 0.572074
0.132245 -0.065160 0.572791
0.132463 -0.064907 0.573380
0.134164 -0.064552 0.573635
0.133987 -0.064579 0.574283
0.134017 -0.065417 0.574302
0.133795 -0.065077 0.575167
0.133946 -0.064704 0.575098
0.133942 -0.065655 0.575433
0.135730 -0.065529 0.575729
0.135676 -0.065222 0.575959
0.135322 -0.065678 0.575688
0.134911 -0.065003 0.577506
0.136277 -0.064904 0.577070
0.136205 -0.064919 0.577928
0.136789 -0.064802 0.578593
0.136479 -0.065565 0.579107
0.137004 -0.065708 0.579273
0.136226 -0.064979 0.579253
0.138730 -0.064838 0.579788
0.137460 -0.065228 0.579976
0.138385 -0.066009 0.580376
0.139162 -0.065107 0.581405
0.138459 -0.065133 0.582114
0.138335 -0.064609 0.582468
0.139072 -0.064929 0.582778
0.138935 -0.064956 0.583686
0.139785 -0.064910 0.583938
0.139230 -0.064997 0.584719
0.140568 -0.065400 0.584304
0.140209 -0.064780 0.585379
0.139460 -0.064610 0.585485
0.140434 -0.064100 0.586433
0.139538 -0.064318 0.586972
0.140400 -0.065350 0.587229
0.140692 -0.065630 0.587884
0.140417 -0.064437 0.587348
0.140500 -0.064978 0.588410
0.141692 -0.065551 0.589778
0.141075 -0.065355 0.589594
0.141993 -0.065330 0.590039
0.140900 -0.065658 0.589514
0.141803 -0.065513 0.591208
0.142097 -0.065890 0.592472
0.141455 -0.064154 0.591803
0.141781 -0.065187 0.592420
0.141739 -0.065296 0.592012
0.140855 -0.064623 0.593819
0.141869 -0.065444 0.594574
0.141310 -0.064761 0.593128
0.142522 -0.065443 0.594629
0.141950 -0.064022 0.594967
0.142439 -0.064996 0.595778
0.142193 -0.064539 0.596273
0.142890 -0.064028 0.595776
0.143433 -0.065293 0.598155
0.142675 -0.064824 0.597694
0.142689 -0.065097 0.598694
0.142112 -0.064946 0.598935
0.142488 -0.064547 0.598614
0.142953 -0.064422 0.600149
0.142426 -0.064724 0.600328
0.142221 -0.065391 0.600300
0.142206 -0.065936 0.601032
0.142528 -0.065658 0.600527
0.142421 -0.064430 0.601803
0.142145 -0.065090 0.603035
0.143007 -0.064443 0.603080
0.142061 -0.065331 0.603157
0.142391 -0.065802 0.604549
0.142336 -0.065432 0.604685
0.142361 -0.064562 0.604516
0.142742 -0.065049 0.605825
0.142747 -0.065144 0.606691
0.141841 -0.064402 0.607036
0.142403 -0.065614 0.607736
0.141492 -0.064319 0.607410
0.140979 -0.064731 0.608082
0.141323 -0.065065 0.608867
0.140823 -0.064881 0.609750
0.141249 -0.065356 0.608927
0.141200 -0.064896 0.610714
0.140630 -0.064283 0.611121
0.140712 -0.064647 0.611520
0.140530 -0.064926 0.612068
0.139926 -0.064826 0.611933
0.140421 -0.065265 0.612659
0.140081 -0.063828 0.612545
0.140014 -0.064655 0.613254
0.139884 -0.065541 0.613461
0.140084 -0.065260 0.614515
0.140088 -0.064667 0.614460
0.139797 -0.064114 0.614953
0.139180 -0.064786 0.615094
0.139359 -0.064950 0.617076
0.139405 -0.064799 0.616438
0.138933 -0.064825 0.617210
0.138291 -0.065254 0.617930
0.137624 -0.064643 0.617877
0.137775 -0.065738 0.618526
0.137976 -0.065300 0.618469
0.137384 -0.065261 0.619531
0.137297 -0.065126 0.619342
0.137094 -0.064855 0.621116
0.137843 -0.064434 0.620397
0.136997 -0.064873 0.621585
0.137313 -0.064622 0.621417
0.136592 -0.064981 0.622353
0.136356 -0.064803 0.623119
0.135778 -0.064187 0.622948
0.136398 -0.065343 0.623771
0.135655 -0.064722 0.623614
0.134759 -0.064608 0.623905
0.134903 -0.065839 0.624233
0.133915 -0.065348 0.625885
0.134512 -0.065154 0.626094
0.133870 -0.065267 0.625478
0.132742 -0.065772 0.624822
0.133459 -0.065034 0.626072
0.132371 -0.064724 0.627256
0.133075 -0.065255 0.626477
0.132434 -0.065107 0.627438
0.131847 -0.064967 0.628463
0.130950 -0.065597 0.628360
0.131605 -0.066254 0.627962
0.130879 -0.064827 0.629232
0.130940 -0.065998 0.628833
0.130337 -0.065589 0.630665
0.129841 -0.065118 0.629238
0.130461 -0.065923 0.630459
0.130311 -0.065874 0.631839
0.127882 -0.064252 0.630667
0.128348 -0.065023 0.630660
0.128469 -0.064983 0.631259
0.128524 -0.065338 0.632381
0.127381 -0.065232 0.632509
0.126257 -0.065119 0.633418
0.126316 -0.064926 0.632571
0.126831 -0.065249 0.634238
0.126001 -0.064984 0.633583
0.125550 -0.064019 0.633934
0.125044 -0.065779 0.634563
0.125132 -0.064844 0.635500
0.124884 -0.065458 0.634698
0.124369 -0.065333 0.634619
0.123712 -0.064501 0.635658
0.123332 -0.064918 0.635915
0.122049 -0.065065 0.636535
0.121601 -0.064501 0.637064
0.121439 -0.065807 0.636581
0.120977 -0.064590 0.635911
0.121793 -0.061853 0.562936
0.121532 -0.062382 0.563642
0.122165 -0.061985 0.562752
0.122276 -0.061613 0.564201
0.122306 -0.061477 0.563670
0.123507 -0.062311 0.564171
0.123025 -0.060937 0.564296
0.124359 -0.061634 0.565363
0.124848 -0.061463 0.564791
0.125279 -0.062349 0.565409
0.125328 -0.062003 0.566086
0.125542 -0.061741 0.565489
0.125980 -0.062074 0.566539
0.126923 -0.061790 0.566323
0.128040 -0.062023 0.566679
0.127022 -0.061632 0.567332
0.127311 -0.061658 0.568561
0.128050 -0.062099 0.568433
0.128828 -0.062166 0.568578
0.128144 -0.062956 0.567892
0.129566 -0.061667 0.569978
0.129659 -0.061731 0.569420
0.130245 -0.061124 0.569660
0.130513 -0.061580 0.570198
0.130858 -0.060837 0.570934
0.130280 -0.062406 0.571158
0.131214 -0.061757 0.571731
0.132180 -0.061667 0.571528
0.132005 -0.061715 0.571143
0.131832 -0.061867 0.571147
0.132573 -0.062434 0.573601
0.132771 -0.062180 0.573077
0.133182 -0.061400 0.574089
0.132304 -0.061813 0.573737
0.133973 -0.061447 0.574025
0.133138 -0.061533 0.574418
0.133686 -0.060503 0.574186
0.135240 -0.061628 0.576113
0.135418 -0.062531 0.575152
0.135091 -0.061526 0.577363
0.134945 -0.061296 0.576431
0.135965 -0.061783 0.577436
0.136716 -0.062777 0.577308
0.136049 -0.061854 0.578035
0.136519 -0.060692 0.579310
0.137255 -0.061491 0.579728
0.136584 -0.061257 0.579551
0.137638 -0.062246 0.579772
0.137669 -0.062778 0.580015
0.138186 -0.062100 0.580400
0.138728 -0.061631 0.580654
0.137766 -0.062363 0.581639
0.138038 -0.062060 0.583031
0.139255 -0.061106 0.582396
0.138988 -0.061319 0.583616
0.139103 -0.062368 0.584131
0.139951 -0.061693 0.584150
0.139377 -0.061441 0.585078
0.140217 -0.061499 0.584790
0.139721 -0.062000 0.584195
0.140127 -0.061359 0.586580
0.139865 -0.061508 0.585400
0.139497 -0.062343 0.587086
0.140588 -0.061554 0.587120
0.140851 -0.061697 0.586824
0.140332 -0.061904 0.588485
0.140943 -0.061651 0.588487
0.141311 -0.061263 0.588974
0.140671 -0.061123 0.589088
0.141264 -0.061818 0.590694
0.141350 -0.061475 0.590247
0.141590 -0.061384 0.590323
0.141674 -0.061088 0.591166
0.141804 -0.061737 0.592146
0.142179 -0.061778 0.591988
0.141044 -0.061853 0.592932
0.141931 -0.061469 0.593865
0.141545 -0.061737 0.593907
0.142124 -0.061577 0.594922
0.142553 -0.062510 0.595125
0.141938 -0.061910 0.594980
0.142258 -0.062414 0.596221
0.142718 -0.061281 0.596766
0.141930 -0.061959 0.596937
0.142483 -0.061087 0.597009
0.142310 -0.061191 0.598414
0.141564 -0.061102 0.597883
0.142167 -0.061679 0.598615
0.142739 -0.062507 0.599373
0.142305 -0.061956 0.599976
0.142278 -0.061941 0.599476
0.142643 -0.062430 0.600678
0.142378 -0.062120 0.600580
0.142742 -0.061735 0.601472
0.141656 -0.062243 0.601853
0.142090 -0.061273 0.602879
0.143440 -0.061718 0.603533
0.141745 -0.061454 0.604248
0.143933 -0.060645 0.604056
0.142603 -0.062048 0.604071
0.141124 -0.061779 0.605662
0.142003 -0.061507 0.605575
0.142421 -0.061292 0.605563
0.141731 -0.062011 0.607276
0.141863 -0.061839 0.608153
0.141391 -0.060854 0.607972
0.141707 -0.061854 0.608191
0.140716 -0.061351 0.608388
0.141021 -0.062356 0.609346
0.141194 -0.061046 0.609848
0.141235 -0.061829 0.610263
0.141193 -0.061932 0.610183
0.142214 -0.061839 0.610992
0.140638 -0.062025 0.611797
0.140840 -0.061674 0.611547
0.140513 -0.061462 0.612032
0.140434 -0.062312 0.613558
0.140611 -0.061374 0.613544
0.139835 -0.061417 0.613642
0.139352 -0.061573 0.614469
0.139875 -0.062658 0.615178
0.140164 -0.061162 0.615190
0.139284 -0.061207 0.615371
0.139439 -0.061571 0.615850
0.138652 -0.062812 0.615920
0.138073 -0.062369 0.617284
0.138437 -0.061516 0.616977
0.138705 -0.061165 0.618105
0.137914 -0.062553 0.618681
0.138596 -0.061704 0.618549
0.137454 -0.061641 0.619705
0.137053 -0.061916 0.620492
0.136424 -0.062223 0.620117
0.135980 -0.060736 0.620010
0.137082 -0.061771 0.621070
0.136543 -0.061316 0.622055
0.136999 -0.060920 0.622837
0.135697 -0.061372 0.621607
0.135698 -0.061553 0.622102
0.136094 -0.062641 0.623256
0.135335 -0.061549 0.624078
0.135161 -0.061593 0.624290
0.134733 -0.060865 0.624770
0.135218 -0.061913 0.624792
0.133477 -0.062090 0.625285
0.134349 -0.061081 0.625149
0.132771 -0.061870 0.625139
0.133184 -0.061293 0.625838
0.133139 -0.062186 0.626985
0.132396 -0.061718 0.627387
0.132042 -0.061416 0.627589
0.131231 -0.061646 0.628350
0.131323 -0.061913 0.629033
0.132215 -0.062211 0.628778
0.131515 -0.061433 0.629076
0.130424 -0.060583 0.629117
0.130554 -0.061799 0.630284
0.129107 -0.062301 0.630651
0.129840 -0.062293 0.630349
0.129553 -0.061572 0.630211
0.129438 -0.060943 0.631424
0.128409 -0.062356 0.631434
0.128936 -0.062969 0.631253
0.127740 -0.062472 0.632349
0.127741 -0.061333 0.632458
0.126256 -0.061561 0.632163
0.126955 -0.060753 0.633215
0.125974 -0.063034 0.632961
0.125257 -0.061461 0.633630
0.126261 -0.060778 0.633721
0.125037 -0.061423 0.633174
0.123697 -0.061660 0.634975
0.124699 -0.062011 0.634896
0.123875 -0.061423 0.636016
0.123128 -0.061851 0.635398
0.122335 -0.061447 0.635510
0.122997 -0.061558 0.636330
0.121830 -0.061898 0.636041
0.121373 -0.061176 0.636849
0.122107 -0.061571 0.636855
0.121256 -0.058077 0.563436
0.121439 -0.058755 0.563459
0.122805 -0.057940 0.563734
0.122323 -0.057482 0.564261
0.122978 -0.057889 0.564512
0.123486 -0.058571 0.565277
0.123230 -0.058524 0.564379
0.124038 -0.057607 0.565256
0.124954 -0.059292 0.565561
0.124981 -0.058374 0.565886
0.125158 -0.058347 0.565308
0.125505 -0.058219 0.567138
0.126576 -0.059097 0.566279
0.126080 -0.059048 0.566324
0.127458 -0.058212 0.566409
0.127251 -0.058305 0.568239
0.127233 -0.058090 0.567209
0.127450 -0.058071 0.569825
0.128633 -0.057836 0.568566
0.128920 -0.058417 0.569495
0.129123 -0.058036 0.568841
0.130151 -0.058073 0.570271
0.130408 -0.057813 0.569176
0.130803 -0.058640 0.569786
0.130794 -0.058550 0.569524
0.131544 -0.058054 0.571534
0.130695 -0.057840 0.571547
0.131532 -0.057949 0.571701
0.132747 -0.058949 0.572031
0.132362 -0.058458 0.571598
0.132706 -0.058246 0.572576
0.133079 -0.057422 0.572880
0.133517 -0.058496 0.573531
0.133222 -0.059332 0.573893
0.134841 -0.058846 0.574237
0.134465 -0.058059 0.574778
0.134476 -0.057660 0.574611
0.135194 -0.057811 0.575890
0.134960 -0.057842 0.575150
0.134971 -0.059001 0.576111
0.136392 -0.058050 0.577315
0.135982 -0.058398 0.577106
0.136208 -0.058082 0.577226
0.136949 -0.058789 0.578076
0.137035 -0.058204 0.577377
0.136736 -0.058103 0.578244
0.136540 -0.059255 0.579221
0.137778 -0.058215 0.579627
0.137267 -0.058428 0.580292
0.137129 -0.058741 0.580855
0.137717 -0.058639 0.581536
0.137824 -0.057636 0.581080
0.138792 -0.057820 0.581857
0.138828 -0.058440 0.582183
0.138631 -0.058514 0.582947
0.138822 -0.058253 0.583462
0.139114 -0.058957 0.584311
0.138884 -0.057386 0.584341
0.139398 -0.057697 0.585042
0.140326 -0.057809 0.585000
0.138991 -0.058470 0.585268
0.140362 -0.057840 0.586055
0.140537 -0.058418 0.586555
0.140445 -0.058200 0.586358
0.140964 -0.058437 0.588865
0.141391 -0.058100 0.588182
0.140256 -0.058044 0.587956
0.140679 -0.058151 0.589785
0.140953 -0.057540 0.590067
0.142127 -0.057899 0.590016
0.141349 -0.058440 0.590004
0.141477 -0.057563 0.590440
0.142202 -0.057724 0.591478
0.141802 -0.058242 0.592537
0.141671 -0.058201 0.592035
0.141871 -0.058427 0.593346
0.141599 -0.058602 0.593364
0.142720 -0.058981 0.593861
0.142323 -0.058509 0.593949
0.141934 -0.058461 0.594508
0.142599 -0.059397 0.594792
0.142422 -0.057849 0.595271
0.141772 -0.058566 0.596968
0.143045 -0.058370 0.596825
0.142697 -0.058145 0.597783
0.141686 -0.056684 0.597995
0.142713 -0.056827 0.598669
0.142226 -0.058016 0.598267
0.142048 -0.058430 0.599518
0.142669 -0.059344 0.600223
0.141772 -0.058234 0.600710
0.142542 -0.056820 0.601190
0.142472 -0.059191 0.601943
0.142745 -0.057778 0.602439
0.142282 -0.057429 0.602812
0.142833 -0.058031 0.602683
0.142568 -0.057706 0.603141
0.142425 -0.058824 0.603515
0.142192 -0.058355 0.603884
0.142431 -0.059470 0.604557
0.142578 -0.058015 0.605635
0.141318 -0.057447 0.606053
0.142077 -0.059209 0.605584
0.142593 -0.058301 0.606226
0.141540 -0.058732 0.608139
0.142090 -0.058181 0.607325
0.142547 -0.058436 0.607402
0.142281 -0.058015 0.608297
0.141713 -0.058816 0.608839
0.141446 -0.058143 0.609487
0.140734 -0.058189 0.610686
0.141784 -0.057476 0.610127
0.140204 -0.058774 0.610722
0.141060 -0.059045 0.612055
0.139809 -0.058745 0.611862
0.139922 -0.058392 0.613037
0.140168 -0.058506 0.613775
0.139922 -0.058464 0.613025
0.139690 -0.058820 0.614160
0.140064 -0.058152 0.614849
0.140150 -0.058124 0.614246
0.140040 -0.058174 0.615450
0.139769 -0.057887 0.616081
0.138888 -0.057770 0.616102
0.139477 -0.058262 0.617379
0.139519 -0.058934 0.617667
0.138178 -0.057720 0.618162
0.137922 -0.058164 0.618038
0.138153 -0.058498 0.619425
0.138034 -0.058471 0.619826
0.137581 -0.057948 0.619128
0.137022 -0.058308 0.619364
0.137158 -0.058037 0.619778
0.137192 -0.059508 0.620938
0.136303 -0.059312 0.620851
0.137051 -0.057590 0.620704
0.137143 -0.058902 0.622812
0.136325 -0.058180 0.622589
0.136523 -0.058248 0.622112
0.135374 -0.058697 0.622910
0.135726 -0.058323 0.623882
0.135504 -0.058407 0.623410
0.134983 -0.057863 0.623894
0.134912 -0.058535 0.623994
0.134431 -0.057991 0.625183
0.134629 -0.057858 0.625393
0.133428 -0.058939 0.626913
0.133595 -0.058530 0.626693
0.132267 -0.058268 0.627405
0.132332 -0.058500 0.627370
0.132106 -0.058539 0.628017
0.132754 -0.058089 0.628038
0.131512 -0.058473 0.627861
0.131543 -0.058675 0.629003
0.130396 -0.057734 0.628858
0.129948 -0.058056 0.629978
0.130140 -0.058122 0.629476
0.130148 -0.057938 0.630448
0.130433 -0.057949 0.630176
0.129178 -0.057983 0.630809
0.129381 -0.058275 0.630336
0.128979 -0.058298 0.631968
0.127784 -0.058072 0.631817
0.128439 -0.057416 0.632178
0.127452 -0.058178 0.632159
0.126711 -0.058433 0.632442
0.125321 -0.058662 0.633983
0.126980 -0.059131 0.634588
0.125602 -0.058616 0.633733
0.124886 -0.058184 0.633579
0.125052 -0.057978 0.633728
0.124591 -0.058569 0.635580
0.125282 -0.058369 0.635169
0.124813 -0.057856 0.634911
0.123290 -0.058199 0.635051
0.122909 -0.058658 0.636256
0.122923 -0.058701 0.636538
0.122442 -0.058124 0.636776
0.122405 -0.057549 0.636472
0.122001 -0.057284 0.637435
0.120896 -0.054741 0.562769
0.121478 -0.055074 0.563059
0.122497 -0.056366 0.564038
0.122942 -0.053967 0.564672
0.122487 -0.054124 0.564070
0.124031 -0.053980 0.563438
0.123796 -0.054552 0.564262
0.123688 -0.055313 0.564723
0.125031 -0.054742 0.565959
0.124965 -0.055392 0.565072
0.125929 -0.055249 0.566349
0.126018 -0.055620 0.567415
0.126246 -0.055721 0.568245
0.127308 -0.055295 0.567104
0.126632 -0.055596 0.566983
0.127763 -0.054782 0.567859
0.128177 -0.054410 0.568096
0.127560 -0.055165 0.568178
0.128663 -0.055257 0.569024
0.128544 -0.054631 0.569052
0.128932 -0.054901 0.570207
0.129475 -0.054619 0.569500
0.128707 -0.054790 0.570410
0.130166 -0.054931 0.571306
0.130502 -0.054606 0.569857
0.131193 -0.054477 0.571529
0.131551 -0.055497 0.571047
0.131923 -0.054752 0.571887
0.131208 -0.054283 0.571567
0.131879 -0.055497 0.572631
0.132853 -0.055756 0.573080
0.132860 -0.055248 0.573338
0.133362 -0.055479 0.573101
0.134068 -0.055158 0.573905
0.133726 -0.055407 0.574191
0.134194 -0.055818 0.573800
0.134743 -0.054952 0.576089
0.134869 -0.054978 0.576355
0.135211 -0.054897 0.575799
0.135536 -0.055936 0.576543
0.134935 -0.054666 0.576826
0.135887 -0.054881 0.577279
0.136828 -0.055482 0.576837
0.136470 -0.055061 0.578268
0.135753 -0.055189 0.578955
0.137921 -0.054975 0.578339
0.136862 -0.055748 0.580073
0.137978 -0.055387 0.579908
0.137544 -0.054630 0.580536
0.137085 -0.055763 0.580375
0.139188 -0.054818 0.581647
0.138424 -0.054304 0.581366
0.138565 -0.055577 0.581407
0.138646 -0.055752 0.582726
0.137576 -0.054585 0.583372
0.138477 -0.055636 0.583391
0.139773 -0.054102 0.582714
0.139519 -0.055596 0.584132
0.139007 -0.055575 0.584795
0.141114 -0.054471 0.584926
0.139308 -0.055435 0.585355
0.140501 -0.054720 0.586306
0.140042 -0.054594 0.586984
0.140239 -0.054157 0.586673
0.141940 -0.054360 0.587059
0.140531 -0.055302 0.588157
0.141444 -0.056175 0.588460
0.140036 -0.055482 0.589465
0.140412 -0.055276 0.589029
0.141881 -0.054751 0.589200
0.141756 -0.055391 0.590216
0.141728 -0.055583 0.591819
0.140509 -0.054297 0.590655
0.142202 -0.054922 0.591600
0.141826 -0.055170 0.592320
0.142118 -0.055230 0.593078
0.141724 -0.055100 0.593648
0.141833 -0.055457 0.593767
0.142161 -0.055116 0.594518
0.141835 -0.054425 0.594608
0.141970 -0.055719 0.595139
0.142036 -0.055618 0.594889
0.142582 -0.054355 0.596123
0.142458 -0.055765 0.596875
0.142852 -0.055249 0.597369
0.142336 -0.055342 0.598563
0.142216 -0.054614 0.597821
0.142959 -0.054610 0.599140
0.141537 -0.054924 0.599334
0.142682 -0.055360 0.599945
0.142394 -0.054973 0.599626
0.142017 -0.054512 0.601107
0.142954 -0.054318 0.601200
0.142364 -0.055975 0.601415
0.142927 -0.055673 0.602244
0.142604 -0.055499 0.603243
0.142606 -0.055128 0.604143
0.141725 -0.054773 0.603877
0.141612 -0.054519 0.603084
0.141745 -0.055413 0.605050
0.141284 -0.054621 0.605360
0.142076 -0.055148 0.606333
0.142355 -0.055739 0.606223
0.140839 -0.055114 0.606258
0.141620 -0.054364 0.607189
0.142273 -0.054917 0.607932
0.142115 -0.054375 0.608451
0.142330 -0.054665 0.608810
0.142103 -0.055413 0.608712
0.141765 -0.055180 0.609560
0.141445 -0.054300 0.610201
0.141062 -0.055652 0.610995
0.141130 -0.054452 0.610714
0.140852 -0.055466 0.610802
0.141653 -0.054872 0.611835
0.141127 -0.055845 0.612939
0.140763 -0.055495 0.612358
0.139645 -0.055220 0.613098
0.140149 -0.054616 0.613929
0.139821 -0.054718 0.613250
0.139445 -0.055646 0.614936
0.140207 -0.055874 0.615271
0.139289 -0.055112 0.615212
0.139092 -0.054479 0.616198
0.138841 -0.055077 0.616965
0.139293 -0.055774 0.616767
0.138390 -0.055413 0.617383
0.138566 -0.055019 0.617846
0.138454 -0.054366 0.618469
0.137545 -0.055625 0.618768
0.137353 -0.054610 0.619255
0.137450 -0.054978 0.619304
0.137305 -0.055020 0.620594
0.137821 -0.054073 0.620552
0.136860 -0.055668 0.621936
0.136577 -0.055997 0.621470
0.136167 -0.055228 0.621454
0.136456 -0.055164 0.621857
0.135425 -0.054307 0.623443
0.135848 -0.055274 0.622851
0.135185 -0.054182 0.624170
0.135222 -0.055519 0.624398
0.134017 -0.055157 0.625081
0.134761 -0.053805 0.625646
0.133960 -0.054472 0.625560
0.133874 -0.055345 0.625770
0.133509 -0.054159 0.625495
0.132689 -0.054655 0.626601
0.132717 -0.054842 0.627856
0.132327 -0.054719 0.627527
0.132430 -0.053957 0.627424
0.131366 -0.055244 0.627797
0.132301 -0.054228 0.627826
0.131771 -0.056051 0.628719
0.130954 -0.054163 0.629711
0.131024 -0.055676 0.628783
0.130153 -0.055346 0.629518
0.129667 -0.055475 0.630232
0.130268 -0.055213 0.630484
0.129069 -0.055638 0.630494
0.128886 -0.054887 0.631303
0.128747 -0.055108 0.630589
0.128275 -0.054025 0.631818
0.127112 -0.054871 0.631639
0.127017 -0.055341 0.632548
0.127222 -0.054362 0.633540
0.126279 -0.055703 0.633327
0.126758 -0.054961 0.633533
0.126026 -0.055282 0.633682
0.126172 -0.054204 0.634171
0.126370 -0.055262 0.634549
0.124081 -0.054843 0.634118
0.124206 -0.055411 0.635401
0.123936 -0.055479 0.635554
0.123090 -0.054644 0.636482
0.122341 -0.054422 0.635848
0.121643 -0.054724 0.636759
0.122236 -0.054817 0.636216
0.121866 -0.055610 0.637165
0.121003 -0.055173 0.637273
0.121479 -0.051146 0.562473
0.122291 -0.051811 0.563306
0.122337 -0.051523 0.563573
0.121961 -0.051252 0.563097
0.123217 -0.050843 0.564304
0.122997 -0.052677 0.564175
0.122799 -0.052329 0.565577
0.124292 -0.052560 0.564569
0.124270 -0.051780 0.564849
0.125111 -0.051173 0.565251
0.124824 -0.051412 0.565154
0.125778 -0.052222 0.566197
0.126189 -0.050784 0.566158
0.126402 -0.051056 0.566478
0.126898 -0.051887 0.566337
0.127187 -0.052122 0.567705
0.128841 -0.050838 0.568299
0.128195 -0.051240 0.568809
0.127542 -0.051066 0.569191
0.128215 -0.051375 0.568881
0.129047 -0.050911 0.569709
0.130026 -0.051122 0.568981
0.129549 -0.050807 0.570573
0.130903 -0.051075 0.570174
0.131310 -0.051747 0.570033
0.131254 -0.051249 0.571067
0.131046 -0.051058 0.571243
0.131130 -0.051134 0.571522
0.130936 -0.051633 0.572547
0.132066 -0.051236 0.572301
0.133258 -0.051877 0.573713
0.133133 -0.051328 0.573225
0.132991 -0.052111 0.573216
0.133897 -0.051669 0.573414
0.133862 -0.050865 0.573738
0.133930 -0.052039 0.574871
0.134544 -0.052318 0.575648
0.134681 -0.051779 0.575834
0.133806 -0.050949 0.576152
0.135696 -0.051993 0.576309
0.135882 -0.051493 0.577852
0.137185 -0.051895 0.577944
0.136499 -0.051463 0.577221
0.136072 -0.051776 0.577970
0.136240 -0.051643 0.577540
0.137191 -0.052498 0.579087
0.137532 -0.051978 0.579113
0.137297 -0.051986 0.580489
0.137460 -0.050855 0.580087
0.137368 -0.051814 0.580983
0.138171 -0.051690 0.580426
0.138609 -0.051017 0.580850
0.138526 -0.051973 0.582045
0.138566 -0.051153 0.582527
0.139082 -0.051183 0.583511
0.138837 -0.050964 0.583385
0.139102 -0.051876 0.583944
0.138829 -0.051851 0.584419
0.140580 -0.052828 0.584916
0.139308 -0.052058 0.583815
0.140246 -0.052053 0.587090
0.140057 -0.051343 0.585496
0.140251 -0.051633 0.585384
0.140067 -0.051890 0.587523
0.140282 -0.050927 0.586870
0.140766 -0.051726 0.588665
0.140141 -0.051659 0.588276
0.140104 -0.050712 0.589374
0.142240 -0.051306 0.589490
0.141006 -0.050603 0.589062
0.142025 -0.051477 0.589951
0.140755 -0.051902 0.590577
0.141473 -0.052140 0.592107
0.142497 -0.051190 0.591528
0.142065 -0.051422 0.592374
0.141763 -0.051270 0.592109
0.141953 -0.051469 0.593023
0.141525 -0.051951 0.593539
0.142018 -0.052083 0.595133
0.143374 -0.051930 0.594853
0.141881 -0.051654 0.596238
0.142874 -0.051509 0.595812
0.142255 -0.052406 0.596214
0.142873 -0.052027 0.596491
0.141725 -0.051757 0.596974
0.141121 -0.051473 0.597634
0.142790 -0.052038 0.598210
0.142487 -0.052113 0.599015
0.141601 -0.052445 0.600120
0.142672 -0.051964 0.600167
0.142516 -0.052341 0.599907
0.142657 -0.051434 0.600356
0.142549 -0.052190 0.601704
0.141838 -0.051169 0.602203
0.143071 -0.051246 0.601772
0.141631 -0.051959 0.603089
0.142167 -0.050918 0.603388
0.141679 -0.051382 0.604185
0.141747 -0.052145 0.603773
0.142620 -0.051225 0.604955
0.141956 -0.051701 0.606346
0.142340 -0.050917 0.606171
0.141842 -0.051636 0.607188
0.143124 -0.051241 0.605783
0.141631 -0.051809 0.607055
0.141937 -0.052471 0.607844
0.142201 -0.051658 0.608813
0.141944 -0.051428 0.608590
0.142099 -0.051650 0.609780
0.141839 -0.051529 0.610729
0.141067 -0.051407 0.609754
0.140457 -0.051310 0.610490
0.141475 -0.052272 0.611064
0.140889 -0.052286 0.610788
0.140826 -0.052151 0.612219
0.140467 -0.051836 0.612522
0.140155 -0.051411 0.613539
0.140814 -0.052353 0.613248
0.140038 -0.051126 0.614266
0.139590 -0.051796 0.614439
0.139647 -0.050912 0.615329
0.139705 -0.050963 0.615105
0.139772 -0.052015 0.616082
0.140052 -0.051988 0.616153
0.139650 -0.050638 0.615147
0.137914 -0.051979 0.617329
0.138970 -0.051849 0.617555
0.137201 -0.051241 0.618297
0.138619 -0.050534 0.617444
0.138156 -0.051995 0.618901
0.137835 -0.051781 0.619630
0.136824 -0.051807 0.619916
0.137548 -0.051592 0.620442
0.136754 -0.052042 0.620841
0.136953 -0.052347 0.620758
0.137648 -0.052803 0.621750
0.136529 -0.051223 0.622081
0.136436 -0.051625 0.622438
0.135574 -0.052510 0.623055
0.136422 -0.051819 0.623155
0.135143 -0.051335 0.623465
0.134936 -0.051909 0.623300
0.134953 -0.051883 0.624696
0.134001 -0.051561 0.624498
0.133860 -0.051551 0.625895
0.133865 -0.051821 0.625603
0.134078 -0.051651 0.625394
0.133918 -0.052024 0.626703
0.132468 -0.051924 0.627539
0.132199 -0.051513 0.628304
0.132465 -0.051029 0.628103
0.131291 -0.051877 0.628005
0.131531 -0.051004 0.628128
0.130934 -0.051023 0.628972
0.130904 -0.051577 0.628748
0.131251 -0.051697 0.628925
0.130208 -0.050481 0.630527
0.129738 -0.051991 0.629799
0.130329 -0.051683 0.630612
0.129242 -0.051406 0.630997
0.128539 -0.051146 0.631731
0.127653 -0.051822 0.631120
0.128039 -0.051179 0.632089
0.127078 -0.052120 0.632446
0.127204 -0.052070 0.632255
0.127132 -0.051482 0.632889
0.127189 -0.051781 0.633805
0.126478 -0.051093 0.633710
0.124887 -0.051277 0.633358
0.124505 -0.052138 0.634288
0.123778 -0.051977 0.634627
0.125079 -0.051970 0.634937
0.124313 -0.052187 0.634920
0.123929 -0.052157 0.635496
0.123010 -0.050954 0.636297
0.123578 -0.051876 0.635487
0.121938 -0.051531 0.635684
0.122495 -0.052452 0.636141
0.122706 -0.050621 0.636440
0.121749 -0.052007 0.637117
0.120831 -0.048733 0.562533
0.121336 -0.047893 0.564387
0.122009 -0.048232 0.563727
0.123395 -0.047748 0.564050
0.121949 -0.049810 0.565109
0.123716 -0.047434 0.563261
0.123678 -0.047791 0.564102
0.123921 -0.048528 0.564377
0.124266 -0.048731 0.565042
0.125462 -0.047956 0.565145
0.124769 -0.048002 0.566454
0.125191 -0.048052 0.566275
0.125494 -0.047868 0.566661
0.127140 -0.048045 0.566471
0.127273 -0.048899 0.567506
0.127714 -0.048274 0.568252
0.128111 -0.048134 0.567582
0.128064 -0.047865 0.568342
0.128674 -0.048369 0.567978
0.128026 -0.048358 0.568827
0.127796 -0.049356 0.570165
0.128984 -0.048837 0.569308
0.129894 -0.048681 0.569146
0.130201 -0.047666 0.570854
0.130282 -0.048151 0.569885
0.131814 -0.048446 0.571626
0.130713 -0.048529 0.571518
0.131703 -0.048877 0.572519
0.132028 -0.048315 0.572500
0.131699 -0.048354 0.572538
0.133799 -0.048343 0.573970
0.132743 -0.048036 0.573204
0.133561 -0.047543 0.573663
0.133249 -0.048096 0.573723
0.133934 -0.048778 0.573354
0.133771 -0.047674 0.575122
0.135160 -0.048484 0.574525
0.134487 -0.048277 0.575711
0.134745 -0.048080 0.575766
0.136070 -0.048154 0.575723
0.135986 -0.047740 0.577164
0.136117 -0.048083 0.576815
0.135776 -0.048095 0.578091
0.136248 -0.049307 0.577682
0.137246 -0.047225 0.579435
0.136202 -0.048685 0.578253
0.136395 -0.047657 0.579526
0.137440 -0.048146 0.580284
0.137094 -0.048809 0.580347
0.137825 -0.048915 0.580581
0.137897 -0.048893 0.581106
0.138289 -0.048355 0.581367
0.138577 -0.048579 0.581879
0.137997 -0.048884 0.582601
0.138334 -0.046999 0.583041
0.138509 -0.048814 0.583330
0.139298 -0.048594 0.583916
0.139346 -0.048554 0.584165
0.139687 -0.048271 0.584072
0.139857 -0.048034 0.584771
0.139730 -0.049106 0.585613
0.139735 -0.048698 0.585504
0.140056 -0.047769 0.586665
0.140114 -0.047986 0.587757
0.140844 -0.047826 0.587182
0.140542 -0.048072 0.588282
0.140453 -0.047821 0.588627
0.140996 -0.048848 0.588926
0.141945 -0.047636 0.589802
0.140811 -0.048820 0.590845
0.141684 -0.048025 0.589638
0.141799 -0.048999 0.590469
0.141889 -0.048174 0.591070
0.141382 -0.048223 0.591790
0.141418 -0.048416 0.592501
0.142304 -0.048316 0.591644
0.141711 -0.048655 0.593595
0.142473 -0.048865 0.593542
0.141646 -0.048346 0.594430
0.142733 -0.048224 0.594492
0.143046 -0.047733 0.594946
0.142396 -0.048261 0.595993
0.141902 -0.048548 0.595712
0.142877 -0.048161 0.597423
0.142578 -0.047107 0.597055
0.142600 -0.048226 0.596686
0.142564 -0.048289 0.598529
0.142516 -0.048558 0.598345
0.141908 -0.048780 0.598584
0.142887 -0.047461 0.599317
0.142163 -0.049511 0.600846
0.142406 -0.047443 0.600939
0.143249 -0.047513 0.601774
0.142314 -0.048686 0.601300
0.142046 -0.048089 0.602566
0.142633 -0.047620 0.602195
0.141963 -0.048669 0.603539
0.141744 -0.048105 0.603954
0.141927 -0.046965 0.604780
0.142213 -0.048086 0.604355
0.142611 -0.049017 0.605128
0.142861 -0.048013 0.605693
0.141126 -0.048212 0.606230
0.141414 -0.048121 0.606375
0.141638 -0.047434 0.606872
0.141702 -0.047792 0.607587
0.142261 -0.048692 0.608379
0.140976 -0.049091 0.608110
0.141490 -0.047609 0.608856
0.141596 -0.048129 0.609305
0.141046 -0.047288 0.609873
0.140887 -0.047704 0.610905
0.141041 -0.048070 0.611327
0.140755 -0.048555 0.611129
0.140174 -0.047966 0.611878
0.140712 -0.048130 0.612432
0.140936 -0.046896 0.613027
0.139836 -0.047899 0.612799
0.139987 -0.047586 0.613783
0.139960 -0.048315 0.614910
0.139770 -0.048093 0.614380
0.139920 -0.048474 0.615445
0.140647 -0.048006 0.615785
0.139201 -0.048222 0.616103
0.139735 -0.049353 0.616639
0.139111 -0.047590 0.617887
0.138084 -0.048384 0.617157
0.138618 -0.048137 0.617748
0.138341 -0.048525 0.618097
0.138626 -0.048419 0.619201
0.137712 -0.047827 0.619061
0.137473 -0.047908 0.619634
0.136334 -0.048779 0.619728
0.138052 -0.049153 0.620886
0.135986 -0.048174 0.621766
0.136091 -0.048340 0.622258
0.136290 -0.048583 0.622713
0.136183 -0.048221 0.622289
0.136133 -0.047725 0.622724
0.135943 -0.047097 0.624198
0.135428 -0.048076 0.624081
0.134381 -0.049145 0.623448
0.133362 -0.047679 0.624977
0.133984 -0.048718 0.625441
0.133729 -0.047905 0.625827
0.133405 -0.048225 0.625601
0.132900 -0.047766 0.626168
0.133197 -0.047900 0.626334
0.132278 -0.048165 0.627115
0.132466 -0.048018 0.626897
0.131771 -0.048963 0.628415
0.131051 -0.047589 0.628985
0.132220 -0.048763 0.628923
0.130965 -0.048240 0.629754
0.130939 -0.047026 0.629818
0.129475 -0.048001 0.628979
0.130033 -0.048383 0.629529
0.129680 -0.048398 0.630241
0.129527 -0.048265 0.630640
0.128716 -0.047505 0.630808
0.128413 -0.047767 0.631966
0.127996 -0.048695 0.631311
0.127353 -0.048606 0.631812
0.127656 -0.048555 0.631852
0.128703 -0.048741 0.633062
0.127485 -0.048709 0.632734
0.127066 -0.048254 0.634270
0.126910 -0.047315 0.632839
0.125378 -0.048494 0.634443
0.124167 -0.047973 0.634044
0.124702 -0.048871 0.635063
0.123953 -0.047880 0.634897
0.123402 -0.048592 0.635555
0.123965 -0.048484 0.634943
0.122657 -0.049038 0.636793
0.123504 -0.048428 0.635879
0.122443 -0.048304 0.635549
0.122703 -0.048641 0.636395
0.121402 -0.048833 0.636444
0.121268 -0.048210 0.636547
0.121823 -0.044503 0.562279
0.121497 -0.044756 0.562687
0.121799 -0.044387 0.564184
0.122411 -0.044673 0.564587
0.122275 -0.045387 0.564368
0.123690 -0.044142 0.564487
0.123378 -0.044553 0.564721
0.124593 -0.044703 0.564563
0.125389 -0.045177 0.566477
0.125734 -0.044402 0.566162
0.124962 -0.044665 0.566127
0.125921 -0.045494 0.565705
0.126475 -0.045172 0.566954
0.126421 -0.045480 0.566764
0.127431 -0.044372 0.566364
0.128088 -0.044886 0.567141
0.127845 -0.045397 0.568605
0.127808 -0.044153 0.568022
0.127416 -0.045081 0.568055
0.127849 -0.044760 0.569139
0.128541 -0.044524 0.568914
0.130132 -0.044497 0.568886
0.129780 -0.045214 0.569502
0.129941 -0.045285 0.570672
0.131366 -0.044354 0.570672
0.130298 -0.044912 0.570821
0.132130 -0.044063 0.571265
0.131206 -0.044771 0.570368
0.131960 -0.045174 0.572509
0.132314 -0.044435 0.572523
0.132241 -0.045141 0.572996
0.133004 -0.045091 0.573193
0.133738 -0.044590 0.574220
0.133772 -0.045352 0.573992
0.133652 -0.045347 0.574244
0.134683 -0.045288 0.574050
0.133916 -0.044682 0.575397
0.134460 -0.044584 0.574555
0.134688 -0.045111 0.576035
0.135251 -0.043742 0.575460
0.134147 -0.044544 0.577237
0.136253 -0.045021 0.577660
0.136071 -0.045533 0.576537
0.136627 -0.044616 0.577985
0.136310 -0.045422 0.578974
0.137116 -0.045718 0.579713
0.136827 -0.044432 0.579298
0.136956 -0.044689 0.580037
0.137618 -0.045287 0.580453
0.137412 -0.044703 0.579633
0.138209 -0.044553 0.581125
0.138148 -0.044292 0.581430
0.138013 -0.044951 0.582135
0.138679 -0.044966 0.582127
0.137647 -0.044747 0.582877
0.139153 -0.045330 0.582225
0.139331 -0.044689 0.583506
0.139866 -0.045345 0.583531
0.139285 -0.045102 0.584703
0.139684 -0.045562 0.584971
0.139805 -0.044915 0.585052
0.140145 -0.045181 0.586325
0.140193 -0.045777 0.585931
0.141144 -0.046072 0.585930
0.140799 -0.044275 0.586946
0.140910 -0.044425 0.587532
0.141181 -0.045011 0.588464
0.141559 -0.044481 0.588407
0.140583 -0.045757 0.589706
0.140939 -0.044984 0.590076
0.141457 -0.044093 0.590994
0.140937 -0.044058 0.591522
0.141430 -0.045257 0.591329
0.142046 -0.044923 0.592092
0.141149 -0.044228 0.591790
0.141293 -0.045207 0.592651
0.142137 -0.045123 0.594310
0.142058 -0.045011 0.593262
0.141739 -0.045157 0.594039
0.141639 -0.044912 0.594664
0.142729 -0.045427 0.595058
0.142108 -0.045545 0.595835
0.142438 -0.044527 0.595955
0.143183 -0.044888 0.596971
0.143073 -0.045061 0.597501
0.143184 -0.044964 0.598268
0.142928 -0.045024 0.598230
0.142640 -0.045209 0.597996
0.142609 -0.044959 0.598584
0.142526 -0.043855 0.599512
0.142335 -0.045688 0.600779
0.143081 -0.045086 0.600529
0.142791 -0.045481 0.600805
0.141682 -0.044903 0.601614
0.142439 -0.044705 0.602240
0.142405 -0.045829 0.602725
0.142306 -0.044762 0.603076
0.141814 -0.044987 0.603689
0.142699 -0.044949 0.604789
0.142057 -0.044565 0.605324
0.141576 -0.045382 0.604966
0.142490 -0.044873 0.606143
0.142508 -0.044285 0.605342
0.141721 -0.045212 0.606949
0.142075 -0.044423 0.607653
0.140818 -0.044857 0.607206
0.141135 -0.044450 0.608544
0.141199 -0.044687 0.608184
0.140924 -0.044328 0.609608
0.140746 -0.044464 0.608975
0.141066 -0.044712 0.610743
0.141425 -0.044207 0.610098
0.141295 -0.044381 0.611305
0.140817 -0.044881 0.612135
0.141822 -0.044628 0.612056
0.140145 -0.043972 0.612655
0.140570 -0.045115 0.613435
0.140582 -0.045464 0.612871
0.140291 -0.044822 0.613959
0.140336 -0.044020 0.614704
0.139352 -0.044969 0.614820
0.139657 -0.045294 0.614910
0.139398 -0.044092 0.616195
0.139684 -0.044639 0.615728
0.138881 -0.045170 0.617048
0.139224 -0.044839 0.617457
0.139154 -0.044980 0.617347
0.139202 -0.044603 0.617847
0.138450 -0.044645 0.619186
0.137548 -0.044851 0.618163
0.137342 -0.044846 0.619398
0.136647 -0.044719 0.620005
0.137379 -0.044057 0.619762
0.137360 -0.044886 0.620240
0.136960 -0.045706 0.621373
0.137087 -0.044856 0.622169
0.135977 -0.044574 0.621779
0.135615 -0.044910 0.622224
0.136053 -0.045318 0.622701
0.135474 -0.046031 0.624067
0.134885 -0.044610 0.623963
0.134556 -0.044751 0.624759
0.134480 -0.044693 0.624765
0.134647 -0.044826 0.625637
0.134935 -0.044999 0.624893
0.134305 -0.045371 0.625622
0.133970 -0.044444 0.625870
0.132389 -0.044542 0.627294
0.133938 -0.045155 0.627143
0.132185 -0.045629 0.627371
0.131955 -0.045350 0.626961
0.131701 -0.044802 0.627606
0.131929 -0.045713 0.627673
0.129612 -0.044780 0.628963
0.131381 -0.045276 0.628723
0.130180 -0.045140 0.629337
0.130206 -0.044672 0.629825
0.130223 -0.044778 0.629887
0.129875 -0.044172 0.630454
0.128544 -0.044737 0.631196
0.128788 -0.045407 0.631877
0.128105 -0.044893 0.631194
0.128289 -0.044852 0.631445
0.127433 -0.044496 0.631871
0.126131 -0.045220 0.632326
0.127226 -0.044278 0.633347
0.126847 -0.044822 0.633157
0.125452 -0.045309 0.632897
0.125504 -0.044246 0.634366
0.126062 -0.045705 0.632783
0.124369 -0.044707 0.633658
0.124604 -0.044757 0.634899
0.124477 -0.045079 0.634787
0.123903 -0.043916 0.634596
0.123534 -0.045502 0.634676
0.122266 -0.044057 0.634985
0.123663 -0.043785 0.636975
0.122549 -0.044869 0.636234
0.122244 -0.045035 0.636865
0.120992 -0.044642 0.637121
0.120707 -0.040833 0.562939
0.122027 -0.041177 0.563329
0.122424 -0.041507 0.563723
0.123003 -0.041008 0.565034
0.122643 -0.041143 0.564568
0.123840 -0.041439 0.564514
0.123872 -0.042593 0.564423
0.123850 -0.041830 0.565556
0.124850 -0.042417 0.565330
0.125229 -0.041955 0.564533
0.124992 -0.041910 0.566535
0.124708 -0.042103 0.567120
0.126683 -0.041059 0.566089
0.127324 -0.041966 0.567827
0.126854 -0.042420 0.567063
0.127501 -0.042504 0.568034
0.128013 -0.041307 0.567302
0.128359 -0.041652 0.568134
0.128257 -0.040549 0.567496
0.129464 -0.041103 0.568633
0.128326 -0.042215 0.569056
0.130293 -0.041319 0.569474
0.130798 -0.042617 0.570224
0.130205 -0.041935 0.570149
0.130306 -0.041995 0.570554
0.131532 -0.040838 0.570708
0.130924 -0.040598 0.571536
0.131624 -0.040978 0.572000
0.132474 -0.042596 0.572344
0.132129 -0.041377 0.572413
0.133035 -0.041063 0.572548
0.132303 -0.039609 0.574184
0.133048 -0.041481 0.572992
0.133074 -0.041533 0.573903
0.134507 -0.041191 0.574534
0.134612 -0.040900 0.574131
0.134674 -0.041734 0.574133
0.135147 -0.041360 0.575645
0.135174 -0.041511 0.575438
0.136202 -0.042616 0.576234
0.135214 -0.041194 0.576601
0.136373 -0.042148 0.577236
0.135611 -0.041825 0.576607
0.135754 -0.041076 0.577522
0.136270 -0.041987 0.577672
0.137156 -0.041733 0.579261
0.136848 -0.041235 0.579395
0.137383 -0.041436 0.579357
0.136961 -0.042722 0.579613
0.138860 -0.041254 0.581712
0.138627 -0.041299 0.581927
0.139024 -0.041257 0.581115
0.138362 -0.041170 0.581497
0.138160 -0.041599 0.581276
0.139281 -0.041161 0.582740
0.139431 -0.041623 0.583233
0.139351 -0.041216 0.583734
0.139082 -0.042415 0.584314
0.139490 -0.041161 0.584106
0.140043 -0.040599 0.585762
0.139196 -0.042492 0.585183
0.139811 -0.040848 0.586548
0.140272 -0.041895 0.586155
0.140669 -0.041223 0.587968
0.139794 -0.042565 0.588559
0.140191 -0.042225 0.588379
0.141306 -0.040849 0.588565
0.141227 -0.041524 0.588876
0.141538 -0.041423 0.590122
0.141678 -0.041653 0.590076
0.141343 -0.041481 0.590499
0.141338 -0.041015 0.590541
0.140593 -0.041209 0.591080
0.141163 -0.041932 0.591719
0.142221 -0.041787 0.592436
0.142175 -0.041089 0.592569
0.142012 -0.041235 0.593100
0.141670 -0.041318 0.594071
0.142756 -0.041775 0.595282
0.142147 -0.041593 0.595395
0.141967 -0.041069 0.595761
0.142055 -0.041734 0.595744
0.142087 -0.041937 0.596905
0.142514 -0.041369 0.596524
0.142409 -0.041297 0.597395
0.142234 -0.040702 0.597468
0.141556 -0.042380 0.597813
0.142369 -0.041642 0.599108
0.141595 -0.042172 0.599835
0.142407 -0.042317 0.599370
0.142428 -0.041798 0.599636
0.141346 -0.041376 0.601647
0.142363 -0.041837 0.600911
0.143849 -0.042296 0.601429
0.142527 -0.041884 0.602107
0.141045 -0.041462 0.602382
0.143589 -0.042010 0.603718
0.141126 -0.041740 0.603070
0.141613 -0.042598 0.604128
0.141701 -0.042565 0.604789
0.142073 -0.042048 0.605508
0.142322 -0.041817 0.605132
0.142515 -0.041530 0.606409
0.142329 -0.041469 0.607418
0.141469 -0.041890 0.607713
0.141434 -0.041848 0.608896
0.141051 -0.041101 0.608298
0.141615 -0.041042 0.609740
0.142104 -0.041213 0.609051
0.141109 -0.041944 0.608720
0.141532 -0.042189 0.609789
0.140664 -0.041906 0.610213
0.140855 -0.041824 0.611162
0.141444 -0.042019 0.610610
0.141067 -0.041750 0.612100
0.140869 -0.041816 0.612500
0.141000 -0.041382 0.611561
0.140762 -0.041535 0.613144
0.140707 -0.040643 0.613358
0.140070 -0.041606 0.613225
0.140799 -0.042045 0.614643
0.139684 -0.041291 0.615125
0.139763 -0.041563 0.616509
0.138571 -0.041287 0.615928
0.139793 -0.041687 0.616649
0.139236 -0.041470 0.618324
0.138619 -0.040428 0.617593
0.137834 -0.041987 0.618400
0.139292 -0.041654 0.618406
0.138583 -0.041740 0.619962
0.138408 -0.042329 0.618769
0.137757 -0.040628 0.619837
0.137514 -0.041314 0.620346
0.137176 -0.041231 0.620525
0.137702 -0.042041 0.620468
0.136355 -0.041975 0.621568
0.136583 -0.042373 0.621733
0.136458 -0.041280 0.622131
0.136161 -0.042009 0.622653
0.135720 -0.041240 0.623601
0.134900 -0.041442 0.624122
0.133995 -0.040688 0.624078
0.134683 -0.042123 0.625192
0.133718 -0.040512 0.625467
0.133672 -0.041952 0.625666
0.133821 -0.041806 0.625639
0.132537 -0.041274 0.626564
0.133401 -0.041647 0.627137
0.132599 -0.040670 0.626840
0.133172 -0.041211 0.627121
0.132787 -0.041604 0.627884
0.131759 -0.040869 0.627890
0.131690 -0.041710 0.628143
0.130652 -0.041187 0.628748
0.130910 -0.041440 0.629187
0.130400 -0.040928 0.629842
0.129951 -0.041343 0.629393
0.129939 -0.040971 0.630198
0.129937 -0.040625 0.630914
0.128802 -0.042242 0.631266
0.128936 -0.041557 0.630669
0.128767 -0.040660 0.632480
0.127243 -0.041617 0.631827
0.128966 -0.041146 0.632781
0.127848 -0.042026 0.631703
0.127739 -0.040353 0.633051
0.127255 -0.041245 0.634423
0.127065 -0.041781 0.632711
0.125519 -0.040677 0.633669
0.125566 -0.041981 0.634584
0.125882 -0.041383 0.633710
0.124081 -0.041406 0.634570
0.124390 -0.041685 0.635419
0.124379 -0.041428 0.635100
0.123651 -0.041266 0.635184
0.123021 -0.041870 0.635451
0.123160 -0.040958 0.636992
0.121835 -0.041298 0.635930
0.121318 -0.041363 0.637280
0.121273 -0.041076 0.635506
0.121496 -0.038271 0.563522
0.121381 -0.037353 0.563303
0.121810 -0.038049 0.563240
0.123047 -0.038118 0.563651
0.123015 -0.037518 0.564671
0.123491 -0.038308 0.564116
0.123629 -0.038047 0.564209
0.124366 -0.038692 0.565697
0.124664 -0.038077 0.566090
0.125813 -0.037880 0.565508
0.124600 -0.038455 0.566207
0.126439 -0.037790 0.566343
0.125790 -0.038826 0.566333
0.126603 -0.037512 0.566562
0.126851 -0.037973 0.567212
0.127008 -0.038237 0.567544
0.126758 -0.037708 0.568030
0.128359 -0.038312 0.568510
0.128587 -0.037013 0.568481
0.129712 -0.037721 0.568681
0.129258 -0.037807 0.568264
0.129698 -0.037727 0.569478
0.130557 -0.037752 0.569703
0.130698 -0.037818 0.570251
0.130744 -0.038052 0.570444
0.130684 -0.037293 0.570430
0.132030 -0.038203 0.570828
0.131642 -0.037981 0.571541
0.132222 -0.038842 0.572441
0.132197 -0.039468 0.572797
0.132382 -0.038454 0.572916
0.132304 -0.037836 0.573402
0.133278 -0.039035 0.572834
0.133926 -0.038129 0.574220
0.133826 -0.037873 0.574680
0.133903 -0.038580 0.574809
0.134542 -0.038487 0.574953
0.134654 -0.038146 0.575349
0.135826 -0.038517 0.575121
0.135091 -0.037117 0.576347
0.135203 -0.038688 0.576875
0.135520 -0.038149 0.578141
0.137111 -0.038790 0.578244
0.135839 -0.038353 0.578072
0.136727 -0.037975 0.579044
0.137375 -0.038061 0.578931
0.136646 -0.038467 0.579689
0.137534 -0.038220 0.580109
0.137432 -0.037641 0.579671
0.137665 -0.039261 0.580648
0.137625 -0.037485 0.580639
0.137986 -0.038087 0.582692
0.138596 -0.038165 0.582414
0.138844 -0.037621 0.582446
0.138789 -0.038357 0.582322
0.139177 -0.037864 0.583284
0.139138 -0.038119 0.583421
0.139732 -0.038984 0.584002
0.139162 -0.038448 0.583926
0.140317 -0.038336 0.584234
0.140239 -0.038303 0.585472
0.139725 -0.038513 0.586085
0.140850 -0.038947 0.586313
0.140041 -0.037574 0.586904
0.140386 -0.037223 0.586730
0.140652 -0.037553 0.587698
0.141326 -0.038653 0.588658
0.141254 -0.037216 0.589066
0.141574 -0.038734 0.590173
0.141515 -0.039676 0.589575
0.141978 -0.038117 0.589872
0.142603 -0.038390 0.590935
0.141373 -0.037821 0.591592
0.141541 -0.037376 0.591676
0.142091 -0.038187 0.591936
0.141233 -0.038890 0.592273
0.142428 -0.038441 0.593756
0.141298 -0.038077 0.593555
0.141247 -0.037794 0.594676
0.141887 -0.038915 0.595070
0.141489 -0.038305 0.595459
0.142448 -0.037576 0.596316
0.142292 -0.038443 0.595604
0.142471 -0.037631 0.596818
0.142942 -0.038676 0.597530
0.142495 -0.038426 0.598012
0.141335 -0.038326 0.599051
0.142141 -0.038257 0.598506
0.141510 -0.037969 0.598797
0.142927 -0.038595 0.599837
0.142354 -0.037773 0.600779
0.141880 -0.037497 0.599438
0.142952 -0.038289 0.600886
0.143086 -0.038122 0.602365
0.141981 -0.037739 0.602483
0.142649 -0.038229 0.603521
0.142223 -0.037574 0.602629
0.141450 -0.037856 0.604207
0.142311 -0.037721 0.604207
0.142187 -0.038480 0.604246
0.142414 -0.038587 0.605364
0.142405 -0.038379 0.606347
0.141173 -0.038365 0.607059
0.141946 -0.038041 0.605502
0.142054 -0.038428 0.606789
0.141445 -0.039065 0.607527
0.140701 -0.036991 0.608573
0.141135 -0.037904 0.608819
0.141979 -0.038286 0.609176
0.141346 -0.038169 0.609654
0.142220 -0.038061 0.609511
0.141948 -0.038987 0.610987
0.140570 -0.037624 0.611204
0.140281 -0.038128 0.610609
0.141199 -0.038237 0.612170
0.140462 -0.038878 0.612452
0.140088 -0.037436 0.613710
0.140289 -0.037910 0.613192
0.140233 -0.038091 0.613719
0.139842 -0.037938 0.614366
0.140226 -0.037747 0.615291
0.138816 -0.037530 0.615141
0.138857 -0.038576 0.615111
0.139350 -0.037992 0.616661
0.139261 -0.038623 0.616029
0.139006 -0.038586 0.617246
0.138760 -0.037917 0.618008
0.138788 -0.037998 0.617903
0.138125 -0.038000 0.617700
0.138967 -0.039186 0.619427
0.138631 -0.038286 0.618842
0.137306 -0.037906 0.619949
0.137807 -0.038598 0.619992
0.136618 -0.038270 0.620655
0.137396 -0.039048 0.620996
0.136567 -0.038243 0.621452
0.135599 -0.037228 0.622605
0.136620 -0.037726 0.622828
0.135918 -0.039118 0.623372
0.135407 -0.038540 0.623111
0.135159 -0.037438 0.623067
0.134444 -0.037706 0.624500
0.134966 -0.037920 0.624036
0.134485 -0.037999 0.624658
0.134132 -0.038340 0.625055
0.133955 -0.038168 0.625156
0.133256 -0.037930 0.626526
0.133358 -0.037794 0.626380
0.132508 -0.037642 0.627211
0.133317 -0.038249 0.627756
0.131371 -0.038606 0.627948
0.131962 -0.038218 0.627928
0.131698 -0.037563 0.628253
0.130854 -0.037531 0.628819
0.130849 -0.038279 0.629473
0.130244 -0.038358 0.629998
0.130741 -0.037999 0.629475
0.130358 -0.037101 0.630657
0.127557 -0.038629 0.631145
0.129850 -0.037596 0.630309
0.127687 -0.037815 0.631121
0.128495 -0.038520 0.631292
0.128113 -0.037200 0.631981
0.127778 -0.038351 0.632008
0.126893 -0.037871 0.632483
0.126652 -0.037961 0.632642
0.127193 -0.037410 0.632197
0.125519 -0.038122 0.632875
0.125666 -0.037814 0.633889
0.125894 -0.037684 0.633676
0.125860 -0.038238 0.633741
0.125405 -0.038005 0.633939
0.124624 -0.038736 0.634953
0.124180 -0.037870 0.635172
0.123712 -0.038536 0.635295
0.122845 -0.038619 0.635788
0.123467 -0.037283 0.636135
0.122838 -0.037456 0.636045
0.121758 -0.038173 0.636933
0.120723 -0.038626 0.636509
0.121481 -0.034870 0.563116
0.120788 -0.034189 0.563901
0.122129 -0.034072 0.563354
0.122988 -0.034436 0.563415
0.123098 -0.034636 0.563638
0.123226 -0.033596 0.565797
0.124770 -0.034636 0.564797
0.124409 -0.035346 0.564607
0.124081 -0.034748 0.565120
0.124417 -0.034857 0.565555
0.125017 -0.035175 0.565271
0.125183 -0.034267 0.565662
0.125680 -0.035666 0.566726
0.126970 -0.034793 0.566535
0.127251 -0.034097 0.566999
0.127650 -0.035099 0.566611
0.128411 -0.034636 0.567378
0.127940 -0.035155 0.568017
0.128316 -0.034395 0.568180
0.129098 -0.035818 0.569073
0.128263 -0.035483 0.569213
0.129106 -0.035451 0.569730
0.129614 -0.035148 0.570592
0.129406 -0.034955 0.569477
0.131103 -0.034789 0.570155
0.130617 -0.034506 0.571358
0.130622 -0.034747 0.571304
0.131827 -0.034732 0.572000
0.131963 -0.034539 0.572137
0.131748 -0.034265 0.572568
0.132902 -0.034291 0.572863
0.133020 -0.034611 0.573127
0.133169 -0.034958 0.572576
0.133644 -0.036117 0.573865
0.133925 -0.034111 0.574304
0.134883 -0.035602 0.574654
0.134618 -0.034100 0.575157
0.134805 -0.034884 0.575352
0.133887 -0.034194 0.575968
0.134836 -0.035175 0.576375
0.135166 -0.035148 0.577927
0.135348 -0.033813 0.576462
0.136495 -0.034733 0.577550
0.135733 -0.035157 0.577762
0.136492 -0.034765 0.578246
0.135966 -0.034856 0.578210
0.136732 -0.034861 0.578951
0.136475 -0.034529 0.581050
0.137866 -0.035270 0.580653
0.138429 -0.034810 0.580623
0.137410 -0.034307 0.581518
0.139023 -0.035229 0.582159
0.139611 -0.034924 0.582198
0.139182 -0.034067 0.581587
0.139245 -0.035059 0.583599
0.139402 -0.034746 0.582812
0.139576 -0.034443 0.582967
0.139049 -0.034707 0.583751
0.139784 -0.034764 0.584130
0.140057 -0.034300 0.584933
0.140356 -0.034943 0.585215
0.139280 -0.036000 0.585685
0.140372 -0.034674 0.586340
0.140704 -0.033750 0.586835
0.140386 -0.034472 0.587325
0.140993 -0.034237 0.588909
0.141291 -0.034435 0.588455
0.140821 -0.034219 0.589422
0.141469 -0.034187 0.589628
0.141143 -0.034793 0.589060
0.142092 -0.034699 0.589837
0.141768 -0.034174 0.590830
0.141796 -0.034893 0.591249
0.142211 -0.035591 0.592069
0.141611 -0.034682 0.592999
0.142324 -0.034693 0.592185
0.142402 -0.035347 0.593982
0.141203 -0.034276 0.593615
0.141828 -0.034530 0.594802
0.142640 -0.035301 0.594482
0.141794 -0.033573 0.595734
0.143107 -0.034468 0.595581
0.143445 -0.034686 0.595962
0.142309 -0.034863 0.597591
0.142960 -0.034621 0.597368
0.142833 -0.034749 0.597401
0.142645 -0.034112 0.598554
0.143294 -0.034926 0.598646
0.141964 -0.034618 0.599566
0.141545 -0.034920 0.599265
0.143284 -0.034407 0.600171
0.142826 -0.034305 0.600321
0.143657 -0.035192 0.600553
0.141895 -0.034414 0.601977
0.142937 -0.034768 0.601679
0.141868 -0.034633 0.602627
0.143519 -0.033680 0.602934
0.142736 -0.035230 0.603929
0.141828 -0.034635 0.604609
0.142861 -0.034879 0.604561
0.142703 -0.033511 0.605619
0.142002 -0.035459 0.606482
0.141956 -0.034782 0.605192
0.141641 -0.034571 0.606502
0.141249 -0.034075 0.606933
0.141851 -0.034108 0.607647
0.141168 -0.035897 0.608792
0.141453 -0.034668 0.609117
0.141359 -0.034874 0.609030
0.141602 -0.034297 0.609704
0.140337 -0.034915 0.609713
0.141450 -0.034775 0.610093
0.140341 -0.034919 0.610482
0.141116 -0.033642 0.611604
0.141815 -0.034404 0.611611
0.140471 -0.035112 0.613056
0.140304 -0.034990 0.612747
0.140446 -0.034044 0.613980
0.139567 -0.035977 0.613929
0.139486 -0.034845 0.614512
0.140029 -0.035084 0.615115
0.138819 -0.034348 0.615231
0.138950 -0.034567 0.616012
0.139838 -0.034845 0.615926
0.138838 -0.034810 0.616536
0.138623 -0.035029 0.618270
0.138779 -0.034823 0.618398
0.138062 -0.034995 0.617821
0.139475 -0.035298 0.617997
0.137653 -0.034505 0.618428
0.138163 -0.034088 0.619698
0.136712 -0.034306 0.619823
0.137776 -0.034961 0.620138
0.137888 -0.034811 0.620560
0.137334 -0.033941 0.621785
0.136843 -0.035047 0.620574
0.136230 -0.033345 0.621563
0.136470 -0.034899 0.622792
0.136012 -0.034664 0.622809
0.135047 -0.035100 0.623143
0.135061 -0.034693 0.622755
0.134222 -0.034256 0.624341
0.134604 -0.034384 0.624081
0.134414 -0.035093 0.625384
0.134865 -0.034713 0.624978
0.133113 -0.035457 0.626776
0.134430 -0.034999 0.626090
0.133342 -0.034615 0.626217
0.132024 -0.034112 0.627431
0.132665 -0.034905 0.627166
0.132198 -0.034227 0.627849
0.132271 -0.034769 0.627824
0.132056 -0.033672 0.628770
0.131068 -0.034717 0.629222
0.131592 -0.034242 0.628681
0.131289 -0.035035 0.630494
0.130249 -0.034680 0.630210
0.129113 -0.034584 0.629714
0.129681 -0.035308 0.629926
0.128034 -0.034728 0.631118
0.128401 -0.034569 0.630725
0.128025 -0.034856 0.631815
0.127262 -0.035142 0.632352
0.127065 -0.035361 0.632377
0.127766 -0.035087 0.632740
0.128090 -0.034720 0.632981
0.127348 -0.034612 0.633172
0.126434 -0.034955 0.632591
0.126792 -0.034436 0.634143
0.125011 -0.035138 0.633838
0.125378 -0.034951 0.634592
0.124306 -0.033876 0.634764
0.124093 -0.036120 0.635034
0.123638 -0.035552 0.634991
0.122657 -0.035126 0.635313
0.122377 -0.034951 0.636453
0.122648 -0.034442 0.635623
0.121942 -0.033711 0.636521
0.121334 -0.034753 0.636974
0.121118 -0.034992 0.636621
0.121133 -0.031571 0.563290
0.122014 -0.030324 0.564235
0.121758 -0.031945 0.563378
0.122543 -0.031367 0.564115
0.122864 -0.031449 0.564473
0.122628 -0.031804 0.564701
0.123785 -0.032000 0.564758
0.124700 -0.031429 0.565272
0.124402 -0.030963 0.565966
0.124694 -0.030853 0.565079
0.125417 -0.030909 0.565484
0.125424 -0.030547 0.565473
0.127368 -0.031251 0.566591
0.126908 -0.031508 0.567479
0.127689 -0.030623 0.566714
0.128172 -0.032000 0.567633
0.128062 -0.032395 0.568151
0.127578 -0.031194 0.568977
0.127939 -0.031534 0.568881
0.128597 -0.032155 0.568929
0.129318 -0.030716 0.569539
0.129942 -0.031623 0.569223
0.130627 -0.031769 0.569137
0.129942 -0.031546 0.569748
0.130610 -0.031506 0.570202
0.131732 -0.031466 0.571255
0.131349 -0.031175 0.571192
0.131644 -0.030926 0.570830
0.131468 -0.031096 0.572374
0.131988 -0.030768 0.572669
0.132481 -0.031835 0.571817
0.132976 -0.031848 0.572840
0.133493 -0.031531 0.573409
0.133201 -0.030569 0.574072
0.133736 -0.030843 0.574150
0.134571 -0.031791 0.575252
0.135199 -0.031072 0.574711
0.134449 -0.031518 0.574871
0.135284 -0.031281 0.575990
0.134230 -0.031448 0.576711
0.135212 -0.031659 0.576148
0.135258 -0.030974 0.577974
0.135799 -0.031697 0.577878
0.136688 -0.030812 0.579128
0.137396 -0.031686 0.577956
0.136473 -0.031067 0.578285
0.138051 -0.031369 0.579316
0.137654 -0.032811 0.579619
0.138723 -0.031747 0.579788
0.137523 -0.030988 0.580628
0.138081 -0.032073 0.580648
0.138234 -0.031247 0.580878
0.138324 -0.030985 0.582367
0.138753 -0.031051 0.582208
0.138471 -0.032691 0.582155
0.138983 -0.031401 0.583695
0.138883 -0.031919 0.583367
0.139407 -0.031399 0.584364
0.138897 -0.031565 0.584328
0.139928 -0.030883 0.584557
0.139557 -0.031370 0.585928
0.140351 -0.031096 0.586474
0.139771 -0.031734 0.586194
0.140874 -0.031825 0.587424
0.140247 -0.031170 0.587617
0.140485 -0.031505 0.587657
0.140668 -0.030922 0.588740
0.140862 -0.031726 0.589583
0.141657 -0.032226 0.590279
0.142563 -0.032416 0.589773
0.141115 -0.030877 0.590178
0.140983 -0.031634 0.590214
0.142369 -0.031788 0.591545
0.141925 -0.031752 0.592986
0.141701 -0.031202 0.592503
0.141939 -0.032114 0.592918
0.142405 -0.031422 0.593165
0.142162 -0.031720 0.594203
0.141048 -0.031378 0.594369
0.142210 -0.031495 0.594728
0.142403 -0.031636 0.595291
0.141840 -0.030850 0.595767
0.142799 -0.031407 0.596500
0.143560 -0.032105 0.597150
0.142801 -0.032059 0.596768
0.143244 -0.031753 0.597366
0.142740 -0.032467 0.598194
0.142378 -0.031432 0.599056
0.142251 -0.031391 0.598608
0.142441 -0.031293 0.599860
0.142112 -0.031518 0.599250
0.142852 -0.032176 0.600942
0.141630 -0.031212 0.601832
0.142133 -0.031405 0.601616
0.141589 -0.031170 0.602401
0.142638 -0.031217 0.602261
0.142693 -0.030310 0.602734
0.143007 -0.031241 0.603214
0.143079 -0.031947 0.604530
0.141340 -0.031306 0.604712
0.142494 -0.031014 0.604967
0.142523 -0.031011 0.604872
0.142067 -0.031077 0.606335
0.141798 -0.031598 0.607929
0.142631 -0.031559 0.607614
0.142258 -0.030071 0.607538
0.142164 -0.031208 0.607642
0.142081 -0.032178 0.608582
0.141090 -0.031420 0.609764
0.141599 -0.030821 0.609768
0.141280 -0.031304 0.609732
0.141286 -0.031430 0.611175
0.141070 -0.030789 0.611345
0.140568 -0.031503 0.611473
0.140593 -0.031588 0.611743
0.140707 -0.031406 0.612327
0.140616 -0.031611 0.613030
0.140896 -0.031842 0.614521
0.140075 -0.030678 0.614603
0.140429 -0.031296 0.614133
0.140131 -0.031051 0.615677
0.140130 -0.031591 0.616446
0.138539 -0.032555 0.615077
0.138808 -0.031767 0.615783
0.139046 -0.031251 0.616344
0.139061 -0.031861 0.617333
0.138332 -0.032017 0.617719
0.138155 -0.030883 0.617575
0.137991 -0.030957 0.618612
0.137306 -0.031534 0.619142
0.137698 -0.031702 0.620033
0.137151 -0.031450 0.618597
0.137631 -0.031957 0.619655
0.136887 -0.030632 0.620891
0.136977 -0.031136 0.621181
0.136691 -0.031055 0.621940
0.136960 -0.031818 0.622033
0.135673 -0.031466 0.622770
0.135397 -0.032427 0.621800
0.135257 -0.031604 0.622866
0.135502 -0.031701 0.623613
0.134717 -0.031846 0.623898
0.134526 -0.032321 0.624370
0.134583 -0.030031 0.624392
0.134090 -0.030301 0.625555
0.134038 -0.031675 0.625739
0.133661 -0.031063 0.627254
0.132354 -0.032064 0.626396
0.132412 -0.032376 0.626911
0.132430 -0.030630 0.626934
0.132203 -0.031589 0.627895
0.132120 -0.031644 0.627688
0.131402 -0.031461 0.628773
0.131152 -0.029903 0.628484
0.131372 -0.032034 0.628930
0.130724 -0.030653 0.629410
0.130309 -0.032455 0.629643
0.130258 -0.031433 0.629424
0.129759 -0.030906 0.630284
0.129890 -0.031546 0.630583
0.129284 -0.031403 0.630413
0.128624 -0.031957 0.631367
0.127960 -0.031481 0.631700
0.127724 -0.032337 0.631952
0.127835 -0.031208 0.632887
0.127426 -0.031525 0.632404
0.126031 -0.031716 0.632807
0.127077 -0.031739 0.633754
0.126449 -0.031536 0.634253
0.125293 -0.030949 0.634650
0.124683 -0.031721 0.634188
0.125428 -0.031647 0.634550
0.124760 -0.030651 0.634981
0.123626 -0.031668 0.635227
0.123237 -0.032396 0.635518
0.123264 -0.031473 0.635252
0.122589 -0.031755 0.635695
0.122381 -0.031790 0.636760
0.121890 -0.031569 0.636776
0.120904 -0.030481 0.637631
0.121640 -0.029071 0.562970
0.121628 -0.027531 0.563476
0.121651 -0.028517 0.563758
0.122378 -0.028995 0.563726
0.122481 -0.027546 0.564925
0.123257 -0.027364 0.563830
0.124464 -0.028596 0.564575
0.124648 -0.027256 0.565006
0.124781 -0.028166 0.566130
0.125684 -0.027587 0.565553
0.124916 -0.028245 0.566355
0.125916 -0.027521 0.566091
0.126524 -0.028385 0.566685
0.126103 -0.029050 0.566880
0.127209 -0.028371 0.567057
0.127398 -0.028488 0.568023
0.127758 -0.028472 0.568294
0.128399 -0.027709 0.567137
0.127725 -0.028249 0.567650
0.128978 -0.027945 0.568730
0.129095 -0.027605 0.569444
0.129604 -0.027533 0.569177
0.129495 -0.028040 0.569373
0.130478 -0.027713 0.569902
0.130996 -0.027234 0.570332
0.131048 -0.028685 0.571291
0.130892 -0.027253 0.571171
0.131302 -0.028941 0.571527
0.131485 -0.027593 0.572437
0.133336 -0.027860 0.572279
0.132994 -0.028883 0.573543
0.132942 -0.027241 0.573559
0.132996 -0.027395 0.573578
0.134479 -0.027777 0.574093
0.134218 -0.027868 0.573847
0.134949 -0.027272 0.575031
0.134766 -0.028810 0.574190
0.135073 -0.028197 0.575437
0.136001 -0.027529 0.575317
0.134643 -0.028345 0.576938
0.136491 -0.028279 0.576797
0.135595 -0.027742 0.577722
0.135179 -0.027936 0.577468
0.136177 -0.028067 0.577364
0.136457 -0.027818 0.578384
0.136697 -0.028245 0.579150
0.137487 -0.027912 0.578947
0.136690 -0.027798 0.579812
0.138346 -0.027825 0.579857
0.137775 -0.028341 0.580601
0.138106 -0.027680 0.580920
0.138574 -0.027880 0.581181
0.138120 -0.027633 0.581540
0.139088 -0.028021 0.581879
0.139229 -0.028704 0.582867
0.139232 -0.028090 0.584259
0.138640 -0.028754 0.584691
0.139961 -0.028818 0.583866
0.139670 -0.028102 0.584647
0.138962 -0.028265 0.584906
0.140985 -0.028027 0.585543
0.139811 -0.027734 0.586644
0.141147 -0.027837 0.585874
0.140411 -0.027714 0.586285
0.140046 -0.028283 0.588144
0.140263 -0.028600 0.588307
0.141372 -0.028205 0.589025
0.140770 -0.027343 0.589008
0.141325 -0.028188 0.588995
0.142154 -0.029298 0.590298
0.140963 -0.029155 0.590142
0.141545 -0.027499 0.590752
0.142360 -0.028076 0.591176
0.141291 -0.027437 0.592491
0.141915 -0.027559 0.591526
0.142251 -0.028402 0.593499
0.142053 -0.028088 0.592699
0.142198 -0.028195 0.593411
0.142262 -0.027904 0.594518
0.142468 -0.027863 0.594794
0.141725 -0.027059 0.595979
0.141668 -0.028081 0.595098
0.142036 -0.027141 0.597228
0.142086 -0.027548 0.596475
0.142030 -0.028220 0.597063
0.141462 -0.028306 0.597003
0.143072 -0.028214 0.598117
0.142287 -0.027931 0.598307
0.142348 -0.027667 0.599893
0.142679 -0.028102 0.600579
0.142148 -0.028060 0.600261
0.142320 -0.027914 0.600022
0.141859 -0.028165 0.600724
0.141781 -0.027712 0.602177
0.142262 -0.028775 0.601958
0.142699 -0.027307 0.602359
0.142705 -0.028393 0.603583
0.143220 -0.027885 0.604001
0.141638 -0.028825 0.603954
0.141938 -0.028255 0.604374
0.142151 -0.028067 0.604516
0.141965 -0.028360 0.605609
0.141903 -0.028242 0.606600
0.142148 -0.027222 0.606251
0.142024 -0.028860 0.607358
0.141377 -0.027794 0.607237
0.141157 -0.027906 0.608111
0.141857 -0.028280 0.608144
0.140947 -0.028246 0.608826
0.141655 -0.026570 0.609422
0.141277 -0.028290 0.610887
0.141031 -0.027842 0.611123
0.140240 -0.029559 0.611193
0.140878 -0.028259 0.611655
0.139655 -0.028339 0.612674
0.139875 -0.027825 0.612645
0.141096 -0.028014 0.612054
0.140717 -0.027116 0.612045
0.140265 -0.027894 0.613709
0.139971 -0.028425 0.614755
0.139571 -0.028546 0.614810
0.139808 -0.028454 0.615349
0.138628 -0.027907 0.614968
0.139034 -0.027242 0.616288
0.138253 -0.027440 0.617044
0.138437 -0.028210 0.616793
0.139695 -0.027417 0.617278
0.138959 -0.027414 0.617555
0.137961 -0.028366 0.618049
0.137208 -0.027329 0.618371
0.137455 -0.028509 0.619442
0.138414 -0.028104 0.619980
0.136688 -0.027592 0.620587
0.136376 -0.027659 0.621241
0.137534 -0.028207 0.620837
0.136830 -0.027760 0.621336
0.135729 -0.028037 0.622520
0.135982 -0.029134 0.623265
0.135388 -0.028261 0.623534
0.135850 -0.027664 0.623099
0.136639 -0.028325 0.623514
0.135375 -0.027699 0.623466
0.134872 -0.027319 0.624005
0.134247 -0.027846 0.625393
0.134563 -0.028186 0.625618
0.132736 -0.027794 0.626684
0.133299 -0.028306 0.625504
0.134630 -0.028558 0.627178
0.133076 -0.028098 0.626798
0.132431 -0.027835 0.627070
0.132632 -0.028897 0.627454
0.131470 -0.027134 0.627857
0.131339 -0.027698 0.628126
0.131240 -0.028974 0.628985
0.130999 -0.028252 0.629542
0.130857 -0.027985 0.629537
0.130340 -0.027991 0.629960
0.129605 -0.027542 0.630816
0.129662 -0.028555 0.629632
0.129048 -0.027537 0.629853
0.128873 -0.028953 0.631234
0.128578 -0.028206 0.630654
0.127246 -0.027792 0.631861
0.127198 -0.027468 0.632500
0.127345 -0.028245 0.632174
0.126975 -0.027812 0.633426
0.126053 -0.028163 0.632472
0.126022 -0.028668 0.634326
0.126370 -0.027953 0.632926
0.125846 -0.027594 0.633967
0.124642 -0.027632 0.634867
0.123427 -0.027954 0.634558
0.123879 -0.028166 0.635444
0.123609 -0.028487 0.634536
0.123931 -0.027137 0.635076
0.123195 -0.028752 0.636563
0.122282 -0.028671 0.636394
0.122102 -0.028507 0.636290
0.121245 -0.027889 0.637156
0.121319 -0.028303 0.636955
0.121314 -0.024669 0.564079
0.121883 -0.024046 0.563507
0.122090 -0.024065 0.563097
0.122912 -0.023974 0.564414
0.121362 -0.024676 0.565041
0.122594 -0.024777 0.564689
0.123039 -0.024832 0.564508
0.123526 -0.024007 0.565005
0.124502 -0.025624 0.565216
0.124275 -0.025613 0.565946
0.125008 -0.025266 0.565780
0.126130 -0.025155 0.566493
0.126100 -0.024547 0.567147
0.126819 -0.024959 0.566434
0.127378 -0.024817 0.567372
0.128340 -0.025308 0.568121
0.128711 -0.025176 0.567741
0.127202 -0.024590 0.567488
0.128367 -0.023789 0.568457
0.129055 -0.024575 0.568357
0.129175 -0.025945 0.568700
0.128659 -0.024473 0.569127
0.129868 -0.024154 0.570613
0.131071 -0.025047 0.570580
0.131443 -0.024547 0.570716
0.131608 -0.023359 0.571934
0.131547 -0.023927 0.571210
0.132378 -0.024979 0.571785
0.131543 -0.024353 0.572426
0.132083 -0.024377 0.572380
0.131606 -0.024308 0.571985
0.133462 -0.024690 0.573545
0.133230 -0.024758 0.573748
0.133863 -0.025082 0.573458
0.133469 -0.025973 0.574741
0.134074 -0.024725 0.575787
0.135238 -0.025255 0.574313
0.135823 -0.024014 0.575499
0.134687 -0.023796 0.575537
0.135348 -0.024749 0.575672
0.134462 -0.024995 0.575626
0.135974 -0.025253 0.576950
0.136270 -0.024762 0.577468
0.136246 -0.024555 0.577269
0.136482 -0.025092 0.578576
0.137575 -0.024510 0.579251
0.137172 -0.024413 0.579204
0.137535 -0.025273 0.579144
0.138192 -0.024140 0.579889
0.136907 -0.024298 0.581915
0.137740 -0.025449 0.581333
0.138123 -0.024676 0.581182
0.138617 -0.024955 0.582550
0.138900 -0.024882 0.582870
0.139118 -0.023888 0.583151
0.140207 -0.025816 0.583543
0.139633 -0.025348 0.584130
0.139508 -0.024747 0.584460
0.139998 -0.025313 0.585791
0.140183 -0.024143 0.585390
0.139460 -0.024238 0.585363
0.140231 -0.024953 0.585551
0.141142 -0.023993 0.585936
0.141372 -0.024757 0.587120
0.140721 -0.024302 0.586989
0.141011 -0.024496 0.588232
0.140460 -0.024988 0.587881
0.141007 -0.025065 0.588988
0.140483 -0.024780 0.589510
0.141874 -0.024535 0.590596
0.141757 -0.023910 0.589852
0.141238 -0.024997 0.591079
0.141308 -0.024684 0.591496
0.141867 -0.024166 0.592485
0.141871 -0.024674 0.592269
0.141920 -0.024415 0.593175
0.140673 -0.025312 0.592976
0.142288 -0.024814 0.594173
0.142681 -0.024321 0.593659
0.143001 -0.025028 0.595189
0.142758 -0.024753 0.595808
0.142471 -0.024295 0.596173
0.141883 -0.025176 0.596259
0.143405 -0.024628 0.596537
0.142694 -0.023848 0.597456
0.142765 -0.024522 0.597021
0.143530 -0.023949 0.598507
0.142430 -0.025056 0.599243
0.142933 -0.023411 0.599859
0.142590 -0.024756 0.600166
0.143023 -0.025025 0.600639
0.142599 -0.024384 0.601206
0.142884 -0.024288 0.601108
0.142992 -0.024847 0.602265
0.142463 -0.024715 0.602051
0.142015 -0.024077 0.603134
0.142518 -0.025707 0.603798
0.142110 -0.024628 0.604392
0.141550 -0.025263 0.603684
0.141744 -0.025390 0.604512
0.142575 -0.024326 0.605231
0.142984 -0.025374 0.605714
0.141090 -0.024807 0.606683
0.141382 -0.024878 0.607433
0.142123 -0.024785 0.606976
0.141866 -0.024352 0.607498
0.142499 -0.024517 0.607804
0.141090 -0.024723 0.608507
0.140835 -0.024942 0.609724
0.141563 -0.025569 0.609743
0.141013 -0.024594 0.610235
0.140800 -0.024271 0.610883
0.141070 -0.025355 0.610352
0.140634 -0.023941 0.611058
0.140635 -0.024594 0.612182
0.140501 -0.025426 0.613277
0.139808 -0.024443 0.613222
0.140370 -0.024190 0.613647
0.139724 -0.024566 0.614457
0.139283 -0.024352 0.615123
0.139795 -0.024925 0.615038
0.139630 -0.025463 0.616003
0.139601 -0.025084 0.616197
0.139211 -0.024899 0.616485
0.138859 -0.024209 0.616899
0.139001 -0.024515 0.616547
0.138317 -0.024050 0.618044
0.138467 -0.024272 0.618457
0.136785 -0.024757 0.618354
0.138566 -0.024890 0.618679
0.137953 -0.024657 0.619332
0.137858 -0.024808 0.619671
0.138036 -0.024567 0.619338
0.136813 -0.024282 0.620449
0.136999 -0.025011 0.621147
0.137390 -0.024789 0.621388
0.136780 -0.024647 0.622176
0.136810 -0.024424 0.622389
0.135817 -0.025105 0.622952
0.135663 -0.024881 0.623346
0.135387 -0.024836 0.623441
0.134581 -0.023968 0.624005
0.134816 -0.025172 0.623971
0.135030 -0.024230 0.624971
0.134136 -0.024140 0.625693
0.134230 -0.024270 0.624886
0.133716 -0.024163 0.626182
0.132857 -0.023964 0.626972
0.132325 -0.024086 0.626703
0.132367 -0.024514 0.627595
0.131204 -0.025322 0.627084
0.131395 -0.024722 0.627985
0.132273 -0.024443 0.628347
0.131784 -0.024693 0.629042
0.131068 -0.025442 0.629229
0.130647 -0.024268 0.630203
0.130693 -0.026303 0.629649
0.127939 -0.025018 0.630296
0.129684 -0.025011 0.631084
0.130064 -0.025286 0.630232
0.129179 -0.024723 0.630641
0.128556 -0.024869 0.631365
0.127326 -0.024671 0.630969
0.127699 -0.024232 0.632054
0.126902 -0.024089 0.632540
0.127165 -0.024507 0.632144
0.125735 -0.024475 0.633976
0.126292 -0.024016 0.633664
0.126504 -0.024852 0.633440
0.125156 -0.025048 0.633699
0.125414 -0.025487 0.634207
0.125555 -0.025571 0.634361
0.124487 -0.024459 0.635122
0.123463 -0.024160 0.636001
0.123123 -0.024877 0.636103
0.123235 -0.025188 0.636193
0.123026 -0.024807 0.635232
0.122499 -0.024414 0.636451
0.121065 -0.025682 0.636685
0.121353 -0.024900 0.637321
0.121295 -0.020642 0.562202
0.120277 -0.021373 0.563559
0.121956 -0.021657 0.563153
0.123038 -0.021715 0.564083
0.123081 -0.020913 0.564286
0.123749 -0.021366 0.564382
0.123868 -0.020902 0.564986
0.123849 -0.021485 0.564809
0.124533 -0.022040 0.565150
0.125781 -0.021425 0.565644
0.125223 -0.021343 0.566765
0.126240 -0.022215 0.566480
0.125941 -0.021656 0.566405
0.125724 -0.022183 0.566306
0.126703 -0.021007 0.565613
0.127126 -0.021665 0.567250
0.127239 -0.020522 0.567586
0.128390 -0.019841 0.568718
0.128700 -0.022106 0.568958
0.128477 -0.020706 0.568418
0.128470 -0.021104 0.568864
0.128707 -0.021714 0.568633
0.129871 -0.021313 0.569252
0.129581 -0.021050 0.569609
0.130579 -0.020584 0.570963
0.130120 -0.020458 0.570948
0.130485 -0.021139 0.571298
0.131248 -0.020784 0.571886
0.131750 -0.021727 0.571451
0.131992 -0.022004 0.573274
0.132554 -0.022252 0.572673
0.133843 -0.021112 0.572758
0.133378 -0.021289 0.573473
0.133471 -0.020665 0.573403
0.134854 -0.020298 0.574197
0.134209 -0.020902 0.574643
0.134333 -0.021048 0.574820
0.135804 -0.021379 0.576869
0.135202 -0.021644 0.576398
0.135557 -0.021154 0.577047
0.135750 -0.021506 0.576709
0.136912 -0.021762 0.577339
0.135640 -0.022366 0.578305
0.136433 -0.021183 0.578452
0.136681 -0.021963 0.578809
0.137505 -0.021113 0.579045
0.138401 -0.021714 0.578948
0.136928 -0.020629 0.579115
0.137612 -0.022001 0.580562
0.138377 -0.020995 0.581016
0.138269 -0.020447 0.580917
0.138217 -0.021088 0.580832
0.138589 -0.021067 0.581312
0.138862 -0.020659 0.582976
0.138749 -0.021781 0.583068
0.139387 -0.021454 0.584224
0.140562 -0.021569 0.583941
0.139650 -0.021606 0.584407
0.139246 -0.021079 0.584778
0.139183 -0.021528 0.585032
0.139854 -0.021939 0.585371
0.140108 -0.020822 0.585622
0.139707 -0.021127 0.586582
0.140133 -0.021782 0.586771
0.139935 -0.021841 0.587103
0.140868 -0.021579 0.588327
0.140296 -0.021129 0.587996
0.141383 -0.021260 0.588262
0.140935 -0.020866 0.589384
0.141383 -0.020736 0.589840
0.141381 -0.021201 0.589530
0.142255 -0.021601 0.590566
0.140899 -0.021422 0.591730
0.140827 -0.021342 0.591985
0.142098 -0.021082 0.592420
0.141955 -0.021097 0.593056
0.142644 -0.021148 0.593001
0.142506 -0.021497 0.593489
0.142164 -0.021668 0.593946
0.141594 -0.021194 0.595105
0.142157 -0.021199 0.594725
0.142219 -0.021545 0.595734
0.141487 -0.021496 0.596175
0.142849 -0.021401 0.597639
0.141854 -0.022554 0.597122
0.142392 -0.021947 0.598592
0.141879 -0.021015 0.598584
0.142728 -0.020627 0.598434
0.142123 -0.020171 0.599317
0.142217 -0.021266 0.599083
0.143837 -0.020582 0.600907
0.141982 -0.020978 0.600519
0.142777 -0.021197 0.600744
0.142737 -0.021557 0.601585
0.142202 -0.020898 0.601605
0.142858 -0.021579 0.602864
0.142323 -0.021393 0.602875
0.143191 -0.021368 0.603949
0.141964 -0.022164 0.604878
0.141921 -0.021895 0.604930
0.142514 -0.021683 0.605564
0.143047 -0.021422 0.606185
0.141619 -0.021158 0.607098
0.142332 -0.022042 0.605664
0.142144 -0.021415 0.607789
0.141547 -0.021015 0.608032
0.141293 -0.020879 0.608611
0.140628 -0.020949 0.609206
0.141366 -0.021765 0.609115
0.141676 -0.020656 0.608885
0.140452 -0.020490 0.610493
0.141128 -0.021477 0.610526
0.140240 -0.020354 0.611649
0.140603 -0.021248 0.610923
0.140362 -0.020570 0.611704
0.141026 -0.021843 0.612348
0.140737 -0.021075 0.613346
0.139846 -0.021507 0.613265
0.140051 -0.021164 0.613714
0.139852 -0.020970 0.613826
0.139260 -0.021345 0.614187
0.139756 -0.020609 0.614213
0.140348 -0.021305 0.616099
0.139226 -0.021312 0.615965
0.138713 -0.022191 0.616416
0.137815 -0.022003 0.616979
0.140317 -0.021783 0.618031
0.138495 -0.022064 0.617605
0.137964 -0.021148 0.619002
0.138754 -0.020861 0.618345
0.137730 -0.021093 0.619068
0.137908 -0.020252 0.619507
0.136750 -0.021626 0.620696
0.137865 -0.020928 0.620520
0.138162 -0.021091 0.620822
0.136206 -0.021235 0.621509
0.136707 -0.022045 0.621500
0.135479 -0.021561 0.622744
0.135726 -0.021162 0.622920
0.135747 -0.022348 0.622790
0.135319 -0.021337 0.624219
0.136785 -0.021265 0.624281
0.134277 -0.021255 0.625012
0.134812 -0.021025 0.624950
0.133283 -0.021287 0.625348
0.134357 -0.021362 0.625147
0.133976 -0.021406 0.626048
0.132966 -0.021727 0.626459
0.132803 -0.021375 0.626793
0.133046 -0.020338 0.627368
0.132085 -0.020586 0.628124
0.132046 -0.021458 0.628170
0.131905 -0.020593 0.628998
0.131881 -0.021078 0.628241
0.130629 -0.021700 0.629594
0.130347 -0.020455 0.629101
0.130782 -0.021484 0.630694
0.129913 -0.020753 0.629898
0.130184 -0.021232 0.631084
0.129516 -0.021675 0.631351
0.128876 -0.022032 0.631008
0.128044 -0.022602 0.630794
0.127470 -0.020356 0.631474
0.127706 -0.021631 0.633047
0.127463 -0.021950 0.632392
0.127051 -0.021993 0.632433
0.127992 -0.021648 0.633054
0.126460 -0.021164 0.633474
0.125800 -0.021956 0.633995
0.126491 -0.022599 0.633519
0.125571 -0.020535 0.634604
0.124027 -0.021343 0.633923
0.123659 -0.021492 0.635514
0.124413 -0.022080 0.635258
0.123000 -0.020793 0.635996
0.123180 -0.020859 0.637041
0.122083 -0.021084 0.636220
0.122989 -0.021015 0.635764
0.121304 -0.020763 0.636626
0.121876 -0.021840 0.636378
0.120706 -0.017738 0.562781
0.122741 -0.017960 0.563868
0.121856 -0.017333 0.563130
0.122366 -0.017381 0.563259
0.123183 -0.017373 0.564261
0.123429 -0.018042 0.564783
0.124892 -0.017700 0.565088
0.124447 -0.018082 0.565106
0.125102 -0.019509 0.565129
0.124997 -0.017721 0.565084
0.125363 -0.018154 0.565297
0.127045 -0.017841 0.566439
0.126425 -0.018468 0.567337
0.127458 -0.017731 0.566854
0.126667 -0.017897 0.567349
0.126963 -0.018072 0.567908
0.126748 -0.018260 0.567546
0.128621 -0.018116 0.568535
0.127753 -0.017924 0.568728
0.128999 -0.017940 0.568642
0.128995 -0.017479 0.569594
0.130195 -0.017296 0.569010
0.129926 -0.018289 0.569814
0.129935 -0.018154 0.569529
0.131279 -0.018598 0.570264
0.129646 -0.017897 0.571980
0.130685 -0.017662 0.571580
0.132334 -0.016744 0.571912
0.132225 -0.018467 0.572050
0.132132 -0.017614 0.571915
0.132821 -0.017960 0.573151
0.132695 -0.018240 0.571781
0.134338 -0.018692 0.573660
0.133343 -0.018533 0.573402
0.134147 -0.017858 0.574165
0.133774 -0.017578 0.574919
0.135120 -0.018110 0.574133
0.134857 -0.018445 0.575673
0.135141 -0.017864 0.575159
0.135835 -0.017312 0.576875
0.135634 -0.018264 0.576566
0.135417 -0.017508 0.577379
0.137122 -0.018773 0.577364
0.136238 -0.018020 0.578406
0.136535 -0.018176 0.578746
0.136743 -0.018225 0.579050
0.138045 -0.018362 0.579400
0.137657 -0.017071 0.580174
0.138161 -0.018044 0.580360
0.137122 -0.018130 0.580678
0.138540 -0.018675 0.580906
0.138353 -0.018487 0.581411
0.137964 -0.017882 0.581719
0.138213 -0.017808 0.582424
0.138042 -0.017916 0.583216
0.138791 -0.017404 0.583088
0.138594 -0.017891 0.582967
0.139194 -0.018855 0.584437
0.139729 -0.017596 0.584859
0.140098 -0.018836 0.585556
0.139755 -0.018407 0.585732
0.139102 -0.017650 0.585924
0.140206 -0.017435 0.586576
0.140327 -0.018239 0.587171
0.140042 -0.018658 0.586934
0.141219 -0.018990 0.587893
0.140511 -0.017593 0.588246
0.141531 -0.017650 0.589312
0.141048 -0.017863 0.589047
0.140782 -0.018546 0.590213
0.140997 -0.017299 0.589824
0.140669 -0.017730 0.590517
0.140738 -0.017906 0.591402
0.141909 -0.018456 0.592258
0.141969 -0.018089 0.592275
0.142109 -0.017819 0.592626
0.141702 -0.018598 0.594351
0.141334 -0.018864 0.593619
0.142329 -0.017854 0.595163
0.142684 -0.017546 0.595590
0.142236 -0.017172 0.594564
0.141282 -0.017293 0.595788
0.142404 -0.019245 0.596016
0.142868 -0.017849 0.596323
0.141292 -0.018810 0.597809
0.142964 -0.018294 0.597859
0.142801 -0.018432 0.599324
0.143131 -0.017199 0.598547
0.142032 -0.018426 0.599343
0.143085 -0.018077 0.599505
0.142228 -0.018579 0.600860
0.142256 -0.017295 0.600127
0.142205 -0.018203 0.601278
0.142601 -0.018066 0.601564
0.142049 -0.017881 0.602085
0.142257 -0.017893 0.602547
0.142384 -0.017772 0.603852
0.142739 -0.017355 0.604118
0.142129 -0.018532 0.603633
0.141416 -0.017440 0.603944
0.141271 -0.018881 0.605302
0.141633 -0.018960 0.606174
0.142600 -0.018013 0.605686
0.142225 -0.016968 0.606369
0.142228 -0.019112 0.607255
0.141384 -0.017705 0.606905
0.141921 -0.018928 0.608051
0.142144 -0.018338 0.608791
0.141924 -0.017444 0.609465
0.141281 -0.017934 0.609792
0.140889 -0.016940 0.610458
0.140050 -0.018032 0.610729
0.140672 -0.017921 0.611279
0.140949 -0.017853 0.612152
0.140747 -0.017554 0.612527
0.141235 -0.017815 0.611978
0.140362 -0.018436 0.613353
0.140810 -0.018173 0.614373
0.139341 -0.017943 0.613328
0.140016 -0.017157 0.614015
0.139425 -0.018569 0.614955
0.139195 -0.018151 0.615320
0.139783 -0.017172 0.616470
0.139410 -0.017312 0.615621
0.139087 -0.018234 0.616470
0.139194 -0.018005 0.616935
0.138806 -0.018133 0.617450
0.139518 -0.016393 0.616800
0.138431 -0.017606 0.619119
0.138238 -0.018648 0.618142
0.138494 -0.018090 0.619349
0.137541 -0.017981 0.619588
0.136893 -0.018744 0.620337
0.136795 -0.017743 0.620555
0.136841 -0.018757 0.621448
0.136503 -0.017887 0.621142
0.136243 -0.018529 0.621474
0.136664 -0.017441 0.623159
0.135707 -0.017929 0.623256
0.135501 -0.017742 0.622701
0.135109 -0.018487 0.623509
0.134928 -0.017487 0.623609
0.134263 -0.018026 0.624476
0.135279 -0.017785 0.624152
0.135293 -0.018215 0.625477
0.134491 -0.018060 0.625671
0.133654 -0.018236 0.624871
0.133939 -0.018016 0.625884
0.133559 -0.018628 0.626617
0.132866 -0.018530 0.627241
0.132351 -0.017639 0.627501
0.132041 -0.018208 0.627064
0.131428 -0.018066 0.629158
0.132307 -0.017877 0.628851
0.131025 -0.017859 0.630040
0.131325 -0.018214 0.630092
0.129435 -0.017590 0.630160
0.129944 -0.017610 0.629734
0.129491 -0.018194 0.630186
0.128080 -0.017483 0.630161
0.129098 -0.018416 0.631128
0.129326 -0.017747 0.631594
0.127513 -0.017275 0.632542
0.127530 -0.017359 0.632544
0.126838 -0.018801 0.632303
0.126199 -0.018099 0.633574
0.127281 -0.018067 0.633099
0.125826 -0.018983 0.633467
0.125971 -0.017499 0.633775
0.125489 -0.017481 0.633142
0.124767 -0.017533 0.633727
0.124579 -0.017460 0.634406
0.124375 -0.018017 0.635071
0.123824 -0.017918 0.636111
0.123362 -0.017762 0.635629
0.122821 -0.017824 0.634393
0.121400 -0.017488 0.635602
0.122107 -0.018554 0.636436
0.121421 -0.017392 0.636181
0.121096 -0.018337 0.637728
0.120756 -0.014430 0.562441
0.121246 -0.014952 0.562951
0.121906 -0.013913 0.563117
0.123079 -0.014666 0.564486
0.124193 -0.013753 0.564564
0.123550 -0.014909 0.565122
0.123636 -0.014411 0.564833
0.123690 -0.013873 0.564417
0.124145 -0.014480 0.565269
0.124423 -0.014844 0.564382
0.125442 -0.015350 0.565294
0.125154 -0.014056 0.566185
0.126541 -0.013475 0.567158
0.126565 -0.014109 0.566395
0.127030 -0.014586 0.567141
0.127636 -0.014545 0.567481
0.126849 -0.014621 0.568465
0.128415 -0.013334 0.568161
0.128635 -0.014774 0.567347
0.129118 -0.015244 0.568131
0.129202 -0.013891 0.568797
0.129773 -0.013443 0.569928
0.131319 -0.013852 0.570297
0.129920 -0.014737 0.570264
0.129740 -0.014945 0.570089
0.130793 -0.014480 0.570279
0.131244 -0.013066 0.570851
0.131229 -0.015246 0.571353
0.132058 -0.015777 0.572534
0.132621 -0.014228 0.572533
0.132919 -0.014878 0.572066
0.133290 -0.014955 0.572941
0.133742 -0.015176 0.573272
0.133369 -0.013854 0.574130
0.133893 -0.014309 0.574901
0.134089 -0.014481 0.574795
0.134420 -0.014616 0.575448
0.135207 -0.014376 0.576185
0.134417 -0.014495 0.576164
0.134563 -0.014715 0.576350
0.135625 -0.014794 0.576200
0.135909 -0.014959 0.577478
0.135382 -0.014323 0.576898
0.136035 -0.014698 0.578057
0.136802 -0.014855 0.578253
0.137253 -0.015025 0.578615
0.137550 -0.014720 0.579520
0.136536 -0.015345 0.579136
0.137571 -0.014896 0.579822
0.138715 -0.015313 0.580028
0.138675 -0.014244 0.581786
0.138478 -0.015192 0.582068
0.138531 -0.014803 0.581626
0.138419 -0.014740 0.582649
0.138687 -0.014935 0.582615
0.139367 -0.015221 0.583454
0.138520 -0.014510 0.583260
0.139290 -0.015183 0.583933
0.139776 -0.014678 0.585228
0.140282 -0.015369 0.584971
0.140240 -0.014388 0.585501
0.139599 -0.015752 0.585866
0.140771 -0.014036 0.586395
0.140867 -0.015327 0.586547
0.139888 -0.013981 0.586922
0.141082 -0.014557 0.587813
0.139699 -0.014796 0.588282
0.140988 -0.014950 0.588236
0.141406 -0.014381 0.589112
0.140477 -0.014509 0.590517
0.140602 -0.014835 0.590660
0.141109 -0.014844 0.590783
0.141531 -0.015442 0.592146
0.141815 -0.014314 0.591798
0.141798 -0.014132 0.591460
0.142446 -0.013659 0.591623
0.141633 -0.013782 0.593712
0.142418 -0.014441 0.593802
0.141987 -0.013488 0.594501
0.142169 -0.014476 0.594526
0.142117 -0.014526 0.595034
0.142814 -0.015006 0.595764
0.142356 -0.014626 0.596785
0.142808 -0.014778 0.596678
0.142103 -0.016385 0.596609
0.142920 -0.014733 0.597551
0.143003 -0.014372 0.598100
0.142202 -0.015085 0.599158
0.143248 -0.014665 0.598823
0.142230 -0.013946 0.599812
0.142504 -0.015379 0.600298
0.142926 -0.014988 0.601056
0.142801 -0.014326 0.600704
0.142932 -0.014127 0.601583
0.142726 -0.013894 0.601467
0.143105 -0.015523 0.602148
0.142910 -0.013907 0.603548
0.142837 -0.014632 0.603739
0.142504 -0.014320 0.603468
0.142309 -0.014556 0.604302
0.142486 -0.014062 0.604666
0.142261 -0.014104 0.606494
0.141188 -0.013919 0.605932
0.141757 -0.013833 0.605967
0.142528 -0.014799 0.607502
0.141813 -0.014361 0.607481
0.142291 -0.014250 0.608881
0.141560 -0.014347 0.609329
0.141610 -0.014759 0.609042
0.141171 -0.014978 0.609637
0.141377 -0.014532 0.609118
0.140672 -0.015305 0.609935
0.140302 -0.014535 0.611358
0.141455 -0.014795 0.612274
0.140879 -0.015151 0.612730
0.141132 -0.014961 0.611165
0.140222 -0.014820 0.613222
0.140654 -0.014420 0.613859
0.140346 -0.015151 0.614000
0.140934 -0.014800 0.613941
0.139904 -0.014053 0.615120
0.139941 -0.014212 0.615411
0.139173 -0.013903 0.615092
0.138464 -0.014774 0.616069
0.139586 -0.014055 0.615712
0.137752 -0.014983 0.615923
0.138471 -0.014139 0.617891
0.137914 -0.014404 0.617710
0.138590 -0.014235 0.618793
0.138262 -0.014573 0.618455
0.137572 -0.013617 0.618837
0.136958 -0.015009 0.619205
0.136658 -0.014314 0.619786
0.136003 -0.014527 0.621766
0.136631 -0.014579 0.620496
0.135532 -0.015076 0.621007
0.135879 -0.014525 0.621562
0.137159 -0.014491 0.623211
0.135967 -0.013767 0.623192
0.135448 -0.013808 0.623851
0.135159 -0.014759 0.624531
0.134301 -0.015936 0.624120
0.134630 -0.014627 0.624301
0.134022 -0.014966 0.624981
0.134406 -0.014561 0.626262
0.133936 -0.015280 0.626119
0.132857 -0.014326 0.626005
0.132233 -0.014609 0.626319
0.132134 -0.014994 0.627131
0.133510 -0.014643 0.628416
0.131579 -0.013629 0.627717
0.132211 -0.014510 0.627293
0.132117 -0.014346 0.627997
0.131923 -0.014796 0.628552
0.131068 -0.014630 0.629319
0.131008 -0.014202 0.629053
0.130157 -0.015556 0.628640
0.129076 -0.014604 0.630284
0.129827 -0.014898 0.630754
0.129722 -0.015739 0.631128
0.129877 -0.014457 0.631569
0.128740 -0.014495 0.632115
0.127472 -0.013839 0.633710
0.127776 -0.015047 0.631710
0.127827 -0.015028 0.632441
0.127334 -0.015300 0.632484
0.125858 -0.014702 0.632813
0.126339 -0.014211 0.632575
0.126506 -0.014713 0.633453
0.125549 -0.014869 0.633387
0.124093 -0.014103 0.634116
0.125053 -0.014455 0.634579
0.124931 -0.014466 0.635163
0.123228 -0.015074 0.634833
0.123019 -0.015056 0.635862
0.122684 -0.013968 0.635915
0.123108 -0.014356 0.635229
0.121721 -0.014481 0.636251
0.121819 -0.014573 0.636965
0.121259 -0.014839 0.636414
0.121511 -0.011629 0.563094
0.121201 -0.012475 0.562426
0.121761 -0.010932 0.563123
0.122990 -0.010948 0.563542
0.123598 -0.011500 0.564163
0.123728 -0.011844 0.564858
0.123585 -0.011870 0.564517
0.123791 -0.011470 0.564703
0.125472 -0.010618 0.565616
0.124683 -0.011385 0.566162
0.125122 -0.010982 0.566175
0.125996 -0.010316 0.566977
0.125711 -0.011410 0.566791
0.126292 -0.011065 0.565913
0.127596 -0.011893 0.567411
0.127392 -0.011044 0.567209
0.127250 -0.011006 0.568004
0.128151 -0.011957 0.568684
0.128553 -0.010915 0.568559
0.128807 -0.011414 0.568944
0.128363 -0.010514 0.569261
0.128936 -0.011279 0.569717
0.129932 -0.010238 0.570194
0.130234 -0.011445 0.570598
0.130333 -0.011982 0.570399
0.130362 -0.011682 0.570075
0.130926 -0.011136 0.571201
0.131133 -0.011437 0.572198
0.131560 -0.012082 0.571958
0.131957 -0.011412 0.572251
0.131856 -0.012000 0.573179
0.132929 -0.010924 0.573249
0.133660 -0.010743 0.572556
0.133156 -0.011410 0.573832
0.133994 -0.010985 0.574477
0.134105 -0.011372 0.575143
0.133898 -0.011837 0.575268
0.134943 -0.010818 0.575559
0.135150 -0.010932 0.576537
0.134616 -0.011349 0.576508
0.135666 -0.012088 0.576624
0.136316 -0.011606 0.577362
0.136535 -0.012271 0.577373
0.136461 -0.011332 0.577769
0.136961 -0.010886 0.578503
0.136922 -0.010903 0.579395
0.136832 -0.010295 0.578882
0.137323 -0.011198 0.578762
0.137610 -0.011961 0.579828
0.137346 -0.010693 0.579903
0.138006 -0.011354 0.581023
0.138689 -0.012047 0.582641
0.137700 -0.011672 0.582745
0.137742 -0.011806 0.582179
0.138984 -0.011655 0.582489
0.139270 -0.011731 0.582903
0.139709 -0.011698 0.582601
0.139240 -0.010562 0.584160
0.140226 -0.012312 0.583967
0.139629 -0.010555 0.585237
0.140684 -0.012273 0.585363
0.140030 -0.011363 0.586742
0.139798 -0.010767 0.586714
0.140617 -0.011121 0.587286
0.141053 -0.010971 0.587530
0.141304 -0.011479 0.587338
0.141083 -0.011260 0.588527
0.141067 -0.011524 0.588858
0.141334 -0.011418 0.590285
0.141690 -0.011123 0.589541
0.142463 -0.010551 0.589877
0.141762 -0.011483 0.591062
0.141410 -0.011573 0.590710
0.141033 -0.010848 0.591476
0.141586 -0.012202 0.592576
0.141057 -0.011019 0.592561
0.142034 -0.011186 0.592852
0.142382 -0.011856 0.593624
0.142344 -0.010804 0.594533
0.141975 -0.011391 0.595445
0.142596 -0.012159 0.594820
0.142223 -0.010154 0.596154
0.141568 -0.011498 0.596208
0.142297 -0.010845 0.596197
0.142123 -0.011545 0.597824
0.142140 -0.010986 0.597681
0.142279 -0.011528 0.598368
0.142970 -0.011596 0.598835
0.142076 -0.011281 0.599359
0.143242 -0.011170 0.598781
0.142054 -0.011006 0.600276
0.142793 -0.011185 0.600982
0.143079 -0.010529 0.601333
0.141938 -0.011675 0.601843
0.142412 -0.011381 0.601709
0.142520 -0.010989 0.603568
0.141479 -0.011412 0.602837
0.142935 -0.010983 0.603812
0.142396 -0.011071 0.604337
0.142778 -0.012004 0.605017
0.143013 -0.011184 0.605778
0.142302 -0.011523 0.605953
0.141702 -0.011024 0.605872
0.142102 -0.011772 0.607058
0.141432 -0.012176 0.608056
0.142407 -0.010640 0.608909
0.141410 -0.011066 0.608027
0.141648 -0.010909 0.609144
0.140844 -0.011667 0.609400
0.140544 -0.010817 0.609991
0.141164 -0.010801 0.610462
0.141230 -0.011173 0.610511
0.141449 -0.011016 0.610851
0.140674 -0.011386 0.611732
0.140689 -0.011001 0.612223
0.141208 -0.011085 0.612697
0.139910 -0.010585 0.613298
0.140321 -0.010808 0.613230
0.140645 -0.011039 0.614893
0.140277 -0.010587 0.614106
0.139917 -0.009920 0.614317
0.139074 -0.010344 0.615611
0.139928 -0.011354 0.615894
0.138982 -0.011317 0.616010
0.138724 -0.010611 0.616689
0.138526 -0.011365 0.617888
0.137637 -0.010702 0.617390
0.138615 -0.011677 0.617711
0.137328 -0.011197 0.617985
0.137283 -0.012144 0.619619
0.137838 -0.011246 0.619100
0.137298 -0.011609 0.620354
0.137791 -0.011690 0.620072
0.136381 -0.011722 0.621517
0.137298 -0.011492 0.620910
0.137251 -0.011376 0.621941
0.135513 -0.011385 0.621765
0.136915 -0.011087 0.622326
0.136013 -0.010265 0.622692
0.136231 -0.011330 0.621902
0.135979 -0.011524 0.623587
0.135145 -0.010816 0.623888
0.134701 -0.011125 0.624161
0.134078 -0.012109 0.625004
0.134028 -0.010775 0.625140
0.133444 -0.011764 0.625665
0.133793 -0.010944 0.626728
0.133003 -0.011368 0.626623
0.133520 -0.011599 0.626616
0.132807 -0.010719 0.627598
0.132251 -0.011407 0.627824
0.131477 -0.010946 0.627964
0.131816 -0.011985 0.628586
0.131020 -0.011182 0.628774
0.131333 -0.011783 0.629297
0.131408 -0.011519 0.629062
0.130431 -0.012289 0.630209
0.131072 -0.012160 0.630152
0.129455 -0.010823 0.629587
0.129831 -0.010961 0.630801
0.129744 -0.011156 0.632068
0.128479 -0.010368 0.631229
0.128982 -0.010840 0.631824
0.128149 -0.011818 0.631780
0.127110 -0.011901 0.632207
0.127781 -0.011030 0.632718
0.127183 -0.011978 0.632517
0.126896 -0.011271 0.633429
0.126079 -0.010227 0.633463
0.125960 -0.010957 0.634362
0.124984 -0.011159 0.634261
0.124708 -0.010977 0.634152
0.123722 -0.011141 0.634728
0.123285 -0.010618 0.634823
0.123214 -0.010999 0.635707
0.123291 -0.011940 0.636060
0.122534 -0.012422 0.636684
0.122859 -0.011220 0.636377
0.121353 -0.011795 0.636431
0.121190 -0.011469 0.637727
0.120818 -0.008197 0.562234
0.121450 -0.007729 0.563584
0.122067 -0.007871 0.563052
0.122600 -0.007753 0.563851
0.122412 -0.008126 0.563628
0.122147 -0.008425 0.565389
0.123009 -0.007696 0.564670
0.124023 -0.007585 0.564747
0.123711 -0.007490 0.565812
0.125132 -0.007584 0.565775
0.125172 -0.008281 0.565680
0.125982 -0.008213 0.566253
0.125543 -0.006943 0.566473
0.126695 -0.008126 0.567473
0.127342 -0.008924 0.566939
0.127304 -0.006647 0.566946
0.128054 -0.008392 0.567415
0.128598 -0.008116 0.568399
0.128411 -0.008294 0.567569
0.129103 -0.007901 0.568498
0.129378 -0.007951 0.569102
0.129611 -0.008834 0.569840
0.129638 -0.008451 0.569895
0.129973 -0.008952 0.569726
0.131112 -0.007998 0.571072
0.130219 -0.008305 0.571348
0.132072 -0.008320 0.570735
0.130894 -0.007499 0.570483
0.132130 -0.007722 0.571904
0.132953 -0.008083 0.571930
0.133376 -0.008041 0.573253
0.133455 -0.008066 0.573890
0.133267 -0.008275 0.573553
0.133106 -0.008155 0.573559
0.133273 -0.008123 0.575211
0.133555 -0.008361 0.574448
0.134546 -0.007501 0.575409
0.134637 -0.007042 0.575606
0.135341 -0.008204 0.576260
0.134858 -0.007695 0.576777
0.135015 -0.007722 0.576325
0.135681 -0.007676 0.576919
0.136330 -0.007454 0.577155
0.136632 -0.007737 0.577930
0.136167 -0.007818 0.579165
0.137093 -0.007714 0.579468
0.136467 -0.007962 0.578903
0.137719 -0.007984 0.579919
0.137734 -0.008790 0.579948
0.137635 -0.007174 0.580800
0.137601 -0.008718 0.581919
0.137613 -0.005956 0.581155
0.138941 -0.007484 0.582025
0.139271 -0.007742 0.582143
0.138045 -0.006653 0.581931
0.138820 -0.007998 0.583129
0.139256 -0.009014 0.584170
0.138849 -0.008419 0.584437
0.139692 -0.008331 0.584570
0.140549 -0.007130 0.585028
0.140005 -0.008319 0.585553
0.140679 -0.007918 0.586375
0.140145 -0.007835 0.587109
0.140528 -0.007755 0.586982
0.139985 -0.008058 0.587613
0.141182 -0.008107 0.588124
0.141284 -0.008023 0.587976
0.141007 -0.007806 0.589370
0.140927 -0.007617 0.589824
0.141528 -0.008137 0.590639
0.141071 -0.008057 0.589769
0.141746 -0.008112 0.590337
0.141472 -0.007454 0.590514
0.142149 -0.007641 0.591960
0.141749 -0.007736 0.592391
0.142131 -0.007217 0.593301
0.141557 -0.007276 0.593174
0.142154 -0.008115 0.593583
0.141195 -0.008689 0.593578
0.141804 -0.007841 0.594467
0.143015 -0.008104 0.595459
0.142730 -0.008662 0.596206
0.142017 -0.007951 0.596008
0.141615 -0.007173 0.596437
0.142111 -0.008469 0.597497
0.142677 -0.008224 0.597945
0.142589 -0.007776 0.598364
0.142495 -0.007190 0.597967
0.142002 -0.007905 0.599014
0.142589 -0.007332 0.599704
0.142440 -0.008674 0.600789
0.141864 -0.008708 0.600225
0.142417 -0.008265 0.601177
0.143666 -0.007721 0.601578
0.142384 -0.007859 0.602225
0.142509 -0.007779 0.602407
0.141756 -0.008014 0.602982
0.141987 -0.007878 0.603197
0.142692 -0.008043 0.604284
0.142366 -0.007790 0.604157
0.142158 -0.007513 0.604332
0.141661 -0.008115 0.606010
0.141083 -0.008279 0.605860
0.141632 -0.007315 0.606346
0.141556 -0.007952 0.606788
0.140577 -0.007861 0.608318
0.142045 -0.007838 0.608062
0.142045 -0.008141 0.608290
0.141958 -0.008371 0.609210
0.140748 -0.008217 0.610374
0.141661 -0.008262 0.609806
0.141230 -0.008606 0.611287
0.141474 -0.007873 0.611254
0.141073 -0.008636 0.611873
0.139951 -0.007470 0.612487
0.139593 -0.009032 0.611991
0.140805 -0.007745 0.613268
0.140558 -0.007725 0.613967
0.140592 -0.007981 0.613973
0.140422 -0.007842 0.614145
0.138917 -0.007201 0.614227
0.139777 -0.007612 0.615148
0.139727 -0.008582 0.615766
0.140140 -0.007331 0.615766
0.139724 -0.007972 0.616597
0.139515 -0.007722 0.617721
0.138388 -0.007555 0.618001
0.136825 -0.006704 0.618440
0.138613 -0.007677 0.618737
0.137710 -0.008552 0.619584
0.137232 -0.007410 0.618676
0.136961 -0.007761 0.620284
0.137269 -0.007670 0.620410
0.136842 -0.007893 0.620081
0.135974 -0.007846 0.621571
0.136302 -0.008327 0.621675
0.135979 -0.007905 0.622126
0.136202 -0.008547 0.622747
0.134945 -0.007907 0.623293
0.135820 -0.008389 0.622753
0.135096 -0.007747 0.623508
0.134511 -0.008576 0.624619
0.134985 -0.007693 0.624365
0.133562 -0.007576 0.624633
0.134310 -0.007825 0.625917
0.133355 -0.007426 0.625018
0.133603 -0.008153 0.625556
0.133017 -0.008129 0.626775
0.133129 -0.007431 0.626874
0.131995 -0.007767 0.627109
0.132888 -0.008047 0.628275
0.132218 -0.007672 0.627473
0.131760 -0.008153 0.628412
0.131733 -0.007841 0.628703
0.130884 -0.008167 0.629889
0.130561 -0.008288 0.629675
0.129894 -0.007488 0.629799
0.130416 -0.007827 0.629908
0.130497 -0.008511 0.630488
0.130529 -0.008037 0.630621
0.128650 -0.007584 0.631941
0.128917 -0.007326 0.632059
0.128062 -0.007655 0.632575
0.128335 -0.007209 0.631250
0.127354 -0.008215 0.632095
0.126971 -0.007690 0.632839
0.126217 -0.007617 0.633018
0.126455 -0.007579 0.633459
0.125958 -0.008653 0.633124
0.126090 -0.007378 0.633870
0.125826 -0.007731 0.634679
0.124385 -0.007521 0.634347
0.125116 -0.007905 0.634640
0.123560 -0.007362 0.634584
0.123378 -0.008440 0.636098
0.123338 -0.007375 0.635978
0.122072 -0.007939 0.636372
0.121829 -0.007993 0.636836
0.120958 -0.007437 0.636355
0.121661 -0.008163 0.636456
0.122054 -0.004948 0.564452
0.121819 -0.003688 0.564486
0.122417 -0.004497 0.563460
0.121716 -0.004720 0.563968
0.123376 -0.003823 0.564923
0.123658 -0.004078 0.565078
0.124344 -0.003734 0.564585
0.123726 -0.004044 0.564473
0.123742 -0.004708 0.564708
0.125542 -0.005305 0.565311
0.124952 -0.004083 0.566394
0.126589 -0.004614 0.566254
0.126492 -0.004336 0.566177
0.126880 -0.003639 0.567159
0.126318 -0.004123 0.567282
0.127569 -0.004956 0.566715
0.128277 -0.004470 0.567076
0.127723 -0.004607 0.567551
0.129051 -0.004297 0.568417
0.128718 -0.004971 0.567671
0.128387 -0.004249 0.568696
0.129740 -0.004740 0.569567
0.129691 -0.005436 0.569640
0.129811 -0.004354 0.570232
0.130749 -0.004495 0.571564
0.130625 -0.004641 0.570948
0.131150 -0.005062 0.570840
0.131815 -0.004165 0.571787
0.131831 -0.004934 0.573039
0.132053 -0.004281 0.572129
0.133112 -0.003884 0.573183
0.132094 -0.004231 0.573833
0.133275 -0.004385 0.572751
0.133473 -0.003873 0.573552
0.133752 -0.005000 0.574646
0.133949 -0.005137 0.574667
0.134241 -0.004064 0.575771
0.135338 -0.005216 0.575237
0.134797 -0.004124 0.575608
0.135088 -0.003509 0.576360
0.134953 -0.004426 0.576647
0.136178 -0.004166 0.577671
0.136836 -0.004416 0.577755
0.137203 -0.005120 0.578619
0.137046 -0.005045 0.578480
0.136884 -0.003600 0.578648
0.136869 -0.005001 0.579092
0.137929 -0.004942 0.580236
0.136603 -0.003815 0.580321
0.136580 -0.004696 0.580212
0.137837 -0.003924 0.581796
0.137577 -0.004460 0.581522
0.138697 -0.004908 0.582265
0.139591 -0.003730 0.582486
0.138111 -0.004484 0.582747
0.139209 -0.004007 0.583074
0.139073 -0.004578 0.582691
0.138959 -0.004856 0.584197
0.139765 -0.005054 0.584442
0.139869 -0.004384 0.585198
0.140034 -0.004166 0.585636
0.138885 -0.004945 0.586461
0.140146 -0.004972 0.587184
0.140323 -0.004656 0.587576
0.140998 -0.005595 0.587719
0.140788 -0.005294 0.587974
0.140385 -0.003912 0.588512
0.139982 -0.003714 0.588917
0.141626 -0.005069 0.590241
0.142095 -0.004546 0.589936
0.142204 -0.005156 0.590427
0.141058 -0.004829 0.590322
0.142297 -0.003546 0.591044
0.141235 -0.004300 0.591471
0.140908 -0.004074 0.592382
0.141364 -0.004662 0.593130
0.141360 -0.004396 0.593621
0.142593 -0.004622 0.593876
0.142221 -0.004207 0.593898
0.141630 -0.003978 0.594687
0.141700 -0.003835 0.595763
0.141974 -0.003858 0.595418
0.141804 -0.004294 0.596032
0.142174 -0.004180 0.596987
0.141831 -0.004322 0.597108
0.142908 -0.004676 0.597090
0.142962 -0.004357 0.598395
0.143671 -0.004511 0.599613
0.142710 -0.004729 0.598679
0.141354 -0.004296 0.599668
0.141896 -0.004013 0.600480
0.142543 -0.004687 0.600413
0.142324 -0.004392 0.601283
0.142273 -0.004534 0.601490
0.142678 -0.003615 0.602580
0.142889 -0.004126 0.601660
0.143074 -0.003652 0.602456
0.142773 -0.003615 0.603684
0.142082 -0.004425 0.603474
0.142155 -0.004103 0.604959
0.142679 -0.004962 0.604717
0.142500 -0.004224 0.605577
0.141373 -0.005089 0.607132
0.141781 -0.003932 0.606031
0.142107 -0.004031 0.607710
0.141266 -0.004423 0.607362
0.140656 -0.004819 0.607887
0.142289 -0.004288 0.609556
0.141545 -0.004553 0.608535
0.141591 -0.003917 0.609126
0.141460 -0.004555 0.609817
0.140759 -0.004604 0.609838
0.141865 -0.003741 0.610885
0.140631 -0.004122 0.611578
0.141126 -0.005276 0.611960
0.139959 -0.004233 0.613585
0.140036 -0.004152 0.612908
0.140634 -0.003870 0.613968
0.140589 -0.003892 0.614517
0.139722 -0.004485 0.613954
0.139701 -0.004532 0.614685
0.139417 -0.004149 0.615476
0.139935 -0.004809 0.615229
0.139551 -0.005001 0.616224
0.139485 -0.004187 0.617403
0.138343 -0.004752 0.616732
0.138336 -0.004805 0.618243
0.138563 -0.003835 0.617653
0.138566 -0.005029 0.618388
0.137567 -0.004707 0.619656
0.137806 -0.003900 0.619931
0.137624 -0.004817 0.620097
0.137247 -0.004007 0.620789
0.137176 -0.004242 0.620638
0.136748 -0.004977 0.621086
0.137067 -0.004143 0.621062
0.136286 -0.004115 0.622833
0.135206 -0.004551 0.622086
0.136554 -0.004369 0.623094
0.135869 -0.003866 0.623080
0.134909 -0.004711 0.624476
0.135612 -0.004797 0.623826
0.135060 -0.004697 0.624129
0.135001 -0.004581 0.623928
0.134648 -0.004419 0.625735
0.133140 -0.005223 0.625478
0.134823 -0.004662 0.626440
0.133048 -0.005449 0.626392
0.133151 -0.004066 0.626478
0.132223 -0.004890 0.627215
0.131754 -0.004586 0.627288
0.132496 -0.003783 0.628554
0.131321 -0.004813 0.628384
0.131114 -0.004938 0.628591
0.131037 -0.004754 0.629419
0.130974 -0.004529 0.629311
0.131072 -0.004571 0.630375
0.130037 -0.005271 0.630502
0.129321 -0.004906 0.631507
0.128648 -0.004825 0.630267
0.128329 -0.004247 0.632311
0.128028 -0.004883 0.631266
0.128132 -0.004110 0.632439
0.127742 -0.004593 0.632601
0.127823 -0.004327 0.632752
0.126633 -0.004581 0.632968
0.126143 -0.004108 0.633060
0.126545 -0.005530 0.634070
0.125877 -0.004873 0.633461
0.126426 -0.004185 0.634301
0.126285 -0.003397 0.634482
0.124514 -0.005554 0.634641
0.125247 -0.004534 0.634796
0.123938 -0.004933 0.634753
0.124136 -0.004063 0.634975
0.122825 -0.005319 0.635794
0.123127 -0.004117 0.635631
0.122370 -0.004556 0.635931
0.122606 -0.004810 0.636749
0.120518 -0.003985 0.636824
0.121949 -0.001291 0.563490
0.121114 -0.001643 0.563177
0.121979 -0.001515 0.564012
0.122926 -0.001797 0.563499
0.122852 -0.000983 0.564215
0.123567 -0.001460 0.564211
0.123565 -0.000692 0.565477
0.124210 -0.001083 0.565949
0.124867 -0.002056 0.565494
0.124938 -0.001333 0.565219
0.124802 -0.000483 0.566156
0.125402 -0.001287 0.566591
0.126150 -0.000072 0.566701
0.126261 -0.002162 0.567314
0.126935 -0.001069 0.567574
0.127615 -0.000789 0.568053
0.127362 -0.001293 0.566869
0.127500 -0.001818 0.567524
0.128423 -0.000777 0.567485
0.128897 -0.001896 0.568977
0.129091 -0.001458 0.569231
0.129431 -0.001938 0.569713
0.130233 -0.001766 0.568810
0.131277 -0.001332 0.570083
0.130880 -0.001796 0.570738
0.130650 -0.000407 0.570903
0.131421 -0.001520 0.571535
0.133133 -0.000798 0.571766
0.132627 -0.002196 0.572015
0.132046 -0.001750 0.572492
0.132463 -0.001153 0.571664
0.133409 -0.001048 0.573075
0.133155 -0.001098 0.573150
0.133756 -0.000919 0.573808
0.133764 -0.000700 0.573511
0.133937 -0.002021 0.574410
0.134889 -0.001282 0.575126
0.134356 -0.001580 0.575560
0.135058 -0.000541 0.576374
0.135169 -0.000211 0.576773
0.135707 -0.000943 0.577007
0.135716 -0.001301 0.577143
0.135790 -0.001656 0.577531
0.135931 -0.000941 0.579186
0.136434 -0.001127 0.579388
0.137958 -0.000088 0.579322
0.136881 -0.001565 0.579810
0.136662 -0.000875 0.579528
0.137321 -0.000991 0.579875
0.138020 -0.000522 0.580136
0.138239 -0.001954 0.581295
0.137844 -0.001315 0.581436
0.139005 -0.001103 0.581479
0.138810 0.000255 0.582651
0.137999 -0.001276 0.582664
0.138304 -0.000615 0.583815
0.139335 -0.000410 0.583084
0.139870 -0.001129 0.584170
0.140503 -0.000062 0.584836
0.139832 -0.001746 0.585621
0.139752 -0.000653 0.585828
0.140278 -0.002553 0.585898
0.140756 -0.001449 0.586584
0.140055 -0.001385 0.586618
0.140444 -0.001026 0.588381
0.140462 -0.000567 0.587899
0.140675 -0.000992 0.589001
0.140813 -0.000990 0.588658
0.140891 -0.000995 0.589597
0.141543 -0.001174 0.590871
0.141173 -0.001051 0.589928
0.141895 -0.001839 0.591185
0.142289 -0.000646 0.592083
0.141393 -0.001899 0.591186
0.142652 -0.000817 0.592768
0.141076 -0.000642 0.593477
0.142333 -0.001906 0.593938
0.142177 -0.001168 0.593075
0.142320 -0.001450 0.594012
0.141436 -0.000696 0.595365
0.142246 -0.000619 0.595494
0.142152 -0.002157 0.594850
0.142186 -0.002038 0.596344
0.141944 -0.001496 0.596303
0.142127 -0.001339 0.597288
0.142457 -0.000755 0.597545
0.142232 -0.001820 0.597129
0.142094 -0.001145 0.599085
0.142903 -0.001546 0.599317
0.142542 -0.001187 0.599224
0.142796 -0.001823 0.600117
0.143483 -0.001540 0.600095
0.142524 -0.000617 0.601564
0.142491 -0.002108 0.602002
0.142609 -0.001962 0.603196
0.142177 -0.001231 0.603452
0.141573 -0.001565 0.603878
0.143082 -0.001324 0.603707
0.142150 -0.001316 0.604223
0.142190 -0.000507 0.605464
0.142095 -0.000604 0.605346
0.142499 -0.001613 0.605517
0.142051 -0.001369 0.605570
0.141961 -0.000633 0.606279
0.141454 -0.001547 0.606751
0.142193 -0.001622 0.607798
0.142024 -0.000750 0.607761
0.141538 -0.001803 0.608408
0.141026 -0.001596 0.608218
0.140813 -0.001203 0.609516
0.141364 -0.001082 0.610997
0.141371 -0.003025 0.611456
0.140637 -0.001134 0.611174
0.140081 -0.001248 0.611131
0.140163 -0.000647 0.611448
0.140771 -0.000042 0.611787
0.139742 -0.001360 0.613490
0.140513 -0.001512 0.613944
0.140323 -0.001169 0.614640
0.139279 -0.000097 0.614448
0.139367 -0.000936 0.614189
0.139895 -0.000940 0.616461
0.139099 -0.000662 0.615941
0.139102 -0.001164 0.616594
0.139005 -0.000111 0.616898
0.138514 -0.001717 0.617665
0.138114 -0.001805 0.617928
0.138367 -0.000833 0.616947
0.137696 -0.001333 0.618883
0.137802 -0.001046 0.618095
0.137631 -0.001899 0.619761
0.137175 -0.000545 0.619996
0.137797 -0.001028 0.619571
0.137341 -0.000650 0.620655
0.136784 -0.000929 0.622182
0.137050 -0.001079 0.621585
0.136837 -0.001300 0.620727
0.135625 -0.001376 0.622264
0.136132 -0.000850 0.622831
0.135632 -0.000903 0.623355
0.135526 -0.001207 0.622902
0.134887 -0.000670 0.624287
0.133655 -0.001260 0.624967
0.134125 -0.001216 0.624511
0.133701 -0.000460 0.625058
0.134464 -0.001292 0.626723
0.133374 -0.000158 0.626077
0.133043 -0.001407 0.626294
0.133257 -0.001280 0.627009
0.131975 -0.001660 0.627151
0.132972 -0.001133 0.627727
0.131624 -0.001041 0.627963
0.131612 -0.000443 0.627429
0.131176 -0.001633 0.628546
0.131356 -0.000334 0.629577
0.130625 -0.000240 0.629053
0.130192 -0.000844 0.630121
0.130406 -0.000704 0.631402
0.129452 -0.001097 0.630864
0.128796 -0.001220 0.631121
0.128695 -0.001661 0.632110
0.128978 -0.001662 0.630627
0.127948 -0.000784 0.632174
0.128140 -0.001729 0.631986
0.128377 -0.001091 0.632411
0.126289 -0.001475 0.633532
0.126260 -0.001057 0.632755
0.126687 -0.000858 0.633965
0.125747 -0.001421 0.634462
0.124936 -0.001617 0.634531
0.125513 -0.001214 0.634360
0.124512 -0.001897 0.634226
0.123742 -0.000473 0.635357
0.124001 -0.001915 0.635571
0.122885 -0.000923 0.635231
0.123028 -0.001204 0.635497
0.122431 -0.001408 0.636036
0.122249 -0.001766 0.637016
0.122611 -0.001563 0.636958
0.120302 -0.001524 0.636894
0.120895 0.002140 0.563330
0.122138 0.001996 0.563659
0.121983 0.002599 0.563803
0.123296 0.002067 0.564897
0.123033 0.001858 0.563315
0.123464 0.002135 0.563745
0.124713 0.002225 0.564760
0.124018 0.002048 0.564417
0.123799 0.002027 0.566228
0.124885 0.002143 0.565589
0.124611 0.001407 0.565537
0.125226 0.001961 0.566671
0.125796 0.002119 0.566750
0.126915 0.002475 0.567638
0.127371 0.002504 0.567391
0.127367 0.001131 0.567616
0.128065 0.001867 0.567912
0.128412 0.002104 0.568468
0.128865 0.001371 0.568513
0.128749 0.002342 0.568815
0.129878 0.001724 0.569666
0.129721 0.002989 0.569452
0.129929 0.002322 0.569820
0.130518 0.001738 0.569347
0.130172 0.002193 0.571070
0.130834 0.003061 0.570639
0.130340 0.002528 0.570862
0.132066 0.002691 0.571759
0.132101 0.002864 0.572281
0.131671 0.002732 0.571875
0.132870 0.002821 0.573257
0.133288 0.001316 0.572782
0.133264 0.002196 0.573444
0.133579 0.002633 0.574356
0.133812 0.001144 0.574251
0.134577 0.002414 0.575522
0.133802 0.001845 0.574801
0.134246 0.002033 0.575470
0.135152 0.001973 0.576200
0.135979 0.001532 0.576372
0.135657 0.001219 0.575692
0.135026 0.003325 0.576639
0.135949 0.002109 0.578122
0.136668 0.002244 0.578517
0.136615 0.002872 0.579672
0.136040 0.002212 0.579425
0.138458 0.002663 0.578564
0.136785 0.001501 0.579367
0.138088 0.002911 0.579834
0.137646 0.002461 0.580339
0.137799 0.002054 0.581434
0.138175 0.002233 0.581673
0.138657 0.001765 0.581735
0.138447 0.001531 0.582796
0.138830 0.002862 0.582806
0.138978 0.002605 0.583923
0.139334 0.002221 0.583675
0.139122 0.003689 0.584266
0.138758 0.002184 0.585670
0.140449 0.001409 0.584993
0.139499 0.001746 0.585322
0.140390 0.002491 0.585572
0.140695 0.002129 0.586267
0.140224 0.002289 0.587076
0.140316 0.002757 0.587331
0.140203 0.001423 0.588520
0.140723 0.002098 0.588296
0.140632 0.002544 0.588614
0.140797 0.001810 0.589681
0.142277 0.002141 0.589709
0.140984 0.001046 0.590655
0.141343 0.002482 0.590820
0.141220 0.002119 0.591531
0.141193 0.002626 0.592030
0.141435 0.002759 0.591746
0.142195 0.002871 0.592728
0.141664 0.002964 0.593518
0.141518 0.002379 0.593734
0.142413 0.002084 0.594167
0.142314 0.002165 0.594289
0.143008 0.001972 0.595693
0.142100 0.001210 0.595811
0.143412 0.002925 0.596250
0.141707 0.002425 0.596908
0.142427 0.001901 0.596552
0.142406 0.001987 0.597623
0.143369 0.001818 0.599198
0.142558 0.002096 0.598611
0.142570 0.002129 0.599404
0.141954 0.001751 0.599147
0.142952 0.002218 0.600705
0.141775 0.002386 0.600950
0.142151 0.001915 0.601591
0.142232 0.002314 0.601679
0.142904 0.002884 0.603416
0.142608 0.002717 0.602139
0.142758 0.002224 0.603073
0.142017 0.002168 0.604340
0.142128 0.002148 0.604709
0.141370 0.002322 0.604787
0.142914 0.002790 0.605244
0.141764 0.002014 0.605148
0.141970 0.002053 0.607127
0.142536 0.002276 0.606665
0.142243 0.002846 0.607203
0.142422 0.001595 0.608633
0.141650 0.002404 0.608149
0.141265 0.002339 0.609729
0.141835 0.002045 0.609190
0.141448 0.002063 0.609598
0.141399 0.003124 0.609657
0.140854 0.002451 0.610635
0.141186 0.001778 0.611408
0.140816 0.001334 0.611706
0.140609 0.001673 0.611740
0.140447 0.001890 0.612919
0.140485 0.002283 0.613581
0.139983 0.002557 0.612684
0.139808 0.002178 0.613085
0.140367 0.001194 0.614624
0.139871 0.002696 0.614986
0.139440 0.002747 0.615570
0.139376 0.002220 0.615354
0.139315 0.001163 0.616179
0.139171 0.002324 0.616585
0.139257 0.001754 0.616589
0.139234 0.002631 0.617924
0.138659 0.002639 0.617720
0.137809 0.002163 0.618235
0.138024 0.002231 0.618615
0.137744 0.002337 0.619035
0.137525 0.001987 0.619623
0.137054 0.002280 0.619612
0.137453 0.001627 0.621969
0.136579 0.001714 0.620341
0.135847 0.002386 0.621200
0.136406 0.002450 0.621754
0.135732 0.002972 0.622364
0.135243 0.002240 0.622658
0.135972 0.002180 0.623660
0.135346 0.002350 0.623725
0.134965 0.002534 0.624313
0.134825 0.002369 0.624741
0.134713 0.002132 0.624683
0.133870 0.001798 0.624652
0.134441 0.002588 0.625959
0.133754 0.002428 0.626019
0.132872 0.002230 0.626559
0.132651 0.002334 0.627214
0.133284 0.002193 0.627754
0.132405 0.002302 0.627103
0.132443 0.001961 0.629107
0.131731 0.002601 0.628602
0.130963 0.001331 0.629024
0.131197 0.001573 0.629181
0.130747 0.002955 0.629732
0.130018 0.001632 0.629646
0.130324 0.002181 0.630615
0.129127 0.002489 0.630888
0.128566 0.001963 0.630495
0.128831 0.002606 0.631547
0.129037 0.002328 0.631863
0.128199 0.002591 0.632058
0.127650 0.003002 0.631924
0.127497 0.001698 0.632853
0.126320 0.002926 0.632066
0.126096 0.003091 0.632410
0.126400 0.001167 0.633416
0.125849 0.002786 0.634002
0.125633 0.002244 0.634388
0.124508 0.002049 0.633775
0.124464 0.002523 0.634737
0.124364 0.002666 0.635066
0.123292 0.001815 0.634993
0.122620 0.002265 0.635444
0.122842 0.003087 0.636056
0.121634 0.002560 0.635713
0.121811 0.001603 0.636301
0.121024 0.002646 0.636376
0.122153 0.002517 0.636800
0.120526 0.005327 0.563303
0.121766 0.005494 0.563153
0.121541 0.006428 0.563786
0.121460 0.004718 0.563647
0.122548 0.005206 0.564563
0.123816 0.005397 0.564024
0.123480 0.005041 0.565030
0.124370 0.005619 0.565525
0.124933 0.004925 0.565379
0.124291 0.005968 0.565389
0.125332 0.004806 0.565919
0.125738 0.006188 0.567203
0.125673 0.006145 0.566736
0.127369 0.006291 0.567342
0.126586 0.005062 0.567350
0.128062 0.005432 0.566827
0.127484 0.004725 0.567772
0.127418 0.005002 0.567538
0.128907 0.005940 0.569507
0.128546 0.006504 0.569987
0.129235 0.005252 0.568472
0.129410 0.005228 0.569293
0.130267 0.005011 0.570344
0.130570 0.005606 0.570220
0.131371 0.006046 0.570604
0.129613 0.005143 0.571332
0.132020 0.005644 0.571098
0.131412 0.004964 0.571893
0.131411 0.005319 0.572006
0.132588 0.005133 0.571655
0.131730 0.005893 0.572620
0.133418 0.006579 0.572752
0.133028 0.005562 0.574439
0.133422 0.005742 0.573684
0.133521 0.004741 0.573861
0.134116 0.005624 0.574260
0.134652 0.004206 0.575480
0.134948 0.005613 0.575376
0.135631 0.005334 0.576123
0.135706 0.006047 0.576213
0.136091 0.004907 0.576823
0.136796 0.005618 0.576715
0.136827 0.005579 0.577329
0.136142 0.006058 0.577855
0.136691 0.005435 0.578536
0.135721 0.006230 0.578938
0.136921 0.004781 0.579681
0.136591 0.005994 0.578979
0.137058 0.004995 0.580016
0.138186 0.005349 0.580557
0.138143 0.005327 0.581222
0.138427 0.005320 0.581694
0.137873 0.006095 0.581797
0.138405 0.005422 0.583285
0.138242 0.004357 0.581980
0.138911 0.005043 0.584075
0.139496 0.005967 0.583419
0.139588 0.006079 0.583973
0.139579 0.005748 0.583675
0.140071 0.005088 0.585150
0.140154 0.006787 0.585421
0.140101 0.005720 0.585568
0.140933 0.004838 0.586173
0.139757 0.005014 0.587046
0.140058 0.005470 0.587592
0.141079 0.006550 0.588510
0.140853 0.005411 0.588960
0.140559 0.005386 0.588806
0.141741 0.005169 0.589207
0.141427 0.005524 0.589879
0.141654 0.005082 0.590199
0.141462 0.005650 0.591875
0.141501 0.005679 0.590836
0.141349 0.005557 0.591037
0.142270 0.005789 0.591435
0.142512 0.005365 0.592455
0.142074 0.004453 0.592827
0.141148 0.004998 0.593590
0.142409 0.006096 0.593909
0.141306 0.005717 0.595220
0.142248 0.005698 0.593653
0.142597 0.005090 0.595232
0.142792 0.005858 0.596814
0.142829 0.005346 0.597747
0.142392 0.005396 0.597168
0.142309 0.004629 0.598199
0.142198 0.005722 0.598020
0.143521 0.005482 0.598335
0.141920 0.005465 0.600059
0.142599 0.005132 0.599864
0.142724 0.005346 0.599598
0.142934 0.005892 0.600299
0.142497 0.005094 0.601276
0.142782 0.005449 0.601510
0.142182 0.004769 0.602708
0.142598 0.005903 0.601892
0.142565 0.005306 0.602699
0.141745 0.005508 0.603734
0.141727 0.005814 0.603800
0.141778 0.005211 0.604849
0.142539 0.005255 0.605234
0.141361 0.005774 0.606539
0.142100 0.005909 0.606235
0.142541 0.004909 0.606676
0.141622 0.005137 0.607499
0.140977 0.005794 0.608159
0.141989 0.005478 0.608011
0.141576 0.005242 0.608476
0.141991 0.006140 0.608565
0.140963 0.005724 0.610344
0.140743 0.006042 0.610118
0.140548 0.004840 0.610715
0.141494 0.005357 0.611292
0.140540 0.006177 0.612216
0.140692 0.005518 0.612162
0.140253 0.004835 0.612578
0.140605 0.005994 0.612630
0.140290 0.005214 0.614144
0.140102 0.004799 0.613745
0.140287 0.005660 0.614781
0.139194 0.006159 0.614648
0.139839 0.005153 0.615548
0.140161 0.006476 0.615904
0.138912 0.005183 0.616646
0.138919 0.005471 0.616979
0.137522 0.005058 0.617827
0.138505 0.006012 0.617994
0.137811 0.005037 0.617762
0.137642 0.005731 0.618577
0.138684 0.005757 0.618678
0.137759 0.006297 0.619610
0.137795 0.005568 0.620587
0.137596 0.006361 0.619927
0.137040 0.005537 0.620521
0.136326 0.004386 0.621090
0.137343 0.004928 0.621589
0.136170 0.005618 0.621681
0.135206 0.005107 0.623069
0.135789 0.005403 0.622803
0.135084 0.005456 0.623595
0.135431 0.005572 0.623943
0.135001 0.004233 0.624441
0.134026 0.005745 0.624092
0.134550 0.005211 0.624008
0.134311 0.004672 0.625125
0.133854 0.005279 0.626452
0.133897 0.006531 0.625885
0.132844 0.006001 0.625413
0.132589 0.005186 0.626177
0.133088 0.005405 0.628031
0.131319 0.005046 0.628479
0.131628 0.005396 0.628808
0.131458 0.004735 0.628445
0.130769 0.005230 0.628954
0.130565 0.005597 0.628470
0.130486 0.005479 0.629095
0.130370 0.005729 0.629731
0.130149 0.006700 0.630244
0.128510 0.005126 0.630204
0.129351 0.006003 0.630677
0.129484 0.005101 0.631344
0.128181 0.005962 0.631570
0.128226 0.004812 0.631905
0.127917 0.006306 0.632009
0.127655 0.006126 0.632616
0.127512 0.005517 0.631454
0.126955 0.005602 0.633923
0.125832 0.005145 0.633423
0.125236 0.006299 0.634275
0.125741 0.005899 0.633845
0.125091 0.004686 0.634324
0.124630 0.005685 0.634038
0.124464 0.005181 0.634710
0.124204 0.005826 0.635126
0.122911 0.004843 0.635723
0.122567 0.005276 0.635187
0.122855 0.005637 0.636769
0.123100 0.005929 0.636321
0.122108 0.004986 0.637642
0.120527 0.004915 0.636392
0.121016 0.009212 0.562935
0.122067 0.008955 0.563133
0.122194 0.009236 0.563654
0.121852 0.009400 0.564143
0.123147 0.008980 0.564568
0.124012 0.008398 0.564215
0.124305 0.009062 0.564050
0.125011 0.009398 0.565368
0.124966 0.008986 0.565748
0.124872 0.009316 0.566297
0.125094 0.009597 0.565427
0.125742 0.009326 0.566836
0.125460 0.008725 0.566492
0.126220 0.008799 0.567439
0.127678 0.009620 0.567072
0.127157 0.009196 0.567304
0.127568 0.008692 0.566825
0.127894 0.008605 0.567971
0.128227 0.009355 0.568048
0.128971 0.008958 0.568900
0.128718 0.008997 0.568049
0.129731 0.009173 0.569742
0.130589 0.008802 0.570376
0.129569 0.008911 0.569152
0.130212 0.008310 0.569515
0.129827 0.009538 0.571172
0.131497 0.008755 0.571439
0.132190 0.008502 0.571487
0.131819 0.008463 0.571925
0.132539 0.009659 0.571256
0.132034 0.009260 0.572477
0.133024 0.008990 0.574140
0.133683 0.008751 0.572746
0.133820 0.008679 0.572709
0.134227 0.008868 0.574471
0.133863 0.008637 0.574382
0.133456 0.008397 0.574734
0.134708 0.009366 0.576064
0.134889 0.009654 0.575891
0.134932 0.008657 0.575838
0.134963 0.008594 0.576309
0.136157 0.009724 0.577830
0.135911 0.008911 0.577675
0.136732 0.009339 0.578125
0.136311 0.008430 0.578232
0.136643 0.008522 0.579647
0.137538 0.008379 0.579245
0.136720 0.008715 0.579303
0.138646 0.008857 0.580737
0.137966 0.009576 0.580218
0.137752 0.009090 0.580937
0.137616 0.008236 0.581861
0.139357 0.008132 0.581852
0.139046 0.008918 0.582294
0.138499 0.008689 0.582183
0.138748 0.009583 0.582718
0.138381 0.009306 0.583747
0.139545 0.007848 0.584483
0.139422 0.008450 0.585122
0.139605 0.008677 0.585787
0.139946 0.009273 0.586466
0.139547 0.009028 0.585923
0.140424 0.009255 0.586779
0.140473 0.009332 0.586967
0.140703 0.008657 0.587128
0.141055 0.008722 0.588372
0.141226 0.008593 0.588400
0.141428 0.009026 0.588520
0.141398 0.009125 0.589557
0.141440 0.008026 0.588871
0.140860 0.008557 0.590604
0.141386 0.008334 0.591425
0.141474 0.008740 0.592520
0.141410 0.009637 0.591042
0.141655 0.009128 0.592013
0.141848 0.009097 0.592520
0.141680 0.007952 0.592265
0.141269 0.008499 0.593564
0.142497 0.008716 0.595058
0.142752 0.009194 0.595076
0.142152 0.008393 0.594996
0.142210 0.010089 0.596466
0.143201 0.008794 0.595957
0.142649 0.008887 0.597402
0.141445 0.009427 0.597451
0.141764 0.009263 0.597993
0.141772 0.008714 0.599043
0.142301 0.008865 0.599873
0.142817 0.008323 0.598584
0.142979 0.008531 0.599404
0.143132 0.008768 0.599901
0.142518 0.008344 0.600850
0.142009 0.008953 0.601879
0.142417 0.009152 0.602090
0.142506 0.009384 0.602646
0.141987 0.008345 0.602985
0.142979 0.009281 0.604049
0.142345 0.008203 0.604071
0.142176 0.009612 0.605460
0.141807 0.008900 0.604594
0.142160 0.009075 0.604335
0.142350 0.007862 0.604791
0.142041 0.008851 0.606760
0.142389 0.008972 0.606374
0.141179 0.008367 0.607149
0.142897 0.008885 0.607831
0.141952 0.009471 0.607810
0.141627 0.008606 0.608352
0.141146 0.009223 0.608978
0.140005 0.008957 0.610212
0.141362 0.008808 0.610475
0.141211 0.008352 0.610057
0.141040 0.009088 0.609787
0.141336 0.009162 0.611641
0.140341 0.009403 0.612360
0.140444 0.008274 0.611799
0.140439 0.008706 0.612134
0.139684 0.009387 0.613321
0.139344 0.009939 0.613666
0.139409 0.008791 0.614799
0.139342 0.009226 0.614895
0.139984 0.008982 0.615620
0.139424 0.009606 0.616506
0.139337 0.008526 0.616584
0.138955 0.010089 0.616104
0.138071 0.008967 0.617118
0.139714 0.009175 0.617450
0.138648 0.009013 0.618405
0.138545 0.008561 0.618893
0.138860 0.008139 0.619032
0.137015 0.009707 0.618737
0.137746 0.008893 0.620571
0.138028 0.007944 0.620666
0.137143 0.009687 0.621366
0.136141 0.009121 0.621295
0.136184 0.008567 0.621854
0.136061 0.008879 0.622772
0.136431 0.008817 0.622058
0.135649 0.008427 0.623192
0.135096 0.007838 0.622748
0.134617 0.008550 0.624473
0.134911 0.009288 0.624118
0.135016 0.008684 0.625017
0.134627 0.009270 0.624133
0.135148 0.009246 0.625162
0.133416 0.008953 0.625408
0.133720 0.008614 0.625559
0.132836 0.009265 0.626122
0.132143 0.008584 0.626971
0.132314 0.008507 0.627851
0.132176 0.009510 0.627326
0.132131 0.008764 0.627632
0.131861 0.009129 0.628204
0.130886 0.009323 0.627953
0.131241 0.007804 0.629352
0.130994 0.009133 0.629461
0.130238 0.009052 0.629281
0.130122 0.008922 0.629999
0.130095 0.008587 0.630448
0.128422 0.008909 0.630984
0.128791 0.009577 0.631319
0.127944 0.009185 0.631210
0.127705 0.009597 0.631229
0.127454 0.008386 0.632551
0.127412 0.008792 0.632081
0.127256 0.008930 0.632943
0.125515 0.008862 0.631775
0.126134 0.008914 0.633653
0.125580 0.009079 0.634579
0.125120 0.008155 0.633609
0.125216 0.008955 0.634446
0.124543 0.007846 0.634478
0.124323 0.008546 0.634834
0.123777 0.008921 0.634971
0.123336 0.008392 0.635168
0.122530 0.007974 0.635731
0.122620 0.008890 0.636407
0.122819 0.009009 0.636657
0.121556 0.009148 0.637003
0.121592 0.009638 0.636947
0.121058 0.012273 0.564275
0.121294 0.012732 0.562461
0.122910 0.012942 0.564348
0.121903 0.012293 0.564475
0.123211 0.011543 0.564061
0.122933 0.011962 0.564600
0.123491 0.012034 0.565438
0.124026 0.012676 0.564739
0.124971 0.011951 0.566241
0.125683 0.011393 0.565532
0.125436 0.012451 0.566675
0.126272 0.012562 0.566341
0.126043 0.011589 0.565875
0.126426 0.012143 0.566567
0.126653 0.012575 0.567499
0.127349 0.012507 0.567246
0.127723 0.012336 0.567198
0.127720 0.012603 0.568196
0.128413 0.012529 0.568662
0.129299 0.012377 0.568422
0.129450 0.012185 0.568897
0.130222 0.011905 0.570085
0.129626 0.011792 0.569533
0.130282 0.013178 0.569775
0.130631 0.013233 0.570062
0.130689 0.012061 0.571156
0.131627 0.011904 0.571592
0.131442 0.013058 0.572006
0.132556 0.012197 0.571898
0.133194 0.012586 0.572168
0.132652 0.012044 0.573017
0.132700 0.012427 0.572048
0.133755 0.012023 0.574484
0.133853 0.012070 0.574612
0.134050 0.011750 0.575322
0.134166 0.012232 0.574817
0.134073 0.012362 0.575054
0.134305 0.012171 0.574867
0.135157 0.012088 0.576161
0.135672 0.011851 0.576536
0.135824 0.011718 0.576984
0.134923 0.012778 0.577180
0.136066 0.012769 0.577836
0.136324 0.012007 0.577636
0.136091 0.012946 0.577484
0.135756 0.012965 0.579064
0.137587 0.012355 0.579950
0.137980 0.011299 0.579467
0.136868 0.012229 0.579560
0.137891 0.011949 0.580322
0.138047 0.011180 0.581378
0.138356 0.012735 0.581159
0.138410 0.012455 0.581296
0.138512 0.011759 0.582684
0.138663 0.012112 0.582729
0.139132 0.012420 0.582889
0.138115 0.013131 0.583902
0.139342 0.012074 0.584116
0.140112 0.011562 0.585285
0.139567 0.012411 0.585303
0.139811 0.012046 0.585510
0.141402 0.012643 0.587283
0.140421 0.012127 0.586537
0.140892 0.012680 0.586950
0.140775 0.012366 0.587076
0.140845 0.012265 0.587978
0.142135 0.013002 0.588735
0.140792 0.013819 0.589124
0.140705 0.012173 0.589423
0.140906 0.012725 0.589852
0.141830 0.013022 0.590162
0.141102 0.012466 0.590897
0.141338 0.011463 0.590924
0.141908 0.012339 0.592362
0.141787 0.012119 0.592441
0.142239 0.012198 0.593139
0.142239 0.011909 0.593392
0.141973 0.011775 0.594276
0.142593 0.012510 0.595052
0.143216 0.011269 0.595116
0.142260 0.012181 0.595253
0.142729 0.011982 0.595205
0.142676 0.012243 0.596528
0.142379 0.011588 0.596436
0.143072 0.011984 0.597365
0.142572 0.012204 0.597627
0.142526 0.013003 0.598266
0.141272 0.012369 0.599323
0.143693 0.012562 0.600121
0.142951 0.011500 0.599619
0.143289 0.011559 0.600693
0.141843 0.012371 0.600246
0.143220 0.011896 0.600790
0.142082 0.012214 0.602031
0.142966 0.011880 0.602538
0.142015 0.011418 0.602456
0.142435 0.012697 0.603504
0.142363 0.012583 0.604428
0.141829 0.012229 0.604115
0.142851 0.013288 0.605338
0.141967 0.011498 0.604889
0.141970 0.012261 0.606093
0.142415 0.012929 0.605767
0.141168 0.012940 0.606523
0.142127 0.012066 0.607981
0.141517 0.011145 0.608117
0.142163 0.012171 0.609129
0.141473 0.012398 0.608687
0.141668 0.011656 0.608919
0.141477 0.012181 0.609431
0.141041 0.012410 0.610263
0.140539 0.012412 0.610768
0.141175 0.013112 0.610992
0.139938 0.011942 0.612072
0.140514 0.011951 0.611741
0.140431 0.011620 0.612509
0.140167 0.012260 0.612551
0.139971 0.011645 0.614193
0.140365 0.011958 0.614283
0.140379 0.011238 0.615237
0.139050 0.012102 0.615502
0.139449 0.012879 0.615981
0.139071 0.013354 0.615774
0.139445 0.012426 0.616160
0.138875 0.012209 0.617089
0.138927 0.011999 0.617676
0.138857 0.011285 0.617389
0.139446 0.013118 0.617944
0.138630 0.012531 0.618593
0.138497 0.012071 0.618924
0.137459 0.012032 0.620175
0.137247 0.012724 0.620284
0.137498 0.011533 0.620647
0.137234 0.011912 0.621144
0.136855 0.012632 0.621323
0.135963 0.011354 0.622057
0.136797 0.011605 0.621224
0.135747 0.011102 0.621818
0.135583 0.011715 0.622662
0.136119 0.012753 0.623822
0.135374 0.012854 0.624802
0.134885 0.011957 0.623162
0.134334 0.012299 0.624224
0.133946 0.012487 0.624371
0.133262 0.012974 0.624481
0.133959 0.011782 0.626698
0.133456 0.012109 0.626645
0.133094 0.012774 0.626236
0.134588 0.012594 0.626851
0.133104 0.012476 0.627660
0.132649 0.012045 0.628732
0.132247 0.012308 0.628468
0.131378 0.012194 0.628754
0.131604 0.011492 0.628377
0.131395 0.011989 0.629308
0.131321 0.012607 0.629124
0.130039 0.012885 0.629755
0.130947 0.012181 0.630147
0.128467 0.012459 0.630439
0.129238 0.012258 0.630599
0.128325 0.012730 0.631880
0.128323 0.011625 0.631768
0.127696 0.012930 0.631745
0.128162 0.012668 0.631869
0.127035 0.012798 0.632424
0.127354 0.011758 0.633038
0.126667 0.012807 0.633407
0.126648 0.012001 0.633748
0.125884 0.011490 0.633244
0.125845 0.012974 0.633923
0.125368 0.012071 0.635229
0.123741 0.011941 0.634017
0.124605 0.012778 0.635209
0.122970 0.012003 0.634568
0.122086 0.012628 0.634426
0.122470 0.012299 0.636605
0.122558 0.012437 0.636774
0.122819 0.012046 0.636303
0.122442 0.012157 0.636204
0.121257 0.013444 0.636306
0.120087 0.015297 0.563050
0.121310 0.015935 0.563171
0.121146 0.014878 0.563147
0.122545 0.016028 0.564204
0.122816 0.016271 0.564044
0.122341 0.015515 0.564362
0.124295 0.015014 0.564109
0.123744 0.015708 0.564736
0.125202 0.015680 0.565626
0.124457 0.015070 0.565400
0.125452 0.015361 0.566465
0.125454 0.015828 0.565749
0.125835 0.015703 0.566490
0.126332 0.014982 0.566065
0.126370 0.015290 0.568011
0.127478 0.015900 0.567737
0.127628 0.015806 0.568204
0.128492 0.014951 0.568758
0.128595 0.015821 0.568449
0.128966 0.015705 0.569463
0.129434 0.015576 0.568927
0.128997 0.016007 0.569342
0.130597 0.015754 0.568883
0.130470 0.015856 0.569677
0.132007 0.015490 0.570861
0.130958 0.015629 0.571097
0.130483 0.015341 0.571610
0.131499 0.015699 0.571621
0.132641 0.016418 0.571809
0.132063 0.015523 0.572368
0.131894 0.016129 0.572538
0.133656 0.016243 0.573321
0.133794 0.016117 0.572901
0.132957 0.016044 0.573982
0.133323 0.015128 0.574905
0.134246 0.015108 0.574214
0.134777 0.016558 0.574918
0.134712 0.016003 0.575323
0.134398 0.015443 0.575615
0.135518 0.015982 0.576301
0.135224 0.015245 0.577004
0.136405 0.016534 0.576856
0.135850 0.015906 0.577624
0.136239 0.015623 0.578166
0.137643 0.015467 0.577912
0.135842 0.015490 0.579910
0.136425 0.015550 0.579119
0.138107 0.015150 0.580090
0.136901 0.015902 0.578590
0.137064 0.016849 0.580604
0.137487 0.016218 0.580839
0.137119 0.015361 0.581334
0.138670 0.016032 0.582324
0.138699 0.015474 0.582564
0.138265 0.015277 0.583611
0.138921 0.015538 0.583295
0.139020 0.015663 0.583991
0.139066 0.015773 0.584895
0.139314 0.016524 0.584809
0.140291 0.014283 0.584783
0.140635 0.015533 0.584685
0.140665 0.016004 0.586097
0.140613 0.014864 0.586301
0.141666 0.014906 0.585984
0.140235 0.015327 0.588303
0.140379 0.016050 0.586854
0.141332 0.014666 0.588809
0.141177 0.015647 0.588745
0.139860 0.015811 0.589039
0.141366 0.015662 0.590280
0.140997 0.015957 0.590394
0.141407 0.015186 0.590968
0.141310 0.015471 0.591018
0.142238 0.015810 0.591936
0.142110 0.014605 0.591715
0.141445 0.015841 0.592462
0.141903 0.015922 0.593589
0.143331 0.015074 0.593812
0.143089 0.015673 0.594433
0.141359 0.014725 0.594523
0.141799 0.015874 0.596441
0.143365 0.016166 0.596186
0.142411 0.015750 0.596087
0.142309 0.016015 0.597049
0.142452 0.015253 0.597403
0.142938 0.014955 0.597291
0.143003 0.014713 0.598270
0.142158 0.015955 0.598999
0.142713 0.016657 0.598937
0.142854 0.016159 0.599567
0.142103 0.015971 0.600374
0.143588 0.015537 0.601092
0.143364 0.015613 0.601443
0.143115 0.015263 0.602326
0.142201 0.015362 0.602940
0.142601 0.016020 0.601998
0.142253 0.015307 0.603403
0.142246 0.014779 0.604086
0.142613 0.015778 0.604329
0.141860 0.014945 0.604738
0.141430 0.015598 0.605386
0.141589 0.015245 0.605686
0.141924 0.016140 0.605511
0.142105 0.016328 0.607559
0.142431 0.015598 0.607078
0.142220 0.015792 0.607181
0.141497 0.015050 0.608158
0.142073 0.016647 0.608645
0.141398 0.015492 0.609754
0.141704 0.016111 0.609376
0.141658 0.015801 0.609848
0.140515 0.015633 0.610157
0.141165 0.016888 0.611148
0.140835 0.016783 0.611161
0.141530 0.015601 0.612483
0.140588 0.015380 0.613078
0.141252 0.016118 0.613304
0.140287 0.014912 0.613849
0.141124 0.015397 0.614972
0.139771 0.015368 0.614743
0.139488 0.014702 0.614158
0.139746 0.016351 0.615351
0.138425 0.016235 0.616182
0.139116 0.016041 0.616194
0.139828 0.015407 0.616660
0.138460 0.015491 0.617272
0.139306 0.015726 0.617380
0.137652 0.015734 0.618297
0.138086 0.015406 0.618101
0.139160 0.015893 0.618470
0.138299 0.014417 0.619305
0.137688 0.015689 0.619476
0.137004 0.015817 0.619488
0.136845 0.015366 0.620752
0.136793 0.015437 0.622284
0.137203 0.015505 0.620650
0.136930 0.015250 0.622289
0.135704 0.015337 0.622164
0.136570 0.014823 0.623136
0.134862 0.015741 0.623297
0.135230 0.015078 0.623954
0.134997 0.015878 0.623447
0.134004 0.015728 0.624703
0.134532 0.015439 0.624635
0.134101 0.015850 0.625006
0.133658 0.015826 0.626311
0.134287 0.015333 0.626730
0.132536 0.015690 0.626312
0.132752 0.015409 0.628016
0.132930 0.016442 0.626457
0.131999 0.015159 0.628171
0.131573 0.016114 0.627126
0.131980 0.016312 0.628159
0.131667 0.015454 0.629023
0.131256 0.016415 0.629233
0.130783 0.015377 0.629284
0.130784 0.016270 0.629728
0.130370 0.014503 0.630962
0.129327 0.015958 0.630516
0.129853 0.015784 0.630746
0.128880 0.015566 0.631288
0.128855 0.015670 0.630955
0.127610 0.015681 0.631818
0.127378 0.015703 0.632805
0.126904 0.014646 0.632392
0.126782 0.015865 0.632706
0.125773 0.015455 0.633412
0.125376 0.015495 0.633481
0.125931 0.015456 0.634716
0.125229 0.015093 0.634017
0.125159 0.015422 0.633948
0.125504 0.015354 0.635155
0.124044 0.016291 0.635840
0.122909 0.014594 0.634604
0.122491 0.015282 0.635453
0.123282 0.016060 0.635565
0.122423 0.015633 0.636342
0.121781 0.015027 0.635415
0.120920 0.016012 0.636630
0.121989 0.016130 0.636734
0.122057 0.018541 0.563365
0.121576 0.018679 0.563617
0.121649 0.020534 0.564420
0.122599 0.018903 0.563519
0.122358 0.019276 0.564246
0.123395 0.018869 0.565010
0.124296 0.019014 0.564137
0.124078 0.019466 0.564311
0.125166 0.018708 0.565199
0.125560 0.019702 0.565228
0.125110 0.018929 0.564786
0.125754 0.019531 0.565574
0.126529 0.019105 0.566216
0.125353 0.018995 0.566736
0.126972 0.018501 0.566834
0.127572 0.018872 0.567417
0.126753 0.018898 0.568440
0.128806 0.019105 0.568560
0.128805 0.019396 0.568469
0.128606 0.018908 0.569239
0.129970 0.018777 0.569699
0.129682 0.018650 0.570297
0.130336 0.018116 0.569429
0.130164 0.018905 0.569650
0.129891 0.019672 0.570026
0.131214 0.018648 0.570152
0.131559 0.019411 0.571259
0.132080 0.018862 0.571070
0.133455 0.018418 0.571545
0.132591 0.018942 0.572932
0.132289 0.017315 0.572455
0.132390 0.018711 0.573675
0.133296 0.019143 0.574733
0.134048 0.019703 0.573358
0.133048 0.018699 0.574765
0.134323 0.019694 0.573661
0.134633 0.019165 0.576258
0.134939 0.018989 0.575113
0.135806 0.019830 0.576999
0.134911 0.018282 0.575383
0.135495 0.019474 0.577265
0.135316 0.019226 0.576638
0.134751 0.017957 0.577718
0.136545 0.019850 0.578359
0.136305 0.018839 0.578948
0.136754 0.019376 0.578816
0.137294 0.020026 0.579697
0.137180 0.018694 0.580122
0.135897 0.018399 0.580055
0.137189 0.018681 0.581360
0.137960 0.018080 0.581173
0.138470 0.019221 0.581356
0.138427 0.018627 0.581829
0.139325 0.019687 0.582492
0.138631 0.018753 0.582376
0.140043 0.019767 0.584411
0.138876 0.018907 0.583451
0.140064 0.018768 0.583645
0.139010 0.019027 0.583443
0.139386 0.018758 0.585399
0.139909 0.019569 0.585216
0.140679 0.019186 0.586191
0.140272 0.019556 0.586849
0.140015 0.018473 0.587374
0.141181 0.018565 0.586972
0.140986 0.020322 0.587924
0.141053 0.018961 0.588493
0.141077 0.019084 0.588578
0.141165 0.019676 0.588510
0.141711 0.019145 0.588949
0.142225 0.018849 0.590308
0.140751 0.019519 0.591313
0.141486 0.018326 0.591448
0.141328 0.018942 0.590741
0.142107 0.018940 0.592140
0.141591 0.019682 0.593003
0.141272 0.019500 0.593731
0.141393 0.018727 0.594122
0.141293 0.018677 0.595111
0.142973 0.018807 0.594201
0.142377 0.018688 0.594280
0.141879 0.018938 0.594932
0.142115 0.019612 0.596973
0.142144 0.019216 0.597536
0.142084 0.019005 0.597205
0.142838 0.019326 0.598146
0.141920 0.019420 0.598258
0.143131 0.018861 0.598200
0.141718 0.018082 0.600388
0.141832 0.018849 0.599670
0.142673 0.019049 0.599512
0.142443 0.018817 0.600275
0.141866 0.019331 0.601733
0.142778 0.018433 0.601236
0.142732 0.018219 0.602391
0.141705 0.018303 0.602616
0.142864 0.018860 0.603776
0.143291 0.018404 0.604331
0.141768 0.018947 0.604450
0.143017 0.019129 0.604775
0.142492 0.019802 0.604956
0.140935 0.018146 0.605539
0.141339 0.018659 0.606208
0.141898 0.019753 0.606225
0.141743 0.019387 0.607651
0.141766 0.019271 0.607707
0.141738 0.019082 0.607981
0.142648 0.019233 0.609149
0.142133 0.019469 0.609414
0.141552 0.018663 0.609957
0.141607 0.018277 0.609791
0.140734 0.019820 0.610502
0.140778 0.019082 0.610417
0.140781 0.019024 0.612224
0.140762 0.019265 0.611175
0.140232 0.019707 0.612471
0.140634 0.019668 0.613435
0.139938 0.019185 0.613600
0.140067 0.018450 0.614170
0.139762 0.018534 0.614224
0.139358 0.018394 0.614207
0.139593 0.018895 0.614786
0.139121 0.019169 0.615711
0.138588 0.018545 0.616056
0.139315 0.018929 0.617892
0.139367 0.019317 0.618108
0.138356 0.019629 0.617880
0.137936 0.018923 0.617916
0.137882 0.019558 0.617887
0.137402 0.019086 0.619423
0.137882 0.019247 0.618591
0.138053 0.018562 0.619708
0.137530 0.019644 0.620668
0.136798 0.019548 0.620717
0.136824 0.019086 0.621437
0.136458 0.019061 0.621902
0.136123 0.019037 0.622217
0.135514 0.018842 0.622513
0.136100 0.018133 0.622408
0.135507 0.017991 0.624221
0.134845 0.019095 0.624275
0.135168 0.019692 0.624275
0.134879 0.019031 0.624448
0.135127 0.019403 0.624566
0.134013 0.019096 0.625239
0.133199 0.019059 0.625710
0.132963 0.019177 0.626365
0.133190 0.018634 0.626001
0.132976 0.018357 0.626318
0.132088 0.018973 0.627426
0.132502 0.019592 0.626797
0.132277 0.018618 0.628220
0.132042 0.018716 0.628258
0.131018 0.018650 0.628691
0.131457 0.018599 0.629501
0.130263 0.019611 0.629057
0.130076 0.019352 0.628739
0.129729 0.019161 0.629759
0.129517 0.019229 0.630558
0.129400 0.019212 0.631683
0.129115 0.019042 0.630953
0.127701 0.018972 0.631009
0.128288 0.018914 0.631969
0.128208 0.018863 0.632391
0.126521 0.019084 0.632649
0.125767 0.019681 0.632845
0.126981 0.018732 0.634123
0.126428 0.019711 0.633849
0.125406 0.018129 0.633583
0.124989 0.019603 0.634231
0.125065 0.019948 0.635047
0.124716 0.019517 0.633882
0.124744 0.018804 0.636108
0.123072 0.018762 0.635153
0.123013 0.019005 0.635089
0.123255 0.017917 0.636007
0.123447 0.018995 0.636212
0.121664 0.018378 0.636368
0.122379 0.018297 0.637664
0.120335 0.019355 0.636867
0.120755 0.021699 0.563802
0.122519 0.023208 0.562628
0.122270 0.021848 0.563321
0.122280 0.022385 0.564157
0.123392 0.022117 0.564721
0.123282 0.022534 0.563678
0.123556 0.022256 0.564404
0.124824 0.023194 0.565601
0.124020 0.022472 0.565481
0.125540 0.022535 0.564291
0.125482 0.022270 0.566303
0.125903 0.022798 0.566142
0.125623 0.021928 0.566726
0.126402 0.021457 0.566883
0.127395 0.022148 0.567816
0.126906 0.023343 0.567361
0.127717 0.022098 0.568277
0.128626 0.021718 0.567179
0.128701 0.022024 0.569865
0.128851 0.023521 0.568643
0.129169 0.022406 0.569019
0.128953 0.021994 0.569423
0.130199 0.022563 0.569757
0.131679 0.022159 0.570358
0.130879 0.021777 0.570216
0.130222 0.022442 0.570976
0.131126 0.021870 0.571831
0.131541 0.022805 0.570853
0.132872 0.021823 0.571568
0.131838 0.022977 0.572534
0.133299 0.022574 0.573210
0.133343 0.023054 0.573954
0.133536 0.023114 0.572697
0.133703 0.021985 0.573796
0.133642 0.022459 0.573818
0.134192 0.022068 0.574338
0.134740 0.023282 0.575732
0.135250 0.022106 0.575002
0.134863 0.021401 0.576494
0.135390 0.022616 0.576483
0.135386 0.022536 0.577435
0.135758 0.022758 0.577031
0.136354 0.023039 0.577406
0.136340 0.022981 0.577017
0.137074 0.022647 0.578298
0.137198 0.021745 0.578024
0.136820 0.021766 0.579547
0.137585 0.022390 0.579511
0.136617 0.022194 0.580402
0.138008 0.021242 0.580137
0.137748 0.022755 0.581286
0.138594 0.022505 0.580754
0.137344 0.022320 0.581179
0.138910 0.022115 0.582836
0.138080 0.022822 0.583259
0.139379 0.022882 0.583264
0.139767 0.022033 0.583096
0.139877 0.023021 0.583946
0.140118 0.022294 0.585194
0.139415 0.022715 0.584876
0.139664 0.021536 0.586379
0.139703 0.022226 0.585658
0.140756 0.021872 0.586245
0.141138 0.022332 0.587253
0.140878 0.022333 0.587084
0.141059 0.022598 0.586809
0.140835 0.023135 0.588747
0.140710 0.021959 0.589230
0.141271 0.021852 0.588925
0.141426 0.022664 0.589724
0.141166 0.022237 0.590155
0.141352 0.022079 0.590684
0.141602 0.022092 0.590730
0.141857 0.023423 0.591731
0.141938 0.022116 0.593049
0.141213 0.022653 0.592521
0.141972 0.022748 0.594348
0.142077 0.021860 0.593418
0.141030 0.022665 0.593705
0.141844 0.022191 0.595183
0.142298 0.022206 0.596190
0.142249 0.021763 0.595880
0.142728 0.023200 0.596782
0.142684 0.022414 0.596510
0.142383 0.022023 0.598047
0.142925 0.022731 0.598077
0.141718 0.022592 0.598346
0.142638 0.021756 0.598841
0.142649 0.022923 0.598421
0.142278 0.022925 0.599990
0.141909 0.022735 0.599078
0.142298 0.021635 0.600842
0.142640 0.022390 0.600543
0.141828 0.022394 0.601866
0.142389 0.022771 0.602386
0.142434 0.022415 0.601763
0.142387 0.021281 0.602472
0.141990 0.022346 0.603367
0.142234 0.021538 0.603983
0.141632 0.022469 0.604762
0.141823 0.022537 0.605417
0.142723 0.022086 0.604843
0.142743 0.022490 0.605974
0.141379 0.022658 0.606521
0.141723 0.022308 0.607086
0.142681 0.022269 0.607829
0.141926 0.022146 0.608299
0.141638 0.021598 0.607583
0.141506 0.022698 0.608617
0.141260 0.022510 0.609377
0.141701 0.022915 0.608960
0.140977 0.022574 0.610209
0.141855 0.022444 0.612517
0.140883 0.022331 0.611417
0.141313 0.022290 0.611342
0.140777 0.021972 0.612724
0.140878 0.021071 0.612146
0.139783 0.022731 0.613350
0.140245 0.022649 0.613913
0.139650 0.022489 0.613746
0.139802 0.022230 0.615496
0.139118 0.022146 0.614775
0.139278 0.022699 0.615468
0.139860 0.022064 0.616468
0.137935 0.022410 0.617730
0.138780 0.022486 0.617521
0.138517 0.022300 0.616616
0.137881 0.022196 0.617853
0.138294 0.022726 0.618658
0.138386 0.022096 0.618961
0.137815 0.022684 0.619289
0.137859 0.021917 0.620082
0.137962 0.021156 0.619897
0.137091 0.021533 0.620710
0.137163 0.022624 0.621257
0.137084 0.023193 0.621775
0.136056 0.022169 0.621856
0.136095 0.022802 0.622353
0.135628 0.022107 0.623119
0.136085 0.022031 0.624032
0.135346 0.022084 0.624041
0.135188 0.022361 0.625130
0.134421 0.021374 0.624710
0.133911 0.022500 0.625178
0.133912 0.022333 0.625192
0.133933 0.023123 0.626260
0.133335 0.022202 0.626383
0.134168 0.021854 0.625852
0.132189 0.022811 0.626991
0.132165 0.023033 0.626668
0.132668 0.021875 0.626872
0.131333 0.023320 0.627579
0.132594 0.022588 0.628482
0.131010 0.022071 0.628713
0.131324 0.022746 0.629342
0.130462 0.022336 0.629115
0.129590 0.021678 0.629206
0.131289 0.022402 0.630155
0.130131 0.022215 0.630228
0.129459 0.022326 0.631004
0.127828 0.022291 0.631078
0.128020 0.021515 0.630628
0.128476 0.023199 0.631876
0.127278 0.022632 0.632197
0.127782 0.022081 0.632044
0.125814 0.021682 0.632584
0.126124 0.022478 0.633800
0.125959 0.022581 0.633131
0.125807 0.021771 0.633256
0.125895 0.022630 0.634125
0.124892 0.021552 0.635141
0.124096 0.023068 0.634640
0.123903 0.022392 0.634689
0.123869 0.022294 0.634998
0.122399 0.021789 0.635286
0.122383 0.022629 0.635589
0.123650 0.022860 0.636132
0.122572 0.022315 0.636184
0.122121 0.022077 0.636275
0.121567 0.021934 0.637017
0.121813 0.025800 0.563078
0.121256 0.025322 0.564461
0.122424 0.025434 0.564836
0.123410 0.024945 0.563476
0.122580 0.025361 0.563763
0.124142 0.025565 0.565349
0.122960 0.026153 0.565093
0.124040 0.025449 0.564117
0.124709 0.025212 0.565714
0.124814 0.025923 0.565926
0.124642 0.025571 0.566366
0.125834 0.025813 0.566523
0.126623 0.026619 0.567348
0.126223 0.025765 0.566491
0.126867 0.025630 0.567008
0.127393 0.025823 0.567901
0.127635 0.025990 0.567619
0.127575 0.026027 0.567925
0.128903 0.026055 0.567907
0.128928 0.025701 0.569737
0.129596 0.025378 0.569073
0.129798 0.025716 0.568695
0.130212 0.025110 0.570903
0.130834 0.025597 0.570551
0.131015 0.025822 0.570715
0.130901 0.025586 0.571038
0.131166 0.026431 0.570891
0.131131 0.026098 0.571473
0.132687 0.025631 0.571649
0.132132 0.025663 0.572079
0.132581 0.025851 0.573531
0.132265 0.024748 0.572786
0.133461 0.025392 0.572581
0.134083 0.025419 0.574291
0.134198 0.025547 0.574512
0.133901 0.025140 0.574542
0.134456 0.025529 0.574552
0.134021 0.026160 0.575262
0.134876 0.025562 0.575850
0.134776 0.026339 0.575961
0.135403 0.025832 0.576989
0.136029 0.026342 0.577669
0.136042 0.026587 0.576951
0.136408 0.026404 0.577833
0.137180 0.026087 0.578646
0.137153 0.025622 0.579361
0.137318 0.025957 0.579640
0.137434 0.025832 0.580089
0.137168 0.024946 0.579654
0.137533 0.026586 0.580087
0.137753 0.025616 0.581188
0.137940 0.025575 0.581563
0.138971 0.025614 0.582068
0.138002 0.025796 0.583320
0.138971 0.026138 0.583409
0.138980 0.026207 0.582766
0.139166 0.025906 0.583364
0.139430 0.026009 0.583967
0.140015 0.025718 0.584727
0.139337 0.025291 0.585394
0.140069 0.024608 0.585634
0.140898 0.024882 0.585697
0.139969 0.025907 0.586541
0.139677 0.025744 0.586996
0.140117 0.025176 0.588325
0.140256 0.026168 0.587514
0.140798 0.026087 0.588471
0.141181 0.025349 0.589518
0.141220 0.026841 0.589964
0.141902 0.025754 0.589836
0.142021 0.025762 0.589859
0.141383 0.026153 0.590651
0.141278 0.025271 0.590843
0.142175 0.026328 0.592193
0.141850 0.026192 0.592567
0.141507 0.025452 0.593000
0.143049 0.026772 0.593606
0.142268 0.025425 0.594566
0.142604 0.024881 0.594273
0.142484 0.026176 0.594954
0.142682 0.025626 0.594389
0.142820 0.026443 0.595699
0.142017 0.026083 0.596595
0.142352 0.025890 0.597094
0.141528 0.025308 0.597927
0.142140 0.026047 0.597854
0.142848 0.025224 0.598316
0.142249 0.025459 0.598808
0.141922 0.025802 0.599655
0.142399 0.025265 0.599833
0.141869 0.025832 0.600048
0.142661 0.026405 0.600476
0.142892 0.025003 0.600906
0.142210 0.025863 0.602307
0.142687 0.025951 0.601865
0.142469 0.026329 0.602443
0.142632 0.025116 0.602445
0.141743 0.026349 0.603896
0.141676 0.025737 0.605270
0.142786 0.026173 0.604533
0.142164 0.026250 0.605012
0.141668 0.025607 0.605631
0.142105 0.025851 0.606229
0.142646 0.024741 0.606296
0.141960 0.026484 0.606234
0.141902 0.026076 0.607350
0.141590 0.026213 0.608443
0.141726 0.024603 0.609535
0.140741 0.026077 0.609910
0.141159 0.025654 0.608677
0.141351 0.025286 0.610247
0.141812 0.025379 0.611272
0.140814 0.025887 0.610338
0.140350 0.025496 0.612524
0.140655 0.025984 0.612038
0.140471 0.025731 0.612986
0.140202 0.025501 0.612888
0.140246 0.025590 0.614320
0.140585 0.026229 0.614551
0.140408 0.025856 0.614679
0.139260 0.025286 0.614428
0.139402 0.025597 0.615346
0.139165 0.025602 0.615566
0.138833 0.025792 0.616652
0.139585 0.025912 0.616584
0.139109 0.026411 0.618257
0.139644 0.026350 0.617416
0.138561 0.026662 0.617627
0.138091 0.026197 0.618386
0.137635 0.026188 0.618807
0.137307 0.025616 0.618337
0.138068 0.025995 0.620229
0.137312 0.025146 0.620462
0.137203 0.025381 0.620994
0.136846 0.026218 0.621000
0.136472 0.025953 0.621898
0.137495 0.025179 0.622132
0.134772 0.026017 0.622928
0.135798 0.025772 0.622467
0.135763 0.026743 0.622905
0.135855 0.026209 0.624031
0.135524 0.024297 0.624490
0.134326 0.025812 0.623826
0.133887 0.025979 0.624396
0.134850 0.025767 0.624488
0.133555 0.025787 0.625895
0.134231 0.025406 0.626481
0.133198 0.026346 0.626141
0.133488 0.025547 0.626790
0.132327 0.025890 0.627287
0.132479 0.025135 0.627562
0.132031 0.025887 0.628089
0.131793 0.025561 0.628499
0.131746 0.026451 0.628141
0.129323 0.025023 0.629387
0.130287 0.024473 0.629776
0.129714 0.027200 0.629371
0.130172 0.025178 0.630590
0.129299 0.025980 0.630747
0.129150 0.026197 0.630671
0.127660 0.025921 0.631623
0.129176 0.026644 0.632628
0.128209 0.026053 0.632209
0.127443 0.026076 0.631309
0.126301 0.025909 0.632599
0.127041 0.025439 0.632784
0.125977 0.026483 0.633260
0.125961 0.025064 0.633263
0.127014 0.025697 0.634185
0.124971 0.025935 0.634378
0.124867 0.025819 0.633886
0.124762 0.025843 0.634614
0.123777 0.025934 0.634933
0.123833 0.025673 0.634843
0.123432 0.024444 0.635076
0.123230 0.026417 0.637286
0.122214 0.024573 0.635642
0.121861 0.025754 0.635794
0.121375 0.026016 0.636305
0.122088 0.025359 0.637101
0.121295 0.028860 0.563035
0.121861 0.029746 0.563569
0.121975 0.029662 0.564250
0.122817 0.028621 0.563864
0.123205 0.030142 0.563265
0.123236 0.029186 0.564376
0.123417 0.029114 0.565228
0.124449 0.027894 0.565262
0.124437 0.028423 0.564744
0.125269 0.028591 0.566496
0.124906 0.028573 0.565895
0.125183 0.028539 0.565858
0.126092 0.028237 0.566771
0.127169 0.029123 0.566133
0.127024 0.029148 0.567134
0.127321 0.029052 0.566618
0.127570 0.029283 0.567802
0.127876 0.029055 0.568152
0.128908 0.028663 0.569070
0.129218 0.028518 0.569007
0.129201 0.028938 0.569216
0.129559 0.029093 0.569185
0.129773 0.029242 0.569999
0.130207 0.029390 0.569895
0.130303 0.029248 0.570704
0.130411 0.029541 0.571213
0.132442 0.028647 0.571551
0.132349 0.029671 0.571364
0.131915 0.029654 0.571540
0.131876 0.028391 0.572185
0.133033 0.029399 0.572749
0.133220 0.028607 0.572763
0.132955 0.028487 0.574062
0.132930 0.028877 0.574624
0.134338 0.029066 0.575495
0.134627 0.029094 0.574884
0.134645 0.030091 0.575345
0.134530 0.030111 0.574448
0.135191 0.029039 0.575322
0.135936 0.029646 0.576303
0.135220 0.028701 0.576838
0.135691 0.028776 0.577109
0.136271 0.028522 0.577225
0.135510 0.029565 0.578435
0.137151 0.029264 0.577905
0.137231 0.029661 0.578687
0.137331 0.028803 0.580344
0.137795 0.029270 0.579346
0.137748 0.029753 0.579637
0.137532 0.028518 0.580730
0.137970 0.028934 0.580523
0.138109 0.029540 0.581423
0.138960 0.028338 0.582160
0.139107 0.028837 0.582961
0.138181 0.028986 0.583376
0.139391 0.028576 0.583688
0.139366 0.028784 0.583601
0.139913 0.028060 0.583920
0.139767 0.029555 0.584633
0.140837 0.028881 0.584861
0.140073 0.029100 0.585673
0.139551 0.028542 0.585661
0.140606 0.028792 0.585918
0.138817 0.028756 0.586687
0.140538 0.028909 0.586583
0.140854 0.029474 0.588075
0.141310 0.029727 0.589010
0.140987 0.029620 0.588759
0.141110 0.029092 0.589820
0.141292 0.029022 0.590537
0.140645 0.029032 0.590704
0.141035 0.028557 0.590816
0.141457 0.029025 0.591546
0.141483 0.029997 0.591413
0.142080 0.029207 0.592578
0.141656 0.028935 0.592631
0.141603 0.029554 0.593678
0.142675 0.028762 0.593667
0.141539 0.030039 0.593899
0.142976 0.028816 0.593730
0.141837 0.029387 0.595793
0.143045 0.029066 0.595825
0.141997 0.029653 0.596588
0.142135 0.029773 0.596653
0.141671 0.029108 0.596855
0.143430 0.029814 0.597307
0.142472 0.028407 0.597764
0.142971 0.029468 0.598572
0.142561 0.029567 0.599140
0.142303 0.028568 0.600219
0.142187 0.028794 0.600059
0.142275 0.028353 0.600108
0.141808 0.029354 0.600542
0.141902 0.029080 0.602020
0.142671 0.028769 0.601678
0.143071 0.029203 0.602323
0.142169 0.029654 0.603034
0.143403 0.029593 0.603680
0.141674 0.028122 0.603925
0.141651 0.029254 0.604806
0.142277 0.028194 0.605066
0.141215 0.029326 0.605158
0.141242 0.028413 0.606127
0.141914 0.028331 0.606253
0.142395 0.028591 0.607144
0.141513 0.028109 0.608331
0.141523 0.028921 0.607392
0.142051 0.029020 0.609445
0.141875 0.028892 0.610090
0.141575 0.029191 0.609691
0.140703 0.029278 0.611160
0.140602 0.029141 0.610742
0.140991 0.029270 0.611359
0.141675 0.027894 0.611376
0.140302 0.029138 0.611797
0.141462 0.028191 0.611999
0.140567 0.029192 0.612580
0.140193 0.029076 0.614103
0.140190 0.028822 0.613182
0.140326 0.029427 0.614196
0.139496 0.028718 0.614475
0.139974 0.028403 0.614710
0.139571 0.028867 0.615391
0.139234 0.028734 0.616143
0.139509 0.028813 0.616807
0.138299 0.029653 0.618207
0.139481 0.029390 0.618271
0.138549 0.029447 0.617949
0.138583 0.028679 0.618521
0.137510 0.029448 0.619085
0.136834 0.028760 0.619171
0.138078 0.029969 0.620470
0.137353 0.028718 0.619782
0.136991 0.029219 0.620441
0.137334 0.028551 0.621411
0.136240 0.028518 0.621630
0.135617 0.028795 0.622451
0.135978 0.029137 0.622370
0.135969 0.029362 0.622135
0.135727 0.029018 0.622679
0.134710 0.029672 0.624492
0.134488 0.028768 0.623116
0.135970 0.029209 0.625329
0.134699 0.029319 0.624623
0.133949 0.029566 0.625804
0.134215 0.029168 0.625634
0.133500 0.028982 0.625865
0.132615 0.029797 0.626415
0.132759 0.029340 0.626954
0.132645 0.028693 0.626933
0.131713 0.028994 0.627390
0.131995 0.028637 0.627802
0.132448 0.029309 0.628323
0.131182 0.029165 0.629183
0.130715 0.028627 0.628835
0.130035 0.029163 0.629638
0.129804 0.029844 0.630128
0.130027 0.028505 0.630461
0.128627 0.028588 0.630153
0.129004 0.029106 0.630474
0.127968 0.028293 0.631905
0.128307 0.028901 0.630810
0.128348 0.029473 0.632082
0.128468 0.029341 0.630148
0.127047 0.028364 0.632727
0.126682 0.028047 0.632658
0.126592 0.029944 0.632207
0.125576 0.028333 0.633720
0.126455 0.028354 0.633617
0.125489 0.029765 0.634432
0.125060 0.029179 0.633798
0.124181 0.029004 0.633775
0.124323 0.029266 0.635072
0.124407 0.028648 0.635401
0.124535 0.029516 0.635412
0.123238 0.029171 0.635751
0.122917 0.029128 0.635656
0.121912 0.028852 0.636484
0.121912 0.028147 0.636578
0.121987 0.028817 0.635933
0.121452 0.032546 0.563497
0.121803 0.033213 0.563713
0.122138 0.032061 0.563996
0.122691 0.032673 0.563810
0.122423 0.032354 0.563748
0.123186 0.032065 0.564169
0.123857 0.032309 0.564643
0.125186 0.032789 0.564104
0.124344 0.033146 0.565666
0.124913 0.031596 0.566433
0.125812 0.032429 0.565760
0.125434 0.032690 0.566583
0.125822 0.032009 0.566204
0.127336 0.032515 0.567142
0.127773 0.032116 0.567393
0.126502 0.032506 0.567463
0.127638 0.033699 0.567601
0.127053 0.032469 0.568409
0.128838 0.032485 0.567961
0.128346 0.033032 0.568904
0.128647 0.032168 0.569768
0.129775 0.031916 0.568558
0.128900 0.034118 0.570365
0.130493 0.032765 0.570600
0.130123 0.031709 0.570334
0.131064 0.032117 0.571313
0.131687 0.032366 0.571074
0.132484 0.032867 0.571727
0.132702 0.032136 0.571673
0.132827 0.031910 0.572010
0.133184 0.033004 0.572169
0.132090 0.031954 0.573127
0.132030 0.032572 0.573412
0.133319 0.032615 0.574638
0.133971 0.033265 0.573650
0.133954 0.033035 0.574690
0.135256 0.033192 0.575053
0.134154 0.032034 0.575017
0.135866 0.032530 0.575289
0.135046 0.032345 0.576593
0.136027 0.032219 0.577292
0.136233 0.032054 0.575970
0.136713 0.033748 0.578047
0.136656 0.032261 0.578724
0.136158 0.032357 0.578187
0.137599 0.032189 0.579115
0.138256 0.031652 0.579167
0.137343 0.033030 0.579382
0.137043 0.030799 0.579971
0.138301 0.033589 0.580634
0.137503 0.031930 0.581190
0.138995 0.032331 0.582602
0.138538 0.032359 0.582345
0.138519 0.031200 0.582440
0.139409 0.032648 0.583377
0.140221 0.032865 0.583976
0.139190 0.032320 0.583129
0.139367 0.031780 0.583551
0.140539 0.032413 0.585480
0.139252 0.032129 0.585410
0.139532 0.032091 0.585448
0.140528 0.032270 0.585580
0.140335 0.032341 0.586985
0.140557 0.032741 0.586109
0.140589 0.033070 0.587448
0.140326 0.032170 0.587851
0.141200 0.032431 0.588995
0.141685 0.032506 0.589401
0.141260 0.033159 0.589634
0.140954 0.031715 0.590141
0.142447 0.032865 0.590256
0.141139 0.032512 0.590098
0.141199 0.033091 0.590877
0.142443 0.033096 0.591750
0.141832 0.032888 0.592145
0.141624 0.031957 0.592731
0.141590 0.032021 0.593124
0.142677 0.032020 0.592893
0.141093 0.032306 0.593521
0.141698 0.031769 0.594898
0.141866 0.032774 0.596113
0.142058 0.032028 0.596250
0.142096 0.032326 0.595740
0.142210 0.032179 0.596314
0.141955 0.032891 0.597485
0.142016 0.032097 0.597703
0.143171 0.032422 0.598918
0.141886 0.032930 0.598960
0.142077 0.032576 0.598774
0.142498 0.032921 0.599368
0.142376 0.031804 0.600139
0.142953 0.033555 0.601109
0.142665 0.032275 0.601185
0.141381 0.032044 0.602242
0.142111 0.032441 0.602639
0.142825 0.032151 0.603557
0.142922 0.032185 0.603838
0.142132 0.032348 0.603366
0.142629 0.032991 0.603909
0.141962 0.032507 0.604124
0.142145 0.032252 0.604713
0.141898 0.032425 0.605858
0.141435 0.033387 0.606796
0.142213 0.033111 0.606483
0.141738 0.033657 0.607370
0.142096 0.032083 0.607085
0.141809 0.033422 0.608700
0.141735 0.031767 0.607843
0.141694 0.032059 0.609536
0.141580 0.032653 0.610051
0.141761 0.032362 0.609635
0.140933 0.032189 0.610286
0.141245 0.032704 0.610791
0.141547 0.032616 0.611544
0.140002 0.032586 0.611974
0.139129 0.032497 0.612160
0.140871 0.032329 0.612519
0.140522 0.032212 0.614659
0.140210 0.032178 0.613740
0.139904 0.033007 0.614450
0.139538 0.032735 0.614874
0.138352 0.031952 0.615262
0.140133 0.032263 0.615478
0.139355 0.032428 0.616074
0.139585 0.032179 0.616164
0.138179 0.031031 0.616125
0.138877 0.032247 0.617435
0.138727 0.032293 0.617148
0.138150 0.032780 0.618447
0.138107 0.031705 0.618721
0.137397 0.031857 0.619591
0.138236 0.033115 0.621313
0.137660 0.031568 0.620339
0.137335 0.031816 0.620032
0.137023 0.032368 0.621304
0.136575 0.032559 0.621268
0.137070 0.032584 0.622049
0.135897 0.031890 0.622245
0.136748 0.032571 0.623380
0.135420 0.033205 0.624084
0.135127 0.033191 0.623495
0.134849 0.032291 0.624155
0.135288 0.033045 0.624335
0.132842 0.032885 0.625225
0.133468 0.031986 0.624755
0.134382 0.032950 0.625997
0.134027 0.032752 0.626119
0.132955 0.031932 0.626185
0.132264 0.033010 0.626793
0.132230 0.033284 0.626875
0.132919 0.030691 0.627557
0.132294 0.031993 0.628268
0.132269 0.032501 0.628681
0.131408 0.032667 0.628459
0.131015 0.032197 0.628218
0.130450 0.032347 0.630578
0.130438 0.031995 0.629998
0.130248 0.032300 0.630439
0.129355 0.031906 0.629693
0.129028 0.033362 0.630923
0.128640 0.032431 0.631349
0.127739 0.033700 0.631604
0.129038 0.032558 0.632949
0.127053 0.033149 0.631727
0.127930 0.032454 0.632076
0.126715 0.032954 0.633627
0.126734 0.032847 0.632345
0.125878 0.032337 0.634706
0.126235 0.033563 0.633653
0.125579 0.033094 0.634669
0.124763 0.032068 0.635215
0.124694 0.032115 0.635158
0.123984 0.032282 0.635119
0.123753 0.032194 0.635535
0.123546 0.033775 0.635734
0.123305 0.031860 0.636127
0.123169 0.031656 0.635724
0.122015 0.032091 0.636183
0.121173 0.032135 0.637004
0.121323 0.032688 0.636569
0.121116 0.036379 0.563110
0.122245 0.035865 0.562657
0.122116 0.035991 0.563467
0.123444 0.036489 0.564353
0.122949 0.036827 0.563721
0.122506 0.036106 0.564718
0.124260 0.036211 0.565331
0.124173 0.035943 0.565065
0.124997 0.034846 0.565492
0.124268 0.035561 0.565673
0.125279 0.035135 0.565888
0.126608 0.035315 0.565845
0.126484 0.035644 0.566752
0.125997 0.034799 0.566514
0.126173 0.034871 0.566373
0.127651 0.035919 0.568229
0.127508 0.035055 0.568834
0.127655 0.036143 0.568616
0.128378 0.035731 0.567813
0.129000 0.036034 0.569322
0.128560 0.036199 0.569500
0.129001 0.036198 0.569287
0.129789 0.036215 0.570232
0.130077 0.035934 0.569552
0.130903 0.034568 0.570634
0.130945 0.035763 0.571920
0.131197 0.036150 0.571225
0.131830 0.035990 0.571690
0.131273 0.035380 0.571534
0.132079 0.035728 0.572345
0.131796 0.036088 0.573418
0.133594 0.035626 0.572438
0.133761 0.035705 0.572882
0.133193 0.036162 0.573413
0.134417 0.035785 0.573462
0.133871 0.036608 0.574844
0.135792 0.036415 0.574839
0.134602 0.035703 0.575648
0.135569 0.035630 0.575769
0.134893 0.036633 0.575983
0.134255 0.035700 0.577259
0.135682 0.034552 0.577261
0.135404 0.035882 0.577406
0.135999 0.036201 0.577496
0.137337 0.036379 0.578311
0.136773 0.035788 0.579367
0.137479 0.035494 0.578755
0.137542 0.035748 0.579013
0.137557 0.034488 0.581116
0.137833 0.036539 0.580406
0.137891 0.034932 0.580508
0.137829 0.035644 0.582142
0.138565 0.036017 0.583335
0.138948 0.036336 0.581583
0.138772 0.035835 0.583247
0.139443 0.035374 0.583851
0.139917 0.036382 0.583731
0.139718 0.035894 0.583739
0.140409 0.035872 0.584340
0.139406 0.036364 0.586160
0.139958 0.036581 0.584244
0.139694 0.035521 0.585949
0.139407 0.035962 0.586701
0.139903 0.035995 0.586693
0.140265 0.035369 0.587923
0.141039 0.036371 0.587702
0.140514 0.035615 0.588635
0.141200 0.035649 0.589238
0.141727 0.036485 0.590198
0.140644 0.034670 0.590244
0.141686 0.035801 0.590556
0.141995 0.036201 0.590864
0.142043 0.036506 0.591967
0.140854 0.035237 0.591837
0.142081 0.035243 0.593319
0.142091 0.036063 0.592819
0.142397 0.036379 0.592791
0.142286 0.035170 0.593470
0.142506 0.035817 0.594195
0.141558 0.035234 0.594695
0.142116 0.035887 0.595040
0.142424 0.036010 0.595128
0.142164 0.036218 0.596672
0.142136 0.034420 0.596906
0.142668 0.036037 0.596326
0.143162 0.035498 0.598287
0.141822 0.035681 0.597425
0.143113 0.035444 0.598058
0.141620 0.035489 0.599121
0.142905 0.035648 0.600417
0.142644 0.035581 0.600347
0.142757 0.036213 0.600350
0.142402 0.036170 0.601632
0.142645 0.035829 0.601666
0.142677 0.035956 0.602280
0.141804 0.035274 0.602608
0.142525 0.035369 0.603387
0.142156 0.035806 0.603897
0.142220 0.036234 0.604400
0.141958 0.035568 0.604911
0.142061 0.036278 0.604201
0.142601 0.035637 0.604812
0.142573 0.035502 0.606897
0.141240 0.034945 0.605489
0.141968 0.035869 0.606192
0.141861 0.035769 0.608663
0.141449 0.035558 0.608513
0.142299 0.035083 0.608162
0.141838 0.035231 0.609547
0.141431 0.036262 0.609130
0.142219 0.036861 0.610613
0.141937 0.036624 0.610159
0.141766 0.035421 0.611260
0.140558 0.035963 0.611608
0.140159 0.035676 0.612365
0.140692 0.035677 0.612197
0.140715 0.036049 0.612656
0.139969 0.035711 0.613537
0.139552 0.035907 0.613308
0.139254 0.035191 0.614186
0.139773 0.035810 0.615010
0.140023 0.036466 0.615875
0.138981 0.035860 0.616049
0.139364 0.036276 0.616846
0.139023 0.035958 0.617672
0.138780 0.035535 0.617069
0.139423 0.035710 0.617114
0.138235 0.035116 0.617669
0.137467 0.036039 0.618984
0.139289 0.035984 0.618926
0.137966 0.034410 0.619450
0.138455 0.036277 0.620099
0.137366 0.035623 0.620035
0.137061 0.036390 0.620186
0.136898 0.036279 0.621173
0.136448 0.035154 0.621805
0.135611 0.035452 0.622288
0.135792 0.035642 0.622323
0.136506 0.035921 0.623069
0.135662 0.035746 0.623265
0.135135 0.036106 0.623916
0.135298 0.035224 0.624208
0.135012 0.035318 0.624633
0.134178 0.036065 0.624159
0.133764 0.035764 0.625326
0.134152 0.035481 0.626195
0.133722 0.035366 0.625884
0.133136 0.036473 0.626070
0.132759 0.036562 0.627222
0.133778 0.035821 0.626581
0.132249 0.035598 0.627255
0.132358 0.035190 0.627612
0.131947 0.035707 0.628567
0.129898 0.035386 0.628905
0.131126 0.036113 0.628774
0.130322 0.035298 0.629553
0.130782 0.035840 0.629294
0.130190 0.036396 0.630222
0.130487 0.035161 0.630743
0.129436 0.035316 0.631028
0.128605 0.035991 0.630699
0.128766 0.035784 0.631172
0.128605 0.036894 0.631340
0.127308 0.035444 0.631735
0.127294 0.034850 0.632721
0.126669 0.035918 0.632780
0.126318 0.035950 0.633145
0.126598 0.036351 0.633634
0.125606 0.035903 0.633725
0.125026 0.035734 0.634425
0.125310 0.035515 0.633859
0.124119 0.036533 0.634782
0.124070 0.035672 0.634778
0.124464 0.035147 0.636043
0.123086 0.036191 0.635571
0.123649 0.035905 0.635877
0.122364 0.035840 0.636854
0.121721 0.036369 0.636743
0.122490 0.035906 0.637225
0.121598 0.035578 0.637141
0.120574 0.040059 0.562792
0.121300 0.040056 0.563801
0.122520 0.039440 0.563765
0.122241 0.039131 0.564345
0.122976 0.038857 0.564034
0.123205 0.038971 0.564436
0.124908 0.038322 0.564495
0.123203 0.039359 0.564865
0.124924 0.038944 0.566281
0.124741 0.038875 0.566652
0.125083 0.039383 0.566186
0.126060 0.038931 0.566917
0.126739 0.038969 0.566222
0.126935 0.038707 0.567070
0.126672 0.038447 0.567547
0.126926 0.040085 0.566876
0.127757 0.039261 0.567273
0.128929 0.038574 0.568278
0.127732 0.038931 0.568818
0.127887 0.039158 0.569778
0.129105 0.040480 0.569553
0.130136 0.039305 0.569662
0.129366 0.038542 0.570265
0.131033 0.039054 0.569827
0.130262 0.038756 0.570131
0.130560 0.039283 0.572011
0.131026 0.039274 0.570594
0.132027 0.038639 0.571008
0.131478 0.039294 0.571894
0.132060 0.039191 0.570685
0.133393 0.038898 0.573228
0.132557 0.038871 0.572114
0.133876 0.039255 0.573952
0.134376 0.039234 0.574658
0.134602 0.039363 0.573489
0.134306 0.039277 0.574401
0.134471 0.039402 0.575645
0.133877 0.039160 0.575467
0.135370 0.039225 0.576250
0.135180 0.039505 0.577031
0.135414 0.039698 0.576209
0.135416 0.039437 0.576594
0.135358 0.038945 0.577085
0.135661 0.039202 0.577910
0.137173 0.039954 0.578094
0.136966 0.039119 0.579211
0.136931 0.038884 0.579206
0.137024 0.039078 0.580456
0.137520 0.039205 0.579764
0.137487 0.038896 0.580394
0.137796 0.040271 0.581193
0.138121 0.039065 0.582268
0.137816 0.039333 0.581618
0.139203 0.039314 0.582644
0.138542 0.038723 0.583847
0.138353 0.038730 0.583337
0.139677 0.038898 0.583184
0.139359 0.039592 0.584063
0.140133 0.038507 0.585097
0.140003 0.038978 0.585585
0.140394 0.039002 0.584923
0.139647 0.038987 0.586761
0.140797 0.039081 0.585866
0.140949 0.038768 0.586318
0.140610 0.040333 0.587549
0.141122 0.038948 0.588012
0.140954 0.039662 0.587977
0.140299 0.039186 0.589160
0.141623 0.040065 0.588936
0.141804 0.039770 0.590174
0.141511 0.039745 0.590371
0.140970 0.039601 0.590851
0.141855 0.038981 0.591491
0.140979 0.039657 0.591420
0.141700 0.039505 0.592193
0.141706 0.037982 0.592406
0.142304 0.039521 0.593327
0.141303 0.039471 0.594577
0.142000 0.038675 0.595005
0.141674 0.039422 0.594561
0.142029 0.039494 0.595387
0.141605 0.039458 0.595880
0.142331 0.039234 0.596873
0.142330 0.039013 0.597109
0.143331 0.038821 0.596803
0.141517 0.039140 0.597905
0.142804 0.039608 0.598413
0.142764 0.039146 0.600136
0.142315 0.038175 0.599185
0.142371 0.038935 0.599651
0.142753 0.039802 0.600605
0.142685 0.039343 0.600982
0.142929 0.038735 0.601883
0.142422 0.039814 0.601250
0.142546 0.039432 0.603009
0.143185 0.040156 0.602558
0.143452 0.039889 0.602865
0.142085 0.038418 0.603746
0.141954 0.038736 0.604455
0.142600 0.038375 0.605206
0.142206 0.039396 0.604346
0.142076 0.039105 0.605564
0.142048 0.038842 0.605751
0.142122 0.038519 0.606409
0.141091 0.038754 0.606528
0.141258 0.039734 0.607764
0.140910 0.040076 0.607914
0.142164 0.039044 0.609389
0.141679 0.038697 0.609384
0.141818 0.039275 0.609822
0.141068 0.039451 0.609741
0.140815 0.039611 0.610162
0.141168 0.039310 0.610639
0.141039 0.039742 0.611114
0.140510 0.039307 0.611809
0.140316 0.038763 0.612783
0.140554 0.039720 0.612960
0.140355 0.038703 0.613179
0.140617 0.039784 0.614717
0.140124 0.038477 0.613854
0.138872 0.039360 0.615172
0.139287 0.039914 0.615437
0.139268 0.038310 0.616306
0.139697 0.039619 0.616580
0.138618 0.038527 0.616985
0.138899 0.039862 0.617576
0.138785 0.040433 0.616930
0.137919 0.039066 0.618155
0.138678 0.039745 0.618611
0.138691 0.039652 0.618098
0.138173 0.039503 0.619402
0.138086 0.038508 0.619819
0.136556 0.040059 0.620221
0.135111 0.039693 0.620844
0.137477 0.039173 0.621389
0.135945 0.039677 0.622435
0.136432 0.038651 0.621886
0.136009 0.038735 0.621951
0.135675 0.039047 0.623663
0.135566 0.038930 0.623176
0.135477 0.038260 0.623791
0.135139 0.038788 0.623482
0.134929 0.039602 0.624675
0.134047 0.039064 0.624912
0.134806 0.038533 0.624751
0.133541 0.039303 0.625801
0.133551 0.039457 0.626872
0.133007 0.038671 0.626166
0.132797 0.039375 0.627785
0.131457 0.039080 0.627325
0.131835 0.039684 0.627135
0.132899 0.038993 0.628715
0.131674 0.039068 0.627708
0.130976 0.039167 0.628749
0.131411 0.039277 0.629562
0.130155 0.038807 0.629977
0.130376 0.039857 0.629670
0.129055 0.038632 0.630510
0.128635 0.039523 0.630744
0.130822 0.038782 0.630700
0.127700 0.039111 0.631407
0.128222 0.038546 0.629704
0.129207 0.038880 0.632639
0.127597 0.038524 0.631871
0.127479 0.039173 0.632660
0.126548 0.039064 0.632958
0.126436 0.038763 0.633733
0.125747 0.038529 0.633605
0.126271 0.039278 0.634443
0.125652 0.038862 0.634531
0.125178 0.039703 0.634140
0.123921 0.038380 0.634853
0.124814 0.038676 0.634490
0.123590 0.039881 0.634994
0.122701 0.038706 0.635213
0.123069 0.038724 0.635593
0.123142 0.039870 0.635989
0.122213 0.039592 0.635753
0.120755 0.039970 0.636354
0.121747 0.039633 0.635728
0.121892 0.043121 0.562562
0.121632 0.043326 0.563373
0.122101 0.041954 0.563377
0.121100 0.042610 0.563643
0.123008 0.041965 0.563885
0.124045 0.042987 0.564853
0.123930 0.041923 0.563947
0.124695 0.042148 0.564539
0.124380 0.042214 0.564588
0.123982 0.042290 0.565825
0.126284 0.042785 0.566319
0.124820 0.042839 0.566252
0.126295 0.043273 0.565704
0.126391 0.042603 0.568158
0.126483 0.042912 0.567006
0.127208 0.043277 0.567234
0.127867 0.042780 0.567787
0.129051 0.043343 0.567822
0.127957 0.041864 0.568754
0.129334 0.043050 0.568345
0.129572 0.041900 0.568105
0.129689 0.042893 0.569278
0.129934 0.043482 0.570402
0.129960 0.042161 0.569540
0.131206 0.042301 0.570159
0.130293 0.042397 0.571226
0.130807 0.043854 0.571875
0.131142 0.042003 0.571938
0.132416 0.042525 0.571533
0.132879 0.042887 0.571743
0.133141 0.042374 0.573081
0.132963 0.042300 0.573324
0.133455 0.041962 0.573656
0.134365 0.042605 0.574282
0.132801 0.042785 0.574461
0.133497 0.042620 0.574613
0.134848 0.042694 0.575035
0.135469 0.041829 0.575591
0.135648 0.042179 0.575630
0.136513 0.042795 0.576002
0.135886 0.042402 0.576537
0.135345 0.043193 0.575710
0.135916 0.042723 0.578008
0.136844 0.043053 0.577888
0.136813 0.043417 0.578158
0.135759 0.041746 0.579637
0.137240 0.043061 0.579560
0.138836 0.042584 0.579360
0.136501 0.042194 0.580882
0.137989 0.043488 0.580443
0.138501 0.042229 0.581244
0.138354 0.042660 0.581617
0.139172 0.042538 0.581306
0.138398 0.042671 0.581931
0.138248 0.042004 0.583024
0.138767 0.041952 0.583662
0.139071 0.042292 0.583096
0.139131 0.042338 0.584637
0.139729 0.042735 0.584419
0.139877 0.042419 0.584964
0.139873 0.042230 0.585471
0.140564 0.042306 0.586372
0.140322 0.042087 0.585710
0.140350 0.042287 0.586664
0.140929 0.042695 0.588261
0.140996 0.042872 0.588785
0.141658 0.042786 0.588481
0.141179 0.041988 0.590047
0.141775 0.042521 0.589371
0.141230 0.042188 0.589518
0.142027 0.042396 0.591604
0.141738 0.042536 0.591083
0.142330 0.041740 0.590950
0.141711 0.042584 0.591676
0.142215 0.041597 0.592531
0.142786 0.041806 0.593139
0.143044 0.042310 0.593121
0.142307 0.043093 0.593838
0.141650 0.043179 0.594528
0.141389 0.043106 0.595375
0.142145 0.042835 0.594736
0.142544 0.042419 0.597016
0.142471 0.041810 0.595544
0.142024 0.042824 0.597502
0.143410 0.042884 0.597330
0.142781 0.042349 0.597805
0.142545 0.044150 0.598138
0.142655 0.042041 0.598513
0.142651 0.043229 0.599635
0.142532 0.042112 0.600006
0.141855 0.042318 0.599949
0.142748 0.041922 0.600830
0.141950 0.043010 0.601389
0.142869 0.042271 0.600887
0.143079 0.042262 0.601662
0.142693 0.041906 0.602543
0.142931 0.042716 0.603151
0.141682 0.042146 0.603889
0.143000 0.043701 0.603608
0.141986 0.041577 0.605020
0.141555 0.042210 0.605515
0.143361 0.042175 0.605372
0.142028 0.042829 0.606400
0.142335 0.043801 0.606100
0.141632 0.042454 0.606871
0.141646 0.042087 0.607882
0.141409 0.042686 0.607949
0.141189 0.042412 0.608264
0.141170 0.041990 0.608768
0.142174 0.041627 0.608686
0.141733 0.042603 0.610501
0.141713 0.041982 0.609843
0.140775 0.042843 0.611302
0.141500 0.043567 0.611845
0.141166 0.042370 0.612434
0.140864 0.042855 0.612652
0.140498 0.043129 0.613187
0.140034 0.041818 0.613663
0.140366 0.041723 0.613925
0.140346 0.041479 0.613844
0.139695 0.042685 0.614849
0.139770 0.042322 0.614762
0.138808 0.042551 0.615308
0.139108 0.043255 0.615722
0.138473 0.042285 0.616444
0.138772 0.042735 0.617116
0.139043 0.042662 0.616698
0.138032 0.042440 0.618744
0.139233 0.042818 0.617742
0.138019 0.042403 0.618533
0.137941 0.041818 0.619214
0.138354 0.041749 0.620126
0.136831 0.042466 0.620470
0.137094 0.042761 0.620307
0.136405 0.042651 0.621413
0.136953 0.041975 0.620921
0.136611 0.042575 0.621885
0.136061 0.043066 0.622784
0.136113 0.042955 0.622272
0.135422 0.041439 0.622539
0.135993 0.042720 0.623084
0.135158 0.042707 0.623690
0.135391 0.042103 0.624743
0.134083 0.042806 0.624322
0.133859 0.042706 0.625725
0.133298 0.042227 0.626109
0.134150 0.043102 0.626408
0.134151 0.042108 0.626365
0.132291 0.041959 0.626909
0.132583 0.042662 0.626832
0.131746 0.042436 0.627632
0.132114 0.043156 0.628504
0.132137 0.041990 0.627832
0.130601 0.042381 0.628679
0.130896 0.041688 0.629314
0.129875 0.042722 0.628723
0.128979 0.042556 0.629212
0.129219 0.041787 0.630384
0.129615 0.042465 0.630343
0.129928 0.041868 0.631621
0.129378 0.042266 0.630662
0.127457 0.042869 0.630628
0.127277 0.042115 0.631340
0.127066 0.042740 0.632798
0.127331 0.041719 0.632886
0.126607 0.042375 0.632490
0.126412 0.042137 0.632993
0.126114 0.042794 0.633698
0.126100 0.041779 0.634446
0.125433 0.042378 0.634557
0.124368 0.043525 0.633968
0.125288 0.041701 0.634260
0.124434 0.042488 0.635281
0.124817 0.041956 0.635697
0.123680 0.041511 0.635328
0.123006 0.042954 0.635966
0.122413 0.043038 0.636449
0.121688 0.043742 0.635939
0.122928 0.042341 0.636356
0.121575 0.042485 0.636371
0.120457 0.046651 0.563026
0.121906 0.045489 0.563088
0.122617 0.046404 0.564499
0.123025 0.046193 0.563542
0.123417 0.044905 0.564414
0.123315 0.046101 0.564050
0.123697 0.045978 0.563975
0.123992 0.045351 0.565317
0.124965 0.045943 0.565136
0.124162 0.045802 0.565490
0.125718 0.045647 0.566161
0.125964 0.045834 0.566251
0.126294 0.045343 0.565788
0.127065 0.045363 0.567165
0.127180 0.045380 0.566920
0.127615 0.044982 0.567636
0.127840 0.045742 0.567922
0.127699 0.045394 0.568993
0.128664 0.046390 0.569322
0.128687 0.046110 0.568799
0.129298 0.045746 0.569619
0.129653 0.045820 0.569760
0.130080 0.045004 0.570126
0.130728 0.046470 0.569788
0.129908 0.045565 0.571184
0.130697 0.046459 0.570075
0.131846 0.046007 0.571220
0.132159 0.044617 0.571401
0.130536 0.046538 0.571147
0.132170 0.045892 0.571937
0.133952 0.045507 0.572840
0.133775 0.046302 0.573074
0.133525 0.046586 0.573325
0.133109 0.046572 0.573526
0.133296 0.045853 0.573300
0.133478 0.046749 0.574614
0.134548 0.045918 0.574785
0.134466 0.046514 0.575539
0.134896 0.046122 0.575784
0.135433 0.046442 0.576913
0.136011 0.045676 0.577070
0.136374 0.045747 0.577234
0.136071 0.045489 0.577186
0.136187 0.046115 0.577973
0.137089 0.045373 0.578590
0.137079 0.045884 0.579700
0.137790 0.046391 0.578963
0.137159 0.045709 0.579363
0.138072 0.045876 0.579793
0.137301 0.046189 0.580203
0.138583 0.045712 0.580736
0.138526 0.045676 0.581152
0.138961 0.046041 0.581991
0.139185 0.046315 0.582314
0.138255 0.045935 0.582432
0.138571 0.046052 0.583305
0.138840 0.046125 0.583427
0.138962 0.045634 0.584527
0.140395 0.046082 0.585130
0.140282 0.045998 0.584985
0.139950 0.045868 0.585368
0.140791 0.045904 0.586231
0.140025 0.045945 0.586905
0.141516 0.046097 0.587853
0.140818 0.046292 0.587819
0.141334 0.045505 0.587801
0.140783 0.046128 0.587264
0.141079 0.045336 0.589062
0.141466 0.045920 0.589863
0.141464 0.046639 0.589596
0.140964 0.045751 0.590137
0.140813 0.046032 0.591042
0.141661 0.045334 0.591609
0.140895 0.045296 0.591125
0.141837 0.046139 0.592556
0.141816 0.045661 0.593200
0.141800 0.045823 0.593546
0.141899 0.045860 0.593815
0.141926 0.045464 0.593941
0.142575 0.045271 0.594450
0.142454 0.046429 0.595316
0.142063 0.045541 0.595838
0.142385 0.045865 0.596174
0.142890 0.045763 0.597193
0.143595 0.045963 0.597539
0.143063 0.045929 0.597632
0.142448 0.045053 0.598487
0.142901 0.045350 0.599068
0.142324 0.045479 0.599134
0.142399 0.046210 0.599830
0.143373 0.046717 0.600723
0.141428 0.046082 0.600322
0.141436 0.046436 0.601376
0.141961 0.045910 0.601609
0.141883 0.045604 0.601982
0.142276 0.045913 0.602040
0.142956 0.046514 0.603811
0.141981 0.046611 0.603351
0.141916 0.046471 0.603882
0.141741 0.046470 0.605150
0.142694 0.046234 0.605405
0.141729 0.045031 0.606397
0.141662 0.045690 0.606723
0.141901 0.045144 0.606053
0.141708 0.045186 0.606767
0.141985 0.045651 0.607681
0.142035 0.045958 0.607683
0.141678 0.046346 0.608518
0.142257 0.046260 0.608881
0.141972 0.045338 0.609054
0.141568 0.045955 0.609270
0.140852 0.045606 0.611079
0.140480 0.045734 0.610536
0.141209 0.046703 0.611687
0.141519 0.046424 0.611570
0.140833 0.045650 0.612004
0.140776 0.045608 0.613049
0.139791 0.046216 0.614295
0.140716 0.045557 0.613515
0.140019 0.045036 0.614100
0.139901 0.045263 0.615101
0.138868 0.046503 0.615154
0.140229 0.046163 0.615618
0.139188 0.046326 0.616176
0.138988 0.045864 0.616760
0.138899 0.046038 0.617008
0.139024 0.046452 0.617656
0.138740 0.046396 0.618804
0.138434 0.046550 0.618909
0.137730 0.046006 0.619612
0.136801 0.046107 0.619365
0.137298 0.046489 0.619473
0.137117 0.045747 0.620658
0.136883 0.045553 0.619739
0.136645 0.045888 0.621295
0.136755 0.046455 0.622185
0.136519 0.045038 0.622376
0.134750 0.044930 0.622093
0.135265 0.045701 0.622523
0.135929 0.045143 0.623004
0.135305 0.045334 0.624056
0.134997 0.046206 0.624316
0.134131 0.044772 0.624214
0.134667 0.045832 0.624454
0.134624 0.046098 0.625994
0.134352 0.046079 0.625472
0.133521 0.045965 0.625613
0.133774 0.046025 0.626502
0.133518 0.046078 0.627754
0.131933 0.045532 0.627403
0.132776 0.045269 0.627792
0.131590 0.045465 0.627922
0.131911 0.046341 0.628500
0.131504 0.044771 0.628636
0.131119 0.045739 0.628893
0.131165 0.046771 0.629453
0.130389 0.045846 0.629530
0.128076 0.045881 0.629926
0.128998 0.046352 0.630197
0.128558 0.046269 0.630077
0.128647 0.045556 0.631204
0.129180 0.045691 0.632402
0.128245 0.045617 0.631841
0.128562 0.045891 0.631909
0.128084 0.045006 0.632867
0.126225 0.046008 0.632902
0.126609 0.045860 0.633975
0.126337 0.046155 0.634229
0.125072 0.045454 0.633386
0.124936 0.045448 0.634865
0.125222 0.045943 0.635760
0.125446 0.045947 0.634054
0.124258 0.046024 0.635536
0.123386 0.046510 0.634463
0.122983 0.045901 0.635786
0.123500 0.045785 0.635269
0.122197 0.045495 0.636662
0.122027 0.045417 0.635862
0.121475 0.046462 0.636612
0.121318 0.045463 0.637209
0.121351 0.049192 0.563438
0.121558 0.049276 0.562820
0.122171 0.048890 0.564059
0.122967 0.049238 0.564044
0.122301 0.048504 0.564119
0.123155 0.049113 0.564891
0.124797 0.049386 0.564992
0.124660 0.049431 0.564627
0.125187 0.049838 0.565851
0.125802 0.049941 0.564998
0.125159 0.049997 0.565637
0.125727 0.048052 0.566025
0.126205 0.049270 0.566244
0.127822 0.048703 0.566826
0.126819 0.047924 0.566735
0.127924 0.048021 0.567417
0.127806 0.050033 0.566830
0.128093 0.049162 0.566846
0.127953 0.049241 0.568714
0.128097 0.049321 0.568581
0.129051 0.050151 0.568088
0.130294 0.049319 0.571154
0.130338 0.048251 0.569717
0.131200 0.048768 0.570438
0.131163 0.049480 0.571828
0.131951 0.049352 0.571685
0.130414 0.048811 0.571279
0.132423 0.049358 0.572243
0.131762 0.048232 0.572313
0.132655 0.049737 0.572391
0.132057 0.049218 0.572525
0.132941 0.049244 0.573142
0.132895 0.049105 0.574250
0.133292 0.049115 0.574328
0.133749 0.049394 0.574292
0.133620 0.049528 0.574533
0.133838 0.049315 0.575015
0.134648 0.049561 0.576407
0.134677 0.048792 0.576701
0.134990 0.048887 0.576720
0.134320 0.049419 0.577763
0.136246 0.049899 0.577359
0.135014 0.048338 0.577148
0.136162 0.049715 0.578251
0.136379 0.049591 0.578868
0.137514 0.048916 0.579571
0.137766 0.049482 0.579495
0.137045 0.049207 0.578961
0.137282 0.049305 0.580113
0.137562 0.049490 0.581016
0.137951 0.049771 0.580934
0.138729 0.050156 0.581420
0.139368 0.049785 0.581692
0.138838 0.048900 0.581602
0.138705 0.048631 0.582629
0.138252 0.050234 0.583527
0.139090 0.048854 0.583731
0.139245 0.048547 0.584651
0.140148 0.050412 0.584380
0.140286 0.048753 0.584609
0.139747 0.049224 0.585638
0.139807 0.047975 0.586347
0.139856 0.049340 0.587665
0.140200 0.049472 0.586559
0.140291 0.050086 0.587239
0.141356 0.049331 0.587909
0.141979 0.049002 0.588039
0.140602 0.049587 0.588159
0.140838 0.049613 0.589185
0.141147 0.049633 0.589865
0.141192 0.048955 0.590336
0.142353 0.049073 0.590827
0.141830 0.050335 0.591605
0.140729 0.047952 0.591424
0.142083 0.048257 0.591990
0.141324 0.049675 0.593196
0.142718 0.049317 0.593886
0.141484 0.049387 0.594202
0.141617 0.049200 0.594423
0.141596 0.049715 0.593481
0.142548 0.048946 0.594812
0.142416 0.047891 0.596086
0.142655 0.048187 0.596383
0.142320 0.049391 0.597427
0.143089 0.049099 0.597751
0.142823 0.048513 0.598115
0.142756 0.049746 0.598283
0.142257 0.049818 0.598912
0.141846 0.049704 0.599301
0.141821 0.049497 0.598681
0.142867 0.049083 0.600436
0.142129 0.048967 0.600733
0.142337 0.048906 0.601994
0.142884 0.049586 0.601382
0.142730 0.049014 0.602445
0.142661 0.049722 0.602470
0.141600 0.049494 0.603706
0.142313 0.049668 0.604271
0.143305 0.049517 0.604024
0.142202 0.049569 0.604579
0.142204 0.048829 0.606360
0.141057 0.049927 0.605423
0.142153 0.049767 0.605350
0.142148 0.049303 0.607753
0.142116 0.049468 0.607432
0.140366 0.049119 0.607372
0.142372 0.049053 0.607941
0.141352 0.050209 0.607359
0.141529 0.048784 0.609261
0.140888 0.048970 0.609569
0.141629 0.049671 0.609863
0.142072 0.049034 0.609825
0.140224 0.048899 0.610813
0.141287 0.050220 0.612828
0.140124 0.049208 0.611652
0.141532 0.049361 0.612657
0.140727 0.049339 0.613669
0.140679 0.048733 0.612636
0.140473 0.048602 0.613519
0.139585 0.049211 0.614768
0.139970 0.049427 0.615148
0.139286 0.049790 0.615726
0.139530 0.049551 0.616605
0.138783 0.048677 0.615962
0.139401 0.049904 0.616710
0.138769 0.048974 0.617304
0.138374 0.049359 0.618003
0.138990 0.050167 0.618148
0.137793 0.049779 0.619548
0.137780 0.048216 0.618162
0.137602 0.049320 0.619557
0.136559 0.049491 0.618852
0.138339 0.048910 0.620513
0.137218 0.050186 0.620292
0.137200 0.049458 0.621996
0.136204 0.049701 0.621641
0.136728 0.049666 0.621603
0.136746 0.050169 0.621936
0.135949 0.049715 0.622866
0.135242 0.050336 0.622964
0.135946 0.048961 0.623882
0.134058 0.049147 0.624074
0.134193 0.049879 0.624801
0.134500 0.048684 0.625228
0.134314 0.049009 0.625767
0.133376 0.049450 0.624969
0.133581 0.048470 0.625665
0.132677 0.049723 0.625768
0.132548 0.048976 0.627235
0.132344 0.049474 0.627514
0.132621 0.048134 0.627757
0.131829 0.048843 0.627937
0.131487 0.048782 0.627675
0.131341 0.048702 0.627760
0.131213 0.049616 0.628805
0.131233 0.050001 0.630856
0.130446 0.049199 0.629215
0.130266 0.049384 0.630725
0.129622 0.049149 0.630901
0.128446 0.048157 0.631016
0.129047 0.048830 0.632105
0.128460 0.049912 0.631300
0.127880 0.049844 0.632289
0.127163 0.049745 0.632424
0.127653 0.049989 0.631990
0.126079 0.049363 0.632950
0.125993 0.049575 0.632623
0.126269 0.048301 0.633384
0.125953 0.049798 0.633665
0.125307 0.048366 0.633390
0.124127 0.049375 0.635180
0.125354 0.048657 0.634674
0.123822 0.049293 0.634669
0.124571 0.048556 0.635856
0.123037 0.049330 0.634933
0.122210 0.049876 0.635552
0.122520 0.049570 0.636044
0.122481 0.049161 0.636565
0.121495 0.049132 0.636861
0.121330 0.049196 0.636800
0.121725 0.052825 0.563663
0.121214 0.052582 0.563366
0.122317 0.052222 0.563005
0.121569 0.052442 0.563644
0.123998 0.053073 0.564667
0.123264 0.052521 0.563813
0.123982 0.053575 0.564354
0.124212 0.052404 0.564928
0.124410 0.052250 0.564318
0.124469 0.052483 0.565447
0.124549 0.052058 0.565367
0.126605 0.052923 0.565838
0.126418 0.052419 0.566460
0.126767 0.052685 0.566338
0.126725 0.052601 0.567111
0.127043 0.053784 0.568614
0.127932 0.052681 0.567947
0.127878 0.052751 0.567495
0.128030 0.052286 0.568296
0.128424 0.052806 0.568750
0.128773 0.052778 0.569089
0.129747 0.053694 0.570546
0.129982 0.051908 0.570028
0.130334 0.052803 0.569798
0.130213 0.052316 0.570251
0.130363 0.053347 0.570237
0.130016 0.052914 0.571495
0.131717 0.052806 0.571866
0.131332 0.052867 0.571544
0.132903 0.052653 0.572098
0.133426 0.052629 0.572821
0.133006 0.051972 0.573364
0.132967 0.052497 0.574197
0.133707 0.052075 0.574357
0.134349 0.052497 0.574071
0.135174 0.052612 0.574045
0.134529 0.052601 0.574555
0.134673 0.052208 0.576165
0.134834 0.052008 0.575390
0.135575 0.052214 0.576565
0.135332 0.052596 0.575995
0.135341 0.052523 0.576167
0.136342 0.052771 0.577221
0.136080 0.051731 0.577799
0.136496 0.053054 0.578130
0.136660 0.051187 0.578816
0.137675 0.052247 0.578605
0.138247 0.053513 0.580519
0.137098 0.052442 0.580057
0.138306 0.052706 0.580864
0.137036 0.052411 0.580660
0.138281 0.053485 0.581730
0.138882 0.052706 0.581643
0.138519 0.052021 0.583165
0.138570 0.052888 0.583051
0.139549 0.052653 0.583268
0.138722 0.053103 0.583820
0.139293 0.052339 0.584016
0.139160 0.052351 0.585498
0.139782 0.052729 0.585158
0.140304 0.053683 0.585931
0.140583 0.052600 0.585794
0.140709 0.052566 0.586012
0.139948 0.053864 0.587811
0.142141 0.053086 0.588550
0.140936 0.052646 0.588286
0.141157 0.052362 0.588808
0.141191 0.051606 0.588633
0.140604 0.052927 0.590197
0.141786 0.052209 0.589691
0.140610 0.052994 0.589722
0.142114 0.052404 0.590470
0.141128 0.053254 0.590264
0.142240 0.052317 0.591469
0.141486 0.052991 0.592603
0.140916 0.052565 0.593218
0.141652 0.052984 0.593328
0.143048 0.053039 0.593408
0.141050 0.052664 0.594117
0.141154 0.052760 0.594588
0.141285 0.051856 0.595605
0.142698 0.052786 0.595330
0.142184 0.051750 0.595679
0.141507 0.051949 0.595563
0.143376 0.052749 0.597238
0.142091 0.052569 0.597715
0.142002 0.052248 0.598326
0.141492 0.052098 0.599033
0.142681 0.052064 0.598730
0.142066 0.052324 0.599651
0.142534 0.052358 0.601154
0.143159 0.051915 0.601090
0.141644 0.051992 0.601261
0.143348 0.052611 0.601835
0.142202 0.052687 0.602454
0.142953 0.053589 0.602477
0.143086 0.052118 0.604069
0.143023 0.052219 0.603381
0.141967 0.051954 0.604434
0.142570 0.052103 0.604662
0.141845 0.052724 0.605520
0.142473 0.051897 0.605596
0.141936 0.053579 0.605474
0.141050 0.052424 0.606157
0.142305 0.052184 0.607682
0.141659 0.052302 0.607373
0.141524 0.052133 0.608858
0.142110 0.052631 0.609508
0.140133 0.052812 0.608809
0.141065 0.052944 0.609506
0.140792 0.053623 0.611267
0.142308 0.052163 0.610714
0.141207 0.052305 0.611674
0.141332 0.051995 0.611011
0.140803 0.052251 0.611731
0.141407 0.052384 0.612751
0.140196 0.052832 0.612969
0.139924 0.052373 0.613443
0.139660 0.051706 0.613908
0.140149 0.052846 0.614187
0.139221 0.053059 0.614068
0.140542 0.052866 0.615956
0.139351 0.052413 0.615617
0.139484 0.052805 0.615931
0.138878 0.051970 0.616967
0.138658 0.052320 0.617165
0.139276 0.053396 0.617101
0.138955 0.051751 0.618303
0.137070 0.052322 0.619755
0.137642 0.053433 0.618486
0.138018 0.052221 0.619939
0.137892 0.052613 0.619871
0.137592 0.052734 0.619982
0.137457 0.052327 0.620665
0.136253 0.053301 0.621573
0.136045 0.052442 0.621443
0.136008 0.052413 0.621885
0.135394 0.053166 0.623071
0.135265 0.052963 0.622794
0.135461 0.052887 0.623229
0.136200 0.052511 0.623731
0.134772 0.052635 0.623883
0.133989 0.051865 0.624100
0.134214 0.052651 0.625236
0.134699 0.052531 0.624293
0.133205 0.053119 0.626147
0.133225 0.051846 0.625803
0.132858 0.052220 0.626876
0.132837 0.052314 0.626665
0.132878 0.052873 0.626967
0.133315 0.053141 0.627719
0.131687 0.053096 0.628728
0.131962 0.052996 0.628969
0.131840 0.052395 0.628004
0.131191 0.052480 0.629296
0.130679 0.053247 0.629551
0.130246 0.052474 0.629866
0.129362 0.053268 0.630207
0.129597 0.052425 0.630329
0.128383 0.053584 0.631065
0.129171 0.053920 0.631615
0.129085 0.052462 0.631565
0.128853 0.052826 0.631933
0.127551 0.051810 0.632345
0.127834 0.052282 0.633213
0.125982 0.052227 0.632996
0.126715 0.052565 0.633128
0.125778 0.052387 0.633246
0.124453 0.052036 0.634048
0.125742 0.052644 0.634577
0.124251 0.052281 0.634171
0.123968 0.052115 0.634368
0.123547 0.052660 0.634534
0.124436 0.052526 0.635106
0.123651 0.053112 0.635601
0.122524 0.052387 0.635838
0.122754 0.053145 0.635705
0.121926 0.052457 0.635439
0.121089 0.053046 0.636663
0.121328 0.052251 0.637134
0.121110 0.055336 0.563904
0.120896 0.057079 0.563164
0.121987 0.055369 0.563972
0.122309 0.057275 0.563094
0.122841 0.056041 0.564625
0.123704 0.056330 0.565087
0.122545 0.055532 0.564706
0.124236 0.056959 0.564851
0.124174 0.056410 0.565569
0.124852 0.055661 0.566278
0.126077 0.055944 0.565365
0.125596 0.056324 0.566055
0.126265 0.056290 0.565672
0.126530 0.056952 0.567019
0.127133 0.055595 0.568195
0.126860 0.054856 0.567286
0.127164 0.055136 0.567777
0.127675 0.056419 0.568277
0.127160 0.055984 0.568600
0.129671 0.055287 0.569147
0.129102 0.056727 0.568919
0.129320 0.055848 0.569795
0.129879 0.054837 0.569594
0.129945 0.055791 0.571305
0.131929 0.056072 0.570576
0.130661 0.055587 0.571764
0.130924 0.056208 0.570382
0.131344 0.055820 0.571621
0.133024 0.055021 0.571540
0.132297 0.056543 0.572529
0.132500 0.055707 0.572043
0.132468 0.055477 0.573864
0.133588 0.055805 0.573011
0.133773 0.055230 0.574002
0.133497 0.056237 0.573272
0.134178 0.057075 0.574245
0.134356 0.056413 0.574802
0.135348 0.055896 0.575188
0.134428 0.055925 0.575723
0.134510 0.056563 0.576251
0.136154 0.056488 0.576297
0.135558 0.055098 0.577134
0.136585 0.055860 0.577201
0.136879 0.056523 0.577326
0.136598 0.055889 0.578601
0.136099 0.056363 0.578911
0.137417 0.055305 0.579128
0.137559 0.056436 0.580008
0.137524 0.055942 0.580486
0.137423 0.056176 0.580386
0.138017 0.056160 0.581635
0.138675 0.055482 0.580797
0.138187 0.055126 0.582062
0.137190 0.055345 0.582150
0.138517 0.056135 0.583401
0.140045 0.056085 0.583791
0.138623 0.055639 0.583470
0.140496 0.056222 0.583926
0.139451 0.056199 0.584111
0.140470 0.055631 0.585331
0.139704 0.056182 0.584956
0.140081 0.056157 0.586303
0.139779 0.056209 0.586466
0.140810 0.056117 0.586548
0.141560 0.055865 0.588601
0.140521 0.055616 0.587431
0.139968 0.055745 0.587318
0.141082 0.055740 0.588643
0.141722 0.055116 0.588653
0.141328 0.055099 0.589955
0.141265 0.055669 0.589744
0.141352 0.056553 0.590925
0.141438 0.055883 0.591219
0.141746 0.055792 0.591491
0.141267 0.056415 0.591938
0.141712 0.055625 0.592967
0.142027 0.055403 0.593455
0.141517 0.055478 0.593589
0.142401 0.056113 0.593857
0.141457 0.056141 0.594573
0.142189 0.055639 0.595644
0.141786 0.055562 0.595789
0.142758 0.055197 0.596553
0.142982 0.056771 0.597171
0.142207 0.055548 0.597932
0.142366 0.056039 0.598809
0.142362 0.055697 0.598609
0.142922 0.055842 0.599068
0.143202 0.055572 0.599071
0.142278 0.056100 0.599474
0.141947 0.056499 0.600046
0.141686 0.056050 0.600794
0.142802 0.057079 0.601236
0.142281 0.055586 0.600964
0.142637 0.056182 0.602542
0.141647 0.055852 0.603499
0.142240 0.056853 0.603892
0.141642 0.055805 0.603863
0.142414 0.056229 0.603727
0.142149 0.055677 0.605496
0.141956 0.056372 0.605036
0.142280 0.057008 0.605710
0.141687 0.055038 0.606285
0.142033 0.055678 0.607011
0.141805 0.056670 0.606837
0.143029 0.055251 0.606795
0.141797 0.056659 0.608689
0.142068 0.056828 0.608726
0.140514 0.055980 0.609158
0.141697 0.054969 0.610221
0.141533 0.056280 0.609939
0.142121 0.055304 0.610967
0.140754 0.056602 0.610809
0.141328 0.056006 0.611042
0.141499 0.056193 0.612344
0.140148 0.056135 0.612235
0.139933 0.055291 0.612124
0.140791 0.056241 0.613747
0.139708 0.056345 0.614155
0.139730 0.056327 0.615005
0.139393 0.056044 0.615202
0.139254 0.055364 0.615646
0.138947 0.056878 0.616141
0.139412 0.056165 0.614969
0.139752 0.055383 0.617327
0.139472 0.055657 0.617455
0.139399 0.055979 0.616749
0.138411 0.055338 0.617439
0.138060 0.056159 0.617287
0.138246 0.054908 0.618472
0.138443 0.056164 0.618827
0.137741 0.055199 0.619653
0.136763 0.056253 0.619518
0.137467 0.055539 0.621087
0.136595 0.055571 0.620772
0.136342 0.055570 0.621043
0.136369 0.054947 0.621146
0.135860 0.056053 0.622085
0.135984 0.056049 0.623105
0.135287 0.056721 0.623030
0.134212 0.056277 0.624037
0.134295 0.055436 0.623951
0.134848 0.056597 0.624702
0.134420 0.056608 0.625233
0.134651 0.056194 0.625924
0.133422 0.055921 0.625536
0.133971 0.054839 0.626291
0.133093 0.055779 0.626392
0.132916 0.056140 0.627049
0.132912 0.056809 0.627496
0.132418 0.056300 0.628252
0.131913 0.056098 0.627673
0.130913 0.055447 0.629058
0.130416 0.056550 0.628438
0.131326 0.055234 0.628648
0.131047 0.055578 0.630045
0.130322 0.057099 0.629624
0.129357 0.056526 0.629255
0.130337 0.056074 0.630159
0.129604 0.055708 0.630777
0.128025 0.055026 0.631766
0.128478 0.056125 0.631963
0.127432 0.056278 0.631790
0.127923 0.056195 0.632520
0.127871 0.056738 0.632454
0.126928 0.056042 0.633342
0.126800 0.055588 0.632972
0.126242 0.055915 0.632473
0.126266 0.055553 0.633698
0.125091 0.055208 0.633674
0.125933 0.056215 0.634494
0.125514 0.055073 0.633689
0.123910 0.056670 0.634310
0.124061 0.056006 0.634569
0.123496 0.055055 0.634501
0.122283 0.055975 0.636063
0.121946 0.056501 0.636246
0.122052 0.055899 0.635057
0.122315 0.055762 0.636928
0.121443 0.055570 0.636397
0.120354 0.059504 0.563186
0.122196 0.058035 0.563009
0.122467 0.058045 0.563434
0.121959 0.059103 0.564436
0.122759 0.059508 0.563398
0.122811 0.059111 0.564188
0.123260 0.059275 0.564302
0.123494 0.059784 0.564904
0.124339 0.058615 0.565818
0.124636 0.059487 0.565535
0.124988 0.059744 0.565236
0.126124 0.059566 0.567435
0.126775 0.059123 0.565839
0.126454 0.058631 0.567406
0.126839 0.059723 0.566791
0.127607 0.059872 0.567370
0.127912 0.059831 0.567969
0.128175 0.059164 0.568499
0.128315 0.059659 0.568257
0.128770 0.059876 0.569241
0.129008 0.059372 0.569443
0.130568 0.059383 0.570023
0.130134 0.059430 0.570451
0.130812 0.059198 0.569964
0.131003 0.059812 0.571452
0.131032 0.059772 0.570863
0.130792 0.058817 0.570503
0.131227 0.058781 0.571595
0.132768 0.059465 0.571954
0.132150 0.059194 0.572725
0.131658 0.060262 0.572366
0.132552 0.058644 0.572886
0.133810 0.059239 0.573993
0.133664 0.059323 0.574163
0.134318 0.060088 0.574565
0.133903 0.059808 0.575522
0.134686 0.059381 0.575404
0.134550 0.059414 0.575482
0.135302 0.059726 0.575467
0.135662 0.058935 0.575389
0.135250 0.059173 0.577356
0.134318 0.060307 0.576563
0.136425 0.059249 0.576919
0.136367 0.059474 0.577163
0.136700 0.059785 0.578356
0.137185 0.058933 0.579222
0.136859 0.059450 0.579838
0.136868 0.059945 0.580025
0.137217 0.059384 0.579866
0.137094 0.059303 0.580479
0.138649 0.060352 0.581155
0.138668 0.060283 0.581993
0.138266 0.059640 0.582180
0.139052 0.059825 0.582963
0.138975 0.059357 0.583187
0.139543 0.059550 0.583173
0.139742 0.058650 0.584032
0.138961 0.059303 0.583894
0.138973 0.058900 0.585017
0.140226 0.058455 0.584631
0.139873 0.059474 0.586501
0.140014 0.058238 0.586649
0.140677 0.060167 0.586331
0.140204 0.058979 0.586285
0.140339 0.059176 0.588505
0.140932 0.058291 0.588360
0.140897 0.059507 0.588149
0.140464 0.059626 0.588913
0.142137 0.059838 0.589865
0.141715 0.059954 0.589853
0.141765 0.058938 0.590062
0.141625 0.059187 0.590277
0.141229 0.060094 0.591290
0.141836 0.059358 0.591394
0.140895 0.059299 0.592824
0.141945 0.059021 0.592222
0.141622 0.058402 0.593227
0.142210 0.059483 0.593295
0.142661 0.058557 0.594353
0.142374 0.059641 0.594098
0.142288 0.059814 0.595352
0.141667 0.059405 0.596722
0.143032 0.058602 0.596854
0.142887 0.059957 0.596303
0.142586 0.059507 0.597247
0.142370 0.060237 0.598142
0.142757 0.059738 0.597655
0.142063 0.059767 0.598419
0.142871 0.059324 0.599209
0.143156 0.058401 0.599396
0.142169 0.060309 0.600928
0.142563 0.059884 0.601011
0.142403 0.059371 0.600817
0.142791 0.059520 0.601322
0.143177 0.059772 0.602943
0.141630 0.059102 0.602492
0.142830 0.058472 0.602968
0.141905 0.059271 0.603753
0.141918 0.059905 0.603484
0.141887 0.060269 0.604498
0.141428 0.058802 0.604675
0.142864 0.059441 0.606729
0.142341 0.059455 0.605582
0.142483 0.059341 0.606992
0.142386 0.059024 0.607538
0.141825 0.058956 0.607033
0.141674 0.060067 0.608783
0.140588 0.059434 0.609109
0.141325 0.058812 0.608897
0.140071 0.058471 0.609727
0.141269 0.058865 0.610515
0.140904 0.059210 0.610439
0.140766 0.059130 0.610677
0.141232 0.060290 0.611406
0.141447 0.059643 0.612721
0.140323 0.058920 0.612050
0.140481 0.059515 0.612577
0.141213 0.059917 0.613731
0.140425 0.059579 0.614075
0.139800 0.058910 0.613901
0.140277 0.059434 0.614180
0.140239 0.059005 0.615859
0.139708 0.058886 0.615347
0.139697 0.059105 0.616071
0.139239 0.059571 0.616882
0.139161 0.059376 0.616561
0.137691 0.059356 0.618171
0.138504 0.059891 0.618833
0.137220 0.058241 0.618835
0.137865 0.058997 0.619164
0.137483 0.060162 0.619752
0.137684 0.058613 0.620300
0.136732 0.059858 0.620874
0.137807 0.058592 0.621190
0.137176 0.059855 0.620686
0.137772 0.059949 0.621660
0.135965 0.058611 0.621729
0.135817 0.059990 0.621631
0.136621 0.059293 0.622926
0.135615 0.059036 0.623630
0.135309 0.058730 0.623693
0.135283 0.059554 0.623674
0.134859 0.058955 0.624458
0.135065 0.059233 0.624671
0.134324 0.059089 0.626539
0.133610 0.059423 0.625190
0.133092 0.059564 0.625431
0.132916 0.059507 0.626361
0.132160 0.059689 0.625971
0.132234 0.059167 0.627289
0.130818 0.059477 0.627284
0.132543 0.060065 0.627802
0.131168 0.059423 0.629390
0.131356 0.058492 0.628600
0.131274 0.059465 0.629297
0.130522 0.058841 0.629237
0.130556 0.059270 0.629971
0.130819 0.060268 0.630162
0.128756 0.059331 0.630410
0.129318 0.058780 0.631209
0.128467 0.060246 0.631385
0.129250 0.059471 0.631519
0.128462 0.059374 0.631513
0.127728 0.059452 0.632129
0.127697 0.058914 0.632819
0.125995 0.058374 0.632811
0.125920 0.059467 0.633348
0.126398 0.059330 0.633690
0.125778 0.059429 0.633612
0.126070 0.059494 0.633816
0.125637 0.059936 0.633613
0.124344 0.059382 0.634784
0.124177 0.058705 0.634917
0.123729 0.059429 0.636253
0.123417 0.058960 0.635210
0.124103 0.060075 0.635540
0.122570 0.059337 0.635846
0.121881 0.060216 0.636802
0.121984 0.059829 0.635335
0.121537 0.058667 0.637008
0.121017 0.062271 0.562831
0.122312 0.063085 0.563245
0.121764 0.062644 0.564401
0.122093 0.062690 0.564436
0.123167 0.062313 0.564824
0.123740 0.061846 0.564503
0.123969 0.063232 0.565318
0.124752 0.061847 0.565342
0.124564 0.062944 0.565315
0.124928 0.062783 0.565853
0.125706 0.063142 0.565143
0.125999 0.063559 0.566326
0.125367 0.062412 0.566414
0.126902 0.063614 0.566846
0.127218 0.062548 0.566862
0.126864 0.062546 0.568441
0.127983 0.062691 0.567631
0.128813 0.063154 0.569501
0.128029 0.061899 0.567964
0.129243 0.062468 0.568477
0.129250 0.062960 0.567894
0.130006 0.063267 0.569470
0.130587 0.062667 0.569460
0.129579 0.061351 0.570128
0.131113 0.062869 0.571628
0.131340 0.062365 0.571187
0.130608 0.063499 0.570592
0.131784 0.062989 0.570896
0.131853 0.062976 0.571663
0.132795 0.063885 0.572179
0.132777 0.062257 0.571973
0.132841 0.062308 0.572652
0.134185 0.061675 0.574049
0.133518 0.062417 0.573733
0.133663 0.063077 0.573701
0.134598 0.062839 0.575101
0.134177 0.063300 0.574386
0.134675 0.062330 0.575541
0.134515 0.062459 0.575664
0.135030 0.061858 0.576028
0.136049 0.062095 0.576025
0.134806 0.063146 0.576766
0.135937 0.062718 0.576783
0.136103 0.062513 0.578311
0.137298 0.062672 0.579179
0.136952 0.062450 0.578688
0.137948 0.063084 0.579182
0.137493 0.063581 0.580270
0.137789 0.062826 0.580124
0.137687 0.062850 0.580733
0.138480 0.063028 0.580636
0.137109 0.062700 0.581022
0.138521 0.062454 0.582585
0.138333 0.063008 0.582392
0.138334 0.063066 0.582460
0.139441 0.062608 0.583393
0.138787 0.063081 0.583471
0.139654 0.062387 0.584343
0.139027 0.062358 0.584298
0.140373 0.062560 0.585975
0.140865 0.062389 0.586521
0.139663 0.063410 0.585878
0.139979 0.062121 0.586296
0.139997 0.063288 0.587029
0.139617 0.062105 0.588241
0.140459 0.063130 0.588605
0.140202 0.062633 0.587822
0.141783 0.062728 0.589302
0.141113 0.061915 0.588479
0.141051 0.062481 0.589939
0.140714 0.062334 0.589789
0.142222 0.063537 0.590404
0.141808 0.061877 0.591364
0.141959 0.062557 0.592997
0.141325 0.061845 0.591763
0.142129 0.062420 0.593369
0.141719 0.062887 0.592528
0.142001 0.062502 0.593746
0.141732 0.062008 0.594630
0.141727 0.062614 0.595076
0.142780 0.062283 0.595255
0.141906 0.062815 0.596380
0.142829 0.062839 0.595740
0.142684 0.063279 0.595883
0.142247 0.062499 0.596821
0.143101 0.062802 0.597893
0.142765 0.062914 0.598344
0.142668 0.062466 0.598721
0.142476 0.062857 0.598921
0.142796 0.063221 0.600227
0.142104 0.062773 0.600646
0.142281 0.062155 0.601324
0.142213 0.062096 0.600831
0.142641 0.063269 0.601718
0.143194 0.063067 0.601421
0.142610 0.062292 0.602051
0.142771 0.062662 0.602989
0.142362 0.062704 0.603325
0.142372 0.061906 0.604268
0.142669 0.063080 0.604639
0.141417 0.062840 0.604951
0.142103 0.062919 0.606614
0.142132 0.062292 0.606273
0.141801 0.062172 0.606521
0.142385 0.062446 0.607544
0.141975 0.062748 0.608309
0.141673 0.062573 0.608346
0.141633 0.062585 0.608331
0.141570 0.062808 0.609556
0.141613 0.062308 0.609302
0.140867 0.061509 0.609472
0.141931 0.063166 0.611007
0.140787 0.063313 0.610142
0.140807 0.062955 0.611767
0.139813 0.062741 0.611981
0.141170 0.063063 0.611629
0.140856 0.063860 0.611816
0.140492 0.062405 0.613237
0.140660 0.061599 0.613160
0.140003 0.062293 0.615472
0.139260 0.062762 0.614512
0.139597 0.062520 0.615879
0.138427 0.062250 0.615790
0.139214 0.062953 0.616209
0.139957 0.062308 0.616387
0.139393 0.061667 0.616848
0.139409 0.061892 0.617015
0.137836 0.062726 0.618094
0.138771 0.062664 0.619142
0.138022 0.062949 0.618374
0.137570 0.062575 0.619307
0.138014 0.062587 0.620422
0.138047 0.062641 0.619823
0.137567 0.062497 0.620823
0.136523 0.062520 0.620568
0.137777 0.062810 0.621053
0.135859 0.062833 0.621887
0.136147 0.062285 0.622169
0.135223 0.062920 0.622884
0.134981 0.063527 0.623453
0.135527 0.062530 0.623777
0.134787 0.062733 0.624409
0.135295 0.062077 0.624682
0.134269 0.063316 0.624073
0.133960 0.062813 0.625397
0.133919 0.062263 0.626034
0.134401 0.061296 0.626318
0.133478 0.062844 0.627050
0.133572 0.062990 0.626407
0.132392 0.061922 0.627710
0.132364 0.063505 0.628105
0.132119 0.062162 0.628760
0.131454 0.062574 0.629027
0.130859 0.063189 0.629186
0.130484 0.063230 0.628823
0.129416 0.062482 0.629972
0.130927 0.063570 0.630041
0.130011 0.063158 0.630416
0.129278 0.063285 0.629866
0.130231 0.062099 0.630774
0.129861 0.062083 0.631955
0.128613 0.062618 0.630905
0.128445 0.062455 0.631857
0.127760 0.061760 0.631801
0.126904 0.062871 0.632686
0.127055 0.062336 0.632676
0.126205 0.061691 0.634043
0.126575 0.062541 0.634524
0.125978 0.063307 0.633888
0.126384 0.061978 0.633138
0.124444 0.061889 0.634232
0.124894 0.062560 0.634002
0.124448 0.062608 0.635375
0.123335 0.062542 0.635704
0.123628 0.063896 0.635284
0.123135 0.063366 0.635498
0.121252 0.062664 0.636564
0.122436 0.063306 0.635605
0.121507 0.063875 0.636355
0.121255 0.062638 0.635625
0.121015 0.065570 0.563473
0.121755 0.065794 0.563391
0.122606 0.065334 0.563658
0.122917 0.066065 0.563502
0.122596 0.065686 0.563766
0.123390 0.066732 0.565247
0.124213 0.066465 0.564378
0.124976 0.065618 0.564992
0.124587 0.066415 0.565387
0.124776 0.066175 0.565955
0.125241 0.067464 0.565460
0.125720 0.065121 0.566358
0.126440 0.067205 0.565712
0.127470 0.066804 0.567449
0.127948 0.065929 0.566305
0.126928 0.065290 0.567907
0.127443 0.066501 0.568038
0.128053 0.066371 0.568358
0.128632 0.064632 0.568143
0.127863 0.065506 0.568980
0.129180 0.065623 0.569186
0.129011 0.066769 0.569071
0.130155 0.065617 0.569738
0.130033 0.066606 0.570446
0.131036 0.066357 0.570040
0.130211 0.066716 0.571413
0.131020 0.066056 0.571127
0.132338 0.065847 0.572495
0.132585 0.065879 0.571356
0.131470 0.066235 0.572174
0.131788 0.065989 0.573338
0.133328 0.066777 0.572692
0.133096 0.066190 0.573606
0.132597 0.066278 0.573426
0.134225 0.066804 0.573870
0.134580 0.066470 0.573934
0.133865 0.065621 0.575054
0.135250 0.065168 0.576375
0.135824 0.066308 0.575342
0.134715 0.065785 0.576152
0.135209 0.066036 0.575984
0.136211 0.065163 0.577359
0.136560 0.066503 0.578246
0.136173 0.066551 0.577919
0.137011 0.065602 0.578311
0.136667 0.065880 0.578446
0.137169 0.065928 0.580273
0.137863 0.065962 0.579243
0.137536 0.065956 0.580810
0.138162 0.066213 0.580942
0.137610 0.065880 0.582137
0.138110 0.065669 0.580811
0.138599 0.066681 0.581873
0.137975 0.065885 0.582154
0.138343 0.066866 0.583211
0.139773 0.066124 0.583373
0.139692 0.066976 0.583495
0.139206 0.065874 0.584567
0.140273 0.065737 0.585168
0.139574 0.065722 0.584713
0.139814 0.065555 0.585578
0.139622 0.066243 0.585974
0.139789 0.067153 0.585953
0.139879 0.065374 0.587082
0.140489 0.066520 0.587730
0.140960 0.065830 0.588165
0.141489 0.066969 0.587981
0.141301 0.065938 0.589522
0.140505 0.066446 0.589266
0.141673 0.066636 0.589531
0.141876 0.066286 0.589994
0.141147 0.066658 0.591083
0.141349 0.066194 0.591543
0.141788 0.066432 0.593136
0.141495 0.065342 0.591792
0.142158 0.066329 0.592652
0.142817 0.066534 0.592608
0.142044 0.065374 0.593671
0.141776 0.065624 0.594090
0.142103 0.066647 0.594144
0.142441 0.065925 0.595615
0.141694 0.066139 0.595651
0.141563 0.065720 0.597073
0.143082 0.065399 0.596326
0.140929 0.065406 0.597315
0.142575 0.065559 0.597678
0.141934 0.066162 0.598309
0.141959 0.065716 0.599534
0.141803 0.065685 0.599260
0.141894 0.065986 0.600145
0.142161 0.066572 0.600621
0.141700 0.066838 0.600392
0.142853 0.065688 0.601347
0.142962 0.065604 0.601563
0.141692 0.065891 0.601866
0.142451 0.065929 0.601848
0.142614 0.065743 0.603939
0.142356 0.066125 0.603432
0.142813 0.066528 0.603817
0.141573 0.065569 0.605458
0.141615 0.066313 0.605542
0.142396 0.065057 0.605373
0.142513 0.065703 0.606610
0.142183 0.065421 0.606715
0.142341 0.066602 0.606806
0.141310 0.065451 0.607965
0.142165 0.066357 0.608612
0.141981 0.066355 0.608293
0.141611 0.066821 0.609344
0.140504 0.066488 0.609230
0.141346 0.066093 0.610844
0.140697 0.066104 0.611925
0.139684 0.066112 0.611626
0.140863 0.067200 0.612422
0.140926 0.066829 0.612553
0.140210 0.066417 0.612780
0.139801 0.066433 0.612726
0.139694 0.065071 0.614335
0.140318 0.065781 0.614612
0.139540 0.066741 0.614337
0.139761 0.066149 0.615503
0.138875 0.066871 0.614631
0.138992 0.065603 0.615786
0.139241 0.065628 0.616952
0.138825 0.066715 0.616810
0.139095 0.066439 0.617254
0.139048 0.065918 0.617723
0.138468 0.065788 0.618584
0.138740 0.066468 0.618234
0.137922 0.065540 0.618635
0.137962 0.066358 0.618989
0.137998 0.066118 0.621425
0.138016 0.065676 0.621028
0.137141 0.065993 0.620956
0.137183 0.065931 0.620342
0.136392 0.066728 0.621771
0.135652 0.066104 0.622289
0.136486 0.065461 0.622099
0.135901 0.065457 0.623071
0.135882 0.065872 0.623530
0.136284 0.066749 0.622824
0.134878 0.066682 0.624083
0.134234 0.065477 0.624753
0.134409 0.066178 0.624879
0.133769 0.066072 0.625053
0.134020 0.065717 0.626087
0.133533 0.066106 0.626164
0.133809 0.066422 0.627512
0.133471 0.065948 0.626392
0.132849 0.066723 0.626482
0.131448 0.066783 0.627518
0.132471 0.066299 0.628001
0.130671 0.066285 0.628267
0.131832 0.065844 0.628457
0.131500 0.066238 0.628190
0.130857 0.065378 0.628960
0.129608 0.065515 0.629150
0.130647 0.065304 0.630115
0.129928 0.065952 0.630588
0.129619 0.065869 0.630513
0.129089 0.065800 0.630721
0.128057 0.065793 0.630328
0.127901 0.065620 0.631803
0.127811 0.065577 0.632041
0.127644 0.066084 0.632641
0.127296 0.066051 0.632301
0.126350 0.065396 0.633375
0.127264 0.065379 0.633681
0.126248 0.066133 0.634805
0.125927 0.066725 0.633957
0.125241 0.066142 0.634131
0.124110 0.065284 0.634200
0.123809 0.065578 0.634701
0.124059 0.065551 0.635127
0.124476 0.065972 0.635284
0.123639 0.066364 0.636203
0.122833 0.065712 0.636417
0.122454 0.066369 0.635846
0.121459 0.065687 0.636541
0.120852 0.067103 0.637175
0.120458 0.069354 0.564211
0.121371 0.068653 0.562981
0.121959 0.070044 0.564031
0.122634 0.069404 0.564130
0.123189 0.069412 0.564754
0.123313 0.069651 0.564043
0.123372 0.069546 0.564900
0.124682 0.069256 0.565468
0.124404 0.069145 0.565334
0.125188 0.068769 0.564625
0.125563 0.069348 0.565650
0.126286 0.069824 0.566833
0.126780 0.069524 0.566911
0.126718 0.069610 0.566472
0.126167 0.070213 0.567073
0.127586 0.068765 0.567559
0.127214 0.069714 0.567996
0.126779 0.068761 0.567394
0.128389 0.069130 0.569196
0.129398 0.069638 0.568242
0.128782 0.070342 0.568786
0.130105 0.069318 0.569885
0.128580 0.069189 0.569883
0.130890 0.069086 0.570818
0.129778 0.068306 0.571090
0.131212 0.069640 0.570822
0.131835 0.069786 0.570939
0.132214 0.069601 0.571844
0.132052 0.068565 0.572271
0.131911 0.069573 0.571995
0.132643 0.069505 0.572769
0.133484 0.069066 0.573366
0.132897 0.069290 0.574309
0.133547 0.069161 0.574733
0.133373 0.069590 0.574208
0.134589 0.069275 0.573921
0.134381 0.069347 0.574306
0.134717 0.069122 0.575544
0.135168 0.069475 0.576467
0.135249 0.069402 0.576218
0.135267 0.069703 0.576448
0.135367 0.069248 0.577718
0.136065 0.068682 0.578521
0.136477 0.070253 0.577436
0.136656 0.069641 0.577712
0.137132 0.069272 0.578662
0.137143 0.069766 0.578887
0.137000 0.069459 0.579654
0.137133 0.069755 0.579656
0.137348 0.069431 0.580667
0.138095 0.069663 0.580546
0.137628 0.069053 0.581637
0.138548 0.068552 0.582180
0.138080 0.068652 0.582391
0.139080 0.069294 0.583037
0.139105 0.069706 0.583982
0.138903 0.068636 0.585025
0.139176 0.069054 0.583460
0.139592 0.068992 0.585408
0.140118 0.070007 0.584508
0.140047 0.069670 0.585675
0.139447 0.069384 0.586358
0.140523 0.069403 0.586871
0.140485 0.069300 0.586782
0.140267 0.069005 0.587672
0.140769 0.069833 0.588279
0.141674 0.069037 0.588949
0.141125 0.069865 0.588037
0.141525 0.070032 0.588868
0.141288 0.069402 0.589194
0.141836 0.069046 0.590376
0.140923 0.068858 0.589970
0.141832 0.069016 0.591420
0.141167 0.069855 0.591220
0.141462 0.069580 0.592410
0.141474 0.069965 0.592238
0.142148 0.069441 0.593831
0.141579 0.069141 0.594042
0.143147 0.068769 0.594226
0.141146 0.070598 0.595618
0.142046 0.069820 0.595829
0.141933 0.069270 0.596653
0.142192 0.069076 0.595341
0.142510 0.069962 0.596597
0.141876 0.069974 0.597012
0.142373 0.070073 0.597567
0.143103 0.069358 0.597799
0.142236 0.068751 0.599149
0.141806 0.069682 0.599171
0.142820 0.070204 0.600073
0.142489 0.069679 0.599963
0.142231 0.068992 0.600161
0.142413 0.069337 0.601568
0.142437 0.069415 0.600976
0.142535 0.069017 0.601842
0.142340 0.068954 0.602374
0.143360 0.069356 0.603925
0.141976 0.069120 0.603551
0.142025 0.070160 0.604323
0.141637 0.068976 0.604631
0.142128 0.069249 0.604657
0.142341 0.068843 0.605999
0.142768 0.069447 0.606183
0.142509 0.068586 0.606917
0.141464 0.069668 0.606934
0.142102 0.070234 0.607245
0.142346 0.069763 0.607321
0.141006 0.068518 0.608850
0.141118 0.069821 0.608836
0.142175 0.069057 0.609511
0.140690 0.069912 0.610512
0.141014 0.068957 0.610279
0.141081 0.070322 0.611686
0.141511 0.069438 0.611807
0.140283 0.069741 0.613523
0.139896 0.068768 0.612716
0.140251 0.069575 0.612567
0.139778 0.069351 0.613027
0.140781 0.068834 0.613898
0.140064 0.068710 0.615039
0.139474 0.069694 0.614903
0.139407 0.068376 0.616376
0.138407 0.069223 0.616323
0.139276 0.069919 0.616237
0.139601 0.069504 0.616755
0.138738 0.069644 0.617335
0.138654 0.069005 0.617730
0.138405 0.069808 0.617823
0.138125 0.069295 0.617356
0.137731 0.069915 0.619940
0.139209 0.069508 0.619220
0.137543 0.068956 0.619887
0.137424 0.069897 0.619848
0.137832 0.069601 0.620286
0.137208 0.068818 0.620371
0.136821 0.069767 0.621588
0.136914 0.069717 0.622561
0.135983 0.069776 0.622711
0.135678 0.069573 0.623118
0.135624 0.069201 0.623220
0.135473 0.068267 0.623781
0.134567 0.069373 0.624220
0.133880 0.069513 0.624925
0.134410 0.068803 0.624874
0.134294 0.070081 0.625830
0.134011 0.069327 0.625156
0.133391 0.070035 0.626674
0.133200 0.069584 0.626356
0.132243 0.069215 0.626627
0.132154 0.069622 0.627258
0.132948 0.069038 0.627741
0.131885 0.069015 0.628069
0.131190 0.068404 0.628660
0.131790 0.069700 0.629202
0.131525 0.068872 0.628614
0.130326 0.069131 0.629367
0.129820 0.069635 0.630715
0.130194 0.069776 0.630541
0.129517 0.069098 0.630565
0.129200 0.069360 0.631268
0.127576 0.069304 0.631019
0.128527 0.070037 0.632080
0.128212 0.069286 0.631880
0.127934 0.069828 0.631620
0.128346 0.070052 0.632368
0.126647 0.069723 0.633314
0.126457 0.069101 0.633233
0.125778 0.068658 0.633066
0.125707 0.069611 0.633220
0.124505 0.069811 0.634603
0.125409 0.069600 0.634105
0.124819 0.068801 0.635046
0.123350 0.069622 0.635060
0.123426 0.069410 0.635346
0.123381 0.069629 0.636212
0.122317 0.070054 0.635770
0.123177 0.069266 0.636898
0.122192 0.069533 0.636441
0.122255 0.069353 0.636648
0.120683 0.069634 0.636232
0.121602 0.072854 0.563387
0.121478 0.072899 0.563163
0.121674 0.072837 0.563627
0.122507 0.072020 0.563939
0.123413 0.072938 0.564167
0.123635 0.072888 0.564091
0.124034 0.073216 0.564753
0.124170 0.072833 0.565499
0.125233 0.072991 0.565647
0.125294 0.072719 0.565554
0.125092 0.072731 0.565009
0.126290 0.073324 0.567047
0.126846 0.072473 0.566741
0.127102 0.072679 0.566707
0.126535 0.073078 0.567310
0.127097 0.072423 0.567279
0.127571 0.072890 0.568379
0.128365 0.072281 0.567967
0.129181 0.072645 0.569353
0.128508 0.072579 0.569201
0.128828 0.072428 0.569091
0.130146 0.072352 0.569440
0.130497 0.073211 0.569760
0.130935 0.073407 0.570424
0.129697 0.072036 0.570485
0.130903 0.072999 0.570920
0.131070 0.072634 0.571738
0.132521 0.072199 0.572394
0.132190 0.072601 0.572470
0.132247 0.072305 0.571935
0.132674 0.072724 0.572702
0.133359 0.072382 0.572951
0.133146 0.072305 0.573492
0.133537 0.072528 0.573862
0.133677 0.073038 0.574297
0.134349 0.072439 0.574749
0.134129 0.072651 0.575034
0.135117 0.072046 0.575031
0.135180 0.073184 0.576041
0.135009 0.073490 0.576297
0.134908 0.073726 0.576669
0.135199 0.072942 0.576298
0.135902 0.072687 0.577806
0.136104 0.072433 0.577888
0.137088 0.072548 0.578501
0.136578 0.072509 0.578994
0.136641 0.073434 0.578784
0.137348 0.072886 0.579676
0.137209 0.072948 0.579532
0.137916 0.072917 0.579919
0.137463 0.071473 0.581076
0.138790 0.072100 0.581101
0.138917 0.072847 0.582526
0.139745 0.073510 0.582122
0.139051 0.073199 0.582769
0.139177 0.072576 0.583375
0.139686 0.072671 0.583476
0.140375 0.072549 0.584298
0.139467 0.073011 0.585665
0.140099 0.072547 0.585428
0.140300 0.072199 0.584771
0.139789 0.072798 0.585802
0.141199 0.072504 0.587288
0.140831 0.073313 0.586754
0.140372 0.073237 0.587201
0.140883 0.073003 0.588227
0.140525 0.072228 0.588704
0.141731 0.072692 0.589728
0.140641 0.073148 0.589865
0.141422 0.072494 0.590338
0.141228 0.073155 0.590480
0.140960 0.072437 0.590746
0.142261 0.072153 0.591727
0.141049 0.072984 0.591944
0.141998 0.072364 0.592299
0.141445 0.072437 0.593215
0.142161 0.072792 0.592930
0.141094 0.072685 0.594258
0.142037 0.072766 0.594208
0.141928 0.073070 0.595264
0.142628 0.072367 0.596245
0.142648 0.072168 0.595712
0.142262 0.072936 0.596670
0.141638 0.073238 0.596926
0.142563 0.074197 0.597092
0.142164 0.072816 0.598734
0.142078 0.072824 0.597091
0.142364 0.072287 0.599187
0.142843 0.072892 0.599245
0.143051 0.072711 0.600026
0.142548 0.072338 0.599951
0.142193 0.072871 0.601020
0.142734 0.072885 0.601683
0.142372 0.072457 0.601638
0.141096 0.071727 0.603366
0.142069 0.072483 0.601672
0.142571 0.073437 0.603234
0.142328 0.072079 0.603223
0.142037 0.073152 0.604671
0.142663 0.072338 0.604975
0.142859 0.072922 0.604176
0.141542 0.072616 0.605478
0.141110 0.073481 0.606306
0.141447 0.072138 0.606132
0.141189 0.074028 0.607145
0.141191 0.073283 0.607659
0.141829 0.071730 0.607773
0.140819 0.072884 0.608853
0.141921 0.072560 0.609008
0.141000 0.072530 0.608845
0.141268 0.072750 0.610324
0.141195 0.073556 0.610930
0.141160 0.072630 0.612552
0.140737 0.073083 0.611135
0.141693 0.072183 0.612119
0.139114 0.071937 0.612180
0.140640 0.072071 0.613771
0.140501 0.073171 0.614126
0.140044 0.073882 0.613658
0.140327 0.072915 0.614173
0.139553 0.072614 0.614688
0.139768 0.073021 0.615720
0.138739 0.071979 0.615487
0.138410 0.072642 0.616238
0.139175 0.072476 0.616569
0.138633 0.073247 0.616232
0.138739 0.073049 0.618821
0.138639 0.072681 0.618513
0.138378 0.072684 0.618097
0.137763 0.073016 0.620159
0.137390 0.072456 0.618846
0.137689 0.071983 0.619259
0.137331 0.073058 0.620469
0.136613 0.071254 0.620654
0.136929 0.072747 0.621465
0.137302 0.073173 0.621853
0.136186 0.072206 0.622136
0.136467 0.072543 0.622487
0.136150 0.072668 0.622369
0.135008 0.073254 0.623732
0.135345 0.072463 0.624270
0.135573 0.072179 0.623738
0.135517 0.072956 0.624681
0.134687 0.071895 0.624655
0.135079 0.073647 0.625098
0.132840 0.072942 0.626458
0.133124 0.072951 0.625111
0.133339 0.072385 0.626443
0.132947 0.073149 0.627334
0.132592 0.072271 0.626546
0.132080 0.073577 0.627784
0.131689 0.072882 0.627939
0.131290 0.073230 0.628046
0.130702 0.074347 0.629112
0.131037 0.073127 0.628708
0.130885 0.072708 0.629702
0.129924 0.074077 0.629982
0.130036 0.072186 0.630083
0.129933 0.072685 0.629542
0.129322 0.072134 0.631996
0.128302 0.073186 0.630772
0.128998 0.073034 0.632156
0.127710 0.073318 0.631643
0.127137 0.071836 0.632809
0.127871 0.072838 0.632541
0.127218 0.073641 0.632561
0.125835 0.072333 0.632890
0.126307 0.072650 0.632875
0.125414 0.072575 0.633732
0.125563 0.072047 0.633789
0.124544 0.072445 0.634312
0.124186 0.072776 0.634794
0.123454 0.072363 0.635441
0.123123 0.072872 0.635098
0.123820 0.072093 0.635130
0.123698 0.073084 0.636340
0.122447 0.071920 0.636395
0.122833 0.071756 0.635876
0.122373 0.072864 0.636518
0.121107 0.072636 0.637065
0.121302 0.075543 0.562574
0.121836 0.075930 0.563198
0.121553 0.075975 0.563784
0.122697 0.076253 0.562889
0.122534 0.076922 0.563965
0.123201 0.075645 0.564384
0.124139 0.076195 0.564844
0.123382 0.076372 0.565231
0.125696 0.075263 0.565839
0.124970 0.076167 0.565855
0.125503 0.075748 0.565798
0.125300 0.075877 0.566964
0.125942 0.076061 0.566438
0.126210 0.076077 0.566613
0.127188 0.075948 0.566858
0.126894 0.076812 0.567086
0.127121 0.076112 0.567460
0.128413 0.075839 0.567834
0.128738 0.075994 0.568287
0.128504 0.075968 0.567846
0.128544 0.075399 0.569260
0.129463 0.075935 0.569498
0.130710 0.076034 0.569838
0.130561 0.074898 0.570558
0.129946 0.075063 0.570173
0.130931 0.075556 0.570705
0.131380 0.075795 0.571428
0.131803 0.076339 0.571952
0.131960 0.076207 0.571299
0.132428 0.076463 0.572650
0.132733 0.075215 0.572167
0.132635 0.075448 0.573330
0.133647 0.076066 0.573266
0.133100 0.075871 0.573355
0.134172 0.075566 0.575061
0.134314 0.076428 0.573803
0.134441 0.076012 0.575815
0.134192 0.076063 0.576011
0.134725 0.075592 0.576039
0.135554 0.076208 0.575677
0.135580 0.075653 0.576682
0.136233 0.076958 0.577295
0.137306 0.076851 0.577807
0.137074 0.076057 0.578221
0.137042 0.075859 0.578067
0.136183 0.076434 0.579261
0.136944 0.076682 0.579169
0.137187 0.076923 0.580051
0.137224 0.075784 0.579556
0.137926 0.075634 0.580617
0.137261 0.076321 0.581713
0.138298 0.076763 0.580997
0.138354 0.075862 0.582806
0.138723 0.075643 0.583356
0.138757 0.076636 0.582696
0.139056 0.075883 0.583130
0.138304 0.076868 0.583185
0.140384 0.076110 0.583843
0.139622 0.076633 0.584024
0.139549 0.075376 0.585121
0.139832 0.076909 0.586107
0.140733 0.075617 0.585904
0.139052 0.076036 0.585898
0.140717 0.076648 0.587941
0.140437 0.076180 0.587421
0.140217 0.076423 0.588492
0.140794 0.076053 0.589392
0.140654 0.076232 0.588009
0.141769 0.076492 0.589296
0.141246 0.076080 0.590668
0.141371 0.076191 0.590964
0.140823 0.076464 0.591152
0.142108 0.075605 0.591040
0.141838 0.076491 0.591791
0.140859 0.076309 0.592419
0.141699 0.075508 0.591988
0.142431 0.075664 0.593036
0.142124 0.075942 0.593209
0.142228 0.076388 0.594532
0.142426 0.075978 0.595286
0.142183 0.076159 0.594624
0.142356 0.076270 0.595584
0.142570 0.076107 0.596231
0.142080 0.075194 0.596194
0.142490 0.076734 0.597696
0.142958 0.076316 0.597729
0.142238 0.076351 0.598987
0.143122 0.076433 0.599245
0.141592 0.076392 0.599233
0.142014 0.075903 0.600111
0.142958 0.075334 0.600901
0.142581 0.075584 0.601574
0.142196 0.076472 0.600447
0.141449 0.075921 0.601539
0.142663 0.076060 0.602262
0.142774 0.074968 0.603367
0.142893 0.076329 0.602988
0.142047 0.075771 0.603745
0.142885 0.076330 0.604362
0.141763 0.075707 0.604304
0.142320 0.076178 0.605170
0.142705 0.076070 0.605885
0.141384 0.075424 0.605881
0.141747 0.076305 0.606237
0.141652 0.076314 0.607751
0.141438 0.076627 0.608438
0.140751 0.076380 0.607224
0.140788 0.076180 0.608799
0.140942 0.075913 0.609623
0.141281 0.076092 0.608757
0.142165 0.075892 0.610393
0.140925 0.076578 0.609984
0.140424 0.075655 0.611594
0.141935 0.076239 0.611431
0.140395 0.076678 0.611965
0.139773 0.076431 0.612490
0.139638 0.076110 0.612269
0.140054 0.076494 0.612771
0.140217 0.076776 0.613260
0.139673 0.076706 0.614181
0.139252 0.077118 0.613963
0.139430 0.075573 0.615490
0.139653 0.076472 0.615693
0.138830 0.076761 0.615977
0.139806 0.076073 0.616822
0.138518 0.076986 0.616528
0.138294 0.075406 0.617478
0.137812 0.076554 0.617833
0.137632 0.075925 0.617956
0.137391 0.075922 0.618317
0.137858 0.075666 0.619343
0.138889 0.076937 0.620151
0.137856 0.075915 0.620561
0.136446 0.075317 0.620388
0.136670 0.077438 0.621465
0.136682 0.076560 0.621844
0.136964 0.077441 0.622721
0.136747 0.075957 0.623105
0.135363 0.076916 0.623061
0.134793 0.076495 0.623105
0.135151 0.076843 0.623393
0.134734 0.075868 0.623715
0.135149 0.076373 0.623917
0.134353 0.076498 0.625212
0.133370 0.075893 0.625027
0.133270 0.074888 0.626029
0.133430 0.075294 0.626286
0.133375 0.075510 0.626196
0.133812 0.075807 0.626306
0.132877 0.076123 0.627552
0.131909 0.076026 0.627958
0.131538 0.076104 0.627456
0.131115 0.075372 0.628840
0.130059 0.075745 0.628371
0.131791 0.076336 0.629485
0.130814 0.076054 0.629558
0.130146 0.075174 0.629690
0.128887 0.076688 0.630057
0.129590 0.075971 0.630390
0.129478 0.076399 0.631003
0.128833 0.076081 0.631047
0.128554 0.076155 0.632000
0.127399 0.076204 0.632624
0.127521 0.075749 0.631707
0.127051 0.076199 0.632200
0.126870 0.077002 0.632491
0.126279 0.076330 0.633355
0.125517 0.077288 0.633639
0.124950 0.076728 0.633853
0.125289 0.076256 0.634154
0.125011 0.076471 0.634583
0.125127 0.076034 0.634887
0.123262 0.076011 0.634264
0.123386 0.076317 0.635194
0.123098 0.075395 0.634961
0.122240 0.076023 0.635705
0.122561 0.076521 0.635203
0.121702 0.076516 0.636815
0.122344 0.076302 0.636913
0.121231 0.076479 0.636718
0.121527 0.078390 0.562853
0.121757 0.079125 0.563429
0.122310 0.079426 0.563194
0.122112 0.080183 0.563876
0.123499 0.079061 0.563724
0.123289 0.079142 0.564498
0.124232 0.080344 0.564450
0.123699 0.080389 0.564677
0.124684 0.079747 0.565540
0.124076 0.078669 0.565359
0.124112 0.079565 0.565581
0.125673 0.079259 0.566719
0.126866 0.079551 0.567092
0.126140 0.079822 0.566735
0.127048 0.079115 0.567718
0.128050 0.078900 0.568404
0.128935 0.079687 0.567674
0.128528 0.078766 0.568244
0.127803 0.079609 0.567931
0.129070 0.078863 0.568713
0.128832 0.079245 0.568757
0.129455 0.079113 0.569920
0.129593 0.079066 0.569971
0.129951 0.079778 0.570021
0.130080 0.078988 0.569780
0.131135 0.079396 0.571053
0.131641 0.079566 0.571195
0.132130 0.079736 0.571616
0.130841 0.079515 0.573081
0.131934 0.079494 0.572513
0.132164 0.079328 0.572768
0.132507 0.079813 0.573215
0.134107 0.079724 0.574358
0.133587 0.079834 0.574555
0.134386 0.078922 0.573879
0.134589 0.079781 0.574222
0.134685 0.080013 0.575547
0.134052 0.079840 0.575370
0.136053 0.079005 0.575420
0.134744 0.079310 0.575862
0.135251 0.079216 0.575857
0.135817 0.078822 0.576914
0.135643 0.080029 0.578140
0.136239 0.078942 0.578517
0.136589 0.080365 0.578714
0.136860 0.079318 0.579296
0.137496 0.079333 0.579569
0.137710 0.079982 0.578939
0.137291 0.079031 0.579301
0.137855 0.079753 0.580803
0.137522 0.079452 0.581338
0.137958 0.079350 0.581437
0.139106 0.079091 0.582413
0.139399 0.079142 0.582502
0.138648 0.079739 0.583526
0.139810 0.080492 0.583727
0.139512 0.079131 0.583288
0.139456 0.079826 0.583145
0.140347 0.080303 0.584707
0.140439 0.079679 0.584639
0.139531 0.078466 0.585464
0.139442 0.078795 0.586016
0.139542 0.079280 0.587205
0.140391 0.079656 0.588060
0.140817 0.079537 0.586334
0.140282 0.080042 0.588207
0.140776 0.080022 0.587974
0.140951 0.078763 0.588776
0.141561 0.080256 0.589240
0.142558 0.079246 0.590255
0.140194 0.079010 0.590168
0.140953 0.080150 0.591200
0.142085 0.079972 0.591042
0.142465 0.079677 0.591857
0.141486 0.079591 0.592645
0.141903 0.079880 0.592843
0.141963 0.079057 0.593596
0.141705 0.079556 0.593630
0.141662 0.079409 0.595539
0.141985 0.079001 0.595319
0.141644 0.079780 0.594379
0.140980 0.079382 0.595624
0.143522 0.079120 0.596670
0.143168 0.078773 0.596055
0.143078 0.079155 0.597635
0.142224 0.080112 0.597564
0.143051 0.079719 0.597525
0.142306 0.080040 0.599095
0.141913 0.079879 0.599908
0.142784 0.078684 0.599170
0.143262 0.079309 0.599961
0.141975 0.079897 0.601051
0.142189 0.079732 0.601918
0.142860 0.080003 0.601843
0.142890 0.078551 0.602126
0.143101 0.079878 0.602435
0.142878 0.079398 0.603097
0.142370 0.079857 0.604723
0.142076 0.080232 0.604372
0.142928 0.079850 0.603871
0.142891 0.080136 0.605104
0.141606 0.079413 0.605390
0.142076 0.079895 0.606129
0.141869 0.079402 0.607529
0.141781 0.079630 0.607306
0.141655 0.079355 0.607722
0.141616 0.079199 0.608284
0.141552 0.079554 0.608149
0.142129 0.079746 0.608748
0.141018 0.079270 0.609067
0.141656 0.078966 0.609140
0.140908 0.078998 0.610824
0.140739 0.079859 0.610610
0.140348 0.079609 0.612197
0.140638 0.079664 0.612561
0.140756 0.080049 0.612538
0.139951 0.079572 0.612777
0.141147 0.079451 0.612863
0.139882 0.079812 0.613278
0.139781 0.079815 0.614730
0.139419 0.078990 0.614091
0.139871 0.079908 0.614341
0.139480 0.079645 0.616381
0.139413 0.079429 0.616317
0.138429 0.079530 0.617040
0.139675 0.079703 0.616591
0.137862 0.079599 0.616896
0.138285 0.078834 0.617705
0.139588 0.079973 0.618537
0.137334 0.079383 0.619360
0.137278 0.079220 0.618745
0.137333 0.079415 0.620081
0.137660 0.079475 0.620565
0.136602 0.078663 0.620032
0.135537 0.079475 0.620933
0.135795 0.079571 0.621062
0.136145 0.079828 0.621936
0.135961 0.079159 0.623353
0.135991 0.079585 0.623491
0.134492 0.079652 0.623877
0.134854 0.079254 0.623779
0.135009 0.079771 0.624561
0.134366 0.078689 0.623797
0.134809 0.078872 0.626002
0.134499 0.079547 0.626006
0.133803 0.079213 0.625097
0.133231 0.079257 0.626066
0.132956 0.079424 0.625840
0.132422 0.079230 0.627351
0.132843 0.079962 0.627379
0.132837 0.079481 0.627808
0.131515 0.080102 0.628558
0.131121 0.080124 0.628203
0.131998 0.080054 0.628963
0.130425 0.080320 0.628851
0.130210 0.080180 0.629655
0.130644 0.079428 0.629334
0.129688 0.079880 0.629923
0.128862 0.079589 0.631083
0.129358 0.079627 0.631318
0.128696 0.079740 0.631365
0.129006 0.079704 0.630951
0.128566 0.080152 0.632398
0.127458 0.079779 0.631830
0.127515 0.078796 0.632600
0.127374 0.079260 0.632985
0.126625 0.079579 0.633487
0.125671 0.079979 0.634492
0.126501 0.078837 0.633597
0.126097 0.079861 0.634144
0.125439 0.079622 0.634554
0.124134 0.080111 0.634733
0.124320 0.079090 0.634658
0.123182 0.078752 0.634882
0.123107 0.079154 0.635879
0.122687 0.080419 0.635478
0.122452 0.079579 0.637205
0.121755 0.080083 0.636072
0.121197 0.080326 0.636080
0.119895 0.079463 0.637415
0.120737 0.082915 0.563363
0.121614 0.083178 0.563029
0.121876 0.082458 0.564419
0.123335 0.083266 0.563718
0.122922 0.082924 0.563908
0.123855 0.082940 0.564221
0.123723 0.082845 0.563735
0.124588 0.082340 0.564627
0.125051 0.082644 0.565042
0.125012 0.083764 0.565207
0.125305 0.082807 0.565317
0.125478 0.083214 0.566424
0.126313 0.082870 0.566174
0.127503 0.083734 0.566953
0.127027 0.082423 0.566949
0.126680 0.082646 0.567510
0.128238 0.082358 0.567181
0.127702 0.083253 0.568549
0.127250 0.083093 0.568255
0.128398 0.082355 0.569238
0.128803 0.083112 0.569187
0.129499 0.082242 0.569752
0.130128 0.082198 0.569140
0.130981 0.082503 0.570288
0.130926 0.082831 0.570557
0.131042 0.082760 0.570164
0.131420 0.082302 0.571114
0.132040 0.083548 0.571513
0.131670 0.082604 0.571029
0.131617 0.082812 0.573034
0.133388 0.082134 0.572943
0.132639 0.082499 0.572536
0.132848 0.082519 0.573907
0.132562 0.083136 0.573719
0.133305 0.082949 0.574221
0.133685 0.082198 0.574841
0.134406 0.083342 0.574863
0.134837 0.083247 0.576012
0.135457 0.083500 0.575173
0.135467 0.082984 0.576085
0.135878 0.083014 0.576652
0.135395 0.082985 0.576944
0.136007 0.082247 0.577284
0.136325 0.082898 0.577852
0.136129 0.082835 0.578653
0.136716 0.082737 0.578636
0.137075 0.083290 0.578218
0.137336 0.083094 0.579903
0.137751 0.083409 0.580175
0.138449 0.082642 0.581766
0.137526 0.081725 0.580944
0.138783 0.082831 0.580742
0.138829 0.081260 0.581581
0.139108 0.082723 0.583072
0.139226 0.084022 0.583131
0.139244 0.082554 0.583214
0.138429 0.082661 0.583746
0.138774 0.082062 0.583805
0.139861 0.082974 0.585277
0.140266 0.083801 0.585331
0.140404 0.082384 0.584540
0.139737 0.082430 0.586794
0.140759 0.082495 0.586834
0.141098 0.082790 0.587636
0.141881 0.083229 0.587188
0.141310 0.083104 0.588156
0.141329 0.082726 0.589314
0.140759 0.082611 0.588909
0.140990 0.082860 0.590472
0.141089 0.083206 0.589754
0.140906 0.082705 0.589731
0.141333 0.082759 0.590463
0.142479 0.082693 0.590629
0.142182 0.082395 0.591706
0.141935 0.082542 0.591748
0.141635 0.083174 0.593384
0.140897 0.082382 0.593371
0.141738 0.083127 0.593990
0.141888 0.083906 0.594249
0.141538 0.083947 0.594714
0.142041 0.082091 0.595259
0.142588 0.082668 0.596690
0.142830 0.082559 0.596067
0.141871 0.083078 0.596396
0.142778 0.082998 0.597789
0.142501 0.083017 0.597831
0.141736 0.083436 0.598411
0.142619 0.082430 0.599187
0.142224 0.083406 0.599144
0.141607 0.082901 0.599967
0.142598 0.082695 0.600445
0.141862 0.082630 0.601291
0.142819 0.082534 0.601327
0.141919 0.083082 0.601606
0.142753 0.082423 0.603371
0.142502 0.082848 0.602610
0.142476 0.083443 0.603281
0.142052 0.082808 0.605342
0.141897 0.082789 0.603989
0.141870 0.082128 0.604398
0.142101 0.083278 0.604699
0.141264 0.083385 0.605460
0.141547 0.082659 0.605935
0.142541 0.082886 0.606101
0.141310 0.083404 0.606971
0.141131 0.082931 0.607522
0.140841 0.083423 0.608714
0.142292 0.082975 0.608878
0.141342 0.083269 0.609236
0.140673 0.083196 0.609159
0.140554 0.082554 0.609578
0.140996 0.083170 0.610678
0.141008 0.083428 0.611042
0.140401 0.083273 0.611926
0.140418 0.082539 0.612046
0.140580 0.083192 0.611929
0.140353 0.080568 0.613478
0.140690 0.083467 0.613577
0.139977 0.082613 0.613028
0.139895 0.082546 0.613598
0.140530 0.082730 0.614904
0.140261 0.082896 0.615483
0.139222 0.083414 0.616767
0.139612 0.083260 0.616176
0.139187 0.082787 0.616081
0.138703 0.082220 0.616984
0.139344 0.083438 0.617181
0.139049 0.082842 0.618438
0.138238 0.082663 0.619001
0.138655 0.083014 0.618824
0.137717 0.082784 0.619774
0.137288 0.083185 0.620114
0.137840 0.082788 0.620802
0.136883 0.083306 0.620901
0.136911 0.082279 0.621576
0.136317 0.082843 0.621810
0.135981 0.082906 0.622497
0.136418 0.082288 0.622364
0.136118 0.082494 0.622355
0.134880 0.082104 0.623629
0.135141 0.082816 0.622948
0.135308 0.083017 0.623143
0.133962 0.082465 0.624862
0.135032 0.083329 0.624611
0.132813 0.082476 0.625137
0.133794 0.082407 0.625321
0.132696 0.083058 0.627069
0.133779 0.083247 0.627604
0.133765 0.082773 0.627294
0.132712 0.082582 0.627527
0.132570 0.082955 0.628362
0.131279 0.082811 0.627939
0.130637 0.082960 0.629178
0.131316 0.082956 0.629193
0.131022 0.083279 0.629371
0.130245 0.083442 0.629352
0.130466 0.082710 0.630388
0.129551 0.082569 0.630695
0.130555 0.082713 0.630305
0.129342 0.082824 0.629423
0.129320 0.083372 0.630249
0.128057 0.082506 0.631152
0.127827 0.084119 0.632336
0.127520 0.082646 0.632368
0.127707 0.082784 0.632328
0.127530 0.082958 0.631943
0.126568 0.082474 0.632390
0.126861 0.082784 0.632919
0.126061 0.082504 0.635237
0.125055 0.083495 0.633860
0.125416 0.082913 0.634629
0.123801 0.083020 0.634687
0.123568 0.083523 0.634834
0.123956 0.082509 0.635886
0.123282 0.081778 0.634360
0.123106 0.082630 0.635661
0.123002 0.083712 0.636309
0.122609 0.082929 0.636312
0.121595 0.082820 0.637124
0.120817 0.082693 0.637068
0.122778 0.086273 0.564376
0.121804 0.086320 0.563320
0.121980 0.085429 0.562931
0.122127 0.086129 0.563643
0.122789 0.085157 0.564081
0.123694 0.087168 0.564741
0.124048 0.086603 0.564280
0.124156 0.086824 0.565185
0.124689 0.086189 0.565244
0.124538 0.087456 0.565789
0.125526 0.086212 0.566283
0.126357 0.086724 0.566193
0.126031 0.086298 0.566024
0.126050 0.086428 0.567555
0.126882 0.085948 0.566971
0.127387 0.086675 0.568438
0.127488 0.086055 0.567850
0.129253 0.086903 0.568805
0.128922 0.086316 0.569010
0.128872 0.086055 0.568868
0.129254 0.086884 0.569727
0.129940 0.086162 0.569494
0.129638 0.086697 0.570036
0.130123 0.085982 0.570932
0.130612 0.086281 0.570673
0.129639 0.086543 0.571008
0.131158 0.085165 0.571376
0.131956 0.086283 0.571544
0.131672 0.087300 0.572546
0.132743 0.086128 0.573233
0.132670 0.086802 0.572028
0.132503 0.086017 0.571930
0.133135 0.085675 0.573137
0.134285 0.086250 0.574422
0.134140 0.085533 0.575004
0.133879 0.086115 0.574576
0.134648 0.086107 0.575254
0.133952 0.086537 0.575492
0.135208 0.086389 0.575449
0.135512 0.085546 0.576616
0.134745 0.086056 0.576072
0.136296 0.085071 0.576752
0.135905 0.086739 0.577840
0.136000 0.086396 0.578323
0.136353 0.085958 0.578311
0.136801 0.085804 0.579020
0.137078 0.084900 0.579080
0.137698 0.086411 0.579778
0.136182 0.085567 0.579616
0.137557 0.086302 0.580631
0.139333 0.086252 0.581090
0.138048 0.085803 0.582435
0.138058 0.086557 0.582087
0.139478 0.086635 0.581942
0.138665 0.087297 0.583025
0.139118 0.086705 0.584633
0.139029 0.086466 0.584027
0.139928 0.086077 0.585033
0.139688 0.085912 0.585074
0.140773 0.086408 0.584910
0.139990 0.086222 0.584689
0.139850 0.086552 0.586538
0.139914 0.086117 0.585835
0.140504 0.086359 0.587076
0.140312 0.086368 0.587124
0.140436 0.085966 0.587878
0.140689 0.086184 0.587865
0.140563 0.086404 0.589206
0.140802 0.086395 0.589931
0.140972 0.086667 0.590099
0.141547 0.086170 0.591199
0.141077 0.085395 0.589540
0.141625 0.086587 0.591324
0.142465 0.087267 0.591666
0.141615 0.086129 0.592444
0.142000 0.086973 0.592712
0.142066 0.086440 0.593597
0.142396 0.086440 0.593613
0.141003 0.085419 0.594080
0.141713 0.086337 0.594161
0.142509 0.086369 0.595289
0.141761 0.086708 0.595671
0.143172 0.086494 0.596330
0.143651 0.085727 0.596411
0.142582 0.086834 0.596689
0.141900 0.085529 0.597816
0.142679 0.086199 0.598159
0.142769 0.085846 0.598305
0.141858 0.086404 0.599629
0.142827 0.086480 0.600122
0.142706 0.086595 0.600789
0.143143 0.086508 0.601454
0.142062 0.086654 0.600913
0.142202 0.086375 0.600524
0.142933 0.085144 0.602534
0.141883 0.085910 0.603484
0.141827 0.086937 0.603591
0.142268 0.085466 0.602212
0.142730 0.085532 0.603780
0.141925 0.085571 0.605890
0.141115 0.086381 0.605470
0.141703 0.086399 0.604771
0.141762 0.086835 0.605905
0.141432 0.086680 0.605959
0.142401 0.086527 0.607084
0.141779 0.085671 0.608638
0.141177 0.085225 0.608344
0.142056 0.086102 0.608370
0.141858 0.086281 0.609206
0.140687 0.086478 0.609185
0.141660 0.085436 0.610223
0.140991 0.086498 0.610529
0.140785 0.087019 0.611975
0.141567 0.085558 0.611931
0.139575 0.086663 0.612375
0.140857 0.086964 0.612302
0.140706 0.085767 0.613042
0.140212 0.086580 0.613883
0.140288 0.085377 0.613374
0.140705 0.086223 0.615007
0.139426 0.087178 0.615313
0.139980 0.086742 0.615955
0.138896 0.085769 0.616403
0.139110 0.086022 0.616388
0.139260 0.087149 0.617373
0.139291 0.086344 0.617201
0.138236 0.086705 0.617754
0.137856 0.085668 0.618058
0.138010 0.085441 0.618563
0.137792 0.086024 0.619729
0.137870 0.086363 0.619673
0.137758 0.086716 0.620142
0.137275 0.086577 0.620415
0.136734 0.086137 0.619877
0.136506 0.086183 0.621495
0.136583 0.086515 0.621365
0.136372 0.085750 0.621777
0.135465 0.085565 0.622371
0.136296 0.085304 0.621672
0.136128 0.085708 0.622581
0.135420 0.086073 0.622728
0.135327 0.087106 0.624524
0.133749 0.085356 0.624995
0.134401 0.086422 0.624559
0.134227 0.085546 0.625683
0.133479 0.086193 0.625169
0.133842 0.085617 0.625607
0.132647 0.086108 0.626163
0.133950 0.086974 0.627061
0.132491 0.086242 0.627302
0.131965 0.086917 0.627184
0.131931 0.086476 0.628354
0.132013 0.085923 0.628018
0.131277 0.086655 0.628994
0.130774 0.085985 0.628853
0.130594 0.086537 0.628966
0.129948 0.086039 0.630232
0.129819 0.086159 0.630694
0.129149 0.086193 0.630439
0.129350 0.086957 0.630413
0.129725 0.086839 0.631163
0.128277 0.086417 0.631745
0.127789 0.086205 0.632103
0.127420 0.085221 0.633178
0.127047 0.086413 0.632214
0.127166 0.086110 0.632735
0.125662 0.087027 0.633004
0.126128 0.085899 0.632796
0.126448 0.086215 0.632798
0.125128 0.086204 0.633655
0.125309 0.086816 0.634442
0.124515 0.087007 0.634793
0.123756 0.086868 0.634592
0.124418 0.086332 0.635476
0.122361 0.086711 0.635609
0.122622 0.085865 0.636223
0.122562 0.086595 0.636023
0.121928 0.086594 0.636081
0.121995 0.086027 0.637510
0.121279 0.086804 0.637536
0.120325 0.089492 0.563498
0.121798 0.090146 0.562754
0.123139 0.090183 0.563950
0.122324 0.089131 0.564128
0.122292 0.089255 0.563201
0.123063 0.089027 0.563384
0.123783 0.089399 0.564744
0.124003 0.089205 0.564609
0.124801 0.088913 0.565910
0.124567 0.089771 0.565386
0.125613 0.089528 0.566071
0.126294 0.089469 0.565769
0.126931 0.089991 0.565987
0.126832 0.089430 0.566868
0.126604 0.088897 0.568394
0.127291 0.089374 0.568316
0.127987 0.089368 0.568472
0.127747 0.089454 0.568129
0.127789 0.089606 0.567695
0.129070 0.090039 0.568598
0.128990 0.089458 0.569660
0.129685 0.088604 0.570355
0.129815 0.088871 0.569788
0.130346 0.089148 0.570280
0.131819 0.089251 0.569804
0.131435 0.091355 0.570762
0.130684 0.089817 0.571612
0.131913 0.089683 0.571116
0.131359 0.089344 0.571843
0.132688 0.089316 0.572460
0.132654 0.089670 0.572604
0.132164 0.088945 0.573294
0.132387 0.089508 0.574387
0.133338 0.089801 0.573972
0.133352 0.089501 0.574408
0.134209 0.089395 0.574070
0.134018 0.089492 0.575811
0.134576 0.089237 0.575721
0.134259 0.089572 0.576339
0.134503 0.089327 0.575484
0.135380 0.090460 0.576114
0.136240 0.089748 0.576617
0.135349 0.089872 0.578409
0.136444 0.088981 0.578244
0.135690 0.090332 0.579285
0.136156 0.089422 0.579175
0.136688 0.089551 0.578582
0.136861 0.089375 0.579767
0.136397 0.089408 0.579553
0.138261 0.089429 0.580832
0.138650 0.088534 0.580445
0.138445 0.090045 0.581999
0.138418 0.089961 0.581429
0.138667 0.089450 0.582404
0.139370 0.089304 0.582980
0.138166 0.089683 0.583657
0.138540 0.089395 0.583778
0.139633 0.088963 0.584090
0.139851 0.089337 0.584559
0.140482 0.089370 0.584782
0.139305 0.089966 0.585821
0.140503 0.089606 0.585495
0.140998 0.089177 0.586456
0.139984 0.089985 0.586726
0.141062 0.089733 0.588050
0.141275 0.089657 0.587511
0.140219 0.090119 0.588819
0.140577 0.089643 0.588550
0.141005 0.090049 0.588947
0.141438 0.090633 0.590202
0.141489 0.088912 0.590073
0.140686 0.090247 0.590935
0.141756 0.090332 0.590153
0.141511 0.089273 0.591944
0.141769 0.090503 0.592692
0.141742 0.089659 0.592742
0.141933 0.089083 0.592280
0.143248 0.089652 0.593671
0.142216 0.089530 0.593425
0.142439 0.089191 0.595299
0.142030 0.088842 0.595212
0.142317 0.090072 0.595323
0.142287 0.089714 0.596821
0.142424 0.089794 0.596138
0.142483 0.089380 0.597260
0.142848 0.089281 0.597993
0.142801 0.090181 0.598586
0.143175 0.090263 0.598880
0.142153 0.089060 0.599092
0.141430 0.088999 0.599255
0.143461 0.089628 0.599751
0.142475 0.089519 0.600486
0.142606 0.089641 0.602025
0.141399 0.088657 0.601419
0.143530 0.089158 0.601959
0.142469 0.089902 0.603448
0.141772 0.089648 0.603157
0.141433 0.089350 0.603750
0.141886 0.090204 0.604642
0.142830 0.089744 0.604681
0.141715 0.090813 0.604814
0.141459 0.090075 0.605747
0.142500 0.089625 0.606563
0.142647 0.088777 0.606247
0.141117 0.089207 0.606487
0.142293 0.089669 0.608181
0.140867 0.089456 0.607872
0.141040 0.089802 0.608394
0.140741 0.090104 0.609362
0.141885 0.089552 0.609782
0.140484 0.089976 0.609835
0.140959 0.088706 0.610249
0.141598 0.089553 0.610347
0.140272 0.089778 0.612132
0.140541 0.088915 0.612107
0.140963 0.090818 0.612902
0.140452 0.089302 0.612623
0.139445 0.088843 0.612988
0.139906 0.090385 0.612873
0.139726 0.090417 0.615509
0.139090 0.089613 0.614929
0.139597 0.090405 0.614872
0.139937 0.089568 0.616106
0.138870 0.088381 0.616093
0.138470 0.089143 0.615933
0.139442 0.089088 0.617175
0.138133 0.089551 0.617143
0.138211 0.089978 0.618818
0.138880 0.088741 0.618710
0.137403 0.089879 0.619161
0.137529 0.088888 0.619609
0.137816 0.089707 0.619513
0.138278 0.089915 0.619504
0.136710 0.089585 0.620537
0.136760 0.089893 0.621392
0.136944 0.089248 0.621571
0.135974 0.089915 0.621506
0.136792 0.089826 0.621594
0.134603 0.090051 0.623132
0.135718 0.089236 0.623274
0.135537 0.089318 0.622966
0.135292 0.089354 0.623720
0.134827 0.089019 0.624289
0.134971 0.089131 0.623799
0.134593 0.089804 0.625975
0.133592 0.090261 0.625853
0.133358 0.089675 0.625335
0.133821 0.089202 0.627148
0.133297 0.088702 0.626631
0.132330 0.090002 0.626965
0.132165 0.088671 0.627679
0.131817 0.089179 0.627973
0.131523 0.089190 0.628572
0.132095 0.089775 0.628364
0.131130 0.090388 0.629150
0.130663 0.089641 0.629094
0.130284 0.089672 0.630487
0.129679 0.090576 0.630393
0.129411 0.089380 0.630922
0.129484 0.088559 0.631305
0.128494 0.090009 0.630666
0.127708 0.089308 0.631010
0.128488 0.089378 0.632588
0.127412 0.090165 0.632432
0.127382 0.089022 0.632545
0.126996 0.089575 0.631969
0.126348 0.090103 0.633355
0.126136 0.090247 0.633379
0.125331 0.088760 0.633313
0.125129 0.089252 0.633848
0.124700 0.088852 0.633628
0.125301 0.089751 0.634170
0.123312 0.089587 0.634611
0.124149 0.090530 0.635793
0.123037 0.090128 0.635486
0.122299 0.090134 0.635960
0.123106 0.089692 0.636034
0.121972 0.089899 0.636080
0.121647 0.090383 0.637149
0.121773 0.089174 0.637020
0.121194 0.093369 0.563291
0.120710 0.092406 0.563387
0.122290 0.093421 0.563511
0.122812 0.092989 0.564241
0.123021 0.093032 0.564357
0.122237 0.093280 0.565688
0.124249 0.093095 0.564651
0.124732 0.094015 0.564960
0.124367 0.093338 0.565580
0.125315 0.092638 0.565874
0.126006 0.093680 0.566756
0.125918 0.093691 0.566371
0.125660 0.093276 0.566146
0.126891 0.093384 0.566398
0.127091 0.092480 0.566344
0.127006 0.092942 0.567232
0.127897 0.092524 0.567765
0.128706 0.092570 0.567837
0.128659 0.092692 0.569131
0.128496 0.092570 0.569795
0.129527 0.092830 0.568734
0.129148 0.092988 0.569364
0.130852 0.092579 0.569166
0.130574 0.092105 0.569357
0.129705 0.093144 0.569642
0.131259 0.092647 0.571303
0.130715 0.093294 0.570906
0.131307 0.092496 0.571404
0.130896 0.093247 0.572278
0.132463 0.091835 0.572004
0.132866 0.092839 0.572578
0.132200 0.092608 0.573000
0.132657 0.092921 0.573424
0.134315 0.092952 0.574448
0.133669 0.092263 0.574780
0.134659 0.093266 0.574401
0.134676 0.093173 0.575574
0.134867 0.093588 0.574969
0.134281 0.092982 0.575453
0.135382 0.093131 0.577167
0.134836 0.092338 0.576670
0.135830 0.093263 0.577460
0.135566 0.093670 0.576863
0.136841 0.092101 0.579501
0.136213 0.092863 0.578769
0.136351 0.092611 0.578424
0.137131 0.092852 0.578688
0.137188 0.092669 0.579470
0.137749 0.091738 0.579916
0.137089 0.092786 0.580823
0.138070 0.092799 0.581122
0.138547 0.093021 0.582258
0.139308 0.093318 0.582467
0.139024 0.092445 0.582448
0.138432 0.093517 0.583008
0.139103 0.092490 0.583496
0.139239 0.092844 0.583895
0.139102 0.092578 0.583811
0.139757 0.093002 0.584459
0.140103 0.093301 0.585060
0.140208 0.092424 0.585884
0.140619 0.092998 0.586847
0.140867 0.093124 0.587042
0.140822 0.092611 0.587533
0.140581 0.093323 0.587509
0.141310 0.092938 0.587638
0.140082 0.091943 0.589885
0.140555 0.092367 0.589474
0.141742 0.093054 0.588941
0.140994 0.092065 0.589478
0.142134 0.092957 0.590527
0.141021 0.093050 0.591240
0.141453 0.092918 0.590955
0.141141 0.092920 0.591892
0.140610 0.092564 0.592974
0.141888 0.093064 0.593155
0.141384 0.092900 0.591953
0.142672 0.092343 0.594303
0.141373 0.093487 0.593561
0.141490 0.093052 0.595153
0.142226 0.093567 0.595128
0.142537 0.093247 0.595917
0.142026 0.093305 0.596594
0.142482 0.093224 0.597594
0.142400 0.093072 0.597407
0.142599 0.092634 0.597628
0.142429 0.092862 0.598329
0.142569 0.092707 0.599518
0.142868 0.093500 0.599201
0.141606 0.093674 0.599555
0.142937 0.093422 0.600659
0.143153 0.093393 0.600688
0.142356 0.091999 0.601177
0.143449 0.092995 0.601145
0.143095 0.092296 0.602380
0.141724 0.093181 0.602851
0.142802 0.092636 0.603437
0.142503 0.092420 0.604046
0.142389 0.092644 0.603770
0.142684 0.093473 0.604653
0.142315 0.093751 0.604686
0.141892 0.092956 0.605801
0.141784 0.092376 0.605581
0.141415 0.092725 0.607044
0.142355 0.092631 0.606759
0.141660 0.092680 0.607956
0.141044 0.091927 0.608130
0.141233 0.092754 0.609588
0.141747 0.092521 0.609487
0.141664 0.094124 0.609610
0.141375 0.093012 0.609357
0.140655 0.093114 0.610056
0.141043 0.092662 0.611247
0.140783 0.092095 0.611400
0.140251 0.093261 0.611255
0.141031 0.093881 0.612579
0.140961 0.092406 0.614293
0.139937 0.092726 0.613153
0.140260 0.092646 0.613388
0.140396 0.093217 0.614745
0.140011 0.093533 0.615009
0.139255 0.092556 0.615380
0.139418 0.093080 0.615316
0.140132 0.093843 0.616015
0.139234 0.092506 0.615822
0.139064 0.092646 0.616861
0.139087 0.092252 0.616710
0.138150 0.092260 0.617670
0.137690 0.093121 0.617632
0.137672 0.092704 0.618938
0.137912 0.092805 0.619980
0.137730 0.092419 0.620062
0.136924 0.093408 0.620396
0.137290 0.092851 0.620943
0.136878 0.093020 0.620320
0.136793 0.093748 0.621475
0.135979 0.092679 0.621689
0.135385 0.092952 0.622696
0.136512 0.092769 0.622150
0.135004 0.093287 0.623409
0.135746 0.092638 0.623370
0.134677 0.092990 0.624136
0.134743 0.093306 0.624259
0.134915 0.092311 0.623872
0.134163 0.092714 0.624694
0.133006 0.092904 0.625810
0.134736 0.092757 0.625721
0.133052 0.092693 0.626876
0.132379 0.092416 0.626500
0.133228 0.093453 0.626678
0.133197 0.092371 0.628083
0.131856 0.092888 0.628189
0.132455 0.092856 0.628802
0.131393 0.093843 0.628810
0.130973 0.093290 0.628861
0.130460 0.092934 0.629384
0.129408 0.093956 0.629608
0.128787 0.093704 0.630078
0.129863 0.092437 0.631442
0.129842 0.092249 0.631166
0.129093 0.093283 0.630904
0.128593 0.091791 0.631700
0.128205 0.093437 0.631782
0.127669 0.093522 0.631962
0.126905 0.092467 0.633012
0.126892 0.092802 0.633634
0.127362 0.093162 0.633031
0.125640 0.092817 0.633227
0.126592 0.092847 0.633632
0.125662 0.092988 0.634019
0.124883 0.091846 0.634413
0.125080 0.093155 0.634699
0.124015 0.092803 0.635474
0.122842 0.093551 0.634594
0.124032 0.093400 0.635625
0.123213 0.093719 0.635251
0.123048 0.092619 0.635828
0.121798 0.092636 0.635428
0.121600 0.093657 0.635975
0.121363 0.092943 0.636196
0.121116 0.095951 0.563199
0.121325 0.096701 0.563626
0.121868 0.096129 0.563127
0.122927 0.095981 0.564034
0.123456 0.096829 0.564539
0.122768 0.095503 0.564459
0.123390 0.096108 0.563901
0.124437 0.096570 0.564834
0.124624 0.095783 0.566225
0.124930 0.096340 0.565587
0.125302 0.096751 0.566703
0.125295 0.095945 0.566227
0.125892 0.096183 0.566345
0.126694 0.096630 0.567981
0.127340 0.096217 0.567480
0.127822 0.095742 0.567953
0.128649 0.095909 0.567677
0.128440 0.095828 0.568517
0.129190 0.096906 0.568050
0.128229 0.096152 0.568946
0.128839 0.096562 0.569135
0.129602 0.096492 0.570454
0.129739 0.096374 0.569692
0.130393 0.095488 0.570618
0.130853 0.096818 0.570929
0.131378 0.095974 0.570919
0.131252 0.096302 0.571504
0.131871 0.096320 0.571352
0.132502 0.096423 0.571664
0.132235 0.096595 0.572872
0.133081 0.095725 0.572988
0.133545 0.096659 0.572668
0.133156 0.095833 0.573486
0.133720 0.096675 0.573843
0.133723 0.096213 0.574125
0.134142 0.096875 0.574795
0.133753 0.096526 0.574592
0.134682 0.097242 0.575695
0.133984 0.096025 0.575815
0.136173 0.095551 0.576038
0.135098 0.096179 0.577691
0.135963 0.096160 0.577028
0.136139 0.096407 0.576762
0.137081 0.096421 0.578372
0.136540 0.096718 0.578419
0.137165 0.095773 0.579657
0.137090 0.096210 0.579024
0.137515 0.096121 0.579798
0.137502 0.096351 0.580064
0.138575 0.095618 0.580784
0.136791 0.096975 0.581656
0.137932 0.096640 0.582016
0.138607 0.095722 0.582151
0.138841 0.096581 0.581699
0.138795 0.096519 0.583443
0.139006 0.096662 0.583098
0.138924 0.095722 0.584115
0.139488 0.095801 0.584079
0.140026 0.096209 0.584393
0.140296 0.096781 0.585106
0.139999 0.095595 0.585480
0.140405 0.096698 0.586252
0.140335 0.097079 0.586367
0.140492 0.097061 0.586888
0.140410 0.096727 0.587859
0.140831 0.096665 0.587739
0.140594 0.096600 0.589145
0.141089 0.096136 0.589557
0.140828 0.096226 0.589536
0.141806 0.097092 0.589445
0.141387 0.097045 0.590320
0.141643 0.096802 0.590826
0.142524 0.096467 0.591792
0.141502 0.095717 0.592166
0.142299 0.095979 0.592426
0.141827 0.096076 0.593120
0.141896 0.096648 0.593235
0.141869 0.095926 0.593464
0.141792 0.095942 0.595076
0.142162 0.096353 0.594754
0.141876 0.096744 0.595438
0.142327 0.096110 0.595085
0.141912 0.097853 0.596115
0.142153 0.096931 0.596706
0.141819 0.097284 0.597871
0.142289 0.096613 0.598017
0.142340 0.096224 0.598213
0.142579 0.096623 0.598103
0.142640 0.096651 0.598811
0.143245 0.096141 0.599166
0.141856 0.096238 0.601268
0.143258 0.097219 0.600541
0.141659 0.095396 0.601003
0.142388 0.096806 0.601937
0.142323 0.097161 0.602369
0.141671 0.096755 0.603216
0.142959 0.097322 0.604185
0.142485 0.096484 0.604523
0.142265 0.096417 0.603532
0.142302 0.095788 0.604389
0.142214 0.095988 0.605004
0.142740 0.096059 0.606017
0.141853 0.095967 0.605855
0.141406 0.095835 0.606314
0.141486 0.095891 0.607534
0.142314 0.096738 0.607478
0.142026 0.096715 0.607518
0.140599 0.096476 0.608877
0.141599 0.097024 0.608819
0.140914 0.096243 0.608783
0.140939 0.096265 0.608972
0.140787 0.095987 0.610417
0.141658 0.096377 0.610751
0.139886 0.096625 0.611447
0.140220 0.095790 0.612595
0.140217 0.095980 0.611882
0.140727 0.096620 0.612902
0.140179 0.096096 0.613327
0.140458 0.096076 0.614413
0.140183 0.096614 0.613948
0.140112 0.096272 0.615373
0.139011 0.094922 0.615383
0.139662 0.097479 0.615248
0.139138 0.096751 0.615909
0.138720 0.096299 0.617503
0.139290 0.095977 0.616304
0.139340 0.096527 0.618322
0.138326 0.096166 0.618492
0.137095 0.096641 0.618986
0.138275 0.097534 0.619252
0.136457 0.096868 0.618390
0.137660 0.096238 0.620317
0.137785 0.097454 0.619983
0.135907 0.096553 0.621357
0.137088 0.097516 0.621274
0.137130 0.096448 0.621818
0.137160 0.096477 0.621532
0.136461 0.095907 0.622760
0.135999 0.096070 0.622951
0.135359 0.095321 0.622426
0.134975 0.096322 0.623466
0.135391 0.095644 0.624075
0.135392 0.096088 0.623432
0.133107 0.096391 0.625314
0.134332 0.095305 0.624035
0.134157 0.096729 0.625882
0.133227 0.095980 0.625332
0.133292 0.097383 0.626641
0.132441 0.096511 0.628046
0.133277 0.095619 0.626873
0.132168 0.096506 0.627711
0.131447 0.096701 0.628374
0.131404 0.095946 0.629259
0.131725 0.097360 0.628467
0.131269 0.095558 0.628544
0.130774 0.096358 0.629741
0.129887 0.096339 0.629512
0.130146 0.096184 0.630247
0.129021 0.096701 0.630672
0.128205 0.096985 0.631108
0.128393 0.096608 0.630470
0.128270 0.095856 0.631924
0.127495 0.097061 0.631843
0.128422 0.096697 0.631724
0.127229 0.096098 0.633078
0.127660 0.096505 0.632311
0.127189 0.096148 0.632793
0.126210 0.096429 0.633837
0.125743 0.095617 0.633775
0.126322 0.095981 0.634899
0.124969 0.096946 0.634020
0.124457 0.095693 0.634523
0.122932 0.096048 0.634740
0.124453 0.096623 0.635847
0.123287 0.096273 0.636295
0.122914 0.096713 0.635480
0.121697 0.096028 0.636743
0.123047 0.096830 0.635365
0.121477 0.095276 0.635474
0.120467 0.096888 0.636475
0.121934 0.099557 0.562942
0.121701 0.099693 0.563352
0.121859 0.099339 0.563539
0.122362 0.099790 0.564322
0.122486 0.098784 0.564316
0.123723 0.099973 0.563404
0.123236 0.100523 0.565858
0.124642 0.100095 0.565577
0.124953 0.100074 0.565120
0.125431 0.099434 0.565718
0.125263 0.100774 0.565226
0.126578 0.099110 0.566975
0.125706 0.099997 0.566512
0.126502 0.099302 0.567391
0.126670 0.100043 0.567125
0.127903 0.100330 0.567068
0.128183 0.099424 0.567785
0.128193 0.100259 0.567430
0.127662 0.099260 0.568724
0.128484 0.099737 0.569798
0.128997 0.100659 0.569247
0.129162 0.099387 0.569049
0.129881 0.099514 0.569898
0.131023 0.099381 0.570602
0.130067 0.098728 0.570936
0.131102 0.099831 0.570526
0.131037 0.099304 0.571198
0.131884 0.099823 0.572226
0.131400 0.100111 0.572085
0.132732 0.100205 0.572273
0.133431 0.100138 0.573010
0.133558 0.098646 0.573657
0.133674 0.098869 0.573824
0.133304 0.099695 0.573240
0.133565 0.099085 0.573634
0.133365 0.099824 0.575151
0.133667 0.099554 0.575267
0.134492 0.099232 0.576323
0.135051 0.100116 0.575857
0.134994 0.099354 0.575776
0.135556 0.099593 0.576718
0.136244 0.100528 0.576993
0.135729 0.099747 0.577858
0.136546 0.099746 0.577627
0.136841 0.098857 0.577722
0.137281 0.099198 0.579329
0.137202 0.100505 0.579425
0.137700 0.099229 0.580218
0.137419 0.099983 0.579814
0.138318 0.098065 0.581053
0.137835 0.099595 0.581497
0.138668 0.100395 0.581206
0.139101 0.099777 0.581084
0.137859 0.099897 0.582701
0.138875 0.099594 0.583856
0.138736 0.100400 0.582636
0.138588 0.099927 0.584524
0.140245 0.099558 0.584665
0.139712 0.099653 0.585275
0.138935 0.100332 0.584586
0.140283 0.099431 0.585140
0.139477 0.100034 0.585643
0.140070 0.099179 0.586469
0.140338 0.099997 0.586933
0.141318 0.098942 0.588324
0.140470 0.099469 0.588291
0.140318 0.100596 0.588219
0.140003 0.099968 0.589561
0.140887 0.100114 0.589552
0.140568 0.099040 0.589281
0.141017 0.100569 0.590006
0.142497 0.099772 0.590097
0.142183 0.100473 0.591769
0.142616 0.099207 0.591260
0.141733 0.098682 0.591914
0.141635 0.100292 0.592515
0.141348 0.099532 0.593471
0.142962 0.099488 0.593244
0.142954 0.100417 0.594123
0.142287 0.100516 0.595116
0.142765 0.099573 0.595236
0.142459 0.100040 0.596017
0.141947 0.100143 0.596297
0.141021 0.100285 0.596855
0.142911 0.100239 0.596900
0.143537 0.099176 0.597725
0.142163 0.099259 0.597401
0.142169 0.100717 0.599512
0.141828 0.099520 0.599730
0.142472 0.100256 0.598876
0.142533 0.099997 0.600381
0.142949 0.099245 0.600799
0.141857 0.099949 0.601195
0.142757 0.099838 0.601942
0.142275 0.099646 0.602036
0.142320 0.100423 0.602115
0.143274 0.100809 0.604402
0.142711 0.100478 0.603361
0.141658 0.099598 0.604265
0.142594 0.100081 0.605448
0.141896 0.099784 0.604863
0.141918 0.099525 0.605541
0.141761 0.099854 0.607295
0.141800 0.099174 0.606138
0.141402 0.099879 0.608737
0.141917 0.100011 0.607453
0.141605 0.099646 0.607978
0.142068 0.099573 0.609018
0.142073 0.099938 0.609585
0.141451 0.099988 0.609323
0.141899 0.099749 0.610060
0.140977 0.099668 0.610333
0.140966 0.099564 0.611306
0.140539 0.099649 0.611927
0.140406 0.100153 0.611054
0.140681 0.100024 0.612776
0.140568 0.100387 0.612801
0.139791 0.098824 0.613785
0.138913 0.099525 0.614128
0.139494 0.099646 0.614031
0.139996 0.099543 0.615321
0.138238 0.099617 0.614841
0.139232 0.099873 0.617351
0.139921 0.099639 0.615479
0.138494 0.099554 0.616448
0.138355 0.099842 0.616247
0.138567 0.099679 0.617719
0.137611 0.099275 0.617358
0.139068 0.099648 0.618129
0.139017 0.100408 0.618043
0.137959 0.099655 0.619476
0.137542 0.099258 0.619758
0.137105 0.099962 0.619498
0.136684 0.100006 0.621233
0.137077 0.099809 0.621256
0.136122 0.099290 0.620669
0.136919 0.099739 0.622027
0.135183 0.099091 0.621002
0.136179 0.100481 0.622710
0.135956 0.099188 0.623010
0.135367 0.100737 0.623767
0.135045 0.099186 0.624274
0.134733 0.099376 0.624747
0.134485 0.099499 0.624597
0.133710 0.098881 0.625733
0.134398 0.099852 0.625715
0.133034 0.099456 0.626888
0.132641 0.099521 0.627400
0.133488 0.100673 0.626959
0.132181 0.099611 0.627929
0.133461 0.100507 0.627941
0.133150 0.099616 0.628403
0.131623 0.099049 0.628422
0.131949 0.098912 0.628376
0.130627 0.099663 0.628954
0.130554 0.099287 0.629545
0.130613 0.100532 0.629391
0.129622 0.100208 0.629152
0.129781 0.099065 0.630824
0.128150 0.099031 0.631310
0.128397 0.099724 0.630776
0.129152 0.099349 0.631071
0.128375 0.099694 0.631766
0.126563 0.100269 0.631796
0.127737 0.100498 0.633225
0.126683 0.099783 0.633148
0.126294 0.100041 0.633259
0.126398 0.100229 0.633075
0.126059 0.099786 0.633610
0.125875 0.099634 0.635111
0.124144 0.099288 0.634461
0.124064 0.099873 0.635278
0.124187 0.099121 0.636255
0.123728 0.099839 0.634602
0.123152 0.099490 0.635666
0.122381 0.100267 0.635502
0.123242 0.099256 0.636259
0.121900 0.099693 0.635287
0.121233 0.099707 0.636103
0.120760 0.099242 0.636233
0.121348 0.102605 0.563243
0.122113 0.102513 0.563817
0.121421 0.102667 0.563402
0.122894 0.103718 0.564166
0.122489 0.102659 0.564356
0.123627 0.103263 0.564435
0.123596 0.103545 0.564126
0.123675 0.103050 0.565187
0.123967 0.103495 0.565324
0.124705 0.103234 0.565001
0.125744 0.102582 0.566528
0.125806 0.103482 0.565909
0.126230 0.102943 0.565382
0.126373 0.102862 0.567008
0.127237 0.102980 0.567199
0.126955 0.103463 0.566908
0.127534 0.103405 0.567841
0.127127 0.102959 0.568421
0.128795 0.103107 0.569146
0.129161 0.102146 0.568152
0.129026 0.102867 0.568560
0.129352 0.102778 0.568922
0.129496 0.103049 0.570676
0.130510 0.102496 0.570504
0.131415 0.103778 0.570231
0.130486 0.103195 0.570729
0.132045 0.101799 0.571446
0.132150 0.103080 0.571523
0.132496 0.102700 0.572600
0.132453 0.103046 0.572443
0.132917 0.103194 0.573527
0.131789 0.102845 0.572940
0.133035 0.103329 0.574085
0.133049 0.102617 0.574000
0.133727 0.103692 0.573602
0.134239 0.102470 0.575027
0.134325 0.103465 0.575602
0.134512 0.102494 0.575200
0.135970 0.102437 0.575219
0.134742 0.103313 0.576016
0.134905 0.103369 0.576634
0.135258 0.103261 0.577151
0.136807 0.103761 0.577980
0.136502 0.102460 0.577851
0.135481 0.104088 0.578292
0.136994 0.103510 0.579200
0.137359 0.102747 0.579055
0.136346 0.103929 0.580404
0.137248 0.103094 0.581032
0.138131 0.103265 0.581076
0.137841 0.102934 0.581932
0.138613 0.102387 0.581496
0.138427 0.102684 0.583181
0.138947 0.102833 0.582275
0.139217 0.102815 0.583321
0.139054 0.102109 0.583616
0.139236 0.103576 0.583530
0.139065 0.102348 0.584830
0.140056 0.102976 0.584630
0.139571 0.102880 0.585254
0.139532 0.102826 0.585152
0.140147 0.102410 0.585823
0.141160 0.102753 0.587205
0.140663 0.103822 0.586301
0.141000 0.102613 0.587441
0.141424 0.103426 0.586673
0.140345 0.103727 0.588415
0.140557 0.101951 0.589373
0.140054 0.102661 0.590105
0.142261 0.102092 0.588907
0.141727 0.102805 0.590737
0.142218 0.103091 0.590973
0.141922 0.103059 0.591237
0.142094 0.102833 0.591398
0.141883 0.100981 0.591979
0.141259 0.102601 0.592296
0.141402 0.102532 0.593821
0.141675 0.103022 0.594155
0.142418 0.102788 0.594173
0.141827 0.102554 0.595140
0.141905 0.102552 0.595374
0.143190 0.103822 0.595678
0.142520 0.103162 0.596474
0.142588 0.103502 0.596504
0.143315 0.103461 0.597993
0.142585 0.102092 0.598327
0.143262 0.102726 0.598183
0.142105 0.102882 0.598701
0.142957 0.102923 0.598929
0.143346 0.103359 0.600172
0.142404 0.102978 0.600294
0.142542 0.104026 0.600701
0.142339 0.102260 0.600835
0.142547 0.103295 0.601274
0.141402 0.103083 0.601573
0.142124 0.102489 0.603187
0.142764 0.103215 0.603526
0.142719 0.102264 0.603800
0.141949 0.103532 0.604453
0.142286 0.104202 0.605411
0.142629 0.102755 0.605413
0.141647 0.102518 0.605964
0.141908 0.103158 0.606161
0.141690 0.103064 0.606311
0.141389 0.102952 0.606793
0.142074 0.102556 0.606719
0.141291 0.101900 0.607900
0.141922 0.102956 0.608096
0.142118 0.103290 0.608654
0.141951 0.103202 0.608878
0.140783 0.103038 0.611608
0.141036 0.102699 0.610689
0.140442 0.103047 0.611494
0.140870 0.103303 0.611373
0.141558 0.103066 0.611976
0.141032 0.103268 0.611816
0.140734 0.102954 0.613579
0.141515 0.103228 0.613741
0.140074 0.102517 0.613082
0.139741 0.102022 0.614683
0.139789 0.103031 0.615559
0.138808 0.103041 0.615459
0.139070 0.103221 0.615569
0.138675 0.103187 0.616039
0.139558 0.104260 0.616257
0.138812 0.102231 0.616851
0.138216 0.102611 0.618098
0.138392 0.102473 0.617669
0.138068 0.102990 0.618864
0.137762 0.103426 0.619987
0.138071 0.103224 0.619546
0.137342 0.102629 0.620657
0.137482 0.102773 0.621118
0.137724 0.103089 0.621120
0.137145 0.102505 0.620861
0.136905 0.102995 0.621829
0.136471 0.102077 0.621471
0.136322 0.102258 0.622452
0.136663 0.102814 0.622308
0.135951 0.102816 0.623116
0.136136 0.102293 0.623428
0.134361 0.102757 0.624268
0.134703 0.103161 0.624466
0.134223 0.102740 0.624743
0.133304 0.102985 0.625162
0.132776 0.102151 0.624572
0.132870 0.103335 0.625147
0.133929 0.103274 0.626316
0.132975 0.102893 0.627209
0.131120 0.103042 0.627417
0.132203 0.103423 0.627160
0.131165 0.103132 0.627782
0.131562 0.102216 0.627916
0.130972 0.103689 0.628606
0.130833 0.103398 0.629917
0.131822 0.102875 0.629548
0.130373 0.102962 0.629460
0.130910 0.102441 0.629957
0.129304 0.101988 0.631207
0.128148 0.103080 0.629931
0.128458 0.103127 0.630826
0.128254 0.102708 0.631555
0.128820 0.103786 0.632265
0.128164 0.102840 0.632006
0.127031 0.103615 0.631751
0.127005 0.103620 0.632105
0.126409 0.102565 0.633005
0.125917 0.103796 0.633806
0.126037 0.103149 0.634263
0.125090 0.103078 0.633931
0.124752 0.102284 0.634537
0.124648 0.103153 0.634884
0.124929 0.102993 0.635296
0.123940 0.102757 0.634629
0.123328 0.102945 0.636441
0.123452 0.102773 0.635417
0.122692 0.102563 0.635624
0.121728 0.103516 0.635914
0.121033 0.102450 0.636228
0.121807 0.103009 0.637321
0.120856 0.106040 0.563330
0.121166 0.106319 0.563811
0.122317 0.105779 0.563860
0.122219 0.106245 0.562894
0.122771 0.106629 0.564825
0.123151 0.106164 0.564334
0.123048 0.106337 0.564463
0.124388 0.106572 0.565723
0.123640 0.105746 0.565527
0.125016 0.106258 0.565566
0.125602 0.106078 0.565469
0.126694 0.106434 0.566435
0.126023 0.105893 0.567937
0.126823 0.106372 0.567357
0.127442 0.106126 0.566582
0.127281 0.105217 0.567101
0.127474 0.106770 0.567142
0.127630 0.107056 0.567638
0.128337 0.106215 0.569274
0.128517 0.106413 0.568753
0.129281 0.106008 0.569233
0.129044 0.107558 0.569851
0.129012 0.106652 0.570171
0.130096 0.107077 0.570187
0.131283 0.106164 0.570866
0.130952 0.106529 0.571394
0.131535 0.105807 0.571340
0.130849 0.106392 0.570817
0.132650 0.106228 0.571673
0.133364 0.106758 0.572191
0.131667 0.106311 0.572741
0.132417 0.106083 0.573314
0.134453 0.106687 0.572560
0.134302 0.106681 0.573033
0.133952 0.106485 0.574550
0.134362 0.107121 0.574401
0.134651 0.107061 0.574725
0.134325 0.106380 0.575531
0.135397 0.106411 0.575474
0.135077 0.106849 0.575581
0.135375 0.106647 0.576178
0.135494 0.106141 0.576639
0.135497 0.106667 0.577118
0.136821 0.106572 0.578684
0.137080 0.106277 0.578105
0.136466 0.106702 0.578943
0.137476 0.106715 0.579696
0.137818 0.105235 0.579442
0.137872 0.106132 0.580770
0.137646 0.106590 0.579915
0.137550 0.106036 0.581426
0.138349 0.106486 0.581601
0.138029 0.106469 0.581612
0.137832 0.106419 0.582556
0.138128 0.105677 0.582127
0.138999 0.106564 0.583505
0.139094 0.106599 0.583948
0.139216 0.105424 0.583461
0.139463 0.105955 0.584163
0.139141 0.106110 0.584248
0.140181 0.106135 0.586235
0.140254 0.106725 0.585800
0.140514 0.105896 0.586907
0.141276 0.106397 0.586253
0.140066 0.106525 0.587839
0.141035 0.107048 0.587815
0.140510 0.104871 0.588678
0.141046 0.106881 0.589178
0.141261 0.106043 0.589345
0.141743 0.106158 0.590373
0.141006 0.107231 0.590429
0.140714 0.106520 0.591429
0.141346 0.106628 0.592212
0.141274 0.105643 0.591952
0.142622 0.107048 0.591943
0.141622 0.106285 0.591967
0.141802 0.106687 0.592926
0.142230 0.105592 0.593920
0.142770 0.105833 0.593690
0.142350 0.106824 0.594333
0.142121 0.106216 0.594716
0.142603 0.106988 0.596277
0.141830 0.106791 0.596618
0.142143 0.106077 0.597182
0.142181 0.106490 0.597134
0.142454 0.105858 0.597672
0.142052 0.106156 0.598304
0.143711 0.107480 0.599225
0.142899 0.106519 0.599297
0.143214 0.105947 0.599505
0.142589 0.107329 0.600509
0.142440 0.106071 0.600915
0.142747 0.106680 0.601231
0.142027 0.106126 0.601268
0.142446 0.105826 0.602383
0.142044 0.106839 0.603401
0.142010 0.106912 0.604039
0.142566 0.106314 0.603946
0.142747 0.105776 0.603322
0.142549 0.106349 0.604972
0.142243 0.106116 0.604826
0.141753 0.106034 0.605589
0.142212 0.106280 0.606506
0.141675 0.105584 0.607064
0.141224 0.107076 0.607735
0.142183 0.106444 0.607086
0.141462 0.106590 0.607881
0.142671 0.106338 0.609014
0.141713 0.106224 0.609965
0.141537 0.105822 0.609712
0.140245 0.106322 0.609679
0.141138 0.107144 0.610626
0.141047 0.105549 0.610589
0.140582 0.106572 0.612117
0.140734 0.107142 0.611318
0.141342 0.106650 0.613082
0.140070 0.106821 0.614044
0.139972 0.106226 0.613031
0.139773 0.107042 0.614002
0.139658 0.106246 0.614701
0.139541 0.106235 0.615400
0.139459 0.105766 0.614653
0.139638 0.106804 0.615562
0.139366 0.106220 0.617002
0.138580 0.106020 0.616323
0.138786 0.105668 0.617321
0.138934 0.106327 0.618599
0.137807 0.106923 0.617038
0.138270 0.107503 0.618782
0.138099 0.106796 0.619563
0.137875 0.106740 0.619538
0.137258 0.106821 0.619227
0.138407 0.106834 0.620179
0.137209 0.105959 0.619459
0.136906 0.105891 0.621649
0.135229 0.106447 0.620525
0.135703 0.106169 0.622092
0.135147 0.106246 0.621806
0.135473 0.106416 0.623336
0.136082 0.106704 0.623538
0.134759 0.106480 0.623860
0.134365 0.106446 0.623861
0.134666 0.106219 0.624399
0.133016 0.106621 0.625665
0.134750 0.106262 0.625651
0.134725 0.106064 0.625863
0.133700 0.106222 0.626247
0.132665 0.106506 0.626429
0.133045 0.106446 0.627661
0.132733 0.105904 0.627424
0.131377 0.106334 0.627278
0.132060 0.106461 0.626887
0.132131 0.106116 0.627542
0.130686 0.107057 0.628913
0.130704 0.105692 0.629695
0.129635 0.105767 0.630181
0.130060 0.106439 0.630285
0.130134 0.106802 0.630310
0.128756 0.106846 0.630110
0.129816 0.105711 0.630481
0.129332 0.106543 0.631064
0.129331 0.106223 0.631849
0.127781 0.106735 0.632340
0.126624 0.106349 0.631747
0.126955 0.105404 0.632636
0.127884 0.105893 0.632512
0.126445 0.106318 0.633303
0.127244 0.106997 0.633787
0.124683 0.106509 0.634394
0.126454 0.106676 0.634737
0.124548 0.106691 0.633959
0.125065 0.107257 0.635313
0.123734 0.106335 0.634705
0.123201 0.105812 0.634363
0.123145 0.106321 0.635950
0.123474 0.105805 0.634610
0.122389 0.105926 0.635971
0.122236 0.106615 0.636217
0.120713 0.106821 0.636340
0.120877 0.106930 0.636737
0.120923 0.110228 0.563328
0.121858 0.109404 0.563956
0.121558 0.109990 0.563413
0.122153 0.109356 0.563681
0.122967 0.110239 0.564920
0.123242 0.109058 0.564314
0.123773 0.110432 0.564879
0.123215 0.109348 0.564934
0.125101 0.109902 0.565605
0.125050 0.110063 0.565037
0.125623 0.109475 0.566288
0.125537 0.110070 0.564708
0.126094 0.108915 0.566878
0.125932 0.110084 0.566554
0.126504 0.111560 0.566702
0.127214 0.110541 0.567982
0.127662 0.108730 0.567996
0.128249 0.109515 0.567931
0.128430 0.109909 0.568213
0.128409 0.110077 0.567894
0.129215 0.110432 0.569096
0.128968 0.109189 0.569209
0.130418 0.110408 0.568996
0.130219 0.109299 0.570193
0.130892 0.109683 0.571094
0.130452 0.109491 0.571622
0.132219 0.109544 0.571480
0.131452 0.109762 0.571205
0.132908 0.109011 0.572083
0.131964 0.110159 0.572474
0.133085 0.109565 0.573312
0.132694 0.109552 0.573480
0.134032 0.108448 0.573218
0.133709 0.109248 0.573889
0.133787 0.110272 0.573875
0.133725 0.109545 0.574284
0.134596 0.109773 0.574737
0.134820 0.110372 0.574909
0.134166 0.109216 0.576168
0.135095 0.109891 0.575570
0.135456 0.110360 0.576534
0.135553 0.110792 0.576880
0.136137 0.110039 0.576768
0.136268 0.109916 0.578588
0.135784 0.109689 0.578104
0.136862 0.109126 0.578722
0.137408 0.109618 0.578865
0.137931 0.111172 0.579481
0.136504 0.109329 0.580042
0.138218 0.109864 0.580774
0.138239 0.109558 0.581185
0.137932 0.110259 0.581018
0.138397 0.110068 0.581470
0.138574 0.110255 0.581875
0.138337 0.109001 0.582065
0.138723 0.109366 0.583999
0.139468 0.110222 0.583951
0.138686 0.108902 0.584314
0.139575 0.109633 0.584158
0.139285 0.109783 0.585468
0.140839 0.109813 0.584388
0.140917 0.109459 0.586249
0.139443 0.109637 0.587492
0.140148 0.109683 0.587037
0.141000 0.109612 0.587262
0.141936 0.110028 0.587392
0.141350 0.109432 0.587737
0.140782 0.109742 0.589484
0.141567 0.109666 0.590267
0.142340 0.109322 0.590442
0.142179 0.109932 0.590110
0.141663 0.109924 0.591076
0.141917 0.110037 0.592245
0.141889 0.109876 0.591821
0.141942 0.109744 0.592381
0.142380 0.108589 0.592061
0.142630 0.109948 0.592466
0.141952 0.108962 0.594264
0.141686 0.110539 0.594070
0.142017 0.109615 0.593947
0.143042 0.109429 0.594863
0.142966 0.109982 0.596123
0.142296 0.109178 0.596933
0.142601 0.110097 0.598442
0.142617 0.109863 0.597950
0.141515 0.109222 0.597881
0.142410 0.109223 0.599472
0.141388 0.109919 0.598510
0.142866 0.110397 0.599631
0.142089 0.110956 0.599670
0.142490 0.109766 0.600632
0.142397 0.109985 0.601656
0.141371 0.110687 0.600367
0.142232 0.109064 0.602381
0.142107 0.109950 0.603561
0.143123 0.110074 0.602437
0.142221 0.108894 0.602536
0.142135 0.109652 0.603499
0.142774 0.109001 0.604392
0.141701 0.110111 0.603284
0.141831 0.110051 0.604957
0.141984 0.109369 0.605834
0.141646 0.109753 0.605304
0.142987 0.109310 0.607216
0.141303 0.110061 0.606271
0.141791 0.109701 0.607378
0.141942 0.109807 0.608683
0.140187 0.110091 0.607938
0.142816 0.109861 0.609959
0.141910 0.109774 0.609279
0.141951 0.109778 0.609339
0.140278 0.110036 0.610967
0.141275 0.109257 0.611738
0.141348 0.109577 0.611309
0.139746 0.109902 0.611547
0.139724 0.110137 0.611719
0.140686 0.108655 0.613248
0.140911 0.110280 0.614056
0.140225 0.109912 0.614351
0.139825 0.109228 0.614439
0.139449 0.109867 0.614800
0.139948 0.109151 0.615548
0.139522 0.110049 0.615434
0.140341 0.109386 0.615748
0.138483 0.109737 0.615805
0.139683 0.108957 0.617682
0.139480 0.109014 0.618360
0.137834 0.109833 0.617786
0.138806 0.109250 0.617914
0.137801 0.109947 0.619082
0.138443 0.110182 0.618677
0.137254 0.109567 0.619766
0.136891 0.110343 0.620337
0.137098 0.110501 0.621041
0.137084 0.110481 0.621086
0.136868 0.109838 0.621357
0.137177 0.109412 0.621763
0.135323 0.110365 0.623485
0.135625 0.109418 0.622207
0.135492 0.109559 0.623219
0.135969 0.109864 0.623483
0.135163 0.109438 0.623950
0.135227 0.109468 0.624556
0.134722 0.109689 0.625080
0.134270 0.109374 0.625150
0.134036 0.109961 0.625767
0.132830 0.109227 0.625982
0.133065 0.108838 0.626638
0.132873 0.109401 0.627741
0.131860 0.110032 0.627740
0.132001 0.109806 0.627717
0.132046 0.109437 0.627719
0.131721 0.110629 0.629071
0.131284 0.109061 0.628911
0.130483 0.109475 0.629044
0.130787 0.109668 0.628518
0.130252 0.110034 0.629811
0.129397 0.108906 0.630150
0.129318 0.109394 0.629861
0.128765 0.109673 0.630314
0.128600 0.108542 0.631499
0.128077 0.110353 0.631558
0.128157 0.109712 0.633030
0.127895 0.109752 0.632271
0.126745 0.109537 0.632502
0.127590 0.110904 0.632343
0.125936 0.110270 0.633344
0.126392 0.109981 0.633578
0.126038 0.110523 0.633891
0.125101 0.109856 0.635704
0.125336 0.109283 0.635268
0.124213 0.111272 0.634984
0.124175 0.109660 0.635203
0.123531 0.109669 0.635369
0.122962 0.110082 0.635658
0.122504 0.109559 0.635969
0.123092 0.109923 0.635783
0.121968 0.110409 0.636091
0.121378 0.110155 0.637562
0.121078 0.109711 0.637379
0.120412 0.113327 0.563554
0.122219 0.112906 0.562405
0.123374 0.113057 0.563669
0.122734 0.113421 0.563714
0.123584 0.113461 0.564129
0.123823 0.113639 0.564488
0.123920 0.114039 0.565442
0.124540 0.113572 0.565425
0.124370 0.113016 0.564499
0.124878 0.112569 0.565626
0.125530 0.112869 0.565487
0.126947 0.113936 0.566888
0.128075 0.112899 0.566440
0.126685 0.112586 0.567728
0.126213 0.112922 0.567351
0.127708 0.113695 0.567783
0.128131 0.112560 0.566723
0.127703 0.112530 0.568239
0.128648 0.112821 0.569070
0.129841 0.114649 0.568249
0.129181 0.113772 0.568869
0.129759 0.113808 0.568635
0.130156 0.113011 0.569347
0.130797 0.114177 0.569979
0.130705 0.113252 0.570274
0.131489 0.112649 0.570531
0.131620 0.113152 0.571546
0.131696 0.112826 0.571020
0.132062 0.112675 0.571472
0.132026 0.113271 0.572566
0.132488 0.112874 0.572294
0.132648 0.113162 0.574176
0.133882 0.111697 0.574247
0.133755 0.113234 0.574137
0.133818 0.112731 0.573889
0.134703 0.114029 0.575142
0.134811 0.113498 0.574919
0.134494 0.112827 0.576469
0.134169 0.113335 0.575186
0.135911 0.113531 0.576112
0.134904 0.113266 0.577002
0.135738 0.113957 0.577554
0.136708 0.113771 0.577398
0.136259 0.112987 0.578122
0.136549 0.114383 0.578468
0.137185 0.112281 0.578901
0.137163 0.112176 0.578909
0.136971 0.113324 0.579430
0.137392 0.112658 0.580132
0.137104 0.112778 0.580021
0.138133 0.113114 0.580533
0.138090 0.113496 0.581484
0.137697 0.113317 0.581271
0.137903 0.113283 0.583128
0.138697 0.112828 0.583039
0.138810 0.113392 0.583713
0.139244 0.113201 0.583568
0.140800 0.113004 0.583452
0.139305 0.113401 0.584407
0.139899 0.113463 0.585572
0.140063 0.112390 0.585767
0.140336 0.112806 0.586918
0.140860 0.113390 0.586841
0.142061 0.112781 0.587625
0.140396 0.112822 0.587713
0.140516 0.112402 0.588276
0.140622 0.113721 0.588321
0.141003 0.112854 0.589469
0.140621 0.113259 0.590018
0.141506 0.112373 0.590714
0.141138 0.112376 0.591228
0.140564 0.113148 0.590822
0.141122 0.112182 0.591531
0.142794 0.112767 0.592018
0.142231 0.112473 0.592906
0.141698 0.113332 0.592737
0.142083 0.113038 0.592850
0.142507 0.113383 0.594193
0.141544 0.112916 0.594449
0.142428 0.112980 0.595796
0.142593 0.112180 0.595762
0.142210 0.112883 0.595333
0.142454 0.112419 0.595339
0.141550 0.112496 0.597444
0.142390 0.112874 0.597857
0.142546 0.112699 0.597738
0.142765 0.114019 0.598137
0.141864 0.113084 0.599038
0.142287 0.113417 0.598840
0.143746 0.113190 0.599768
0.142981 0.113410 0.600287
0.142315 0.112857 0.600491
0.142823 0.113013 0.601329
0.142816 0.113677 0.601481
0.141965 0.113178 0.601442
0.141719 0.113053 0.602895
0.142250 0.113175 0.603068
0.141776 0.112724 0.604034
0.141974 0.112147 0.603904
0.142402 0.112501 0.605049
0.142258 0.113309 0.604718
0.141222 0.112840 0.605036
0.142112 0.113219 0.605825
0.141753 0.113386 0.606537
0.141632 0.113248 0.607881
0.141960 0.113353 0.607013
0.141840 0.112570 0.607858
0.141700 0.112990 0.608981
0.141192 0.114421 0.609452
0.141365 0.113065 0.608631
0.141064 0.113965 0.610304
0.140236 0.113150 0.610288
0.141165 0.112871 0.611093
0.141044 0.114055 0.611789
0.141138 0.113309 0.611432
0.139426 0.113620 0.612611
0.140209 0.113040 0.613408
0.139380 0.112855 0.613516
0.139826 0.113093 0.614307
0.138747 0.113047 0.615011
0.139999 0.113367 0.614993
0.139573 0.113470 0.614872
0.138865 0.113616 0.615959
0.138969 0.113981 0.616648
0.138690 0.112874 0.617090
0.138860 0.112853 0.617393
0.138439 0.113456 0.617534
0.137960 0.112872 0.618439
0.138208 0.112841 0.617997
0.138740 0.113478 0.618946
0.138139 0.112973 0.619938
0.138343 0.113363 0.619290
0.137607 0.113595 0.620117
0.137243 0.113246 0.621371
0.137307 0.112769 0.620702
0.135546 0.112988 0.621785
0.136651 0.113521 0.621994
0.135577 0.112532 0.622323
0.136144 0.112686 0.622568
0.135220 0.112426 0.623611
0.134643 0.113384 0.623388
0.134480 0.113676 0.624087
0.134984 0.111899 0.624164
0.134373 0.112756 0.625600
0.133854 0.112726 0.624537
0.133980 0.112619 0.626050
0.133909 0.112791 0.626397
0.133090 0.113413 0.626164
0.132778 0.113495 0.627297
0.132585 0.112050 0.626687
0.131540 0.112775 0.627188
0.131260 0.112042 0.627487
0.131931 0.113495 0.628671
0.131596 0.113460 0.628662
0.130812 0.113056 0.629352
0.130717 0.113376 0.629105
0.130896 0.112716 0.629574
0.130603 0.113055 0.629895
0.130105 0.112425 0.630839
0.128666 0.113058 0.631712
0.128198 0.113051 0.631107
0.128164 0.113351 0.631091
0.127559 0.112326 0.632809
0.127103 0.113182 0.632056
0.127013 0.112432 0.633259
0.126734 0.113159 0.632164
0.126217 0.113047 0.632714
0.126950 0.113297 0.633244
0.126019 0.113056 0.634181
0.125023 0.112864 0.633865
0.124084 0.113102 0.634140
0.123762 0.113465 0.633896
0.123800 0.112878 0.634430
0.123938 0.113143 0.635206
0.123143 0.113809 0.636176
0.123805 0.112349 0.635003
0.122402 0.113850 0.635833
0.121769 0.114121 0.636224
0.122116 0.113325 0.636009
0.121789 0.112767 0.636631
0.121214 0.116045 0.563124
0.121307 0.116120 0.563818
0.122209 0.115900 0.563180
0.122065 0.115999 0.564052
0.123297 0.116528 0.564270
0.123776 0.116837 0.564425
0.124314 0.116266 0.564286
0.123783 0.116620 0.563985
0.124918 0.116352 0.565128
0.124469 0.116055 0.565506
0.125492 0.117255 0.566809
0.127116 0.116464 0.565915
0.126850 0.116041 0.566825
0.126050 0.117365 0.567138
0.127176 0.116157 0.567655
0.127536 0.116945 0.567732
0.127306 0.116867 0.567665
0.128192 0.116254 0.568138
0.127841 0.116512 0.568431
0.129109 0.116938 0.568823
0.129979 0.116510 0.569454
0.129619 0.117293 0.569203
0.128670 0.116994 0.569985
0.130098 0.115846 0.569027
0.130745 0.116017 0.571086
0.132091 0.116778 0.570938
0.130947 0.115953 0.571244
0.132424 0.116919 0.571292
0.132169 0.116610 0.571500
0.132871 0.116799 0.572926
0.133235 0.117151 0.573050
0.133359 0.116470 0.572796
0.133668 0.116690 0.573736
0.133458 0.116091 0.573475
0.133873 0.115995 0.573944
0.134201 0.117139 0.573505
0.133670 0.116751 0.574491
0.135143 0.116373 0.575962
0.135596 0.117184 0.576293
0.134818 0.116306 0.576836
0.135623 0.116050 0.577195
0.135653 0.116925 0.577481
0.135876 0.116590 0.577720
0.136069 0.116583 0.577340
0.135353 0.116356 0.578607
0.136979 0.116142 0.578630
0.136866 0.115880 0.578957
0.137337 0.116023 0.579782
0.137317 0.116069 0.579739
0.138259 0.115456 0.580693
0.137866 0.117139 0.580628
0.137671 0.116698 0.582001
0.139713 0.117264 0.581207
0.139341 0.116505 0.582198
0.138300 0.116651 0.582700
0.138098 0.115956 0.583110
0.139279 0.116012 0.583953
0.139846 0.116281 0.584604
0.139258 0.116488 0.585427
0.139671 0.117385 0.584227
0.140855 0.116764 0.585428
0.139049 0.116121 0.585667
0.139540 0.116592 0.586627
0.140281 0.116958 0.587388
0.140487 0.116613 0.587664
0.140631 0.116408 0.588012
0.141177 0.116381 0.588967
0.140853 0.116026 0.588571
0.141274 0.116823 0.589343
0.141038 0.117059 0.590130
0.140898 0.115591 0.591365
0.141225 0.116412 0.589960
0.141853 0.116488 0.591668
0.142118 0.115968 0.592297
0.141986 0.116047 0.592188
0.141146 0.117010 0.593185
0.142190 0.116609 0.593301
0.141729 0.115372 0.593929
0.142046 0.116590 0.594797
0.142201 0.115781 0.595109
0.142367 0.116461 0.595339
0.142986 0.116446 0.595908
0.142205 0.116149 0.596470
0.142456 0.116403 0.597465
0.142403 0.116257 0.597570
0.141195 0.116621 0.596927
0.142357 0.115970 0.598451
0.143035 0.117157 0.598553
0.142196 0.115684 0.599226
0.143058 0.116297 0.599150
0.143350 0.116917 0.600343
0.143528 0.116038 0.600579
0.141703 0.116892 0.601013
0.142787 0.117121 0.601059
0.142431 0.116304 0.601693
0.142467 0.117090 0.602609
0.142733 0.116385 0.603966
0.143077 0.116580 0.603359
0.142322 0.116494 0.603414
0.143053 0.116147 0.605202
0.142689 0.117367 0.605768
0.141505 0.116217 0.605613
0.141952 0.116732 0.606080
0.142494 0.117074 0.606559
0.142196 0.116850 0.607114
0.141861 0.116647 0.606925
0.142030 0.115807 0.607980
0.142712 0.115977 0.608670
0.141699 0.116465 0.609347
0.141267 0.116420 0.609183
0.141544 0.116649 0.609938
0.140439 0.115486 0.609958
0.140139 0.116951 0.611399
0.141428 0.115859 0.611412
0.140300 0.115824 0.612168
0.140350 0.116220 0.612217
0.139211 0.116500 0.612591
0.140834 0.115972 0.613891
0.140423 0.117292 0.614373
0.140157 0.116806 0.614799
0.139453 0.116143 0.615354
0.140331 0.116850 0.615031
0.138839 0.116724 0.615519
0.139649 0.116260 0.616064
0.138797 0.116091 0.617137
0.139577 0.116196 0.617087
0.139109 0.116703 0.617394
0.138539 0.116715 0.617931
0.138656 0.116280 0.618089
0.138666 0.115435 0.617801
0.138400 0.115430 0.619693
0.137760 0.115953 0.620351
0.137237 0.116677 0.620134
0.136559 0.116073 0.621493
0.136744 0.116770 0.621631
0.136416 0.116757 0.621293
0.136291 0.116196 0.621776
0.136484 0.116044 0.623026
0.136299 0.116379 0.621582
0.135765 0.116422 0.622823
0.135140 0.116842 0.623910
0.135037 0.116187 0.623879
0.134330 0.115999 0.624500
0.134673 0.116705 0.623785
0.134453 0.116364 0.625156
0.133701 0.116071 0.625084
0.133550 0.116398 0.626274
0.133345 0.117308 0.625571
0.134314 0.116227 0.627287
0.132027 0.116899 0.627154
0.132620 0.117043 0.627915
0.132274 0.116930 0.627943
0.131532 0.116151 0.627856
0.130192 0.116113 0.628785
0.131220 0.116934 0.629298
0.130643 0.116652 0.629791
0.129946 0.117129 0.629711
0.129315 0.116521 0.630571
0.130093 0.116120 0.630596
0.128870 0.117161 0.630810
0.129158 0.117124 0.631564
0.129062 0.116860 0.631405
0.128610 0.115636 0.631981
0.127857 0.117065 0.632579
0.127845 0.116513 0.632636
0.126944 0.116357 0.632589
0.126467 0.115482 0.633962
0.126352 0.116671 0.633231
0.125773 0.116697 0.633191
0.125625 0.116091 0.634478
0.126215 0.116334 0.634229
0.125216 0.116215 0.635164
0.124360 0.117720 0.635312
0.123266 0.116915 0.635325
0.123893 0.116683 0.635748
0.122544 0.116856 0.635806
0.123043 0.116818 0.636340
0.122234 0.115940 0.636147
0.121197 0.116613 0.636586
0.120758 0.117104 0.637375
0.121364 0.119864 0.563553
0.121906 0.120221 0.563508
0.122008 0.120207 0.563457
0.122893 0.119641 0.564500
0.123246 0.119585 0.564176
0.123221 0.119233 0.564404
0.122986 0.119829 0.565739
0.124110 0.120134 0.564727
0.125093 0.120189 0.564749
0.125321 0.119968 0.565163
0.125586 0.120088 0.566108
0.125652 0.119392 0.566128
0.126309 0.119725 0.566305
0.127256 0.120647 0.567180
0.127195 0.119664 0.567060
0.127507 0.119024 0.567827
0.128804 0.119701 0.568026
0.128556 0.120376 0.567852
0.128315 0.120072 0.568019
0.129071 0.120057 0.568151
0.129831 0.119354 0.568981
0.130012 0.120014 0.569495
0.129647 0.120056 0.569741
0.130668 0.120085 0.570130
0.130712 0.119988 0.570175
0.131088 0.118787 0.570111
0.131266 0.120297 0.571538
0.131725 0.120058 0.571600
0.131861 0.119192 0.571718
0.131874 0.119499 0.571785
0.133389 0.119557 0.572255
0.132416 0.119477 0.572889
0.133153 0.120160 0.573466
0.133436 0.119456 0.574280
0.134405 0.120181 0.574750
0.135257 0.120293 0.574290
0.134220 0.121029 0.575191
0.134383 0.119213 0.576584
0.135325 0.118955 0.575347
0.135153 0.120113 0.575669
0.134382 0.120840 0.577271
0.135338 0.119683 0.576607
0.135312 0.119991 0.578113
0.136172 0.119924 0.577757
0.137540 0.119901 0.578674
0.136835 0.120214 0.579388
0.137259 0.119556 0.578287
0.137640 0.119733 0.579876
0.137613 0.120410 0.580652
0.137397 0.119784 0.580841
0.137917 0.120335 0.580902
0.138316 0.120441 0.581148
0.138232 0.119645 0.581750
0.138871 0.120216 0.583310
0.138656 0.119736 0.583174
0.138639 0.120307 0.582918
0.139320 0.119469 0.584573
0.140149 0.119476 0.582845
0.139866 0.119831 0.585075
0.140243 0.120475 0.585360
0.140745 0.120893 0.585960
0.140239 0.120155 0.585635
0.140323 0.120111 0.586160
0.140047 0.119878 0.587177
0.139898 0.119777 0.586984
0.140306 0.120899 0.588217
0.140398 0.119353 0.587870
0.140915 0.119809 0.588950
0.140866 0.119529 0.590211
0.141378 0.119563 0.589713
0.141006 0.120236 0.591296
0.141542 0.119735 0.590319
0.141654 0.119248 0.592701
0.142276 0.119231 0.591849
0.142532 0.119132 0.593240
0.141317 0.120139 0.593414
0.142047 0.118929 0.593477
0.142601 0.120223 0.593677
0.141605 0.120055 0.593670
0.142684 0.120003 0.595368
0.141390 0.120293 0.595364
0.142799 0.119634 0.594814
0.142247 0.119838 0.595933
0.141187 0.120076 0.596391
0.142612 0.119726 0.597104
0.142441 0.119411 0.597477
0.143275 0.120051 0.598154
0.142633 0.119435 0.599049
0.141541 0.120047 0.598892
0.142385 0.119178 0.599629
0.142847 0.119607 0.601220
0.142440 0.119999 0.600586
0.142777 0.120258 0.600578
0.142368 0.120655 0.601394
0.142657 0.119663 0.603196
0.142683 0.119209 0.602469
0.142121 0.119758 0.603232
0.142563 0.119648 0.604295
0.142663 0.120527 0.604115
0.142149 0.120953 0.603885
0.142147 0.119700 0.604921
0.142572 0.120503 0.605393
0.142418 0.120137 0.606718
0.142145 0.120301 0.607380
0.141651 0.120449 0.607064
0.142378 0.119578 0.607530
0.141953 0.120212 0.607977
0.141823 0.119665 0.608331
0.141511 0.118962 0.608803
0.141092 0.119576 0.609736
0.141757 0.119250 0.609685
0.140285 0.119427 0.610920
0.141292 0.120738 0.611025
0.140953 0.119199 0.611145
0.141333 0.119581 0.611859
0.140199 0.119793 0.612705
0.141296 0.119892 0.612992
0.140454 0.119435 0.613235
0.140094 0.120738 0.614171
0.139664 0.120211 0.613759
0.139426 0.120107 0.615717
0.138910 0.119861 0.614994
0.138685 0.118776 0.615174
0.139021 0.119671 0.616155
0.139406 0.118807 0.616897
0.138313 0.119348 0.616882
0.138756 0.119934 0.618923
0.138424 0.119766 0.618239
0.137836 0.119829 0.617594
0.138245 0.120378 0.617976
0.138310 0.118635 0.619911
0.137448 0.118820 0.620730
0.137998 0.119934 0.620964
0.137706 0.120310 0.620752
0.136852 0.120132 0.621515
0.135544 0.119219 0.622031
0.137366 0.119021 0.621379
0.136858 0.119288 0.621777
0.135947 0.119482 0.622070
0.136704 0.119936 0.622824
0.135895 0.120683 0.622767
0.135861 0.120689 0.624063
0.134407 0.120530 0.624579
0.134494 0.119636 0.624725
0.134474 0.120492 0.624599
0.133777 0.119956 0.625711
0.133396 0.120903 0.626933
0.132831 0.121262 0.626139
0.133874 0.119242 0.626099
0.132389 0.119232 0.626252
0.132376 0.120431 0.627578
0.131996 0.119659 0.628114
0.131932 0.119755 0.627952
0.131149 0.119261 0.627489
0.131514 0.118912 0.627939
0.130625 0.120615 0.629290
0.129876 0.119857 0.629512
0.129379 0.120478 0.631061
0.129768 0.120482 0.630530
0.128840 0.119564 0.630955
0.129194 0.120981 0.631341
0.128404 0.120194 0.631342
0.128178 0.119676 0.631338
0.127368 0.120111 0.631611
0.126605 0.119626 0.632333
0.126646 0.119736 0.632496
0.126106 0.119386 0.633506
0.126315 0.118857 0.633902
0.125814 0.121118 0.633827
0.125166 0.119685 0.633619
0.124832 0.118824 0.634967
0.125104 0.119559 0.635172
0.124215 0.119992 0.634586
0.123444 0.119062 0.634766
0.123373 0.119960 0.634841
0.122732 0.119522 0.636405
0.122354 0.119332 0.636236
0.121426 0.120472 0.636133
0.121628 0.119955 0.635636
0.120732 0.120187 0.636580
0.122447 0.123287 0.563466
0.122884 0.123400 0.562993
0.122108 0.123997 0.563788
0.122344 0.122384 0.564788
0.123118 0.122698 0.564646
0.123478 0.122221 0.563932
0.123802 0.124125 0.564891
0.124902 0.123370 0.564438
0.125137 0.122081 0.565064
0.125193 0.122830 0.566096
0.126234 0.123004 0.566459
0.126187 0.123260 0.565635
0.126021 0.123378 0.566690
0.126634 0.122897 0.567028
0.127582 0.123421 0.567649
0.127067 0.122950 0.567776
0.127263 0.122654 0.568032
0.128073 0.123563 0.567603
0.129200 0.124224 0.569584
0.129818 0.122516 0.569297
0.129051 0.122326 0.568401
0.129323 0.123899 0.569082
0.130697 0.123096 0.569647
0.131220 0.122585 0.570413
0.130860 0.123564 0.570678
0.130581 0.123444 0.571130
0.130901 0.122698 0.571804
0.131736 0.123719 0.570861
0.131162 0.123852 0.571880
0.132521 0.123195 0.572553
0.133314 0.122821 0.573010
0.131740 0.123077 0.573249
0.134211 0.123453 0.573639
0.133860 0.123467 0.573643
0.133261 0.122953 0.573639
0.133596 0.123425 0.574441
0.134674 0.122731 0.575487
0.134529 0.124167 0.575746
0.134239 0.124232 0.575638
0.135660 0.123058 0.575653
0.135514 0.122888 0.577854
0.136425 0.123499 0.577194
0.135753 0.122862 0.576941
0.136878 0.123528 0.578545
0.136722 0.123208 0.577764
0.136526 0.122894 0.578973
0.137870 0.123664 0.580292
0.136812 0.123039 0.579475
0.137954 0.123001 0.580065
0.138054 0.123108 0.580608
0.138923 0.122840 0.581184
0.138105 0.123076 0.581675
0.139261 0.124018 0.581572
0.138033 0.123006 0.583375
0.137673 0.122867 0.583694
0.138951 0.123044 0.584320
0.138723 0.122564 0.582838
0.139757 0.122836 0.584844
0.138944 0.123130 0.584687
0.140408 0.123590 0.585298
0.139992 0.122617 0.585023
0.140483 0.123009 0.585776
0.141124 0.123445 0.586371
0.140337 0.123659 0.586918
0.140664 0.122289 0.587533
0.140863 0.122654 0.587540
0.140368 0.122428 0.588248
0.141400 0.123963 0.588653
0.140899 0.123594 0.589018
0.140908 0.123585 0.590675
0.141658 0.122715 0.590509
0.141393 0.123577 0.591379
0.140452 0.123524 0.591644
0.141515 0.123743 0.592082
0.141883 0.123819 0.592626
0.142045 0.123463 0.592072
0.141538 0.122562 0.592876
0.141705 0.123298 0.593967
0.142708 0.123236 0.593590
0.142534 0.123977 0.594570
0.142075 0.123405 0.595643
0.142040 0.122141 0.596117
0.142689 0.122454 0.596630
0.141660 0.123435 0.596697
0.141986 0.123121 0.597897
0.142117 0.124209 0.597152
0.142256 0.122800 0.598095
0.142451 0.122648 0.599806
0.142001 0.123434 0.599850
0.142124 0.122947 0.599972
0.142494 0.123419 0.599503
0.142866 0.123532 0.601004
0.142098 0.122687 0.601590
0.142633 0.123464 0.602337
0.142569 0.122339 0.601592
0.142080 0.123525 0.603291
0.142958 0.123056 0.602415
0.142980 0.123683 0.604048
0.142881 0.123583 0.603867
0.143464 0.123007 0.604793
0.142455 0.123466 0.605012
0.142778 0.122301 0.605338
0.141242 0.122944 0.606506
0.142573 0.122867 0.606880
0.141792 0.123646 0.607143
0.142184 0.122705 0.607082
0.141861 0.123020 0.608162
0.141824 0.122662 0.608110
0.141606 0.123061 0.608929
0.140858 0.122879 0.608795
0.141367 0.122801 0.610971
0.141724 0.123020 0.611011
0.140792 0.123682 0.610540
0.141215 0.123024 0.610626
0.140887 0.122626 0.612271
0.141071 0.123002 0.612372
0.140481 0.123513 0.613564
0.140240 0.123519 0.613274
0.139974 0.122800 0.614129
0.139863 0.123064 0.614763
0.139595 0.123296 0.614878
0.139977 0.123494 0.615466
0.139718 0.124153 0.616088
0.138988 0.123439 0.616729
0.139386 0.123044 0.616047
0.138801 0.123452 0.615655
0.138877 0.123166 0.617483
0.138110 0.124183 0.617468
0.138255 0.122959 0.618232
0.137861 0.123042 0.619064
0.138310 0.123076 0.619301
0.137678 0.123465 0.620015
0.137646 0.122837 0.619953
0.136034 0.124543 0.620612
0.137060 0.122573 0.620484
0.136651 0.124024 0.620498
0.135919 0.123408 0.621498
0.135728 0.123211 0.621545
0.136200 0.123361 0.622673
0.135975 0.122643 0.623741
0.135463 0.123015 0.623368
0.134684 0.123320 0.624189
0.134517 0.122537 0.624523
0.134279 0.123506 0.624625
0.134339 0.122631 0.625337
0.134281 0.123177 0.625929
0.133557 0.123269 0.626333
0.132910 0.123102 0.625890
0.132252 0.123388 0.626858
0.133337 0.122365 0.626888
0.132240 0.123388 0.628028
0.131992 0.123984 0.627928
0.131655 0.123008 0.627895
0.130552 0.123120 0.629297
0.130792 0.124429 0.628687
0.130864 0.122788 0.630185
0.130516 0.123479 0.629124
0.130710 0.123042 0.630727
0.129692 0.123166 0.629964
0.129378 0.124053 0.630483
0.128844 0.123678 0.631295
0.127417 0.123928 0.630551
0.127530 0.123579 0.631919
0.127196 0.123156 0.631832
0.126930 0.123569 0.632010
0.127767 0.123214 0.632607
0.126751 0.123081 0.633216
0.125975 0.122913 0.634137
0.125135 0.123044 0.633661
0.125274 0.123008 0.634496
0.125839 0.122800 0.634770
0.124367 0.123454 0.635018
0.125198 0.122711 0.634699
0.123713 0.122198 0.634815
0.123235 0.123556 0.634878
0.123112 0.122971 0.636081
0.122976 0.123433 0.635785
0.121666 0.123887 0.636442
0.121365 0.123931 0.635454
0.121289 0.123744 0.636241
0.121215 0.126936 0.562841
0.122304 0.126063 0.563463
0.121813 0.126703 0.564004
0.123435 0.126785 0.564111
0.122710 0.126950 0.564605
0.123730 0.126375 0.564316
0.123422 0.126610 0.565086
0.124527 0.126431 0.564972
0.124726 0.126490 0.565037
0.126011 0.126806 0.565207
0.125258 0.125629 0.565210
0.126153 0.126110 0.566638
0.125679 0.126762 0.566293
0.127319 0.126420 0.566342
0.127503 0.127183 0.567007
0.127949 0.127269 0.568195
0.127482 0.126695 0.567272
0.127179 0.127328 0.568285
0.127830 0.126072 0.569078
0.129602 0.125998 0.568403
0.129078 0.125594 0.568955
0.129525 0.126217 0.569712
0.128815 0.127634 0.569002
0.130914 0.127564 0.569650
0.130403 0.126905 0.570360
0.131463 0.126441 0.570078
0.131800 0.126647 0.570783
0.132048 0.126874 0.571483
0.131404 0.127428 0.571855
0.131880 0.127222 0.572464
0.132910 0.126376 0.572276
0.133479 0.125871 0.573391
0.133591 0.126363 0.573147
0.133227 0.126480 0.573813
0.133846 0.126631 0.575350
0.133552 0.126719 0.574762
0.134434 0.126670 0.574626
0.134973 0.126869 0.575294
0.135590 0.126714 0.576543
0.135859 0.125983 0.576400
0.134728 0.126420 0.576248
0.135597 0.125308 0.576894
0.136014 0.127082 0.578573
0.137483 0.126637 0.578616
0.136648 0.126622 0.578658
0.137188 0.126920 0.579065
0.136727 0.126788 0.579864
0.137087 0.126827 0.579648
0.137788 0.126140 0.580227
0.137214 0.126604 0.580255
0.137345 0.126575 0.581322
0.138170 0.126727 0.581006
0.138077 0.126664 0.582690
0.139058 0.126783 0.583180
0.139124 0.126733 0.582725
0.139310 0.125993 0.583127
0.139584 0.127182 0.582966
0.138935 0.125590 0.584278
0.139878 0.126499 0.585136
0.138706 0.126286 0.585133
0.140720 0.127431 0.584938
0.139997 0.127110 0.586041
0.139870 0.127152 0.586665
0.140143 0.125818 0.586062
0.140368 0.125657 0.588132
0.140399 0.126548 0.588196
0.140518 0.127185 0.587558
0.140555 0.126485 0.588472
0.141291 0.127409 0.588971
0.142290 0.127026 0.589109
0.141250 0.125811 0.589881
0.141715 0.126951 0.590269
0.142164 0.126622 0.591035
0.141696 0.126225 0.590992
0.141337 0.126300 0.591757
0.141911 0.126255 0.592819
0.141722 0.126553 0.593242
0.142223 0.126404 0.593375
0.142154 0.127310 0.593866
0.141668 0.126833 0.594784
0.141954 0.126389 0.594682
0.142442 0.126135 0.596044
0.142902 0.126448 0.596968
0.142534 0.126295 0.596195
0.142956 0.126442 0.596850
0.141797 0.126207 0.597908
0.143564 0.126370 0.598625
0.142342 0.126466 0.598020
0.142825 0.126191 0.599191
0.143036 0.126152 0.598776
0.142269 0.126437 0.599813
0.143326 0.126541 0.600719
0.141970 0.126287 0.601090
0.142033 0.127027 0.601993
0.142577 0.127436 0.601663
0.141911 0.126210 0.603230
0.141688 0.126757 0.603219
0.142058 0.126517 0.603824
0.142569 0.125882 0.603301
0.142981 0.126688 0.606094
0.142336 0.126317 0.605759
0.141401 0.126712 0.605310
0.142101 0.126502 0.606012
0.141609 0.127198 0.607046
0.140778 0.127176 0.607776
0.141504 0.126544 0.607799
0.142148 0.125457 0.608312
0.141206 0.126494 0.609271
0.141119 0.125984 0.609394
0.141385 0.125996 0.609818
0.141844 0.126418 0.610956
0.140935 0.127027 0.611035
0.141209 0.127352 0.611594
0.141517 0.125835 0.611116
0.140945 0.127129 0.613265
0.140240 0.125610 0.612123
0.139378 0.127187 0.612771
0.139542 0.125867 0.612619
0.140096 0.126669 0.613220
0.140337 0.126315 0.614204
0.139607 0.126266 0.614830
0.140099 0.125433 0.614928
0.139880 0.125792 0.615851
0.138769 0.127051 0.615524
0.139959 0.126391 0.616700
0.138680 0.126295 0.617191
0.138892 0.126619 0.617914
0.138107 0.126197 0.617445
0.138185 0.127057 0.619014
0.137710 0.125934 0.618653
0.137443 0.125841 0.619011
0.136988 0.126074 0.619425
0.137870 0.127098 0.620421
0.136992 0.126432 0.620004
0.136983 0.126953 0.620586
0.136874 0.126015 0.621867
0.136180 0.126352 0.621619
0.135745 0.127299 0.622697
0.135110 0.126137 0.623074
0.135103 0.125911 0.623508
0.135252 0.126610 0.623651
0.134935 0.126492 0.624536
0.134451 0.126946 0.625284
0.134488 0.126521 0.624991
0.133970 0.125848 0.624107
0.133696 0.127017 0.626368
0.133998 0.126531 0.625763
0.132386 0.126312 0.626915
0.131881 0.127249 0.625659
0.132820 0.126815 0.626442
0.132002 0.126635 0.627897
0.131949 0.125992 0.628215
0.132174 0.126870 0.629003
0.129564 0.126428 0.628520
0.130751 0.127536 0.629083
0.130748 0.126685 0.628474
0.130921 0.127057 0.630719
0.128756 0.126859 0.629541
0.130122 0.127245 0.630562
0.128878 0.126771 0.630051
0.129593 0.126510 0.631197
0.128127 0.127214 0.631016
0.128493 0.125891 0.631774
0.126715 0.126441 0.632803
0.127573 0.126232 0.632142
0.126933 0.126695 0.632649
0.126051 0.126564 0.633438
0.125828 0.127289 0.634044
0.125651 0.126436 0.633978
0.125208 0.126140 0.633604
0.124269 0.125704 0.633697
0.124398 0.127119 0.634247
0.124526 0.125523 0.635509
0.122784 0.126748 0.635160
0.123867 0.126819 0.635761
0.122940 0.126046 0.635546
0.121497 0.125886 0.636331
0.122216 0.126403 0.636493
0.121462 0.126131 0.636906
0.121399 0.126541 0.636969
0.121303 0.129836 0.563034
0.121906 0.129604 0.563771
0.122023 0.129522 0.563883
0.122177 0.129748 0.564061
0.123512 0.129464 0.564916
0.123054 0.130268 0.564730
0.123681 0.129782 0.563941
0.124809 0.130096 0.565167
0.124402 0.130555 0.565345
0.124691 0.130448 0.564654
0.126027 0.130106 0.566388
0.125919 0.129833 0.566242
0.126716 0.129608 0.566572
0.126142 0.129957 0.566990
0.126620 0.130268 0.566792
0.127811 0.129787 0.567311
0.127388 0.129995 0.567916
0.128111 0.130171 0.568741
0.128516 0.130753 0.569364
0.129204 0.129294 0.569275
0.129252 0.129826 0.568682
0.130231 0.130024 0.569194
0.129049 0.130319 0.570395
0.130440 0.129677 0.569901
0.130899 0.131036 0.570628
0.131412 0.129679 0.571038
0.131096 0.129478 0.571562
0.132248 0.129095 0.571720
0.131593 0.130410 0.571268
0.132302 0.129626 0.571692
0.133314 0.129762 0.572692
0.133183 0.130826 0.572593
0.133907 0.129278 0.573537
0.133592 0.129877 0.573685
0.133407 0.130403 0.574788
0.133403 0.129633 0.574308
0.134799 0.130193 0.574969
0.134664 0.128640 0.575087
0.135130 0.129699 0.576832
0.135440 0.130745 0.575828
0.135422 0.129849 0.576274
0.136305 0.129651 0.577398
0.135421 0.129383 0.578121
0.136416 0.129519 0.578618
0.136233 0.129632 0.578538
0.137082 0.130091 0.578938
0.137600 0.130062 0.578608
0.137780 0.130026 0.580503
0.138442 0.129975 0.579913
0.138509 0.129660 0.581472
0.137996 0.130294 0.581386
0.138357 0.128909 0.581872
0.138176 0.130462 0.582527
0.138510 0.129068 0.581789
0.139169 0.129744 0.582702
0.139067 0.130177 0.584001
0.138904 0.130322 0.583571
0.139137 0.129890 0.583722
0.139164 0.130287 0.584192
0.139974 0.129767 0.585072
0.139527 0.129789 0.586237
0.139879 0.129478 0.586761
0.140339 0.129210 0.586030
0.141087 0.129864 0.587215
0.140320 0.129626 0.587249
0.140719 0.130305 0.587238
0.140693 0.129512 0.588746
0.141567 0.128967 0.588409
0.140971 0.130547 0.589230
0.141535 0.130853 0.589851
0.141388 0.130475 0.590108
0.141258 0.130131 0.590544
0.141627 0.130028 0.590236
0.141784 0.130475 0.592339
0.141639 0.129640 0.592973
0.142076 0.130764 0.593127
0.141713 0.130397 0.593337
0.142252 0.130707 0.593835
0.141420 0.129675 0.593964
0.141487 0.129780 0.593832
0.142416 0.130540 0.594241
0.141602 0.130330 0.595788
0.141887 0.130122 0.596065
0.142048 0.129095 0.596450
0.142680 0.129366 0.597471
0.141633 0.130364 0.597952
0.142333 0.130178 0.598828
0.142759 0.128371 0.598896
0.143003 0.129897 0.598906
0.142455 0.130132 0.599515
0.142081 0.129660 0.600609
0.142210 0.129609 0.600349
0.142199 0.130069 0.601050
0.142589 0.129766 0.602009
0.141709 0.129747 0.601882
0.142438 0.129946 0.602434
0.141791 0.130272 0.603227
0.142244 0.130071 0.603975
0.142239 0.130249 0.603401
0.141910 0.128748 0.605124
0.142186 0.129974 0.605887
0.141422 0.129895 0.605577
0.141555 0.130019 0.606440
0.141995 0.129428 0.606338
0.140540 0.129849 0.607826
0.141754 0.129263 0.607322
0.141393 0.130100 0.607718
0.141068 0.129576 0.609422
0.141303 0.129327 0.609542
0.141727 0.130008 0.610533
0.141451 0.129723 0.609338
0.141090 0.130011 0.610476
0.139967 0.128873 0.611517
0.140987 0.129935 0.611257
0.140509 0.129429 0.612180
0.140136 0.128334 0.612326
0.140778 0.130092 0.612761
0.139691 0.129557 0.613175
0.140587 0.129957 0.614252
0.140217 0.130129 0.615404
0.139665 0.129699 0.615618
0.139022 0.130416 0.615109
0.139778 0.129932 0.615239
0.139299 0.130707 0.615740
0.138717 0.129724 0.617107
0.138916 0.129168 0.617424
0.138046 0.129131 0.618328
0.138692 0.130099 0.617687
0.138684 0.129557 0.618709
0.137327 0.129932 0.618652
0.137821 0.129303 0.618900
0.137113 0.129900 0.619888
0.137661 0.130276 0.620473
0.136528 0.129804 0.620771
0.136899 0.129791 0.620348
0.136491 0.129414 0.620707
0.135750 0.129835 0.622272
0.136085 0.130437 0.622383
0.136801 0.130314 0.622602
0.135822 0.129857 0.622900
0.135381 0.130243 0.623868
0.134824 0.129233 0.624997
0.135823 0.129853 0.624638
0.134345 0.129568 0.624360
0.133779 0.130517 0.626064
0.133128 0.129230 0.625840
0.133122 0.129444 0.626806
0.133554 0.129361 0.626498
0.132315 0.129923 0.626918
0.132794 0.129802 0.627171
0.132889 0.129419 0.627432
0.131676 0.129786 0.627681
0.132502 0.130454 0.628316
0.131344 0.131211 0.628243
0.129899 0.130060 0.628535
0.130482 0.130603 0.628541
0.130344 0.130581 0.630247
0.129827 0.130226 0.630057
0.130009 0.130328 0.630610
0.129243 0.129756 0.631237
0.128848 0.128809 0.630568
0.128701 0.130180 0.631457
0.127506 0.130004 0.632728
0.127721 0.130030 0.631285
0.128192 0.130736 0.632993
0.126722 0.129825 0.632677
0.126695 0.129567 0.633313
0.126389 0.129281 0.633512
0.126701 0.130172 0.633889
0.125308 0.129669 0.633389
0.124614 0.129925 0.634526
0.124615 0.130604 0.634981
0.124401 0.130874 0.634120
0.123718 0.129580 0.634353
0.123382 0.129070 0.635777
0.123083 0.130181 0.635854
0.122564 0.129923 0.635655
0.121574 0.129365 0.635561
0.121889 0.129110 0.636576
0.121200 0.129927 0.637204
0.121037 0.133321 0.563000
0.121289 0.132502 0.562771
0.121491 0.133337 0.564161
0.122743 0.132455 0.564439
0.123324 0.132878 0.563911
0.123933 0.133363 0.564702
0.124032 0.133424 0.565821
0.124678 0.133012 0.564973
0.123577 0.132452 0.565260
0.125447 0.132620 0.565462
0.124942 0.133329 0.566003
0.125724 0.132894 0.566451
0.125478 0.133687 0.566170
0.126846 0.134051 0.567081
0.127061 0.132916 0.567655
0.127120 0.132797 0.567541
0.128118 0.132900 0.568120
0.127895 0.133743 0.567741
0.128482 0.132980 0.567759
0.128496 0.133337 0.569104
0.130181 0.133611 0.569389
0.129202 0.133766 0.570156
0.129603 0.132097 0.569769
0.130596 0.132789 0.571135
0.130853 0.132254 0.570272
0.131148 0.133255 0.571257
0.130252 0.134046 0.572402
0.130892 0.132766 0.571604
0.133324 0.134133 0.571430
0.131812 0.132708 0.571137
0.132316 0.132860 0.573238
0.132676 0.133555 0.573344
0.132740 0.132603 0.573243
0.133040 0.132891 0.573782
0.133839 0.132691 0.574517
0.135138 0.133548 0.574645
0.134876 0.133422 0.575191
0.134162 0.133631 0.575456
0.135710 0.134310 0.575638
0.135609 0.134265 0.576631
0.136015 0.133604 0.577459
0.136312 0.133555 0.576715
0.135702 0.133616 0.578099
0.135910 0.133760 0.578522
0.136478 0.133072 0.578063
0.137336 0.133318 0.578724
0.137338 0.134326 0.579014
0.136633 0.133796 0.579761
0.138440 0.132315 0.579367
0.137497 0.134727 0.580489
0.137895 0.133136 0.581186
0.138360 0.132873 0.581804
0.138794 0.133274 0.581265
0.138475 0.132991 0.582263
0.138504 0.134885 0.583392
0.138980 0.133947 0.583006
0.140499 0.133668 0.583571
0.139607 0.133201 0.584054
0.140387 0.133454 0.584649
0.139974 0.132988 0.585307
0.139670 0.133626 0.585848
0.139276 0.132755 0.585547
0.140381 0.132722 0.586972
0.139794 0.132828 0.587432
0.141242 0.133075 0.587063
0.140667 0.134220 0.587993
0.141401 0.132738 0.588024
0.140716 0.132729 0.589826
0.141313 0.132944 0.589397
0.141547 0.133380 0.589641
0.141565 0.134637 0.590159
0.142072 0.133574 0.590602
0.140814 0.133278 0.591244
0.141947 0.133535 0.592413
0.140868 0.133745 0.592105
0.142273 0.133511 0.593428
0.141645 0.134183 0.593615
0.142355 0.133332 0.594344
0.142222 0.133415 0.595250
0.141102 0.133722 0.594780
0.142950 0.133638 0.595242
0.142331 0.134805 0.595985
0.142244 0.134241 0.596532
0.143105 0.132930 0.596856
0.142442 0.132895 0.596713
0.142589 0.132182 0.597684
0.142436 0.132706 0.599226
0.143211 0.133603 0.598090
0.141926 0.133778 0.598657
0.141877 0.133401 0.599881
0.141211 0.133136 0.600493
0.142765 0.133306 0.601285
0.142494 0.133105 0.601424
0.142037 0.132644 0.601625
0.142678 0.134688 0.602617
0.142252 0.133282 0.602849
0.141474 0.132895 0.602643
0.142465 0.133602 0.603876
0.142188 0.133045 0.604382
0.141456 0.132758 0.604244
0.141352 0.133596 0.605313
0.141328 0.133356 0.606127
0.142394 0.133924 0.605612
0.142675 0.132549 0.606225
0.142369 0.133614 0.606090
0.141422 0.131940 0.608066
0.142602 0.133268 0.608524
0.141206 0.134158 0.609233
0.140919 0.132964 0.609921
0.141561 0.133067 0.609749
0.140580 0.132734 0.609138
0.140746 0.132944 0.610502
0.141432 0.132584 0.611212
0.141677 0.133423 0.611311
0.141605 0.133420 0.611393
0.140899 0.133012 0.612183
0.140387 0.132526 0.613713
0.140406 0.133866 0.613043
0.140357 0.133818 0.614106
0.141511 0.133961 0.615263
0.138830 0.134625 0.614849
0.139626 0.132492 0.615544
0.139394 0.132903 0.616432
0.138345 0.133268 0.616289
0.138881 0.133356 0.616644
0.139371 0.133451 0.617386
0.137946 0.133431 0.617664
0.138229 0.133835 0.618183
0.137714 0.133567 0.617813
0.138579 0.133867 0.619207
0.138276 0.133849 0.620158
0.138290 0.132362 0.619434
0.136650 0.133187 0.620375
0.137220 0.133937 0.621159
0.136940 0.133362 0.620978
0.135958 0.133789 0.621948
0.135895 0.133802 0.621877
0.135841 0.133302 0.621143
0.136154 0.134238 0.622408
0.135776 0.132955 0.623678
0.135976 0.132703 0.624003
0.135893 0.133704 0.624174
0.134670 0.133020 0.624552
0.133908 0.132594 0.624699
0.135613 0.132932 0.624914
0.134260 0.134030 0.626182
0.133549 0.132920 0.626246
0.132863 0.133945 0.626353
0.133557 0.134196 0.627904
0.132506 0.133599 0.627042
0.133378 0.133313 0.627297
0.131688 0.132928 0.628177
0.131417 0.132854 0.628556
0.131396 0.133170 0.629169
0.130461 0.133462 0.629850
0.130656 0.133462 0.629272
0.130287 0.133974 0.629484
0.129700 0.133265 0.630903
0.129563 0.133999 0.630649
0.128265 0.133698 0.631187
0.128176 0.133877 0.631362
0.129039 0.132837 0.630869
0.128480 0.133756 0.631657
0.127608 0.133187 0.630744
0.128106 0.133522 0.633033
0.128035 0.132440 0.633510
0.125290 0.133307 0.632772
0.125879 0.132727 0.632960
0.125056 0.133753 0.633415
0.126257 0.133083 0.634304
0.125425 0.133279 0.634168
0.124679 0.133362 0.635145
0.123486 0.133377 0.635135
0.124292 0.133725 0.634810
0.123592 0.133377 0.635428
0.123156 0.134069 0.635867
0.122235 0.132783 0.635303
0.122352 0.132745 0.635834
0.123196 0.132714 0.636750
0.121302 0.132839 0.636724
0.121145 0.136593 0.563261
0.122154 0.137348 0.563834
0.121966 0.135262 0.564323
0.122300 0.136851 0.563751
0.122556 0.136016 0.564816
0.123820 0.136689 0.564769
0.124360 0.137134 0.565339
0.125119 0.136269 0.565489
0.123693 0.136249 0.565114
0.125113 0.136946 0.565572
0.124509 0.136966 0.565395
0.125113 0.136205 0.566274
0.126224 0.136685 0.566443
0.126319 0.136332 0.567065
0.126966 0.135986 0.566979
0.127451 0.137390 0.567541
0.127594 0.136838 0.567857
0.128345 0.136707 0.568266
0.128993 0.136386 0.568912
0.128566 0.136546 0.569707
0.129264 0.137069 0.569474
0.129544 0.136765 0.569367
0.130650 0.136613 0.569102
0.130252 0.136138 0.570486
0.130687 0.137068 0.569677
0.131534 0.136590 0.570232
0.131474 0.137188 0.571232
0.130833 0.136461 0.571185
0.131209 0.137184 0.572073
0.131407 0.136669 0.572421
0.132046 0.136396 0.572121
0.132034 0.136607 0.574544
0.132745 0.137620 0.573890
0.133496 0.136445 0.574719
0.133742 0.136093 0.574043
0.133878 0.137261 0.574572
0.135535 0.136888 0.574785
0.134719 0.136562 0.574892
0.135376 0.136377 0.575388
0.135470 0.136734 0.576548
0.136199 0.136655 0.576436
0.135591 0.136428 0.575812
0.136121 0.137094 0.577259
0.136519 0.137559 0.578372
0.137367 0.136248 0.578625
0.136895 0.136219 0.578593
0.137622 0.136752 0.578861
0.137351 0.136801 0.579948
0.138460 0.136651 0.579952
0.137550 0.136869 0.580792
0.137456 0.136534 0.581103
0.138955 0.136597 0.581805
0.138862 0.136670 0.581401
0.139184 0.137714 0.582012
0.140087 0.136113 0.583117
0.138836 0.135787 0.583540
0.138984 0.136339 0.583471
0.139665 0.137359 0.584902
0.139192 0.136925 0.584109
0.139352 0.137130 0.586280
0.140489 0.136369 0.585263
0.140336 0.136811 0.585172
0.139928 0.136786 0.586580
0.140379 0.136915 0.585993
0.140751 0.135894 0.588121
0.141695 0.136635 0.587803
0.140900 0.137640 0.588520
0.141083 0.136936 0.588430
0.141614 0.135982 0.589046
0.141091 0.136576 0.590000
0.141202 0.136343 0.590313
0.142091 0.136315 0.591216
0.141504 0.136589 0.591716
0.140705 0.136939 0.591916
0.142344 0.136123 0.592581
0.141863 0.136776 0.592745
0.141834 0.135725 0.593227
0.142660 0.136597 0.593886
0.142776 0.137570 0.595045
0.142028 0.136485 0.594608
0.142909 0.137017 0.594568
0.142242 0.136265 0.595800
0.142914 0.137045 0.596687
0.142370 0.136983 0.596517
0.142429 0.137003 0.597226
0.142232 0.136128 0.597360
0.143087 0.137604 0.598307
0.142850 0.136919 0.599977
0.142801 0.136423 0.599000
0.142321 0.136452 0.599565
0.143050 0.136243 0.600032
0.142397 0.137574 0.600015
0.142091 0.136183 0.601617
0.141940 0.136812 0.602037
0.142007 0.136175 0.602031
0.142728 0.136009 0.602754
0.142021 0.136944 0.602532
0.142356 0.137461 0.603323
0.142062 0.137149 0.602956
0.141886 0.135453 0.605043
0.141898 0.136102 0.605353
0.142092 0.137118 0.605760
0.141755 0.136909 0.605906
0.141838 0.137108 0.607161
0.141906 0.136888 0.607674
0.141628 0.136321 0.607461
0.141870 0.137016 0.608168
0.141351 0.136212 0.608728
0.141637 0.135039 0.609050
0.142180 0.136829 0.609268
0.141580 0.137368 0.610311
0.141468 0.136833 0.610817
0.141292 0.136803 0.611501
0.140881 0.136571 0.612015
0.141244 0.136776 0.611744
0.139794 0.136085 0.613317
0.141133 0.136196 0.612517
0.140996 0.136139 0.613810
0.141455 0.137167 0.614180
0.139534 0.135483 0.613770
0.140196 0.137410 0.614539
0.138912 0.136162 0.615541
0.139047 0.137522 0.615187
0.139610 0.136187 0.616525
0.138464 0.137414 0.615920
0.138756 0.136410 0.618153
0.138757 0.136121 0.618118
0.137905 0.136297 0.618032
0.138480 0.136631 0.619171
0.137606 0.135373 0.618687
0.138484 0.136170 0.619681
0.136508 0.136882 0.619858
0.137874 0.136566 0.620265
0.136728 0.136771 0.621045
0.136577 0.136033 0.620907
0.136934 0.137226 0.622311
0.136915 0.136263 0.621999
0.135961 0.136900 0.622872
0.135723 0.137356 0.623821
0.136061 0.137423 0.623665
0.134899 0.136854 0.623362
0.135384 0.135565 0.624823
0.135095 0.137504 0.624798
0.134749 0.136695 0.625258
0.134057 0.136071 0.624494
0.133984 0.136670 0.625238
0.133619 0.136543 0.626307
0.133696 0.136087 0.627349
0.133310 0.136967 0.627913
0.131818 0.135791 0.627325
0.132507 0.136351 0.626834
0.131527 0.137779 0.626737
0.131464 0.136344 0.628361
0.131970 0.136278 0.627685
0.130815 0.136867 0.627797
0.130642 0.137220 0.628811
0.129659 0.137937 0.630240
0.130749 0.136965 0.630039
0.129786 0.136998 0.630569
0.128979 0.137386 0.631433
0.129287 0.136068 0.630424
0.128849 0.136943 0.632016
0.128990 0.136808 0.631944
0.127230 0.136101 0.632173
0.126729 0.136977 0.632636
0.126894 0.135740 0.633322
0.126965 0.136342 0.632901
0.126328 0.136824 0.633222
0.125207 0.136069 0.633929
0.125850 0.136168 0.634027
0.124216 0.135758 0.634287
0.124853 0.136673 0.634372
0.124841 0.136232 0.635103
0.123603 0.137035 0.635371
0.122440 0.136300 0.634509
0.123201 0.136640 0.636439
0.122941 0.136534 0.636486
0.122694 0.136413 0.635917
0.121854 0.136052 0.636122
0.121197 0.136843 0.636773
0.122156 0.139899 0.563219
0.121434 0.139925 0.562483
0.122239 0.140257 0.563363
0.121584 0.140071 0.563817
0.122513 0.140306 0.564823
0.123804 0.139872 0.564680
0.123437 0.139671 0.564689
0.124055 0.139938 0.564878
0.124920 0.139364 0.565690
0.124569 0.139987 0.565635
0.124794 0.140500 0.566262
0.125553 0.140182 0.565819
0.125329 0.141009 0.566460
0.126806 0.139726 0.567405
0.128710 0.140287 0.567071
0.127886 0.140752 0.567249
0.126969 0.140364 0.567148
0.127957 0.140319 0.567311
0.128437 0.140467 0.568585
0.128680 0.140626 0.569348
0.129850 0.139746 0.569419
0.129698 0.140246 0.569128
0.129946 0.139310 0.569393
0.131418 0.139885 0.570336
0.130733 0.139715 0.570916
0.130241 0.139293 0.570669
0.131614 0.139547 0.571220
0.132405 0.140058 0.572085
0.131900 0.139565 0.572280
0.131381 0.139761 0.572489
0.133021 0.140077 0.572927
0.132997 0.140445 0.573319
0.132682 0.139816 0.573939
0.132870 0.140326 0.575039
0.133627 0.140286 0.573801
0.134048 0.140635 0.574885
0.133859 0.139239 0.574011
0.134230 0.140196 0.575448
0.134971 0.139529 0.577075
0.134812 0.139104 0.576912
0.135410 0.139904 0.576806
0.136104 0.140420 0.576253
0.136064 0.139706 0.577860
0.136792 0.139883 0.577861
0.137470 0.139339 0.578187
0.137123 0.140651 0.579412
0.137785 0.140866 0.579329
0.137854 0.141185 0.580351
0.137943 0.139483 0.580220
0.138027 0.140176 0.580839
0.138310 0.140294 0.581022
0.137992 0.140275 0.580973
0.138021 0.139664 0.581380
0.139684 0.139044 0.581987
0.139308 0.140054 0.582415
0.139543 0.139110 0.582841
0.138873 0.139787 0.583578
0.139625 0.141126 0.584538
0.140166 0.139762 0.585992
0.139719 0.140934 0.585409
0.139633 0.140477 0.585695
0.141405 0.139807 0.585893
0.140226 0.140497 0.585903
0.139791 0.140292 0.586206
0.140721 0.140466 0.586521
0.141365 0.139619 0.586901
0.141285 0.139620 0.588366
0.141835 0.140797 0.589571
0.140684 0.139474 0.589536
0.141282 0.139828 0.589128
0.140993 0.140065 0.590493
0.141521 0.139795 0.591065
0.142248 0.139165 0.591915
0.141804 0.140203 0.592037
0.142296 0.140551 0.591875
0.142186 0.139959 0.592882
0.142443 0.139746 0.593626
0.141741 0.139494 0.594036
0.142885 0.140423 0.594219
0.141548 0.139738 0.595047
0.142500 0.140142 0.595591
0.142345 0.140078 0.595468
0.141859 0.140881 0.595535
0.143014 0.139510 0.596075
0.142001 0.140452 0.597013
0.142515 0.139922 0.597391
0.142521 0.140552 0.598402
0.142949 0.139957 0.598360
0.141541 0.139777 0.599528
0.142937 0.140376 0.600139
0.142400 0.140748 0.599696
0.142418 0.140933 0.599786
0.142488 0.139778 0.600780
0.141951 0.139707 0.601765
0.142003 0.140487 0.602330
0.143013 0.139751 0.604007
0.141772 0.139719 0.604026
0.142211 0.139930 0.603547
0.141646 0.140147 0.603999
0.142003 0.140274 0.605049
0.141916 0.139327 0.604966
0.142003 0.139909 0.606147
0.142236 0.140345 0.606371
0.141669 0.140934 0.605438
0.141994 0.140214 0.607337
0.141548 0.140774 0.606482
0.141605 0.140132 0.607979
0.141042 0.140557 0.608824
0.140968 0.140433 0.609195
0.141306 0.139434 0.609597
0.141324 0.139795 0.610470
0.140984 0.139709 0.610860
0.139741 0.139864 0.610743
0.142116 0.139917 0.611436
0.141195 0.140351 0.612570
0.140990 0.140250 0.612310
0.140565 0.140286 0.612955
0.140755 0.139979 0.613795
0.140088 0.140021 0.614203
0.140140 0.140594 0.614192
0.139247 0.139433 0.614996
0.139430 0.139959 0.615277
0.139291 0.139445 0.615492
0.139304 0.140148 0.616085
0.138444 0.140367 0.616932
0.139093 0.139678 0.616521
0.138781 0.140583 0.617709
0.139315 0.138986 0.619349
0.138592 0.139314 0.618380
0.137253 0.140942 0.619011
0.138156 0.139976 0.618964
0.137322 0.139468 0.619873
0.137179 0.140430 0.621253
0.137303 0.140003 0.620565
0.136161 0.139955 0.622064
0.136709 0.140412 0.620760
0.136286 0.139408 0.620983
0.136366 0.140228 0.622176
0.136450 0.140323 0.622241
0.135569 0.139518 0.622170
0.134988 0.140410 0.623644
0.134962 0.139334 0.624370
0.134521 0.139797 0.624754
0.134965 0.140405 0.625048
0.133347 0.140582 0.625009
0.133459 0.139355 0.625311
0.133560 0.139690 0.626203
0.133532 0.140169 0.625843
0.132876 0.139891 0.626351
0.132971 0.140270 0.627560
0.131612 0.140349 0.627459
0.131276 0.139578 0.627973
0.131629 0.139859 0.628903
0.131424 0.139202 0.628745
0.131049 0.140974 0.629751
0.130532 0.139485 0.628801
0.129700 0.139355 0.630286
0.130047 0.140051 0.629808
0.129874 0.140170 0.630931
0.129370 0.139449 0.631372
0.129001 0.139876 0.631514
0.128946 0.140251 0.631078
0.128106 0.140159 0.631086
0.128353 0.139449 0.632888
0.127399 0.139601 0.631836
0.126919 0.139272 0.633287
0.127203 0.140067 0.633410
0.126457 0.139953 0.632908
0.124998 0.140279 0.633763
0.124264 0.140500 0.633398
0.124704 0.139789 0.634329
0.124780 0.139479 0.634772
0.124032 0.140965 0.634815
0.123371 0.140394 0.635459
0.122628 0.139465 0.636250
0.123103 0.140004 0.635189
0.122981 0.139706 0.634854
0.122019 0.140500 0.636664
0.120729 0.139250 0.636116
0.120762 0.140254 0.636392
